elapsed_seconds,optimization_approximate_kl,optimization_clip_fraction,optimization_count_loss,optimization_early_kl_stop,optimization_entropy_coefficient,optimization_epochs_completed,optimization_learning_rate_fraction,optimization_loss,optimization_normalized_entropy,optimization_policy_loss,optimization_q_loss,optimization_value_loss,rollout_best_objective,rollout_feasible_rate,rollout_mean_objective,rollout_reward_scale,rollout_std_objective,rollout_transitions,rollout_vectorized_rollouts,self_imitation_loss,update,validation_archive_best_objective,validation_best_of_k_objective,validation_deterministic_objective,validation_fixed_validation_seed,validation_mean_stochastic_objective,validation_selection_metric,validation_selection_objective,validation_std_stochastic_objective
6.875641828999505,0.015588148872969517,0.20438639322916666,1.9546463936567307,0.0,0.0199525,4.0,0.9975,0.07666093079994123,0.7771859007577101,-0.008426345360931009,0.019847672321702703,0.0017539809693213708,186247.407,1.0,149934.61484375002,9.554170288443626e-07,18428.825137107066,5696.0,1.0,,1,186247.407,207328.20224999997,0.0,70000042,171901.79140000002,best_of_k,207328.20224999997,15171.921194795641
6.953180421995057,0.011929925160075072,0.1505126953125,1.7940991446375847,0.0,0.019905,4.0,0.995,0.06292000715620816,0.8062413409352303,-0.010825582799346497,0.00031875212941182934,0.00011398013399836297,195669.12625,1.0,166582.08116015626,9.554170288443626e-07,16314.433189811232,5696.0,1.0,,2,,,,,,,,
6.842086267002742,0.01012349560187431,0.13863118489583334,1.8060100053747494,0.0,0.0198575,4.0,0.9925,0.06396823190152645,0.821636771162351,-0.010074275342049077,0.00014105782353605414,8.710444641716701e-05,214918.36174999998,1.0,188345.624484375,9.554170288443626e-07,13963.21371082977,5696.0,1.0,,3,,,,,,,,
6.873364977000165,0.008256239641923457,0.13313802083333334,1.8652242869138718,0.0,0.01981,4.0,0.99,0.06750158379630496,0.8169569335877895,-0.009624966129194945,0.00010623481042178658,7.72551489565861e-05,228583.00049999997,1.0,201684.1140390625,9.554170288443626e-07,13320.724184586548,5696.0,1.0,,4,,,,,,,,
6.965875484995195,0.007861879976796141,0.1158447265625,1.8816720296939213,0.0,0.0197625,4.0,0.9875,0.07094826394071181,0.8059113038082918,-0.00725971989838096,9.216951715037187e-05,8.396888764157968e-05,239467.66775000002,1.0,211222.31385546876,9.554170288443626e-07,13141.453076434596,5696.0,1.0,,5,,,,,,,,
6.937864942003216,0.00942095398689465,0.15995279947916666,1.8250479350487392,0.0,0.019715,4.0,0.985,0.06571464929341649,0.7973247220118841,-0.00988848703370119,9.95478421828011e-05,0.00012007893027051371,253438.35924999998,1.0,223533.31481640623,9.554170288443626e-07,10487.421647594045,5696.0,1.0,,6,,,,,,,,
6.879563196998788,0.008294542734802235,0.125,1.8051020950078964,0.0,0.0196675,4.0,0.9825,0.06832175798869382,0.7711890588204066,-0.00679878087733717,7.153778900222581e-05,5.128178978945167e-05,254912.3965,1.0,235045.09490625,9.554170288443626e-07,8767.485290751922,5696.0,1.0,,7,,,,,,,,
6.897830314999737,0.009807558223352922,0.140625,1.703786554435889,0.0,0.019620000000000002,4.0,0.98,0.06040735649488246,0.752155639231205,-0.010051147313788533,6.169335999099228e-05,4.059700995640014e-05,258282.60025,1.0,242934.3173515625,9.554170288443626e-07,8288.470933040102,5696.0,1.0,,8,,,,,,,,
6.731244934999268,0.008843016946533075,0.131103515625,1.6424914821982384,0.0,0.0195725,4.0,0.9775,0.05873998956910024,0.7297907297809919,-0.009116131851139167,4.181620670351549e-05,2.2385749730347015e-05,267870.2235,1.0,250759.28862109376,9.554170288443626e-07,7265.454788335637,5696.0,1.0,,9,,,,,,,,
7.455284531999496,0.009726075103875095,0.13785807291666666,1.5150838146607082,0.0,0.019525,4.0,0.975,0.06021821778267622,0.7130911089479923,-0.001633476485343029,4.953927668793767e-05,3.13048061570953e-05,270404.5505,1.0,254765.72371484374,9.554170288443626e-07,7113.88305402736,5696.0,1.0,1.9147474765777588,10,,,,,,,,
6.795018805001746,0.014810975391204314,0.21354166666666666,1.4988285551468532,0.0,0.019477500000000002,4.0,0.9725,0.06661946000531316,0.6824201593796412,0.004938702516180153,5.8202227630014626e-05,5.0693721050265594e-05,271436.30199999997,1.0,261139.630984375,9.554170288443626e-07,6819.356239882762,5696.0,1.0,,11,,,,,,,,
6.75170132999483,0.009940600778160539,0.13643391927083334,1.4833243613441784,0.0,0.01943,4.0,0.97,0.05588590512828281,0.6645940964420637,-0.0054369529825635254,0.00011799939007535916,0.00011580331192817539,277639.30724999995,1.0,266694.72401562496,9.554170288443626e-07,4849.070600491656,5696.0,1.0,,12,,,,,,,,
6.760482248995686,0.007588853464161123,0.0982666015625,1.363537681599458,0.0,0.0193825,4.0,0.9675,0.04654878119860465,0.6463270746171474,-0.009576094715157524,0.0021429849796277267,0.0005222523362438855,279204.293,1.0,269502.351109375,9.554170288443626e-07,4566.426369524882,5696.0,1.0,,13,,,,,,,,
6.833544218003226,0.007416732389174285,0.10054524739583333,1.3537533308068912,0.0,0.019335,4.0,0.965,0.0504406500258483,0.6099258971711,-0.005790777620859444,0.001297191002474089,0.00041391501709616324,284094.62425000005,1.0,272676.18390234374,9.554170288443626e-07,4591.8423427784555,5696.0,1.0,,14,,,,,,,,
6.689341716999479,0.010140154426456624,0.0986328125,1.2988470618923504,0.0,0.0192875,4.0,0.9625,0.051314294803887606,0.5965838481982549,-0.0024662699822025993,0.0013076063828521,0.0004281219439879654,286067.41925,1.0,274021.55120703124,9.554170288443626e-07,5103.54778296717,5696.0,1.0,,15,,,,,,,,
6.735038840000925,0.0077864184919841746,0.09989420572916667,1.3141988491018612,0.0,0.01924,4.0,0.96,0.058486830831194915,0.5804177050789198,0.003908608535615106,0.00022771872636440094,2.5483736142935715e-05,286193.38025,1.0,276139.74878515623,9.554170288443626e-07,4773.15203293507,5696.0,1.0,,16,,,,,,,,
6.81288849900011,0.009703497902592062,0.1162109375,1.3154858499765396,0.0,0.0191925,4.0,0.9575,0.05711967833728219,0.5659000258892775,0.002198668575147167,3.4605053182682845e-05,8.58487717891876e-06,282206.64599999995,1.0,275690.64075781254,9.554170288443626e-07,4659.641223266311,5696.0,1.0,,17,,,,,,,,
6.763076465998893,0.008238678414272727,0.095703125,1.2749484131733577,0.0,0.019145,4.0,0.955,0.04989152099005878,0.5580660949150721,-0.003176886927879726,1.485366010456346e-05,7.3531845430352405e-06,284609.71425,1.0,277285.20412890625,9.554170288443626e-07,3973.7634846016217,5696.0,1.0,,18,,,,,,,,
6.71021285399911,0.009664955446169188,0.11043294270833333,1.1844266777237256,0.0,0.0190975,4.0,0.9525,0.046332717834350966,0.5417340360581875,-0.0025481266784481704,1.4065623039035321e-05,7.737345375365598e-06,288041.877,1.0,279725.5809921875,9.554170288443626e-07,3684.40179379115,5696.0,1.0,,19,,,,,,,,
7.498523282003589,0.01138362510581222,0.13374837239583334,1.1927560543020566,0.0,0.01905,4.0,0.95,0.05151915996490667,0.5465757213532925,0.002288329570243756,1.2707191236434786e-05,8.04706888857254e-06,289262.28200000006,1.0,281429.73302343744,9.554170288443626e-07,3661.6965983566124,5696.0,1.0,1.4454779624938965,20,289262.28200000006,289327.82499999995,289388.15849999996,70000042,285212.2321083333,best_of_k,289327.82499999995,2891.341505395023
6.834249938998255,0.00788539904147001,0.09285481770833333,1.183211584885915,0.0,0.019002500000000002,4.0,0.9475,0.04268746799789369,0.522218414892753,-0.006553484796313569,1.1307360836099178e-05,5.3958511993338716e-06,288408.94574999996,1.0,282774.76100781246,9.554170288443626e-07,2824.6822687866065,5696.0,1.0,,21,,,,,,,,
6.7497577690010075,0.010075790985373109,0.11865234375,1.1518553843100865,0.0,0.018955,4.0,0.945,0.053319728875067085,0.5015469503899416,0.005230408908876901,1.0555539432743899e-05,4.63196482295795e-06,289585.56775,1.0,284492.80207421875,9.554170288443626e-07,3171.8082011476085,5696.0,1.0,,22,,,,,,,,
6.689263284002664,0.006789533337534219,0.08447265625,1.0705970898270607,0.0,0.0189075,4.0,0.9425,0.04607782561409598,0.4922053298602502,0.0018510929076001048,8.498375933641e-06,4.798216158026965e-06,292765.42225,1.0,286187.53605468746,9.554170288443626e-07,2506.0519501453878,5696.0,1.0,,23,,,,,,,,
6.382212712996989,0.013638767863287486,0.1442599826388889,1.0034325106276407,1.0,0.018860000000000002,3.0,0.94,0.04952954622502956,0.48358568880293107,0.008473286702711549,1.9064032497024324e-05,6.304787322935428e-06,292737.6585,1.0,287699.5744453125,9.554170288443626e-07,2126.077754406515,5696.0,1.0,,24,,,,,,,,
6.081028875996708,0.016463450240432092,0.15877278645833334,1.0388730367024739,1.0,0.0188125,2.0,0.9375,0.0731143926968798,0.48377696921428043,0.030264677247032523,2.8581157456149715e-05,8.517807600583183e-06,291999.12275000004,1.0,286992.1034140625,9.554170288443626e-07,3124.455900170461,5696.0,1.0,,25,,,,,,,,
6.016988447001495,0.015135606972914198,0.14493815104166666,1.0073020458221436,1.0,0.018765,2.0,0.935,0.04315383899180839,0.46992167830467224,0.0015943965797002118,8.968606804652761e-05,6.903288730579031e-06,292420.45524999994,1.0,287218.834953125,9.554170288443626e-07,2943.5695490054477,5696.0,1.0,,26,,,,,,,,
6.764513263005938,0.009771923329594756,0.12744140625,1.0408177264034748,0.0,0.0187175,4.0,0.9325,0.04765323768757904,0.44669444610675174,0.00396377428357179,7.013953800575716e-05,5.13211056822153e-06,293774.73675,1.0,287918.8801640625,9.554170288443626e-07,2858.0040925949775,5696.0,1.0,,27,,,,,,,,
5.990064022000297,0.012701437995247034,0.11360677083333333,0.9418031672636668,1.0,0.01867,2.0,0.9299999999999999,0.049942381641206644,0.43977848812937737,0.011059485608711839,1.1908801809568104e-05,4.420238838065416e-06,293138.21699999995,1.0,288381.0818671875,9.554170288443626e-07,2580.3417370123216,5696.0,1.0,,28,,,,,,,,
6.638785276001727,0.015112778093149851,0.15108235677083334,0.9077567892769972,1.0,0.0186225,4.0,0.9275,0.04503919632406905,0.4485017644862334,0.007992449235947182,7.349648702377938e-05,7.562274457010669e-06,294088.4355,1.0,288065.53747265623,9.554170288443626e-07,2560.3318211467117,5696.0,1.0,,29,,,,,,,,
7.331792386001325,0.008728829219914283,0.10628255208333333,0.8868565559387207,0.0,0.018575,4.0,0.925,0.03571617970010266,0.44397460855543613,-0.00047335643709326786,0.0005495651561962708,7.715998876278718e-05,292888.30449999997,1.0,287862.45966796874,9.554170288443626e-07,2615.5203279545976,5696.0,1.0,1.139138102531433,30,,,,,,,,
6.750697442999808,0.00795518497386638,0.0872802734375,0.940747819840908,0.0,0.018527500000000002,4.0,0.9225,0.04261139398052668,0.4273722041398287,0.0034733131954756877,3.203184979838625e-05,3.1249641182284904e-05,294643.40975,1.0,288915.38712890627,9.554170288443626e-07,2551.3753971192086,5696.0,1.0,,31,,,,,,,,
6.825550435001787,0.010853356958932636,0.12276204427083333,0.8626854916413625,0.0,0.01848,4.0,0.92,0.04446599909958119,0.41724661861856777,0.0090337375489374,1.397849430873066e-05,1.4611060995169586e-05,293774.93875000003,1.0,289093.59871484374,9.554170288443626e-07,2265.8777590143823,5696.0,1.0,,32,,,,,,,,
6.7346590560046025,0.011151537084572283,0.10335286458333333,0.8229696527123451,0.0,0.0184325,4.0,0.9175,0.041848732730917014,0.41125125748415786,0.008276665903395042,7.686965517450517e-06,6.406175174333839e-06,293450.41725,1.0,289245.2241523437,9.554170288443626e-07,2647.757481003653,5696.0,1.0,,33,,,,,,,,
6.710268911003368,0.008270963483444879,0.09842936197916667,0.8252296522259712,0.0,0.018385,4.0,0.915,0.03041926448349841,0.41178178911407787,-0.003279710557156553,4.988079762332139e-05,6.224089512822199e-06,294528.08574999997,1.0,288913.2339335937,9.554170288443626e-07,2747.696426567905,5696.0,1.0,,34,,,,,,,,
6.74670884799707,0.008484162619841603,0.09724934895833333,0.7939824896554152,0.0,0.0183375,4.0,0.9125,0.03109353036658528,0.3855233956128359,-0.001573354898331066,0.0003496109338054036,4.6678267816939e-06,293861.30650000006,1.0,289671.9747695313,9.554170288443626e-07,2233.4521543226733,5696.0,1.0,,35,,,,,,,,
6.76409614100703,0.011776846594576304,0.12386067708333333,0.8287067574759325,0.0,0.01829,4.0,0.91,0.03960720974525126,0.38055831380188465,0.0050620302790775895,0.0006775716772722262,4.991397588582913e-06,294272.78449999995,1.0,289760.80955468747,9.554170288443626e-07,2472.796183513115,5696.0,1.0,,36,,,,,,,,
6.750086134998128,0.00920912521964586,0.10868326822916667,0.7376048291722933,0.0,0.018242500000000002,4.0,0.9075,0.03135268952852736,0.3724380700538556,0.001197812962345779,0.000646299903110048,8.41158701329429e-06,294316.26,1.0,290168.8051601562,9.554170288443626e-07,2357.4507513402737,5696.0,1.0,,37,,,,,,,,
6.6407670810003765,0.007826983282200217,0.09444173177083333,0.7337854566673437,0.0,0.018195,4.0,0.905,0.030603174420927342,0.3834715286890666,0.000877665612885418,0.00011577244626437277,3.845798417501101e-06,295343.43075,1.0,290386.69271093747,9.554170288443626e-07,2584.3453189994084,5696.0,1.0,,38,,,,,,,,
6.767436827998608,0.004913514823205863,0.058349609375,0.7583406021197637,0.0,0.0181475,4.0,0.9025,0.031125395093113184,0.3715524810055892,-7.8067658857132e-05,0.00027447573381778057,3.465924161597892e-06,295001.68425,1.0,290261.29042187496,9.554170288443626e-07,2229.2132301145402,5696.0,1.0,,39,,,,,,,,
7.382210417999886,0.011535523310120274,0.12109375,0.7662587215503057,0.0,0.0181,4.0,0.9,0.035307025061532236,0.36348389461636543,0.003566302747155229,4.564557804087599e-05,4.559641373210373e-06,294998.5399999999,1.0,290497.50152343756,9.554170288443626e-07,2379.532506914178,5696.0,1.0,0.9776210784912109,40,295343.43075,295510.86375,293416.77774999995,70000042,293583.5609583333,best_of_k,295510.86375,1077.4606427359338
6.7379117509990465,0.004901025270262001,0.0572509765625,0.7112542825440565,0.0,0.0180525,4.0,0.8975,0.03129312798652487,0.3616096017261346,0.00225552442134358,6.378707581689014e-06,4.417140066455734e-06,294793.5779999999,1.0,290519.94776171877,9.554170288443626e-07,2561.3078425675953,5696.0,1.0,,41,,,,,,,,
6.610824490002415,0.007347581413734853,0.08308919270833333,0.6679910607635975,0.0,0.018005,4.0,0.895,0.027812357351649553,0.35425091596941155,0.000788960043185701,7.589432736191763e-06,2.74428853686004e-06,296039.20399999997,1.0,290818.72428125,9.554170288443626e-07,2541.136744802578,5696.0,1.0,,42,,,,,,,,
6.019911750001484,0.014923600300496295,0.13761393229166666,0.7050126617153486,1.0,0.0179575,2.0,0.8925,0.033110498799942434,0.35190725947419804,0.004177061355827997,5.147738230940983e-06,3.3270899848503177e-06,295115.244,1.0,290742.63169921876,9.554170288443626e-07,2141.421059025112,5696.0,1.0,,43,,,,,,,,
6.732419514999492,0.010580869024967873,0.11083984375,0.752383237083753,0.0,0.017910000000000002,4.0,0.89,0.0392607707666078,0.3455765557785829,0.007825763275225958,2.824860079897462e-05,4.5933667962572144e-06,295086.4375,1.0,290913.080796875,9.554170288443626e-07,2009.8606038327246,5696.0,1.0,,44,,,,,,,,
6.902481910998176,0.008463566252084812,0.09269205729166667,0.7221106564005216,0.0,0.0178625,4.0,0.8875,0.02670185233000666,0.3481183710197608,-0.0031885948847047985,1.2897631487855202e-05,3.777862038608267e-06,295195.1625,1.0,291101.91342968744,9.554170288443626e-07,1943.271150833388,5696.0,1.0,,45,,,,,,,,
6.775405161002709,0.007530512038082786,0.08675130208333333,0.6810950276752313,0.0,0.017815,4.0,0.885,0.02803124224495453,0.3469944341729085,0.00014097678164641062,0.00016259628402319018,1.9180921384531757e-06,294959.67624999996,1.0,290957.2798671875,9.554170288443626e-07,2161.9246270065682,5696.0,1.0,,46,,,,,,,,
6.672395895999216,0.007742855255725563,0.08402506510416667,0.7322406967480978,0.0,0.017767500000000002,4.0,0.8825000000000001,0.03697366542958965,0.3479069198171298,0.005180690340542545,0.013555367962908349,1.3678427938164836e-05,294683.316,1.0,290799.5247265625,9.554170288443626e-07,2093.4789392299117,5696.0,1.0,,47,,,,,,,,
6.78394500700233,0.010000956718888196,0.10343424479166667,0.7409408278763294,0.0,0.01772,4.0,0.88,0.033535746741108596,0.340972871830066,0.0012262177381974955,0.011918404078642197,0.00022537151782368406,294458.2115,1.0,291065.7936679687,9.554170288443626e-07,1995.4461325859772,5696.0,1.0,,48,,,,,,,,
6.771868178002478,0.009331538638302087,0.1005859375,0.7126374989748001,0.0,0.0176725,4.0,0.8775,0.033280948196382575,0.3418791610747576,0.003425058889357994,0.0010068038509227033,0.00033038444094775815,295096.6945,1.0,290847.53119140625,9.554170288443626e-07,1885.3741920792056,5696.0,1.0,,49,,,,,,,,
7.378230813003029,0.011350900722457405,0.11893717447916667,0.7566894292831421,0.0,0.017625000000000002,4.0,0.875,0.029654762358404696,0.3426065742969513,-0.002159782045055181,0.00010171723103743109,1.6683889484170322e-05,295137.79000000004,1.0,290655.38125,9.554170288443626e-07,2153.599373008838,5696.0,1.0,0.9068222045898438,50,,,,,,,,
6.678692289999162,0.0201005942198762,0.14945475260416666,0.7216311581432819,1.0,0.0175775,4.0,0.8725,0.04706436536313655,0.34456802656253177,0.01703653661146139,9.606089501327611e-06,3.906773343942405e-06,295302.62374999997,1.0,290978.8627773437,9.554170288443626e-07,2123.4872760071257,5696.0,1.0,,51,,,,,,,,
6.751459876999434,0.008952210659160187,0.10209147135416667,0.746238241593043,0.0,0.01753,4.0,0.87,0.03837701873271726,0.3400573922942082,0.007023710194819917,8.267403823462397e-06,3.548087131359049e-06,295479.81,1.0,291176.8683984375,9.554170288443626e-07,1882.3526310367226,5696.0,1.0,,52,,,,,,,,
6.688559752998117,0.006203356421105847,0.07784016927083333,0.7098345371584097,0.0,0.0174825,4.0,0.8674999999999999,0.024238268660459045,0.3435416699697574,-0.005249712994555011,6.566175073885461e-06,3.1288238299490936e-06,294976.05649999995,1.0,290810.37884375,9.554170288443626e-07,2038.8838922017412,5696.0,1.0,,53,,,,,,,,
6.6336469869929715,0.0076296810732022395,0.08622233072916667,0.7410554314653078,0.0,0.017435,4.0,0.865,0.02862399357642668,0.32909129032244283,-0.002692964393645525,5.659413081578653e-06,2.6523103050143013e-06,294900.517,1.0,291005.38029296877,9.554170288443626e-07,1788.1706809566406,5696.0,1.0,,54,,,,,,,,
6.410437994993117,0.010391630568411378,0.0871310763888889,0.7179242041375902,1.0,0.0173875,3.0,0.8625,0.03510614824740009,0.33257126228676903,0.004990611587547594,5.28527813356858e-06,2.759836781428425e-06,294410.5815,1.0,290994.5219296875,9.554170288443626e-07,1735.5152114025914,5696.0,1.0,,55,,,,,,,,
6.7828375159951975,0.006844982824761796,0.07975260416666667,0.6801972401638826,0.0,0.01734,4.0,0.86,0.033599535517472155,0.3321968087305625,0.005348315297548349,4.56162498115494e-06,2.387191531264913e-06,294026.16425,1.0,290927.1301875,9.554170288443626e-07,1801.7997350292549,5696.0,1.0,,56,,,,,,,,
6.76127989700035,0.009493246171141815,0.10400390625,0.7204667354623476,0.0,0.017292500000000002,4.0,0.8575,0.030527510689959552,0.32441129100819427,0.00011241591225067775,4.723285618031999e-06,2.3345701715508462e-06,294515.71449999994,1.0,290602.66874218744,9.554170288443626e-07,1719.3822660837818,5696.0,1.0,,57,,,,,,,,
6.7935071750034695,0.008523386176790382,0.09602864583333333,0.7059162271519502,0.0,0.017245,4.0,0.855,0.031036477759092424,0.31766445996860665,0.0012173357148033876,4.209533230437046e-06,2.0658899681317657e-06,295156.08925,1.0,290654.2123671875,9.554170288443626e-07,1875.774305859325,5696.0,1.0,,58,,,,,,,,
6.4493551420018775,0.01573568205152911,0.1408420138888889,0.6962903837362925,1.0,0.0171975,3.0,0.8525,0.04202130127749923,0.3115463736984465,0.01256314822886553,3.952803713976512e-06,2.1135150929138845e-06,294799.2065,1.0,290634.1655664062,9.554170288443626e-07,1910.5625184332348,5696.0,1.0,,59,,,,,,,,
7.379345305002062,0.0063230924674305316,0.0772705078125,0.6646832538147768,0.0,0.017150000000000002,4.0,0.85,0.03465887544249805,0.3214905460675557,0.006936805458584179,4.251914106134791e-06,2.0888743061201844e-06,295484.07499999995,1.0,290891.92188281246,9.554170288443626e-07,1796.5628773500343,5696.0,1.0,0.9473356604576111,60,296039.20399999997,295349.741,294298.1127499999,70000042,293874.4106833333,best_of_k,295349.741,1003.5008632470945
6.734331034000206,0.010842917293501841,0.10640462239583333,0.6606358488400778,0.0,0.0171025,4.0,0.8475,0.032217704778304324,0.3334332226465146,0.004886774443245183,5.02915831646078e-06,2.352246625036969e-06,295023.109,1.0,290800.35132421873,9.554170288443626e-07,2047.2754854958023,5696.0,1.0,,61,,,,,,,,
6.740862724996987,0.006415051968436576,0.07572428385416667,0.6754118800163269,0.0,0.017055,4.0,0.845,0.019377102405996993,0.32207235880196095,-0.008902384511505565,4.787496526622211e-06,2.7141056619939263e-06,295019.47125,1.0,290688.837515625,9.554170288443626e-07,2029.1877633447573,5696.0,1.0,,62,,,,,,,,
6.7114204130048165,0.013752178011278223,0.1270751953125,0.6528313631812731,1.0,0.017007500000000002,4.0,0.8425,0.02775481956390043,0.31632033983866376,0.0004910268471576273,4.741701066753497e-06,3.136172727143579e-06,294109.47475,1.0,290981.11512499995,9.554170288443626e-07,1880.4011099982915,5696.0,1.0,,63,,,,,,,,
6.670524712004408,0.007864408597754391,0.09041341145833333,0.5823163265983263,0.0,0.01696,4.0,0.84,0.02394587565989544,0.3107331357896328,9.82484392200907e-05,4.514069876411971e-06,2.7852853179410886e-06,295793.8589999999,1.0,291184.87640234374,9.554170288443626e-07,2075.993488149802,5696.0,1.0,,64,,,,,,,,
6.7263076010058285,0.009284217688010207,0.09883626302083333,0.6105845135947069,0.0,0.0169125,4.0,0.8375,0.029082249917943653,0.31705054206152755,0.003913879200505714,3.5773523450188804e-06,1.8086904323884785e-06,295294.626,1.0,291156.77938671876,9.554170288443626e-07,1815.0825705324503,5696.0,1.0,,65,,,,,,,,
6.720125645995722,0.004794494437279677,0.057779947916666664,0.5671261822183927,0.0,0.016865,4.0,0.835,0.016182278137421235,0.3178994860500097,-0.006813828581168006,3.4570103035017987e-06,1.6523931497166207e-06,294933.604,1.0,291375.6963554687,9.554170288443626e-07,2092.6230123454375,5696.0,1.0,,66,,,,,,,,
6.6638334059971385,0.005949733402774863,0.07124837239583333,0.6022626509269079,0.0,0.0168175,4.0,0.8325,0.03190653632433774,0.3134320906052987,0.007063151599140838,5.620862732295488e-06,1.6687207988752562e-06,295265.75424999994,1.0,291435.1763671875,9.554170288443626e-07,1817.3782366776074,5696.0,1.0,,67,,,,,,,,
6.61063636799372,0.012304737378049898,0.12158203125,0.5940526860455672,0.0,0.01677,4.0,0.83,0.031032510897299897,0.3146753093848626,0.006605333415791392,5.405005239822458e-06,2.2146494605597886e-06,295316.21225,1.0,291090.5056796875,9.554170288443626e-07,2090.1519265784773,5696.0,1.0,,68,,,,,,,,
6.005362415999116,0.01495609890512147,0.14558919270833334,0.6150266056259474,1.0,0.0167225,2.0,0.8275,0.041473575499063976,0.2955148828526338,0.015655660167491686,1.8156295008490513e-05,1.3032947099607858e-05,295630.1155,1.0,291454.9586875,9.554170288443626e-07,1727.8975328284287,5696.0,1.0,,69,,,,,,,,
7.4508774200003245,0.01024480781295504,0.10481770833333333,0.6258174168566862,0.0,0.016675000000000002,4.0,0.825,0.02502574700823364,0.29568110903104144,-0.001340998550100873,1.2659239937799308e-05,1.0181146208765313e-05,295132.937,1.0,291512.8521328125,9.554170288443626e-07,1828.4203177359364,5696.0,1.0,0.950616717338562,70,,,,,,,,
5.747395630001847,0.021992005009200472,0.17659505208333334,0.6282637665669123,1.0,0.0166275,1.0,0.8225,0.0388343205753093,0.2985457479953766,0.012363206750402847,4.378678469644607e-05,3.523383175737157e-05,295555.2335,1.0,291375.4159609375,9.554170288443626e-07,1916.4487339945551,5696.0,1.0,,71,,,,,,,,
6.805711894994602,0.008293104868066337,0.08138020833333333,0.6229743994772434,0.0,0.01658,4.0,0.8200000000000001,0.0344838148545629,0.2919813987488548,0.008130699997612586,0.00022629853460405988,4.5632957871077906e-05,294724.5985,1.0,291325.408078125,9.554170288443626e-07,1494.5816192459909,5696.0,1.0,,72,,,,,,,,
6.611043311997491,0.008199533959443764,0.08243815104166667,0.6013941653072834,0.0,0.016532500000000002,4.0,0.8175,0.03171904334643235,0.30013867529730004,0.006598353623606575,8.365733147286392e-05,9.314511440076481e-06,295194.777,1.0,291354.80682031246,9.554170288443626e-07,1797.0357541044225,5696.0,1.0,,73,,,,,,,,
6.360870475000411,0.017451120650553282,0.1384006076388889,0.6055402027236091,1.0,0.016485,3.0,0.815,0.03305617087365439,0.30088642405139077,0.0077375004895859295,7.493018794472543e-06,2.04686935805714e-06,294481.64475,1.0,291205.7336992187,9.554170288443626e-07,1809.1768934908807,5696.0,1.0,,74,,,,,,,,
6.77302593299828,0.007616757253998685,0.06778971354166667,0.692495538542668,0.0,0.0164375,4.0,0.8125,0.02346166855810831,0.28896240641673404,-0.006415297122051318,6.146469573309332e-06,2.7836862509881635e-06,295159.53024999995,1.0,291007.4788007812,9.554170288443626e-07,1912.3539688743645,5696.0,1.0,,75,,,,,,,,
6.639382605004357,0.011730960139703464,0.11027018229166667,0.671674362073342,0.0,0.016390000000000002,4.0,0.81,0.03369401892996393,0.2902911628286044,0.004866902425419539,3.4220092288705928e-06,1.8540449649625164e-06,294867.81549999997,1.0,291382.32476953126,9.554170288443626e-07,1861.7583790665249,5696.0,1.0,,76,,,,,,,,
6.282912253998802,0.016411351578974456,0.1420355902777778,0.6901123606496387,1.0,0.0163425,3.0,0.8075,0.03604396223090589,0.297089658677578,0.006392362708639767,2.9952580323171988e-06,1.7384959044698512e-06,295191.93474999996,1.0,290994.2139414062,9.554170288443626e-07,1817.8647466392786,5696.0,1.0,,77,,,,,,,,
6.757022142002825,0.008958631029940989,0.08772786458333333,0.7034959581991037,0.0,0.016295,4.0,0.8049999999999999,0.02790720373741351,0.3009993756810824,-0.0023638291556077697,2.8482901039221056e-06,1.468492875744687e-06,295490.11449999997,1.0,290965.6819179687,9.554170288443626e-07,1756.5472145830704,5696.0,1.0,,78,,,,,,,,
6.775151435002044,0.010867354210898128,0.09749348958333333,0.6548249199986458,0.0,0.0162475,4.0,0.8025,0.030797928329169128,0.2960759277145068,0.0028660561850604913,2.8748586847389865e-06,1.662397655384969e-06,294954.06200000003,1.0,291028.8130664063,9.554170288443626e-07,1741.009188128093,5696.0,1.0,,79,,,,,,,,
7.45326068400027,0.010521110111553137,0.11149088541666667,0.6523462384939194,0.0,0.0162,4.0,0.8,0.03500702991732396,0.3007671528806289,0.007260838484702011,3.0928417800168972e-06,1.99477423971454e-06,295154.76649999997,1.0,291325.3112226562,9.554170288443626e-07,1863.9849183519732,5696.0,1.0,0.9398477673530579,80,296039.20399999997,296152.80299999996,293260.16225000005,70000042,294099.21660833334,best_of_k,296152.80299999996,867.5853797153691
6.7612153199952445,0.00655042547559385,0.08133951822916667,0.6001433171331882,0.0,0.0161525,4.0,0.7975,0.023792110635743786,0.29655453003942966,-0.0014259101493128885,2.667389352950522e-06,1.3702671495252616e-06,295276.53899999993,1.0,291539.5893945312,9.554170288443626e-07,2073.8888063047957,5696.0,1.0,,81,,,,,,,,
6.470288082004117,0.013651861649669349,0.11762152777777778,0.5347152733140521,1.0,0.016105,3.0,0.795,0.024152329269175727,0.29312007625897724,0.002136273387198647,2.377752628667117e-06,1.5054959874305496e-06,294940.68724999996,1.0,291524.87560156244,9.554170288443626e-07,1724.7102087461844,5696.0,1.0,,82,,,,,,,,
6.822526304000348,0.007695627140647569,0.08614095052083333,0.5608876198530197,0.0,0.016057500000000002,4.0,0.7925,0.026651637696583446,0.2895633752147357,0.003255933969436834,2.2969812268532528e-06,1.5150401727244873e-06,295338.49124999996,1.0,291552.07775390625,9.554170288443626e-07,1745.6890536035833,5696.0,1.0,,83,,,,,,,,
6.832855410000775,0.006005784222082866,0.063232421875,0.5817461013793945,0.0,0.01601,4.0,0.79,0.03173072670081941,0.2886086938281854,0.007263144400591652,2.4111459685135137e-06,1.31970931960268e-06,295719.27924999996,1.0,291528.1062304687,9.554170288443626e-07,1856.7045388692272,5696.0,1.0,,84,,,,,,,,
6.913284472000669,0.00802087391815931,0.08170572916666667,0.561865666260322,0.0,0.0159625,4.0,0.7875,0.029643032505797844,0.2900195987895131,0.006178293920432528,2.200382643498718e-06,1.3455306534145468e-06,295066.93125,1.0,291542.2354492187,9.554170288443626e-07,1791.0818056882827,5696.0,1.0,,85,,,,,,,,
6.8205551209975965,0.009760335450964183,0.10526529947916667,0.51132892879347,0.0,0.015915,4.0,0.785,0.029830517237617944,0.2930823105076949,0.008927430142648518,2.5585147630143488e-06,1.5791494926512921e-06,295345.17775,1.0,291591.978765625,9.554170288443626e-07,2408.523607821389,5696.0,1.0,,86,,,,,,,,
6.77329194900085,0.007272641163818132,0.08744303385416667,0.492174103235205,0.0,0.0158675,4.0,0.7825,0.024771333953443293,0.2860745374734203,0.00470058002974838,2.9384104702027494e-06,2.0833751932514133e-06,295595.586,1.0,291373.9491445313,9.554170288443626e-07,2017.7120056866268,5696.0,1.0,,87,,,,,,,,
6.810062456999731,0.012383795671414788,0.12544759114583334,0.5124646952996651,0.0,0.01582,4.0,0.78,0.021134084119694307,0.28803588449954987,6.643912638537586e-05,2.797205093922154e-06,1.71536656760433e-06,295474.85000000003,1.0,291590.777640625,9.554170288443626e-07,2015.2474257126578,5696.0,1.0,,88,,,,,,,,
6.78192546399805,0.006518824246847761,0.07173665364583333,0.49915931435922783,0.0,0.015772500000000002,4.0,0.7775,0.016627378208795562,0.2861419928570588,-0.0038188930290440717,2.8575308069396974e-06,2.387346095626223e-06,295395.43499999994,1.0,291767.1880078125,9.554170288443626e-07,1980.0762164469324,5696.0,1.0,,89,,,,,,,,
7.421455639996566,0.006569716800274961,0.068359375,0.519219875956575,0.0,0.015725,4.0,0.775,0.02505275036673993,0.2853960931921999,0.0035709539467158415,6.2634551269979966e-06,1.605789359615528e-05,295435.70574999996,1.0,291719.8060820312,9.554170288443626e-07,1887.189455224201,5696.0,1.0,0.9755622148513794,90,,,,,,,,
6.847443987004226,0.008274102383177015,0.08036295572916667,0.5210630682607492,0.0,0.0156775,4.0,0.7725,0.024332674647060532,0.28879068481425446,0.0028048952614578107,1.1191660748958535e-05,2.0452199602042733e-06,295360.17874999996,1.0,291750.52013281244,9.554170288443626e-07,1733.0388637267333,5696.0,1.0,,91,,,,,,,,
6.822954484996444,0.008747371401989076,0.0848388671875,0.5352702190478643,0.0,0.01563,4.0,0.77,0.025388819456566125,0.2972704724719127,0.0032703339432676635,4.389650025397411e-06,1.7451394522064827e-06,294829.50574999995,1.0,291620.12540624995,9.554170288443626e-07,1771.9018807232321,5696.0,1.0,,92,,,,,,,,
6.752914427997894,0.006854079712981094,0.07539876302083333,0.5531748346984386,0.0,0.015582499999999999,4.0,0.7675,0.021318746148608625,0.29309430345892906,-0.0017737793580939372,2.659694279335175e-06,1.3186458218683583e-06,295204.507,1.0,291833.755921875,9.554170288443626e-07,1742.0698641459428,5696.0,1.0,,93,,,,,,,,
6.7261280180027825,0.009579039300762204,0.08121744791666667,0.5408053596814474,0.0,0.015535,4.0,0.765,0.026181047830808286,0.30116380502780277,0.0038184047831843295,2.6681346554369156e-06,1.3732943244804119e-06,295323.37525,1.0,291724.9574804687,9.554170288443626e-07,1841.7761517712129,5696.0,1.0,,94,,,,,,,,
6.86663514799875,0.006438538408829094,0.060994466145833336,0.49906157453854877,0.0,0.015487500000000001,4.0,0.7625,0.01793013232721326,0.3011595370868842,-0.002359544664310912,1.9549434805791557e-06,1.22106884485144e-06,295293.8775,1.0,292031.54706640623,9.554170288443626e-07,1600.0347076087137,5696.0,1.0,,95,,,,,,,,
6.956817447004141,0.00843555157633702,0.08732096354166667,0.5069685131311417,0.0,0.01544,4.0,0.76,0.03315412028071781,0.3036507125943899,0.012493245303630829,1.8747871924536714e-06,1.256872664612274e-06,294824.85650000005,1.0,291560.7949882812,9.554170288443626e-07,1718.0391805791703,5696.0,1.0,,96,,,,,,,,
6.930704172998958,0.00650224092470945,0.07609049479166667,0.5105923426647981,0.0,0.0153925,4.0,0.7575000000000001,0.026383672278219212,0.3050137081493934,0.005548104158757876,2.2214395585251623e-06,1.302819268763263e-06,294888.98725,1.0,291549.31760546874,9.554170288443626e-07,1654.8923866294028,5696.0,1.0,,97,,,,,,,,
6.973177563006175,0.006959807203942366,0.08113606770833333,0.5448334192236265,0.0,0.015345000000000001,4.0,0.755,0.02457989282750835,0.29969473741948605,0.001935695530846715,2.5050817598071262e-06,2.1818115527594273e-06,295184.64175,1.0,291490.1878320312,9.554170288443626e-07,1950.5476921079812,5696.0,1.0,,98,,,,,,,,
6.791258652003307,0.007799672733790193,0.09187825520833333,0.5407115730146567,0.0,0.0152975,4.0,0.7525,0.01786521326478881,0.2998035804678996,-0.004585176589898765,1.8041239518614323e-06,1.7509574069170715e-06,295009.468,1.0,291614.93512499996,9.554170288443626e-07,1852.7297768273434,5696.0,1.0,,99,,,,,,,,
7.461090293996676,0.005273160270684585,0.060953776041666664,0.5425730415930351,0.0,0.01525,4.0,0.75,0.02853526801724608,0.2885363595560193,0.005805867840535939,1.643669231536175e-06,1.5245888794387004e-06,294773.6152499999,1.0,291671.42900390626,9.554170288443626e-07,1546.2250049077031,5696.0,1.0,0.9221614003181458,100,296039.20399999997,295965.58674999996,294731.15875,70000042,294464.4123999999,best_of_k,295965.58674999996,874.2653546438366
6.836659631997463,0.010890368634560943,0.08544921875,0.4864947808285554,0.0,0.0152025,4.0,0.7475,0.02003621988114901,0.29713979984323186,0.00022735171175251404,2.8527529138955288e-06,2.2207673708862785e-06,295409.67024999997,1.0,291781.16455859377,9.554170288443626e-07,1843.2178237179758,5696.0,1.0,,101,,,,,,,,
6.844119666006009,0.010466847556254303,0.10738118489583333,0.4339902171244224,0.0,0.015155,4.0,0.745,0.02944360889766055,0.2929486396412055,0.01218295308838909,1.8832335347459168e-06,1.1841661506177086e-06,295738.59875,1.0,291871.88385937497,9.554170288443626e-07,1768.4930175536665,5696.0,1.0,,102,,,,,,,,
6.878343201999087,0.005390877330177328,0.0584716796875,0.5097722249726454,0.0,0.0151075,4.0,0.7424999999999999,0.025597200272992875,0.29573846732576686,0.004575727100018412,1.7647586858515751e-06,1.1066077725274681e-06,295509.9682500001,1.0,291701.88933593745,9.554170288443626e-07,1738.440554236096,5696.0,1.0,,103,,,,,,,,
6.784425824000209,0.00634758326048986,0.062337239583333336,0.5035082679241896,0.0,0.01506,4.0,0.74,0.013628190160185719,0.30305057515700656,-0.006984270895676066,2.0805119452423546e-06,1.5623906672127912e-06,295611.095,1.0,291798.39738281246,9.554170288443626e-07,1815.0059707298876,5696.0,1.0,,104,,,,,,,,
6.8425561519979965,0.006574942384101945,0.06599934895833333,0.47250370991726715,0.0,0.015012500000000002,4.0,0.7375,0.024899804033339024,0.2998075932264328,0.005774252562938879,2.6098719511461845e-06,1.930581467727658e-06,295237.52425,1.0,291947.00625,9.554170288443626e-07,1839.2652142086238,5696.0,1.0,,105,,,,,,,,
6.082275991997449,0.019617170210953105,0.133544921875,0.5157759860157967,1.0,0.014965,2.0,0.735,0.03194095008075237,0.3000957518815994,0.010642060039875409,2.1884002829134865e-06,1.6089898717079147e-06,295550.9155,1.0,291578.9204960937,9.554170288443626e-07,1849.4099934258293,5696.0,1.0,,106,,,,,,,,
6.803937577999022,0.005544482339542374,0.06368001302083333,0.4810617466767629,0.0,0.0149175,4.0,0.7324999999999999,0.022691215640710045,0.2980995023002227,0.003084006952121854,2.14543605873511e-06,1.613075087429176e-06,295966.40299999993,1.0,291750.5109804687,9.554170288443626e-07,1968.4071797153595,5696.0,1.0,,107,,,,,,,,
6.843411391004338,0.008454180267823,0.09517415364583333,0.47768302137653035,0.0,0.014870000000000001,4.0,0.73,0.016603189656355728,0.2921036680539449,-0.0029389848156521716,7.98177517917035e-06,1.6123028648470001e-06,296254.66649999993,1.0,291813.0918945312,9.554170288443626e-07,2195.2582526779306,5696.0,1.0,,108,,,,,,,,
6.829944639997848,0.008319033605282891,0.086181640625,0.4575863021115462,0.0,0.014822499999999999,4.0,0.7275,0.019904709993473563,0.2835691400493185,0.0012277713491736602,2.319929839937155e-06,1.1904563071614878e-06,296254.86275000003,1.0,292130.1156523437,9.554170288443626e-07,2164.353499508326,5696.0,1.0,,109,,,,,,,,
7.57335603699903,0.008960080245218549,0.09716796875,0.4760765141497056,0.0,0.014775,4.0,0.725,0.022554529229334246,0.2866467696925004,0.0029847217180455723,2.9903730786410656e-06,1.775545347489545e-06,296325.219,1.0,292063.6525664062,9.554170288443626e-07,2162.740893391323,5696.0,1.0,0.7409880757331848,110,,,,,,,,
6.904305380005098,0.011727257832374605,0.0911865234375,0.5450099955002466,0.0,0.014727500000000001,4.0,0.7224999999999999,0.02841269999044016,0.29288576170802116,0.005473269149661064,3.2158002388390137e-06,4.1676740257419924e-06,295937.36749999993,1.0,292165.92574609374,9.554170288443626e-07,1689.1184488441784,5696.0,1.0,,111,,,,,,,,
6.819860349001829,0.008548017498648383,0.078857421875,0.5019843727350235,0.0,0.01468,4.0,0.72,0.02293412951985374,0.3030873294919729,0.002282056297796468,1.109107577690338e-05,2.1345177832661952e-06,294558.06399999995,1.0,291083.93494921876,9.554170288443626e-07,1794.4030284218047,5696.0,1.0,,112,,,,,,,,
6.778520414998638,0.005664717668881991,0.058308919270833336,0.47400739664832753,0.0,0.014632500000000001,4.0,0.7175,0.023659602331463248,0.30547530266145867,0.004417383616479735,9.161066977014798e-05,5.1100600468127295e-06,295731.892,1.0,290583.5017148438,9.554170288443626e-07,2270.9416132962274,5696.0,1.0,,113,,,,,,,,
6.7811403020023135,0.010933548660091219,0.09611002604166667,0.4932868052273989,0.0,0.014585,4.0,0.7150000000000001,0.028055820856631424,0.3239750862121582,0.008088681497611105,0.00023812905272772392,8.32570574023824e-06,295067.04549999995,1.0,290568.7178710938,9.554170288443626e-07,2022.6140260574518,5696.0,1.0,,114,,,,,,,,
6.794493822999357,0.0067746524738344265,0.0726318359375,0.518277246505022,0.0,0.014537500000000002,4.0,0.7125,0.02001504136327033,0.32885098333160084,-0.0011443344798559945,0.0002287494148163205,6.6185873445571515e-06,294598.74575000006,1.0,290591.4743359375,9.554170288443626e-07,2047.7063319026008,5696.0,1.0,,115,,,,,,,,
6.7184441549979965,0.010358532059742723,0.1007080078125,0.5575278215110302,0.0,0.014490000000000001,4.0,0.71,0.029176769593808178,0.33494129839042824,0.00615107254513229,1.415383159534637e-05,2.378404931372794e-06,295976.69999999995,1.0,290036.34353125,9.554170288443626e-07,2254.774891560532,5696.0,1.0,,116,,,,,,,,
6.851676778998808,0.00884162981906537,0.07584635416666667,0.49719870649278164,0.0,0.0144425,4.0,0.7075,0.019037891683789592,0.31794095163544017,-0.0012315042161693175,4.150078439124627e-06,1.8137205965255514e-06,295134.55525,1.0,290620.4225039062,9.554170288443626e-07,2124.5178447976223,5696.0,1.0,,117,,,,,,,,
6.936337140999967,0.00774166503310821,0.07975260416666667,0.45591025054454803,0.0,0.014395000000000002,4.0,0.7050000000000001,0.014189786006075641,0.30810177077849704,-0.004171733919065446,2.801862616289933e-06,1.7023856363114949e-06,294677.939,1.0,290752.7584570313,9.554170288443626e-07,2123.0588121745463,5696.0,1.0,,118,,,,,,,,
6.859689857003104,0.006144507888730999,0.073486328125,0.4385582320392132,0.0,0.014347500000000001,4.0,0.7025,0.011338747766179344,0.29894743611415225,-0.006301524127290274,3.578659701020115e-06,2.3003960928728398e-06,295575.18525,1.0,290863.9433085937,9.554170288443626e-07,2296.839989835273,5696.0,1.0,,119,,,,,,,,
7.4106588490030845,0.005794842670614031,0.059326171875,0.4411162653317054,0.0,0.0143,4.0,0.7,0.014837967391940765,0.3006619152923425,-0.0029194708331488073,2.698323541494574e-06,1.6420366624932588e-06,296238.01175,1.0,291245.82901171874,9.554170288443626e-07,2008.3551019356532,5696.0,1.0,0.8176088929176331,120,296325.219,296555.8685,293434.88,70000042,294116.50851666665,best_of_k,296555.8685,1107.0573607261626
6.842852283996763,0.007777397006316041,0.09033203125,0.4282609752068917,0.0,0.014252500000000001,4.0,0.6975,0.014855546255906424,0.29671370051801205,-0.002329536364413798,2.221201491181546e-06,1.4456947023215132e-06,295376.94724999997,1.0,291297.957203125,9.554170288443626e-07,2022.836825859756,5696.0,1.0,,121,,,,,,,,
6.823335881003004,0.00784072079799536,0.07930501302083333,0.4629477833708127,0.0,0.014205,4.0,0.6950000000000001,0.017401285469532013,0.29507848620414734,-0.0015554924902971834,2.2583380498986116e-06,1.5050446672641253e-06,296534.85899999994,1.0,291627.1800390625,9.554170288443626e-07,1952.2755447954662,5696.0,1.0,,122,,,,,,,,
6.881486058002338,0.009338625727192351,0.09977213541666667,0.4771092391262452,0.0,0.0141575,4.0,0.6925,0.027828301147868235,0.30316976830363274,0.008263622527010739,2.206306435918274e-06,2.2435501314532758e-06,295861.98525,1.0,291738.76528515626,9.554170288443626e-07,2086.9548452060094,5696.0,1.0,,123,,,,,,,,
6.864639391998935,0.006555763160136507,0.06315104166666667,0.46572939306497574,0.0,0.014110000000000001,4.0,0.69,0.022859294374939054,0.29993176522354287,0.0037892904365435243,1.4846202134322084e-05,2.81726803403141e-05,296318.97925,1.0,291919.70499609376,9.554170288443626e-07,2312.610503475135,5696.0,1.0,,124,,,,,,,,
6.877757002999715,0.007541711141272482,0.07161458333333333,0.5151839926838875,0.0,0.0140625,4.0,0.6875,0.02788140382229661,0.29532280409087736,0.006273256187948088,3.6722345863419528e-06,3.114191391280959e-06,296056.64749999996,1.0,292011.2161640625,9.554170288443626e-07,1904.885254333074,5696.0,1.0,,125,,,,,,,,
6.958530238000094,0.009258989354988737,0.09476725260416667,0.4528725855052471,0.0,0.014015,4.0,0.685,0.016316771041601896,0.29889885149896145,-0.0021388422853002944,2.1126215348961828e-06,1.6781912795712135e-06,296269.32399999996,1.0,292185.3224375,9.554170288443626e-07,2003.7899295439856,5696.0,1.0,,126,,,,,,,,
6.8126380359972245,0.008135577277297893,0.079345703125,0.5192027203738689,0.0,0.0139675,4.0,0.6825,0.02344644166684399,0.29608048560718697,0.0016206316067837179,4.33437313063223e-06,1.488173400806166e-06,296365.666,1.0,292150.3905703125,9.554170288443626e-07,2009.9908615889672,5696.0,1.0,,127,,,,,,,,
6.823615709996375,0.0078907044601871,0.07352701822916667,0.5318139779071013,0.0,0.01392,4.0,0.6799999999999999,0.023227145109558478,0.29109578517576057,0.0006876654515508562,2.8038904413089463e-06,1.1059405030285536e-06,296614.3304999999,1.0,292370.536296875,9.554170288443626e-07,2141.507615655034,5696.0,1.0,,128,,,,,,,,
6.884445661002246,0.005887701149623818,0.070068359375,0.48774671616653603,0.0,0.0138725,4.0,0.6775,0.015865550269760813,0.29721987930436927,-0.004399212280986831,1.3221805007882874e-06,9.538264980809192e-07,295718.74899999995,1.0,292306.31556250004,9.554170288443626e-07,1772.3780043086736,5696.0,1.0,,129,,,,,,,,
7.5344862999991165,0.005497455319506628,0.06746419270833333,0.6191430899004141,0.0,0.013825,4.0,0.675,0.024563435950161267,0.29780417152990896,-0.002277253787421311,1.3446554755584355e-06,1.085860148464235e-06,296090.196,1.0,292006.53402734373,9.554170288443626e-07,1800.466175473265,5696.0,1.0,0.7886725664138794,130,,,,,,,,
7.231956896001066,0.0063857477820586555,0.07027180989583333,0.5307430097212394,0.0,0.013777500000000002,4.0,0.6725,0.018388091693244252,0.2960555839041869,-0.004070846344499539,1.3076986320470496e-06,1.1220421593331291e-06,296116.96725,1.0,292160.5859414062,9.554170288443626e-07,1987.0757382871288,5696.0,1.0,,131,,,,,,,,
6.854828386000008,0.0074696704434794965,0.0765380859375,0.5123479180037975,0.0,0.01373,4.0,0.6699999999999999,0.01506910212629009,0.2876709643751383,-0.006599328781400497,1.3682248152235843e-06,1.2392964852854977e-06,295842.6485,1.0,292373.64344140625,9.554170288443626e-07,1647.7778897662045,5696.0,1.0,,132,,,,,,,,
6.828039264000836,0.009534952535606914,0.1002197265625,0.5204917794714371,0.0,0.0136825,4.0,0.6675,0.01722303737187758,0.279341259971261,-0.00498034314174826,1.3664445172404764e-06,1.4832255151494185e-06,295207.31774999993,1.0,291779.0481445312,9.554170288443626e-07,1910.118577105493,5696.0,1.0,,133,,,,,,,,
6.865872235997813,0.005817365905753509,0.06380208333333333,0.5300178974866867,0.0,0.013635000000000001,4.0,0.665,0.029679290082034033,0.2731646491835515,0.006901178353776534,2.006340300416317e-06,3.2322985272041174e-06,295599.75499999995,1.0,291847.134609375,9.554170288443626e-07,1816.4380964596394,5696.0,1.0,,134,,,,,,,,
6.9299956479953835,0.007673477287363746,0.08418782552083333,0.48481362747649354,0.0,0.013587499999999999,4.0,0.6625,0.019336393146659248,0.2711058792968591,-0.0012223358110835154,1.4298024228291222e-06,3.110826016931393e-06,296186.05575,1.0,292104.5818828125,9.554170288443626e-07,1797.6126477553619,5696.0,1.0,,135,,,,,,,,
6.91779441700055,0.010300671034575734,0.0911865234375,0.5445660625894865,0.0,0.01354,4.0,0.6599999999999999,0.028675366765431438,0.274279188675185,0.00515948284495001,4.175998055207704e-06,1.8075426003368496e-06,296042.71975,1.0,291834.2117148437,9.554170288443626e-07,1980.2975619497518,5696.0,1.0,,136,,,,,,,,
6.85033057200053,0.0064382521056568125,0.059651692708333336,0.6319243212540945,0.0,0.013492500000000001,4.0,0.6575,0.03355290763041315,0.2724695273985465,0.005632289670757018,2.609608621639836e-06,8.711349733421988e-07,294980.20725,1.0,291147.5129335937,9.554170288443626e-07,1611.9617074214968,5696.0,1.0,,137,,,,,,,,
6.691023739993398,0.005293199235735753,0.056315104166666664,0.5781361994644006,0.0,0.013445000000000002,4.0,0.655,0.028283013627515174,0.2667339378967881,0.0029605657570452117,1.4661525163717215e-05,8.182982789151083e-07,295882.92175,1.0,291254.508375,9.554170288443626e-07,1823.1289176061807,5696.0,1.0,,138,,,,,,,,
6.763075618000585,0.009873662949909582,0.09102376302083333,0.5579153584937254,0.0,0.013397500000000001,4.0,0.6525000000000001,0.02637328955946335,0.2610535779967904,0.001972929526042814,1.2146992024971345e-05,1.685263242734436e-06,295660.48524999997,1.0,291390.43546484376,9.554170288443626e-07,1676.2954094010051,5696.0,1.0,,139,,,,,,,,
7.515463916999579,0.008318591489947439,0.08268229166666667,0.5347214235613743,0.0,0.01335,4.0,0.65,0.0247413201626235,0.2618507429336508,0.001493010010259847,3.9577752081261984e-05,7.976173351427937e-06,295693.5234999999,1.0,291626.6944492188,9.554170288443626e-07,1775.9901483528938,5696.0,1.0,1.0342291593551636,140,296614.3304999999,295494.3445,294430.02425,70000042,294303.09215833334,best_of_k,295494.3445,508.8303708282182
6.78172823600471,0.011436266003472065,0.10302734375,0.5533260889351368,0.0,0.013302500000000002,4.0,0.6475,0.028786243676828843,0.25361346267163754,0.004478756008514513,0.00010897128294592069,7.957242223947484e-06,294995.18000000005,1.0,291595.5527929687,9.554170288443626e-07,1610.2813598926382,5696.0,1.0,,141,,,,,,,,
6.796218686002248,0.006412187657514501,0.06864420572916667,0.5537072395284971,0.0,0.013255000000000001,4.0,0.645,0.0187906568996065,0.2548551370079319,-0.005527634115424007,8.822451889045624e-06,2.0303631319033382e-05,295053.92,1.0,291676.51879296877,9.554170288443626e-07,1727.1532923738112,5696.0,1.0,,142,,,,,,,,
6.87901043400052,0.008054439509450026,0.07206217447916667,0.5106396054228147,0.0,0.0132075,4.0,0.6425000000000001,0.01925696989928838,0.25139986630529165,-0.002956995381585633,5.276498328043999e-06,3.640672190385885e-06,295144.51274999994,1.0,291709.345,9.554170288443626e-07,1617.850439441592,5696.0,1.0,,143,,,,,,,,
6.690720083002816,0.005376095738664451,0.063720703125,0.4973273742944002,0.0,0.013160000000000002,4.0,0.64,0.025145951517818805,0.2558003223190705,0.003644585182579855,2.495798656336016e-06,2.158262225530431e-06,294996.24225,1.0,291741.14134765626,9.554170288443626e-07,1723.9851007183183,5696.0,1.0,,144,,,,,,,,
6.255354881999665,0.013842884862718959,0.12250434027777778,0.5661756528748406,1.0,0.013112500000000001,3.0,0.6375,0.02569631724489025,0.2529018719991048,0.0007027691074957451,3.4008171622998716e-06,1.2012324788202022e-06,295109.22125,1.0,291570.7226445313,9.554170288443626e-07,1827.3704512848083,5696.0,1.0,,145,,,,,,,,
6.6753317799957586,0.008137244256139079,0.07438151041666667,0.5519380768140157,0.0,0.013065,4.0,0.635,0.0325579261649788,0.25578204666574794,0.008299897463681797,1.6380300811154786e-05,2.5573422135494184e-06,295254.52774999995,1.0,291657.52006249997,9.554170288443626e-07,1468.1750907477021,5696.0,1.0,,146,,,,,,,,
6.657230826000159,0.00999451850127612,0.087890625,0.5888034924864769,0.0,0.013017500000000001,4.0,0.6325000000000001,0.029826258619626362,0.2580055606861909,0.003738512770117571,5.553559424242849e-05,1.209000493200089e-06,296072.4040000001,1.0,291850.24749999994,9.554170288443626e-07,1965.763158467008,5696.0,1.0,,147,,,,,,,,
6.660353077000764,0.006339009280457238,0.0709228515625,0.5654868644972643,0.0,0.01297,4.0,0.63,0.03139032460846162,0.2594084745893876,0.006479571680150305,5.521865013236038e-06,7.691557980156934e-07,296135.91075,1.0,292010.83312109375,9.554170288443626e-07,1866.1693666324913,5696.0,1.0,,148,,,,,,,,
6.93967669599806,0.0073218592044105675,0.07356770833333333,0.5609263144433498,0.0,0.0129225,4.0,0.6275,0.01998044195837186,0.26399861586590606,-0.004655523982364684,6.7021351715842075e-06,1.0006227194973387e-06,295802.348,1.0,292258.3948671875,9.554170288443626e-07,1755.447714706202,5696.0,1.0,,149,,,,,,,,
7.3647232389994315,0.005451329899445412,0.059488932291666664,0.5445301656921705,0.0,0.012875000000000001,4.0,0.625,0.021508710934237268,0.2676840030277769,-0.0022738501235532262,1.7516074189908675e-05,1.4650422078451204e-06,296165.66825,1.0,292264.78728125,9.554170288443626e-07,1921.0016210406607,5696.0,1.0,1.0663504600524902,150,,,,,,,,
6.664068313999451,0.006976962828527444,0.07161458333333333,0.530263022830089,0.0,0.0128275,4.0,0.6225,0.021277547227024723,0.2678451177974542,-0.0018034201542225976,9.968240805828069e-06,5.204482377507702e-06,295673.97175,1.0,292257.9523710937,9.554170288443626e-07,1730.576719483756,5696.0,1.0,,151,,,,,,,,
6.726127589994576,0.0071889214120116245,0.07271321614583333,0.5237481780350208,0.0,0.01278,4.0,0.62,0.018628903412415337,0.2704984691614906,-0.004110617989984651,2.7744410938150093e-05,1.2615873908809286e-05,296002.3205,1.0,292183.51538671873,9.554170288443626e-07,1802.7036422904757,5696.0,1.0,,152,,,,,,,,
6.741230030995212,0.007967349075503302,0.085205078125,0.5780929947892824,0.0,0.0127325,4.0,0.6174999999999999,0.018619975235196762,0.26872249878942966,-0.00686525988082091,3.4144327401008923e-06,3.50594032738627e-06,296159.41224999994,1.0,292313.21751171874,9.554170288443626e-07,1944.169780400722,5696.0,1.0,,153,,,,,,,,
6.8224022060021525,0.006529939051608776,0.0733642578125,0.557292677462101,0.0,0.012685,4.0,0.615,0.021939492925109032,0.27340844708184403,-0.002459299828236302,9.5324588424243e-06,2.782655383744744e-06,296082.643,1.0,292542.95665625,9.554170288443626e-07,1926.364363975365,5696.0,1.0,,154,,,,,,,,
6.7136741720023565,0.008875113409897809,0.0885009765625,0.5586803530653318,0.0,0.0126375,4.0,0.6125,0.024026057454951417,0.27711875674625236,-0.00041297786325837177,6.239439979556967e-05,1.731409229914031e-06,296716.78475000005,1.0,292321.55255859374,9.554170288443626e-07,2169.378818997989,5696.0,1.0,,155,,,,,,,,
6.634357980998175,0.011185786527541689,0.08646647135416667,0.5846554463108381,0.0,0.01259,4.0,0.61,0.021104381759262953,0.2873199700067441,-0.004517672389435272,5.88727465166509e-05,1.5048057993756931e-06,296134.45875,1.0,292271.84792187496,9.554170288443626e-07,1979.86450408313,5696.0,1.0,,156,,,,,,,,
6.7372692249991815,0.004264654048273068,0.0498046875,0.5479108206927776,0.0,0.012542500000000002,4.0,0.6074999999999999,0.024285753471000742,0.2747690752148628,0.0003160259414774676,0.00018777619179388694,3.400055966551463e-06,296045.093,1.0,292348.3423476562,9.554170288443626e-07,1940.8387527174086,5696.0,1.0,,157,,,,,,,,
6.7930021270003635,0.007255927013125311,0.0704345703125,0.5528914903601011,0.0,0.012495,4.0,0.605,0.02517962134152185,0.2651370444024603,0.00065563940249073,0.0017957676541300316,2.5435785611686395e-05,296332.01674999995,1.0,292267.6963398438,9.554170288443626e-07,1833.7847531361078,5696.0,1.0,,158,,,,,,,,
6.7366649139949,0.007759585119492189,0.07889811197916667,0.5362647312382857,0.0,0.0124475,4.0,0.6025,0.026930734243554372,0.2642466578011711,0.0033616908185649663,0.00035727378703616824,1.857856459726766e-05,295927.5527499999,1.0,292532.90350781253,9.554170288443626e-07,1701.8398349651939,5696.0,1.0,,159,,,,,,,,
7.379456824004592,0.007503101910173744,0.08927408854166667,0.49021402808527154,0.0,0.012400000000000001,4.0,0.6,0.023824710413464345,0.2615858657906453,0.00255549926077947,9.724370717852556e-06,2.402921741880467e-06,296313.63425,1.0,292715.4075625,9.554170288443626e-07,2089.536493553983,5696.0,1.0,0.9837634563446045,160,296716.78475000005,296371.31075,295931.948,70000042,295139.658125,best_of_k,296371.31075,616.0963425809823
6.951574995000556,0.012470327612796725,0.11629231770833333,0.5130965014298757,0.0,0.012352499999999999,4.0,0.5974999999999999,0.030318824414280243,0.2601479546477397,0.007876784016843885,2.013283783242059e-06,9.837508857894288e-07,297191.82125,1.0,292675.168703125,9.554170288443626e-07,1628.821283597937,5696.0,1.0,,161,,,,,,,,
6.664559371005453,0.007178591254452489,0.07755533854166667,0.5775736595193545,0.0,0.012305,4.0,0.595,0.03036099385159711,0.2579130120575428,0.0046552491645949585,1.7308911566260576e-06,1.0136677145074675e-06,296058.6225,1.0,292111.79237109376,9.554170288443626e-07,1714.1922727001213,5696.0,1.0,,162,,,,,,,,
6.804964763003227,0.007900255503144512,0.08321126302083333,0.5516098799804846,0.0,0.012257500000000001,4.0,0.5925,0.02759515085684446,0.261900423715512,0.003224288773102065,1.5055027944299582e-06,9.231259051982003e-07,296060.43475,1.0,292442.49415625,9.554170288443626e-07,1820.2653957319233,5696.0,1.0,,163,,,,,,,,
6.637592127000971,0.005976643752759969,0.066162109375,0.5138224549591541,0.0,0.012210000000000002,4.0,0.5900000000000001,0.02662035487204169,0.2611780536050598,0.0041176421800628304,1.3831795039701926e-06,8.699094777853134e-07,296500.9425,1.0,292469.09030078124,9.554170288443626e-07,1907.5065566161754,5696.0,1.0,,164,,,,,,,,
6.637149755995779,0.006835004333343608,0.07722981770833333,0.5219305250793695,0.0,0.012162500000000001,4.0,0.5875,0.022243562164173152,0.2604904693240921,-0.0006855179672129452,1.245878083958966e-06,1.287401319179556e-06,296387.40375,1.0,292631.60243749997,9.554170288443626e-07,1696.782255645429,5696.0,1.0,,165,,,,,,,,
6.3026849899979425,0.012345302692539504,0.09364149305555555,0.556770028339492,1.0,0.012115,3.0,0.585,0.02739064443934088,0.2635587772561444,0.0027443858691387707,1.2939273909119543e-06,1.2852821037591234e-06,295833.82125,1.0,292568.38390234375,9.554170288443626e-07,1657.3895297025936,5696.0,1.0,,166,,,,,,,,
6.553403120997245,0.005322642584475901,0.06599934895833333,0.5603980074326197,0.0,0.0120675,4.0,0.5825,0.019951608730480075,0.26915855954090756,-0.004821163427550346,1.3649883309578097e-06,1.6102113787515766e-06,295998.29549999995,1.0,292386.88457421877,9.554170288443626e-07,1856.4954524739276,5696.0,1.0,,167,,,,,,,,
6.766390398996009,0.008015301751513881,0.08426920572916667,0.5485980734229088,0.0,0.012020000000000001,4.0,0.5800000000000001,0.022138042166867915,0.2613744887833794,-0.0021509428916033357,1.1870223749118243e-06,1.3666296633611334e-06,295833.90249999997,1.0,292606.90809765627,9.554170288443626e-07,1691.280735865185,5696.0,1.0,,168,,,,,,,,
6.6869908520020545,0.006107027945471799,0.0704345703125,0.5389526411890984,0.0,0.0119725,4.0,0.5775,0.03211606131905379,0.26062240203221637,0.008288030764864137,1.3829402239669737e-06,1.1225945080184374e-06,296127.51949999994,1.0,292516.01329296874,9.554170288443626e-07,1768.011328123116,5696.0,1.0,,169,,,,,,,,
7.263698307004233,0.007587413011671984,0.0784912109375,0.46689613722264767,0.0,0.011925000000000002,4.0,0.575,0.012528081128645377,0.26125511433929205,-0.007702036838357647,1.3727055296897106e-06,1.282324237905641e-06,296340.475,1.0,292820.69364453125,9.554170288443626e-07,1827.2155973786666,5696.0,1.0,0.8214552998542786,170,,,,,,,,
6.611676501997863,0.005654767511253785,0.0628662109375,0.4932760937760274,0.0,0.011877500000000001,4.0,0.5725,0.01632114154926967,0.2572780214250088,-0.005288029506724949,1.500920596697597e-06,2.071745568580733e-06,296353.18475,1.0,292654.65989843756,9.554170288443626e-07,2013.7372388922947,5696.0,1.0,,171,,,,,,,,
6.6776909199979855,0.006905153294327763,0.07137044270833333,0.43598870870967704,0.0,0.01183,4.0,0.5700000000000001,0.02347255936183501,0.24443335769077143,0.00456399965332821,1.1651544724600171e-06,1.3065589439994103e-06,296815.5195,1.0,292954.1600820313,9.554170288443626e-07,1874.1755718201507,5696.0,1.0,,172,,,,,,,,
6.647076285997173,0.007439028704229855,0.0806884765625,0.4385487275818984,0.0,0.011782500000000001,4.0,0.5675,0.014650011871708557,0.24134996347129345,-0.0044342994612331195,1.0425545499496518e-06,9.516679438566674e-07,296873.40524999995,1.0,292987.12997265626,9.554170288443626e-07,1817.5485156552231,5696.0,1.0,,173,,,,,,,,
6.665955595999549,0.0064485680338097024,0.07755533854166667,0.39154431348045665,0.0,0.011735,4.0,0.565,0.02097592176384448,0.2380159655585885,0.004191325104329735,8.044458006395416e-07,8.346447669301446e-07,296433.5585,1.0,293036.94915625,9.554170288443626e-07,1696.5436805686663,5696.0,1.0,,174,,,,,,,,
6.847918448998826,0.005217935821421567,0.050089518229166664,0.42461054523785907,0.0,0.0116875,4.0,0.5625,0.014979888539528474,0.24488268668452898,-0.0033891069275947907,1.0718321353427502e-06,8.556905974899109e-07,296477.043,1.0,292831.1971796875,9.554170288443626e-07,1891.935539812369,5696.0,1.0,,175,,,,,,,,
6.73039550500107,0.007689359318252542,0.08414713541666667,0.42680667402843636,0.0,0.011640000000000001,4.0,0.56,0.019366497717176873,0.2405540607869625,0.0008257122244685888,9.703355357733774e-07,8.068846130508215e-07,296766.5915,1.0,292994.20187109377,9.554170288443626e-07,1927.5852135053979,5696.0,1.0,,176,,,,,,,,
6.685763790999772,0.00706300122930988,0.07405598958333333,0.4006490036845207,0.0,0.0115925,4.0,0.5575,0.02288008216904321,0.2448884223898252,0.005686009069904685,9.740145318441289e-07,7.888579614719523e-07,296733.90475,1.0,293111.02037499996,9.554170288443626e-07,1835.9454346513999,5696.0,1.0,,177,,,,,,,,
6.8104457650042605,0.010300727499532,0.09724934895833333,0.44120927651723224,0.0,0.011545,4.0,0.5549999999999999,0.01920689680749395,0.2529956614598632,6.681865003580849e-05,8.672141203665736e-07,7.248981942116947e-07,296594.2225,1.0,293125.88442578126,9.554170288443626e-07,1640.6973124127574,5696.0,1.0,,178,,,,,,,,
6.68026434800413,0.006330855451594915,0.06575520833333333,0.40942023259898025,0.0,0.0114975,4.0,0.5525,0.022911575414279167,0.25238995254039764,0.0053420068773751455,8.051253056843658e-07,6.604976204490262e-07,296696.91475,1.0,293000.9320390625,9.554170288443626e-07,1743.2751268586135,5696.0,1.0,,179,,,,,,,,
7.310634216002654,0.006487601478064893,0.06538899739583333,0.3737942595034838,0.0,0.01145,4.0,0.55,0.016041297722646657,0.24062912600735822,0.00010633283333542447,8.120510284944279e-07,7.473839798895673e-07,296447.28525,1.0,292985.61864062503,9.554170288443626e-07,1858.147184280765,5696.0,1.0,0.6775802373886108,180,297191.82125,296731.9615,295391.07849999995,70000042,295666.34223333333,best_of_k,296731.9615,630.8044033220149
6.675381022003421,0.006520837855275019,0.06547037760416667,0.4219977091997862,0.0,0.011402500000000001,4.0,0.5475,0.022381270236413304,0.23940981707225242,0.004010508195885147,2.728171301905983e-06,9.476428945257945e-07,296881.68875,1.0,293015.7031289062,9.554170288443626e-07,2082.1312532151364,5696.0,1.0,,181,,,,,,,,
5.947497353001381,0.018666354961581533,0.130859375,0.39418356741468114,1.0,0.011355,2.0,0.5449999999999999,0.02230279764626175,0.23524396245678267,0.005255931386879335,4.1578353820644525e-06,1.6935381028796808e-05,297070.08650000003,1.0,293101.2453125,9.554170288443626e-07,1746.4764185284582,5696.0,1.0,,182,,,,,,,,
6.600368500003242,0.008632495603689913,0.0794677734375,0.4071294528742631,0.0,0.0113075,4.0,0.5425,0.017519624040384468,0.2385918457681934,-0.00014650078567986688,4.9381266613579555e-06,1.406946014744411e-05,296518.90549999994,1.0,292913.34797265625,9.554170288443626e-07,1709.0306013896607,5696.0,1.0,,183,,,,,,,,
5.917511022998951,0.013507477814075722,0.107421875,0.37229304388165474,1.0,0.011260000000000001,2.0,0.54,0.00813168472571609,0.2406587308893601,-0.0078029322903603315,2.1819380142081474e-05,5.520057034876421e-05,296723.41675,1.0,293329.8677734375,9.554170288443626e-07,1677.5820099323976,5696.0,1.0,,184,,,,,,,,
6.709267509999336,0.009479104775701686,0.08821614583333333,0.4516870069007079,0.0,0.0112125,4.0,0.5375,0.02592272002948448,0.24404525260130563,0.00607154710451141,3.1799144437627547e-06,5.722363044450655e-06,296760.04824999993,1.0,293129.0424453125,9.554170288443626e-07,2030.3372522869704,5696.0,1.0,,185,,,,,,,,
6.7462663520054775,0.008051085150840484,0.07181803385416667,0.5372867782910665,0.0,0.011165,4.0,0.5349999999999999,0.025428360434792314,0.25301816904296476,0.0013817804283462465,2.6232923057515714e-06,1.3852118560938228e-05,296405.30799999996,1.0,292348.65104296873,9.554170288443626e-07,2038.471371717679,5696.0,1.0,,186,,,,,,,,
6.7065309469981,0.007026457257129692,0.07161458333333333,0.5342484600841999,0.0,0.0111175,4.0,0.5325,0.026252229809567023,0.259197195370992,0.002407817402854562,5.536748055590124e-06,2.6118887897534176e-05,296344.6635,1.0,292327.2054765625,9.554170288443626e-07,1770.7830086653414,5696.0,1.0,,187,,,,,,,,
6.664397447995725,0.008438207244016263,0.070556640625,0.474045363565286,0.0,0.011070000000000002,4.0,0.53,0.024712416789649676,0.2573689740772049,0.0038582028452462205,1.3714933141765566e-06,1.7671712910782844e-06,296641.92325,1.0,292504.8218671875,9.554170288443626e-07,1767.581121784812,5696.0,1.0,,188,,,,,,,,
6.722543187002884,0.006562116366851593,0.0706787109375,0.48577253458400566,0.0,0.011022500000000001,4.0,0.5275000000000001,0.018708160835861538,0.2467738837003708,-0.0028611700981855392,1.6684296895164152e-06,1.2042509733115974e-06,296764.23724999995,1.0,292507.9784296875,9.554170288443626e-07,1995.343495251203,5696.0,1.0,,189,,,,,,,,
7.255565546998696,0.009095881327650565,0.07942708333333333,0.4682404299577077,0.0,0.010975,4.0,0.525,0.012858759684604593,0.2482377818475167,-0.007830088822326312,6.181664363206589e-06,1.2374456363299184e-06,296767.58125,1.0,293077.029640625,9.554170288443626e-07,1919.715230150863,5696.0,1.0,0.6872679591178894,190,,,,,,,,
6.686687208995863,0.005751020708035644,0.0650634765625,0.5036300991972288,0.0,0.010927500000000001,4.0,0.5225,0.023821819263199966,0.2507872025792797,0.0013800992164760828,1.4696258669270417e-06,1.089741661057057e-06,296817.03949999996,1.0,292686.3429453125,9.554170288443626e-07,2021.874456820733,5696.0,1.0,,191,,,,,,,,
6.627074723997794,0.006022970403644597,0.06803385416666667,0.5598873061438402,0.0,0.01088,4.0,0.52,0.026294209135812707,0.24774750880897045,0.0009946381906047463,1.3693278238709656e-06,1.123454078803358e-06,296226.676,1.0,292746.89455859375,9.554170288443626e-07,1740.127518157867,5696.0,1.0,,192,,,,,,,,
6.628952940998715,0.006390903877867782,0.06339518229166667,0.5314508614440759,0.0,0.0108325,4.0,0.5175000000000001,0.024214831690187566,0.252533501945436,0.000377266900613904,1.1171971578960438e-06,9.593230695751724e-07,296641.6852499999,1.0,292929.9362578125,9.554170288443626e-07,1865.9928117613506,5696.0,1.0,,193,,,,,,,,
6.650933476004866,0.0067970521829421315,0.06294759114583333,0.5172312520444393,0.0,0.010785000000000001,4.0,0.515,0.02200900038102797,0.25399626481036347,-0.0011137957723500829,1.184730499185586e-06,9.280716473843617e-07,296752.2974999999,1.0,292898.03321093746,9.554170288443626e-07,1972.3178084129108,5696.0,1.0,,194,,,,,,,,
6.7419178650015965,0.005335444992506488,0.061442057291666664,0.49526972447832424,0.0,0.0107375,4.0,0.5125,0.027203409030335024,0.24938034483542046,0.005117072326053555,1.0586840725560858e-06,9.315578992641349e-07,296705.83274999994,1.0,292933.2428203125,9.554170288443626e-07,1815.2090062835046,5696.0,1.0,,195,,,,,,,,
6.687696788998437,0.010941054983759932,0.10152180989583333,0.4881578969458739,0.0,0.010690000000000002,4.0,0.51,0.031161248121255387,0.24931007840981087,0.009417953726369888,1.018166822556547e-06,8.437265227219844e-07,296934.13625000004,1.0,292956.59743749996,9.554170288443626e-07,2085.6404100623904,5696.0,1.0,,196,,,,,,,,
6.667887524999969,0.005618399164019887,0.057902018229166664,0.4579863306134939,0.0,0.010642500000000001,4.0,0.5075000000000001,0.008991162549743118,0.24091014731675386,-0.011344837684494754,9.241454973126414e-07,9.55484311522999e-07,296606.81875,1.0,293312.5340195312,9.554170288443626e-07,1714.6313287078,5696.0,1.0,,197,,,,,,,,
6.611205749999499,0.006703509025567082,0.058308919270833336,0.4456574233869712,0.0,0.010595,4.0,0.505,0.01617636594164651,0.2394179211308559,-0.0035703639150597155,1.0555168685755234e-06,7.714397109263397e-07,296719.156,1.0,292947.890875,9.554170288443626e-07,1753.5078401124726,5696.0,1.0,,198,,,,,,,,
6.633743496000534,0.006247162937038346,0.0684814453125,0.43030156878133613,0.0,0.010547500000000001,4.0,0.5025,0.026793542482967798,0.23426843713968992,0.007748878638570507,1.069576858488593e-06,8.481016884331893e-07,296741.82775,1.0,293161.290171875,9.554170288443626e-07,1871.0759016606173,5696.0,1.0,,199,,,,,,,,
7.3308740299980855,0.003978068727959065,0.042521158854166664,0.4754809979349375,0.0,0.0105,4.0,0.5,0.01848025494837202,0.23996378450344005,-0.0027746595636320612,1.779006937615198e-06,6.114825517045119e-07,296576.17325,1.0,293341.92304296873,9.554170288443626e-07,1739.3493464605176,5696.0,1.0,0.6559770703315735,200,297191.82125,296718.85425,295237.50250000006,70000042,295843.0916583333,best_of_k,296718.85425,712.4513693313809
6.715379311004654,0.006069515713452489,0.0635986328125,0.4772396497428417,0.0,0.010452500000000002,4.0,0.49750000000000005,0.027700939181765232,0.24110995853940645,0.006357873537732909,3.0304363557813e-06,1.962082839905103e-06,296524.80075000005,1.0,293246.5187070312,9.554170288443626e-07,1843.0532369484602,5696.0,1.0,,201,,,,,,,,
6.674055563998991,0.005727218160238208,0.052652994791666664,0.4211475284149249,0.0,0.010405000000000001,4.0,0.495,0.026114232333687443,0.2310715646793445,0.007455951029745241,5.54273757794969e-06,9.299230106544579e-06,296559.11199999996,1.0,293014.9359453125,9.554170288443626e-07,1780.0205752686213,5696.0,1.0,,202,,,,,,,,
6.770077282999409,0.0048489738576075565,0.051472981770833336,0.4504773374646902,0.0,0.010357500000000002,4.0,0.49250000000000005,0.02195498214859981,0.23623148910701275,0.001871264985917757,4.972348720144737e-05,3.291017691253728e-06,296704.68525000004,1.0,293142.47750000004,9.554170288443626e-07,1720.0942731822167,5696.0,1.0,,203,,,,,,,,
6.762698812999588,0.0064941833835548595,0.057902018229166664,0.4377795613060395,0.0,0.01031,4.0,0.49,0.020157021295744926,0.23152345574150482,0.0006369843031279743,0.000165229267253153,3.0852743648779324e-06,296307.44074999995,1.0,292917.7970898437,9.554170288443626e-07,1702.6182909867077,5696.0,1.0,,204,,,,,,,,
6.680940013000509,0.007336653127614667,0.07462565104166667,0.42576501953105134,0.0,0.0102625,4.0,0.48750000000000004,0.01551652691947917,0.2340754453713695,-0.003378240653546527,7.380411819705539e-05,2.6709594844002518e-06,296706.6514999999,1.0,293076.29271875,9.554170288443626e-07,1812.5030864084806,5696.0,1.0,,205,,,,,,,,
6.684133060000022,0.007391518065693159,0.066162109375,0.41788696808119613,0.0,0.010215,4.0,0.485,0.010226941987639293,0.23997646446029344,-0.008217615919420496,4.899695255744518e-06,2.157804388502882e-06,296752.63925,1.0,293166.9975976562,9.554170288443626e-07,1773.0179841892234,5696.0,1.0,,206,,,,,,,,
6.662893476997851,0.005294068255164912,0.055379231770833336,0.4484230012943347,0.0,0.010167500000000001,4.0,0.48250000000000004,0.014980713021941483,0.23691285898288092,-0.005032227248496686,1.2751024579908214e-06,9.474164516613351e-07,297034.739,1.0,293071.1277109375,9.554170288443626e-07,1963.1783125941106,5696.0,1.0,,207,,,,,,,,
6.582305901996733,0.005921621346186641,0.059326171875,0.4388052951544523,0.0,0.01012,4.0,0.48,0.018168530989593517,0.24316904228180647,-0.0013115022447891533,1.908880683743064e-06,8.96270326696443e-07,296993.2004999999,1.0,292883.536734375,9.554170288443626e-07,2125.8522286591183,5696.0,1.0,,208,,,,,,,,
6.621943013000418,0.0071129247790605215,0.062418619791666664,0.3757466518630584,0.0,0.010072500000000002,4.0,0.47750000000000004,0.015070044648988793,0.23999183562894663,-0.001303151201379175,2.3874141672782418e-05,1.5870116717072353e-06,296892.6395,1.0,293307.05501171877,9.554170288443626e-07,2026.5176099376472,5696.0,1.0,,209,,,,,,,,
7.318986070000392,0.00579165961581074,0.06005859375,0.4698239130278428,0.0,0.010025000000000001,4.0,0.475,0.01923786723637022,0.23974533782651028,-0.0018712746095843613,0.00019401045841505038,3.982442644693644e-06,296646.81275,1.0,292996.64013281255,9.554170288443626e-07,1981.0062197593277,5696.0,1.0,0.7081481218338013,210,,,,,,,,
6.68005351699685,0.006695041924901742,0.07185872395833333,0.4711373411118984,0.0,0.009977500000000002,4.0,0.47250000000000003,0.019931288436055183,0.24089370388537645,-0.0012280654239778717,3.899701437622601e-05,4.2072651649978825e-06,296766.067,1.0,293053.51521875,9.554170288443626e-07,1932.7310324848618,5696.0,1.0,,211,,,,,,,,
6.65341585999704,0.00503373232559623,0.0517578125,0.4279848312338193,0.0,0.00993,4.0,0.47,0.020072355847029637,0.24213276337832212,0.0010769493722667296,1.3269684266958848e-06,8.216680408660674e-07,296616.03274999995,1.0,293037.66535937495,9.554170288443626e-07,1994.6118411632333,5696.0,1.0,,212,,,,,,,,
6.741210291002062,0.006840300902378971,0.06477864583333333,0.42939771711826324,0.0,0.0098825,4.0,0.4675,0.03041071985596015,0.24320382562776408,0.011343709455104545,1.1175984665120116e-06,9.480889957558247e-07,296579.428,1.0,293105.57238671876,9.554170288443626e-07,2003.6213471192493,5696.0,1.0,,213,,,,,,,,
6.704360415998963,0.0065720550622060765,0.051798502604166664,0.44995990830163163,0.0,0.009835,4.0,0.46499999999999997,0.019926003228950624,0.24549877488364777,-0.0001662818055289487,8.092451193893643e-06,1.5921314807580227e-05,296491.49549999996,1.0,293106.50451953127,9.554170288443626e-07,1802.2499827805582,5696.0,1.0,,214,,,,,,,,
6.74005339499854,0.009280633443701447,0.0853271484375,0.49692960518101853,0.0,0.009787500000000001,4.0,0.4625,0.022667922768353794,0.24600159811476865,0.0002249132376164198,4.674344057301975e-06,7.603985880659063e-06,296626.3065,1.0,293286.5488085937,9.554170288443626e-07,1675.3323895899541,5696.0,1.0,,215,,,,,,,,
6.834150570000929,0.007306303336616231,0.06831868489583333,0.4449188510576884,0.0,0.00974,4.0,0.45999999999999996,0.024640562197115894,0.24658360487471023,0.0047957742838965105,1.2839483822801867e-06,8.826140979560174e-07,297023.90249999997,1.0,293151.20016015624,9.554170288443626e-07,1809.1061739969327,5696.0,1.0,,216,,,,,,,,
6.7575925220007775,0.007292129390672327,0.07063802083333333,0.46917985876401264,0.0,0.009692500000000001,4.0,0.4575,0.017431685007371318,0.23561475860575834,-0.003744130372069776,1.0295654343887388e-06,8.282540567468762e-07,297027.98925,1.0,293377.95540624997,9.554170288443626e-07,2040.9618126682528,5696.0,1.0,,217,,,,,,,,
6.673567122001259,0.007392320111246242,0.0736083984375,0.40505553036928177,0.0,0.009644999999999999,4.0,0.45499999999999996,0.020184207081911154,0.22456141716490188,0.002096892441234862,8.56041809290294e-07,6.935855196843477e-07,296905.175,1.0,293537.96734375,9.554170288443626e-07,1786.893268926209,5696.0,1.0,,218,,,,,,,,
6.72493743099767,0.007903625635269584,0.07421875,0.39800819257895154,0.0,0.0095975,4.0,0.4525,0.01704395406219798,0.21417475088189045,-0.0008014050933221976,8.812235800329896e-07,8.043581315083278e-07,296864.32524999994,1.0,293386.26203515625,9.554170288443626e-07,1610.4816755149775,5696.0,1.0,,219,,,,,,,,
7.290200175004429,0.006837364208735745,0.06974283854166667,0.3721260478099187,0.0,0.00955,4.0,0.44999999999999996,0.01668846030952409,0.21111542079597712,9.784833916152517e-05,1.1077803279135878e-06,7.008864824816404e-07,296694.692,1.0,293694.1883515625,9.554170288443626e-07,1750.392599745093,5696.0,1.0,0.7055941224098206,220,297191.82125,296961.42675,295905.8885,70000042,296045.53184999997,best_of_k,296961.42675,644.5148923750714
6.707847950994619,0.005179051752385237,0.050089518229166664,0.4145267854134242,0.0,0.0095025,4.0,0.4475,0.02392717345113245,0.21220166298250356,0.00521684573808064,7.899409517619915e-07,7.103783007759527e-07,296767.37674999994,1.0,293438.3431757812,9.554170288443626e-07,1695.3470324348095,5696.0,1.0,,221,,,,,,,,
6.6321063229988795,0.005126592077993412,0.060343424479166664,0.4199078343808651,0.0,0.009455,4.0,0.44499999999999995,0.017172149042986955,0.21207422701021036,-0.0018186701636295766,1.0841766571919227e-06,9.602956509979776e-07,296633.29300000006,1.0,293443.55087499996,9.554170288443626e-07,1667.8017439431153,5696.0,1.0,,222,,,,,,,,
6.619034625000495,0.005923879704109976,0.06201171875,0.4831092779835065,0.0,0.009407500000000001,4.0,0.4425,0.019484448615306366,0.2115881647914648,-0.002681060170289129,9.711858446337374e-07,9.268090520227664e-07,296633.63275,1.0,293086.8031914063,9.554170288443626e-07,1900.42276730182,5696.0,1.0,,223,,,,,,,,
6.685458898005891,0.004364448385982082,0.049519856770833336,0.4497084350635608,0.0,0.00936,4.0,0.43999999999999995,0.02220669867529068,0.21546246173481146,0.0017374276455181341,1.1691519397061256e-06,9.216773086961894e-07,296818.4625,1.0,293213.3721171875,9.554170288443626e-07,1702.2940178946228,5696.0,1.0,,224,,,,,,,,
6.733827984004165,0.00366693553361556,0.037760416666666664,0.43626853326956433,0.0,0.009312500000000001,4.0,0.4375,0.024416785745415837,0.21832608493665853,0.004635850239234666,1.2753155994952674e-06,1.0849930530317427e-06,296400.48075,1.0,293335.80887109373,9.554170288443626e-07,1632.9179921624118,5696.0,1.0,,225,,,,,,,,
6.602839601000596,0.004914918136691426,0.057332356770833336,0.45096216599146527,0.0,0.009265000000000002,4.0,0.43500000000000005,0.013710040875594132,0.21477477283527455,-0.00684861767028148,8.374338816471057e-07,7.094604666709378e-07,296953.10925,1.0,293419.7144257813,9.554170288443626e-07,1900.9558022985243,5696.0,1.0,,226,,,,,,,,
6.646759613999166,0.005670028826240199,0.057332356770833336,0.43176853843033314,0.0,0.0092175,4.0,0.4325,0.02058437942469027,0.20753478383024535,0.0009085059282369912,7.388727816248775e-07,6.484181985418521e-07,296527.7047499999,1.0,293512.22736718744,9.554170288443626e-07,1716.8698196510406,5696.0,1.0,,227,,,,,,,,
6.750836967003124,0.005281794245232711,0.057902018229166664,0.4374295597275098,0.0,0.009170000000000001,4.0,0.43000000000000005,0.0224807725098799,0.20985379628837109,0.002533287100959569,6.456047986584205e-07,6.031564249534919e-07,296733.28125,1.0,293574.00848828116,9.554170288443626e-07,1789.799533111151,5696.0,1.0,,228,,,,,,,,
6.827687505996437,0.004526913059937243,0.0472412109375,0.39597058420379955,0.0,0.0091225,4.0,0.4275,0.011445803803023106,0.21294972642014423,-0.006410508872553085,7.386068621902572e-07,6.869629712487798e-07,296816.2452499999,1.0,293485.16627343744,9.554170288443626e-07,1927.1024851749462,5696.0,1.0,,229,,,,,,,,
7.474493334004364,0.006947627244833517,0.06298828125,0.4781254921108484,0.0,0.009075000000000001,4.0,0.42500000000000004,0.030510149318918895,0.2120784210662047,0.008527509441288808,1.9241422345809647e-06,1.570113784765681e-06,296702.59599999996,1.0,293230.07230468746,9.554170288443626e-07,1904.9836517919082,5696.0,1.0,0.7040032148361206,230,,,,,,,,
6.691273618998821,0.006422516413877884,0.0609130859375,0.4819132847090562,0.0,0.0090275,4.0,0.4225,0.021818900034607697,0.21518157484630743,-0.0003359091157714526,4.574455225281326e-06,2.476370968433154e-06,296623.20174999995,1.0,293526.2606445312,9.554170288443626e-07,1722.3231039147788,5696.0,1.0,,231,,,,,,,,
6.730590156999824,0.006178643824892305,0.06551106770833333,0.47804549771050614,0.0,0.008980000000000002,4.0,0.42000000000000004,0.015058167181753864,0.21726376687486967,-0.006893891336706777,2.8021270530587117e-06,1.0658390105315145e-06,296902.5832499999,1.0,293277.9696796875,9.554170288443626e-07,1969.87019153375,5696.0,1.0,,232,,,,,,,,
6.722623203000694,0.005455679882897376,0.0587158203125,0.45034887703756493,0.0,0.008932500000000001,4.0,0.4175,0.019423950245254673,0.20977294289817414,-0.0012228431878611445,9.632464167926477e-06,4.365213403190182e-06,296651.396,1.0,293366.84807812504,9.554170288443626e-07,1880.208901986993,5696.0,1.0,,233,,,,,,,,
6.750048335001338,0.004121146056929111,0.046223958333333336,0.39947688144942123,0.0,0.008885,4.0,0.41500000000000004,0.018315130856838852,0.2082403963431716,0.00019034599730124077,4.228397819143008e-06,1.4661413073232172e-06,296721.57325,1.0,293584.98880078126,9.554170288443626e-07,1720.9018705940575,5696.0,1.0,,234,,,,,,,,
6.734766940004192,0.003726294749831993,0.047078450520833336,0.3864885189880927,0.0,0.0088375,4.0,0.4125,0.014421528425979583,0.20830615951369205,-0.0030628493210921683,3.861824315739189e-06,9.407951336489381e-07,296789.8235,1.0,293452.0429140625,9.554170288443626e-07,1842.611179814251,5696.0,1.0,,235,,,,,,,,
6.69933540999773,0.006043927068276389,0.060750325520833336,0.43481043602029484,0.0,0.008790000000000001,4.0,0.41000000000000003,0.02439816306772021,0.1984618812178572,0.004401682022338112,1.1993311327766303e-06,6.385363716295463e-07,297127.94125,1.0,293614.0190234375,9.554170288443626e-07,1987.596386245111,5696.0,1.0,,236,,,,,,,,
6.702029056999891,0.006717920528516312,0.054646809895833336,0.3251109595100085,0.0,0.0087425,4.0,0.4075,0.013981615455122665,0.1966960576052467,-0.0005547129355060557,7.822821785907763e-07,6.355111252058047e-07,296994.16524999996,1.0,293470.45096484374,9.554170288443626e-07,1790.48608058139,5696.0,1.0,,237,,,,,,,,
6.765039888006868,0.004196164706391355,0.0494384765625,0.3228429891169071,0.0,0.008695000000000001,4.0,0.405,0.011339878086194707,0.1942085912451148,-0.0031139395917610577,6.509842786310097e-07,4.9233419237756e-07,296870.05675000005,1.0,293659.0605507812,9.554170288443626e-07,1661.690820801729,5696.0,1.0,,238,,,,,,,,
6.825945625001623,0.004158577538951806,0.046427408854166664,0.38204424393673736,0.0,0.0086475,4.0,0.40249999999999997,0.016539456490136217,0.20080067993452153,-0.0008267659189489981,8.556583317442801e-07,6.963976844076569e-07,296654.62225,1.0,293565.84220703127,9.554170288443626e-07,1916.6179916139315,5696.0,1.0,,239,,,,,,,,
7.333989026999916,0.005377933588413875,0.057454427083333336,0.36903137030700844,0.0,0.008600000000000002,4.0,0.4,0.018929836708897103,0.1976983674491445,0.0021780224051326513,9.376137851309826e-07,7.166320337148591e-07,297075.5915,1.0,293593.6054570313,9.554170288443626e-07,1724.180203554705,5696.0,1.0,0.6692649126052856,240,297191.82125,297200.805,296525.07274999993,70000042,296408.08126666665,best_of_k,297200.805,393.74599693061003
6.77753246499924,0.0047501134356287,0.0435791015625,0.4241470992565155,0.0,0.0085525,4.0,0.39749999999999996,0.02761689263570588,0.19897547581543526,0.008110933287146812,6.476849468602571e-07,5.540997118913538e-07,296561.19275,1.0,293687.97935937496,9.554170288443626e-07,1686.5023591093845,5696.0,1.0,,241,,,,,,,,
6.674023751998902,0.006869694093334526,0.058634440104166664,0.40004055698712665,0.0,0.008505,4.0,0.395,0.020725367930329714,0.19290456858774027,0.0023635802984548113,8.980132678952183e-07,6.456684555899983e-07,296842.15275,1.0,293673.81965625,9.554170288443626e-07,1766.3920750305117,5696.0,1.0,,242,,,,,,,,
6.700304596997739,0.0061197185318537795,0.059977213541666664,0.43577943618098897,0.0,0.0084575,4.0,0.39249999999999996,0.02345748017008494,0.19448535206417242,0.0033130370817768076,6.22158129459649e-07,5.39065379593732e-07,296803.429,1.0,293595.41104687494,9.554170288443626e-07,1901.1042413690172,5696.0,1.0,,243,,,,,,,,
6.709087916999124,0.004201752895455879,0.047403971354166664,0.4031379936883847,0.0,0.00841,4.0,0.39,0.023798563808668405,0.19718922457347313,0.005299520494493966,1.1767279784654268e-06,7.739658810142677e-07,297040.2647499999,1.0,293694.5780078125,9.554170288443626e-07,1872.9045813337848,5696.0,1.0,,244,,,,,,,,
6.686978747995454,0.004672381243198205,0.0455322265625,0.4473281322667996,0.0,0.0083625,4.0,0.38749999999999996,0.01726790266062987,0.19365280804534754,-0.003480385940444345,6.026689376881222e-06,1.3990330174351584e-06,297061.35725,1.0,293582.0811835937,9.554170288443626e-07,1771.6373189079904,5696.0,1.0,,245,,,,,,,,
6.722103847998369,0.005519646936667473,0.0565185546875,0.4086909672866265,0.0,0.008315000000000001,4.0,0.385,0.013195082884825146,0.18805759213864803,-0.005676983390003443,3.867943047926777e-06,1.659959034820228e-06,297488.47725,1.0,293782.2086523438,9.554170288443626e-07,1892.4771550677904,5696.0,1.0,,246,,,,,,,,
6.77496751799481,0.004989620304145366,0.05224609375,0.39420814005037147,0.0,0.0082675,4.0,0.38249999999999995,0.01794369590788847,0.1886984727655848,-0.000207074626814574,1.0086427811491678e-06,6.532180171584893e-07,297011.79274999996,1.0,293484.67595703126,9.554170288443626e-07,2064.29483637581,5696.0,1.0,,247,,,,,,,,
6.721465107999393,0.004744055911375537,0.05615234375,0.4060551927735408,0.0,0.008220000000000002,4.0,0.38,0.014573117390682455,0.1895206474388639,-0.00417208483365054,6.183666935536772e-07,4.797050578986273e-07,297125.63724999997,1.0,293972.4966835937,9.554170288443626e-07,1801.078094398584,5696.0,1.0,,248,,,,,,,,
6.733969051994791,0.0054784207549672575,0.06380208333333333,0.44193537284930545,0.0,0.0081725,4.0,0.37749999999999995,0.01907454273896292,0.19964947334180275,-0.0013915867505905528,2.854156377907202e-06,1.420088247291081e-06,297248.79925,1.0,293583.06954687496,9.554170288443626e-07,2054.100851724284,5696.0,1.0,,249,,,,,,,,
7.480805038001563,0.005792871671093991,0.056396484375,0.391198484847943,0.0,0.008125,4.0,0.375,0.01797166005174707,0.20436180817584196,6.310575796912114e-05,5.811948529081216e-05,6.514789901027977e-06,297221.86924999993,1.0,293817.1327578125,9.554170288443626e-07,1853.5721931062676,5696.0,1.0,0.5572190880775452,250,,,,,,,,
6.767093025002396,0.007643062356057199,0.06742350260416667,0.45172257348895073,0.0,0.008077500000000001,4.0,0.37250000000000005,0.02603653787324826,0.19315353222191334,0.004989952945228045,0.00017327448240204527,6.653922291377512e-06,297043.88949999993,1.0,293761.70764062495,9.554170288443626e-07,1815.7346248404247,5696.0,1.0,,251,,,,,,,,
6.668908880004892,0.004726266029505766,0.045491536458333336,0.4532135563592116,0.0,0.00803,4.0,0.37,0.012188913535889393,0.1850209046776096,-0.008987438098605102,7.599990740440414e-06,1.2622696144622598e-06,296987.8555,1.0,293885.59476562496,9.554170288443626e-07,1679.2148434475846,5696.0,1.0,,252,,,,,,,,
6.767221009002242,0.005622392543684167,0.049641927083333336,0.4482324017832677,0.0,0.007982500000000002,4.0,0.36750000000000005,0.022572242938622367,0.19006364109615484,0.0016773177194409072,1.2076382205350455e-06,7.330893687651496e-07,297428.54650000005,1.0,293819.538171875,9.554170288443626e-07,1763.6047322035618,5696.0,1.0,,253,,,,,,,,
6.808842503000051,0.004890381168394835,0.053955078125,0.4534547043343385,0.0,0.007935000000000001,4.0,0.365,0.028889430905110203,0.19726260534177223,0.007781588239595294,8.494334598670624e-07,6.026720479705242e-07,297121.24025000003,1.0,293630.35101953126,9.554170288443626e-07,1773.9189162614423,5696.0,1.0,,254,,,,,,,,
6.859777501995268,0.005166585961268844,0.053059895833333336,0.40207944934566814,0.0,0.007887500000000002,4.0,0.36250000000000004,0.020258933771401644,0.19034207332879305,0.0016559556145997096,7.280602680737047e-07,5.112298223271713e-07,297060.25999999995,1.0,293894.9224453125,9.554170288443626e-07,1695.2194363195374,5696.0,1.0,,255,,,,,,,,
6.818429660997936,0.004607708600513109,0.044108072916666664,0.42664485176404315,0.0,0.00784,4.0,0.36,0.02042997895963102,0.19479090068489313,0.000624509179033339,9.686358974173952e-07,5.811530533842794e-07,296910.67724999995,1.0,293643.58883593744,9.554170288443626e-07,1841.8972712514135,5696.0,1.0,,256,,,,,,,,
6.8446186169967405,0.003191214520798994,0.0361328125,0.3738176158318917,0.0,0.007792500000000001,4.0,0.35750000000000004,0.018858964535562944,0.19162700325250626,0.0016608845520143707,9.090652296113907e-07,7.214307456611854e-07,297190.38474999997,1.0,293678.327671875,9.554170288443626e-07,1983.4505538021203,5696.0,1.0,,257,,,,,,,,
6.8351313559978735,0.005820678757439968,0.0491943359375,0.34751545265316963,0.0,0.007745,4.0,0.355,0.009455762924820496,0.193850158713758,-0.006419005551530669,7.658533066982424e-07,5.772016393734702e-07,297039.49425,1.0,293925.3012148437,9.554170288443626e-07,1652.5702775937216,5696.0,1.0,,258,,,,,,,,
6.880962850002106,0.00582540779016331,0.054931640625,0.3398892357945442,0.0,0.007697500000000001,4.0,0.35250000000000004,0.01386540878835755,0.19693284761160612,-0.0016135713861634333,8.499003539460167e-07,6.471986893075155e-07,297167.98125,1.0,293714.0659375,9.554170288443626e-07,1864.9318715677869,5696.0,1.0,,259,,,,,,,,
7.436471724002331,0.004946364843143296,0.0523681640625,0.3271382289628188,0.0,0.0076500000000000005,4.0,0.35,0.014089405558479484,0.19607070802400509,-0.000767928499650831,7.086890943715692e-07,5.848752865726207e-07,296910.46475,1.0,293532.42440625,9.554170288443626e-07,1931.4247140139014,5696.0,1.0,0.5867218971252441,260,297488.47725,297003.1127499999,296325.92075000005,70000042,296250.03200833325,best_of_k,297003.1127499999,331.23412752433563
6.9139691250020405,0.005803738894328614,0.060302734375,0.37089505481223267,0.0,0.007602500000000002,4.0,0.34750000000000003,0.01666376239154488,0.19727014719198147,-0.0003817031586853166,7.124412964761481e-07,7.751102367355619e-07,297079.21675,1.0,293650.0399960937,9.554170288443626e-07,1969.3536602267272,5696.0,1.0,,261,,,,,,,,
6.800634438004636,0.006099734258506739,0.049560546875,0.31495306206246215,0.0,0.007555000000000001,4.0,0.345,0.01038104243343696,0.20355157926678658,-0.003829579489926497,1.3544695155095117e-06,1.3303326700982627e-06,296779.56725,1.0,293639.4879726562,9.554170288443626e-07,1820.5797559808884,5696.0,1.0,,262,,,,,,,,
6.872965467002359,0.005115364161865976,0.055419921875,0.31706480371455353,0.0,0.007507500000000002,4.0,0.3425,0.010565476201009005,0.19618932964901128,-0.0038152848331568143,7.438520306379814e-07,6.746691928090817e-07,296872.49675000005,1.0,293694.038484375,9.554170288443626e-07,1880.0224728753958,5696.0,1.0,,263,,,,,,,,
6.767474863001553,0.006141021007375939,0.05859375,0.3391358405351639,0.0,0.00746,4.0,0.33999999999999997,0.006783789142597622,0.20226863709588846,-0.008664411686671277,6.647333083975582e-07,5.307732126406487e-07,296753.531,1.0,293423.1729570312,9.554170288443626e-07,1839.1356335725072,5696.0,1.0,,264,,,,,,,,
6.789776348996384,0.004183705512986968,0.044637044270833336,0.40737539157271385,0.0,0.007412500000000001,4.0,0.3375,0.008899635965159783,0.20268573115269342,-0.00996775901391326,2.0933407457827493e-06,1.6470705060574649e-06,297263.73224999994,1.0,293281.16242578125,9.554170288443626e-07,1790.5905414241456,5696.0,1.0,,265,,,,,,,,
6.755816078002681,0.004110236261316717,0.042439778645833336,0.391393618658185,0.0,0.007365,4.0,0.33499999999999996,0.013520721957320347,0.2070801810671886,-0.004524389902750651,2.0534774355004024e-06,7.416829603812403e-07,296947.371,1.0,293419.75930859376,9.554170288443626e-07,1857.7826235162154,5696.0,1.0,,266,,,,,,,,
7.102069089996803,0.004425504135914471,0.059855143229166664,0.3902651332318783,0.0,0.007317500000000001,4.0,0.3325,0.01458369730001626,0.21067840233445168,-0.003388948884094134,4.253947871291075e-06,1.2043751915769008e-06,297145.30475,1.0,293521.88312890625,9.554170288443626e-07,1896.2189472357004,5696.0,1.0,,267,,,,,,,,
6.963875052999356,0.004558355044570621,0.051798502604166664,0.3914134254058202,0.0,0.00727,4.0,0.32999999999999996,0.017349632650924224,0.21060519261906543,-0.0006905152598240724,1.8415545604000272e-06,7.821051510129943e-07,297112.99275000003,1.0,293594.6086640625,9.554170288443626e-07,1729.1434078195637,5696.0,1.0,,268,,,,,,,,
6.816844097003923,0.0034556851445270986,0.040974934895833336,0.3730450396736463,0.0,0.0072225000000000015,4.0,0.3275,0.013241633350844495,0.20049924838046232,-0.003962896900096287,1.162502410778643e-06,5.342484913721061e-07,297261.06125,1.0,293649.050171875,9.554170288443626e-07,1861.7679643792198,5696.0,1.0,,269,,,,,,,,
7.548897745000431,0.003862449450351191,0.044881184895833336,0.3711147600164016,0.0,0.007174999999999999,4.0,0.32499999999999996,0.013531828658112014,0.2025340305020412,-0.003572211523229877,5.93649433848024e-06,1.7793809341526412e-06,296867.78474999993,1.0,293718.0239609375,9.554170288443626e-07,1711.6875627809752,5696.0,1.0,0.6423584222793579,270,,,,,,,,
6.865572563001479,0.006112237521060641,0.055867513020833336,0.37735753195981186,0.0,0.0071275,4.0,0.3225,0.015904847348186497,0.19778963644057512,-0.0015539820306003094,3.155322614153041e-06,7.649832885666304e-07,296943.94475,1.0,293585.876828125,9.554170288443626e-07,1901.93777243648,5696.0,1.0,,271,,,,,,,,
6.927579047995096,0.004341208624327446,0.052164713541666664,0.3882775977253914,0.0,0.0070799999999999995,4.0,0.31999999999999995,0.022292858273431193,0.1913032066076994,0.00423308775255767,8.538320344086969e-07,4.6365102098396466e-07,296954.82924999995,1.0,293654.57995703124,9.554170288443626e-07,1647.3279620899866,5696.0,1.0,,272,,,,,,,,
6.919765319995349,0.003979336278666941,0.044881184895833336,0.3688691444694996,0.0,0.0070325000000000006,4.0,0.3175,0.018690470251992036,0.19141135457903147,0.0015924064015659194,1.3486993761802069e-06,1.143143531242193e-06,296800.89325,1.0,293847.94097656244,9.554170288443626e-07,1778.2994856700302,5696.0,1.0,,273,,,,,,,,
6.858119158998306,0.003057749390378802,0.030965169270833332,0.38630232587456703,0.0,0.006985,4.0,0.31499999999999995,0.01368572685411588,0.18183202296495438,-0.004360744690832992,5.024621517672283e-06,1.8971219380622035e-06,296950.01199999993,1.0,293649.22561328125,9.554170288443626e-07,1660.3189078108219,5696.0,1.0,,274,,,,,,,,
6.86098668500199,0.0034903632804820597,0.0306396484375,0.36345920090874034,0.0,0.006937500000000001,4.0,0.3125,0.015442250599638404,0.18393215692291656,-0.00145659688860178,8.162298372601148e-06,2.1997170781181317e-06,297302.05675,1.0,293668.9665625,9.554170288443626e-07,1854.2279442945646,5696.0,1.0,,275,,,,,,,,
6.774212585994974,0.00504660429152759,0.047648111979166664,0.36759684545298416,0.0,0.006890000000000002,4.0,0.31000000000000005,0.016892416509411607,0.17979674879461527,-0.00024931656662374735,3.2528184685058172e-06,7.29613341595344e-07,296718.24875,1.0,293865.62881640624,9.554170288443626e-07,1741.2887722003009,5696.0,1.0,,276,,,,,,,,
6.874658546003047,0.0049004525279192634,0.0494384765625,0.3296848852187395,0.0,0.006842500000000001,4.0,0.3075,0.015112179093800174,0.18608418044944605,-9.915107511915267e-05,1.1823092229690246e-06,4.962253115081694e-07,296782.0435,1.0,293930.99975,9.554170288443626e-07,1593.9593791071202,5696.0,1.0,,277,,,,,,,,
6.7692844240009435,0.004083193016805857,0.044637044270833336,0.34695701735715073,0.0,0.006795000000000002,4.0,0.30500000000000005,0.018700605779789232,0.1838627215474844,0.0026016968671077243,8.185791268526069e-07,6.470624237901271e-07,297000.23275,1.0,293794.82878124993,9.554170288443626e-07,1710.7591265326014,5696.0,1.0,,278,,,,,,,,
6.78438280300179,0.0033326439788608684,0.038126627604166664,0.331045800819993,0.0,0.0067475,4.0,0.3025,0.010588067823846359,0.18024170429756245,-0.004748537806638827,1.0437878484500136e-06,7.822499211348107e-07,297087.01200000005,1.0,293896.72274609376,9.554170288443626e-07,1626.7393608078185,5696.0,1.0,,279,,,,,,,,
7.569507279993559,0.0044473218641497185,0.047281901041666664,0.3706639899561803,0.0,0.006700000000000001,4.0,0.30000000000000004,0.012997396697755903,0.186678238833944,-0.004285562070435844,1.2398079890137599e-06,7.570814831344327e-07,297247.68875,1.0,293952.12814062496,9.554170288443626e-07,1832.8969278153124,5696.0,1.0,0.5814184546470642,280,297488.47725,297442.16875,296518.79275,70000042,296529.5118583334,best_of_k,297442.16875,456.7825504712839
6.970552127000701,0.005482155819433121,0.053263346354166664,0.3688316307961941,0.0,0.0066525,4.0,0.2975,0.014255000239548584,0.1858015845840176,-0.002951880194207964,3.827287750131821e-06,1.9193367410963447e-06,297159.69674999994,1.0,293640.7627109375,9.554170288443626e-07,1898.8897558800795,5696.0,1.0,,281,,,,,,,,
6.84765740599687,0.0035185372394257453,0.039835611979166664,0.34499456360936165,0.0,0.0066050000000000015,4.0,0.29500000000000004,0.017344463029682327,0.18256512439499298,0.0013001204836958398,1.1973947652658505e-06,6.726110880113841e-07,297085.476,1.0,293821.6843867187,9.554170288443626e-07,1762.1916062058672,5696.0,1.0,,282,,,,,,,,
6.748724912002217,0.003723801171898966,0.038167317708333336,0.3302095519999663,0.0,0.006557500000000001,4.0,0.2925,0.016799083809019066,0.1775692437464992,0.0014526421437039971,1.261055759963862e-06,4.954735786100173e-07,297052.78349999996,1.0,293839.6223554687,9.554170288443626e-07,1696.5450943571911,5696.0,1.0,,283,,,,,,,,
6.831872418995772,0.0036215651171291143,0.039021809895833336,0.3378724195063114,0.0,0.006510000000000002,4.0,0.29000000000000004,0.02546680555678904,0.17460868755976358,0.009709458022067944,1.264506478785658e-06,6.042676758966081e-07,297136.13324999996,1.0,293921.1989960937,9.554170288443626e-07,1906.5470816732304,5696.0,1.0,,284,,,,,,,,
6.813959642000555,0.004542227328708052,0.049723307291666664,0.32488484991093475,0.0,0.0064624999999999995,4.0,0.2875,0.01057188567938283,0.18463875508556762,-0.004479700020359208,2.2444656136618355e-06,6.923565016118497e-07,296978.01775,1.0,293786.6138671875,9.554170288443626e-07,1825.7785325989692,5696.0,1.0,,285,,,,,,,,
6.794173180998769,0.004011914494323143,0.044189453125,0.3728840022037427,0.0,0.0064150000000000006,4.0,0.28500000000000003,0.014870412199040098,0.18586650242408118,-0.002589712559711188,4.013270886578842e-05,8.488475986704694e-06,296901.11724999995,1.0,293736.2168984375,9.554170288443626e-07,1757.2249478594783,5696.0,1.0,,286,,,,,,,,
6.821910081001988,0.0033133404004422515,0.0335693359375,0.3681429314116637,0.0,0.0063675,4.0,0.2825,0.018589778735379998,0.18134227053572735,0.001335853662264223,3.7254766453997945e-06,2.2047580235569817e-06,296660.08525,1.0,293766.1404453125,9.554170288443626e-07,1756.9128825986031,5696.0,1.0,,287,,,,,,,,
6.8154664499961655,0.004490337128332171,0.045817057291666664,0.34807226185997325,0.0,0.006320000000000001,4.0,0.28,0.012969303478409225,0.1803246016303698,-0.003295070976795008,9.655369339611752e-07,6.318546101150938e-07,297015.97325000004,1.0,293699.394140625,9.554170288443626e-07,1785.8504862049979,5696.0,1.0,,288,,,,,,,,
6.827123972994741,0.0019621637775840326,0.023600260416666668,0.31853470765054226,0.0,0.0062725,4.0,0.27749999999999997,0.013946873659733683,0.1783311339095235,-0.0008615298623529574,6.299177623958485e-07,3.7267592389866877e-07,297063.55725,1.0,293930.203234375,9.554170288443626e-07,1702.3245369990398,5696.0,1.0,,289,,,,,,,,
7.5296435080017545,0.0033882650083519503,0.038248697916666664,0.3375683017075062,0.0,0.006225000000000001,4.0,0.275,0.020185443630907685,0.17533809381226698,0.0043981678124206764,7.124645004334221e-07,5.369702253214351e-07,296960.91949999996,1.0,293851.60703125,9.554170288443626e-07,1828.3367785649743,5696.0,1.0,0.6349978446960449,290,,,,,,,,
6.791454791004071,0.004894123172619243,0.0491943359375,0.32059100084006786,0.0,0.006177500000000001,4.0,0.27249999999999996,0.016732724470784888,0.17495488251248995,0.0017836826737038791,6.105741690021205e-07,4.284707297112315e-07,296855.78125,1.0,293795.28183593747,9.554170288443626e-07,1850.6231908630348,5696.0,1.0,,291,,,,,,,,
6.808657287001552,0.004000358824005475,0.043701171875,0.28016897197812796,0.0,0.006130000000000002,4.0,0.27,0.019735098675785896,0.16812225027630726,0.006756750536927332,1.0396322374835638e-06,7.684094030698437e-07,296860.76875,1.0,293904.2066992187,9.554170288443626e-07,1711.089667144581,5696.0,1.0,,292,,,,,,,,
6.813696411998535,0.004152128955353144,0.039835611979166664,0.32346687527994317,0.0,0.006082499999999999,4.0,0.26749999999999996,0.014502171167502334,0.1696034719546636,-0.0006432846615401407,6.347317724456995e-06,6.1811772885297005e-06,297032.89675,1.0,293835.8650546875,9.554170288443626e-07,1801.0906812771198,5696.0,1.0,,293,,,,,,,,
7.024785932000668,0.0036721423611817037,0.040812174479166664,0.32244113956888515,0.0,0.006035,4.0,0.265,0.01879556397034321,0.16438550222665071,0.003665042012774696,2.464892665680433e-06,5.679644008438345e-07,296698.70925,1.0,293918.2038671875,9.554170288443626e-07,1656.1170555266444,5696.0,1.0,,294,,,,,,,,
6.8319555330017465,0.005406006879384269,0.0572509765625,0.32109922046462697,0.0,0.0059875,4.0,0.26249999999999996,0.012422639922685145,0.1621816180025538,-0.0026616848190315068,2.122004040335431e-06,4.275078590391483e-07,296714.91275,1.0,293778.20136328123,9.554170288443626e-07,1783.5541711539727,5696.0,1.0,,295,,,,,,,,
6.8163961980026215,0.0031198771269738876,0.034505208333333336,0.3131178331871827,0.0,0.005940000000000001,4.0,0.26,0.005216538976431669,0.16194914684941372,-0.00947766681201756,8.180923174450072e-07,4.2091204714248914e-07,297118.78125,1.0,293688.61192578124,9.554170288443626e-07,1744.946513384605,5696.0,1.0,,296,,,,,,,,
6.822805905998393,0.008178764299178631,0.06685384114583333,0.3083544373512268,0.0,0.0058925,4.0,0.25749999999999995,0.015088976847133987,0.16960794540743032,0.000670435202967686,4.979142881704016e-07,3.6858225212673307e-07,297088.21325,1.0,293832.0296601563,9.554170288443626e-07,1795.473577268386,5696.0,1.0,,297,,,,,,,,
6.84240256799967,0.0031410017360894806,0.040120442708333336,0.3452161693324645,0.0,0.005845000000000001,4.0,0.255,0.017626204981449217,0.16934318405886492,0.0013549146048414211,8.680021394980031e-07,4.118421355059354e-07,297088.94950000005,1.0,293936.99874999997,9.554170288443626e-07,1785.2909941003024,5696.0,1.0,,298,,,,,,,,
6.863153392994718,0.0068403373740448066,0.062255859375,0.3281997771312793,0.0,0.005797500000000001,4.0,0.25249999999999995,0.027814409807130385,0.17215065751224756,0.012402168455688903,5.542890063973497e-07,4.792787523892154e-07,296811.88074999995,1.0,293794.92679687496,9.554170288443626e-07,1644.172589817685,5696.0,1.0,,299,,,,,,,,
7.456778971005406,0.0037450514903429877,0.041951497395833336,0.3907801862806082,0.0,0.005750000000000002,4.0,0.25,0.015046582993818447,0.17514655770113072,-0.0034856298201096556,5.632766496196003e-07,4.794011948897984e-07,296999.355,1.0,293788.5398632813,9.554170288443626e-07,1820.8095126621295,5696.0,1.0,0.652376651763916,300,297488.47725,297165.6155,296204.75950000004,70000042,296441.01882500004,best_of_k,297165.6155,526.4100661285955
6.790045309004199,0.0037338201303287466,0.04052734375,0.39197715806464356,0.0,0.005702500000000001,4.0,0.24750000000000005,0.01989331490525122,0.1786121465265751,0.0013126959383953363,5.243550050456255e-07,4.880978377030942e-07,296742.11275,1.0,293603.555875,9.554170288443626e-07,1649.5017449003376,5696.0,1.0,,301,,,,,,,,
6.826404732004448,0.004549674784797435,0.052083333333333336,0.4093707613646984,0.0,0.005655,4.0,0.245,0.01891693014719446,0.17978883100052676,-0.0005353030477029582,7.415366300259999e-07,6.500917333340794e-07,296751.131,1.0,293523.8962734375,9.554170288443626e-07,1879.6442842351025,5696.0,1.0,,302,,,,,,,,
6.8343170110019855,0.004389621184184141,0.044881184895833336,0.39608554542064667,0.0,0.005607500000000001,4.0,0.24250000000000005,0.012555576659603199,0.18341461941599846,-0.00622050838622575,5.794664333554541e-07,4.931190803840005e-07,297053.02675,1.0,293656.45350781246,9.554170288443626e-07,1622.530498914304,5696.0,1.0,,303,,,,,,,,
6.734352464998665,0.004199441467454139,0.055216471354166664,0.41245576987663907,0.0,0.005560000000000001,4.0,0.24,0.01508659431419801,0.1801111732299129,-0.0045351188552255435,6.456002926332379e-07,5.552113891601115e-07,296926.6535,1.0,293527.7393007813,9.554170288443626e-07,1899.0469523710376,5696.0,1.0,,304,,,,,,,,
6.853821878998133,0.00352120819695112,0.040974934895833336,0.3614367215583722,0.0,0.005512500000000002,4.0,0.23750000000000004,0.015121157576989694,0.177541040815413,-0.0019722469927122197,5.78876784729232e-07,4.110304949733745e-07,297042.12525,1.0,293823.90100781247,9.554170288443626e-07,1744.1617120695619,5696.0,1.0,,305,,,,,,,,
6.768054029002087,0.004193986194821697,0.046142578125,0.3980997148901224,0.0,0.005465000000000001,4.0,0.235,0.021066318566833313,0.17857847455888987,0.002136952922834704,7.795781389319245e-07,4.643792118249242e-07,296977.68625,1.0,293798.05158203124,9.554170288443626e-07,1691.8455384973572,5696.0,1.0,,306,,,,,,,,
6.8698731969998335,0.00469064045839566,0.045328776041666664,0.38844103924930096,0.0,0.005417500000000002,4.0,0.23250000000000004,0.018288891204671625,0.17983678448945284,-0.00015927878363678852,9.458990687013132e-07,5.775299675529292e-07,297190.1595,1.0,293678.0370664062,9.554170288443626e-07,1753.2584206496415,5696.0,1.0,,307,,,,,,,,
6.8753926799981855,0.0020685075227056724,0.024617513020833332,0.371158629655838,0.0,0.00537,4.0,0.22999999999999998,0.012459041254866557,0.1762574693808953,-0.005152885423740372,1.6628560679521343e-06,6.63541799876081e-07,296803.924,1.0,293552.3921210937,9.554170288443626e-07,1737.6132243221334,5696.0,1.0,,308,,,,,,,,
6.752875935999327,0.004625816867337503,0.037068684895833336,0.3824272019167741,0.0,0.005322500000000001,4.0,0.22750000000000004,0.022190687891755562,0.17423924275984368,0.003994127580275138,1.3166251927524778e-05,2.544418790032902e-06,297039.364,1.0,293699.32226171874,9.554170288443626e-07,1751.3225583403473,5696.0,1.0,,309,,,,,,,,
7.429112625999551,0.003208414852711542,0.036702473958333336,0.3799282976736625,0.0,0.005275,4.0,0.22499999999999998,0.027014055941738963,0.17939917153368393,0.008963390932573626,2.5028732769290705e-06,6.587816407943592e-07,296994.36525,1.0,293851.0544453125,9.554170288443626e-07,1618.509116968868,5696.0,1.0,0.612410843372345,310,,,,,,,,
6.853535677000764,0.002723678744509961,0.02880859375,0.4047546262542407,0.0,0.005227500000000001,4.0,0.22250000000000003,0.019132226928680513,0.1818769887710611,-0.0001551884924992919,1.1783631871746063e-06,6.557260684066554e-07,297039.6692499999,1.0,293731.1469257812,9.554170288443626e-07,1729.3930044128915,5696.0,1.0,,311,,,,,,,,
6.76924132899876,0.003179303091655964,0.033284505208333336,0.3900722060352564,0.0,0.005180000000000001,4.0,0.21999999999999997,0.03152463851074572,0.17933416366577148,0.012949675486500686,8.205294138955802e-07,4.420753612066619e-07,296895.47274999996,1.0,293921.5099960937,9.554170288443626e-07,1769.216661246558,5696.0,1.0,,312,,,,,,,,
6.849334179001744,0.0023090030366171486,0.023885091145833332,0.4057712747404973,0.0,0.005132500000000002,4.0,0.21750000000000003,0.019907856527424883,0.17622749352206787,0.0005234907730482519,8.357611740450466e-07,4.1197941473096006e-07,297061.97325000004,1.0,293694.82546875,9.554170288443626e-07,1812.2383787506105,5696.0,1.0,,313,,,,,,,,
6.8136748889955925,0.0021766860052032655,0.028605143229166668,0.3857516621549924,0.0,0.005085000000000001,4.0,0.21499999999999997,0.0234498997136446,0.17820489220321178,0.005068030305361996,9.725263166634097e-07,7.219082617619202e-07,296957.14,1.0,293738.34009765624,9.554170288443626e-07,1755.0413028651742,5696.0,1.0,,314,,,,,,,,
6.871880960999988,0.002356925608413126,0.026407877604166668,0.4018300883471966,0.0,0.005037500000000002,4.0,0.21250000000000002,0.017421820234934177,0.1784123961503307,-0.0017714047474631418,1.4743469674745786e-06,6.49621002916471e-07,296982.62474999996,1.0,293731.85808203125,9.554170288443626e-07,1942.5253076367512,5696.0,1.0,,315,,,,,,,,
6.812395139000728,0.0037990335794173546,0.039835611979166664,0.4217798324922721,0.0,0.00499,4.0,0.20999999999999996,0.01718254115136612,0.17893330349276462,-0.003013858920894563,6.158631791208791e-07,4.4739648844919583e-07,297126.04524999997,1.0,293608.52623437496,9.554170288443626e-07,1892.14383669859,5696.0,1.0,,316,,,,,,,,
6.807753529996262,0.003723184764053459,0.042317708333333336,0.3833938855677843,0.0,0.004942500000000001,4.0,0.20750000000000002,0.018845494556444464,0.1773521505917112,0.00055212057971706,4.535454323217891e-07,3.947661291192617e-07,296894.02124999993,1.0,293785.1488476562,9.554170288443626e-07,1804.1861651833763,5696.0,1.0,,317,,,,,,,,
6.960356394003611,0.0021105372833863565,0.023356119791666668,0.41658103217681247,0.0,0.004895,4.0,0.20499999999999996,0.02198340042377822,0.18397484347224236,0.0020546000450849533,5.410389463852047e-07,5.02347120345803e-07,296881.40400000004,1.0,293658.1680742188,9.554170288443626e-07,1751.2019598855243,5696.0,1.0,,318,,,,,,,,
6.886536199999682,0.002533260521874192,0.0286865234375,0.403037774687012,0.0,0.004847500000000001,4.0,0.2025,0.01418377635491197,0.17686428657422462,-0.005111045204102993,6.447635498100605e-07,4.358319364664946e-07,297080.91274999996,1.0,293661.85894531244,9.554170288443626e-07,1788.450692373764,5696.0,1.0,,319,,,,,,,,
7.628963998999097,0.00292866335240675,0.029866536458333332,0.4007567564646403,0.0,0.0048000000000000004,4.0,0.19999999999999996,0.018909312829540188,0.1710603650038441,-0.0003082225836503009,2.7789143584773988e-06,1.0185391670821293e-06,297105.73099999997,1.0,293376.83053125,9.554170288443626e-07,2002.6582491878532,5696.0,1.0,0.6522837281227112,320,297488.47725,297209.65099999995,296781.29325000005,70000042,296427.2518333334,best_of_k,297209.65099999995,616.0186688008434
6.90210799700435,0.0027877895346966794,0.032755533854166664,0.3896220854173104,0.0,0.0047525000000000015,4.0,0.1975,0.016278869542778313,0.1763492009292046,-0.0023647125635761768,2.5603370220987167e-06,6.4244647942265e-07,296886.15599999996,1.0,293773.4260195312,9.554170288443626e-07,1888.0886907681197,5696.0,1.0,,321,,,,,,,,
6.951615306003077,0.003629413947716875,0.037068684895833336,0.3755050214628379,0.0,0.004704999999999999,4.0,0.19499999999999995,0.01953218308578168,0.173121253028512,0.0015711999537112813,5.898610074458096e-07,4.1644411060322756e-07,297116.403,1.0,293877.03428515623,9.554170288443626e-07,1745.4360351795617,5696.0,1.0,,322,,,,,,,,
6.904368629999226,0.0019052515815986364,0.021687825520833332,0.3382747396826744,0.0,0.0046575,4.0,0.1925,0.017062226247314054,0.17286332913984856,0.0009532034649358442,1.4916088624990682e-06,4.944172739366574e-07,296811.95599999995,1.0,293699.6464765625,9.554170288443626e-07,1799.4662932432204,5696.0,1.0,,323,,,,,,,,
6.843222242001502,0.0035016943023697213,0.040283203125,0.3144485056400299,0.0,0.0046099999999999995,4.0,0.18999999999999995,0.013035149931965861,0.17229537246748805,-0.0018941197971192498,6.643258415076995e-06,9.22006481237266e-07,297480.98125,1.0,293848.77685937495,9.554170288443626e-07,1772.8698969864588,5696.0,1.0,,324,,,,,,,,
6.834152056995663,0.00213486282598474,0.027018229166666668,0.3676490479459365,0.0,0.004562500000000001,4.0,0.1875,0.013990089963044738,0.17194865799198547,-0.003608836035709828,6.752622313162722e-06,6.271784620537346e-07,297076.3995,1.0,293841.6470859375,9.554170288443626e-07,1898.220574007809,5696.0,1.0,,325,,,,,,,,
6.863089077000041,0.002400380634638507,0.0269775390625,0.3403788326929013,0.0,0.004515000000000002,4.0,0.18500000000000005,0.017995257449607987,0.16744009032845497,0.0017320213179724913,8.462138261222663e-07,4.0350365774581104e-07,296852.44075,1.0,293955.6214609375,9.554170288443626e-07,1748.7605840780561,5696.0,1.0,,326,,,,,,,,
6.982179808001092,0.002315334806691771,0.030232747395833332,0.3692374105254809,0.0,0.004467500000000001,4.0,0.1825,0.017528369443122454,0.16704641530911127,-0.0001874802983365953,5.862452117829283e-07,4.002200704178449e-07,297046.7092500001,1.0,293825.7202890625,9.554170288443626e-07,1659.5278609016202,5696.0,1.0,,327,,,,,,,,
6.855871611005568,0.0016745265771715978,0.019978841145833332,0.3436079565435648,0.0,0.004420000000000002,4.0,0.18000000000000005,0.018886949141839676,0.17156878858804703,0.0024646007126042,8.026903426383569e-07,4.0800990142031424e-07,296866.11725,1.0,293849.30928125,9.554170288443626e-07,1699.332712453905,5696.0,1.0,,328,,,,,,,,
6.867329515000165,0.0045883013308693306,0.050740559895833336,0.3012117600689332,0.0,0.004372500000000001,4.0,0.1775,0.009360097634877699,0.1678273699556788,-0.004967213564668782,1.2450635698731578e-06,8.469615136637761e-07,297159.43950000004,1.0,293940.38192578126,9.554170288443626e-07,1808.8048438370538,5696.0,1.0,,329,,,,,,,,
7.466261615001713,0.0022324538575882644,0.025594075520833332,0.32763910107314587,0.0,0.0043250000000000025,4.0,0.17500000000000004,0.011445833379790807,0.16971714173754057,-0.004209353540015097,4.644712022402094e-05,5.226061740989015e-06,297505.22124999994,1.0,293953.261015625,9.554170288443626e-07,1848.6639580374622,5696.0,1.0,0.6238245964050293,330,,,,,,,,
7.044004166004015,0.0027543360313007823,0.031656901041666664,0.376463009044528,0.0,0.0042775,4.0,0.1725,0.01960351993329823,0.17013822247584662,0.0015023090818431228,3.690620552750564e-05,4.2702994882404255e-06,297272.30924999993,1.0,293977.54132031254,9.554170288443626e-07,1739.4442861532802,5696.0,1.0,,331,,,,,,,,
6.888179259003664,0.0032919700881444136,0.0401611328125,0.39340411871671677,0.0,0.004230000000000001,4.0,0.17000000000000004,0.021481397465928847,0.17564712526897588,0.002553317928686738,3.2383958199488916e-06,1.0745216971012421e-06,297096.94125,1.0,293841.2324335937,9.554170288443626e-07,1795.1477063224947,5696.0,1.0,,332,,,,,,,,
6.864331826996931,0.002424482846184054,0.028767903645833332,0.43265665012101334,0.0,0.004182500000000002,4.0,0.16749999999999998,0.02201198973004163,0.17885852387795845,0.0011269014697366704,9.467642207994231e-07,4.735611559188631e-07,296982.75125,1.0,293858.27064453124,9.554170288443626e-07,1751.2637896102672,5696.0,1.0,,333,,,,,,,,
6.8201338009967,0.0030752711848333427,0.033243815104166664,0.46624607344468433,0.0,0.004135,4.0,0.16500000000000004,0.02648838993627578,0.175412326430281,0.0039010945280703404,8.69833327736084e-07,4.6896490365118854e-07,296896.68375,1.0,293964.96377734374,9.554170288443626e-07,1704.896370196804,5696.0,1.0,,334,,,,,,,,
6.82812881499558,0.0023325042097435875,0.029215494791666668,0.3718259334564209,0.0,0.004087500000000001,4.0,0.16249999999999998,0.02646299479723287,0.17773854297896227,0.008597933570854366,6.410817885438291e-07,4.115306418602434e-07,296789.34924999997,1.0,293708.617140625,9.554170288443626e-07,1821.4996385135516,5696.0,1.0,,335,,,,,,,,
6.851921670000593,0.0030683355659428813,0.036661783854166664,0.4096441051612298,0.0,0.004040000000000002,4.0,0.16000000000000003,0.024123909725555375,0.18071663348625103,0.004371547877478103,5.616756801885003e-07,3.908317633971592e-07,296982.43275,1.0,293848.97051171877,9.554170288443626e-07,1711.2859377812097,5696.0,1.0,,336,,,,,,,,
6.779874248997658,0.001793421615198169,0.017903645833333332,0.4136718437075615,0.0,0.0039924999999999995,4.0,0.15749999999999997,0.022492097753759783,0.17984981276094913,0.0025262973310115435,5.362218651328021e-07,4.091811855270559e-07,296919.9522499999,1.0,293823.12303125,9.554170288443626e-07,1681.6446153492377,5696.0,1.0,,337,,,,,,,,
6.8459371229982935,0.0022821982191538006,0.02685546875,0.364319712544481,0.0,0.003945000000000001,4.0,0.15500000000000003,0.020110749132679,0.17204694325725237,0.0025732514526074133,4.967984903458955e-07,3.759430935446062e-07,296955.6555,1.0,293849.416484375,9.554170288443626e-07,1640.6363401508618,5696.0,1.0,,338,,,,,,,,
6.8403609020024305,0.005325922999632897,0.050374348958333336,0.35615036884943646,0.0,0.0038975000000000017,4.0,0.15249999999999997,0.019643000390108984,0.17266882242014012,0.002508215548004955,4.8079930377772e-07,3.889969484305311e-07,296954.22125,1.0,293857.3142734375,9.554170288443626e-07,1560.3492559341744,5696.0,1.0,,339,,,,,,,,
7.443031647002499,0.001830147763964618,0.021036783854166668,0.36972115002572536,0.0,0.0038500000000000027,4.0,0.15000000000000002,0.024820089563339327,0.17273999378085136,0.006998837430728599,4.5344662069624064e-07,3.9566211462727097e-07,297220.73675,1.0,293837.63234375,9.554170288443626e-07,1757.5380681774213,5696.0,1.0,0.5883431434631348,340,297505.22124999994,297155.4235,296539.68074999994,70000042,296482.2369083333,best_of_k,297155.4235,418.42701016960194
6.8201950040020165,0.002198137210572678,0.027547200520833332,0.37525668181478977,0.0,0.0038025000000000003,4.0,0.14749999999999996,0.020695390641776612,0.1744518761212627,0.002595642833815267,4.5855931022723934e-07,4.412780623871034e-07,296981.14825,1.0,293864.9369492188,9.554170288443626e-07,1546.5861211176707,5696.0,1.0,,341,,,,,,,,
6.853370325996366,0.0020154673928190667,0.0238037109375,0.40088707332809764,0.0,0.0037550000000000014,4.0,0.14500000000000002,0.019651904553029453,0.17068768478929996,0.0002482277729238073,4.9862459583494e-07,4.0946726483544654e-07,296935.027,1.0,293575.6743984375,9.554170288443626e-07,1772.33402997774,5696.0,1.0,,342,,,,,,,,
6.893762100000458,0.00271645002868078,0.036336263020833336,0.3672757626821597,0.0,0.003707499999999999,4.0,0.14249999999999996,0.004176783879908423,0.1701418962329626,-0.013556416204664856,4.140249150926441e-07,3.432511862892322e-07,296924.38925,1.0,293833.817,9.554170288443626e-07,1630.7727521412785,5696.0,1.0,,343,,,,,,,,
6.749536972994974,0.00264006721088846,0.032877604166666664,0.3496693962564071,0.0,0.00366,4.0,0.14,0.023099517294516165,0.1765472243229548,0.006261987805676957,4.2532816439215065e-07,3.5846638250329005e-07,297493.20525,1.0,293918.39639843744,9.554170288443626e-07,1739.219637015695,5696.0,1.0,,344,,,,,,,,
6.818411899002967,0.0018045801047044858,0.018717447916666668,0.39557804850240547,0.0,0.003612500000000001,4.0,0.13749999999999996,0.017972174677803803,0.1807685907309254,-0.0011539691283057134,4.88930351020637e-07,4.3630886873794833e-07,297253.923,1.0,293882.9005546875,9.554170288443626e-07,1640.8489190272196,5696.0,1.0,,345,,,,,,,,
6.980027441997663,0.001937091622436012,0.019449869791666668,0.35009583334128064,0.0,0.003565000000000002,4.0,0.135,0.012548324546514777,0.175754316461583,-0.0043301313028981285,4.229414631851114e-07,3.73140761548522e-07,297279.68075,1.0,293902.9150546875,9.554170288443626e-07,1592.6793342843496,5696.0,1.0,,346,,,,,,,,
6.705812300999241,0.0016751706204581514,0.018107096354166668,0.3691540950288375,0.0,0.0035175,4.0,0.13249999999999995,0.0176277596813937,0.17439235839992762,-0.00021675252355635166,4.488750372881138e-07,3.7506499180513703e-07,296949.8075,1.0,293776.721125,9.554170288443626e-07,1665.046224015373,5696.0,1.0,,347,,,,,,,,
6.801231497003755,0.002163995192086728,0.021321614583333332,0.3269672952592373,0.0,0.003470000000000001,4.0,0.13,0.010525113277253695,0.17193999591593942,-0.005226840138978635,4.0977590802053027e-07,3.5890518882789973e-07,296917.54925,1.0,293869.0849726562,9.554170288443626e-07,1761.7608598428878,5696.0,1.0,,348,,,,,,,,
6.825273754999216,0.0024163486507768894,0.024007161458333332,0.30719583109021187,0.0,0.0034224999999999985,4.0,0.12749999999999995,0.015170355012135891,0.17475578468292952,0.0004084466490894556,4.109503712138955e-07,3.5428670663861794e-07,296854.18124999997,1.0,293905.3114492187,9.554170288443626e-07,1676.5455332557076,5696.0,1.0,,349,,,,,,,,
7.458481910995033,0.0020830563737945043,0.023600260416666668,0.36145688345034915,0.0,0.0033749999999999995,4.0,0.125,0.012012909772844674,0.1745061855763197,-0.005471188381003837,4.0561472758327e-07,3.416976562438852e-07,296959.50474999996,1.0,293914.2587460937,9.554170288443626e-07,1827.358323957764,5696.0,1.0,0.5611825585365295,350,,,,,,,,
6.747451451003144,0.0015681886282118047,0.0159912109375,0.42313008320828277,0.0,0.0033275000000000006,4.0,0.12250000000000005,0.013013547850277973,0.17482408539702496,-0.007561436388641596,3.8835494464706244e-07,3.3524643239246643e-07,297125.0235,1.0,293884.57913671876,9.554170288443626e-07,1652.7366596459408,5696.0,1.0,,351,,,,,,,,
6.733264328002406,0.0022824942406428996,0.026407877604166668,0.37696872527400654,0.0,0.0032800000000000017,4.0,0.12,0.024460929501704715,0.17282534576952457,0.006177833187393844,2.2205867136193547e-06,2.6099282492234957e-06,297185.699,1.0,294073.266453125,9.554170288443626e-07,1657.2008320109844,5696.0,1.0,,352,,,,,,,,
6.753476085999864,0.0025401924733599777,0.027994791666666668,0.33689975552260876,0.0,0.0032325000000000027,4.0,0.11750000000000005,0.0239304878693171,0.17230115178972483,0.007642030046554282,6.877078864893823e-07,7.27694529227089e-07,296889.262,1.0,293962.34772656247,9.554170288443626e-07,1774.0107835349984,5696.0,1.0,,353,,,,,,,,
6.714472681996995,0.002436486224410913,0.0245361328125,0.37266560085117817,0.0,0.0031850000000000003,4.0,0.11499999999999999,0.014710965415967317,0.17500116241474947,-0.003365181958846127,4.2663736602814123e-07,4.0613971978113267e-07,296972.48874999996,1.0,293977.95155468746,9.554170288443626e-07,1664.811421983436,5696.0,1.0,,354,,,,,,,,
6.79920422599389,0.0018922482218621066,0.022420247395833332,0.37334470512966317,0.0,0.0031375000000000014,4.0,0.11250000000000004,0.024368819015459547,0.1728544052069386,0.006243668933166191,4.0253431817423763e-07,4.097506488183929e-07,296617.41975,1.0,293801.2870820312,9.554170288443626e-07,1612.1588968489232,5696.0,1.0,,355,,,,,,,,
6.702914722998685,0.002083628447746122,0.024495442708333332,0.40577172798415023,0.0,0.003089999999999999,4.0,0.10999999999999999,0.019455085045289405,0.17893541573236385,-0.0002807891190362473,3.419353748294422e-07,3.282012220514237e-07,296991.795,1.0,294010.8961875,9.554170288443626e-07,1645.2009579391797,5696.0,1.0,,356,,,,,,,,
6.863460618995305,0.0016681446787374377,0.018513997395833332,0.3825853653252125,0.0,0.0030425,4.0,0.10750000000000004,0.023511897927771013,0.17812229755024114,0.004924358023951451,4.1015403814033863e-07,3.3464808879557495e-07,296974.00875000004,1.0,293752.7528320312,9.554170288443626e-07,1727.0755338937886,5696.0,1.0,,357,,,,,,,,
6.743066798000655,0.001503615062014833,0.019368489583333332,0.3583973174293836,0.0,0.002995000000000001,4.0,0.10499999999999998,0.014918693889436932,0.1778374301890532,-0.002468894002959132,6.801443402556137e-07,5.527438483217869e-07,296927.7115,1.0,293775.110265625,9.554170288443626e-07,1869.7532123557369,5696.0,1.0,,358,,,,,,,,
6.71753725400049,0.00197679756260379,0.02294921875,0.4192905028661092,0.0,0.002947500000000002,4.0,0.10250000000000004,0.023223730137639603,0.1762442026908199,0.0027785151614807546,2.9826577592947007e-07,2.7651563527797407e-07,297204.35625,1.0,293992.8292851562,9.554170288443626e-07,1784.2201525269024,5696.0,1.0,,359,,,,,,,,
7.50185344399506,0.002488746807168818,0.025797526041666668,0.39671456068754196,0.0,0.0029,4.0,0.09999999999999998,0.021520131461632747,0.17455512130012116,0.002190390970402708,4.140864463172041e-07,3.625968301908718e-07,297060.23274999997,1.0,293831.55288281245,9.554170288443626e-07,1781.2110523995439,5696.0,1.0,0.6163647174835205,360,297505.22124999994,297232.13525,296925.90124999994,70000042,296580.193175,best_of_k,297232.13525,501.3886994026978
6.693012054995052,0.0019611832063618864,0.020914713541666668,0.3724657588948806,0.0,0.002852500000000001,4.0,0.09750000000000003,0.02028220893771504,0.17588372187068066,0.0021603525480410704,4.85892333775458e-07,4.5534106618561054e-07,297094.821,1.0,294051.8865898438,9.554170288443626e-07,1749.341573649074,5696.0,1.0,,361,,,,,,,,
6.75737241400202,0.0017250429762602308,0.019694010416666668,0.3800193915764491,0.0,0.002805000000000002,4.0,0.09499999999999997,0.01877322039217688,0.17633238962541023,0.00026662319820995134,5.317622158903154e-07,3.7138662219623103e-07,296979.38125000003,1.0,293861.328015625,9.554170288443626e-07,1883.9042001785983,5696.0,1.0,,362,,,,,,,,
6.774648616999912,0.0012061739414953216,0.013468424479166666,0.343591599414746,0.0,0.002757500000000003,4.0,0.09250000000000003,0.015806807486418013,0.1790217480932673,-0.0008793489929909507,7.119661222058463e-07,3.159910872222819e-07,297054.6235,1.0,294090.15173437505,9.554170288443626e-07,1646.2033202984417,5696.0,1.0,,363,,,,,,,,
6.767154263994598,0.001680729940765661,0.018473307291666668,0.41751317121088505,0.0,0.0027100000000000006,4.0,0.08999999999999997,0.024395165135501884,0.17765856658418974,0.0040007275335180266,5.231442964751901e-07,3.6223919508415747e-07,296846.92074999993,1.0,293797.7518242188,9.554170288443626e-07,1826.1272061938364,5696.0,1.0,,364,,,,,,,,
6.680263399000978,0.0015480984459800655,0.015096028645833334,0.4773776773363352,0.0,0.0026625000000000017,4.0,0.08750000000000002,0.017800882347122144,0.1771776828293999,-0.005596504624312122,4.376184552512541e-07,3.8874371277586306e-07,296891.483,1.0,293660.8229609375,9.554170288443626e-07,1874.6606422197503,5696.0,1.0,,365,,,,,,,,
6.742513003999193,0.0017140008716426773,0.0196533203125,0.42106237324575585,0.0,0.0026149999999999993,4.0,0.08499999999999996,0.018837240771972574,0.17469739696631828,-0.0017593145991365116,5.197971718236735e-07,4.377493224202074e-07,297003.85899999994,1.0,293672.05945703125,9.554170288443626e-07,1990.8039833536313,5696.0,1.0,,366,,,,,,,,
6.648877601001004,0.0017567365833870419,0.017618815104166668,0.38410057748357457,0.0,0.0025675000000000003,4.0,0.08250000000000002,0.019713179499376565,0.17661507738133272,0.0009614122585238268,3.5476288573477177e-07,3.23597361647406e-07,296880.513,1.0,293981.2064140625,9.554170288443626e-07,1602.7811518652156,5696.0,1.0,,367,,,,,,,,
6.651969407997967,0.001464439309441919,0.015869140625,0.3893699999898672,0.0,0.0025200000000000014,4.0,0.07999999999999996,0.01694309451825878,0.17369930616890392,-0.002087864326313138,3.397206578270584e-07,2.9235840711313205e-07,296859.3595,1.0,293857.73187890626,9.554170288443626e-07,1870.7672893863112,5696.0,1.0,,368,,,,,,,,
6.817802578996634,0.0023994382140372452,0.028157552083333332,0.38036091811954975,0.0,0.0024725000000000025,4.0,0.07750000000000001,0.02262805508992945,0.17347921151667833,0.004038741947927822,3.664455743290773e-07,3.1417963697322193e-07,297059.04299999995,1.0,293926.17249218747,9.554170288443626e-07,1780.6347874958055,5696.0,1.0,,369,,,,,,,,
7.41788401100348,0.002113223440685541,0.022176106770833332,0.3916761986911297,0.0,0.002425,4.0,0.07499999999999996,0.015976021231229726,0.1693913172930479,-0.003197204505947108,3.4057809609559325e-07,3.11030303142464e-07,297071.03725,1.0,293996.3412070312,9.554170288443626e-07,1719.3914643316145,5696.0,1.0,0.6167827844619751,370,,,,,,,,
6.654873858002247,0.0011693003575012166,0.009562174479166666,0.37201458029448986,0.0,0.002377500000000001,4.0,0.07250000000000001,0.015769417376456357,0.17205970734357834,-0.002423124989339461,2.8627836480647297e-06,1.1973296262605497e-06,296942.55724999995,1.0,294066.2238125,9.554170288443626e-07,1749.469060078796,5696.0,1.0,,371,,,,,,,,
6.675342170005024,0.001854311852087509,0.019978841145833332,0.4025648000339667,0.0,0.0023299999999999987,4.0,0.06999999999999995,0.015695096969769413,0.17518568069984516,-0.004025810398161411,3.94108592990013e-06,9.117591825239894e-07,296757.51925,1.0,293823.837109375,9.554170288443626e-07,1848.8562229212462,5696.0,1.0,,372,,,,,,,,
6.759830818002229,0.0016119156892249926,0.018717447916666668,0.38974058379729587,0.0,0.0022825,4.0,0.0675,0.024413284244171034,0.17236761997143427,0.005319394326458375,7.594059307317972e-07,4.270467008164284e-07,296808.71949999995,1.0,293825.8856210937,9.554170288443626e-07,1742.5534521939503,5696.0,1.0,,373,,,,,,,,
6.72444635899592,0.000966453321848082,0.0093994140625,0.3992162427554528,0.0,0.002235000000000001,4.0,0.06499999999999995,0.02009671148698544,0.1729461420327425,0.0005222266578736404,3.889481252628002e-07,3.3515247762257633e-07,297042.115,1.0,293977.49114453123,9.554170288443626e-07,1792.0163647287243,5696.0,1.0,,374,,,,,,,,
6.763533912002458,0.000869664716018459,0.008260091145833334,0.3574194312095642,0.0,0.002187500000000002,4.0,0.0625,0.013088837646137108,0.1728343597302834,-0.004404270972978945,3.9796539397229935e-07,3.445635341492448e-07,296900.56299999997,1.0,293986.324109375,9.554170288443626e-07,1705.8288925696015,5696.0,1.0,,375,,,,,,,,
6.678580346000672,0.0008925333535518831,0.008626302083333334,0.35853986504177254,0.0,0.002140000000000003,4.0,0.06000000000000005,0.018713159845598664,0.17261516178647676,0.0011553569735648732,3.801090482369318e-07,3.361402954501121e-07,297191.30475,1.0,293902.89700390626,9.554170288443626e-07,1873.2317613093583,5696.0,1.0,,376,,,,,,,,
6.589261337998323,0.0010082222375768317,0.009114583333333334,0.37475226012368995,0.0,0.0020925000000000006,4.0,0.057499999999999996,0.018382949635755114,0.1700723341976603,1.017809457456072e-06,3.422685406206938e-07,3.20671401136489e-07,297056.86475,1.0,294059.62193359376,9.554170288443626e-07,1668.6056782799265,5696.0,1.0,,377,,,,,,,,
6.7272821240039775,0.00124999259841152,0.0128173828125,0.39247166241208714,0.0,0.0020450000000000017,4.0,0.05500000000000005,0.01565191585784002,0.1722937716792027,-0.0036195430050914488,4.0583295242887135e-07,3.517637345851199e-07,296988.67499999993,1.0,293821.58130859374,9.554170288443626e-07,1819.876074076013,5696.0,1.0,,378,,,,,,,,
6.744439775997307,0.0013938370793065147,0.015096028645833334,0.42910908224682015,0.0,0.0019974999999999993,4.0,0.05249999999999999,0.021864704419082653,0.1708030200873812,0.0007502393370183805,3.330228176186741e-07,3.122190627517322e-07,297089.81324999995,1.0,294016.4502617187,9.554170288443626e-07,1766.8517688049878,5696.0,1.0,,379,,,,,,,,
7.26415983899642,0.0006016185782013276,0.005045572916666667,0.3621679625163476,0.0,0.0019500000000000003,4.0,0.050000000000000044,0.013587389582729278,0.16708815346161524,-0.004195338910600792,2.654183071844803e-07,2.5052994286530367e-07,297147.37325,1.0,294198.85659374995,9.554170288443626e-07,1654.322775562236,5696.0,1.0,0.576984703540802,380,297505.22124999994,297301.42925,297068.58925,70000042,296775.66616666666,best_of_k,297301.42925,525.6718252450017
6.728191005000554,0.0014044108798369297,0.016194661458333332,0.3696741387248039,0.0,0.0019025000000000014,4.0,0.04749999999999999,0.01904186437847481,0.16723065295567116,0.0008761433321827402,2.901328327216864e-07,2.8212681820368363e-07,297134.04524999997,1.0,294223.41874609375,9.554170288443626e-07,1655.2355498142426,5696.0,1.0,,381,,,,,,,,
6.820887400004722,0.0015123827713607874,0.016398111979166668,0.38177503521243733,0.0,0.0018550000000000025,4.0,0.04500000000000004,0.013893527783996737,0.1657985175649325,-0.004887852808072542,3.2063305018444527e-07,3.053471324676593e-07,297134.683,1.0,294084.17638671875,9.554170288443626e-07,1756.281353049505,5696.0,1.0,,382,,,,,,,,
6.8376127509982325,0.0010105729644063939,0.010701497395833334,0.3957729047785203,0.0,0.0018075,4.0,0.04249999999999998,0.01611964457212404,0.16473598716159663,-0.0033714645639217147,3.8931394404547365e-07,3.6953561751336866e-07,297163.28875,1.0,294014.10634375,9.554170288443626e-07,1779.2819527836618,5696.0,1.0,,383,,,,,,,,
6.70503585300321,0.0011375392555282489,0.011637369791666666,0.3637838661670685,0.0,0.0017600000000000011,4.0,0.040000000000000036,0.018087499379665434,0.16823026755203804,0.00019422961243738732,2.7303308799038933e-07,2.6923990622170396e-07,297374.08300000004,1.0,294244.20873046876,9.554170288443626e-07,1577.8197766346927,5696.0,1.0,,384,,,,,,,,
6.756527115998324,0.0010889526741760431,0.012898763020833334,0.3812795827786128,0.0,0.0017124999999999987,4.0,0.03749999999999998,0.01904876291397765,0.16591423035909733,0.0002686720108613372,4.05659413023803e-07,3.977396740850736e-07,297206.09325000003,1.0,294072.1415898438,9.554170288443626e-07,1765.0120910200303,5696.0,1.0,,385,,,,,,,,
6.8922458390006796,0.0016401170759145305,0.0177001953125,0.3421940114349127,0.0,0.0016649999999999998,4.0,0.03500000000000003,0.011773410836516026,0.170694754148523,-0.005052255912839125,2.9073836849136114e-07,2.872593546735895e-07,296986.6875,1.0,294201.66984374996,9.554170288443626e-07,1620.3563537542598,5696.0,1.0,,386,,,,,,,,
6.775830216996837,0.0009023262266065757,0.007609049479166667,0.42338516811529797,0.0,0.0016175000000000009,4.0,0.03249999999999997,0.015755700226388097,0.17593090515583754,-0.00512918703801309,3.3363650212929013e-07,3.2629571874072855e-07,297093.7435,1.0,293985.5808710938,9.554170288443626e-07,1621.6095892836365,5696.0,1.0,,387,,,,,,,,
6.800932976002514,0.0016803432169658628,0.015706380208333332,0.399271201963226,0.0,0.001570000000000002,4.0,0.030000000000000027,0.019763519982613314,0.16664186399430037,6.139676164214809e-05,3.235106310247223e-07,3.157312242763055e-07,297137.04375,1.0,293868.12787890626,9.554170288443626e-07,1660.767015429262,5696.0,1.0,,388,,,,,,,,
6.805331002004095,0.0014611032151607972,0.0137939453125,0.3846815923849742,0.0,0.0015224999999999995,4.0,0.02749999999999997,0.014324521585876937,0.16877248169233403,-0.00465281488141045,3.7174994519754517e-07,3.489721347449404e-07,297090.25549999997,1.0,294011.1637421875,9.554170288443626e-07,1715.1860054358087,5696.0,1.0,,389,,,,,,,,
7.347765600003186,0.0014413427222207769,0.0159912109375,0.37239408989747363,0.0,0.0014750000000000006,4.0,0.025000000000000022,0.014135471347496301,0.16801080262909332,-0.0042365986737422645,3.2126601201554195e-07,2.9800372125521335e-07,296902.64300000004,1.0,294128.82895703125,9.554170288443626e-07,1673.7182336252688,5696.0,1.0,0.6295931339263916,390,,,,,,,,
6.738763289002236,0.0018060719485298489,0.021565755208333332,0.35719447831312817,0.0,0.0014275000000000017,4.0,0.022499999999999964,0.007554940350625354,0.16610449894020954,-0.010067816687903056,2.4977053699378377e-07,2.436706457350131e-07,297166.0795,1.0,294176.1950664063,9.554170288443626e-07,1650.2521882684748,5696.0,1.0,,391,,,,,,,,
6.870804812002461,0.0013641827440298293,0.012858072916666666,0.37345396044353646,0.0,0.0013800000000000028,4.0,0.020000000000000018,0.01705284244962968,0.1680515849341949,-0.0013881090950841706,2.905349102041062e-07,2.705122351306007e-07,297279.45099999994,1.0,294077.8349179687,9.554170288443626e-07,1675.3056510620238,5696.0,1.0,,392,,,,,,,,
6.751149224000983,0.0010949685245423464,0.010213216145833334,0.3440065464625756,0.0,0.0013325000000000004,4.0,0.01749999999999996,0.015166530894930474,0.16704590960095325,-0.0018113571471379448,2.621819747972154e-07,2.44464047227666e-07,297231.6635,1.0,294222.39910937496,9.554170288443626e-07,1606.0892136428236,5696.0,1.0,,393,,,,,,,,
6.649605512997368,0.0007061163222128464,0.006795247395833333,0.36091442095736664,0.0,0.0012850000000000014,4.0,0.015000000000000013,0.01732739961395661,0.16322572513793907,-0.000508721141765515,2.581441425064668e-07,2.3656502386633824e-07,297198.75500000006,1.0,294232.01204296877,9.554170288443626e-07,1657.9015698643216,5696.0,1.0,,394,,,,,,,,
6.785065056006715,0.0018796731598112644,0.020100911458333332,0.38441294866303605,0.0,0.001237499999999999,4.0,0.012499999999999956,0.026403893908233538,0.17167593414584795,0.007395489442084606,3.6605698265172276e-07,3.376732582438535e-07,297511.69550000003,1.0,293939.41415624996,9.554170288443626e-07,1865.6722893467197,5696.0,1.0,,395,,,,,,,,
6.8186722730024485,0.001386677001496454,0.0166015625,0.3662867359817028,0.0,0.00119,4.0,0.010000000000000009,0.007766234610850613,0.16790507237116495,-0.01034845745501419,2.896005020976607e-07,2.652229994145235e-07,297428.04724999995,1.0,294283.2313398437,9.554170288443626e-07,1732.4462728190679,5696.0,1.0,,396,,,,,,,,
6.747742275998462,0.0008173588008043945,0.0079345703125,0.3899869384864966,0.0,0.0011425000000000012,4.0,0.007499999999999951,0.015375813675442865,0.16525638879587254,-0.0039349325525108725,3.724346342437457e-07,3.3362238719784426e-07,297087.59949999995,1.0,294011.15591015626,9.554170288443626e-07,1807.6956248765662,5696.0,1.0,,397,,,,,,,,
6.763518651998311,0.0016564463798506661,0.016682942708333332,0.361078105866909,0.0,0.0010950000000000022,4.0,0.0050000000000000044,0.014198141536932477,0.16412342572584748,-0.003676254923144976,3.8306544543805404e-07,3.348441183585275e-07,297468.3675,1.0,294185.9721445312,9.554170288443626e-07,1709.7892285664475,5696.0,1.0,,398,,,,,,,,
6.944702193999547,0.0013337511540358153,0.014607747395833334,0.3831565771251917,0.0,0.0010474999999999998,4.0,0.0024999999999999467,0.021170143571604665,0.16775491119672856,0.002187860858005782,3.4509298352247697e-07,2.8351656163512945e-07,297066.57324999996,1.0,294149.359796875,9.554170288443626e-07,1626.4075428577385,5696.0,1.0,,399,,,,,,,,
7.4422077470007935,0.0011499941075704772,0.0111083984375,0.3842873436709245,0.0,0.0010000000000000009,4.0,0.0,0.010674687136391489,0.1686052049820622,-0.008371327712666243,9.823943708890208e-07,3.0843251834037727e-07,297189.0235,1.0,294047.94562890625,9.554170288443626e-07,1697.536303113482,5696.0,1.0,0.5721927285194397,400,297511.69550000003,297536.30350000004,297377.27725,70000042,297012.4663916667,best_of_k,297536.30350000004,473.47894539232243
