elapsed_seconds,optimization_approximate_kl,optimization_clip_fraction,optimization_count_loss,optimization_early_kl_stop,optimization_entropy_coefficient,optimization_epochs_completed,optimization_learning_rate_fraction,optimization_loss,optimization_normalized_entropy,optimization_policy_loss,optimization_q_loss,optimization_value_loss,rollout_best_objective,rollout_feasible_rate,rollout_mean_objective,rollout_reward_scale,rollout_std_objective,rollout_transitions,rollout_vectorized_rollouts,self_imitation_loss,update,validation_archive_best_objective,validation_best_of_k_objective,validation_deterministic_objective,validation_fixed_validation_seed,validation_mean_stochastic_objective,validation_selection_metric,validation_selection_objective,validation_std_stochastic_objective
8.26256922399989,0.0154091447009705,0.18805338591337203,0.0,0.0,0.0199525,4.0,0.9975,-0.01165476485621184,0.7401367202401161,-0.001352487481199205,0.020510500758427953,0.0048285008000675585,135851.87,1.0,100950.15485937499,4.248655765147055e-07,15156.460608912237,4800.0,1.0,,1,135851.87,147807.903,0.0,70000042,113473.84169999999,best_of_k,147807.903,15091.922821077356
8.213230715999089,0.01097559072659351,0.1443847667425871,0.0,0.0,0.019905,4.0,0.995,-0.020257931132800878,0.7813639029860496,-0.004802254622336477,0.00036977709842176407,0.00012078987242603034,156064.419,1.0,114074.08374999999,4.248655765147055e-07,16675.34273943699,4800.0,1.0,,2,,,,,,,,
8.202341366000837,0.010561072692507879,0.14692382840439677,0.0,0.0,0.0198575,4.0,0.9925,-0.026330358372069894,0.7925903454422951,-0.010608415119349957,6.0569690685952085e-05,2.172470121877268e-05,163549.435,1.0,128840.72253125,4.248655765147055e-07,17177.609473481967,4800.0,1.0,,3,,,,,,,,
8.275761812999917,0.009372773903305643,0.12569986982271075,0.0,0.0,0.01981,4.0,0.99,-0.022813233477063478,0.7860619574785233,-0.0072585021844133735,5.3475163258553946e-05,2.3617704209755173e-05,197971.25100000002,1.0,147787.91228125,4.248655765147055e-07,17622.610566101535,4800.0,1.0,,4,,,,,,,,
8.05416170100034,0.008833828361821361,0.11005859387805686,0.0,0.0,0.0197625,4.0,0.9875,-0.023854647274129094,0.7899004071950912,-0.008261669089552014,4.5779015727021034e-05,2.5703156416057028e-05,194267.17699999997,1.0,164140.6966875,4.248655765147055e-07,17196.588594053632,4800.0,1.0,,5,,,,,,,,
8.018349621999732,0.008186646335525438,0.12073567733168603,0.0,0.0,0.019715,4.0,0.985,-0.021044106432236732,0.7732890903949737,-0.005811968399211764,4.316925260354765e-05,1.7878779135571677e-05,211270.564,1.0,179809.17750000002,4.248655765147055e-07,14730.773548024488,4800.0,1.0,,6,,,,,,,,
8.035648827999466,0.006556411331985146,0.08414713554084301,0.0,0.0,0.0196675,4.0,0.9825,-0.022690927027724683,0.7530902817845344,-0.007891737902536989,3.1261253707270956e-05,1.8177274341724114e-05,219491.26900000003,1.0,186306.42690625,4.248655765147055e-07,16133.125682990825,4800.0,1.0,,7,,,,,,,,
7.9398865080002,0.006601151308859699,0.0847493490204215,0.0,0.0,0.019620000000000002,4.0,0.98,-0.01668173432117328,0.734580610692501,-0.0022799829952418805,3.073405086979619e-05,1.5291530030481226e-05,227971.668,1.0,202260.997671875,4.248655765147055e-07,13013.35490778631,4800.0,1.0,,8,,,,,,,,
7.982138195000516,0.005656078882748261,0.07483723978511989,0.0,0.0,0.0195725,4.0,0.9775,-0.017249947879463434,0.7147774800658226,-0.0032678318733815105,2.2140134842629777e-05,1.1304301256132022e-05,230939.407,1.0,208473.313421875,4.248655765147055e-07,12305.112522852198,4800.0,1.0,,9,,,,,,,,
7.902548404999834,0.005521890037925914,0.08064778679981828,0.0,0.0,0.019525,4.0,0.975,-0.014217349304817616,0.702703307569027,-0.0005040653049945831,2.280428998346906e-05,9.436710638510703e-06,239984.816,1.0,219562.28239062498,4.248655765147055e-07,9187.04495761561,4800.0,1.0,,10,,,,,,,,
7.956179172999327,0.005949608949595131,0.07386067709885538,0.0,0.0,0.019477500000000002,4.0,0.9725,-0.020609262259677054,0.687826806306839,-0.007217431534081697,1.625101708668808e-05,7.380787894817331e-06,241913.58899999998,1.0,222738.15695312503,4.248655765147055e-07,8815.810383943617,4800.0,1.0,,11,,,,,,,,
7.9856637439988845,0.006987365098029841,0.09443359449505806,0.0,0.0,0.01943,4.0,0.97,-0.015771881327964365,0.6641754969954491,-0.0028810867690481244,9.062710244052141e-05,1.014483710832792e-05,247310.25300000003,1.0,227967.35823437502,4.248655765147055e-07,8374.358372440258,4800.0,1.0,,12,,,,,,,,
7.928619518001142,0.006272336489928421,0.07666015625,0.0,0.0,0.0193825,4.0,0.9675,-0.01603315327083692,0.6362166956067086,-0.0037071768194437025,2.724120702168875e-05,5.537615402317897e-06,253345.38300000003,1.0,234353.259921875,4.248655765147055e-07,7621.285172917673,4800.0,1.0,,13,,,,,,,,
7.944538027999442,0.006727437050722073,0.08946940135210753,0.0,0.0,0.019335,4.0,0.965,-0.016370261332485824,0.6187540411949157,-0.004415895731654018,5.886559124519408e-05,6.714584105793619e-06,257897.951,1.0,239864.66726562503,4.248655765147055e-07,6847.181044446318,4800.0,1.0,,14,,,,,,,,
7.964105492999806,0.005644048957765335,0.07024739598855376,0.0,0.0,0.0192875,4.0,0.9625,-0.015157155063934624,0.6045001924037934,-0.003504981123842299,4.497433722008282e-05,5.252643217090736e-06,259190.419,1.0,243916.50570312503,4.248655765147055e-07,5725.846459443206,4800.0,1.0,,15,,,,,,,,
7.835256866001146,0.007988616882357746,0.08862304706126452,0.0,0.0,0.01924,4.0,0.96,-0.015502693504095078,0.5918252468109131,-0.004120364086702466,2.1725196870647778e-05,4.432305252066726e-06,254906.08800000002,1.0,244610.96771875,4.248655765147055e-07,5343.167035931253,4800.0,1.0,,16,,,,,,,,
7.945544946000155,0.009155167279095622,0.11035156259313225,0.0,0.0,0.0191925,4.0,0.9575,-0.016234260855708272,0.5753673061728477,-0.005193819548003376,8.69175504476516e-06,2.8532121007174283e-06,259267.897,1.0,247890.5666875,4.248655765147055e-07,5551.576471327749,4800.0,1.0,,17,,,,,,,,
7.956387172000177,0.008032947103129118,0.09882812537252902,0.0,0.0,0.019145,4.0,0.955,-0.01260279406560585,0.565523698925972,-0.0017786029493436217,1.2743171885176707e-05,2.973269374706433e-06,260524.97100000002,1.0,251111.90743750002,4.248655765147055e-07,4134.903638879982,4800.0,1.0,,18,,,,,,,,
7.97813534800116,0.008611025229038205,0.11118164104409516,0.0,0.0,0.0190975,4.0,0.9525,-0.013499156513717026,0.5592516109347343,-0.002825949764519464,4.637001646869976e-05,4.9270747297214255e-06,263939.05000000005,1.0,254066.88684375,4.248655765147055e-07,4893.167581580675,4800.0,1.0,,19,,,,,,,,
7.930908627000463,0.008721952927226084,0.10621744822710752,0.0,0.0,0.01905,4.0,0.95,-0.010118575696833432,0.5479850150644779,0.00024913973174989223,0.0005547712582028907,3.1845178222056346e-05,264377.112,1.0,256815.63015625,4.248655765147055e-07,3946.3897075566774,4800.0,1.0,,20,264377.112,262868.085,262468.106,70000042,257582.12673333334,best_of_k,262868.085,2912.6684555204097
7.930922155999724,0.008803696733957622,0.1073893231106922,0.0,0.0,0.019002500000000002,4.0,0.9475,-0.007213042653165758,0.5268673494458198,0.0026599919889122247,0.0011012077553914424,5.7283740795810444e-05,262966.84500000003,1.0,257277.06425,4.248655765147055e-07,3556.407658021161,4800.0,1.0,,21,,,,,,,,
7.968176819000291,0.004705761720470036,0.05838216149713844,0.0,0.0,0.018955,4.0,0.945,-0.014223627035971732,0.5385794520378113,-0.004098729137331248,0.0006825401388368846,3.124252014004014e-05,263121.197,1.0,257567.995921875,4.248655765147055e-07,3385.8710163829223,4800.0,1.0,,22,,,,,,,,
8.001215891999891,0.004245268148042669,0.04482421884313226,0.0,0.0,0.0189075,4.0,0.9425,-0.0056266779662109915,0.5340084716677665,0.004467634041793645,9.774853515409631e-06,2.9525432125865336e-06,262996.33900000004,1.0,257093.20981250002,4.248655765147055e-07,3170.9866023297595,4800.0,1.0,,23,,,,,,,,
7.967615185998511,0.007715476975772617,0.10222981808474288,0.0,0.0,0.018860000000000002,4.0,0.94,-0.00890796355670318,0.5313076443970204,0.0011110648047178984,4.689122994250283e-06,1.930108760461735e-06,262924.734,1.0,257074.35167187502,4.248655765147055e-07,3309.785208580917,4800.0,1.0,,24,,,,,,,,
7.991267266001159,0.0051347853801416935,0.06401367206126451,0.0,0.0,0.0188125,4.0,0.9375,-0.010130002989899366,0.5255726784467697,-0.00024404824944213033,3.958457449471098e-06,1.971901409092425e-06,264680.36699999997,1.0,258349.547140625,4.248655765147055e-07,3157.7753351316346,4800.0,1.0,,25,,,,,,,,
8.004593816000124,0.005612958759593311,0.0666666666744277,0.0,0.0,0.018765,4.0,0.935,-0.005842594662681222,0.508104894310236,0.0036906961118802427,3.877376911987085e-06,1.8188694298260088e-06,266818.881,1.0,260037.09665625,4.248655765147055e-07,3250.926112226428,4800.0,1.0,,26,,,,,,,,
8.038764592000007,0.00424129272942082,0.054003906343132256,0.0,0.0,0.0187175,4.0,0.9325,-0.011451985500752927,0.5054534345865249,-0.0019924533320590855,3.7850423154850433e-06,1.8280261826930655e-06,266758.043,1.0,260775.83515625,4.248655765147055e-07,3108.3853721561377,4800.0,1.0,,27,,,,,,,,
7.963922549999552,0.006080751829586006,0.07599283860763535,0.0,0.0,0.01867,4.0,0.9299999999999999,-0.013127604976762085,0.48888171687722204,-0.00401887393090874,0.00011355870112765843,1.4669885405282913e-05,268157.746,1.0,261219.764890625,4.248655765147055e-07,2531.2802902175245,4800.0,1.0,,28,,,,,,,,
7.997510086001057,0.0056611516321027015,0.07111002625897526,0.0,0.0,0.0186225,4.0,0.9275,-0.012240407499484717,0.47977477237582206,-0.00338566426653415,0.0007031756275068801,1.9090321660542032e-05,266091.44899999996,1.0,261654.7099375,4.248655765147055e-07,2744.775544857696,4800.0,1.0,,29,,,,,,,,
7.99942695700156,0.005196482244355138,0.06282552108168601,0.0,0.0,0.018575,4.0,0.925,-0.010851044848095626,0.4659789830446243,-0.002248961594887078,0.00043209314285377334,2.053349921595782e-05,267586.734,1.0,262259.04185937496,4.248655765147055e-07,2815.9962506912943,4800.0,1.0,,30,,,,,,,,
7.946586255000511,0.007458479661522688,0.08426106779370457,0.0,0.0,0.018527500000000002,4.0,0.9225,-0.01155404185410589,0.45741709172725675,-0.003142107860185206,0.0004612306815033662,3.347769010417778e-05,268804.405,1.0,262455.48715625005,4.248655765147055e-07,2805.054364260387,4800.0,1.0,,31,,,,,,,,
7.966468181999517,0.01065346842724466,0.1279459638055414,0.0,0.0,0.01848,4.0,0.92,-0.005509973620064557,0.4648578830063343,0.0030680006253533064,8.147480106686089e-05,8.904192245040577e-06,268709.582,1.0,263246.13609375,4.248655765147055e-07,2310.367388400022,4800.0,1.0,,32,,,,,,,,
7.953037826000582,0.005041929160734071,0.06305338554084301,0.0,0.0,0.0184325,4.0,0.9175,-0.008117094158660621,0.4598225824534893,0.0003527802648022771,3.16611507230391e-05,5.278167105871035e-06,268264.504,1.0,263987.71846875,4.248655765147055e-07,2363.6811196639464,4800.0,1.0,,33,,,,,,,,
8.049717077999958,0.004286914240628903,0.05193684939295053,0.0,0.0,0.018385,4.0,0.915,-0.006818655272945761,0.4522100858390331,0.001444129878655076,0.00021611264011198728,5.8972573231130807e-05,268367.18700000003,1.0,264296.19006249995,4.248655765147055e-07,2424.4950048249516,4800.0,1.0,,34,,,,,,,,
8.118624043001546,0.00833380768360712,0.1047200521454215,0.0,0.0,0.0183375,4.0,0.9125,-0.009063913312274963,0.4503190353512764,-0.0008109234506264329,1.8729799984384953e-05,5.724428554287897e-06,269326.85400000005,1.0,264732.44231250003,4.248655765147055e-07,2249.1870637567004,4800.0,1.0,,35,,,,,,,,
7.983044319998953,0.007959561293318984,0.0848632815759629,0.0,0.0,0.01829,4.0,0.91,-0.008208009647205472,0.4483104571700096,-1.1286110384389758e-05,7.67512177617391e-06,4.214284683712322e-06,268882.76700000005,1.0,265378.267671875,4.248655765147055e-07,1956.9902948543706,4800.0,1.0,,36,,,,,,,,
8.130183557999771,0.008436249406349816,0.1131347662769258,0.0,0.0,0.018242500000000002,4.0,0.9075,-0.009724431275390088,0.44106497168540953,-0.0016793145099654795,3.464484697701664e-06,1.3297216312935233e-06,268778.408,1.0,265523.985796875,4.248655765147055e-07,2181.96302976103,4800.0,1.0,,37,,,,,,,,
6.963921999000377,0.01608270913143315,0.17073567807674409,0.0,1.0,0.018195,2.0,0.905,0.0049812821438536044,0.4562525197863579,0.013282071705907584,2.8991287081225892e-06,8.704046280172406e-07,270299.711,1.0,265909.83650000003,4.248655765147055e-07,1985.7780309478237,4800.0,1.0,,38,,,,,,,,
7.998799480999878,0.004932606759166447,0.0620768231106922,0.0,0.0,0.0181475,4.0,0.9025,-0.01161548460368067,0.47539984434843063,-0.002989693614654243,5.069873003549219e-06,2.041085650716923e-06,270563.07999999996,1.0,264558.835296875,4.248655765147055e-07,2663.005647341662,4800.0,1.0,,39,,,,,,,,
7.907635137000398,0.008338210293868543,0.0988444012356922,0.0,0.0,0.0181,4.0,0.9,-0.012041311629582196,0.46619072631001474,-0.0036055048927664756,1.2882116016044165e-05,1.915065249136205e-06,270132.41500000004,1.0,264398.915046875,4.248655765147055e-07,2723.206695799029,4800.0,1.0,,40,270563.07999999996,268800.783,270918.543,70000042,264961.3456333333,best_of_k,268800.783,2382.0833714157407
7.992660220999824,0.006678534441653028,0.08774414118379355,0.0,0.0,0.0180525,4.0,0.8975,-0.010981834935955703,0.48126211687922477,-0.0023224369389936326,0.00021169615396843255,1.483345675126202e-05,269705.473,1.0,265517.505453125,4.248655765147055e-07,2118.44677467233,4800.0,1.0,,41,,,,,,,,
7.938319906999823,0.008725826958971084,0.08730468777939678,0.0,0.0,0.018005,4.0,0.895,-0.01682180104544386,0.47065540626645086,-0.008376254281029106,0.0001964816859754137,1.791111540114798e-05,270084.664,1.0,264990.6086875,4.248655765147055e-07,2501.8714409003683,4800.0,1.0,,42,,,,,,,,
7.950196499999947,0.006477940582954034,0.06800130242481828,0.0,0.0,0.0179575,4.0,0.8925,-0.004801720811519772,0.47592399790883066,0.0037077721673995255,0.00012786216852305187,4.825132440373636e-05,271576.769,1.0,265947.14065625,4.248655765147055e-07,2334.255498813269,4800.0,1.0,,43,,,,,,,,
7.9785972380013845,0.007828455197221728,0.09718424491584302,0.0,0.0,0.017910000000000002,4.0,0.89,-0.004182960221078247,0.4619158312678337,0.0035385714611038564,0.0017564908561553238,0.0007514636517953477,270980.767,1.0,266702.83520312497,4.248655765147055e-07,2424.045365230074,4800.0,1.0,,44,,,,,,,,
8.16762301000017,0.007453678803631192,0.08920898451469839,0.0,0.0,0.0178625,4.0,0.8875,-0.006754373840522021,0.46036615446209905,0.0014033176004886628,0.0005511671993417621,2.0964515678656424e-05,271898.76000000007,1.0,266555.18368749996,4.248655765147055e-07,2467.210036274568,4800.0,1.0,,45,,,,,,,,
8.027850461001435,0.008338206457153774,0.1034667971311137,0.0,0.0,0.017815,4.0,0.885,-0.010903463780414313,0.4541579715907574,-0.002841407828964293,0.00027224935689673657,3.086596396428831e-06,271076.218,1.0,266904.64554687496,4.248655765147055e-07,2221.5396527952457,4800.0,1.0,,46,,,,,,,,
8.000142300001244,0.0072568417382626645,0.07587890643626452,0.0,0.0,0.017767500000000002,4.0,0.8825000000000001,-0.011218775575980545,0.45174498707056043,-0.003194302972406149,1.3050502866462921e-05,1.2024386137454713e-06,271850.851,1.0,266704.253609375,4.248655765147055e-07,2612.9840151167996,4800.0,1.0,,47,,,,,,,,
7.9481095030005235,0.011655998056721729,0.13370768260210752,0.0,0.0,0.01772,4.0,0.88,-0.003981953882612288,0.44312917068600655,0.0038692801492288707,3.2319594367891115e-06,1.384648217594986e-06,271855.52099999995,1.0,267299.1173125,4.248655765147055e-07,2265.8488170949195,4800.0,1.0,,48,,,,,,,,
8.032732903000579,0.007996530716263805,0.10320638064295054,0.0,0.0,0.0176725,4.0,0.8775,-0.003555242286529392,0.43638545274734497,0.004155632015317679,7.2961368772439524e-06,8.361999050521263e-07,271064.392,1.0,267920.66110937495,4.248655765147055e-07,2087.2248153464925,4800.0,1.0,,49,,,,,,,,
7.978587350000453,0.005815697854802693,0.07210286483168601,0.0,0.0,0.017625000000000002,4.0,0.875,-0.0016796427429653705,0.4353354647755623,0.005992095521651209,4.626490920145443e-06,1.1727338346645411e-06,272591.518,1.0,267990.479515625,4.248655765147055e-07,2831.5875552595744,4800.0,1.0,,50,,,,,,,,
7.976117308999164,0.007994726155857279,0.09360351618379355,0.0,0.0,0.0175775,4.0,0.8725,-0.007147254678420723,0.43454830124974253,0.0004900492262095213,5.848744194736355e-06,7.671234342865319e-07,271711.12500000006,1.0,268402.186671875,4.248655765147055e-07,2052.6841424784698,4800.0,1.0,,51,,,,,,,,
7.929189139998925,0.007364914629749819,0.09042968768626451,0.0,0.0,0.01753,4.0,0.87,-0.006866362295113504,0.4177975162863731,0.00045690699480474,3.929152978798811e-06,6.557706313969902e-07,272211.17000000004,1.0,268986.65259375004,4.248655765147055e-07,1929.6496692933147,4800.0,1.0,,52,,,,,,,,
7.937632702998599,0.0065973102682391985,0.08325195331126452,0.0,0.0,0.0174825,4.0,0.8674999999999999,-0.0087855534395203,0.4097772896289825,-0.0016223338898271322,3.269618881063252e-06,7.705675656666244e-07,273114.967,1.0,268957.853328125,4.248655765147055e-07,2203.4987559728993,4800.0,1.0,,53,,,,,,,,
7.916438649999691,0.007828404246237142,0.09005533885210752,0.0,0.0,0.017435,4.0,0.865,-0.0037988263764418663,0.3951570451259613,0.003089902689680457,4.5584351823890755e-06,7.55988988032641e-07,272525.528,1.0,269665.98659375,4.248655765147055e-07,1845.9885549840826,4800.0,1.0,,54,,,,,,,,
7.938741047999429,0.006029367402004482,0.07438151054084301,0.0,0.0,0.0173875,4.0,0.8625,-0.005330572312232107,0.39692341089248656,0.001570174255175516,1.8531734866655825e-06,1.1480863832957766e-06,272630.351,1.0,269306.08717187506,4.248655765147055e-07,2025.3451000503849,4800.0,1.0,,55,,,,,,,,
8.056805209000231,0.005406120513066525,0.06455078134313226,0.0,0.0,0.01734,4.0,0.86,-0.006912968726828695,0.3950569987297058,-6.322397966869175e-05,2.041501477378915e-06,6.798626472459546e-07,273546.95,1.0,269589.08270312496,4.248655765147055e-07,1873.1992941894298,4800.0,1.0,,56,,,,,,,,
7.89708504400005,0.006621976722681211,0.07509765629656613,0.0,0.0,0.017292500000000002,4.0,0.8575,-0.004439545737113804,0.3849638029932976,0.0022170278476551174,1.2466614862205461e-06,5.766373703863792e-07,272353.205,1.0,269289.846421875,4.248655765147055e-07,1704.9783727987106,4800.0,1.0,,57,,,,,,,,
7.8918959660004475,0.009927087555544745,0.10737304724752902,0.0,0.0,0.017245,4.0,0.855,-0.004105931764934212,0.3719571553170681,0.002308069379068911,1.207057931651434e-06,5.599536706313302e-07,272329.43,1.0,269726.250921875,4.248655765147055e-07,1377.2469016158998,4800.0,1.0,,58,,,,,,,,
7.903837593999924,0.005799449081766284,0.06891276054084301,0.0,0.0,0.0171975,4.0,0.8525,-0.004409723717253655,0.3687115915119648,0.0019307537237182259,1.4562628223302454e-06,5.898059200148964e-07,273769.662,1.0,270135.665890625,4.248655765147055e-07,1812.1667458064826,4800.0,1.0,,59,,,,,,,,
7.931765245999486,0.005536100751271533,0.06598307322710753,0.0,0.0,0.017150000000000002,4.0,0.85,-0.007355006993748248,0.3546667478978634,-0.0012727972876746207,1.0180577746154994e-06,4.4574983206757677e-07,273603.20399999997,1.0,270487.31770312507,4.248655765147055e-07,1523.0920889527474,4800.0,1.0,,60,273769.662,272911.481,271870.401,70000042,270903.31553333334,best_of_k,272911.481,1049.7740102561686
7.996727941999779,0.006858138409407388,0.08797200527042151,0.0,0.0,0.0171025,4.0,0.8475,-0.009666261915117502,0.34768586307764054,-0.0037203056970611216,1.1178491888585994e-06,4.589642429664309e-07,273840.032,1.0,270828.139234375,4.248655765147055e-07,1448.7242235131694,4800.0,1.0,,61,,,,,,,,
7.98617933100104,0.007419738902683548,0.07911783866584302,0.0,0.0,0.017055,4.0,0.845,-0.002241800696356222,0.33294151946902273,0.003436205559410155,9.825074940295053e-07,4.251387899500969e-07,274241.464,1.0,270959.714015625,4.248655765147055e-07,1479.1841228976446,4800.0,1.0,,62,,,,,,,,
8.02409512200029,0.016194919543107745,0.14663085993379354,0.0,1.0,0.017007500000000002,4.0,0.8425,-0.0006518734153360128,0.34969310462474823,0.005295058060437441,1.3228681822852196e-06,6.846327238463346e-07,274384.082,1.0,270550.867296875,4.248655765147055e-07,2207.075110586502,4800.0,1.0,,63,,,,,,,,
7.939233838998916,0.0139099858660785,0.14833984412252904,0.0,0.0,0.01696,4.0,0.84,0.0015706263424362988,0.3392657235264778,0.00732408877229318,1.1623059833709704e-06,7.36676504686784e-07,274133.36500000005,1.0,270836.052625,4.248655765147055e-07,2147.0622590183348,4800.0,1.0,,64,,,,,,,,
7.911460559000261,0.005547757643290652,0.07088216161355376,0.0,0.0,0.0169125,4.0,0.8375,-0.008217732841148972,0.3316615104675293,-0.002608989761210978,1.8186953440135768e-06,5.998563580078553e-07,274035.304,1.0,271401.82878125005,4.248655765147055e-07,1564.571388658063,4800.0,1.0,,65,,,,,,,,
7.940585135998845,0.009583481615622702,0.0932779947994277,0.0,0.0,0.016865,4.0,0.835,-0.004332539311144501,0.32070723325014117,0.0010759229771792889,7.985868535342888e-07,3.713670636784627e-07,273931.34,1.0,271179.8761875001,4.248655765147055e-07,1316.3686931096618,4800.0,1.0,,66,,,,,,,,
8.025130310999884,0.009416896941712594,0.11202799510210752,0.0,0.0,0.0168175,4.0,0.8325,-0.0014256171532906591,0.33099649623036387,0.0041405362077057365,1.289791360647996e-06,5.025416335513455e-07,275026.879,1.0,271800.4789531251,4.248655765147055e-07,1564.1708788902085,4800.0,1.0,,67,,,,,,,,
7.900752360999832,0.008497170376716667,0.08390299486927688,0.0,0.0,0.01677,4.0,0.83,-0.0031472295871935786,0.3313995026051998,0.0024094028398394586,7.367352354492596e-06,4.002951577319891e-07,273484.67000000004,1.0,271547.56014062505,4.248655765147055e-07,1306.3172407774912,4800.0,1.0,,68,,,,,,,,
8.112064498000109,0.009787581177178595,0.09156901072710752,0.0,0.0,0.0167225,4.0,0.8275,-0.0007916118309367448,0.32880048602819445,0.004706055833958089,4.611949913169156e-06,4.7374875293826336e-07,273683.252,1.0,271029.337296875,4.248655765147055e-07,1236.655567638283,4800.0,1.0,,69,,,,,,,,
7.863509452001381,0.011146737249748639,0.11583658866584301,0.0,0.0,0.016675000000000002,4.0,0.825,-0.001833690464263782,0.33236735686659813,0.00370806084247306,2.888208057072461e-06,3.700074387325003e-07,272753.81899999996,1.0,270559.47767187504,4.248655765147055e-07,1109.4175442110081,4800.0,1.0,,70,,,,,,,,
8.03065278899885,0.007881318308452023,0.06793619804084301,0.0,0.0,0.0166275,4.0,0.8225,0.0011320897610858083,0.32921999990940093,0.006603525823447853,2.2739767123880485e-05,7.919640843567776e-07,272028.749,1.0,269643.83735937503,4.248655765147055e-07,1239.46956458748,4800.0,1.0,,71,,,,,,,,
8.015215751000142,0.007023958079338399,0.08204752616584302,0.0,0.0,0.01658,4.0,0.8200000000000001,-0.004347210493870079,0.3275556266307831,0.0010825145640410484,7.342904251572691e-06,8.260070480048398e-07,273586.907,1.0,270959.84435937495,4.248655765147055e-07,1131.6209654991078,4800.0,1.0,,72,,,,,,,,
6.862727027000801,0.02004070238631357,0.16230468824505806,0.0,1.0,0.016532500000000002,2.0,0.8175,0.00949103427119553,0.3324925497174263,0.014984300592914224,3.332532404556332e-05,6.671085373000096e-07,273138.65900000004,1.0,270978.46125000005,4.248655765147055e-07,1363.0160728528908,4800.0,1.0,,73,,,,,,,,
7.89601810899876,0.006044028406282109,0.057552083674818275,0.0,0.0,0.016485,4.0,0.815,-0.006768164795357734,0.33288101851940155,-0.0012872867519035935,6.278819389251566e-05,7.736872305486031e-07,273248.04,1.0,270061.726828125,4.248655765147055e-07,1825.3662712366283,4800.0,1.0,,74,,,,,,,,
7.843101100999775,0.006136725816502065,0.07211914090439678,0.0,0.0,0.0164375,4.0,0.8125,-0.0011675242334604264,0.32200696915388105,0.0041251134825870395,1.1345970804654826e-06,4.774377323712997e-07,273952.938,1.0,271002.56776562496,4.248655765147055e-07,1611.088233489137,4800.0,1.0,,75,,,,,,,,
8.005295748000208,0.006582774041231687,0.06505533882882446,0.0,0.0,0.016390000000000002,4.0,0.81,-0.004072613641619682,0.3209676921367645,0.0011876823147758842,1.6180519210706735e-06,4.050604289318471e-07,274083.76200000005,1.0,271314.7094375,4.248655765147055e-07,1276.4223777904756,4800.0,1.0,,76,,,,,,,,
7.945040623999375,0.009667680187618544,0.09983724001795054,0.0,0.0,0.0163425,4.0,0.8075,-0.004055472929030657,0.3162677623331547,0.0011020992300473154,0.00010767368514450482,5.327680000277724e-07,273713.38,1.0,270935.71189062507,4.248655765147055e-07,1128.0051307112321,4800.0,1.0,,77,,,,,,,,
6.873278961000324,0.01910161189087205,0.17874349057674407,0.0,1.0,0.016295,2.0,0.8049999999999999,0.009102565911598503,0.32161379158496856,0.01433763476088643,5.4455591794067004e-05,3.6452725140634355e-07,273971.89,1.0,271433.13040625,4.248655765147055e-07,1141.8238628172849,4800.0,1.0,,78,,,,,,,,
8.090187996000168,0.007407873111522178,0.06604817723855376,0.0,0.0,0.0162475,4.0,0.8025,-0.004079196369275451,0.31173066794872284,0.0009805268491618335,4.874410647630612e-05,4.933597338663276e-07,273826.95600000006,1.0,270862.722203125,4.248655765147055e-07,1545.1893935884582,4800.0,1.0,,79,,,,,,,,
8.043269100000543,0.009403541710030083,0.09383138045668601,0.0,0.0,0.0162,4.0,0.8,-0.0013746694894507527,0.31119535565376283,0.00366401873761788,1.725365671063628e-05,1.9029186653085617e-06,273266.718,1.0,271312.71221875004,4.248655765147055e-07,1371.66111595047,4800.0,1.0,,80,275026.879,273706.74700000003,272493.726,70000042,271104.22913333337,best_of_k,273706.74700000003,1715.4388446591358
7.99622776599972,0.010213954323540974,0.09178059911355377,0.0,0.0,0.0161525,4.0,0.7975,-0.00030643786885775626,0.30282428339123724,0.004581232543569058,3.4302991906542955e-06,6.711414901872104e-06,273948.50100000005,1.0,271028.49484375,4.248655765147055e-07,1843.9393457246972,4800.0,1.0,,81,,,,,,,,
7.962860177000039,0.010892650358411516,0.10494791697710752,0.0,0.0,0.016105,4.0,0.795,0.0008012520032934844,0.2955675311386585,0.005560480622807518,4.226637135218425e-06,9.280964142988068e-07,274025.24100000004,1.0,271710.640078125,4.248655765147055e-07,1110.6946971826246,4800.0,1.0,,82,,,,,,,,
7.4032731219995185,0.013038463364036563,0.10325520833333333,0.0,1.0,0.016057500000000002,3.0,0.7925,-0.007776631601154804,0.2966270705064138,-0.0030533705527583757,4.108083397985259e-05,7.143913758795861e-05,273849.852,1.0,271771.76398437505,4.248655765147055e-07,967.8500747640796,4800.0,1.0,,83,,,,,,,,
7.94492800199987,0.009567609579028158,0.07607421921566129,0.0,0.0,0.01601,4.0,0.79,-0.0042016371444333345,0.3007167585194111,-0.0005417851731181145,8.993040906375427e-05,0.0022912614319750444,273863.875,1.0,271571.705484375,4.248655765147055e-07,1601.741909774249,4800.0,1.0,,84,,,,,,,,
7.917916140999296,0.013340014341197559,0.10888671912252904,0.0,0.0,0.0159625,4.0,0.7875,0.00022697063395753502,0.298392628133297,0.003528457577340305,0.0008115870279198134,0.002760892831520323,273942.875,1.0,270969.731046875,4.248655765147055e-07,1225.1714652334358,4800.0,1.0,,85,,,,,,,,
8.089887613999963,0.009851071128019839,0.08102213572710752,0.0,0.0,0.015915,4.0,0.785,-0.003826961247250438,0.3024503581225872,0.00016608745791018008,0.007598647883241938,0.00012116915079332102,273476.58,1.0,270666.3154375,4.248655765147055e-07,1232.2524017614714,4800.0,1.0,,86,,,,,,,,
8.007103356998414,0.0110016362114294,0.10398763036355377,0.0,0.0,0.0158675,4.0,0.7825,0.005867891444358975,0.29726120457053185,0.0073566262144595385,0.03224843826610595,6.427837905675915e-06,272027.052,1.0,270059.53570312506,4.248655765147055e-07,1667.1357307625656,4800.0,1.0,,87,,,,,,,,
7.9440786779996415,0.00875256182023918,0.07317708367481827,0.0,0.0,0.01582,4.0,0.78,0.003453005972551182,0.29258054718375204,0.007839303382206708,0.002412071634171298,2.240262350028388e-06,273622.091,1.0,270600.58890625,4.248655765147055e-07,1218.9931978997836,4800.0,1.0,,88,,,,,,,,
7.885963585998979,0.007902924552735158,0.06223958348855376,0.0,0.0,0.015772500000000002,4.0,0.7775,-0.002017137734219432,0.28675571978092196,0.002492431306745857,0.00012573587433735157,1.4233756758130766e-06,273914.041,1.0,270338.73901562503,4.248655765147055e-07,1720.1427863015886,4800.0,1.0,,89,,,,,,,,
7.9992402360003325,0.009945549499741446,0.09721679762005805,0.0,0.0,0.015725,4.0,0.775,-0.006338999985018745,0.2784210920333862,-0.001962305372580886,9.514719329217769e-06,1.0506366876938955e-06,273228.917,1.0,270399.4205625,4.248655765147055e-07,1536.4706713763278,4800.0,1.0,,90,,,,,,,,
7.924581634000788,0.006810455087673972,0.06266276072710752,0.0,0.0,0.0156775,4.0,0.7725,0.0004902779473923147,0.2713347874581814,0.004743108060210943,5.840310558369311e-06,8.752999292482854e-07,272452.745,1.0,270589.1870625,4.248655765147055e-07,1242.9196392146202,4800.0,1.0,,91,,,,,,,,
7.916806347000602,0.00961784618577326,0.08728841177653521,0.0,0.0,0.01563,4.0,0.77,0.00016087120166048409,0.2714524421840906,0.004402219457551837,9.759822648902628e-06,9.553415438290358e-07,272884.135,1.0,270145.52640624996,4.248655765147055e-07,1791.2867041041982,4800.0,1.0,,92,,,,,,,,
7.965368309000041,0.009656658357715741,0.09423828134313225,0.0,0.0,0.015582499999999999,4.0,0.7675,-0.0030084973899647594,0.27162774950265883,0.0012230859836563468,7.180606519341381e-06,6.756994551437856e-07,272627.362,1.0,270479.47884375,4.248655765147055e-07,1114.7040831475929,4800.0,1.0,,93,,,,,,,,
7.876965645999007,0.006640625686527813,0.061962890718132255,0.0,0.0,0.015535,4.0,0.765,-0.0060383179341442885,0.27004570588469506,-0.0018438766011968255,3.952198161982778e-06,6.466281590178369e-07,272619.91,1.0,270272.40940625,4.248655765147055e-07,740.8906126157931,4800.0,1.0,,94,,,,,,,,
7.938039714999832,0.008069631037874104,0.07420247411355377,0.0,0.0,0.015487500000000001,4.0,0.7625,-0.0017213146027643233,0.281815680116415,0.0026427314383909105,2.360344174689999e-06,6.768092347897436e-07,272311.58900000004,1.0,270578.592109375,4.248655765147055e-07,1297.6638665585488,4800.0,1.0,,95,,,,,,,,
7.97384357699957,0.008092241069769556,0.07766927108168602,0.0,0.0,0.01544,4.0,0.76,-0.00022397712455131115,0.27393657639622687,0.004005050216801464,1.981965669983765e-06,7.095916785715417e-07,272552.99700000003,1.0,270950.3841875,4.248655765147055e-07,1245.8004466009234,4800.0,1.0,,96,,,,,,,,
8.016146904999914,0.006594286918353021,0.05677083348855376,0.0,0.0,0.0153925,4.0,0.7575000000000001,-0.002026650280458853,0.271558566391468,0.0021526621654629706,2.318934139111661e-06,8.413195004663976e-07,272636.063,1.0,270433.285265625,4.248655765147055e-07,1865.365541278008,4800.0,1.0,,97,,,,,,,,
6.973139987001559,0.01340824168757706,0.08522135447710752,0.0,1.0,0.015345000000000001,2.0,0.755,0.0002132249530404806,0.2692761182785034,0.004344664653763175,2.160361691494472e-06,7.722456075498485e-07,273773.07300000003,1.0,270549.369765625,4.248655765147055e-07,1565.220539344974,4800.0,1.0,,98,,,,,,,,
8.023481599999286,0.009433764614266238,0.08312174491584301,0.0,0.0,0.0152975,4.0,0.7525,-0.00434891851618886,0.2774866815656424,-0.00010460007470101119,1.9004169189429376e-06,6.891629809047117e-07,272667.536,1.0,270373.630390625,4.248655765147055e-07,1161.1146752248535,4800.0,1.0,,99,,,,,,,,
8.088395251999827,0.010098944539335264,0.09723307316889987,0.0,0.0,0.01525,4.0,0.75,-0.0010481995530426502,0.28612646013498305,0.0033146887784823776,1.768831592130482e-06,7.271692084032111e-07,273690.348,1.0,270741.54114062496,4.248655765147055e-07,1366.2863461961776,4800.0,1.0,,100,275026.879,272755.13300000003,271832.449,70000042,270523.9948666667,best_of_k,272755.13300000003,1785.2716747330767
8.083767998999974,0.01049038267221647,0.08881836002692581,0.0,1.0,0.0152025,4.0,0.7475,-0.001410214975476265,0.283258268982172,0.0028953988337889315,2.0103017988049032e-06,8.382635400039362e-07,274280.904,1.0,270570.830703125,4.248655765147055e-07,1917.5689239644366,4800.0,1.0,,101,,,,,,,,
7.168292369000483,0.012951030167565136,0.09869791716337203,0.0,1.0,0.015155,2.0,0.745,-0.005950382607989013,0.28089064359664917,-0.001693953899666667,1.5804025338184146e-06,6.224412771871357e-07,274230.99299999996,1.0,271135.67254687496,4.248655765147055e-07,1020.3159437227682,4800.0,1.0,,102,,,,,,,,
8.09628257699842,0.009366773539602491,0.08061523456126451,0.0,0.0,0.0151075,4.0,0.7424999999999999,-0.0032070050714537502,0.2836941823363304,0.0010782029596157372,2.3858355120864873e-06,9.25481290892094e-07,274343.973,1.0,270035.62945312506,4.248655765147055e-07,2243.1352966202344,4800.0,1.0,,103,,,,,,,,
8.071787101000155,0.007321780982020698,0.07514648456126452,0.0,0.0,0.01506,4.0,0.74,-0.007434521295363083,0.28707973212003707,-0.0031116873607970772,1.9016861358522874e-06,7.939095993947376e-07,273790.07499999995,1.0,270935.519296875,4.248655765147055e-07,1680.2841984171303,4800.0,1.0,,104,,,,,,,,
8.046890467001504,0.008583538235163246,0.07133789081126451,0.0,0.0,0.015012500000000002,4.0,0.7375,-0.0002666846208740026,0.28847905844449995,0.004063510219566524,1.9415003464473555e-06,8.055867866119115e-07,273826.164,1.0,270847.523890625,4.248655765147055e-07,1819.4576465777102,4800.0,1.0,,105,,,,,,,,
8.03719061800075,0.010016142929869432,0.09817708348855377,0.0,0.0,0.014965,4.0,0.735,-0.0023687080771196633,0.2864340543746948,0.0019171948311850428,1.8566958033261471e-06,7.95583407864342e-07,273970.219,1.0,271037.280796875,4.248655765147055e-07,1766.8296950922831,4800.0,1.0,,106,,,,,,,,
8.053880374000073,0.009228230781050683,0.07431640645954758,0.0,0.0,0.0149175,4.0,0.7324999999999999,-0.001820710871834308,0.2953160621225834,0.0025840362068265676,2.141415123446677e-06,8.322889016199042e-07,274092.025,1.0,270387.172921875,4.248655765147055e-07,1993.837834485869,4800.0,1.0,,107,,,,,,,,
8.17505305099985,0.010085477009515387,0.08631184929981828,0.0,0.0,0.014870000000000001,4.0,0.73,-0.0033033482555765658,0.29260353073477746,0.0010470998473465442,1.782016792617469e-06,7.764191153114553e-07,273850.21100000007,1.0,270203.242625,4.248655765147055e-07,1924.2176338255326,4800.0,1.0,,108,,,,,,,,
8.141503357999682,0.005836694904377282,0.059375000093132256,0.0,0.0,0.014822499999999999,4.0,0.7275,-0.002255591459106654,0.28975921794772147,0.002038724720478058,1.8526363788851087e-06,9.099265227519027e-07,273819.348,1.0,270245.772875,4.248655765147055e-07,2152.1966043251045,4800.0,1.0,,109,,,,,,,,
8.04225112000131,0.009486177306186505,0.08007812537252904,0.0,0.0,0.014775,4.0,0.725,-0.0015761890623252838,0.2855099104344845,0.0026417256682179867,1.516432263315437e-06,6.851819065900599e-07,273162.21,1.0,270644.56896874995,4.248655765147055e-07,1711.9227623946683,4800.0,1.0,,110,,,,,,,,
8.014728665999428,0.008513691349310192,0.07026367201469838,0.0,0.0,0.014727500000000001,4.0,0.7224999999999999,-0.0009336565039120614,0.2934412956237793,0.0033875676803290845,1.3344853186936234e-06,5.979378087772603e-07,273115.87,1.0,270989.71559375,4.248655765147055e-07,1137.7296188041807,4800.0,1.0,,111,,,,,,,,
7.052149540000755,0.018693835578812924,0.15003255233168603,0.0,1.0,0.01468,2.0,0.72,0.006551245995797217,0.292676842212677,0.010847253329120576,1.4940985522571281e-06,6.789893973291328e-07,273377.455,1.0,270857.16748437495,4.248655765147055e-07,1721.1919120261016,4800.0,1.0,,112,,,,,,,,
8.180714887999784,0.007129058055299708,0.07436523474752903,0.0,0.0,0.014632500000000001,4.0,0.7175,-0.0009483277914114297,0.29743963703513143,0.003403514047386125,1.3908586339539398e-06,6.102020336129498e-07,274794.74600000004,1.0,271230.01246875,4.248655765147055e-07,1451.4520311271142,4800.0,1.0,,113,,,,,,,,
8.043456567000248,0.007677755666131247,0.08759765625,0.0,0.0,0.014585,4.0,0.7150000000000001,0.0005455684149637818,0.2839351288974285,0.004686263168696314,1.540221691698207e-06,6.90011108872568e-07,273736.80000000005,1.0,270806.33360937505,4.248655765147055e-07,1731.4660329792039,4800.0,1.0,,114,,,,,,,,
8.069807199000934,0.005383985190275098,0.05589192733168602,0.0,0.0,0.014537500000000002,4.0,0.7125,-0.00024999205488711594,0.30207295119762423,0.004140957607887685,1.2482978092975828e-06,6.2275344845375e-07,274049.71599999996,1.0,271244.4575625,4.248655765147055e-07,1460.446184019872,4800.0,1.0,,115,,,,,,,,
8.041403061999517,0.008233464973407933,0.08569335946813225,0.0,0.0,0.014490000000000001,4.0,0.71,-0.001842629542807117,0.29691154360771177,0.002459092903882265,1.5480832416869816e-06,7.412635241621501e-07,273666.53700000007,1.0,270991.082953125,4.248655765147055e-07,1904.8524164820772,4800.0,1.0,,116,,,,,,,,
8.083893772998636,0.006995620421925253,0.07115885438397526,0.0,0.0,0.0144425,4.0,0.7075,-0.0004708021180704236,0.30108693018555643,0.0038772434229031203,1.2328516419302104e-06,5.590918426889857e-07,273787.782,1.0,271517.624296875,4.248655765147055e-07,1194.0658502595877,4800.0,1.0,,117,,,,,,,,
8.069954964001226,0.011910347998619387,0.11357421930879355,0.0,0.0,0.014395000000000002,4.0,0.7050000000000001,-0.007037692214362323,0.2930116310715675,-0.0028203043388202787,1.4349682544434472e-06,7.422530174494569e-07,273796.846,1.0,270844.10003125004,4.248655765147055e-07,1959.562707579054,4800.0,1.0,,118,,,,,,,,
8.24629269900106,0.008343098385364556,0.07963867215439677,0.0,0.0,0.014347500000000001,4.0,0.7025,-0.0022453987738117577,0.2959411323070526,0.0020001966040581465,1.1683584972388417e-06,6.055164774920741e-07,274350.946,1.0,271643.77093750006,4.248655765147055e-07,1600.8620904267561,4800.0,1.0,,119,,,,,,,,
8.087553822999325,0.00908731937194176,0.08199869822710752,0.0,0.0,0.0143,4.0,0.7,-0.0005188093055039644,0.30295398756861686,0.0038129577413201334,1.2194809642096516e-06,7.056252897541526e-07,273616.651,1.0,271401.7491875,4.248655765147055e-07,1773.4682022234615,4800.0,1.0,,120,275026.879,274070.87799999997,272009.92000000004,70000042,271590.9769333333,best_of_k,274070.87799999997,1168.630990170757
8.142133686000307,0.00895407829663597,0.07457682304084301,0.0,0.0,0.014252500000000001,4.0,0.6975,-0.006037316285073757,0.29343862906098367,-0.0018554845359176398,1.0486701555123546e-06,5.939205024674265e-07,274449.3460000001,1.0,271466.22642187506,4.248655765147055e-07,1244.559961864774,4800.0,1.0,,121,,,,,,,,
8.094190137000624,0.01009123176094775,0.0837239583954215,0.0,0.0,0.014205,4.0,0.6950000000000001,-0.0027172113419510423,0.2827336221933365,0.0012986590852960944,9.577518966352728e-07,5.300174493072518e-07,273748.73600000003,1.0,271197.5998750001,4.248655765147055e-07,1240.9904955003378,4800.0,1.0,,122,,,,,,,,
8.066016685999784,0.007402794976782446,0.07273763054981827,0.0,0.0,0.0141575,4.0,0.6925,-0.0024267581291496755,0.28488407358527185,0.0016061259200796485,1.0465125839687061e-06,5.139220455419036e-07,273376.518,1.0,271169.0425625,4.248655765147055e-07,937.7471320170702,4800.0,1.0,,123,,,,,,,,
8.067219862001366,0.007817907285386384,0.07436523456126451,0.0,0.0,0.014110000000000001,4.0,0.69,-0.008292987005552277,0.28431766480207443,-0.00428157455753535,8.240940829296051e-07,4.5561977444208426e-07,273478.649,1.0,271114.39053125004,4.248655765147055e-07,866.599492570654,4800.0,1.0,,124,,,,,,,,
8.144614296001237,0.008023825620709602,0.08693033885210752,0.0,0.0,0.0140625,4.0,0.6875,-0.005671295727370307,0.2835114933550358,-0.0016847392078489065,8.954655257298327e-07,4.675470798076731e-07,273981.35000000003,1.0,271166.45470312505,4.248655765147055e-07,1057.1097864721844,4800.0,1.0,,125,,,,,,,,
8.136848785999973,0.0061954577703644985,0.06080729179084301,0.0,0.0,0.014015,4.0,0.685,-0.00504094214993529,0.275090853869915,-0.0011858834302984178,7.620150682896565e-07,5.272855226223782e-07,272345.917,1.0,270393.993375,4.248655765147055e-07,859.2719314075796,4800.0,1.0,,126,,,,,,,,
8.079002631999174,0.008463953773824074,0.07866210974752903,0.0,0.0,0.0139675,4.0,0.6825,-0.0026457918400410564,0.27863619923591615,0.0012457569711841643,8.032801275703604e-07,4.4428305301380533e-07,272490.56799999997,1.0,270344.36262500007,4.248655765147055e-07,904.850492013826,4800.0,1.0,,127,,,,,,,,
8.07220470700122,0.0076294470515321676,0.06435546893626451,0.0,0.0,0.01392,4.0,0.6799999999999999,7.529110880568623e-05,0.2902286805212498,0.004114950797520578,8.163880835354576e-07,4.837957774839196e-07,273844.307,1.0,271540.42743750004,4.248655765147055e-07,1058.8935406197763,4800.0,1.0,,128,,,,,,,,
8.139060180001252,0.009446732456661522,0.07065429706126451,0.0,0.0,0.0138725,4.0,0.6775,-0.00042316940962336955,0.2907915644347668,0.0036105367820709945,8.998309837693341e-07,4.1872856613167644e-07,273538.93,1.0,271246.40334375005,4.248655765147055e-07,963.6185118142143,4800.0,1.0,,129,,,,,,,,
8.251642023000386,0.007649127912262088,0.07643229188397527,0.0,0.0,0.013825,4.0,0.675,-0.002019799320260063,0.2918639563024044,0.0020149038755334914,8.407122564335623e-07,4.638858172256732e-07,273060.80100000004,1.0,270674.053046875,4.248655765147055e-07,1287.05003432887,4800.0,1.0,,130,,,,,,,,
8.20247948799988,0.009806513514843119,0.08559570340439678,0.0,0.0,0.013777500000000002,4.0,0.6725,-0.0009561340732034296,0.2850843004882336,0.002971174451522529,1.1623922517856045e-06,6.485366810693449e-07,273245.74700000003,1.0,270577.82978125,4.248655765147055e-07,1725.224149918514,4800.0,1.0,,131,,,,,,,,
8.127270828999826,0.006572197852698025,0.06546223983168602,0.0,0.0,0.01373,4.0,0.6699999999999999,-0.0026886112231295557,0.28367322832345965,0.0012057355139404534,1.2723233368205912e-06,7.185370122897439e-07,274194.74199999997,1.0,270269.11634375004,4.248655765147055e-07,2082.7962518262593,4800.0,1.0,,132,,,,,,,,
8.028580558000613,0.005251438401694486,0.05079752625897527,0.0,0.0,0.0136825,4.0,0.6675,-0.0010274458210915328,0.27950395718216897,0.002796483284328133,1.0797523202654701e-06,5.522599664686822e-07,273113.69800000003,1.0,271040.986125,4.248655765147055e-07,1486.8196597103945,4800.0,1.0,,133,,,,,,,,
8.14193608200003,0.008222824983032239,0.07333984393626451,0.0,0.0,0.013635000000000001,4.0,0.665,-0.0021487063961103557,0.27574954405426977,0.001610691554378718,1.3359953925373702e-06,6.266917054631449e-07,273172.20300000004,1.0,270576.655328125,4.248655765147055e-07,2058.8465774079073,4800.0,1.0,,134,,,,,,,,
8.271523368999624,0.007456996002797212,0.06694335956126451,0.0,0.0,0.013587499999999999,4.0,0.6625,0.00019260642002336681,0.2870804287493229,0.004092320130439475,7.134186805046738e-06,5.559227517437648e-07,273427.757,1.0,271125.96778125,4.248655765147055e-07,1522.2240834662894,4800.0,1.0,,135,,,,,,,,
8.093511216999104,0.009923364009220847,0.07722981795668601,0.0,0.0,0.01354,4.0,0.6599999999999999,-0.0036546253715641795,0.2797916613519192,0.00011243646731600166,0.0002103944688485626,5.552563862920579e-07,273581.994,1.0,271182.17851562507,4.248655765147055e-07,1581.9059328437984,4800.0,1.0,,136,,,,,,,,
8.18203345299844,0.007554949879936856,0.06582031277939678,0.0,0.0,0.013492500000000001,4.0,0.6575,0.0014586520264856517,0.27836362794041636,0.005193244433030486,0.000209686181494817,5.217279074543057e-07,274271.181,1.0,271498.4495625,4.248655765147055e-07,1560.5109925489787,4800.0,1.0,,137,,,,,,,,
7.02107341699957,0.02169840872365114,0.1137044271454215,0.0,1.0,0.013445000000000002,2.0,0.655,0.0023183203185908495,0.2722161151468754,0.0059459534706547855,0.00032027269505761067,5.703141482626961e-07,274300.512,1.0,271770.49496875005,4.248655765147055e-07,1508.906380444128,4800.0,1.0,,138,,,,,,,,
8.086534517999098,0.008701793683543712,0.07924804715439678,0.0,0.0,0.013397500000000001,4.0,0.6525000000000001,-0.00346657675690949,0.27418702505528925,0.00019662622362375258,0.00010009204006848904,4.175516409077318e-07,274436.935,1.0,271849.8598125,4.248655765147055e-07,1158.6927814387825,4800.0,1.0,,139,,,,,,,,
8.136111116999018,0.010790855424052382,0.09228515662252904,0.0,0.0,0.01335,4.0,0.65,-0.00017440334195271135,0.2618602328002453,0.003319954901235178,1.2052126743355985e-05,5.411576310621058e-07,273670.046,1.0,271643.58915625,4.248655765147055e-07,1418.1062784825692,4800.0,1.0,,140,275026.879,273470.621,270608.512,70000042,271446.72709999996,best_of_k,273470.621,954.4763514350457
8.127054164999208,0.010118235737657244,0.06834309920668602,0.0,0.0,0.013302500000000002,4.0,0.6475,-0.0033469396410509946,0.2658852346241474,0.00018963885959237813,1.2375736517356018e-06,4.720936608748616e-07,273909.348,1.0,271121.24828125,4.248655765147055e-07,1215.6472327036029,4800.0,1.0,,141,,,,,,,,
7.0423891360005655,0.018284515675880186,0.09169921875,0.0,1.0,0.013255000000000001,2.0,0.645,0.0003589130821637809,0.25535465478897096,0.0037433720659464597,8.115567254662892e-07,3.729278517994317e-07,273478.233,1.0,271154.960828125,4.248655765147055e-07,934.7851267726134,4800.0,1.0,,142,,,,,,,,
8.113699118999648,0.008009550704408498,0.07010091161355377,0.0,0.0,0.0132075,4.0,0.6425000000000001,-0.002258681782404892,0.25264955274760725,0.0010779305905089132,7.45449027306222e-07,3.650562213408648e-07,273526.92499999993,1.0,270695.05221875,4.248655765147055e-07,1013.8981888304963,4800.0,1.0,,143,,,,,,,,
8.15253303999998,0.007140180772611871,0.06674804696813226,0.0,0.0,0.013160000000000002,4.0,0.64,-0.0060625359124969695,0.2474639628082514,-0.0028061336488462985,5.910925139573919e-07,3.2968922596410267e-07,272481.572,1.0,270783.261828125,4.248655765147055e-07,609.1566796268341,4800.0,1.0,,144,,,,,,,,
8.22865401799936,0.00886423361583013,0.06850585946813226,0.0,0.0,0.013112500000000001,4.0,0.6375,-0.001586693257559091,0.24850104078650476,0.0016715166391804814,6.748807663825573e-07,3.842975495160772e-07,272931.134,1.0,270411.01690625004,4.248655765147055e-07,1077.4355061067124,4800.0,1.0,,145,,,,,,,,
8.23636698900009,0.007554948117645921,0.07050781273283065,0.0,0.0,0.013065,4.0,0.635,-0.00026674353866837917,0.24626701138913631,0.0029504882637411355,6.175266285879389e-07,3.6840250174918763e-07,272518.656,1.0,270859.271421875,4.248655765147055e-07,885.7124073497984,4800.0,1.0,,146,,,,,,,,
8.070333009000024,0.0070632749839994345,0.06988932322710753,0.0,0.0,0.013017500000000001,4.0,0.6325000000000001,-0.005722361389780417,0.24313003718852996,-0.0025576842483133076,6.382789166536895e-07,4.0831940495422714e-07,272755.475,1.0,270761.305890625,4.248655765147055e-07,1091.8010677716206,4800.0,1.0,,147,,,,,,,,
8.12059224100085,0.00681314936394486,0.052164713607635346,0.0,0.0,0.01297,4.0,0.63,-0.0021736617083661256,0.2421244390308857,0.00096645891899243,6.00473050127448e-07,3.461866057818952e-07,273288.782,1.0,271121.929953125,4.248655765147055e-07,733.7109723007163,4800.0,1.0,,148,,,,,,,,
8.124171826000747,0.008976440673147578,0.06445312518626452,0.0,0.0,0.0129225,4.0,0.6275,-0.003056638140697032,0.24514697790145873,0.00011088413884863257,9.199619299238293e-07,5.957303258696811e-07,273022.029,1.0,270207.90973437496,4.248655765147055e-07,1830.2301046372927,4800.0,1.0,,149,,,,,,,,
8.12235797700123,0.009308491175278277,0.06759440107271075,0.0,0.0,0.012875000000000001,4.0,0.625,-0.002453588240314275,0.2451201643794775,0.0007020760327577591,5.96618265547022e-07,3.957846743674054e-07,272876.446,1.0,270523.2075,4.248655765147055e-07,1028.1161571052235,4800.0,1.0,,150,,,,,,,,
8.178588253000271,0.006726601797801379,0.05991210956126451,0.0,0.0,0.0128275,4.0,0.6225,-0.0075904271623585375,0.24070304930210112,-0.004503125615883619,7.668407349115114e-07,4.793796954061236e-07,272792.69700000004,1.0,270712.2260625,4.248655765147055e-07,1447.4858301971983,4800.0,1.0,,151,,,,,,,,
8.63307270400037,0.011128036281861852,0.07314453134313226,0.0,0.0,0.01278,4.0,0.62,-0.0020347812271211295,0.23731373585760593,0.00099781813332811,6.174847499096358e-07,4.1682345326421454e-07,272998.31,1.0,270774.888046875,4.248655765147055e-07,1339.9286359819343,4800.0,1.0,,152,,,,,,,,
6.593127534999439,0.020896815722647944,0.12565104216337203,0.0,1.0,0.0127325,1.0,0.6174999999999999,0.01710106269456446,0.24665134847164155,0.0202413247898221,5.479999686031079e-07,3.418355447593058e-07,273160.00700000004,1.0,270722.84268750006,4.248655765147055e-07,876.6848866799312,4800.0,1.0,,153,,,,,,,,
8.093656519000433,0.008471790814975576,0.07950846385210752,0.0,0.0,0.012685,4.0,0.615,-0.003436647751368582,0.24340608417987825,-0.0003493106574751437,6.399310336746567e-07,4.1049161936257406e-07,272784.969,1.0,269269.79359375,4.248655765147055e-07,1101.1151796392571,4800.0,1.0,,154,,,,,,,,
8.099465034001696,0.006288423446795121,0.059391276072710754,0.0,0.0,0.0126375,4.0,0.6125,-0.004118127631954849,0.24245484545826912,-0.0010543432785198093,5.201431228840647e-07,3.735207513955174e-07,271657.43,1.0,269741.30937500007,4.248655765147055e-07,979.4139018640877,4800.0,1.0,,155,,,,,,,,
8.157377246001488,0.01237664656962636,0.07625325545668601,0.0,0.0,0.01259,4.0,0.61,-0.0030901540478225796,0.24031352959573268,-6.484203040599824e-05,5.63647206774931e-07,3.593978654237162e-07,271905.255,1.0,269780.35025,4.248655765147055e-07,1219.4439111857866,4800.0,1.0,,156,,,,,,,,
8.337572614000237,0.010988851948835077,0.06969401054084301,0.0,0.0,0.012542500000000002,4.0,0.6074999999999999,-0.0004225718439556658,0.23560388945043087,0.0025321690132841467,7.537114214528629e-07,4.900114795702848e-07,272789.282,1.0,270199.052796875,4.248655765147055e-07,1469.317321664674,4800.0,1.0,,157,,,,,,,,
8.157536798000365,0.010615594327400401,0.06329752630554139,0.0,0.0,0.012495,4.0,0.605,-0.0005335457099135965,0.23270519226789474,0.002373744815122336,8.227952307038322e-07,5.577482127705479e-07,272164.44100000005,1.0,270011.61703125,4.248655765147055e-07,1786.9927853808922,4800.0,1.0,,158,,,,,,,,
8.138577146000898,0.008367276571896554,0.06897786464542151,0.0,0.0,0.0124475,4.0,0.6025,-0.0014781482168473303,0.23796826116740705,0.0014836670481599868,7.378466321483756e-07,4.4142592869889086e-07,273289.11600000004,1.0,270193.8515625,4.248655765147055e-07,1494.8354678389574,4800.0,1.0,,159,,,,,,,,
8.158135951998702,0.0068770262060880325,0.06445312523283064,0.0,0.0,0.012400000000000001,4.0,0.6,-0.001075702515663579,0.229644250869751,0.0017716361442580819,5.773691626131949e-07,3.837120388539006e-07,273606.551,1.0,270285.86290625005,4.248655765147055e-07,1466.3036502505047,4800.0,1.0,,160,275026.879,271471.04000000004,270042.69899999996,70000042,269830.003,best_of_k,271471.04000000004,1675.7959681851678
8.119294244999764,0.006489420897342768,0.0659016927704215,0.0,0.0,0.012352499999999999,4.0,0.5974999999999999,-0.0036811981175560505,0.23126230761408806,-0.0008248416357673705,7.929653520477586e-07,4.63726230748307e-07,273471.457,1.0,270253.67040625005,4.248655765147055e-07,1580.456081503487,4800.0,1.0,,161,,,,,,,,
8.055704817999867,0.005479379743941593,0.057210286520421504,0.0,0.0,0.012305,4.0,0.595,-0.002967858291231096,0.22843655832111837,-0.0001573208370245993,8.978336467180271e-07,5.684533519456636e-07,273439.11600000004,1.0,270284.89740625,4.248655765147055e-07,1829.037342012829,4800.0,1.0,,162,,,,,,,,
8.11421504700047,0.008882252931716295,0.07530924482271076,0.0,0.0,0.012257500000000001,4.0,0.5925,0.0018933871411718427,0.22879006303846836,0.0046974656404927375,9.59687248780483e-07,4.3993880041170994e-07,273057.70700000005,1.0,270722.89806250005,4.248655765147055e-07,1279.7726601053146,4800.0,1.0,,163,,,,,,,,
8.224931485001434,0.0092703573839799,0.07630208376795053,0.0,0.0,0.012210000000000002,4.0,0.5900000000000001,0.0015614892588928341,0.23587781935930252,0.004441035335185006,2.7482273225132304e-06,4.94222626912233e-07,273006.365,1.0,270808.94656250003,4.248655765147055e-07,1370.290762658073,4800.0,1.0,,164,,,,,,,,
8.132224752000184,0.011980536676679776,0.09833984393626452,0.0,0.0,0.012162500000000001,4.0,0.5875,0.00991478607757017,0.2373571302741766,0.012801350955851377,1.0609636390768174e-06,3.7014529965517793e-07,273447.16000000003,1.0,271012.019640625,4.248655765147055e-07,1408.8901763756382,4800.0,1.0,,165,,,,,,,,
8.155377103001229,0.009034083879841148,0.0748209641315043,0.0,0.0,0.012115,4.0,0.585,-0.0006661900610197335,0.24231211915612222,0.002269121655263007,7.798577513540295e-07,4.440817050976875e-07,273951.604,1.0,271217.7229218751,4.248655765147055e-07,1454.1021780585995,4800.0,1.0,,166,,,,,,,,
8.120151705999888,0.00969259483559739,0.07879231795668602,0.0,0.0,0.0120675,4.0,0.5825,0.0030484514660201966,0.23352793976664543,0.005866176635026932,8.727994782020688e-07,5.718926374242983e-07,273970.093,1.0,270715.43396875006,4.248655765147055e-07,1803.6666600893004,4800.0,1.0,,167,,,,,,,,
8.248920611000358,0.00699175526581044,0.06800130214542151,0.0,0.0,0.012020000000000001,4.0,0.5800000000000001,-0.001833675621310249,0.2284251034259796,0.0009116858749621315,7.357203017477332e-07,4.6963042237280207e-07,273230.034,1.0,270691.285828125,4.248655765147055e-07,1500.4599746464337,4800.0,1.0,,168,,,,,,,,
8.17352320899954,0.010279822598155875,0.07747395858168601,0.0,0.0,0.0119725,4.0,0.5775,-0.00038300347223412244,0.23619572184979915,0.0024445907445624472,6.062807145212901e-07,3.9684601063072476e-07,273312.89099999995,1.0,271097.14454687503,4.248655765147055e-07,1297.3924105944327,4800.0,1.0,,169,,,,,,,,
8.125645992999125,0.00812254371015797,0.07109375037252903,0.0,0.0,0.011925000000000002,4.0,0.575,0.0003738853265531361,0.22942137382924557,0.0031094720819965006,6.697023025026283e-07,3.913377504716209e-07,273519.569,1.0,271030.724046875,4.248655765147055e-07,1353.3505467116997,4800.0,1.0,,170,,,,,,,,
8.141798819999167,0.009616352457465638,0.07360026063397526,0.0,0.0,0.011877500000000001,4.0,0.5725,-0.0011166431009769439,0.23182100541889666,0.0016365663148462772,6.161343321764435e-07,3.6473218898436246e-07,273203.803,1.0,271085.535890625,4.248655765147055e-07,1315.1571838760133,4800.0,1.0,,171,,,,,,,,
8.11118716099918,0.00577244469872582,0.0571126302704215,0.0,0.0,0.01183,4.0,0.5700000000000001,-0.0015233628277201206,0.22807414084672928,0.0011744966730475425,6.310151391630825e-07,3.8937904065505793e-07,273592.331,1.0,271366.825890625,4.248655765147055e-07,1160.0325897787204,4800.0,1.0,,172,,,,,,,,
7.0212840430012875,0.016276209191933334,0.06051432341337204,0.0,1.0,0.011782500000000001,2.0,0.5675,-0.00260586841031909,0.23182272017002106,0.00012531355023384094,5.210900212659908e-07,4.352789915174071e-07,273536.911,1.0,270958.0196250001,4.248655765147055e-07,1175.9188653344472,4800.0,1.0,,173,,,,,,,,
8.184175983000387,0.008723315466947667,0.05701497402042151,0.0,0.0,0.011735,4.0,0.565,-0.006557749747298658,0.2347693771123886,-0.0038029760355129836,5.729119656905368e-07,3.7474169758411333e-07,273798.20800000004,1.0,271198.80254687497,4.248655765147055e-07,1330.3980158779236,4800.0,1.0,,174,,,,,,,,
8.131948902000659,0.006299823282193984,0.06041666679084301,0.0,0.0,0.0116875,4.0,0.5625,0.0015489965007873252,0.23508106023073197,0.004296286357566714,5.496041005415009e-07,3.3078365930805375e-07,273770.272,1.0,271462.2625625,4.248655765147055e-07,1187.7634719878347,4800.0,1.0,,175,,,,,,,,
8.199257246998968,0.00505736697573198,0.048404947947710754,0.0,0.0,0.011640000000000001,4.0,0.56,-0.0028313294460531324,0.2425974927842617,-7.738219574093819e-06,5.856242424329139e-07,3.7079989922972345e-07,273850.97400000005,1.0,271104.953984375,4.248655765147055e-07,1279.8418648579548,4800.0,1.0,,176,,,,,,,,
8.117292544999145,0.004774377822122489,0.04497070326469839,0.0,0.0,0.0115925,4.0,0.5575,-0.0007316836097743362,0.24081665351986886,0.0020597381982952355,6.069393208463225e-07,3.687869764235074e-07,273739.673,1.0,271457.84171875,4.248655765147055e-07,1193.905531621856,4800.0,1.0,,177,,,,,,,,
8.11189192600068,0.010086797286746219,0.07719726571813226,0.0,0.0,0.011545,4.0,0.5549999999999999,-0.0010741043835878373,0.23099575079977513,0.0015924498904496432,7.558077470548596e-07,4.327322557173829e-07,274307.878,1.0,271356.519734375,4.248655765147055e-07,1515.7612545750255,4800.0,1.0,,178,,,,,,,,
8.196721509999406,0.012882338347633037,0.07156575545668602,0.0,0.0,0.0114975,4.0,0.5525,0.0004564001224935055,0.23557878471910954,0.003164653806015849,7.757708985423051e-07,4.704922240250653e-07,273673.433,1.0,271298.52,4.248655765147055e-07,1386.9502041387188,4800.0,1.0,,179,,,,,,,,
8.176351473999603,0.007512702108932956,0.06007486991584301,0.0,0.0,0.01145,4.0,0.55,-0.004521780530922115,0.23288809433579444,-0.0018555322894826531,1.168460993028475e-06,4.07568669658076e-07,273410.429,1.0,271193.85559375,4.248655765147055e-07,1126.5183350870589,4800.0,1.0,,180,275026.879,273937.87399999995,272766.243,70000042,271378.7374666667,best_of_k,273937.87399999995,1152.1165379431204
8.274631661999592,0.012157415727054399,0.08014322929084301,0.0,0.0,0.011402500000000001,4.0,0.5475,0.00014631943195126952,0.225160675868392,0.0027134410105645657,9.514843299029962e-07,3.560287076709301e-07,273310.79099999997,1.0,271491.609984375,4.248655765147055e-07,1205.5978873432646,4800.0,1.0,,181,,,,,,,,
8.232902801999444,0.008354607594402097,0.06293945321813225,0.0,0.0,0.011355,4.0,0.5449999999999999,-0.0033766468171961606,0.22029326371848584,-0.0008754671725910157,8.492947173976973e-07,3.30817179872156e-07,273168.789,1.0,271252.372,4.248655765147055e-07,914.9391916732308,4800.0,1.0,,182,,,,,,,,
7.069479705000049,0.016664070771805938,0.0892578125,0.0,1.0,0.0113075,2.0,0.5425,0.0028780433465726675,0.21310071423649787,0.0052874400047585365,5.336170971759202e-07,3.7302167044117596e-07,273013.311,1.0,271116.21796875005,4.248655765147055e-07,849.5515503099648,4800.0,1.0,,183,,,,,,,,
8.07286094400115,0.00963352895329166,0.07138671893626451,0.0,0.0,0.011260000000000001,4.0,0.54,-0.0020069184247404337,0.21959047988057137,0.00046546070370823145,5.164332343099431e-07,3.159986849965435e-07,274300.49199999997,1.0,271427.6766875,4.248655765147055e-07,887.6660885424452,4800.0,1.0,,184,,,,,,,,
8.05506377599886,0.0054377340462899324,0.04783528670668602,0.0,0.0,0.0112125,4.0,0.5375,0.0018280898075317964,0.2158969860523939,0.004248639754951,5.31456451824397e-07,2.831662257563039e-07,274074.57,1.0,271903.67803125,4.248655765147055e-07,868.1744228729159,4800.0,1.0,,185,,,,,,,,
8.106893395999577,0.005009405047219672,0.04915364608168602,0.0,0.0,0.011165,4.0,0.5349999999999999,-0.0005234610987827181,0.21053788736462592,0.001826843898743391,1.6904355369717904e-06,3.6321595615618206e-07,273835.396,1.0,272139.6835,4.248655765147055e-07,872.0361883032948,4800.0,1.0,,186,,,,,,,,
8.12214065399894,0.00873970308458496,0.0646809897152707,0.0,0.0,0.0111175,4.0,0.5325,-0.0011164714611368253,0.21676694750785827,0.001293104374781251,1.6742851073558996e-06,3.264556688975517e-07,273855.45599999995,1.0,271778.66956249997,4.248655765147055e-07,1335.7203126455477,4800.0,1.0,,187,,,,,,,,
8.14782551999997,0.006298564500715998,0.053125000069849194,0.0,0.0,0.011070000000000002,4.0,0.53,-0.0005614971159957349,0.20787143260240554,0.0017394089954905212,6.649841367334375e-07,3.281150902978425e-07,273786.83900000004,1.0,271853.28735937504,4.248655765147055e-07,936.2671125921809,4800.0,1.0,,188,,,,,,,,
8.10165812500054,0.012203130584202882,0.08068033885210753,0.0,0.0,0.011022500000000001,4.0,0.5275000000000001,0.0017377698735799641,0.21003613583743572,0.004052625485928729,6.415188153141571e-07,4.076237210881573e-07,273932.93,1.0,271863.47256250004,4.248655765147055e-07,1276.0588545116816,4800.0,1.0,,189,,,,,,,,
7.067609794999953,0.02143725159519434,0.12194010419771076,0.0,1.0,0.010975,2.0,0.525,0.006657604675274343,0.20145698189735411,0.008868368761613964,5.934873357205106e-07,3.3642566847902345e-07,274099.154,1.0,272028.094125,4.248655765147055e-07,984.1428084206988,4800.0,1.0,,190,,,,,,,,
8.038678540000546,0.006058703927732978,0.060970052145421505,0.0,0.0,0.010927500000000001,4.0,0.5225,0.001372691331198439,0.1999945968389511,0.003557899291627109,6.315882771446013e-07,3.3939588988118886e-07,274728.654,1.0,271924.318828125,4.248655765147055e-07,952.0936067790738,4800.0,1.0,,191,,,,,,,,
8.071623417999945,0.0069734886331097815,0.06005859412252903,0.0,0.0,0.01088,4.0,0.52,-0.0017350441601593047,0.19735014177858828,0.0004118752316571772,5.646790746993702e-07,3.868015227226351e-07,273896.93,1.0,272100.295953125,4.248655765147055e-07,1015.2671821097675,4800.0,1.0,,192,,,,,,,,
8.170612996998898,0.006586415065986273,0.05916341170668602,0.0,0.0,0.0108325,4.0,0.5175000000000001,-0.0004039694205857813,0.20525568015873433,0.0018191706505604089,6.899221958178714e-07,4.469909200111033e-07,274250.62100000004,1.0,272179.99653125,4.248655765147055e-07,1425.2948064143861,4800.0,1.0,,193,,,,,,,,
8.094710254999882,0.008427293825586445,0.07189127635210753,0.0,0.0,0.010785000000000001,4.0,0.515,-0.0002482152369339019,0.20778397619724273,0.001992490515112877,6.985895900868399e-07,3.4916532598572303e-07,274028.885,1.0,272147.271015625,4.248655765147055e-07,993.7758432039186,4800.0,1.0,,194,,,,,,,,
8.065459742001622,0.006782472222871405,0.050374349020421504,0.0,0.0,0.0107375,4.0,0.5125,-0.002755844016792253,0.20491307377815246,-0.000555889680981636,7.407916768897849e-07,4.517392738989656e-07,273992.653,1.0,271872.78021875,4.248655765147055e-07,1585.7220991676113,4800.0,1.0,,195,,,,,,,,
8.190109047000078,0.006116733491467486,0.04388020844198763,0.0,0.0,0.010690000000000002,4.0,0.51,0.002959769981680438,0.20132524184882641,0.005111674498766661,6.020807369111481e-07,4.0443390787459065e-07,274520.987,1.0,272109.49203125003,4.248655765147055e-07,1098.008702260011,4800.0,1.0,,196,,,,,,,,
8.20088997700077,0.010960679657585714,0.0627278646454215,0.0,1.0,0.010642500000000001,4.0,0.5075000000000001,-0.0018544920516433195,0.20095048174262048,0.00028387965867295863,4.1999283411087164e-07,4.036696491738212e-07,274116.727,1.0,272386.17646875,4.248655765147055e-07,964.4614868962339,4800.0,1.0,,197,,,,,,,,
8.018695108001339,0.011340536664831546,0.07366536473855376,0.0,0.0,0.010595,4.0,0.505,-0.0012573331710882484,0.2057576362043619,0.0009222832741215825,8.600071424780254e-07,5.992831020762423e-07,274111.453,1.0,271634.625296875,4.248655765147055e-07,1948.0207761137815,4800.0,1.0,,198,,,,,,,,
7.936865438001405,0.008649541841914044,0.07841796884313226,0.0,0.0,0.010547500000000001,4.0,0.5025,-0.0006395430857082829,0.20096403025090695,0.0014777807751670479,6.842232039616647e-07,4.551046956891014e-06,274268.92500000005,1.0,272347.49973437504,4.248655765147055e-07,1161.7169618816986,4800.0,1.0,,199,,,,,,,,
7.495805201000621,0.01852691479664088,0.06605902798473835,0.0,1.0,0.0105,3.0,0.5,0.0026946752953032655,0.20071682731310528,0.004795047796020905,6.673569998838502e-06,1.2974327857288396e-05,274444.56899999996,1.0,272376.407015625,4.248655765147055e-07,930.6583894333496,4800.0,1.0,,200,275026.879,274314.081,272456.027,70000042,272260.4056666667,best_of_k,274314.081,788.6604227227821
8.218535388999953,0.01223074990293611,0.07905273456126452,0.0,0.0,0.010452500000000002,4.0,0.49750000000000005,-0.00295386909856461,0.20434396490454673,-0.000819843471981585,2.882973919327014e-06,3.181482585290496e-06,274136.72000000003,1.0,272218.936171875,4.248655765147055e-07,960.184601419756,4800.0,1.0,,201,,,,,,,,
7.981439380999291,0.008015500820810572,0.06056315125897527,0.0,0.0,0.010405000000000001,4.0,0.495,-0.0057150547625496985,0.20835686549544336,-0.0035479482379741968,3.835895918058441e-06,9.252335125609079e-07,274018.2430000001,1.0,271846.84528125,4.248655765147055e-07,971.3179955584013,4800.0,1.0,,202,,,,,,,,
8.162658987001123,0.00878650835431003,0.058740234375,0.0,0.0,0.010357500000000002,4.0,0.49250000000000005,0.004287512181326747,0.21087514162063598,0.006470971647650004,3.3402543799354588e-06,6.916858332317588e-07,274285.117,1.0,272479.901140625,4.248655765147055e-07,883.0588484272131,4800.0,1.0,,203,,,,,,,,
8.148036204000164,0.010751659293429227,0.06573893232271075,0.0,1.0,0.01031,4.0,0.49,0.0014449713518843055,0.2082088589668274,0.003589972300687805,1.0050880578660327e-05,1.2550085713769476e-06,274630.31200000003,1.0,272544.424984375,4.248655765147055e-07,1165.4364419333644,4800.0,1.0,,204,,,,,,,,
7.603751894001107,0.012192578447824568,0.0890625,0.0,1.0,0.0102625,3.0,0.48750000000000004,0.0030287932604551315,0.21000336855649948,0.0051831105723977085,3.291870425906988e-06,1.0258946133490098e-06,274658.84300000005,1.0,271449.37973437505,4.248655765147055e-07,2015.2100142506556,4800.0,1.0,,205,,,,,,,,
8.090669599001558,0.00855637955958315,0.06785481795668602,0.0,0.0,0.010215,4.0,0.485,0.0041228282905649396,0.20492787323892117,0.0062142087845131755,2.2617428243165703e-06,3.4637821379135404e-06,274478.941,1.0,272664.235421875,4.248655765147055e-07,1227.4526605698386,4800.0,1.0,,206,,,,,,,,
8.164198492999276,0.008057299004074637,0.06987304724752903,0.0,0.0,0.010167500000000001,4.0,0.48250000000000004,0.005007545856642537,0.20302993655204774,0.007071115029975772,6.791462539013082e-07,1.3387811101495118e-06,274849.724,1.0,272439.89775,4.248655765147055e-07,1441.333413729041,4800.0,1.0,,207,,,,,,,,
8.206042517000242,0.007804711394930308,0.055289713619276884,0.0,0.0,0.01012,4.0,0.48,0.000915671352413483,0.1985378511250019,0.0029245767276734115,9.366381519271272e-07,4.0694769936067133e-07,274517.35000000003,1.0,272469.03956249997,4.248655765147055e-07,1434.9519967924161,4800.0,1.0,,208,,,,,,,,
7.609436763999838,0.013463469999925811,0.08845486144224803,0.0,1.0,0.010072500000000002,3.0,0.47750000000000004,0.006173907329017917,0.19809382607539494,0.008168909667680661,9.57623893782511e-07,4.0355189222888537e-07,274698.583,1.0,272595.217,4.248655765147055e-07,1528.9694810585113,4800.0,1.0,,209,,,,,,,,
8.218376349999744,0.006531430530540306,0.06555989589542151,0.0,0.0,0.010025000000000001,4.0,0.475,-0.003619969743886031,0.20258333757519723,-0.0015892524970695376,4.938633203721565e-07,2.6335208715977385e-07,274546.85800000007,1.0,272821.33828125003,4.248655765147055e-07,1150.987207004688,4800.0,1.0,,210,,,,,,,,
8.16997917899971,0.009469485515074183,0.06204427108168602,0.0,0.0,0.009977500000000002,4.0,0.47250000000000003,0.0007051627500914038,0.2036744125187397,0.0027371149888494985,6.182596280268626e-07,2.945256838415844e-07,274828.583,1.0,272519.503328125,4.248655765147055e-07,1197.594285975093,4800.0,1.0,,211,,,,,,,,
7.666493839000395,0.010608240875691876,0.07862413202722868,0.0,1.0,0.00993,3.0,0.47,0.00027854910974080364,0.19759707550207775,0.002240474046751236,6.110469684017516e-07,3.047705367483407e-07,274814.096,1.0,272706.091046875,4.248655765147055e-07,1071.2392823123726,4800.0,1.0,,212,,,,,,,,
8.134193968000545,0.005636577567875634,0.05148111986927688,0.0,0.0,0.0098825,4.0,0.4675,-0.00026134279323741794,0.18632560558617114,0.0015798047184944152,5.043580848962392e-07,3.311025793095723e-07,274662.72900000005,1.0,272668.21040625003,4.248655765147055e-07,1299.7057121135658,4800.0,1.0,,213,,,,,,,,
8.187884314000257,0.012565987422576086,0.09230143260210752,0.0,0.0,0.009835,4.0,0.46499999999999997,0.001115695247426629,0.18236506842076777,0.002909068833105266,4.796422750530382e-07,2.7845283625538284e-07,274765.169,1.0,272912.22932812496,4.248655765147055e-07,1021.9913289467546,4800.0,1.0,,214,,,,,,,,
8.144446753998636,0.004766479790801981,0.047119140857830644,0.0,0.0,0.009787500000000001,4.0,0.4625,-0.0006283234164584428,0.18137964159250258,0.001146711187902838,7.437342596006147e-07,2.885507171868085e-07,275063.867,1.0,273200.71134375,4.248655765147055e-07,889.64579890049,4800.0,1.0,,215,,,,,,,,
7.064183471000433,0.021656970453215508,0.08557942733168603,0.0,1.0,0.00974,2.0,0.45999999999999996,0.004708708147518337,0.18450091332197188,0.006505541270598769,6.639514893436171e-07,2.777142270815602e-07,275186.54400000005,1.0,272995.88509375,4.248655765147055e-07,1165.331355357993,4800.0,1.0,,216,,,,,,,,
8.122968734000096,0.007291431303502449,0.05660807313397527,0.0,0.0,0.009692500000000001,4.0,0.4575,0.001727890141773969,0.19473987594246864,0.0036151344073005022,1.3650100846973601e-06,2.712404320703854e-07,274808.62,1.0,272864.4286875,4.248655765147055e-07,1177.5212317164935,4800.0,1.0,,217,,,,,,,,
8.245365372000379,0.007922998686651538,0.06492513045668602,0.0,0.0,0.009644999999999999,4.0,0.45499999999999996,-0.003137618926120922,0.19827616438269616,-0.0012258761329576374,3.7589861861420106e-06,5.095636986141016e-07,274422.547,1.0,272357.27650000004,4.248655765147055e-07,1783.0174191880442,4800.0,1.0,,218,,,,,,,,
8.171627607000119,0.00940068120548716,0.06404622402042151,0.0,0.0,0.0095975,4.0,0.4525,0.0018270570406457409,0.19829547442495823,0.003728889866033569,8.50164833963163e-06,9.147508947648931e-07,274932.472,1.0,272464.425859375,4.248655765147055e-07,1412.1262603765933,4800.0,1.0,,219,,,,,,,,
8.258670826000525,0.005944700385481028,0.051057942840270695,0.0,0.0,0.00955,4.0,0.44999999999999996,-0.0028482311579864474,0.19620926789939402,-0.0009766872273758054,1.9975346481260205e-05,5.143344552038798e-07,274631.02400000003,1.0,272934.45909375,4.248655765147055e-07,1053.9191441343096,4800.0,1.0,,220,275186.54400000005,274807.01800000004,272973.96400000004,70000042,273056.89450000005,best_of_k,274807.01800000004,874.8172205121353
8.208968060000188,0.008569519291625482,0.06982421912252904,0.0,0.0,0.0095025,4.0,0.4475,0.003768483060412109,0.19585873298346995,0.005628743255510926,7.074432670606257e-06,3.6042500255462074e-07,275034.60000000003,1.0,273084.70940625004,4.248655765147055e-07,1119.9715387545798,4800.0,1.0,,221,,,,,,,,
8.151841360999242,0.006871150112128177,0.07273763045668602,0.0,0.0,0.009455,4.0,0.44499999999999995,-0.0038296495331451297,0.19371821098029612,-0.0019985242979601026,2.429157260763759e-06,4.740696095240082e-07,274601.54800000007,1.0,272887.604390625,4.248655765147055e-07,1039.2709281800167,4800.0,1.0,,222,,,,,,,,
8.005395760999818,0.009604946330114572,0.08281250027939677,0.0,0.0,0.009407500000000001,4.0,0.4425,-2.8833153191953897e-05,0.19692937098443508,0.0018226804910227655,7.005768253520728e-07,2.059099120543806e-06,274809.28900000005,1.0,272654.549328125,4.248655765147055e-07,1393.0545904508645,4800.0,1.0,,223,,,,,,,,
7.012030885000058,0.027818440357010844,0.12366536520421505,0.0,1.0,0.00936,2.0,0.43999999999999995,0.013344441307708621,0.18720472753047943,0.015094087179750203,6.368443052906514e-07,5.053344233374446e-06,275005.223,1.0,273019.32056250004,4.248655765147055e-07,973.6661839878357,4800.0,1.0,,224,,,,,,,,
8.062004950999835,0.009322136227757483,0.05030924500897527,0.0,0.0,0.009312500000000001,4.0,0.4375,-0.0006728940032189711,0.18970909491181373,0.0010928132141998503,4.5309029488294074e-07,1.8271199010655438e-06,274746.613,1.0,272982.6282031251,4.248655765147055e-07,903.499625190213,4800.0,1.0,,225,,,,,,,,
8.028016176000165,0.007806863279974152,0.05747070331126451,0.0,0.0,0.009265000000000002,4.0,0.43500000000000005,0.000561189248401206,0.18764548152685165,0.002299338474404067,3.6874708158052273e-07,7.001211066892665e-07,274783.745,1.0,272875.607859375,4.248655765147055e-07,861.9059979958803,4800.0,1.0,,226,,,,,,,,
8.045903547001217,0.009190266906573541,0.07495117196813225,0.0,0.0,0.0092175,4.0,0.4325,-0.0007392031926428899,0.18558368422091007,0.0009712477214634419,3.5878666793109915e-07,2.621698953930718e-07,274739.596,1.0,273019.9001875,4.248655765147055e-07,951.3766604823068,4800.0,1.0,,227,,,,,,,,
8.019561917999454,0.008325846063125652,0.06474609393626451,0.0,0.0,0.009170000000000001,4.0,0.43000000000000005,-0.0011108645354397594,0.1879540603607893,0.0006124533014371991,5.438879085772897e-07,3.330714186233763e-07,274801.781,1.0,272767.48884375,4.248655765147055e-07,1276.8501126900344,4800.0,1.0,,228,,,,,,,,
8.091211123999528,0.013190844614006636,0.09238281268626451,0.0,1.0,0.0091225,4.0,0.4275,0.004921942413784563,0.18127125687897205,0.006575385620817542,4.7596232377600245e-07,3.123406891347713e-07,274839.2270000001,1.0,272890.493796875,4.248655765147055e-07,1422.2547111555373,4800.0,1.0,,229,,,,,,,,
8.169040028000381,0.007462508298694104,0.05846354188397527,0.0,0.0,0.009075000000000001,4.0,0.42500000000000004,0.00022358187416102738,0.1872588235884905,0.0019227428827434778,5.80563841623416e-07,3.0930972059195485e-07,274965.711,1.0,272769.40696875006,4.248655765147055e-07,1360.16982289121,4800.0,1.0,,230,,,,,,,,
8.150791160000153,0.009386437841883578,0.059977213572710755,0.0,0.0,0.0090275,4.0,0.4225,0.003393171908101067,0.18479014076292516,0.005061141378246248,9.72553804956533e-07,2.525621567883718e-07,274892.46400000004,1.0,273240.59196875,4.248655765147055e-07,1055.6279046729715,4800.0,1.0,,231,,,,,,,,
8.092500693999682,0.005418782876812145,0.05732421879656613,0.0,0.0,0.008980000000000002,4.0,0.42000000000000004,-0.004075752629432827,0.1813441298902035,-0.002447564201429486,1.6481763459808008e-06,2.3370505886077808e-07,274849.419,1.0,273142.018265625,4.248655765147055e-07,1077.1603095980083,4800.0,1.0,,232,,,,,,,,
8.355575876999865,0.008037346951398305,0.06280924491584301,0.0,0.0,0.008932500000000001,4.0,0.4175,-0.0014402068976778538,0.1793801464140415,0.00016163697000592947,3.3257097882710697e-06,2.7365711758875476e-07,274767.18600000005,1.0,273198.49278125004,4.248655765147055e-07,1142.5936339148916,4800.0,1.0,,233,,,,,,,,
8.197863135001171,0.004554424623147213,0.047802734468132255,0.0,0.0,0.008885,4.0,0.41500000000000004,-0.002179581797099672,0.1851739775389433,-0.0005359660877729766,1.5273481298549996e-05,2.544444939189816e-07,274796.68,1.0,272917.4099375,4.248655765147055e-07,1099.2042577499392,4800.0,1.0,,234,,,,,,,,
8.071662516000288,0.00823031010297548,0.06832682294771075,0.0,0.0,0.0088375,4.0,0.4125,-0.002227829521871172,0.18896095789968967,-0.0005584376864135266,3.523370608604637e-06,3.9671566796073423e-07,274602.56700000004,1.0,272662.87084374996,4.248655765147055e-07,1465.3856488588958,4800.0,1.0,,235,,,,,,,,
8.061752617999446,0.008093436850595381,0.0640950522152707,0.0,0.0,0.008790000000000001,4.0,0.41000000000000003,-0.0014794895076192915,0.19390371777117252,0.0002247014082968235,5.903062501033673e-07,3.269746905232296e-07,274692.25800000003,1.0,272639.363234375,4.248655765147055e-07,1275.9132559273746,4800.0,1.0,,236,,,,,,,,
8.13560945000063,0.004220892110595642,0.04415690116584301,0.0,0.0,0.0087425,4.0,0.4075,-0.005385976762045175,0.19771405048668383,-0.0036576206097379328,3.808096437296626e-07,2.411617938236077e-07,274280.166,1.0,272580.87203125004,4.248655765147055e-07,1185.3296039978318,4800.0,1.0,,237,,,,,,,,
8.067695461000767,0.004966392952192677,0.05060221361927688,0.0,0.0,0.008695000000000001,4.0,0.405,-0.0023744795413222163,0.19499032460153104,-0.0006792089901864528,3.6959858817908753e-07,2.6746579493419633e-07,274894.264,1.0,272625.6311875,4.248655765147055e-07,1183.040997641276,4800.0,1.0,,238,,,,,,,,
8.048537271999521,0.007136698267001407,0.0658040365902707,0.0,0.0,0.0086475,4.0,0.40249999999999997,0.0017537606763653457,0.18968515060842037,0.0033938755630515518,4.719899450833509e-07,2.79935524361008e-07,274497.916,1.0,272644.47853125003,4.248655765147055e-07,1238.0233214115008,4800.0,1.0,,239,,,,,,,,
8.111597406001238,0.008616698201142015,0.05696614598855376,0.0,0.0,0.008600000000000002,4.0,0.4,-0.002093104406958446,0.19329538196325302,-0.00043091967236250637,4.2123283705564063e-07,2.2739561345019865e-07,274603.337,1.0,273003.150921875,4.248655765147055e-07,781.4200872524326,4800.0,1.0,,240,275186.54400000005,274532.213,272923.29099999997,70000042,272798.0216333333,best_of_k,274532.213,1271.4729421326444
8.102173563998804,0.008287775964377176,0.06223958358168602,0.0,0.0,0.0085525,4.0,0.39749999999999996,0.0005132421210873872,0.18558583855628968,0.0021001862711273133,1.417369531964141e-06,2.725526186964089e-07,274782.69,1.0,273170.321140625,4.248655765147055e-07,1055.8938749373383,4800.0,1.0,,241,,,,,,,,
8.109746807000192,0.005483786506988153,0.0539388021454215,0.0,0.0,0.008505,4.0,0.395,-0.0038990187924355267,0.18701778165996075,-0.0023091163020581007,5.4376423236135455e-06,2.7929734471854315e-07,274529.85400000005,1.0,272806.98831250006,4.248655765147055e-07,1065.1245536059557,4800.0,1.0,,242,,,,,,,,
8.11725219300024,0.0080321927668205,0.050960286613553764,0.0,0.0,0.0084575,4.0,0.39249999999999996,-0.0005680573987774551,0.18619137331843377,0.0010061927838250994,3.2463501831614396e-06,2.77493496625425e-07,275028.304,1.0,273127.528375,4.248655765147055e-07,994.8348003054247,4800.0,1.0,,243,,,,,,,,
8.115163638000013,0.00977494335650846,0.08528645855840296,0.0,0.0,0.00841,4.0,0.39,-0.0021041931206127627,0.18850027173757553,-0.00052535030990839,5.514746440979934e-05,1.8599701704147264e-06,274988.447,1.0,272611.82534375,4.248655765147055e-07,1044.0342067763236,4800.0,1.0,,244,,,,,,,,
8.218453279001551,0.009976799627629873,0.08398437518626452,0.0,0.0,0.0083625,4.0,0.38749999999999996,0.0002079417201457545,0.1873764380812645,0.0017736383830197155,3.233514898681733e-06,1.8310259740417222e-06,274832.994,1.0,273047.327234375,4.248655765147055e-07,951.1232819160691,4800.0,1.0,,245,,,,,,,,
8.128354325001055,0.008382803039020814,0.07099609412252902,0.0,0.0,0.008315000000000001,4.0,0.385,-0.0017090444453060627,0.18087572045624256,-0.00020640250004362316,1.2323073526943062e-06,2.433246664779176e-06,274782.981,1.0,273106.1293125,4.248655765147055e-07,698.4515310337802,4800.0,1.0,,246,,,,,,,,
8.162915226999758,0.004326523193874365,0.04226888024713844,0.0,0.0,0.0082675,4.0,0.38249999999999995,-0.003815400009625591,0.17933227270841598,-0.00236914906417951,2.142536029339226e-05,6.847216959826596e-05,274554.64400000003,1.0,273246.92784375,4.248655765147055e-07,758.0479656898818,4800.0,1.0,,247,,,,,,,,
8.20401565300017,0.020838964349140454,0.10060221403837204,0.0,1.0,0.008220000000000002,4.0,0.38,-0.005272720986977219,0.19208967685699463,-0.0039344232762232425,0.002351605363770659,1.1037603363206472e-05,274689.98099999997,1.0,273171.021203125,4.248655765147055e-07,1028.4746814068344,4800.0,1.0,,248,,,,,,,,
7.663975040999503,0.014618364650503679,0.07089843774835268,0.0,1.0,0.0081725,3.0,0.37749999999999995,-0.0004015473338464896,0.20905931989351909,0.0012042738807698091,0.001008623669622466,3.7088302879813756e-06,274651.89,1.0,272607.454734375,4.248655765147055e-07,1136.7894419694294,4800.0,1.0,,249,,,,,,,,
8.135087058999488,0.011010470526127492,0.0695149740204215,0.0,0.0,0.008125,4.0,0.375,-0.001758246828103438,0.19855437949299812,-0.00014885098207741975,3.495100296504461e-05,7.267232867036455e-07,274489.559,1.0,272088.046921875,4.248655765147055e-07,1225.2141406170135,4800.0,1.0,,250,,,,,,,,
8.229397762999724,0.007958598104024616,0.06549479179084301,0.0,0.0,0.008077500000000001,4.0,0.37250000000000005,0.0017971891269553454,0.2041706919670105,0.0034454434644430876,7.653823985265262e-06,3.3861793724554445e-07,274415.56700000004,1.0,272128.380453125,4.248655765147055e-07,1217.5514381384096,4800.0,1.0,,251,,,,,,,,
8.157765138001196,0.008687577260680613,0.07314453152939678,0.0,0.0,0.00803,4.0,0.37,-0.001775055326288566,0.2048770919442177,-0.0001304804813116789,4.303013059825389e-06,3.1487115066397563e-07,274714.792,1.0,272206.16576562496,4.248655765147055e-07,1235.1918029096214,4800.0,1.0,,252,,,,,,,,
8.163730487000066,0.006983090489863031,0.0661295574856922,0.0,0.0,0.007982500000000002,4.0,0.36750000000000005,0.001552355135208927,0.20642096288502215,0.0031997986836358903,1.5688780365508137e-06,3.0970860507295585e-07,274504.017,1.0,272349.055265625,4.248655765147055e-07,974.5075673874728,4800.0,1.0,,253,,,,,,,,
8.173888074999923,0.006681001562624189,0.05006510419771075,0.0,0.0,0.007935000000000001,4.0,0.365,-0.0008053422294324264,0.20697723403573037,0.0008367779315449298,1.1306548870493316e-06,2.615299049324449e-07,274160.15,1.0,271703.5679375001,4.248655765147055e-07,1049.384288039915,4800.0,1.0,,254,,,,,,,,
8.144273050000265,0.006568151135587996,0.06448567733168602,0.0,0.0,0.007887500000000002,4.0,0.36250000000000004,-0.00031710633484181015,0.21677139773964882,0.0013924525817856192,1.004358308875908e-06,2.5079677392625397e-07,274150.069,1.0,271580.36975,4.248655765147055e-07,994.6969914960754,4800.0,1.0,,255,,,,,,,,
8.208347302999755,0.008045234214246123,0.05807291679084301,0.0,0.0,0.00784,4.0,0.36,0.00045350011205300687,0.21738312393426895,0.0021575434715487064,1.0062278917644107e-06,2.785387014370144e-07,273553.152,1.0,271642.486609375,4.248655765147055e-07,1092.2047465020125,4800.0,1.0,,256,,,,,,,,
8.19780873200034,0.006309218071149303,0.06720377653837203,0.0,0.0,0.007792500000000001,4.0,0.35750000000000004,-0.0032060590805485845,0.21063639223575592,-0.0015648934291675686,8.735925590031001e-07,2.609663638963866e-07,274111.63899999997,1.0,271730.43903125,4.248655765147055e-07,1137.1190058663358,4800.0,1.0,,257,,,,,,,,
8.332444490999478,0.007240872055670877,0.06956380242481827,0.0,0.0,0.007745,4.0,0.355,0.002212591070565395,0.2139924842864275,0.0038697171257808805,9.652269014281956e-07,2.987819151201165e-07,273697.762,1.0,271661.491671875,4.248655765147055e-07,1266.4030542821379,4800.0,1.0,,258,,,,,,,,
8.21858728999905,0.007037710011486098,0.07348632840439677,0.0,0.0,0.007697500000000001,4.0,0.35250000000000004,-0.0005984839401207865,0.2114591881632805,0.0010290197795256972,8.758774029615779e-07,2.3179737347334138e-07,273849.837,1.0,271965.2621875,4.248655765147055e-07,1046.3636043732602,4800.0,1.0,,259,,,,,,,,
8.232659672999944,0.00722301475174163,0.05638020848855376,0.0,0.0,0.0076500000000000005,4.0,0.35,0.0026791550902999007,0.2113321077078581,0.004295639088377356,7.763857567510968e-07,2.575095919610249e-07,274578.329,1.0,272197.200578125,4.248655765147055e-07,1115.152506730191,4800.0,1.0,,260,275186.54400000005,273784.761,272055.236,70000042,272186.2374,best_of_k,273784.761,868.5154480397243
8.263278580001497,0.005690410409071589,0.05818684911355376,0.0,0.0,0.007602500000000002,4.0,0.34750000000000003,-0.0017593341501196847,0.2100083202123642,-0.00016293723601847886,7.67803859957894e-07,2.2974586464385993e-07,274173.784,1.0,272150.216578125,4.248655765147055e-07,719.7015821860144,4800.0,1.0,,261,,,,,,,,
8.22660934600026,0.004559095858526163,0.05027669286355376,0.0,0.0,0.007555000000000001,4.0,0.345,-0.0014643101079855115,0.21523013450205325,0.00016153943724930286,7.967220440718848e-07,2.7030019396079296e-07,274304.801,1.0,272282.5844375,4.248655765147055e-07,1168.789463870885,4800.0,1.0,,262,,,,,,,,
8.177932279999368,0.006205773888058985,0.05333658866584301,0.0,0.0,0.007507500000000002,4.0,0.3425,0.0009876105163129979,0.21019854098558427,0.00256546544842422,7.266628045954349e-07,2.7650273892732e-07,274675.07999999996,1.0,272404.90375000006,4.248655765147055e-07,1053.1281194602116,4800.0,1.0,,263,,,,,,,,
8.090853899999274,0.005207988290223398,0.04664713554084301,0.0,0.0,0.00746,4.0,0.33999999999999997,0.002232359751360491,0.20589891225099563,0.003768164463690482,7.801986939171001e-07,2.457137934896991e-07,274796.57300000003,1.0,272502.99204687506,4.248655765147055e-07,1243.1288900954983,4800.0,1.0,,264,,,,,,,,
8.092601988999377,0.008699659039413632,0.06599934902042151,0.0,0.0,0.007412500000000001,4.0,0.3375,-0.004337661390309222,0.20392504148185253,-0.0028262926964089273,8.234110126181804e-07,2.862401984771168e-07,274813.33900000004,1.0,272455.30070312496,4.248655765147055e-07,1456.5836364312547,4800.0,1.0,,265,,,,,,,,
8.19691574799981,0.01174272457845973,0.10102539099752902,0.0,0.0,0.007365,4.0,0.33499999999999996,0.004479651863221079,0.20229257382452487,0.005969366722274572,6.594313276764296e-07,2.0889602616591674e-07,274772.38800000004,1.0,272623.88576562505,4.248655765147055e-07,967.1195515208105,4800.0,1.0,,266,,,,,,,,
8.273153410000305,0.006088058696635557,0.05563151044771075,0.0,0.0,0.007317500000000001,4.0,0.3325,-0.0024265239131636917,0.20519602447748184,-0.0009251736337319016,6.046044724428157e-07,2.2122572254090756e-07,274742.314,1.0,272730.13679687504,4.248655765147055e-07,988.1348901186416,4800.0,1.0,,267,,,,,,,,
8.17241439800091,0.006086311384721377,0.06334635447710753,0.0,0.0,0.00727,4.0,0.32999999999999996,0.0022113914717920126,0.20494444966316222,0.003701149602420628,6.883155919013006e-07,2.3808000264580188e-07,274553.82700000005,1.0,272491.94096875,4.248655765147055e-07,1119.5780464309787,4800.0,1.0,,268,,,,,,,,
7.949371937000251,0.005218867729323407,0.05426432292442769,0.0,0.0,0.0072225000000000015,4.0,0.3275,-0.002372973697492853,0.2068259548395872,-0.0008793215965852141,5.729041369306742e-07,1.8172937963356616e-07,274594.873,1.0,272773.84393750003,4.248655765147055e-07,902.0913622741814,4800.0,1.0,,269,,,,,,,,
7.97212780999871,0.007130262148442768,0.05903320317156613,0.0,0.0,0.007174999999999999,4.0,0.32499999999999996,-0.000539145921356976,0.20628531500697136,0.000940767303109169,6.354306833600277e-07,2.4094513157990604e-07,274806.334,1.0,272650.52725000004,4.248655765147055e-07,1148.0219562384013,4800.0,1.0,,270,,,,,,,,
8.052979080999648,0.006110057304750782,0.059244791732635346,0.0,0.0,0.0071275,4.0,0.3225,-0.0027732001093681903,0.20389808043837548,-0.0013201655820012093,7.481909193529645e-07,3.477149839170579e-07,274646.05700000003,1.0,272385.23403125,4.248655765147055e-07,1557.011087145018,4800.0,1.0,,271,,,,,,,,
8.087893948999408,0.004742662730177827,0.04711914081126452,0.0,0.0,0.0070799999999999995,4.0,0.31999999999999995,0.002657583061954938,0.20388703942298889,0.00410087174968794,7.093309676520221e-07,3.202898788856601e-07,274739.64800000004,1.0,272816.04196874995,4.248655765147055e-07,1480.852818918385,4800.0,1.0,,272,,,,,,,,
8.109056264000174,0.004214463975821481,0.043815104244276884,0.0,0.0,0.0070325000000000006,4.0,0.3175,-0.002895447812625207,0.19872394017875195,-0.0014981141895987094,6.237962921318286e-07,2.6011418547966513e-07,274788.90900000004,1.0,272765.16490625,4.248655765147055e-07,1437.0935679552774,4800.0,1.0,,273,,,,,,,,
7.99324423500002,0.0038683952059177075,0.03553059902042151,0.0,0.0,0.006985,4.0,0.31499999999999995,-0.0035328702258993873,0.197779306396842,-0.00215153400786221,4.968018359363668e-07,2.053373478361209e-07,274915.21400000004,1.0,273272.609765625,4.248655765147055e-07,963.7817837564916,4800.0,1.0,,274,,,,,,,,
7.996281337000255,0.009707341796834435,0.08792317728511989,0.0,0.0,0.006937500000000001,4.0,0.3125,0.0017367016145726666,0.19589304216206074,0.0030955516966059806,5.209530833383269e-07,2.0914245482117622e-07,274791.634,1.0,273097.25515625,4.248655765147055e-07,984.9873700523492,4800.0,1.0,,275,,,,,,,,
8.048502869000004,0.005076849506555625,0.041292317770421506,0.0,0.0,0.006890000000000002,4.0,0.31000000000000005,-0.004388192354235798,0.2011948697268963,-0.0030021521262824534,5.365535855617054e-07,2.779940096786504e-07,275014.929,1.0,273134.6828125,4.248655765147055e-07,1253.2004712776134,4800.0,1.0,,276,,,,,,,,
7.997412437000094,0.006143389686083545,0.051546224020421506,0.0,0.0,0.006842500000000001,4.0,0.3075,-0.003909806755837053,0.20123482570052148,-0.0025330903474241493,6.556786786404701e-07,3.351447929844653e-07,274736.525,1.0,272253.18292187504,4.248655765147055e-07,1548.0810077648266,4800.0,1.0,,277,,,,,,,,
8.187718339999265,0.0045162488860389875,0.05221354183740914,0.0,0.0,0.006795000000000002,4.0,0.30500000000000005,-0.0009235279518179596,0.19714538790285588,0.00041587178129702805,6.223160454510435e-07,2.808247508312434e-07,274805.81999999995,1.0,272747.49828125,4.248655765147055e-07,1342.2466284011884,4800.0,1.0,,278,,,,,,,,
8.0037560030014,0.005153190582442591,0.04786783861927688,0.0,0.0,0.0067475,4.0,0.3025,-0.0073315334986546075,0.1917605023831129,-0.0060378227848559615,5.936787566440671e-07,2.667158607749798e-07,274685.719,1.0,272840.785546875,4.248655765147055e-07,1231.427152982973,4800.0,1.0,,279,,,,,,,,
7.963465252001697,0.0064864978116066395,0.06469726571813225,0.0,0.0,0.006700000000000001,4.0,0.30000000000000004,-0.002859978168271482,0.1885157123208046,-0.0015971283428370953,6.859543816517544e-07,2.737017641862849e-07,275291.683,1.0,272852.641546875,4.248655765147055e-07,1319.3464344212011,4800.0,1.0,,280,275291.683,274556.979,272335.566,70000042,273082.757,best_of_k,274556.979,774.863998468896
7.9775115070005995,0.00597294179146175,0.0661946615204215,0.0,0.0,0.0066525,4.0,0.2975,0.0030050552566535773,0.18397269174456596,0.004228767543099821,4.7191410317282135e-07,2.3824294608232323e-07,275012.101,1.0,273128.218125,4.248655765147055e-07,1226.6121237453908,4800.0,1.0,,281,,,,,,,,
7.982778595000127,0.007182519309964164,0.06173502635210752,0.0,0.0,0.0066050000000000015,4.0,0.29500000000000004,-0.002229984916630201,0.18192033655941486,-0.0010285530937835575,4.4620902031056173e-07,2.1455316101537392e-07,275124.14499999996,1.0,273004.2884375,4.248655765147055e-07,1094.0094831747076,4800.0,1.0,,282,,,,,,,,
8.04302451500007,0.0065434656570673155,0.06385091179981828,0.0,0.0,0.006557500000000001,4.0,0.2925,0.0019007016671821475,0.17845635749399663,0.0030707902275025844,4.0887019352453536e-07,1.9673380755591551e-07,274772.25200000004,1.0,273093.159765625,4.248655765147055e-07,1005.6701814859512,4800.0,1.0,,283,,,,,,,,
8.128033844999663,0.003319760132882976,0.04047851567156613,0.0,0.0,0.006510000000000002,4.0,0.29000000000000004,-0.0014342843613121658,0.18103808350861073,-0.00025585652911104263,4.051652233272307e-07,1.7833363159525105e-07,274929.04099999997,1.0,273252.43742187496,4.248655765147055e-07,873.4390709748444,4800.0,1.0,,284,,,,,,,,
8.056360488000792,0.0038544199289010095,0.04283854188397527,0.0,0.0,0.0064624999999999995,4.0,0.2875,-0.00518461259198375,0.1814138162881136,-0.004012372565921396,3.9768559148001257e-07,2.148771919507908e-07,275043.456,1.0,273048.058734375,4.248655765147055e-07,951.3288325581835,4800.0,1.0,,285,,,,,,,,
7.996614779000083,0.003932100034070451,0.04239908866584301,0.0,0.0,0.0064150000000000006,4.0,0.28500000000000003,0.0006043583620339632,0.1850099738687277,0.0017910630791448056,3.89163263747605e-07,1.903902205668828e-07,274734.918,1.0,273297.66546875,4.248655765147055e-07,995.6814002630167,4800.0,1.0,,286,,,,,,,,
8.017278352001085,0.004868030280636404,0.05486653670668602,0.0,0.0,0.0063675,4.0,0.2825,-0.0005213544849539175,0.18216162957251072,0.000638385082129389,4.6295740290247523e-07,2.560194364065183e-07,275005.26300000004,1.0,273018.38965625,4.248655765147055e-07,1363.5489262851715,4800.0,1.0,,287,,,,,,,,
8.0578212420005,0.0037409656253540647,0.04168294274713844,0.0,0.0,0.006320000000000001,4.0,0.28,0.0034982960438355803,0.17842971310019493,0.004625763150397688,7.45013806380257e-07,2.6895897740075727e-07,274883.403,1.0,273276.46751562506,4.248655765147055e-07,1074.2703814410208,4800.0,1.0,,288,,,,,,,,
8.094932582998808,0.0035691082192869316,0.035270182485692206,0.0,0.0,0.0062725,4.0,0.27749999999999997,-0.005359363631578162,0.176321667060256,-0.004253845801576972,2.9460840238471064e-06,3.3140356343608345e-07,274867.03599999996,1.0,273132.2765625,4.248655765147055e-07,1044.931082347612,4800.0,1.0,,289,,,,,,,,
8.047773000998859,0.006617177215093939,0.0731608074856922,0.0,0.0,0.006225000000000001,4.0,0.275,-0.005318833445198834,0.1739933755248785,-0.0042361493688076735,2.378558349391824e-06,3.730616693786715e-07,274729.90799999994,1.0,272962.03489062504,4.248655765147055e-07,803.2917931405765,4800.0,1.0,,290,,,,,,,,
8.043558454999584,0.004087463337988062,0.04477539081126451,0.0,0.0,0.006177500000000001,4.0,0.27249999999999996,-0.001978024109848775,0.17458985187113285,-0.0008996912452857942,1.1188913788373612e-06,1.6947394847477427e-07,274746.477,1.0,273334.441734375,4.248655765147055e-07,812.1396838395581,4800.0,1.0,,291,,,,,,,,
8.04471906100116,0.0055584471738661986,0.06020507826469838,0.0,0.0,0.006130000000000002,4.0,0.27,0.0021713979076594114,0.1775681223720312,0.0032596986507996916,7.196338742687658e-07,2.398109728574127e-07,275032.581,1.0,273415.96165625,4.248655765147055e-07,1196.0882119420717,4800.0,1.0,,292,,,,,,,,
8.039931232000527,0.0065518831564114425,0.06124674491584301,0.0,0.0,0.006082499999999999,4.0,0.26749999999999996,0.001151859783567488,0.17314673811197281,0.002204885892570019,3.885374027845501e-07,2.0002197800295108e-07,274788.078,1.0,273464.186234375,4.248655765147055e-07,871.2810166830996,4800.0,1.0,,293,,,,,,,,
8.029235035000966,0.004044440561029994,0.04207356786355376,0.0,0.0,0.006035,4.0,0.265,-0.00043302850099280477,0.17028277479112147,0.00059447989333421,3.661182510938943e-07,2.2343659580315034e-07,274849.52600000007,1.0,273472.849,4.248655765147055e-07,1103.880162898866,4800.0,1.0,,294,,,,,,,,
8.095419084000241,0.003804294885150128,0.0421712240902707,0.0,0.0,0.0059875,4.0,0.26249999999999996,0.0011146295713842847,0.17322368435561658,0.002151680109091103,3.1925896664120047e-07,1.887743618311788e-07,274785.96400000004,1.0,273509.14214062504,4.248655765147055e-07,965.9394517838875,4800.0,1.0,,295,,,,,,,,
8.031239236999681,0.0040502568130325045,0.04345703143626452,0.0,0.0,0.005940000000000001,4.0,0.26,-0.001074251512181945,0.177883093804121,-1.774763222783804e-05,3.227017955964584e-07,1.7877611142580462e-07,274947.908,1.0,273648.35440625,4.248655765147055e-07,915.4231336772239,4800.0,1.0,,296,,,,,,,,
8.008397992000027,0.004391017354813976,0.044222005363553765,0.0,0.0,0.0058925,4.0,0.25749999999999995,0.0007617979863425717,0.17631639502942562,0.0018005717836786061,3.6128807323621004e-07,2.6834128981079174e-07,274899.755,1.0,273527.64012500003,4.248655765147055e-07,1143.8793209593239,4800.0,1.0,,297,,,,,,,,
8.065827783999339,0.008583830393749992,0.08989257831126451,0.0,0.0,0.005845000000000001,4.0,0.255,0.0008882995723979547,0.17917200736701488,0.0019354334915988147,2.765780422464559e-07,1.9716848562723043e-07,274855.885,1.0,273806.14207812503,4.248655765147055e-07,868.6663458666344,4800.0,1.0,,298,,,,,,,,
8.043160933999388,0.0038402181250340563,0.04477539069484919,0.0,0.0,0.005797500000000001,4.0,0.25249999999999995,-0.0008594315804657526,0.18290957286953927,0.00020081106340512632,3.3542496851168836e-07,2.847971277475381e-07,275027.156,1.0,273433.299625,4.248655765147055e-07,1218.354418533335,4800.0,1.0,,299,,,,,,,,
8.166758415000004,0.004246480693152676,0.050585937686264515,0.0,0.0,0.005750000000000002,4.0,0.25,0.001815096932114102,0.1800655137747526,0.0028502100612968206,3.4085127396110695e-07,4.582408905662305e-07,275044.161,1.0,273504.360828125,4.248655765147055e-07,1189.547865614866,4800.0,1.0,,300,275291.683,274928.633,273713.54600000003,70000042,273767.4092,best_of_k,274928.633,1052.4597719156584
8.082887934999235,0.0038881372362366664,0.044596354267559944,0.0,0.0,0.005702500000000001,4.0,0.24750000000000005,0.003591039776802063,0.1817795753479004,0.004627454449655488,3.4750620585555226e-07,2.959418804238112e-07,274885.11600000004,1.0,273545.443453125,4.248655765147055e-07,1165.0461592427343,4800.0,1.0,,301,,,,,,,,
8.070441870999275,0.005709190721721491,0.06717122416011989,0.0,0.0,0.005655,4.0,0.245,0.0001808629953302443,0.17944724746048452,0.0011954754940234126,3.8140975249234544e-07,2.476201839129999e-07,274998.114,1.0,273542.86459375,4.248655765147055e-07,1313.803169973386,4800.0,1.0,,302,,,,,,,,
8.072581108999657,0.004747482684334514,0.058919270895421504,0.0,0.0,0.005607500000000001,4.0,0.24250000000000005,0.0017274744022870436,0.17952983789145946,0.002733996184542775,5.350198094333791e-07,2.770787542516473e-07,275163.254,1.0,273327.47265625,4.248655765147055e-07,1290.6399780938266,4800.0,1.0,,303,,,,,,,,
8.017379677999998,0.004093098073142265,0.04684244804084301,0.0,0.0,0.005560000000000001,4.0,0.24,0.0011790893709985538,0.17415530048310757,0.0021471848827786743,4.219965880736254e-07,3.310124412791993e-07,274944.13100000005,1.0,273671.283203125,4.248655765147055e-07,1135.1222101318574,4800.0,1.0,,304,,,,,,,,
8.070862407999812,0.006341495522857876,0.062174479232635346,0.0,0.0,0.005512500000000002,4.0,0.23750000000000004,-0.0038324839086271824,0.17083048373460769,-0.0028909162385389207,3.653062556452369e-07,1.983287244655685e-07,275067.094,1.0,273805.45218749996,4.248655765147055e-07,1049.847210603855,4800.0,1.0,,305,,,,,,,,
8.170397496998703,0.004796941225309581,0.05976562516298145,0.0,0.0,0.005465000000000001,4.0,0.235,-0.00044305952615104617,0.1715172275900841,0.0004941247985698283,4.373376590649514e-07,2.2665534800125896e-07,274968.978,1.0,273424.02653125,4.248655765147055e-07,1207.4918951309185,4800.0,1.0,,306,,,,,,,,
8.141856764001204,0.005050472219764934,0.0608723959303461,0.0,0.0,0.005417500000000002,4.0,0.23250000000000004,0.00015768175071571023,0.16874087750911712,0.0010716666700318455,4.338433392092611e-07,2.507254066586029e-07,275024.33100000006,1.0,273402.92137500003,4.248655765147055e-07,1453.2204801906944,4800.0,1.0,,307,,,,,,,,
8.203752573999736,0.0035940981467401656,0.041015625139698385,0.0,0.0,0.00537,4.0,0.22999999999999998,-0.0014497045107418672,0.16319829411804676,-0.0005736408289521933,1.1263447447618092e-06,3.971040722916541e-07,275039.414,1.0,273588.06165625,4.248655765147055e-07,1136.3506567781085,4800.0,1.0,,308,,,,,,,,
8.075929751999865,0.003538546224158878,0.03919270866317674,0.0,0.0,0.005322500000000001,4.0,0.22750000000000004,0.003484332101652399,0.1595007885247469,0.004332939634332433,7.090586045421787e-07,5.289435947020138e-07,274899.27900000004,1.0,273667.76368750003,4.248655765147055e-07,1069.3435605668594,4800.0,1.0,,309,,,,,,,,
8.094785052999214,0.0035452124203491308,0.037662760575767604,0.0,0.0,0.005275,4.0,0.22499999999999998,-0.003944631897320505,0.15533354729413987,-0.003129798546433449,4.949904846540676e-06,8.112869656429211e-06,274958.02400000003,1.0,273959.73925,4.248655765147055e-07,1039.3223642521116,4800.0,1.0,,310,,,,,,,,
8.101608103999752,0.004400231821808731,0.05366210942156613,0.0,0.0,0.005227500000000001,4.0,0.22250000000000003,-0.0026970018225256354,0.1569736648350954,-0.0018828720902092754,4.152653844684551e-05,4.595310517174766e-06,274973.266,1.0,273878.54321875004,4.248655765147055e-07,892.0343092854984,4800.0,1.0,,311,,,,,,,,
8.125596570000198,0.005505951700413547,0.05574544286355376,0.0,0.0,0.005180000000000001,4.0,0.21999999999999997,-0.0005194718818529509,0.15414593517780303,0.000274317676667124,2.6034844341893405e-05,4.1659228209312005e-06,275014.297,1.0,273952.733375,4.248655765147055e-07,959.8502081650669,4800.0,1.0,,312,,,,,,,,
8.095731221999813,0.004064723011045856,0.043033854314126076,0.0,0.0,0.005132500000000002,4.0,0.21750000000000003,0.0007633082539541646,0.15191683918237686,0.0015083774691447616,0.00022842265581175526,2.360342660523429e-05,274865.80600000004,1.0,273626.20828125,4.248655765147055e-07,1196.9154958255651,4800.0,1.0,,313,,,,,,,,
8.07337594099954,0.0033696427630999894,0.03968098977347836,0.0,0.0,0.005085000000000001,4.0,0.21499999999999997,-0.0032659911128575915,0.1495533123612404,-0.0025173302507027983,8.694410275893461e-05,6.246558915279366e-06,275050.467,1.0,273859.832734375,4.248655765147055e-07,1044.6387821047515,4800.0,1.0,,314,,,,,,,,
8.095325423000759,0.0033204685232966825,0.04147135429084301,0.0,0.0,0.005037500000000002,4.0,0.21250000000000002,0.0008898114785552025,0.14829583056271076,0.0016327300341799854,2.8420142407981074e-05,2.559427077031273e-06,275223.038,1.0,273721.75196875003,4.248655765147055e-07,1180.2955086333843,4800.0,1.0,,315,,,,,,,,
8.01260891399943,0.003776398769968736,0.04554036464542151,0.0,0.0,0.00499,4.0,0.20999999999999996,-0.002088168420596048,0.1441455140709877,-0.0013694341061636806,3.935069528893109e-06,3.1539896525600854e-07,275036.464,1.0,273912.477140625,4.248655765147055e-07,1154.395620235393,4800.0,1.0,,316,,,,,,,,
8.179519995999726,0.00324028449111573,0.03968098973855376,0.0,0.0,0.004942500000000001,4.0,0.20750000000000002,-0.002406483516097069,0.14069691598415374,-0.001711283516488038,8.979310273105057e-07,2.0908873779035276e-07,275071.30500000005,1.0,273604.08429687505,4.248655765147055e-07,1033.9747145784781,4800.0,1.0,,317,,,,,,,,
8.04005997099921,0.004284183170576839,0.046940104325767604,0.0,0.0,0.004895,4.0,0.20499999999999996,0.003662321931915358,0.13895187359303235,0.004342356498818844,4.536683803735286e-07,1.7819688054032666e-07,275120.916,1.0,273748.94515625003,4.248655765147055e-07,986.3577892370475,4800.0,1.0,,318,,,,,,,,
8.055331624000246,0.00539210987021761,0.05893554706126451,0.0,0.0,0.004847500000000001,4.0,0.2025,0.0014667594048660248,0.13691214937716722,0.0021303125889971853,4.0291301033335004e-07,1.772980787961842e-07,275054.41099999996,1.0,273816.558453125,4.248655765147055e-07,894.0587025445744,4800.0,1.0,,319,,,,,,,,
8.06550344400057,0.006827773826702454,0.06689453180879354,0.0,0.0,0.0048000000000000004,4.0,0.19999999999999996,-0.0011202865920495243,0.137580493837595,-0.0004600298125296831,3.4141097557949254e-07,1.9130767690000993e-07,275136.04600000003,1.0,273852.89434375,4.248655765147055e-07,914.972931613813,4800.0,1.0,,320,275291.683,274936.383,273233.24700000003,70000042,273785.6913333333,best_of_k,274936.383,885.08447979536
8.121858790998886,0.004844879382773648,0.058756510447710755,0.0,0.0,0.0047525000000000015,4.0,0.1975,6.451373774325475e-05,0.1338234456256032,0.0007003968465141952,3.1122327115440385e-07,1.6410826653157073e-07,275004.74199999997,1.0,273735.99678125,4.248655765147055e-07,756.071387584723,4800.0,1.0,,321,,,,,,,,
8.069945234999977,0.0074980648302910066,0.07791341161355377,0.0,0.0,0.004704999999999999,4.0,0.19499999999999995,-0.0033146033849334343,0.13838614989072084,-0.0026636273018084467,3.277497171438881e-07,1.966615567283725e-07,275085.023,1.0,273840.41003125,4.248655765147055e-07,1102.9227066552294,4800.0,1.0,,322,,,,,,,,
8.188497115001155,0.007334069997324733,0.06930338572710752,0.0,0.0,0.0046575,4.0,0.1925,0.0012390292889904232,0.13217703402042388,0.001854521327186376,3.1248231877611945e-07,1.8298218016354894e-07,275056.965,1.0,274000.52434375,4.248655765147055e-07,995.1591012719805,4800.0,1.0,,323,,,,,,,,
8.172792501000004,0.007312288532089184,0.06025390662252903,0.0,0.0,0.0046099999999999995,4.0,0.18999999999999995,0.00010190334869548678,0.12893199138343334,0.0006961590726859868,2.77775906809552e-07,1.8523623346311524e-07,275035.121,1.0,273897.88035937503,4.248655765147055e-07,856.3638004575741,4800.0,1.0,,324,,,,,,,,
8.186512979998952,0.004618787319179596,0.051106770895421504,0.0,0.0,0.004562500000000001,4.0,0.1875,-0.0010118515434442087,0.13051290214061737,-0.0004165124148130417,2.953485882528639e-07,1.9185967303769758e-07,275106.423,1.0,273928.445953125,4.248655765147055e-07,952.3366509229726,4800.0,1.0,,325,,,,,,,,
8.17059622600027,0.006351617242139796,0.0666992188198492,0.0,0.0,0.004515000000000002,4.0,0.18500000000000005,-0.0012116012978367508,0.13293410055339336,-0.0006115299300290644,3.135649365049176e-07,1.8977181888146787e-07,275127.00800000003,1.0,273942.643734375,4.248655765147055e-07,967.4728397712566,4800.0,1.0,,326,,,,,,,,
8.060368563999873,0.005335797512117324,0.05932617203798145,0.0,0.0,0.004467500000000001,4.0,0.1825,-0.0003265824285335839,0.1329240595921874,0.00026713706320151686,2.646434026587485e-07,1.845249954612882e-07,275093.15400000004,1.0,273970.794375,4.248655765147055e-07,1073.486269643945,4800.0,1.0,,327,,,,,,,,
8.094295982999029,0.0033040850690916556,0.042285156436264515,0.0,0.0,0.004420000000000002,4.0,0.18000000000000005,-0.003086745197651908,0.12925980165600776,-0.002515541708271485,2.8358675443485024e-07,1.9267553348356613e-07,275015.474,1.0,273906.31121874996,4.248655765147055e-07,1078.063291884157,4800.0,1.0,,328,,,,,,,,
8.125252799000009,0.0029779254714929594,0.035237630270421504,0.0,0.0,0.004372500000000001,4.0,0.1775,-0.00107097378349863,0.1328599527478218,-0.0004901714157313109,3.0494430660610303e-07,1.9459898261686704e-07,275171.936,1.0,274042.01346875005,4.248655765147055e-07,1002.2722379695219,4800.0,1.0,,329,,,,,,,,
8.125157180000315,0.007311360521336141,0.07495117196813225,0.0,0.0,0.0043250000000000025,4.0,0.17500000000000004,-0.000700874047470279,0.1328840246424079,-0.00012630630128569466,4.1643633323928954e-07,2.289131792565513e-07,275144.63,1.0,273669.42156250007,4.248655765147055e-07,1197.5236841845467,4800.0,1.0,,330,,,,,,,,
8.197794695999619,0.006556371101755687,0.07376302108168602,0.0,0.0,0.0042775,4.0,0.1725,0.0011314279632642864,0.1348106063902378,0.0017079604789614678,2.9659413343097184e-07,1.8051728467582961e-07,275070.94500000007,1.0,273931.470296875,4.248655765147055e-07,1058.5102825843978,4800.0,1.0,,331,,,,,,,,
8.236468459999742,0.002830538668890892,0.031038411520421506,0.0,0.0,0.004230000000000001,4.0,0.17000000000000004,0.001180633340845816,0.13922231271862984,0.0017694213369395585,2.845060258493959e-07,1.871408564113608e-07,275144.269,1.0,273705.18359375,4.248655765147055e-07,1093.136349896863,4800.0,1.0,,332,,,,,,,,
8.425906399999803,0.004551008093198927,0.058902994822710754,0.0,0.0,0.004182500000000002,4.0,0.16749999999999998,-0.0010294764651916921,0.13824362941086293,-0.0004513817373663187,2.5069585163350894e-07,1.6832643154884863e-07,275031.481,1.0,273993.7599375,4.248655765147055e-07,972.5396484808776,4800.0,1.0,,333,,,,,,,,
8.235838704000344,0.004525664267241325,0.05740559906698763,0.0,0.0,0.004135,4.0,0.16500000000000004,-0.0023641160238184965,0.13613708801567553,-0.0018012998858466744,2.645426491199032e-07,1.6882043709642858e-07,275142.078,1.0,274062.52001562505,4.248655765147055e-07,897.8187288162487,4800.0,1.0,,334,,,,,,,,
8.084753671000726,0.00324135229183149,0.04088541669771075,0.0,0.0,0.004087500000000001,4.0,0.16249999999999998,0.004746050704852678,0.1388410622254014,0.005313454242423177,2.528374746901818e-07,1.6857357358901482e-07,275053.295,1.0,273702.1329375,4.248655765147055e-07,987.0764165639533,4800.0,1.0,,335,,,,,,,,
8.220870544999343,0.0033602829571652395,0.0374348959652707,0.0,0.0,0.004040000000000002,4.0,0.16000000000000003,-0.0024630723404698075,0.1331583071500063,-0.0019252503756433726,3.1547466932124736e-07,2.118267236284055e-07,275038.141,1.0,273643.274171875,4.248655765147055e-07,1294.3014371413624,4800.0,1.0,,336,,,,,,,,
8.19076099599988,0.0036421974674552436,0.04108072951203212,0.0,0.0,0.0039924999999999995,4.0,0.15749999999999997,-0.000497557244671043,0.13781567066907882,5.256487056612968e-05,2.4683073966969006e-07,1.6463788341525287e-07,275122.37200000003,1.0,273901.974140625,4.248655765147055e-07,1094.2817762182005,4800.0,1.0,,337,,,,,,,,
8.093439148999096,0.004960978503574243,0.05686848983168602,0.0,0.0,0.003945000000000001,4.0,0.15500000000000003,-0.0013996765483170748,0.1355338679626584,-0.0008651164826005697,2.726039852518625e-07,1.8636110930003724e-07,275069.23300000007,1.0,273574.40896875,4.248655765147055e-07,1177.0759298011915,4800.0,1.0,,338,,,,,,,,
8.159990620000826,0.005310088796641211,0.06310221366584301,0.0,0.0,0.0038975000000000017,4.0,0.15249999999999997,0.0012455749732907862,0.13538978025317192,0.0017731457483023405,2.460797386305558e-07,1.723375468998256e-07,275028.85699999996,1.0,273837.384640625,4.248655765147055e-07,1015.078218918157,4800.0,1.0,,339,,,,,,,,
8.181203371001175,0.004519240578482275,0.04620768241584301,0.0,0.0,0.0038500000000000027,4.0,0.15000000000000002,-0.002050766798492987,0.13382470030337573,-0.001535668468568474,2.7845109755730847e-07,1.9843855234569218e-07,274876.903,1.0,273681.2726875,4.248655765147055e-07,1145.8575187281747,4800.0,1.0,,340,275291.683,274896.57100000005,274851.419,70000042,274183.1014,best_of_k,274896.57100000005,904.5264346364715
8.08946251999987,0.004422302586444715,0.05013020858168602,0.0,0.0,0.0038025000000000003,4.0,0.14749999999999996,-0.00041612708737375214,0.13220014851540327,8.643704932183027e-05,3.025333562334254e-07,1.9419135561804523e-07,274873.645,1.0,273872.154125,4.248655765147055e-07,1043.0918325363969,4800.0,1.0,,341,,,,,,,,
8.108344255999327,0.0030553944278279843,0.03452148456126451,0.0,0.0,0.0037550000000000014,4.0,0.14500000000000002,-0.0002642379025928676,0.13090777341276408,0.00022715139202773572,5.84462521402429e-07,2.21418119750183e-07,275019.20900000003,1.0,274083.253,4.248655765147055e-07,983.5819585065394,4800.0,1.0,,342,,,,,,,,
8.088452230000257,0.006058261986385993,0.06547851581126451,0.0,0.0,0.003707499999999999,4.0,0.14249999999999996,-0.0007373584776360076,0.13025098200887442,-0.00025476929731667043,1.3857055328969637e-06,3.5526598729518355e-07,275050.489,1.0,274277.33890625,4.248655765147055e-07,705.3112260125346,4800.0,1.0,,343,,,,,,,,
8.208674174999032,0.004344891248605353,0.053369140811264516,0.0,0.0,0.00366,4.0,0.14,5.913135100854561e-05,0.12970254216343163,0.0005337237729690969,2.9912454948544107e-07,1.7742899913741894e-07,275179.55799999996,1.0,273976.512984375,4.248655765147055e-07,1060.5499770197243,4800.0,1.0,,344,,,,,,,,
8.084038204000535,0.002631668984711588,0.028792317840270698,0.0,0.0,0.003612500000000001,4.0,0.13749999999999996,-0.003183791821356863,0.13112881351262332,-0.0027101774874608965,2.214235493624983e-07,1.3340657574190117e-07,275090.275,1.0,274218.0215625,4.248655765147055e-07,755.4131975537039,4800.0,1.0,,345,,,,,,,,
8.055146079001133,0.003514349381777038,0.04261067723855376,0.0,0.0,0.003565000000000002,4.0,0.135,0.001958775400999002,0.13546648025512695,0.00244162583258003,2.0072403650317483e-07,1.3497337505441465e-07,275142.527,1.0,274353.592375,4.248655765147055e-07,720.972250703448,4800.0,1.0,,346,,,,,,,,
8.045562092998807,0.003981489712750452,0.04448242194484919,0.0,0.0,0.0035175,4.0,0.13249999999999995,0.0017836319282650947,0.13364891186356545,0.0022536333883181213,2.3851989716661137e-07,1.6998441552118492e-07,275011.547,1.0,274061.1120625,4.248655765147055e-07,976.2802737408143,4800.0,1.0,,347,,,,,,,,
8.180282723000346,0.002670104034814447,0.027978515671566128,0.0,0.0,0.003470000000000001,4.0,0.13,0.0009176989609841257,0.13496013414114713,0.0013858870370313525,2.5453489982396604e-07,1.9516657125961956e-07,275181.44000000006,1.0,274252.874546875,4.248655765147055e-07,1020.1963413254873,4800.0,1.0,,348,,,,,,,,
8.100280646000101,0.002963786413370961,0.03258463554084301,0.0,0.0,0.0034224999999999985,4.0,0.12749999999999995,0.00032243139867205173,0.13493020553141832,0.0007841361104510725,2.1418293165709202e-07,1.448702281692249e-07,275271.70200000005,1.0,274193.48585937504,4.248655765147055e-07,894.268464064429,4800.0,1.0,,349,,,,,,,,
8.17486508500042,0.003236302801863289,0.04103190121240914,0.0,0.0,0.0033749999999999995,4.0,0.125,-0.0034771702950820325,0.1351879382506013,-0.003021021152380854,2.3820713757061185e-07,1.725004146635456e-07,275089.043,1.0,273903.46328125,4.248655765147055e-07,1023.7099853806737,4800.0,1.0,,350,,,,,,,,
8.06713275599941,0.0031957766201822224,0.03863932301755994,0.0,0.0,0.0033275000000000006,4.0,0.12250000000000005,-0.0038408545136917383,0.13144717700779437,-0.0034035796881653367,2.5861753698563917e-07,1.810466066842764e-07,275124.67799999996,1.0,274150.36681250005,4.248655765147055e-07,1064.2895930345392,4800.0,1.0,,351,,,,,,,,
8.079350265999892,0.0029280645102762294,0.0354817709652707,0.0,0.0,0.0032800000000000017,4.0,0.12,-0.0035095044993795456,0.13126952201128006,-0.0030790417338721456,2.3035826757222821e-07,1.5715178705022482e-07,275102.299,1.0,274108.496640625,4.248655765147055e-07,1001.0131226096513,4800.0,1.0,,352,,,,,,,,
8.118272817000616,0.003981202069696188,0.044970703253056854,0.0,0.0,0.0032325000000000027,4.0,0.11750000000000005,-0.004156696470454335,0.13301328904926776,-0.0037268194602802394,1.9865068310309652e-07,1.3701614616223877e-07,275105.861,1.0,274266.63109375007,4.248655765147055e-07,891.531143092085,4800.0,1.0,,353,,,,,,,,
8.0809973359992,0.004481415841535075,0.04907226575305686,0.0,0.0,0.0031850000000000003,4.0,0.11499999999999999,-0.00012404214940033853,0.1349829150363803,0.0003057926776818931,1.982112234344413e-07,1.3155790039576233e-07,275093.733,1.0,274300.475421875,4.248655765147055e-07,757.8761191512182,4800.0,1.0,,354,,,,,,,,
8.081729569001254,0.0034613997355461557,0.043815104244276884,0.0,0.0,0.0031375000000000014,4.0,0.11250000000000004,0.003299534920370206,0.1357171194627881,0.003725251683499664,2.3711811181215126e-07,1.4430089194661378e-07,275044.293,1.0,274202.300453125,4.248655765147055e-07,819.6645805354964,4800.0,1.0,,355,,,,,,,,
8.081595370998912,0.002424656012960824,0.029069010459352285,0.0,0.0,0.003089999999999999,4.0,0.10999999999999999,-0.002359444266767241,0.13216733951121568,-0.0019511410733684897,2.2846837275380948e-07,1.4181118395129034e-07,275118.02300000004,1.0,274185.11409375,4.248655765147055e-07,808.5604023307,4800.0,1.0,,356,,,,,,,,
8.143809782999597,0.0033913031986553934,0.034993489645421504,0.0,0.0,0.0030425,4.0,0.10750000000000004,0.0010599467437714337,0.13097054734826089,0.001458331593312323,2.1330176736000794e-07,1.4269865999949616e-07,275153.092,1.0,274154.58823437506,4.248655765147055e-07,930.5367284790128,4800.0,1.0,,357,,,,,,,,
8.056248743998367,0.0021552163200035503,0.029101562639698385,0.0,0.0,0.002995000000000001,4.0,0.10499999999999998,-0.0008904760936275125,0.13309175185859204,-0.000491951743606478,1.9815470402306802e-07,1.3093151114418332e-07,275105.465,1.0,274263.8744375,4.248655765147055e-07,813.4022410769475,4800.0,1.0,,358,,,,,,,,
8.059128580000106,0.0035389588920073933,0.039355468843132256,0.0,0.0,0.002947500000000002,4.0,0.10250000000000004,-0.002378625954588642,0.13259961418807506,-0.0019878718070685864,1.930018399320943e-07,1.274454321631424e-07,275158.109,1.0,274355.075703125,4.248655765147055e-07,679.5432498737109,4800.0,1.0,,359,,,,,,,,
8.204064928999287,0.0023269254669971316,0.027718099090270697,0.0,0.0,0.0029,4.0,0.09999999999999998,-0.0035650646837893873,0.13537845369428397,-0.003172565088607371,2.1960228941964032e-07,1.5225440890276333e-07,275035.42299999995,1.0,274273.15926562506,4.248655765147055e-07,925.1491500014558,4800.0,1.0,,360,275291.683,274924.069,274851.419,70000042,274207.8702666667,best_of_k,274924.069,875.0520248645752
8.115506738999102,0.002735501551746733,0.033040364645421504,0.0,0.0,0.002852500000000001,4.0,0.09750000000000003,-3.930663515347987e-05,0.14063654243946075,0.0003617794718593359,1.9307029752724247e-07,1.200386963162714e-07,274960.002,1.0,274159.28934375,4.248655765147055e-07,790.922917263281,4800.0,1.0,,361,,,,,,,,
8.13090312299937,0.0024775058996677757,0.032047526258975265,0.0,0.0,0.002805000000000002,4.0,0.09499999999999997,-0.0036851357435807586,0.14168620221316813,-0.0032878093188628554,2.2620331598943722e-07,1.6185822140357687e-07,275151.79500000004,1.0,274058.54496875,4.248655765147055e-07,1072.0149458166384,4800.0,1.0,,362,,,,,,,,
8.044150302001071,0.004143492272630311,0.04539388061966747,0.0,0.0,0.002757500000000003,4.0,0.09250000000000003,-0.00035352287522982806,0.14008081648498774,3.265367122367025e-05,2.155853554342002e-07,1.493672595387352e-07,275024.173,1.0,274119.40735937504,4.248655765147055e-07,970.5130242137154,4800.0,1.0,,363,,,,,,,,
8.059300509999957,0.002150695879781672,0.027506510633975266,0.0,0.0,0.0027100000000000006,4.0,0.08999999999999997,0.003964818769600242,0.13765490278601647,0.004337769432459027,1.9831080848575767e-07,1.4800397423186952e-07,275123.729,1.0,274192.61209375004,4.248655765147055e-07,953.3023156273191,4800.0,1.0,,364,,,,,,,,
8.14127218899921,0.003183003274219143,0.034586588758975266,0.0,0.0,0.0026625000000000017,4.0,0.08750000000000002,-0.0037030808627605436,0.13639995884150266,-0.0033400005660951136,1.9230808909753704e-07,1.3104389307017072e-07,275029.699,1.0,274156.08598437504,4.248655765147055e-07,817.7264849975907,4800.0,1.0,,365,,,,,,,,
8.320104305999848,0.0020400568499963968,0.024934895848855377,0.0,0.0,0.0026149999999999993,4.0,0.08499999999999996,-0.0024054574605543166,0.1294608537107706,-0.0020670075435191395,1.9474981556300007e-07,1.4038690263618036e-07,275209.686,1.0,274203.770859375,4.248655765147055e-07,891.7344371696147,4800.0,1.0,,366,,,,,,,,
8.174880238999322,0.0031910946313294273,0.04174804706126452,0.0,0.0,0.0025675000000000003,4.0,0.08250000000000002,-0.00396064360102173,0.12904305383563042,-0.0036293910699896513,1.586138182574359e-07,1.0119050344314929e-07,275102.655,1.0,274254.251375,4.248655765147055e-07,559.0166216057047,4800.0,1.0,,367,,,,,,,,
8.087477129000035,0.0037337801541128535,0.04329427103511989,0.0,0.0,0.0025200000000000014,4.0,0.07999999999999996,0.00011166850454173982,0.12733248807489872,0.00043246844434179365,1.881954599269875e-07,1.1848212775333877e-07,275186.521,1.0,274379.66420312505,4.248655765147055e-07,813.374478906914,4800.0,1.0,,368,,,,,,,,
8.05635080600041,0.003473489332897639,0.040315755270421506,0.0,0.0,0.0024725000000000025,4.0,0.07750000000000001,-0.00206481427885592,0.1297060467302799,-0.0017441744916141034,1.332789860697403e-07,9.006546584089392e-08,275136.58800000005,1.0,274533.62275,4.248655765147055e-07,416.65001500239663,4800.0,1.0,,369,,,,,,,,
8.195698556000934,0.0033794982266707406,0.037923177145421504,0.0,0.0,0.002425,4.0,0.07499999999999996,-2.5374648976139726e-05,0.13079342432320118,0.0002917167032137513,1.8150585425757982e-07,1.301739274595093e-07,275347.348,1.0,274302.59640625,4.248655765147055e-07,804.5624657442476,4800.0,1.0,,370,,,,,,,,
8.206500845000846,0.0024572529484501613,0.030550130212213845,0.0,0.0,0.002377500000000001,4.0,0.07250000000000001,-0.0016540775410248897,0.12967790123075246,-0.0013458437810186298,1.663172906063437e-07,1.1794444585433438e-07,275117.559,1.0,274417.825421875,4.248655765147055e-07,700.7202658826922,4800.0,1.0,,371,,,,,,,,
8.160013561000596,0.0015060672889032566,0.01652018235763535,0.0,0.0,0.0023299999999999987,4.0,0.06999999999999995,-0.0013056513533229008,0.12833103258162737,-0.001006703346502036,1.5078637538579187e-07,9.759385353191873e-08,275222.827,1.0,274473.200796875,4.248655765147055e-07,576.9084991638704,4800.0,1.0,,372,,,,,,,,
8.158893754000019,0.0018630761347421475,0.019352213584352285,0.0,0.0,0.0022825,4.0,0.0675,-0.00204478072191705,0.12617398835718632,-0.0017568732844665646,1.713846252471285e-07,1.3561708662734872e-07,275152.693,1.0,274320.240078125,4.248655765147055e-07,890.8029256745813,4800.0,1.0,,373,,,,,,,,
8.16089406699939,0.0021811430717238343,0.027539062523283066,0.0,0.0,0.002235000000000001,4.0,0.06499999999999995,-0.002325572003610432,0.12747638188302518,-0.002040735527407378,1.5171179121864497e-07,1.1613725963144361e-07,275133.66800000006,1.0,274503.880859375,4.248655765147055e-07,652.4826020499002,4800.0,1.0,,374,,,,,,,,
8.146699576000174,0.0019997932088802626,0.023876953311264514,0.0,0.0,0.002187500000000002,4.0,0.0625,-0.001105716425809078,0.12456734906882047,-0.0008332943893037736,1.5230194243542884e-07,1.0754924471001459e-07,275157.989,1.0,274391.68387500005,4.248655765147055e-07,712.1504073524732,4800.0,1.0,,375,,,,,,,,
8.109190706998561,0.0019529781418684776,0.022135416767559944,0.0,0.0,0.002140000000000003,4.0,0.06000000000000005,0.0045676888024900105,0.12537448517978192,0.004835915728472173,1.611994616013135e-07,1.1447823666799195e-07,275351.92900000006,1.0,274529.66503125,4.248655765147055e-07,751.074441388073,4800.0,1.0,,376,,,,,,,,
8.279875503998483,0.0025923226134548115,0.0290364584303461,0.0,0.0,0.0020925000000000006,4.0,0.057499999999999996,-0.001208163362025516,0.12602296993136405,-0.0009445305448025465,1.4839382806997036e-07,1.1051477439849578e-07,275136.06,1.0,274560.851421875,4.248655765147055e-07,629.1942212141496,4800.0,1.0,,377,,,,,,,,
8.16183166600058,0.002349252005920466,0.030533854174427687,0.0,0.0,0.0020450000000000017,4.0,0.05500000000000005,0.0005120151385199278,0.1233850959688425,0.0007642524782568216,1.8320675607697012e-07,1.3479138196714758e-07,275096.492,1.0,274419.63465625,4.248655765147055e-07,844.8360576122008,4800.0,1.0,,378,,,,,,,,
8.090690033999635,0.0011240992330696642,0.011816406343132257,0.0,0.0,0.0019974999999999993,4.0,0.05249999999999999,-0.0011935896473005414,0.12208514958620072,-0.0009497911436483264,1.4686792226825673e-07,1.0380450916613882e-07,275330.375,1.0,274601.275546875,4.248655765147055e-07,523.0031006208521,4800.0,1.0,,379,,,,,,,,
8.0963989819993,0.0012344030055196243,0.01188151043606922,0.0,0.0,0.0019500000000000003,4.0,0.050000000000000044,-0.0021898945327848197,0.11691350992769003,-0.001961980573832989,1.4739685756381958e-07,1.0562424215265765e-07,275259.243,1.0,274510.556,4.248655765147055e-07,658.9540179516491,4800.0,1.0,,380,275351.92900000006,275168.273,274987.83100000006,70000042,274433.6207,best_of_k,275168.273,819.4289640166917
8.17120781199992,0.001390062134008474,0.015299479197710752,0.0,0.0,0.0019025000000000014,4.0,0.04749999999999999,0.0008491415152093396,0.11540583744645119,0.00106862157699652,1.7438943977765575e-07,1.2440415524395122e-07,275178.566,1.0,274413.184515625,4.248655765147055e-07,752.0813845638676,4800.0,1.0,,381,,,,,,,,
8.123669092001364,0.001558258169621407,0.018798828253056853,0.0,0.0,0.0018550000000000025,4.0,0.04500000000000004,-0.0010291143553331494,0.11495843883603811,-0.0008159375749528408,1.4410029969269544e-07,1.120931193199226e-07,275127.34099999996,1.0,274408.071890625,4.248655765147055e-07,768.9966741622061,4800.0,1.0,,382,,,,,,,,
8.255395992999183,0.0017285877682902573,0.016699218761641533,0.0,0.0,0.0018075,4.0,0.04249999999999998,-0.00042311954603064806,0.11412267256528139,-0.0002169086248613894,1.4682311686442517e-07,1.0299615560427355e-07,275175.874,1.0,274595.5866875,4.248655765147055e-07,503.5073716078414,4800.0,1.0,,383,,,,,,,,
8.181401180001558,0.0017862394204018806,0.020117187511641533,0.0,0.0,0.0017600000000000011,4.0,0.040000000000000036,-0.00263053844391834,0.11634648349136115,-0.002425835747271776,1.524842010880434e-07,1.0383986239759225e-07,275222.993,1.0,274566.1640625,4.248655765147055e-07,601.2583391710111,4800.0,1.0,,384,,,,,,,,
8.11577356700036,0.0008867157306372775,0.007893880223855376,0.0,0.0,0.0017124999999999987,4.0,0.03749999999999998,0.0070245819282718,0.11882618945091963,0.007227983302436769,1.7863086085867507e-07,1.410031696735814e-07,275289.825,1.0,274454.6495625,4.248655765147055e-07,853.9492753447921,4800.0,1.0,,385,,,,,,,,
8.036753688000317,0.0014569949802753612,0.015983072970993818,0.0,0.0,0.0016649999999999998,4.0,0.03500000000000003,-0.00240238388068974,0.11598677076399326,-0.0022093534702435137,1.799224200738081e-07,1.386979270989741e-07,275170.553,1.0,274284.98820312496,4.248655765147055e-07,871.4276957320919,4800.0,1.0,,386,,,,,,,,
8.09370769599991,0.001124098347988145,0.011897786462213844,0.0,0.0,0.0016175000000000009,4.0,0.03249999999999997,-0.002404136525001377,0.11309852879494428,-0.0022212648298591377,1.3677052201899187e-07,1.0267845311773271e-07,275207.17000000004,1.0,274545.239578125,4.248655765147055e-07,650.1492075827377,4800.0,1.0,,387,,,,,,,,
8.127626851999594,0.002023763299467163,0.01704101563664153,0.0,0.0,0.001570000000000002,4.0,0.030000000000000027,-0.006852466279815417,0.1135706340894103,-0.006674240459688008,1.6695432698554668e-07,1.2734654060153615e-07,275206.22900000005,1.0,274481.40279687505,4.248655765147055e-07,890.5540859083716,4800.0,1.0,,388,,,,,,,,
8.135929072999716,0.001721141656422276,0.018798828253056853,0.0,0.0,0.0015224999999999995,4.0,0.02749999999999997,0.0010651185173628619,0.11392468083649873,0.001238481095060706,1.7394453593055915e-07,1.4075043939243414e-07,275165.101,1.0,274434.300375,4.248655765147055e-07,858.6071245086704,4800.0,1.0,,389,,,,,,,,
8.092355943999792,0.0014036492862634197,0.017480468843132257,0.0,0.0,0.0014750000000000006,4.0,0.025000000000000022,0.0004200822091661394,0.11388953886926174,0.0005879866424947977,1.705009957220227e-07,1.3122643736096506e-07,275207.291,1.0,274525.987953125,4.248655765147055e-07,903.2492170675482,4800.0,1.0,,390,,,,,,,,
8.259741477999341,0.0015735609549125229,0.013916015718132257,0.0,0.0,0.0014275000000000017,4.0,0.022499999999999964,-0.0013837367529049515,0.11582582723349333,-0.0012184813851490617,1.8305821960495905e-07,1.3589404375125013e-07,275287.751,1.0,274512.955625,4.248655765147055e-07,864.3209640411397,4800.0,1.0,,391,,,,,,,,
8.092294905000017,0.001989401549506198,0.02403971365420148,0.0,0.0,0.0013800000000000028,4.0,0.020000000000000018,-0.004958144329430069,0.11414463948458434,-0.0048007030505687,1.6112796288325626e-07,1.2549174819298514e-07,275257.029,1.0,274390.921578125,4.248655765147055e-07,840.971297136137,4800.0,1.0,,392,,,,,,,,
8.020189712000501,0.0023759211929736956,0.028515625093132258,0.0,0.0,0.0013325000000000004,4.0,0.01749999999999996,-0.000702544889645651,0.11208653450012207,-0.0005532742012292147,1.6932625648280464e-07,1.3456777221421133e-07,275187.255,1.0,274319.67721875,4.248655765147055e-07,876.0774969767128,4800.0,1.0,,393,,,,,,,,
8.12628293600028,0.002564126481047246,0.028694661566987634,0.0,0.0,0.0012850000000000014,4.0,0.015000000000000013,-0.00026374752051196995,0.11313707679510117,-0.00011845168191939592,1.7072391464978409e-07,1.3619531440411948e-07,275324.288,1.0,274411.397265625,4.248655765147055e-07,883.1453788637457,4800.0,1.0,,394,,,,,,,,
8.140170013999523,0.0015719068924234137,0.01754557298263535,0.0,0.0,0.001237499999999999,4.0,0.012499999999999956,-0.004609950701706111,0.11395490746945143,-0.0044689980335533615,1.387579231959535e-07,1.0437120625539365e-07,275236.01399999997,1.0,274648.799390625,4.248655765147055e-07,599.1536982818656,4800.0,1.0,,395,,,,,,,,
8.069883131000097,0.0025478625010011413,0.03170572941889986,0.0,0.0,0.00119,4.0,0.010000000000000009,0.0006277758868236561,0.1145471315830946,0.0007640160794835538,1.4097625236075829e-07,1.1308918725916329e-07,275213.517,1.0,274525.50203125,4.248655765147055e-07,717.3457025254409,4800.0,1.0,,396,,,,,,,,
8.067800868999257,0.0009321171568231534,0.010335286473855376,0.0,0.0,0.0011425000000000012,4.0,0.007499999999999951,-0.005091519269626588,0.11470812149345874,-0.004960529436357319,1.3468543222927564e-07,1.0067704145910738e-07,275166.27900000004,1.0,274567.330359375,4.248655765147055e-07,700.7082803626629,4800.0,1.0,,397,,,,,,,,
8.010357096998632,0.0015850239887134521,0.019287109444849192,0.0,0.0,0.0010950000000000022,4.0,0.0050000000000000044,-0.004223880104109412,0.11270122099667787,-0.004100541572552174,1.3606820008504884e-07,1.0986868765883173e-07,275197.62500000006,1.0,274608.428546875,4.248655765147055e-07,756.0466473588126,4800.0,1.0,,398,,,,,,,,
8.233638867999616,0.0012152505791991786,0.014241536520421505,0.0,0.0,0.0010474999999999998,4.0,0.0024999999999999467,-0.003761295429285383,0.1122303508222103,-0.0036437993752770127,1.3386271202620037e-07,1.0312880878160513e-07,275179.07800000004,1.0,274652.45643749996,4.248655765147055e-07,649.8512993854566,4800.0,1.0,,399,,,,,,,,
8.079747264999241,0.00146430913628377,0.017708333337213843,0.0,0.0,0.0010000000000000009,4.0,0.0,0.0007780275816912762,0.10975455865263939,0.0008877187268808484,1.301823324695306e-07,9.981549222715103e-08,275196.07300000003,1.0,274589.9961875,4.248655765147055e-07,728.7907481348993,4800.0,1.0,,400,275351.92900000006,275163.377,275132.5090000001,70000042,274475.98723333335,best_of_k,275163.377,841.7707776007489
