elapsed_seconds,optimization_approximate_kl,optimization_clip_fraction,optimization_count_loss,optimization_early_kl_stop,optimization_entropy_coefficient,optimization_epochs_completed,optimization_learning_rate_fraction,optimization_loss,optimization_normalized_entropy,optimization_policy_loss,optimization_q_loss,optimization_value_loss,rollout_best_objective,rollout_feasible_rate,rollout_mean_objective,rollout_reward_scale,rollout_std_objective,rollout_transitions,rollout_vectorized_rollouts,self_imitation_loss,update,validation_archive_best_objective,validation_best_of_k_objective,validation_deterministic_objective,validation_fixed_validation_seed,validation_mean_stochastic_objective,validation_selection_metric,validation_selection_objective,validation_std_stochastic_objective
5.579168288000801,0.00593207280326169,0.05333658866584301,0.0,0.0,0.0199525,4.0,0.9975,-0.01690920612309128,0.7975870504975319,-0.0020439484156668185,0.0019474364511552268,0.00170770794065902,142386.62999999998,1.0,121398.951453125,1.6541547093681192e-06,8944.412104186784,4800.0,1.0,,1,142386.62999999998,140031.871,132700.2,70000042,125020.67129999999,best_of_k,140031.871,9686.555615731239
4.697768693000398,0.005785739375278353,0.07587890625,0.0,0.0,0.019905,4.0,0.995,-0.02246617623604834,0.7914475262165069,-0.006819145986810327,0.00025933489014278165,0.0001616002100490732,141934.268,1.0,123750.99675,1.6541547093681192e-06,9017.051754327464,4800.0,1.0,,2,,,,,,,,
4.332528169999932,0.006629128885106183,0.08351237019523979,0.0,0.0,0.0198575,4.0,0.9925,-0.021894264756701885,0.7741696387529373,-0.006592666311189532,0.00014876017448841594,0.00011319800796627533,156461.467,1.0,136420.0599375,1.6541547093681192e-06,8702.670634321006,4800.0,1.0,,3,,,,,,,,
4.221263131001251,0.004566200924455188,0.049332682602107526,0.0,0.0,0.01981,4.0,0.99,-0.018584852758795022,0.7640294149518013,-0.0035115004749968646,0.00012341292895143852,9.945927249646047e-05,155788.668,1.0,141742.57853125,1.6541547093681192e-06,6499.434938892495,4800.0,1.0,,4,,,,,,,,
4.161729897001351,0.0063604587543522936,0.08203125009313225,0.0,0.0,0.0197625,4.0,0.9875,-0.022463287820573895,0.7504778936505317,-0.007694813562557102,0.00012186356525489828,0.00010131667368113994,157320.292,1.0,142819.6873125,1.6541547093681192e-06,7895.564645424191,4800.0,1.0,,5,,,,,,,,
4.128208361998986,0.007062828919151798,0.09228515652939677,0.0,0.0,0.019715,4.0,0.985,-0.02252270469907671,0.7314559608697891,-0.008159834737307392,0.00010943369943561265,9.368290848215111e-05,155580.96600000001,1.0,145131.57340625,1.6541547093681192e-06,6823.382595529863,4800.0,1.0,,6,,,,,,,,
4.2253782950010645,0.00430677859694697,0.030029296909924598,0.0,0.0,0.0196675,4.0,0.9825,-0.017352211265824737,0.7179442018270492,-0.003276718745473772,8.788722243480152e-05,7.177315974331578e-05,162543.88599999997,1.0,149364.310546875,1.6541547093681192e-06,6070.721804398805,4800.0,1.0,,7,,,,,,,,
4.208602782999151,0.0040308747760718685,0.027473958430346102,0.0,0.0,0.019620000000000002,4.0,0.98,-0.014867803640663623,0.7223356410861015,-0.0007363721029832959,7.721317670075222e-05,6.61435185065784e-05,160892.286,1.0,150691.80721874998,1.6541547093681192e-06,4708.303226463403,4800.0,1.0,,8,,,,,,,,
4.358446514001116,0.004685614458867349,0.05021158866584301,0.0,0.0,0.0195725,4.0,0.9775,-0.015458994265645742,0.7081717506051064,-0.0016346119809895754,7.145510990085313e-05,5.832701308463584e-05,160981.321,1.0,150106.47484375,1.6541547093681192e-06,4349.2240054340655,4800.0,1.0,,9,,,,,,,,
4.239170564000233,0.003696745273191482,0.03500976571813226,0.0,0.0,0.019525,4.0,0.975,-0.017635648290161045,0.7087580904364585,-0.0038382048485800626,7.665755010748399e-05,6.678627623841748e-05,159346.98500000002,1.0,152393.641734375,1.6541547093681192e-06,4944.321139260223,4800.0,1.0,,10,,,,,,,,
4.2250611569998,0.004424294215277768,0.046175130363553765,0.0,0.0,0.019477500000000002,4.0,0.9725,-0.017402664804831148,0.704487358033657,-0.003719609696418047,7.13480762897234e-05,6.292552179729683e-05,163777.145,1.0,153034.093359375,1.6541547093681192e-06,4722.9035479720515,4800.0,1.0,,11,,,,,,,,
4.184458495999934,0.005625217515625991,0.0363606771454215,0.0,0.0,0.01943,4.0,0.97,-0.016372851957567037,0.7114635050296784,-0.0025849233381450175,6.97959692843142e-05,5.7655632099340436e-05,163211.56999999998,1.0,152839.55337500002,1.6541547093681192e-06,4290.608739625933,4800.0,1.0,,12,,,,,,,,
4.369825820998813,0.004785740116494708,0.04402669286355376,0.0,0.0,0.0193825,4.0,0.9675,-0.017895090207457543,0.6985003486275673,-0.004388726863544435,6.517243473354028e-05,5.160309938219143e-05,162065.88999999998,1.0,153176.983515625,1.6541547093681192e-06,4879.743961460735,4800.0,1.0,,13,,,,,,,,
4.203681826998945,0.0037159191793762147,0.03059895837213844,0.0,0.0,0.019335,4.0,0.965,-0.013542495178990066,0.6873718827962876,-0.0002825600327923894,5.997989746902022e-05,4.880423048234661e-05,161929.36899999998,1.0,154408.5018125,1.6541547093681192e-06,4005.949047787694,4800.0,1.0,,14,,,,,,,,
4.157071988000098,0.003048490641231183,0.021240234514698385,0.0,0.0,0.0192875,4.0,0.9625,-0.017457181855570526,0.6870660334825516,-0.004239107633475214,6.468902593042003e-05,5.4486659064423296e-05,165589.749,1.0,155027.100328125,1.6541547093681192e-06,4723.647338427683,4800.0,1.0,,15,,,,,,,,
4.196993473000475,0.0040356570883886885,0.04326171912252903,0.0,0.0,0.01924,4.0,0.96,-0.018893312360160053,0.6872969597578049,-0.005701390723697841,6.25317726189678e-05,5.083605037725647e-05,165879.16400000002,1.0,154993.817796875,1.6541547093681192e-06,4867.942553125929,4800.0,1.0,,16,,,,,,,,
4.245845298999484,0.004732698568841442,0.059277343936264514,0.0,0.0,0.0191925,4.0,0.9575,-0.018721509189344943,0.6755044549703598,-0.0057854845537804065,5.6648545341886344e-05,4.585999840855948e-05,166814.38899999997,1.0,157346.205125,1.6541547093681192e-06,4580.983252576355,4800.0,1.0,,17,,,,,,,,
4.316783373000362,0.0033044868119759484,0.032014974148478356,0.0,0.0,0.019145,4.0,0.955,-0.01786103582708165,0.6760834693908692,-0.004943981021642685,5.3015662888356016e-05,4.252395601724857e-05,168196.97999999998,1.0,158601.23606250001,1.6541547093681192e-06,4267.41993194325,4800.0,1.0,,18,,,,,,,,
4.2627066879995255,0.0035331253020558506,0.03517252616584301,0.0,0.0,0.0190975,4.0,0.9525,-0.017810638656374066,0.6770620495080948,-0.004905602199141867,5.256750246189768e-05,3.9798365924070823e-05,168703.32499999995,1.0,160069.71485937497,1.6541547093681192e-06,4351.595142141208,4800.0,1.0,,19,,,,,,,,
4.18803575200036,0.003651635508867912,0.03733723977347836,0.0,0.0,0.01905,4.0,0.95,-0.02055285689420998,0.679545795917511,-0.0076278457418084145,4.310926942707738e-05,3.2051271045929755e-05,168509.416,1.0,160771.24117187498,1.6541547093681192e-06,4098.069412301338,4800.0,1.0,,20,168703.32499999995,170450.34100000001,164572.786,70000042,162998.76083333333,best_of_k,170450.34100000001,4565.407102414823
4.176883572999941,0.00500893876014743,0.05439453137805685,0.0,0.0,0.019002500000000002,4.0,0.9475,-0.014576872007455676,0.6606780275702476,-0.0020450022828299554,4.5656248312297974e-05,3.6199324813424025e-05,169773.777,1.0,161836.310234375,1.6541547093681192e-06,4182.944238471115,4800.0,1.0,,21,,,,,,,,
4.256856332000098,0.004482153023127466,0.04479166669771075,0.0,0.0,0.018955,4.0,0.945,-0.017696394165977836,0.6638489291071892,-0.005135201622033491,4.151618950345437e-05,3.582511594686366e-05,171414.603,1.0,163581.28339062497,1.6541547093681192e-06,4489.809477526794,4800.0,1.0,,22,,,,,,,,
4.253052915000808,0.004431700400891714,0.05017903652042151,0.0,0.0,0.0189075,4.0,0.9425,-0.017421323526650666,0.6557922154664994,-0.00504096932709217,3.469461948952812e-05,3.113588377345877e-05,171911.96099999998,1.0,165298.7368125,1.6541547093681192e-06,3430.056498907268,4800.0,1.0,,23,,,,,,,,
4.211427066000397,0.003906053665559739,0.04218750016298145,0.0,0.0,0.018860000000000002,4.0,0.94,-0.02008671878138557,0.6362288191914558,-0.008103332144673913,3.272889730396855e-05,2.522981412766967e-05,174067.20200000002,1.0,165513.598234375,1.6541547093681192e-06,3727.1994366931913,4800.0,1.0,,24,,,,,,,,
4.286719102999996,0.0034515179460868238,0.031591797014698386,0.0,0.0,0.0188125,4.0,0.9375,-0.015067731868475676,0.6283584430813789,-0.003265688836108893,3.435750982134777e-05,3.102821633547137e-05,174188.40999999997,1.0,167879.37203125,1.6541547093681192e-06,3356.495940471757,4800.0,1.0,,25,,,,,,,,
4.282540745998631,0.004775768276886083,0.05470377604942769,0.0,0.0,0.018765,4.0,0.935,-0.016090694651938974,0.6183888047933579,-0.004501330968923867,2.9037720651103882e-05,2.3597553717991104e-05,175742.969,1.0,168466.30957812502,1.6541547093681192e-06,3068.126091364895,4800.0,1.0,,26,,,,,,,,
4.249120376000064,0.0035995999933220446,0.033463541825767606,0.0,0.0,0.0187175,4.0,0.9325,-0.01601071241311729,0.6109036192297935,-0.004589088214561343,2.470867357260431e-05,2.0986034724046476e-05,175628.03199999998,1.0,169706.509578125,1.6541547093681192e-06,2918.8184604258095,4800.0,1.0,,27,,,,,,,,
4.233385696001278,0.003610267487238161,0.03536783875897527,0.0,0.0,0.01867,4.0,0.9299999999999999,-0.015043469425290824,0.6031687736511231,-0.0037937201675958933,2.1616275580527146e-05,1.84998952818205e-05,177173.25100000002,1.0,170461.1509375,1.6541547093681192e-06,3176.963259308751,4800.0,1.0,,28,,,,,,,,
4.15645830700123,0.003918000115663745,0.039599609375,0.0,0.0,0.0186225,4.0,0.9275,-0.020683881069999188,0.5988746896386147,-0.00954292353708297,2.378174112891429e-05,1.8417918454360915e-05,178803.13900000002,1.0,171827.30139062498,1.6541547093681192e-06,3227.8317566489663,4800.0,1.0,,29,,,,,,,,
4.265172453999185,0.002133921803033445,0.02135416669771075,0.0,0.0,0.018575,4.0,0.925,-0.015577825030777603,0.5869993284344673,-0.004687722818925977,2.5760358357729275e-05,2.166765762012801e-05,178854.07499999998,1.0,172336.63064062502,1.6541547093681192e-06,3375.7669320610776,4800.0,1.0,,30,,,,,,,,
4.1730862139993405,0.004075790807837621,0.04763997397385537,0.0,0.0,0.018527500000000002,4.0,0.9225,-0.014813253621105105,0.5741165041923523,-0.0041867322928737846,1.9012975531040866e-05,1.7042731587935123e-05,179701.579,1.0,174052.269015625,1.6541547093681192e-06,2910.8150465536614,4800.0,1.0,,31,,,,,,,,
4.270295428999816,0.004558383059338667,0.052929687686264514,0.0,0.0,0.01848,4.0,0.92,-0.011352297465782613,0.5537022545933723,-0.0011292629642412066,1.711662741854525e-05,1.534179821192083e-05,178594.35799999998,1.0,174646.23907812499,1.6541547093681192e-06,2387.1828563869194,4800.0,1.0,,32,,,,,,,,
4.265529123998931,0.004077928516198881,0.05030924491584301,0.0,0.0,0.0184325,4.0,0.9175,-0.013148733228445054,0.5615381479263306,-0.002807386196218431,1.6885652826204023e-05,1.503199257513188e-05,180986.743,1.0,174965.3274375,1.6541547093681192e-06,2471.878950317015,4800.0,1.0,,33,,,,,,,,
4.3323672719998285,0.003094953531399369,0.036783854232635346,0.0,0.0,0.018385,4.0,0.915,-0.011571429145988077,0.5485761299729347,-0.0014951277058571576,1.5865029422457155e-05,1.536965007744584e-05,180218.684,1.0,174972.44321875,1.6541547093681192e-06,2448.011850135046,4800.0,1.0,,34,,,,,,,,
4.1330782159984665,0.0023776394955348223,0.02412109379656613,0.0,0.0,0.0183375,4.0,0.9125,-0.012195341009646653,0.5337204053997994,-0.0024155463848728686,1.5457593713108507e-05,1.1515426717778609e-05,180262.558,1.0,176177.87675,1.6541547093681192e-06,2119.2914298529718,4800.0,1.0,,35,,,,,,,,
4.179180450000786,0.004497467540204525,0.05747070331126451,0.0,0.0,0.01829,4.0,0.91,-0.017240905994549395,0.5365852802991867,-0.007434705202467739,1.3567065479946905e-05,1.3175242793295184e-05,180391.03899999996,1.0,176306.19906249997,1.6541547093681192e-06,2536.951976486894,4800.0,1.0,,36,,,,,,,,
4.266184744001293,0.003911023191176355,0.04235026051755995,0.0,0.0,0.018242500000000002,4.0,0.9075,-0.0129238021094352,0.5322160243988037,-0.0032238598010735585,1.3145519915269688e-05,1.538944520689256e-05,180526.82299999997,1.0,176522.59074999997,1.6541547093681192e-06,1889.4272034127825,4800.0,1.0,,37,,,,,,,,
4.227802912000698,0.005123002827167511,0.06821289081126451,0.0,0.0,0.018195,4.0,0.905,-0.015700513205956668,0.5321719765663147,-0.0060262569226324555,1.305668120039627e-05,1.4612597215091228e-05,180281.52699999997,1.0,176059.94443749997,1.6541547093681192e-06,2401.5795350425724,4800.0,1.0,,38,,,,,,,,
4.257411032000164,0.0033945658564334736,0.03234049491584301,0.0,0.0,0.0181475,4.0,0.9025,-0.00927554073277861,0.5259276524186134,0.00026041019591502843,1.2533548465398781e-05,1.4136168488221301e-05,180507.45099999997,1.0,176193.68851562502,1.6541547093681192e-06,2181.573576513092,4800.0,1.0,,39,,,,,,,,
4.221275157999116,0.0016997722821542993,0.015120442723855376,0.0,0.0,0.0181,4.0,0.9,-0.015590397035703063,0.518417551368475,-0.006214267108589411,9.929378052220272e-06,1.2470409876641497e-05,180380.94599999997,1.0,177002.57976562498,1.6541547093681192e-06,1734.9083428196222,4800.0,1.0,,40,180986.743,180660.291,178992.63799999998,70000042,177268.04779999997,best_of_k,180660.291,2118.3829033907964
4.182809187001112,0.003618712117895484,0.03867187509313226,0.0,0.0,0.0180525,4.0,0.8975,-0.01275468192761764,0.5103165484964848,-0.0035464826971292494,8.270487796835368e-06,6.92658596790352e-06,180163.925,1.0,177513.24607812497,1.6541547093681192e-06,1535.2015196325265,4800.0,1.0,,41,,,,,,,,
4.288285263000944,0.002495457086479291,0.01975911462213844,0.0,0.0,0.018005,4.0,0.895,-0.009631386073306204,0.5056994147598743,-0.0005342555115930736,1.1428985362726963e-05,1.3689905063074548e-05,181579.32,1.0,177231.39235937496,1.6541547093681192e-06,1898.0532307437506,4800.0,1.0,,42,,,,,,,,
4.204558691999409,0.0033440412073105106,0.04308268241584301,0.0,0.0,0.0179575,4.0,0.8925,-0.011341214133426546,0.4974714145064354,-0.0024197039194405077,1.0906335489835328e-05,2.148352567701295e-05,180537.128,1.0,177389.79695312498,1.6541547093681192e-06,2052.568416877973,4800.0,1.0,,43,,,,,,,,
4.1624739980015875,0.002340244938386604,0.025292968843132257,0.0,0.0,0.017910000000000002,4.0,0.89,-0.011874637275468558,0.49494233056902887,-0.0030198275810107587,8.993301730697566e-06,1.7416337084341648e-05,181474.702,1.0,177671.69546875,1.6541547093681192e-06,2048.095483228145,4800.0,1.0,,44,,,,,,,,
4.151329340000302,0.003514782784623094,0.041552734375,0.0,0.0,0.0178625,4.0,0.8875,-0.00917953613679856,0.4932465121150017,-0.00037358414847403764,8.882768429430144e-06,7.550705254288914e-06,181641.758,1.0,178165.102484375,1.6541547093681192e-06,1869.72543692551,4800.0,1.0,,45,,,,,,,,
4.191696501999104,0.0030766102514462545,0.030240885447710752,0.0,0.0,0.017815,4.0,0.885,-0.012112404208164663,0.490863948315382,-0.003371847327798605,7.912606167792547e-06,6.785656080410263e-06,181999.30899999998,1.0,177985.65515625,1.6541547093681192e-06,1885.9044316699294,4800.0,1.0,,46,,,,,,,,
4.21554007099985,0.003531080251559615,0.037500000128056855,0.0,0.0,0.017767500000000002,4.0,0.8825000000000001,-0.01077923432458192,0.4882910154759884,-0.0021077803103253245,7.490481266358984e-06,7.0154259333321535e-06,181152.896,1.0,178501.02984375,1.6541547093681192e-06,1571.7369398598044,4800.0,1.0,,47,,,,,,,,
4.267473474999861,0.0023195780289825053,0.019873046944849194,0.0,0.0,0.01772,4.0,0.88,-0.011049968749284744,0.4861430712044239,-0.0024402359733358024,8.517636661053985e-06,7.741309570974408e-06,182013.28600000002,1.0,178768.96917187498,1.6541547093681192e-06,1584.028653110517,4800.0,1.0,,48,,,,,,,,
4.164290918999541,0.004354768648045138,0.052392578311264516,0.0,0.0,0.0176725,4.0,0.8775,-0.013233904947992415,0.47710722461342814,-0.004809079400729388,8.083644934231415e-06,1.2088171126833913e-05,181484.653,1.0,178512.30321875,1.6541547093681192e-06,1439.2917124467388,4800.0,1.0,,49,,,,,,,,
4.2002906929992605,0.00210685757920146,0.01573893236927688,0.0,0.0,0.017625000000000002,4.0,0.875,-0.011443722969852388,0.4682518050074577,-0.0031943253707140684,7.286056904831639e-06,5.624208966992228e-06,181202.68200000003,1.0,178677.3754375,1.6541547093681192e-06,1516.8233313385992,4800.0,1.0,,50,,,,,,,,
4.21528586200111,0.0027880180248757826,0.03435872410191223,0.0,0.0,0.0175775,4.0,0.8725,-0.010303314065095038,0.46265518516302107,-0.002177462773397565,8.573565901315306e-06,1.1225230161926448e-05,181248.419,1.0,178681.49646874997,1.6541547093681192e-06,1813.2716570101868,4800.0,1.0,,51,,,,,,,,
4.204248526000811,0.0025094566750340163,0.017578125034924598,0.0,0.0,0.01753,4.0,0.87,-0.010400994180236012,0.46018937304615976,-0.0023378640762530267,6.347830492359208e-06,6.71006175139155e-06,181421.56899999996,1.0,179172.925875,1.6541547093681192e-06,1063.881096679183,4800.0,1.0,,52,,,,,,,,
4.257361936999587,0.0032390523294452576,0.03051757821813226,0.0,0.0,0.0174825,4.0,0.8674999999999999,-0.011001409019809217,0.4569785572588444,-0.00301875916775316,6.67201069290968e-06,1.1621573514730699e-05,181516.815,1.0,178839.843703125,1.6541547093681192e-06,1628.9305722593588,4800.0,1.0,,53,,,,,,,,
4.1597588369986624,0.0038015636469935997,0.04651692723855376,0.0,0.0,0.017435,4.0,0.865,-0.010524575959425419,0.45675262808799744,-0.0025710969755891712,1.3982277107515983e-05,1.7209363784331798e-05,181831.77299999996,1.0,178770.94073437498,1.6541547093681192e-06,1645.4493293369121,4800.0,1.0,,54,,,,,,,,
4.347661252999387,0.003710793631034903,0.04767252606106922,0.0,0.0,0.0173875,4.0,0.8625,-0.01134368908824399,0.4541347876191139,-0.0034518603817559777,1.148085534623533e-05,6.583076662991516e-06,182412.859,1.0,179129.06556249998,1.6541547093681192e-06,1487.6218828322537,4800.0,1.0,,55,,,,,,,,
4.178562543998851,0.0035719613515539095,0.04741210959618911,0.0,0.0,0.01734,4.0,0.86,-0.008903790730983019,0.4611316591501236,-0.0009128853678703308,6.020672446993558e-06,9.031492891153902e-06,182146.44799999997,1.0,178971.8469375,1.6541547093681192e-06,1699.3840187827973,4800.0,1.0,,56,,,,,,,,
4.104086654000639,0.003064290140173398,0.029589843831490725,0.0,0.0,0.017292500000000002,4.0,0.8575,-0.00783900796668604,0.46222893595695497,0.00014974004589021205,4.928754856337037e-06,7.705611415076418e-06,182716.35199999998,1.0,179485.65881249998,1.6541547093681192e-06,1417.771849320712,4800.0,1.0,,57,,,,,,,,
4.213582488000611,0.0023873903992353007,0.023209635494276883,0.0,0.0,0.017245,4.0,0.855,-0.0073736821883358065,0.45915284678339957,0.0005410065961768851,4.953302345711564e-06,5.813302914248198e-06,181833.36599999998,1.0,179669.75834374997,1.6541547093681192e-06,1162.6544043826264,4800.0,1.0,,58,,,,,,,,
4.284802479000064,0.001774908573133871,0.014501953194849194,0.0,0.0,0.0171975,4.0,0.8525,-0.00792764894431457,0.45438955947756765,-0.00011690437095239759,6.159339000078034e-06,6.007663012042031e-06,182561.058,1.0,179716.254109375,1.6541547093681192e-06,1420.0597834426185,4800.0,1.0,,59,,,,,,,,
4.252147129998775,0.003874214750248939,0.04656575539847836,0.0,0.0,0.017150000000000002,4.0,0.85,-0.010054978192783892,0.4487489774823189,-0.002362814580556005,4.790753393990599e-06,6.803821821677047e-06,182277.594,1.0,179878.87379687498,1.6541547093681192e-06,1508.1341007624121,4800.0,1.0,,60,182716.35199999998,182229.879,177154.04299999995,70000042,179711.91809999995,best_of_k,182229.879,1596.231098417485
4.12888994000059,0.002702285730629228,0.03149414071813226,0.0,0.0,0.0171025,4.0,0.8475,-0.011382327263709158,0.4519560359418392,-0.0036652850918471812,5.205915005035422e-06,2.403140233582235e-05,182472.998,1.0,180269.90014062496,1.6541547093681192e-06,1385.3906115025136,4800.0,1.0,,61,,,,,,,,
4.207070497999666,0.002979103552934248,0.023372395848855376,0.0,0.0,0.017055,4.0,0.845,-0.006758311565499752,0.45657372027635573,0.001025512651540339,5.412758798684081e-06,4.998043084469827e-06,182444.892,1.0,180000.224015625,1.6541547093681192e-06,1168.9518881240722,4800.0,1.0,,62,,,,,,,,
4.186518343998614,0.002738571621011943,0.02680664069484919,0.0,0.0,0.017007500000000002,4.0,0.8425,-0.014186895079910755,0.4531060591340065,-0.006483934377320111,5.918331021348422e-06,5.298046704638182e-06,182450.47100000002,1.0,179796.785453125,1.6541547093681192e-06,1321.0665550598726,4800.0,1.0,,63,,,,,,,,
4.2377611360006995,0.0027709243149729446,0.02234700535191223,0.0,0.0,0.01696,4.0,0.84,-0.009583061467856169,0.44734761863946915,-0.001998604123946279,5.296655962183649e-06,4.058043322174853e-06,182287.705,1.0,180206.24165624997,1.6541547093681192e-06,1134.6702770229,4800.0,1.0,,64,,,,,,,,
4.141744898999605,0.004025032519712113,0.048502604325767605,0.0,0.0,0.0169125,4.0,0.8375,-0.009195260633714498,0.44018436670303346,-0.0017609469708986581,4.734780105764003e-06,1.9662211889226457e-05,182651.86700000003,1.0,180338.053828125,1.6541547093681192e-06,1286.2871542274024,4800.0,1.0,,65,,,,,,,,
4.152341537999746,0.0035654272011015563,0.039095052238553765,0.0,0.0,0.016865,4.0,0.835,-0.007814147253520786,0.4443486250936985,-0.00032778747845441103,5.7472003732073064e-06,1.4010547181442234e-05,182816.58999999997,1.0,180213.83696875,1.6541547093681192e-06,1453.1659665599311,4800.0,1.0,,66,,,,,,,,
4.145221771999786,0.0029447381966747344,0.0332845053053461,0.0,0.0,0.0168175,4.0,0.8325,-0.008577944000717253,0.4416491411626339,-0.0011544377077370882,6.1230406913637125e-06,6.6337963971818684e-06,182437.97599999997,1.0,180312.47681249998,1.6541547093681192e-06,1199.3563333618392,4800.0,1.0,,67,,,,,,,,
4.110275410999748,0.0033753472234820947,0.0453776043606922,0.0,0.0,0.01677,4.0,0.83,-0.008771904930472373,0.43818942829966545,-0.0014271415187977255,6.298758989942144e-06,6.086065178578793e-06,182931.732,1.0,180297.81426562497,1.6541547093681192e-06,1476.5904176768727,4800.0,1.0,,68,,,,,,,,
4.1279238289971545,0.0027815745866973884,0.032763671875,0.0,0.0,0.0167225,4.0,0.8275,-0.005435438081622124,0.4340560182929039,0.0018201115308329463,6.265652257297916e-06,4.651142319289647e-06,182479.46899999998,1.0,180378.77109375002,1.6541547093681192e-06,1127.281837748881,4800.0,1.0,,69,,,,,,,,
4.156969931998901,0.0021358924743253736,0.019026692723855376,0.0,0.0,0.016675000000000002,4.0,0.825,-0.010883224126882852,0.4350012995302677,-0.003631741611752659,4.050095446928026e-06,3.5179622159375866e-06,182863.174,1.0,180616.99768749997,1.6541547093681192e-06,1185.1297797175232,4800.0,1.0,,70,,,,,,,,
4.118279839000024,0.0029815440531820057,0.03476562518626451,0.0,0.0,0.0166275,4.0,0.8225,-0.0067828647908754645,0.43713304251432417,0.00048198167933151127,3.997766498287092e-06,6.367171317833709e-06,184186.241,1.0,180684.09024999998,1.6541547093681192e-06,1232.103110792703,4800.0,1.0,,71,,,,,,,,
4.200125440002012,0.004296355304541066,0.05948893241584301,0.0,0.0,0.01658,4.0,0.8200000000000001,-0.01092851631110534,0.433660526573658,-0.003746105742175132,5.033812487909017e-06,1.435565831116037e-05,182539.90399999998,1.0,180359.47275,1.6541547093681192e-06,1294.293112680394,4800.0,1.0,,72,,,,,,,,
4.176854097000614,0.0035552028566598892,0.041910807357635346,0.0,0.0,0.016532500000000002,4.0,0.8175,-0.014223391411360354,0.42522829994559286,-0.0071964196045883,5.2473502762495626e-06,5.179140248401381e-06,183595.346,1.0,180772.208671875,1.6541547093681192e-06,1197.012993754346,4800.0,1.0,,73,,,,,,,,
4.229193688999658,0.0030880383506882935,0.024267578218132257,0.0,0.0,0.016485,4.0,0.815,-0.010674553189892322,0.42433035299181937,-0.0036815794999711217,4.416285059960501e-06,3.3411429228635824e-06,183218.44499999998,1.0,180712.054421875,1.6541547093681192e-06,1111.3691953818936,4800.0,1.0,,74,,,,,,,,
4.111935548000474,0.003395024190831464,0.0395345052704215,0.0,0.0,0.0164375,4.0,0.8125,-0.01169289608951658,0.4260371677577496,-0.004692884860560298,7.452091477944123e-06,4.458958153463755e-06,183504.01799999998,1.0,180817.3651875,1.6541547093681192e-06,1169.3764043367928,4800.0,1.0,,75,,,,,,,,
4.274514175998775,0.0030466859083389864,0.036018880526535214,0.0,0.0,0.016390000000000002,4.0,0.81,-0.008339276909828186,0.4295142412185669,-0.001302797719836235,5.513617441010865e-06,5.4155893735696735e-06,182573.837,1.0,180720.86593749997,1.6541547093681192e-06,1085.6997761175758,4800.0,1.0,,76,,,,,,,,
4.189500317999773,0.0036000178981339557,0.040755208535119894,0.0,0.0,0.0163425,4.0,0.8075,-0.011564630328211933,0.43273289054632186,-0.004494737286586314,4.5975792261288e-06,3.1689007755630882e-06,182890.983,1.0,180944.829703125,1.6541547093681192e-06,1034.5090900001894,4800.0,1.0,,77,,,,,,,,
4.203897696999775,0.0023359803977655246,0.020703125093132258,0.0,0.0,0.016295,4.0,0.8049999999999999,-0.01221113990759477,0.4289595276117325,-0.0052246648585423825,5.190750295014368e-06,5.8037295218582585e-06,182783.319,1.0,180941.75440624997,1.6541547093681192e-06,1218.2658568242305,4800.0,1.0,,78,,,,,,,,
4.245759964000172,0.002534177919733338,0.03349609376164153,0.0,0.0,0.0162475,4.0,0.8025,-0.006890301045496016,0.42680807784199715,4.0923303458839655e-05,5.878511154833177e-06,5.5034498814166e-06,182922.16,1.0,180597.53093749998,1.6541547093681192e-06,1389.3320252244698,4800.0,1.0,,79,,,,,,,,
4.142760613998689,0.003216429356689332,0.035172526142559946,0.0,0.0,0.0162,4.0,0.8,-0.008693781623151153,0.4241441681981087,-0.001826133718714118,5.663481732653963e-06,5.8419348476945744e-06,183274.66999999995,1.0,180867.51701562497,1.6541547093681192e-06,1158.2754235311984,4800.0,1.0,,80,184186.241,182922.373,180267.09199999998,70000042,180750.93920000002,best_of_k,182922.373,1189.2388368809472
4.219540464000602,0.003263619670178741,0.028369140764698385,0.0,0.0,0.0161525,4.0,0.7975,-0.010763741796836257,0.41518095284700396,-0.004061945341527462,5.2090122096615236e-06,7.785299078477693e-06,183232.59399999998,1.0,181064.828046875,1.6541547093681192e-06,1283.7780074610034,4800.0,1.0,,81,,,,,,,,
4.146126999999979,0.00441265034605749,0.06505533866584301,0.0,0.0,0.016105,4.0,0.795,-0.007619754824554547,0.41532253175973893,-0.0009395955712534487,4.242048885316763e-06,1.6371974498952114e-05,182889.12599999996,1.0,180719.70399999997,1.6541547093681192e-06,1310.5585442081633,4800.0,1.0,,82,,,,,,,,
4.236352766001801,0.004342459057806991,0.04908854188397527,0.0,0.0,0.016057500000000002,4.0,0.7925,-0.009805383114144205,0.4090046398341656,-0.0032599222264252602,6.027368044669856e-06,4.305706265768094e-05,183638.8,1.0,180964.094828125,1.6541547093681192e-06,1391.733783619479,4800.0,1.0,,83,,,,,,,,
4.1248630349982705,0.0040492163971066475,0.04737955750897527,0.0,0.0,0.01601,4.0,0.79,-0.007393582497024908,0.4101453684270382,-0.0008297752821817995,8.139558383390977e-06,3.6114721524427296e-06,183704.61499999996,1.0,181303.32690624997,1.6541547093681192e-06,1171.7183700359906,4800.0,1.0,,84,,,,,,,,
4.195644845000061,0.0034656791103770956,0.0414876302704215,0.0,0.0,0.0159625,4.0,0.7875,-0.005744648608379066,0.41217199340462685,0.0008324678346980363,4.529345676473895e-06,3.4519923588050004e-06,183155.16299999997,1.0,181281.84984374998,1.6541547093681192e-06,952.1032265823405,4800.0,1.0,,85,,,,,,,,
4.2186601539979165,0.0026217098158667794,0.03170572929084301,0.0,0.0,0.015915,4.0,0.785,-0.0067357458989135924,0.4098846450448036,-0.00021416754461824893,3.2196022800690114e-06,2.827239347880095e-06,183027.506,1.0,181231.506515625,1.6541547093681192e-06,1058.3306967647084,4800.0,1.0,,86,,,,,,,,
4.194256511997082,0.0025657280231826006,0.028759765718132258,0.0,0.0,0.0158675,4.0,0.7825,-0.011288159381365404,0.40345008224248885,-0.004888381937053055,3.571953351411139e-06,3.217281852130327e-06,183388.97,1.0,181224.91065625,1.6541547093681192e-06,1006.2263814066212,4800.0,1.0,,87,,,,,,,,
4.221928569997544,0.003384033337351866,0.04358723973855376,0.0,0.0,0.01582,4.0,0.78,-0.007993829331826418,0.3990789890289307,-0.0016824079677462578,3.5351731412447408e-06,3.3094830030222512e-06,183963.82099999997,1.0,181409.116765625,1.6541547093681192e-06,1105.9644560012498,4800.0,1.0,,88,,,,,,,,
4.163636459001282,0.00329573945782613,0.038248698075767605,0.0,0.0,0.015772500000000002,4.0,0.7775,-0.009439240850042552,0.39880182445049284,-0.003151342738419771,3.914195104925966e-06,3.6232279455816752e-06,183722.092,1.0,181337.515921875,1.6541547093681192e-06,1097.3145616439197,4800.0,1.0,,89,,,,,,,,
4.201056244000938,0.0023667448200285434,0.016731770837213843,0.0,0.0,0.015725,4.0,0.775,-0.007568302599247545,0.39587649405002595,-0.0013454566476866602,3.662227589984468e-06,3.892230211022252e-06,182809.932,1.0,181295.16203125002,1.6541547093681192e-06,1000.6266909612023,4800.0,1.0,,90,,,,,,,,
4.207462605001638,0.003099114797078073,0.044042968889698386,0.0,0.0,0.0156775,4.0,0.7725,-0.008300672576297075,0.3969972535967827,-0.002081055880989879,4.533627441105637e-06,7.70970972325813e-06,183177.33099999998,1.0,181452.3206875,1.6541547093681192e-06,916.5708721913375,4800.0,1.0,,91,,,,,,,,
4.40525108699876,0.003664260933874175,0.05182291679084301,0.0,0.0,0.01563,4.0,0.77,-0.009252249973360448,0.3928144909441471,-0.003114390233531594,2.9962521324478077e-06,3.0618609287103028e-06,183980.981,1.0,181636.82892187499,1.6541547093681192e-06,908.5575256596696,4800.0,1.0,,92,,,,,,,,
4.272920841998712,0.0028229510760866107,0.04018554696813226,0.0,0.0,0.015582499999999999,4.0,0.7675,-0.008576864877250045,0.3918256156146526,-0.002472627442330122,2.5308450119609914e-06,2.263793660972624e-06,183222.157,1.0,181837.2528125,1.6541547093681192e-06,744.8549848042124,4800.0,1.0,,93,,,,,,,,
4.256166682000185,0.002270566578954458,0.027180989645421504,0.0,0.0,0.015535,4.0,0.765,-0.007390292151831091,0.3923191510140896,-0.0012974006938748061,2.9822147268987463e-06,2.97573688499142e-06,183424.463,1.0,181548.77879687498,1.6541547093681192e-06,989.2266381885298,4800.0,1.0,,94,,,,,,,,
4.262209648000862,0.0015076012525241822,0.013509114691987633,0.0,0.0,0.015487500000000001,4.0,0.7625,-0.009600196208339185,0.39396423622965815,-0.0035006765159778298,3.1089662570593644e-06,3.3807486545356367e-06,183358.72400000002,1.0,181449.94290625,1.6541547093681192e-06,899.2561358991527,4800.0,1.0,,95,,,,,,,,
4.146353108000767,0.003917120188998524,0.0496582031599246,0.0,0.0,0.01544,4.0,0.76,-0.00977465040050447,0.3918818473815918,-0.003725904691964388,4.274225631206718e-06,2.9648667776882577e-06,183631.83399999997,1.0,181696.690078125,1.6541547093681192e-06,1036.9478917493159,4800.0,1.0,,96,,,,,,,,
4.254249440000422,0.0014420231862459331,0.014453125023283064,0.0,0.0,0.0153925,4.0,0.7575000000000001,-0.007621674099937081,0.3974692150950432,-0.0015060201636515557,4.20401804035464e-06,3.941578285093783e-06,184127.66999999995,1.0,181707.069453125,1.6541547093681192e-06,1100.0834980937063,4800.0,1.0,,97,,,,,,,,
4.340748615999473,0.002441605670901481,0.025732421944849194,0.0,0.0,0.015345000000000001,4.0,0.755,-0.013011364242993295,0.3977642960846424,-0.006909807538613677,2.834111910487991e-06,3.7069729614813696e-06,183747.176,1.0,181611.528625,1.6541547093681192e-06,1040.5092942362462,4800.0,1.0,,98,,,,,,,,
4.242701145001774,0.0030207551957573743,0.02936197929084301,0.0,0.0,0.0152975,4.0,0.7525,-0.008661799761466683,0.3996429733932018,-0.0025504232791718094,4.337207457183467e-06,3.4557808135105006e-06,183599.05599999998,1.0,181722.628484375,1.6541547093681192e-06,1135.7569012672313,4800.0,1.0,,99,,,,,,,,
4.21893077599816,0.002702766776201315,0.029313151235692204,0.0,0.0,0.01525,4.0,0.75,-0.008763539273058996,0.3997719369828701,-0.002674176311120391,1.7083012926377707e-05,1.0901508977667617e-05,183627.472,1.0,181333.88640624998,1.6541547093681192e-06,1230.419491968792,4800.0,1.0,,100,184186.241,183571.05599999998,182041.403,70000042,181702.8014333333,best_of_k,183571.05599999998,1004.2518558226178
4.278686388999631,0.003990933168097399,0.041162109444849194,0.0,0.0,0.0152025,4.0,0.7475,-0.01451076489756815,0.3911892794072628,-0.008566282445099205,7.312324248687218e-06,3.682899898649339e-06,183431.37399999998,1.0,181806.97554687498,1.6541547093681192e-06,885.2621945139656,4800.0,1.0,,101,,,,,,,,
4.312568063000072,0.0035336653469130396,0.043082682404201475,0.0,0.0,0.015155,4.0,0.745,-0.006558124744333327,0.3869532115757465,-0.0006959113525226712,4.308093173222005e-06,3.263214665594205e-06,183751.50999999998,1.0,181696.198875,1.6541547093681192e-06,939.0779650215459,4800.0,1.0,,102,,,,,,,,
4.178182941999694,0.00281672677010647,0.03746744804084301,0.0,0.0,0.0151075,4.0,0.7424999999999999,-0.008901553484611214,0.3860564880073071,-0.003072981897275895,2.8861297380444738e-06,6.9772042934346246e-06,183838.75799999997,1.0,181847.00845312496,1.6541547093681192e-06,1105.8187105132606,4800.0,1.0,,103,,,,,,,,
4.282927345000644,0.0027497358809341677,0.028613281436264515,0.0,0.0,0.01506,4.0,0.74,-0.007744143914896995,0.3816793881356716,-0.0019975449773482977,2.7654181167235947e-06,2.4326809437980046e-06,183354.82799999998,1.0,181576.557875,1.6541547093681192e-06,824.486558423399,4800.0,1.0,,104,,,,,,,,
4.231554497000616,0.002493905261508189,0.027164713572710754,0.0,0.0,0.015012500000000002,4.0,0.7375,-0.0067060973611660305,0.3800558432936668,-0.001002461975440383,3.2096145446303128e-06,3.26394731473556e-06,183776.36800000002,1.0,181557.29234375,1.6541547093681192e-06,960.8934862094557,4800.0,1.0,,105,,,,,,,,
4.257026497998595,0.002528669605817413,0.03048502616584301,0.0,0.0,0.014965,4.0,0.735,-0.004555530712241307,0.3806042619049549,0.00113840444246307,3.3066946798498975e-06,2.9529436972097755e-06,183755.429,1.0,181874.58059375,1.6541547093681192e-06,1047.1494719570387,4800.0,1.0,,106,,,,,,,,
4.196761385999707,0.00253198659629561,0.029166666720993818,0.0,0.0,0.0149175,4.0,0.7324999999999999,-0.0111971243575681,0.38111672177910805,-0.005513655859977007,2.699674769246485e-06,3.139996522349975e-06,183905.8,1.0,181906.61278124998,1.6541547093681192e-06,1008.8381052466134,4800.0,1.0,,107,,,,,,,,
4.227589320998959,0.0032814103848068043,0.03938802084885538,0.0,0.0,0.014870000000000001,4.0,0.73,-0.006094680575188249,0.37242924645543096,-0.0005631264997646212,3.2797640812987082e-06,1.2281238008426954e-05,183549.072,1.0,181648.6253125,1.6541547093681192e-06,1107.507699649585,4800.0,1.0,,108,,,,,,,,
4.338561492997542,0.002396237691209535,0.024755859468132257,0.0,0.0,0.014822499999999999,4.0,0.7275,-0.010563490318600089,0.3728465400636196,-0.005044118640944362,3.5745723266700224e-06,1.3577620455862415e-05,183858.29399999997,1.0,182049.02071875002,1.6541547093681192e-06,974.8079263471514,4800.0,1.0,,109,,,,,,,,
4.151842008999665,0.002754410891793668,0.03401692723855376,0.0,0.0,0.014775,4.0,0.725,-0.008487150794826448,0.37611320093274114,-0.0029319245950318873,2.7800432519597963e-06,3.136537941372808e-06,184246.267,1.0,182084.17145312496,1.6541547093681192e-06,1022.4908052622935,4800.0,1.0,,110,,,,,,,,
4.2437610540000605,0.0022488497401354835,0.021028645988553762,0.0,0.0,0.014727500000000001,4.0,0.7224999999999999,-0.009998335654381662,0.3707262024283409,-0.004540227446705103,2.2272809701462394e-06,3.0782932611828073e-06,183953.905,1.0,182010.59376562497,1.6541547093681192e-06,908.3383944771049,4800.0,1.0,,111,,,,,,,,
4.1756879549975565,0.0023045101755997167,0.019775390648283063,0.0,0.0,0.01468,4.0,0.72,-0.007282353180926293,0.37187399342656136,-0.0018246757492306643,2.6063516401109156e-06,2.3444037793751706e-06,183837.13999999998,1.0,181869.64974999998,1.6541547093681192e-06,845.4302681520932,4800.0,1.0,,112,,,,,,,,
4.1747877540001355,0.002765756836743094,0.035595703159924594,0.0,0.0,0.014632500000000001,4.0,0.7175,-0.00793300882796757,0.37102362513542175,-0.0025062270695343615,3.0773818878060412e-06,3.8277901694527826e-06,183394.528,1.0,181784.751875,1.6541547093681192e-06,1027.271066151412,4800.0,1.0,,113,,,,,,,,
4.171116224999423,0.0022707498545059936,0.01901041673263535,0.0,0.0,0.014585,4.0,0.7150000000000001,-0.007875206100288778,0.36698294803500175,-0.0025250572129152716,7.214663054355697e-06,3.1529523084827816e-06,183935.03100000002,1.0,182076.11417187497,1.6541547093681192e-06,863.298612245521,4800.0,1.0,,114,,,,,,,,
4.260946110000077,0.0015811464036232792,0.012760416674427687,0.0,0.0,0.014537500000000002,4.0,0.7125,-0.00872867827420123,0.36610682085156443,-0.0034082267084158957,3.3459366193255846e-06,2.9832065507662263e-06,184038.29099999997,1.0,182017.02315625,1.6541547093681192e-06,1028.9522220388087,4800.0,1.0,,115,,,,,,,,
4.277389570001105,0.002262921168585308,0.025472005316987633,0.0,0.0,0.014490000000000001,4.0,0.71,-0.005991155892843381,0.3605736866593361,-0.0007694962667301297,2.773002313460893e-06,5.552813934173173e-06,183456.754,1.0,182018.24075,1.6541547093681192e-06,743.7431176243953,4800.0,1.0,,116,,,,,,,,
4.213491678998253,0.003388059037388302,0.038574218819849196,0.0,0.0,0.0144425,4.0,0.7075,-0.013316791353281588,0.3681341290473938,-0.008002525626216084,2.8543704843286833e-06,4.451671253491441e-06,183733.774,1.0,181891.37603125,1.6541547093681192e-06,1052.9105193355697,4800.0,1.0,,117,,,,,,,,
4.220414392999373,0.0027705408283509314,0.034619140811264514,0.0,0.0,0.014395000000000002,4.0,0.7050000000000001,-0.010616735724033788,0.35984075367450713,-0.00543893959838897,3.0307708868804182e-06,3.616747741830295e-06,183727.01499999998,1.0,182028.29846875,1.6541547093681192e-06,923.9351247651601,4800.0,1.0,,118,,,,,,,,
4.265248892999807,0.0018101966357789933,0.011279296909924597,0.0,0.0,0.014347500000000001,4.0,0.7025,-0.009479122958146036,0.355904383212328,-0.004375005711335689,5.0610593063993296e-06,3.4297327431431768e-06,183803.69199999998,1.0,181922.336828125,1.6541547093681192e-06,1068.701122208923,4800.0,1.0,,119,,,,,,,,
4.201060670999141,0.0032876046374440194,0.030045573064126075,0.0,0.0,0.0143,4.0,0.7,-0.0071823007776401935,0.360732676833868,-0.002025605470407754,3.2696583218694286e-06,2.910367149411286e-06,183353.56699999998,1.0,181853.45156249998,1.6541547093681192e-06,1035.7836533328846,4800.0,1.0,,120,184246.267,184030.234,181115.50999999995,70000042,182052.24523333326,best_of_k,184030.234,1100.2679083876683
4.213757341000019,0.0010714567033573985,0.007714843761641532,0.0,0.0,0.014252500000000001,4.0,0.6975,-0.0028216021775733678,0.3558292753994465,0.0022486738045699893,2.318677542234582e-06,1.897922606985958e-06,184022.215,1.0,182109.322,1.6541547093681192e-06,813.1442247668549,4800.0,1.0,,121,,,,,,,,
4.278918402000272,0.0033873993044835514,0.04624023456126451,0.0,0.0,0.014205,4.0,0.6950000000000001,-0.010942330665420741,0.3573107607662678,-0.00586874180007726,3.5588337709668847e-06,3.3094017851453827e-06,184099.433,1.0,182034.25001562497,1.6541547093681192e-06,1115.2202941286323,4800.0,1.0,,122,,,,,,,,
4.276624518999597,0.004505671936203726,0.06520182316889986,0.0,0.0,0.0141575,4.0,0.6925,-0.009460741863586008,0.3611978694796562,-0.004350861441344023,3.010794341662404e-06,6.954454266860921e-06,183793.248,1.0,182076.98678125,1.6541547093681192e-06,1058.2677187418167,4800.0,1.0,,123,,,,,,,,
4.245740069000021,0.0019505741365719587,0.01847330731106922,0.0,0.0,0.014110000000000001,4.0,0.69,-0.0064698090951424096,0.34957306906580926,-0.0015435097622685135,2.9964600798848552e-06,1.1753836383832095e-05,183879.287,1.0,182184.42949999997,1.6541547093681192e-06,900.6120688626993,4800.0,1.0,,124,,,,,,,,
4.241927412000223,0.0022077528963563966,0.025455729267559946,0.0,0.0,0.0140625,4.0,0.6875,-0.011983305437024683,0.34783402681350706,-0.007094647397752851,3.1128545572300936e-06,4.891932775308305e-06,183434.66,1.0,182149.64029687498,1.6541547093681192e-06,913.5780161856298,4800.0,1.0,,125,,,,,,,,
4.309030165000877,0.0025618869985919446,0.026090494869276882,0.0,0.0,0.014015,4.0,0.685,-0.007925797282950953,0.34868560954928396,-0.0030406502075493334,3.0338060867052264e-06,2.7564176036776187e-06,184095.091,1.0,182347.03931249998,1.6541547093681192e-06,883.0709573724416,4800.0,1.0,,126,,,,,,,,
4.243205753999064,0.003044373999000527,0.037597656319849196,0.0,0.0,0.0139675,4.0,0.6825,-0.010788242850685493,0.34862273260951043,-0.005920348432846367,2.801224320592155e-06,2.4275353155189804e-06,183737.39299999998,1.0,182063.96371875,1.6541547093681192e-06,962.3873974589269,4800.0,1.0,,127,,,,,,,,
4.219421899997542,0.001792983288760297,0.019824218773283064,0.0,0.0,0.01392,4.0,0.6799999999999999,-0.0065812977962195875,0.3418041840195656,-0.0018249112647026778,2.0038505681441166e-06,2.6545281428980163e-06,183572.10799999998,1.0,182010.425890625,1.6541547093681192e-06,842.3876601072122,4800.0,1.0,,128,,,,,,,,
4.276938039001834,0.0030414148670388384,0.03969726571813226,0.0,0.0,0.0138725,4.0,0.6775,-0.00673320684581995,0.3448900654911995,-0.0019501512637361885,2.478148039131156e-06,2.3672153048437393e-06,184223.10299999997,1.0,182144.918546875,1.6541547093681192e-06,808.5353763800682,4800.0,1.0,,129,,,,,,,,
4.225028827000642,0.002196149947121739,0.021712239715270698,0.0,0.0,0.013825,4.0,0.675,-0.004221818584483117,0.3430734075605869,0.0005198968341574073,1.823314832449796e-06,2.1833503524248955e-06,183850.42799999999,1.0,182393.08898437498,1.6541547093681192e-06,800.5146673543356,4800.0,1.0,,130,,,,,,,,
4.2623659310011135,0.0016780987090896815,0.011767578125,0.0,0.0,0.013777500000000002,4.0,0.6725,-0.005922448937781155,0.3394950069487095,-0.0012467287248000502,1.996785829305736e-06,2.9442252184708194e-06,183867.59199999998,1.0,182446.14448437496,1.6541547093681192e-06,719.3437322014612,4800.0,1.0,,131,,,,,,,,
4.189473439997528,0.0029865431628422812,0.03400065116584301,0.0,0.0,0.01373,4.0,0.6699999999999999,-0.007636693585664034,0.33713176026940345,-0.0030098640243522825,2.7127341610366782e-06,3.4366242317673824e-06,184408.36899999995,1.0,182252.07473437497,1.6541547093681192e-06,933.1753484177508,4800.0,1.0,,132,,,,,,,,
4.188547294001182,0.0027377747144782917,0.0402180990902707,0.0,0.0,0.0136825,4.0,0.6675,-0.009328864386770875,0.33657030761241913,-0.004725422797491774,2.9735480666204238e-06,2.7686349540090306e-06,184108.014,1.0,182410.84253124997,1.6541547093681192e-06,933.1015732240287,4800.0,1.0,,133,,,,,,,,
4.205852712999331,0.002205401420360431,0.023339843878056855,0.0,0.0,0.013635000000000001,4.0,0.665,-0.005216297652805224,0.3352309182286263,-0.0006469187093898654,3.6464926211010607e-06,2.2606228100130464e-06,183864.81099999996,1.0,182401.23367187497,1.6541547093681192e-06,798.2670827247248,4800.0,1.0,,134,,,,,,,,
4.16967813500014,0.002646142680896446,0.031998698168899865,0.0,0.0,0.013587499999999999,4.0,0.6625,-0.007497409562347457,0.33644694462418556,-0.00292871855199337,2.988681282545258e-06,4.9658172542876855e-06,183922.372,1.0,182322.176265625,1.6541547093681192e-06,904.6895559538498,4800.0,1.0,,135,,,,,,,,
4.2279826260019036,0.0028667760023381563,0.03268229173263535,0.0,0.0,0.01354,4.0,0.6599999999999999,-0.005891687015537173,0.335611242800951,-0.0013485741801559925,1.9672683009730464e-06,1.7321104309075963e-06,183705.625,1.0,182308.82978124998,1.6541547093681192e-06,779.7620819514735,4800.0,1.0,,136,,,,,,,,
4.159976994000317,0.002201874316961039,0.018619791674427687,0.0,0.0,0.013492500000000001,4.0,0.6575,-0.005928220122586936,0.33699541464447974,-0.0013838835177011788,1.9482293851069697e-06,4.757897241347564e-06,184054.46999999997,1.0,182488.66946874998,1.6541547093681192e-06,730.502381494619,4800.0,1.0,,137,,,,,,,,
4.208288266996533,0.0011615935392910615,0.007682291674427688,0.0,0.0,0.013445000000000002,4.0,0.655,-0.0076544811250641945,0.3392990902066231,-0.003094083070755005,2.3247655803970702e-06,2.49104459442151e-06,183777.20699999997,1.0,182359.51389062498,1.6541547093681192e-06,826.4959256870824,4800.0,1.0,,138,,,,,,,,
4.441336451996904,0.0016726303671021014,0.016227213549427688,0.0,0.0,0.013397500000000001,4.0,0.6525000000000001,-0.005000674474285915,0.3366666480898857,-0.0004911617103971367,1.661228273519555e-06,1.625006348149327e-06,183822.755,1.0,182552.37556249998,1.6541547093681192e-06,665.0029847462338,4800.0,1.0,,139,,,,,,,,
4.184146637002414,0.002426100023149047,0.026448567863553762,0.0,0.0,0.01335,4.0,0.65,-0.006628740462474525,0.3292197175323963,-0.002236742968671024,4.409698004792517e-06,5.28814624090046e-06,183567.522,1.0,182305.555125,1.6541547093681192e-06,850.510038041299,4800.0,1.0,,140,184408.36899999995,184233.107,181741.517,70000042,182493.1614666666,best_of_k,184233.107,805.9812109419477
4.164200823001011,0.0013574100041296334,0.005615234375,0.0,0.0,0.013302500000000002,4.0,0.6475,-0.00488133622566238,0.33188793882727624,-0.0004824149771593511,3.1319364040882646e-06,3.140922571560622e-05,184122.65699999998,1.0,182423.3068125,1.6541547093681192e-06,754.7117075431206,4800.0,1.0,,141,,,,,,,,
4.279460654001014,0.0025279741064878182,0.03242187506984919,0.0,0.0,0.013255000000000001,4.0,0.645,-0.007568448910024017,0.33627432584762573,-0.003114039672072977,1.8159399616024529e-06,5.451511324849889e-06,184041.45999999996,1.0,182520.11334374995,1.6541547093681192e-06,715.5511784095434,4800.0,1.0,,142,,,,,,,,
4.200807535999047,0.0016213710354350042,0.012890625046566129,0.0,0.0,0.0132075,4.0,0.6425000000000001,-0.004483353061368689,0.3302633695304394,-0.0001224611944053322,2.0332086222651925e-06,1.7160345237243747e-06,184298.886,1.0,182553.05928125,1.6541547093681192e-06,708.5056843679986,4800.0,1.0,,143,,,,,,,,
4.184607193001284,0.003514356579398736,0.036555989645421505,0.0,0.0,0.013160000000000002,4.0,0.64,-0.0049560237326659266,0.33427687734365463,-0.000557935331016779,2.517116246281148e-06,1.4871360804136203e-06,183809.09699999998,1.0,182415.837625,1.6541547093681192e-06,802.5325277321608,4800.0,1.0,,144,,,,,,,,
4.189583769002638,0.0024693911924259736,0.024593099043704568,0.0,0.0,0.013112500000000001,4.0,0.6375,-0.006407150306040421,0.3391773797571659,-0.001960763067472726,2.393717414861385e-06,1.6736764166580541e-06,184108.55299999999,1.0,182190.12223437498,1.6541547093681192e-06,851.182547504603,4800.0,1.0,,145,,,,,,,,
4.326153076999617,0.001934512483421713,0.019091796875,0.0,0.0,0.013065,4.0,0.635,-0.003928723081480711,0.3323269121348858,0.0004119055229239166,2.3365412573639333e-06,1.9791676578506666e-06,183889.77099999998,1.0,182295.93642187497,1.6541547093681192e-06,737.5649684731536,4800.0,1.0,,146,,,,,,,,
4.286694873997476,0.0036336780904093757,0.04757486982271075,0.0,0.0,0.013017500000000001,4.0,0.6325000000000001,-0.009730103297624738,0.3355257213115692,-0.005363653227686882,2.6017917548415427e-06,1.9915318887342437e-06,184036.10499999998,1.0,182450.974671875,1.6541547093681192e-06,910.0511417054339,4800.0,1.0,,147,,,,,,,,
4.16296548900209,0.0024447512565529904,0.024560546875,0.0,0.0,0.01297,4.0,0.63,-0.007473078323528171,0.3367465868592262,-0.003106675297021866,2.4946073779119616e-06,1.901598781728353e-06,184199.89599999998,1.0,182551.741015625,1.6541547093681192e-06,814.7481798326443,4800.0,1.0,,148,,,,,,,,
4.166634444001829,0.0015369078144431114,0.018131510447710754,0.0,0.0,0.0129225,4.0,0.6275,-0.006614714436000213,0.34016973748803137,-0.0022201112238690256,2.231193496982087e-06,2.033844936022433e-06,184176.20500000002,1.0,182240.181796875,1.6541547093681192e-06,645.4462339416111,4800.0,1.0,,149,,,,,,,,
4.231664934999571,0.001726027658150997,0.010611979209352284,0.0,0.0,0.012875000000000001,4.0,0.625,-0.004193131398642436,0.33750171288847924,0.00015080517623573543,3.6514516807528706e-06,2.066731076411088e-06,183903.87999999998,1.0,182549.5130625,1.6541547093681192e-06,854.6537858378992,4800.0,1.0,,150,,,,,,,,
4.17963747000249,0.0020514188276138158,0.01707356774713844,0.0,0.0,0.0128275,4.0,0.6225,-0.005296229221858084,0.33701662346720695,-0.0009744154056534171,2.0901754709257148e-06,2.1154206223172877e-06,184138.62599999996,1.0,182489.63775,1.6541547093681192e-06,797.0669072399904,4800.0,1.0,,151,,,,,,,,
4.196560631000466,0.001519371369795408,0.009619140648283064,0.0,0.0,0.01278,4.0,0.62,-0.002943013398908079,0.3329405702650547,0.0013111134408973157,1.5581903511474593e-06,1.3952294310115577e-06,184134.883,1.0,182555.6564375,1.6541547093681192e-06,652.7232846999236,4800.0,1.0,,152,,,,,,,,
4.2081865330001165,0.0018922190443845465,0.018229166767559944,0.0,0.0,0.0127325,4.0,0.6174999999999999,-0.0027071426156908274,0.3334380641579628,0.0015360200661234558,4.020421417294528e-06,3.871955672707372e-06,184120.971,1.0,182450.96275,1.6541547093681192e-06,846.2004981741701,4800.0,1.0,,153,,,,,,,,
4.1650214069995855,0.0016117532853968442,0.017382812534924595,0.0,0.0,0.012685,4.0,0.615,-0.0033333091938402503,0.32956683859229086,0.0008456863230094314,2.5949320104246e-06,2.60117981838448e-06,183980.285,1.0,182524.6696875,1.6541547093681192e-06,731.0528970564022,4800.0,1.0,,154,,,,,,,,
4.206936577000306,0.0020298612827900795,0.021142578253056855,0.0,0.0,0.0126375,4.0,0.6125,-0.004166400869144127,0.3308261953294277,1.3445375952869653e-05,1.9450383348385003e-06,1.5495839875256934e-06,184393.94199999998,1.0,182747.08060937497,1.6541547093681192e-06,708.8726193623306,4800.0,1.0,,155,,,,,,,,
4.183538872999634,0.0022717960877344013,0.03134765641298145,0.0,0.0,0.01259,4.0,0.61,-0.006809301319299266,0.32677654922008514,-0.002696215210016817,1.9344533569665146e-06,1.6741614956572448e-06,184665.356,1.0,182558.90115624998,1.6541547093681192e-06,830.7016192878036,4800.0,1.0,,156,,,,,,,,
4.237599218999094,0.0025984867970691994,0.02854817723855376,0.0,0.0,0.012542500000000002,4.0,0.6074999999999999,-0.004275390843395144,0.32872513979673385,-0.00015384586295112966,2.9168143072411114e-06,2.3966550770637696e-06,184225.495,1.0,182526.26064062497,1.6541547093681192e-06,858.4757380530868,4800.0,1.0,,157,,,,,,,,
4.203484710000339,0.0018654718485777266,0.018880208395421504,0.0,0.0,0.012495,4.0,0.605,-0.005228627595352009,0.32505121603608134,-0.0011682950891554356,2.74764468599642e-06,1.813911455883499e-06,183959.245,1.0,182580.88678124998,1.6541547093681192e-06,699.7637203305094,4800.0,1.0,,158,,,,,,,,
4.254868467000051,0.0017292470740358113,0.015087890718132258,0.0,0.0,0.0124475,4.0,0.6025,-0.007391214615199715,0.32717492431402206,-0.003320133895613253,3.89803211362505e-06,2.078313866604731e-06,184037.96300000002,1.0,182636.578234375,1.6541547093681192e-06,741.1394235845052,4800.0,1.0,,159,,,,,,,,
4.12055760200019,0.002679004584206268,0.030664062569849194,0.0,0.0,0.012400000000000001,4.0,0.6,-0.006956280756276101,0.3296626701951027,-0.0028703270480036737,3.0124765146410935e-06,3.1251830819201134e-06,184148.11999999997,1.0,182316.91840624998,1.6541547093681192e-06,984.3088936210798,4800.0,1.0,,160,184665.356,183901.814,181698.46999999997,70000042,182730.84389999995,best_of_k,183901.814,723.7216111984162
4.316843983997387,0.0019610657982411794,0.02286783860763535,0.0,0.0,0.012352499999999999,4.0,0.5974999999999999,-0.00588331866892986,0.32800470739603044,-0.001833999785594642,2.06676116079052e-06,4.305726065467752e-06,184167.39,1.0,182580.86628124997,1.6541547093681192e-06,835.4924729032651,4800.0,1.0,,161,,,,,,,,
4.168405255000835,0.0021192957006860524,0.023893229209352284,0.0,0.0,0.012305,4.0,0.595,-0.006569654803024605,0.33023779541254045,-0.0025076183024793862,2.143784035979479e-06,2.650915229196471e-06,184177.15799999997,1.0,182604.49884374999,1.6541547093681192e-06,871.6119721529104,4800.0,1.0,,162,,,,,,,,
4.1453910499985795,0.0017644929641392082,0.014469401072710752,0.0,0.0,0.012257500000000001,4.0,0.5925,-0.006455810944316909,0.33053013384342195,-0.0024061016738414764,2.025838716690487e-06,3.122792622889392e-06,184425.03199999998,1.0,182714.63015624997,1.6541547093681192e-06,733.9159884428243,4800.0,1.0,,163,,,,,,,,
4.201375411998015,0.002499628608347848,0.022867838642559944,0.0,0.0,0.012210000000000002,4.0,0.5900000000000001,-0.005774879019008949,0.3276700139045715,-0.001775791950058192,1.5462693880863299e-06,3.2184425464265585e-06,184113.325,1.0,182540.78843749998,1.6541547093681192e-06,710.707634618918,4800.0,1.0,,164,,,,,,,,
4.181281142002263,0.0016686906950781123,0.011832682322710753,0.0,0.0,0.012162500000000001,4.0,0.5875,-0.006951076711993664,0.3245694197714329,-0.003004518081434071,1.8114082365627837e-06,1.6718780727842387e-06,184424.672,1.0,182575.87671874996,1.6541547093681192e-06,751.1805279629773,4800.0,1.0,,165,,,,,,,,
4.172279333000915,0.0016334341016772669,0.0156575522152707,0.0,0.0,0.012115,4.0,0.585,-0.008009183884132654,0.3253155738115311,-0.004068949283100665,2.0879045138144647e-06,1.5088368513715978e-06,184279.085,1.0,182745.81435937498,1.6541547093681192e-06,752.4090443857726,4800.0,1.0,,166,,,,,,,,
4.172440698999708,0.003018175411853008,0.035563151293899864,0.0,0.0,0.0120675,4.0,0.5825,-0.010305829212302341,0.3257884785532951,-0.00637535935966298,1.5767103377584136e-06,1.6497417277605563e-06,184095.40200000003,1.0,182487.74576562498,1.6541547093681192e-06,860.3258994630091,4800.0,1.0,,167,,,,,,,,
4.143776748998789,0.0012492067980929278,0.006136067747138441,0.0,0.0,0.012020000000000001,4.0,0.5800000000000001,-0.008997265610378235,0.3261776491999626,-0.005077743111178279,1.7231007234386198e-06,1.9215497303548546e-06,184267.22199999998,1.0,182789.9805,1.6541547093681192e-06,818.8362714623541,4800.0,1.0,,168,,,,,,,,
4.228668686999299,0.0017823338552261704,0.017333984375,0.0,0.0,0.0119725,4.0,0.5775,-0.0067585325101390484,0.32230227068066597,-0.0029009800171479585,1.8600368122179133e-06,2.0515426029987792e-06,184413.835,1.0,182729.855578125,1.6541547093681192e-06,817.8241617239349,4800.0,1.0,,169,,,,,,,,
4.194964566002454,0.001796480844495818,0.012597656261641532,0.0,0.0,0.011925000000000002,4.0,0.575,-0.007125158834969625,0.3159466788172722,-0.0033603009185753764,2.887774459736647e-06,5.034915344026558e-06,184051.816,1.0,182526.12290625,1.6541547093681192e-06,905.5224650508701,4800.0,1.0,,170,,,,,,,,
4.22434885599796,0.002518718392821029,0.022233072924427687,0.0,0.0,0.011877500000000001,4.0,0.5725,-0.00897937772097066,0.31479237228631973,-0.0052444192348048094,1.4345452171937723e-06,7.689629555329702e-06,184403.444,1.0,182727.30014062498,1.6541547093681192e-06,596.6286078433225,4800.0,1.0,,171,,,,,,,,
4.175693600001978,0.0014995500290751807,0.017236328171566128,0.0,0.0,0.01183,4.0,0.5700000000000001,-0.0031042543123476207,0.3117514044046402,0.0005828967783600092,1.6261738807088477e-06,1.4113292252204701e-06,184026.03,1.0,182714.71473437498,1.6541547093681192e-06,703.7265185015973,4800.0,1.0,,172,,,,,,,,
4.205692124000052,0.001607065077405423,0.011344401072710753,0.0,0.0,0.011782500000000001,4.0,0.5675,-0.0033747339388355614,0.3179546922445297,0.0003706213319674134,1.977777591832819e-06,1.4961771483967823e-06,184024.066,1.0,182665.8816875,1.6541547093681192e-06,746.7826518764525,4800.0,1.0,,173,,,,,,,,
4.1592969199991785,0.002594114508247003,0.030777994857635348,0.0,0.0,0.011735,4.0,0.565,-0.006191048870095983,0.32142429128289224,-0.0024205127730965613,2.111546623950744e-06,2.3341766961948453e-06,184348.116,1.0,182696.9939375,1.6541547093681192e-06,885.3832190660758,4800.0,1.0,,174,,,,,,,,
4.314197749998129,0.0024178158928407356,0.030957031389698388,0.0,0.0,0.0116875,4.0,0.5625,-0.003863625612575561,0.32165524140000346,-0.00010546770063228905,2.0197114594111554e-06,1.971065151451512e-06,184465.13599999997,1.0,182719.23564062497,1.6541547093681192e-06,694.5722808614229,4800.0,1.0,,175,,,,,,,,
4.179943277998973,0.0021759155904874207,0.021728515706490724,0.0,0.0,0.011640000000000001,4.0,0.56,-0.003943264548433944,0.3214596837759018,-0.00020248789805918933,2.2012508395619078e-06,1.588594426493728e-06,184266.93799999997,1.0,182429.36154687498,1.6541547093681192e-06,766.3554054700795,4800.0,1.0,,176,,,,,,,,
4.204269785997894,0.0015081980411196128,0.011344401049427688,0.0,0.0,0.0115925,4.0,0.5575,-0.005855383595917374,0.3224890701472759,-0.002118119201622903,2.5127802871338643e-06,1.8764505739454763e-06,184472.82499999998,1.0,182461.6225625,1.6541547093681192e-06,833.023358618882,4800.0,1.0,,177,,,,,,,,
4.272562316000403,0.002629153084126301,0.03256835946813226,0.0,0.0,0.011545,4.0,0.5549999999999999,-0.006790257542161271,0.3250809207558632,-0.0030387505306862296,2.422683266445347e-06,2.6194028322379383e-06,184242.106,1.0,182750.9138125,1.6541547093681192e-06,858.963250859971,4800.0,1.0,,178,,,,,,,,
4.163391711997974,0.002172402761061676,0.01630859386641532,0.0,0.0,0.0114975,4.0,0.5525,-0.004433424089802429,0.3207627676427364,-0.0007468605501344428,2.392021963260049e-06,2.3344635906141774e-06,184470.97799999997,1.0,182707.29462499998,1.6541547093681192e-06,796.1067435510238,4800.0,1.0,,179,,,,,,,,
4.190573472998949,0.003264242099248804,0.04456380214542151,0.0,0.0,0.01145,4.0,0.55,-0.010945977555820718,0.31554614305496215,-0.007333973282948136,1.637983933733267e-06,1.6706046324088675e-06,184010.087,1.0,182715.920203125,1.6541547093681192e-06,872.7514615159281,4800.0,1.0,,180,184665.356,184376.523,182666.41000000003,70000042,182831.71066666665,best_of_k,184376.523,663.982489414861
4.306189457998698,0.0016338487330358475,0.011149088572710752,0.0,0.0,0.011402500000000001,4.0,0.5475,-0.005679621186573058,0.31837873011827467,-0.002051655377727002,2.8180019171486492e-06,4.131975930476983e-06,184284.77,1.0,182585.306203125,1.6541547093681192e-06,744.932351413079,4800.0,1.0,,181,,,,,,,,
4.2033259449999605,0.0021435273403767495,0.021256510482635348,0.0,0.0,0.011355,4.0,0.5449999999999999,-0.008085478114662693,0.3201677970588207,-0.004451228061225265,1.8365140817877545e-06,2.1446023936277923e-06,184275.238,1.0,182856.2168125,1.6541547093681192e-06,639.81806128371,4800.0,1.0,,182,,,,,,,,
4.1848102350013505,0.0020529752131551505,0.021256510575767606,0.0,0.0,0.0113075,4.0,0.5425,-0.005574047268601135,0.32254963666200637,-0.0019278830848634243,1.4689234490106174e-06,1.840275876929809e-06,184027.43099999995,1.0,182824.24312499998,1.6541547093681192e-06,732.8427972096774,4800.0,1.0,,183,,,,,,,,
4.24223890400026,0.0032203860435402023,0.0511881512356922,0.0,0.0,0.011260000000000001,4.0,0.54,-0.006306962826056406,0.32160355895757675,-0.0026869264896959067,2.7391720379910113e-06,1.8920387702792141e-06,184194.33700000003,1.0,182726.52415625,1.6541547093681192e-06,912.0917761192701,4800.0,1.0,,184,,,,,,,,
4.180130927998107,0.0024526737979613245,0.02721354169771075,0.0,0.0,0.0112125,4.0,0.5375,-0.002876675338484347,0.3163663737475872,0.0006689832312986255,2.152007849076654e-06,2.768725840951447e-06,184027.829,1.0,182870.02385937498,1.6541547093681192e-06,806.6607667750725,4800.0,1.0,,185,,,,,,,,
4.177091855999606,0.0017519876411824953,0.017643229174427687,0.0,0.0,0.011165,4.0,0.5349999999999999,-0.007513452781131491,0.3215495407581329,-0.003924811817705631,1.4823550031906052e-06,2.622701401833183e-06,184245.838,1.0,182810.81546875,1.6541547093681192e-06,732.1728658146134,4800.0,1.0,,186,,,,,,,,
4.175199600998894,0.0030060861434321852,0.03500976571813226,0.0,0.0,0.0111175,4.0,0.5325,-0.0051725519297178835,0.3186420425772667,-0.0016309636179357768,2.2950217100969893e-06,1.3711169515318034e-06,183910.59499999997,1.0,182711.87792187498,1.6541547093681192e-06,754.3250605816495,4800.0,1.0,,187,,,,,,,,
4.0986542489990825,0.0022866836574394257,0.027360026177484544,0.0,0.0,0.011070000000000002,4.0,0.53,-0.004955748101929202,0.3152620144188404,-0.00146722923964262,2.297700859799079e-06,2.404320701998586e-06,184151.78999999998,1.0,182769.4830625,1.6541547093681192e-06,758.7169305881579,4800.0,1.0,,188,,,,,,,,
4.175736408997182,0.0026822436338989064,0.03977864598855376,0.0,0.0,0.011022500000000001,4.0,0.5275000000000001,-0.003883536922512576,0.30976463183760644,-0.0004703822312876582,1.9315636023975458e-06,2.064380194610749e-06,184478.48899999997,1.0,182762.68048437499,1.6541547093681192e-06,656.5270332280647,4800.0,1.0,,189,,,,,,,,
4.177789197998209,0.0016408186886110343,0.014794921909924597,0.0,0.0,0.010975,4.0,0.525,0.000713670247932896,0.30884693562984467,0.004102199120097794,1.773884167732831e-06,1.778201587399053e-06,184422.51099999997,1.0,182874.46084374998,1.6541547093681192e-06,690.5891355523498,4800.0,1.0,,190,,,,,,,,
4.216080283000338,0.0020282749930629505,0.014648437511641531,0.0,0.0,0.010927500000000001,4.0,0.5225,-0.0022996476502157746,0.3102661661803722,0.0010898477397859097,1.9013158208736058e-06,1.4973420064734454e-06,184397.499,1.0,182824.31421875,1.6541547093681192e-06,707.4695923837775,4800.0,1.0,,191,,,,,,,,
4.271727740997449,0.0016406380378612083,0.013102213549427689,0.0,0.0,0.01088,4.0,0.52,-0.004243307176511735,0.30671490281820296,-0.0009073509834706783,1.3088242241110493e-06,1.9415915716081144e-06,184381.71899999995,1.0,182632.18254687497,1.6541547093681192e-06,699.7193960523074,4800.0,1.0,,192,,,,,,,,
4.146601753000141,0.0014477196818916127,0.008349609421566128,0.0,0.0,0.0108325,4.0,0.5175000000000001,-0.00959047464421019,0.30840578079223635,-0.0062508204602636395,1.923964572370096e-06,1.9172184408944304e-06,184698.718,1.0,182784.46437499998,1.6541547093681192e-06,837.4401358268541,4800.0,1.0,,193,,,,,,,,
4.195381669997005,0.0016916997199587058,0.01769205732271075,0.0,0.0,0.010785000000000001,4.0,0.515,-0.006444344850024208,0.30375301092863083,-0.003169196646194905,1.782157637819637e-06,1.2996882674087829e-06,184084.31,1.0,182926.62440625,1.6541547093681192e-06,648.2895226997982,4800.0,1.0,,194,,,,,,,,
4.149414086001343,0.0018929491852759384,0.016227213549427688,0.0,0.0,0.0107375,4.0,0.5125,-0.0011812277836725116,0.30770450085401535,0.002121364464983344,1.378200533963536e-06,2.494344994374842e-06,184005.07999999996,1.0,182650.21189062498,1.6541547093681192e-06,702.8282584247997,4800.0,1.0,,195,,,,,,,,
4.1731184189993655,0.0024520888895494864,0.02511393229942769,0.0,0.0,0.010690000000000002,4.0,0.51,-0.0040446504310239105,0.3106807418167591,-0.0007245696964673698,1.4236292230407343e-06,1.9079070511907046e-06,184364.04399999997,1.0,182880.6936875,1.6541547093681192e-06,680.8969500018362,4800.0,1.0,,196,,,,,,,,
4.142921919999935,0.0018148945877328516,0.012646484398283064,0.0,0.0,0.010642500000000001,4.0,0.5075000000000001,-0.006974524876568466,0.3093142040073872,-0.0036840913351625206,1.6179351675305043e-06,2.5625309518773065e-06,184255.223,1.0,183029.073328125,1.6541547093681192e-06,657.4556594552821,4800.0,1.0,,197,,,,,,,,
4.192909307999798,0.0014072040168684908,0.012581380212213843,0.0,0.0,0.010595,4.0,0.505,-0.0031955130980350077,0.30882107764482497,7.510643918067217e-05,1.1216298503313737e-06,2.4554909600738027e-06,184413.74399999998,1.0,182824.14348437497,1.6541547093681192e-06,659.9951032299377,4800.0,1.0,,198,,,,,,,,
4.232558423998853,0.00227261364198057,0.03338216147385538,0.0,0.0,0.010547500000000001,4.0,0.5025,-0.005776932698790915,0.30312046110630037,-0.0025804425473324954,1.2937550962988099e-06,1.0861351029234357e-06,184297.87899999996,1.0,183024.02378125,1.6541547093681192e-06,629.1612352158942,4800.0,1.0,,199,,,,,,,,
4.146114198003488,0.0014002396463183686,0.006884765659924597,0.0,0.0,0.0105,4.0,0.5,-0.002608200692338869,0.30535527765750886,0.0005972786253551021,1.2076715904640878e-06,1.2606484503407955e-06,184049.45799999998,1.0,182897.20187499997,1.6541547093681192e-06,656.4181717379488,4800.0,1.0,,200,184698.718,184467.81100000002,182360.762,70000042,182870.12666666662,best_of_k,184467.81100000002,627.3571707479634
4.166540995000105,0.0017127629456808791,0.021614583395421504,0.0,0.0,0.010452500000000002,4.0,0.49750000000000005,-0.0033002984651830047,0.2993813917040825,-0.00017260584281757473,1.077054741926986e-06,2.968149053117486e-06,184122.507,1.0,182878.36759375,1.6541547093681192e-06,631.1955409634554,4800.0,1.0,,201,,,,,,,,
4.218059653998353,0.0017717481270665303,0.010546875011641532,0.0,0.0,0.010405000000000001,4.0,0.495,-0.004435171093791723,0.29932606816291807,-0.0013223040965385734,1.4986741774691836e-06,2.9416290288963864e-06,184203.02199999997,1.0,182825.371015625,1.6541547093681192e-06,655.2538283426512,4800.0,1.0,,202,,,,,,,,
4.185034453003027,0.0017651361666139564,0.018603515706490725,0.0,0.0,0.010357500000000002,4.0,0.49250000000000005,-0.006826036525308154,0.3004377231001854,-0.0037150606338400395,1.609898725973835e-06,1.2928786617294463e-06,184326.24500000002,1.0,182988.82926562498,1.6541547093681192e-06,666.5471383727346,4800.0,1.0,,203,,,,,,,,
4.111521201000869,0.0023044228320941327,0.02277018231106922,0.0,0.0,0.01031,4.0,0.49,-0.0033776071824831886,0.30315544828772545,-0.00025307810865342616,2.0767884478800624e-06,1.5912211324575764e-06,184110.80299999999,1.0,182909.98195312498,1.6541547093681192e-06,614.0580593123009,4800.0,1.0,,204,,,,,,,,
4.178115374998015,0.001590507198125124,0.012711588549427688,0.0,0.0,0.0102625,4.0,0.48750000000000004,-0.005035399849293754,0.299397312104702,-0.0019645810360088946,1.6895906753688905e-06,3.1539779598688254e-06,184265.737,1.0,182953.03099999996,1.6541547093681192e-06,844.8474976888207,4800.0,1.0,,205,,,,,,,,
4.188906084000337,0.0021565975461271592,0.02478841149713844,0.0,0.0,0.010215,4.0,0.485,-0.003067473546252586,0.29662227928638457,-3.8657407276332376e-05,1.9996061297433697e-06,1.961570413300251e-06,184583.598,1.0,182884.37871874997,1.6541547093681192e-06,640.6596118033009,4800.0,1.0,,206,,,,,,,,
4.2281179890014755,0.0023194528941530733,0.02180989597691223,0.0,0.0,0.010167500000000001,4.0,0.48250000000000004,-0.007250852737342939,0.3000806890428066,-0.004200820671394467,2.4862541664560923e-06,1.579401163098737e-06,184387.11999999997,1.0,182633.156421875,1.6541547093681192e-06,898.5682163090195,4800.0,1.0,,207,,,,,,,,
4.209355015998881,0.001081643853103742,0.002978515636641532,0.0,0.0,0.01012,4.0,0.48,-0.001320129056693986,0.29288186207413675,0.0016428212868049741,1.405513219765453e-06,1.7473395359957066e-06,184263.48999999996,1.0,182880.742015625,1.6541547093681192e-06,630.1058380405076,4800.0,1.0,,208,,,,,,,,
4.242449690002104,0.001112027269846294,0.008203125034924597,0.0,0.0,0.010072500000000002,4.0,0.47750000000000004,-0.0026026317209471017,0.2929387629032135,0.00034682473633438347,1.874822012837285e-06,1.9650460188813667e-06,184445.32399999996,1.0,182858.0823125,1.6541547093681192e-06,747.7926727461156,4800.0,1.0,,209,,,,,,,,
4.225585062999016,0.0023870275559602304,0.030208333465270697,0.0,0.0,0.010025000000000001,4.0,0.475,-0.006662612376385368,0.29787021949887277,-0.0036772946070414035,1.2667098772567442e-06,1.4095590387341873e-06,184724.49599999998,1.0,182941.32543749997,1.6541547093681192e-06,697.0482142784955,4800.0,1.0,,210,,,,,,,,
4.309355186000175,0.002764241356635466,0.030354817770421504,0.0,0.0,0.009977500000000002,4.0,0.47250000000000003,-0.004334217851283029,0.2895768918097019,-0.0014475964941084384,1.5315260327497525e-06,4.957499726288006e-06,184620.089,1.0,183015.95226562498,1.6541547093681192e-06,741.7458989325468,4800.0,1.0,,211,,,,,,,,
4.136986260000413,0.0019291973003419116,0.02146809899713844,0.0,0.0,0.00993,4.0,0.47,-0.002876755618490279,0.29478977620601654,4.974736366420984e-05,1.1774156760679944e-06,1.2821505080751193e-06,184609.77799999996,1.0,182961.53593749998,1.6541547093681192e-06,611.0505700505616,4800.0,1.0,,212,,,,,,,,
4.20602829100244,0.0015906597225693985,0.010107421898283064,0.0,0.0,0.0098825,4.0,0.4675,-0.002740506094414741,0.2965945564210415,0.00018952087266370653,1.4258218513418796e-06,1.8520173114211503e-06,184134.25100000002,1.0,182818.64203125,1.6541547093681192e-06,645.1102836402991,4800.0,1.0,,213,,,,,,,,
4.194985505997465,0.0019339817168656736,0.019856770895421504,0.0,0.0,0.009835,4.0,0.46499999999999997,-0.0007974848034791648,0.29965280517935755,0.0021489266538992522,1.1719383905983704e-06,1.1129254488650986e-06,184361.808,1.0,182934.08540624997,1.6541547093681192e-06,681.4772003345358,4800.0,1.0,,214,,,,,,,,
4.242241600997659,0.002468112908536568,0.027685546991415323,0.0,0.0,0.009787500000000001,4.0,0.4625,-0.006771406345069409,0.29675376117229463,-0.0038678352255374195,1.5086563251998086e-06,1.5110603357015862e-06,184504.734,1.0,182936.264109375,1.6541547093681192e-06,777.8762274837499,4800.0,1.0,,215,,,,,,,,
4.2211350229990785,0.0010237339738523588,0.005989583337213844,0.0,0.0,0.00974,4.0,0.45999999999999996,-0.004035062715411186,0.2941119495779276,-0.001171217008959502,1.9043363309378946e-06,1.2281681506465248e-06,184581.739,1.0,182895.876265625,1.6541547093681192e-06,668.8993125142962,4800.0,1.0,,216,,,,,,,,
4.280125732999295,0.001626046487945132,0.016813151072710752,0.0,0.0,0.009692500000000001,4.0,0.4575,-0.0027738593373214824,0.2961789533495903,9.517383296042681e-05,2.777360256800421e-06,2.8072801256939783e-06,184476.98299999995,1.0,182858.208640625,1.6541547093681192e-06,805.5799098158664,4800.0,1.0,,217,,,,,,,,
4.20350714199958,0.0006007725423842203,0.002473958337213844,0.0,0.0,0.009644999999999999,4.0,0.45499999999999996,-0.004516133811557665,0.2926699437201023,-0.0016950574819929898,1.3014762132002034e-06,3.1899970963422674e-06,184244.931,1.0,182916.37640625,1.6541547093681192e-06,672.88018595923,4800.0,1.0,,218,,,,,,,,
4.197721956999885,0.0011605477033299395,0.010270182369276881,0.0,0.0,0.0095975,4.0,0.4525,-0.0033443427557358517,0.2895781837403774,-0.0005691508413292468,1.081549628167977e-06,7.854260199735564e-06,184095.92299999998,1.0,183017.85573437499,1.6541547093681192e-06,591.6569198011107,4800.0,1.0,,219,,,,,,,,
4.164384871000948,0.001941543971770443,0.015999349020421504,0.0,0.0,0.00955,4.0,0.44999999999999996,-0.0021870420983759685,0.287087444961071,0.0005537552002351731,8.469080654549543e-07,1.606395461806187e-06,184452.91,1.0,183075.293515625,1.6541547093681192e-06,592.971009250292,4800.0,1.0,,220,184724.49599999998,184342.958,182525.62599999996,70000042,182981.61666666667,best_of_k,184342.958,624.8962676579898
4.232941574999131,0.0008347368944669143,0.006559244799427688,0.0,0.0,0.0095025,4.0,0.4475,-0.004102550249081105,0.2901406347751617,-0.0013470526784658432,1.4815199804729673e-06,2.8309638707924024e-06,184149.152,1.0,182927.774734375,1.6541547093681192e-06,710.6662050743372,4800.0,1.0,,221,,,,,,,,
4.1413154040019435,0.002075338322902098,0.01529947923263535,0.0,0.0,0.009455,4.0,0.44499999999999995,-0.004694089421536774,0.2913655400276184,-0.0019398083444684745,9.036234459358639e-07,9.789468137455516e-07,184292.60799999998,1.0,182980.87587499997,1.6541547093681192e-06,598.2500581122376,4800.0,1.0,,222,,,,,,,,
4.103981284999463,0.0011271263312664815,0.008235677098855376,0.0,0.0,0.009407500000000001,4.0,0.4425,-0.007285954471444711,0.2962344497442245,-0.00449971177149564,9.380400612712947e-07,9.78199042833694e-07,184549.99499999997,1.0,183102.06,1.6541547093681192e-06,563.3039519863185,4800.0,1.0,,223,,,,,,,,
4.184782987002109,0.0019829935394227506,0.019694010447710752,0.0,0.0,0.00936,4.0,0.43999999999999995,-0.004829043801873922,0.29812177643179893,-0.0020392943639308213,1.1700534670922024e-06,1.1068128912938846e-06,184271.625,1.0,183032.0890625,1.6541547093681192e-06,674.907999992242,4800.0,1.0,,224,,,,,,,,
4.2369594929987215,0.0012199161312310026,0.01092122399713844,0.0,0.0,0.009312500000000001,4.0,0.4375,-0.008427694824058562,0.2940576486289501,-0.005690390069503337,1.6606696902954353e-06,1.8820507591499337e-06,184562.10599999997,1.0,182950.908234375,1.6541547093681192e-06,819.646284892232,4800.0,1.0,,225,,,,,,,,
4.216448964001756,0.001581233020988293,0.012646484444849193,0.0,0.0,0.009265000000000002,4.0,0.43500000000000005,9.644848760217428e-05,0.28919084221124647,0.0027749223401769994,1.3322756458933326e-06,1.4926724290376114e-06,184713.715,1.0,183032.36926562496,1.6541547093681192e-06,724.1159266164059,4800.0,1.0,,226,,,,,,,,
4.206888249002077,0.0017085847910493612,0.01652018236927688,0.0,0.0,0.0092175,4.0,0.4325,-0.003352310828631744,0.29501031041145326,-0.0006338592269457876,1.6105831178947484e-06,1.2893672845848413e-06,184713.95899999997,1.0,183061.26176562498,1.6541547093681192e-06,782.4544028037785,4800.0,1.0,,227,,,,,,,,
4.209175329997379,0.0024590249689936173,0.028336588642559946,0.0,0.0,0.009170000000000001,4.0,0.43000000000000005,-0.005884749518008903,0.29609965458512305,-0.0031703872373327613,1.5445543823489061e-06,1.434616132200972e-06,184369.65600000002,1.0,182908.88457812497,1.6541547093681192e-06,749.4206630734376,4800.0,1.0,,228,,,,,,,,
4.246768346001772,0.0025431704154470934,0.030908203159924597,0.0,0.0,0.0091225,4.0,0.4275,-0.005444407713366672,0.29175519943237305,-0.0027838922338560223,1.380764821590219e-06,1.7673034363951957e-06,184190.161,1.0,183008.527921875,1.6541547093681192e-06,704.5647105409147,4800.0,1.0,,229,,,,,,,,
4.160838523002894,0.0016172550283954478,0.015380859444849192,0.0,0.0,0.009075000000000001,4.0,0.42500000000000004,-0.008749406423885376,0.289386248588562,-0.006123817770276219,9.098453062961198e-07,1.0000340836313625e-06,184603.232,1.0,183148.15078124998,1.6541547093681192e-06,614.1139514133947,4800.0,1.0,,230,,,,,,,,
4.292855797000811,0.0010515602698433213,0.009098307322710752,0.0,0.0,0.0090275,4.0,0.4225,-0.007018631568644196,0.28652980402112005,-0.0044326964300125836,1.5412114038326763e-06,1.1164663234808358e-06,184251.38499999998,1.0,183111.79104687498,1.6541547093681192e-06,677.482634125971,4800.0,1.0,,231,,,,,,,,
4.153056106002623,0.0013778764252492693,0.013476562569849193,0.0,0.0,0.008980000000000002,4.0,0.42000000000000004,-0.005636678065638989,0.2881025031208992,-0.003050365124363452,1.747816196484564e-06,1.3450597606379234e-06,184522.73599999998,1.0,182970.67315624998,1.6541547093681192e-06,805.7083786672257,4800.0,1.0,,232,,,,,,,,
4.1836758510035,0.0013481190962920664,0.007893880223855376,0.0,0.0,0.008932500000000001,4.0,0.4175,-0.001632630074163899,0.28733141124248507,0.0009331088047474622,1.5551324025864233e-06,1.3869581863446e-06,184344.599,1.0,183057.763453125,1.6541547093681192e-06,648.1017913532386,4800.0,1.0,,233,,,,,,,,
4.192804099999194,0.0010943687928374856,0.013395182299427688,0.0,0.0,0.008885,4.0,0.41500000000000004,-0.0058270373323466625,0.28501766696572306,-0.0032953582238405945,1.2200681013041502e-06,1.161154006013021e-06,184808.314,1.0,183082.347390625,1.6541547093681192e-06,652.9178556718667,4800.0,1.0,,234,,,,,,,,
4.197597439000674,0.0015628397988621146,0.01318359375,0.0,0.0,0.0088375,4.0,0.4125,-0.006382645014673472,0.28640101104974747,-0.003852367785293609,1.6205674413072302e-06,1.2592237197850408e-06,184709.72699999996,1.0,183056.79868749998,1.6541547093681192e-06,552.2392713501132,4800.0,1.0,,235,,,,,,,,
4.208199238000816,0.0010059029133117291,0.008593750034924597,0.0,0.0,0.008790000000000001,4.0,0.41000000000000003,-0.006893357320223004,0.28566577807068827,-0.004383852169848978,1.0461709962328314e-06,2.7844788661468556e-06,184580.13700000002,1.0,183139.91614062496,1.6541547093681192e-06,621.4795411608469,4800.0,1.0,,236,,,,,,,,
4.155228881998482,0.0017789283680031075,0.01609700524713844,0.0,0.0,0.0087425,4.0,0.4075,-0.005447163601638749,0.2912392854690552,-0.002901743375696242,1.1075438337115884e-06,1.2571898849955688e-06,184859.24699999997,1.0,183062.55943749996,1.6541547093681192e-06,682.1495492243318,4800.0,1.0,,237,,,,,,,,
4.194452560001082,0.0016134966223035007,0.01715494799427688,0.0,0.0,0.008695000000000001,4.0,0.405,-0.005335747884237208,0.2943477027118206,-0.0027772707282565532,1.7002677083155505e-06,1.4119303727966326e-06,184566.843,1.0,183100.59239062498,1.6541547093681192e-06,826.677170017951,4800.0,1.0,,238,,,,,,,,
4.213378828000714,0.0017137318427558057,0.015152994799427688,0.0,0.0,0.0086475,4.0,0.40249999999999997,-0.008370619860943406,0.2936594165861607,-0.0058320295996963974,1.3484644355798992e-06,1.3898043050630803e-06,184950.52999999997,1.0,183052.99062499998,1.6541547093681192e-06,767.0554892872077,4800.0,1.0,,239,,,,,,,,
4.212339185000019,0.0017855868733022361,0.020068359491415323,0.0,0.0,0.008600000000000002,4.0,0.4,-0.0034191119892057033,0.2918220840394497,-0.0009103591786697507,1.5538853773477967e-06,1.5229593543608644e-06,184715.078,1.0,183153.805515625,1.6541547093681192e-06,718.2630672717705,4800.0,1.0,,240,184950.52999999997,184389.41999999998,182704.14899999998,70000042,182980.66189999998,best_of_k,184389.41999999998,675.0353019142186
4.118938777999574,0.0008629188800114207,0.0073404947994276885,0.0,0.0,0.0085525,4.0,0.39749999999999996,-0.001966962532605976,0.2930061608552933,0.000538250629324466,1.3838785491770977e-06,1.1664090550311813e-06,184447.50699999998,1.0,183298.72482812498,1.6541547093681192e-06,700.9277822513517,4800.0,1.0,,241,,,,,,,,
4.222881320001761,0.0014244581281673164,0.00812174481106922,0.0,0.0,0.008505,4.0,0.395,-0.004173354990780353,0.2910424262285233,-0.0016987468115985394,1.064696505181928e-06,1.2026305483914258e-06,184270.421,1.0,183176.48301562498,1.6541547093681192e-06,725.9896007188095,4800.0,1.0,,242,,,,,,,,
4.114932391999901,0.0015319644891860662,0.015673828159924595,0.0,0.0,0.0084575,4.0,0.39249999999999996,-0.004004448046907782,0.28708667010068895,-0.0015774682979099452,1.5936048157527693e-06,1.7921463154380034e-06,184618.15699999998,1.0,182981.089125,1.6541547093681192e-06,869.8204405092476,4800.0,1.0,,243,,,,,,,,
4.173072156998387,0.0011869884805491893,0.008626302145421505,0.0,0.0,0.00841,4.0,0.39,-0.0021802551229484378,0.28773007839918135,0.00023885408081696368,9.258491374453115e-07,1.2165118505436113e-06,184415.64399999997,1.0,183111.456765625,1.6541547093681192e-06,623.1086931015411,4800.0,1.0,,244,,,,,,,,
4.323242747999757,0.0009757747742696665,0.007666015636641532,0.0,0.0,0.0083625,4.0,0.38749999999999996,-0.00754279171815142,0.28573177754879,-0.005154035182204098,1.099321461595082e-06,1.1307808108540484e-06,184382.455,1.0,183106.69093749998,1.6541547093681192e-06,711.1315015520626,4800.0,1.0,,245,,,,,,,,
4.12049001700143,0.0017126848390034866,0.01822916668606922,0.0,0.0,0.008315000000000001,4.0,0.385,-0.005029129376634955,0.2840964630246162,-0.002667678892612457,1.1889668257936138e-06,1.3849025847889607e-06,184405.852,1.0,182963.34987499999,1.6541547093681192e-06,623.919054379866,4800.0,1.0,,246,,,,,,,,
4.182377639997867,0.0017397500574588775,0.014729817782063037,0.0,0.0,0.0082675,4.0,0.38249999999999995,-0.005501361284404993,0.29250571355223653,-0.0030839938670396807,1.3505598829510746e-06,1.5768824042083907e-06,184581.38199999998,1.0,183055.00471875002,1.6541547093681192e-06,743.4522464370483,4800.0,1.0,,247,,,,,,,,
4.120512702000269,0.0018154374483856373,0.017399088549427687,0.0,0.0,0.008220000000000002,4.0,0.38,-0.0030168362194672228,0.2935403622686863,-0.0006046117225196213,1.1201480802469633e-06,1.1318505869439833e-06,184354.37899999996,1.0,182991.36460937498,1.6541547093681192e-06,668.1040408094567,4800.0,1.0,,248,,,,,,,,
4.0991547370031185,0.0014844031975371763,0.01419270837213844,0.0,0.0,0.0081725,4.0,0.37749999999999995,-0.0032088772975839676,0.29531335458159447,-0.0007960208225995302,1.0209058515897596e-06,9.792313448997447e-07,184189.355,1.0,183079.27646874997,1.6541547093681192e-06,588.702103327553,4800.0,1.0,,249,,,,,,,,
4.174871986997459,0.0014163775253109635,0.011149088549427689,0.0,0.0,0.008125,4.0,0.375,-0.001769996725488454,0.2889867708086967,0.0005769937532022595,1.4157035352013737e-06,1.7716673141876527e-06,184255.40699999998,1.0,182904.209390625,1.6541547093681192e-06,782.502788461615,4800.0,1.0,,250,,,,,,,,
4.1371665699989535,0.0011799026848166249,0.006852213607635349,0.0,0.0,0.008077500000000001,4.0,0.37250000000000005,0.0006110064627137035,0.2920706242322922,0.00296906097792089,1.231047144756303e-06,2.0448543011752916e-06,184681.046,1.0,183249.17545312498,1.6541547093681192e-06,655.418371989693,4800.0,1.0,,251,,,,,,,,
4.261976929999946,0.0011359958720277064,0.010546875069849193,0.0,0.0,0.00803,4.0,0.37,0.0008385840861592442,0.29001564979553224,0.0031665803166106344,1.352462830084278e-06,1.3884617303006052e-06,184368.954,1.0,183129.593890625,1.6541547093681192e-06,697.291112330784,4800.0,1.0,,252,,,,,,,,
4.167627429000277,0.0011864166852319613,0.011523437511641532,0.0,0.0,0.007982500000000002,4.0,0.36750000000000005,-0.005803238984663039,0.28700514510273933,-0.0035130567499436437,1.137261811834378e-06,1.4448463474536766e-06,184489.023,1.0,183121.89067187498,1.6541547093681192e-06,628.9646409933079,4800.0,1.0,,253,,,,,,,,
4.171405042998231,0.0013859713577403453,0.017024739645421505,0.0,0.0,0.007935000000000001,4.0,0.365,0.0003505209635477513,0.2858050249516964,0.0026176531915552913,1.0604188560137118e-06,1.2480663755809474e-06,184373.76499999998,1.0,183094.9836875,1.6541547093681192e-06,590.5212767768676,4800.0,1.0,,254,,,,,,,,
4.169386890000169,0.0014670459655462763,0.011555989587213844,0.0,0.0,0.007887500000000002,4.0,0.36250000000000004,-0.004578933925949968,0.28227357044816015,-0.0023534472566097975,1.3899097353942124e-06,1.6140651212026568e-06,184606.34399999998,1.0,183141.711625,1.6541547093681192e-06,724.4612599302367,4800.0,1.0,,255,,,,,,,,
4.150826608998614,0.0014939437933207955,0.013378906284924597,0.0,0.0,0.00784,4.0,0.36,-0.0029344064882025124,0.2830713476985693,-0.000716349296271801,3.2719709963657806e-06,1.7896304214559677e-06,184307.10899999997,1.0,183048.56176562497,1.6541547093681192e-06,481.10639398651665,4800.0,1.0,,256,,,,,,,,
4.194092686997465,0.0003821306410827674,0.001155598962213844,0.0,0.0,0.007792500000000001,4.0,0.35750000000000004,-0.004168220516294241,0.28123175278306006,-0.0019772917148657143,1.0557251002296653e-06,9.273636322859602e-07,184317.01,1.0,183177.01493749997,1.6541547093681192e-06,529.1734642199638,4800.0,1.0,,257,,,,,,,,
4.162851280001632,0.0013756727967120241,0.010498046875,0.0,0.0,0.007745,4.0,0.355,-0.002975477697327733,0.282647617906332,-0.0007873375667259097,1.2779237110294162e-06,1.6753550085013558e-06,184225.27,1.0,182986.189484375,1.6541547093681192e-06,717.793751709642,4800.0,1.0,,258,,,,,,,,
4.302271387998189,0.001316780800698325,0.013362630235496909,0.0,0.0,0.007697500000000001,4.0,0.35250000000000004,-0.003139843657845631,0.28305263333022596,-0.0009616050869226455,1.1501682678272117e-06,8.877936025442068e-07,184922.921,1.0,183134.8390625,1.6541547093681192e-06,692.9319698972287,4800.0,1.0,,259,,,,,,,,
4.197635937001905,0.0015161085757426918,0.013557942747138441,0.0,0.0,0.0076500000000000005,4.0,0.35,-0.002351420739432797,0.2842412494122982,-0.00017744379583746196,7.271380496831625e-07,7.920026305896499e-07,184369.368,1.0,183262.94817187497,1.6541547093681192e-06,538.8077145067749,4800.0,1.0,,260,184950.52999999997,184466.703,182934.93799999997,70000042,183051.80413333327,best_of_k,184466.703,654.7267777957901
4.196764522999729,0.0011316381598589942,0.007958984386641532,0.0,0.0,0.007602500000000002,4.0,0.34750000000000003,-0.005638838556478731,0.28526953905820845,-0.003470904566347599,1.1177285117014435e-06,1.4310892893831805e-06,184678.28099999996,1.0,183174.44820312498,1.6541547093681192e-06,658.0587250843187,4800.0,1.0,,261,,,,,,,,
4.1527206860009755,0.0012806322076357902,0.008837890694849193,0.0,0.0,0.007555000000000001,4.0,0.345,-0.002076971367932856,0.28459782898426056,7.213894277811051e-05,1.4054975650878986e-06,1.7712067830188971e-06,184680.17799999999,1.0,183171.54540625,1.6541547093681192e-06,877.5286865953749,4800.0,1.0,,262,,,,,,,,
4.13931887400031,0.0015841819506022148,0.015087890671566129,0.0,0.0,0.007507500000000002,4.0,0.3425,-0.006748726742807775,0.2852630905807018,-0.0046077613485977055,1.0209876734279534e-06,1.0883700028330167e-06,184478.52999999997,1.0,183249.804125,1.6541547093681192e-06,668.1969740764218,4800.0,1.0,,263,,,,,,,,
4.141648222001095,0.0010333167156204581,0.00833333337213844,0.0,0.0,0.00746,4.0,0.33999999999999997,-0.0037045911652967335,0.2891525514423847,-0.0015481367707252502,1.0087784175993876e-06,1.045795404763794e-06,184651.627,1.0,183116.690140625,1.6541547093681192e-06,616.9596601563092,4800.0,1.0,,264,,,,,,,,
4.1925500569996075,0.0011278194666374474,0.008463541674427689,0.0,0.0,0.007412500000000001,4.0,0.3375,-0.0033602571988012643,0.2893907506018877,-0.0012160067446529866,1.2825127726046049e-06,1.4600042192114416e-06,184407.62499999997,1.0,183277.00856249998,1.6541547093681192e-06,616.2214340800049,4800.0,1.0,,265,,,,,,,,
4.2244138440000825,0.0005450917968119029,0.002294921875,0.0,0.0,0.007365,4.0,0.33499999999999996,-0.003722836822271347,0.29264473989605905,-0.0015682293917052448,1.1614832416739772e-06,1.2099692071387834e-06,184472.365,1.0,183205.49789062497,1.6541547093681192e-06,647.194848064469,4800.0,1.0,,266,,,,,,,,
4.190090140000393,0.0011616307368967683,0.007047526107635349,0.0,0.0,0.007317500000000001,4.0,0.3325,-0.005953253793995828,0.28966985940933226,-0.003834669932257384,9.452163482137621e-07,1.9620928156882656e-06,184434.40199999997,1.0,183095.620546875,1.6541547093681192e-06,710.4527342529559,4800.0,1.0,,267,,,,,,,,
4.241251559000375,0.0008706278575118631,0.0038248698692768812,0.0,0.0,0.00727,4.0,0.32999999999999996,-0.003695665317354724,0.28762791231274604,-0.0016054131323471666,1.12009490607079e-06,1.3814453510008207e-06,184552.547,1.0,183197.18420312498,1.6541547093681192e-06,738.16707307901,4800.0,1.0,,268,,,,,,,,
4.142297337002674,0.0011563557589397532,0.01027018231106922,0.0,0.0,0.0072225000000000015,4.0,0.3275,0.00019107682746835052,0.2840908907353878,0.0022419249173253773,1.2310710275187376e-06,1.7507320535514737e-06,184531.99799999996,1.0,183129.133296875,1.6541547093681192e-06,785.9911670718406,4800.0,1.0,,269,,,,,,,,
4.178662474001612,0.0019526164629496633,0.020410156296566128,0.0,0.0,0.007174999999999999,4.0,0.32499999999999996,-0.002667224872857332,0.28495126962661743,-0.0006234821514226497,1.4405148078822094e-06,1.2757189438161731e-06,184766.64699999997,1.0,183090.809078125,1.6541547093681192e-06,783.7806000490143,4800.0,1.0,,270,,,,,,,,
4.197584678000567,0.001112762682896573,0.010091145837213844,0.0,0.0,0.0071275,4.0,0.3225,-0.002050712122581899,0.2878798544406891,4.3995678424835203e-07,1.0057765436499721e-06,1.2225690667833079e-06,184480.25,1.0,183143.19429687498,1.6541547093681192e-06,631.134665473613,4800.0,1.0,,271,,,,,,,,
4.157680587999494,0.0007050141590298154,0.002897135424427688,0.0,0.0,0.0070799999999999995,4.0,0.31999999999999995,-0.000958047341555357,0.292649519443512,0.001112466852646321,1.9400199420260833e-06,2.5004514668580668e-06,184595.076,1.0,182988.823640625,1.6541547093681192e-06,1008.5135658325547,4800.0,1.0,,272,,,,,,,,
4.217484298998897,0.0008619677537353709,0.005794270837213844,0.0,0.0,0.0070325000000000006,4.0,0.3175,-0.0006114438030635938,0.29273322969675064,0.001446189358830452,1.2888668607047294e-06,1.7690096598244054e-06,184507.673,1.0,183036.56539062498,1.6541547093681192e-06,726.8862712507333,4800.0,1.0,,273,,,,,,,,
4.104876335000881,0.0007111738319508732,0.004703776049427688,0.0,0.0,0.006985,4.0,0.31499999999999995,-0.002035428790259175,0.2937838017940521,1.5929978690110148e-05,1.0760589148617328e-06,1.2267982015146117e-06,184706.57199999996,1.0,183113.920546875,1.6541547093681192e-06,686.1174234922296,4800.0,1.0,,274,,,,,,,,
4.323557980998885,0.0014238817879231648,0.011816406261641533,0.0,0.0,0.006937500000000001,4.0,0.3125,-0.0030913381138816475,0.2920915149152279,-0.0010655363905243576,9.650317323917078e-07,9.738111245383153e-07,184887.594,1.0,183127.07465624996,1.6541547093681192e-06,684.0049741462806,4800.0,1.0,,275,,,,,,,,
4.212079755998275,0.0008958051010267809,0.005989583348855377,0.0,0.0,0.006890000000000002,4.0,0.31000000000000005,-0.003815970750292763,0.2926135241985321,-0.0018011305015534162,1.40301742135307e-06,2.2538582726383536e-06,184792.22999999998,1.0,183166.816140625,1.6541547093681192e-06,795.393676528951,4800.0,1.0,,276,,,,,,,,
4.149572250000347,0.0015322591963922605,0.015348307299427688,0.0,0.0,0.006842500000000001,4.0,0.3075,-0.004047530965181068,0.28972987458109856,-0.0020659108646214007,1.192462360677382e-06,1.4754102863889784e-06,184410.43099999998,1.0,183243.80439062498,1.6541547093681192e-06,738.7107898218597,4800.0,1.0,,277,,,,,,,,
4.201467370003229,0.0010575418244116008,0.007910156261641533,0.0,0.0,0.006795000000000002,4.0,0.30500000000000005,-0.004015189205529168,0.287222808599472,-0.002064442844130099,1.408196087027136e-06,1.5841504620084378e-06,184663.805,1.0,183073.7585625,1.6541547093681192e-06,844.9362075315711,4800.0,1.0,,278,,,,,,,,
4.097163444999751,0.0009732980353874155,0.008398437523283064,0.0,0.0,0.0067475,4.0,0.3025,-0.0035360104811843485,0.2865971401333809,-0.0016029342426918448,1.4272153222805174e-06,1.1902831275278914e-06,184559.05399999995,1.0,183171.458078125,1.6541547093681192e-06,774.5983215104571,4800.0,1.0,,279,,,,,,,,
4.154157581997424,0.001578009597142227,0.012646484409924597,0.0,0.0,0.006700000000000001,4.0,0.30000000000000004,-0.006509157459367998,0.28825628459453584,-0.004578605596907437,1.7963785268193533e-06,1.1722626680921166e-06,184560.26499999996,1.0,183200.91084374997,1.6541547093681192e-06,723.1367346134546,4800.0,1.0,,280,184950.52999999997,184520.361,182785.30999999997,70000042,183051.04249999998,best_of_k,184520.361,740.376565011696
4.092079052999907,0.0005250585505564232,0.002718098962213844,0.0,0.0,0.0066525,4.0,0.2975,-0.0058315453847171735,0.287911432236433,-0.00391681520268321,1.0752452894280396e-06,9.8557226522189e-07,184768.69999999998,1.0,183194.32839062499,1.6541547093681192e-06,709.6930122119857,4800.0,1.0,,281,,,,,,,,
4.166819145997579,0.0007700811256654561,0.004508463572710753,0.0,0.0,0.0066050000000000015,4.0,0.29500000000000004,-0.003985339752398431,0.28772631511092184,-0.0020854687551036476,1.0046243104966378e-06,9.220558666811485e-07,184346.31100000002,1.0,183184.799375,1.6541547093681192e-06,710.0083451403384,4800.0,1.0,,282,,,,,,,,
4.141287777001708,0.0008891919289453654,0.004964192723855376,0.0,0.0,0.006557500000000001,4.0,0.2925,0.00045732598518952725,0.2920767530798912,0.002371881669387221,9.336740802723398e-07,1.289398558412813e-06,184604.29799999995,1.0,183198.786,1.6541547093681192e-06,664.8329086544985,4800.0,1.0,,283,,,,,,,,
4.126264615999389,0.000959792293724604,0.00504557293606922,0.0,0.0,0.006510000000000002,4.0,0.29000000000000004,-0.005703712956164964,0.29451464861631393,-0.003787396918050945,1.3421241106925664e-06,1.6791551928463378e-06,184751.87099999998,1.0,183098.58309375,1.6541547093681192e-06,904.2086087951038,4800.0,1.0,,284,,,,,,,,
4.157435441000416,0.0011164081399329007,0.008984375011641533,0.0,0.0,0.0064624999999999995,4.0,0.2875,-0.003554097446613014,0.2905231364071369,-0.001677637256216258,1.3280920001079722e-06,1.824932223826181e-06,184777.20199999996,1.0,183193.12879687498,1.6541547093681192e-06,807.4021445703949,4800.0,1.0,,285,,,,,,,,
4.092128896001668,0.0007132139891837142,0.005094401049427688,0.0,0.0,0.0064150000000000006,4.0,0.28500000000000003,-0.0043401816627010705,0.28735666200518606,-0.0024980454356409608,1.2397805846831033e-06,2.2652334664030606e-06,184475.085,1.0,183220.121234375,1.6541547093681192e-06,678.7511304186202,4800.0,1.0,,286,,,,,,,,
4.3229678139978205,0.0005630871070025023,0.0037923177122138442,0.0,0.0,0.0063675,4.0,0.2825,-0.0032980711082927884,0.28620521649718283,-0.0014763945480808615,9.735064566029905e-07,1.2747911057431339e-06,184461.90099999995,1.0,183378.107,1.6541547093681192e-06,650.4526258759606,4800.0,1.0,,287,,,,,,,,
4.072671450001508,0.0008801972842775285,0.004313151072710753,0.0,0.0,0.006320000000000001,4.0,0.28,-0.004557515593478456,0.2861224040389061,-0.002749742765445262,8.144082755734417e-07,8.788581354224334e-07,184424.41299999997,1.0,183353.132625,1.6541547093681192e-06,556.9118589457308,4800.0,1.0,,288,,,,,,,,
4.1575564880004094,0.0010843437757102948,0.0036783854477107523,0.0,0.0,0.0062725,4.0,0.27749999999999997,-0.0028809969138819725,0.28687653988599776,-0.0010822990967426448,1.1777298880133458e-06,1.2333819270793355e-06,184613.55099999995,1.0,183302.637328125,1.6541547093681192e-06,723.4047519006265,4800.0,1.0,,289,,,,,,,,
4.292825975997403,0.0014394401485333219,0.016389974020421506,0.0,0.0,0.006225000000000001,4.0,0.275,-0.0019057577475905419,0.2903224118053913,-9.924743790179491e-05,1.3648025671386677e-06,1.2178636183080017e-06,184827.23799999998,1.0,183260.35678124998,1.6541547093681192e-06,767.381378236554,4800.0,1.0,,290,,,,,,,,
4.200349008002377,0.00029300758978934027,0.0005696614622138441,0.0,0.0,0.006177500000000001,4.0,0.27249999999999996,-0.001917513253283687,0.2914693638682365,-0.00011802840745076538,1.7352809010162673e-06,1.7867673534510686e-06,184600.75600000002,1.0,183159.45409374998,1.6541547093681192e-06,856.8457198543813,4800.0,1.0,,291,,,,,,,,
4.245451006001531,0.000810318761432427,0.003743489587213844,0.0,0.0,0.006130000000000002,4.0,0.27,-0.004291897239454556,0.2868317849934101,-0.0025343329412862658,1.131669466758467e-06,1.2022261955735302e-06,184566.975,1.0,183370.492640625,1.6541547093681192e-06,688.6912601709505,4800.0,1.0,,292,,,,,,,,
4.0785595740017015,0.0008372430427698418,0.00607096356106922,0.0,0.0,0.006082499999999999,4.0,0.26749999999999996,-0.003956347471103072,0.2857374805957079,-0.002219217282254249,1.2477051711812237e-06,1.4871835830376766e-06,184491.764,1.0,183128.86114062497,1.6541547093681192e-06,776.9337614057321,4800.0,1.0,,293,,,,,,,,
4.1499569109982986,0.0010205309896264224,0.00792643241584301,0.0,0.0,0.006035,4.0,0.265,-0.004443125872057863,0.2835977740585804,-0.0027326877694576978,1.3822156773812822e-06,1.872445719186544e-06,184785.683,1.0,183369.37806249998,1.6541547093681192e-06,792.1570837601023,4800.0,1.0,,294,,,,,,,,
4.1805096230018535,0.0004563931259326637,0.002132161462213844,0.0,0.0,0.0059875,4.0,0.26249999999999996,-0.0021312942000804467,0.2828233167529106,-0.00043855607509613037,1.2188034901328137e-06,1.0892540487361657e-06,184605.39299999998,1.0,183239.30496875,1.6541547093681192e-06,753.0560589569296,4800.0,1.0,,295,,,,,,,,
4.320222492999164,0.0015142590942559763,0.014420572994276881,0.0,0.0,0.005940000000000001,4.0,0.26,-0.0055168698687339205,0.2841970957815647,-0.0038293365971185265,9.885254684149913e-07,9.967220918838394e-07,184692.34900000002,1.0,183262.19746874998,1.6541547093681192e-06,747.1219535501507,4800.0,1.0,,296,,,,,,,,
4.157979354997224,0.0007469389540347038,0.0038411458488553764,0.0,0.0,0.0058925,4.0,0.25749999999999995,-0.003008315130136907,0.2841470420360565,-0.00133474578615278,1.321941799403703e-06,1.2684112491001543e-06,184620.10199999998,1.0,183280.42896875,1.6541547093681192e-06,665.4754774690432,4800.0,1.0,,297,,,,,,,,
4.201156423998327,0.0009075569119886495,0.005712890636641532,0.0,0.0,0.005845000000000001,4.0,0.255,-0.0009557589830365032,0.2857341095805168,0.0007135238498449326,1.4745766861778974e-06,1.371166317198913e-06,184756.82899999997,1.0,183086.54765625,1.6541547093681192e-06,781.4848517923472,4800.0,1.0,,298,,,,,,,,
4.185884874001204,0.0008401419996516779,0.006494140625,0.0,0.0,0.005797500000000001,4.0,0.25249999999999995,2.3164006415754555e-05,0.287040726095438,0.0016863997792825104,1.43710609847858e-06,1.4786424429757971e-06,184505.748,1.0,183207.84340625,1.6541547093681192e-06,907.5701358984555,4800.0,1.0,,299,,,,,,,,
4.153561096001795,0.0008566976270230952,0.0041015625,0.0,0.0,0.005750000000000002,4.0,0.25,-0.00598285106534604,0.2838206276297569,-0.004351410933304578,8.655784824895818e-07,8.83632249326638e-07,184722.991,1.0,183201.54106249998,1.6541547093681192e-06,654.271990636055,4800.0,1.0,,300,184950.52999999997,184343.37699999998,182849.82800000004,70000042,183153.04726666672,best_of_k,184343.37699999998,552.5822456563303
4.135386624999228,0.001205527040292509,0.009977213561069221,0.0,0.0,0.005702500000000001,4.0,0.24750000000000005,-0.007494899156154133,0.28205462992191316,-0.005887117516249418,9.890537910450803e-07,1.0711381847272606e-06,184413.19300000003,1.0,183234.50126562497,1.6541547093681192e-06,686.1356799268614,4800.0,1.0,,301,,,,,,,,
4.135386944999482,0.0009734605613630265,0.006282552098855376,0.0,0.0,0.005655,4.0,0.245,-0.0031122996791964398,0.2821700796484947,-0.001517469622194767,1.0097809493458953e-06,1.4817531138078266e-06,184598.38999999998,1.0,183352.30914062497,1.6541547093681192e-06,658.4405436669502,4800.0,1.0,,302,,,,,,,,
4.115419887999451,0.0006450552798924036,0.003369140636641532,0.0,0.0,0.005607500000000001,4.0,0.24250000000000005,-0.0025026280607562514,0.2850504249334335,-0.0009047616389580071,9.414708500798952e-07,9.192916053279987e-07,184495.16799999998,1.0,183263.04223437497,1.6541547093681192e-06,665.5538493593546,4800.0,1.0,,303,,,,,,,,
4.1312666080011695,0.0013853684777132003,0.013769531331490725,0.0,0.0,0.005560000000000001,4.0,0.24,-0.003485006745904684,0.28536226898431777,-0.001899216719903052,1.4234589684747334e-06,1.3631670640279482e-06,184686.46,1.0,183191.069203125,1.6541547093681192e-06,838.0937924978556,4800.0,1.0,,304,,,,,,,,
4.274383315998421,0.0009582283873896813,0.007470703125,0.0,0.0,0.005512500000000002,4.0,0.23750000000000004,-6.064810731913895e-05,0.2843135543167591,0.0015060705132782458,8.935098477991232e-07,9.422264412251024e-07,184880.88599999997,1.0,183188.71803125,1.6541547093681192e-06,664.758338770161,4800.0,1.0,,305,,,,,,,,
4.1857092149984965,0.0008635386358946562,0.006184895872138441,0.0,0.0,0.005465000000000001,4.0,0.235,0.0006911380594829097,0.28360648453235626,0.0022405068622902034,7.964070135813017e-07,9.207464316318692e-07,184708.718,1.0,183214.18295312498,1.6541547093681192e-06,671.2293391722908,4800.0,1.0,,306,,,,,,,,
4.241883042999689,0.00045790349577146117,0.000537109375,0.0,0.0,0.005417500000000002,4.0,0.23250000000000004,-0.004446412093238905,0.2851922646164894,-0.0029019701993092894,9.76435968880196e-07,9.77360062393018e-07,184686.39700000003,1.0,183373.33571874996,1.6541547093681192e-06,645.7500239802883,4800.0,1.0,,307,,,,,,,,
4.435457235998911,0.0009045457700267434,0.012825520837213843,0.0,0.0,0.00537,4.0,0.22999999999999998,0.001819310721475631,0.28569824770092966,0.0033529428765177727,8.394994665650302e-07,9.673507562979467e-07,184573.811,1.0,183257.917890625,1.6541547093681192e-06,642.2442388320604,4800.0,1.0,,308,,,,,,,,
4.1426087229992845,0.0008902038254746004,0.010432942712213844,0.0,0.0,0.005322500000000001,4.0,0.22750000000000004,-0.001691517885774374,0.2849730759859085,-0.000175226922146976,6.461105215294083e-07,8.273509635614573e-07,184787.857,1.0,183372.33389062498,1.6541547093681192e-06,544.9391267248982,4800.0,1.0,,309,,,,,,,,
4.294777392002288,0.0006969722191570327,0.007731119799427688,0.0,0.0,0.005275,4.0,0.22499999999999998,-0.0014873633219394833,0.2840312659740448,1.0438845492899418e-05,6.375608137432209e-07,7.98440692051372e-07,184991.39700000003,1.0,183443.758296875,1.6541547093681192e-06,581.2451956912658,4800.0,1.0,,310,,,,,,,,
4.139877120000165,0.000737873685102386,0.0034179687616415324,0.0,0.0,0.005227500000000001,4.0,0.22250000000000003,0.0018106012081261723,0.28525742813944815,0.003301332367118448,7.39939912364207e-07,7.554243211416178e-07,184736.508,1.0,183512.71625,1.6541547093681192e-06,562.3829946006529,4800.0,1.0,,311,,,,,,,,
4.146627449001244,0.0008051217126194387,0.004459635436069221,0.0,0.0,0.005180000000000001,4.0,0.21999999999999997,-0.0019525281561072916,0.28488142900168895,-0.0004778078175149858,9.480860470034713e-07,1.7409696283721133e-06,184698.42200000002,1.0,183311.816234375,1.6541547093681192e-06,715.2448922248751,4800.0,1.0,,312,,,,,,,,
4.2157988239996484,0.00044764256454072894,0.001285807299427688,0.0,0.0,0.005132500000000002,4.0,0.21750000000000003,-0.0027345203299773855,0.2862746223807335,-0.0012667085393331945,1.039063072028057e-06,2.7772061770292567e-06,184648.025,1.0,183222.08339062496,1.6541547093681192e-06,663.0022965852628,4800.0,1.0,,313,,,,,,,,
4.1393628689984325,0.0009301874088123441,0.00823567712213844,0.0,0.0,0.005085000000000001,4.0,0.21499999999999997,0.0003760756138944998,0.28427875488996507,0.0018207715591415762,1.3789698925847914e-06,1.447002017584964e-06,184826.37900000002,1.0,183274.42070312498,1.6541547093681192e-06,787.566399196599,4800.0,1.0,,314,,,,,,,,
4.165164405003452,0.0007356579822953791,0.003564453125,0.0,0.0,0.005037500000000002,4.0,0.21250000000000002,0.0015237976098433138,0.28607928976416586,0.0029639659100212158,1.6454724885761606e-06,1.581930047223068e-06,184552.012,1.0,183217.30617187498,1.6541547093681192e-06,821.1465595131978,4800.0,1.0,,315,,,,,,,,
4.160886382000172,0.0007513382777688093,0.00701497399713844,0.0,0.0,0.00499,4.0,0.20999999999999996,-0.0011380301002645865,0.28541526272892953,0.0002856484614312649,1.1449016426468006e-06,8.571394275236344e-07,184653.88299999997,1.0,183292.57392187498,1.6541547093681192e-06,656.5640574534408,4800.0,1.0,,316,,,,,,,,
4.174691055999574,0.0006112160222983221,0.003385416674427688,0.0,0.0,0.004942500000000001,4.0,0.20750000000000002,-0.0014516025315970183,0.28699848875403405,-3.3578695729374884e-05,6.906798716954655e-07,7.939412228097353e-07,184425.43099999995,1.0,183286.05621875002,1.6541547093681192e-06,577.4670499179865,4800.0,1.0,,317,,,,,,,,
4.14958756499982,0.0006629391646129079,0.00289713543606922,0.0,0.0,0.004895,4.0,0.20499999999999996,0.00013812079560011626,0.28591701164841654,0.001537113660015166,8.944705626845462e-07,9.636697967607689e-07,184904.74399999998,1.0,183334.34528125,1.6541547093681192e-06,675.5105098990467,4800.0,1.0,,318,,,,,,,,
4.065645940998365,0.0005332875793101266,0.002213541674427688,0.0,0.0,0.004847500000000001,4.0,0.2025,-0.0017346150474622847,0.28880228884518144,-0.00033544807229191065,1.3131995558524067e-06,1.341291584822102e-06,184689.35499999995,1.0,183345.58315624998,1.6541547093681192e-06,850.2742975786426,4800.0,1.0,,319,,,,,,,,
4.118307675998949,0.000946111471785116,0.009277343819849192,0.0,0.0,0.0048000000000000004,4.0,0.19999999999999996,-0.005596898312796838,0.28475417010486126,-0.004230786522384733,1.1355730535456133e-06,1.1895216346147207e-06,184780.629,1.0,183330.30440624995,1.6541547093681192e-06,743.2504307501631,4800.0,1.0,,320,184991.39700000003,184554.357,183560.965,70000042,183111.40183333337,best_of_k,184554.357,652.3655749711694
4.06111900399992,0.0007834960644686362,0.007031250023283064,0.0,0.0,0.0047525000000000015,4.0,0.1975,-0.003957334777805954,0.28374010100960734,-0.002609335130546242,6.899587205566605e-07,8.112664730219876e-07,184568.156,1.0,183379.03690625,1.6541547093681192e-06,612.3339397487097,4800.0,1.0,,321,,,,,,,,
4.103526139999303,0.0005530130245460895,0.004720052087213844,0.0,0.0,0.004704999999999999,4.0,0.19499999999999995,-0.000440173436072655,0.2857931338250637,0.0009037400828674436,1.0341499177002333e-06,1.2789336210516921e-06,184793.841,1.0,183314.83626562502,1.6541547093681192e-06,732.167460119886,4800.0,1.0,,322,,,,,,,,
4.101986235000368,0.0006414873237190477,0.003792317723855376,0.0,0.0,0.0046575,4.0,0.1925,-0.0017226721043698489,0.28461453691124916,-0.00039775603218004105,8.485325651008679e-07,1.1815641073553707e-06,184444.981,1.0,183215.79335937498,1.6541547093681192e-06,683.0394602237352,4800.0,1.0,,323,,,,,,,,
4.1305138249990705,0.00038511908278451303,0.0019531250116415324,0.0,0.0,0.0046099999999999995,4.0,0.18999999999999995,-0.0048549171042395756,0.28495444878935816,-0.003541908762417734,8.277228374709012e-07,1.097335737654248e-06,184681.717,1.0,183346.873484375,1.6541547093681192e-06,585.7080339296067,4800.0,1.0,,324,,,,,,,,
4.157500916997378,0.0008065859910857398,0.008089192723855377,0.0,0.0,0.004562500000000001,4.0,0.1875,-0.004761796715320088,0.2803470611572266,-0.003483303589746356,9.180683633758235e-07,9.962646316807877e-07,184604.88999999998,1.0,183310.802296875,1.6541547093681192e-06,672.5714475436946,4800.0,1.0,,325,,,,,,,,
4.041002171998116,0.00082440810801927,0.006624348985496908,0.0,0.0,0.004515000000000002,4.0,0.18500000000000005,-0.002572648218483664,0.28161664605140685,-0.0013016140088438987,7.814055820176691e-07,7.735916994988656e-07,184496.56,1.0,183336.65403125,1.6541547093681192e-06,657.0565110468044,4800.0,1.0,,326,,,,,,,,
4.1227966510014085,0.0007314462380236364,0.0058756510494276885,0.0,0.0,0.004467500000000001,4.0,0.1825,-0.00044333634432405236,0.2795486651360989,0.0008050253847613931,8.028661213188571e-07,8.828797945170663e-07,184591.5,1.0,183288.83865624998,1.6541547093681192e-06,699.0541894843628,4800.0,1.0,,327,,,,,,,,
4.075984488998074,0.0009970149396394846,0.009326171921566128,0.0,0.0,0.004420000000000002,4.0,0.18000000000000005,-0.003451578848762438,0.28330861032009125,-0.0021997922100126742,6.950692281293414e-07,7.353054698455708e-07,184855.41700000002,1.0,183374.995921875,1.6541547093681192e-06,584.9177799559001,4800.0,1.0,,328,,,,,,,,
4.1615273110001,0.001008718420052901,0.009228515648283064,0.0,0.0,0.004372500000000001,4.0,0.1775,-0.002993198833428323,0.281503164768219,-0.0017628269037231804,7.693293497368359e-07,8.483010191184803e-07,184781.36999999997,1.0,183389.4290625,1.6541547093681192e-06,657.1736771707953,4800.0,1.0,,329,,,,,,,,
4.192241065000417,0.0005544301682675723,0.0014322916744276882,0.0,0.0,0.0043250000000000025,4.0,0.17500000000000004,0.002383374879718758,0.2815641976892948,0.003600598902994534,8.38745340558944e-07,9.143586908066936e-07,184583.69900000002,1.0,183277.000921875,1.6541547093681192e-06,669.2145846149431,4800.0,1.0,,330,,,,,,,,
4.146756068999821,0.0003989678931247909,0.0007486979244276881,0.0,0.0,0.0042775,4.0,0.1725,0.0008949764189310372,0.27607295401394366,0.0020754773751832543,7.46158599440605e-07,6.529051987058665e-07,184361.633,1.0,183307.20665625,1.6541547093681192e-06,630.6008452239247,4800.0,1.0,,331,,,,,,,,
4.057528839002771,0.0011179245841049124,0.009407552087213843,0.0,0.0,0.004230000000000001,4.0,0.17000000000000004,-0.004522325906145852,0.2778177734464407,-0.0033477334538474677,8.615153788582574e-07,9.81227783825034e-07,184782.591,1.0,183295.756328125,1.6541547093681192e-06,695.5155415215182,4800.0,1.0,,332,,,,,,,,
4.071363679999195,0.0006070997027563862,0.002164713549427688,0.0,0.0,0.004182500000000002,4.0,0.16749999999999998,-0.0047356848022900525,0.27977645546197893,-0.0035659863584442063,6.797913357559082e-07,7.978962528909505e-07,184437.59299999996,1.0,183278.95534375,1.6541547093681192e-06,615.309588803985,4800.0,1.0,,333,,,,,,,,
4.1812287570028275,0.0005195790150537505,0.001399739587213844,0.0,0.0,0.004135,4.0,0.16500000000000004,-0.0019470268045552075,0.27914698235690594,-0.0007931834028568119,6.473080404134634e-07,7.292580747275679e-07,184903.483,1.0,183403.63660937498,1.6541547093681192e-06,606.1904040971139,4800.0,1.0,,334,,,,,,,,
4.082247629001358,0.0003838448208625778,0.001285807299427688,0.0,0.0,0.004087500000000001,4.0,0.16249999999999998,0.0019558188068913296,0.28232261836528777,0.0031092347810044883,9.578829775591658e-07,9.634664223767686e-07,184706.698,1.0,183359.07282812498,1.6541547093681192e-06,713.9616445052791,4800.0,1.0,,335,,,,,,,,
4.146356049001042,0.000204563918941858,0.0018554687616415323,0.0,0.0,0.004040000000000002,4.0,0.16000000000000003,-0.002114036149578169,0.2819107949733734,-0.0009755304432474077,7.375414838861616e-07,6.806991237340299e-07,184646.57400000002,1.0,183328.04343750002,1.6541547093681192e-06,606.9109088679353,4800.0,1.0,,336,,,,,,,,
4.1641577490008785,0.0009828676462348084,0.007080078136641532,0.0,0.0,0.0039924999999999995,4.0,0.15749999999999997,-0.006487598764942959,0.28081787899136545,-0.005367126641795039,1.092534780866572e-06,1.1687088161238535e-06,184710.346,1.0,183424.98017187498,1.6541547093681192e-06,768.0922936384248,4800.0,1.0,,337,,,,,,,,
4.092147622999619,0.0011358405019564089,0.011604817758779973,0.0,0.0,0.003945000000000001,4.0,0.15500000000000003,-0.003938171546906233,0.2775043349713087,-0.0028440700261853635,1.0776359800956924e-06,1.0901064825930007e-06,184671.48900000003,1.0,183157.00951562496,1.6541547093681192e-06,710.8938236306154,4800.0,1.0,,338,,,,,,,,
4.149105994001729,0.00034199415895272975,0.000520833337213844,0.0,0.0,0.0038975000000000017,4.0,0.15249999999999997,-0.00046399543061852454,0.27609638646245005,0.0006115491036325693,8.978969589179542e-07,9.025432504472519e-07,184796.40899999996,1.0,183274.279796875,1.6541547093681192e-06,690.1236125638816,4800.0,1.0,,339,,,,,,,,
4.056732662000286,0.0007172513665864244,0.004475911462213844,0.0,0.0,0.0038500000000000027,4.0,0.15000000000000002,0.0005342061165720224,0.2789775915443897,0.0016077777312602849,7.425817074135921e-07,8.347176276402025e-07,184420.00699999998,1.0,183391.1821875,1.6541547093681192e-06,595.9689371738403,4800.0,1.0,,340,184991.39700000003,184472.111,182980.646,70000042,183066.21146666666,best_of_k,184472.111,670.4507473775527
4.0699775209977815,0.0009745639748871326,0.012646484444849193,0.0,0.0,0.0038025000000000003,4.0,0.14749999999999996,-0.0009138429071754217,0.28079125881195066,0.00015341460239142178,7.911411486816178e-07,7.448193457548768e-07,184808.346,1.0,183334.84015625,1.6541547093681192e-06,672.4541803207762,4800.0,1.0,,341,,,,,,,,
4.127771232997475,0.0005216114145696338,0.005192057299427688,0.0,0.0,0.0037550000000000014,4.0,0.14500000000000002,-0.0008152790600433945,0.27822876051068307,0.00022894360590726138,7.614308771053402e-07,9.001204091418912e-07,184624.11599999995,1.0,183384.77584375,1.6541547093681192e-06,644.2815566527389,4800.0,1.0,,342,,,,,,,,
4.076820335001685,0.00046900600427761673,0.004182942723855376,0.0,0.0,0.003707499999999999,4.0,0.14249999999999996,-0.0011809810399427078,0.2771866701543331,-0.0001539916964247823,1.1714331023426893e-06,1.1261487443903207e-06,184926.32200000001,1.0,183495.34409374997,1.6541547093681192e-06,849.6774398252896,4800.0,1.0,,343,,,,,,,,
4.049488059001305,0.0009211673546815291,0.008382161555346102,0.0,0.0,0.00366,4.0,0.14,0.001347888685995713,0.2760854333639145,0.0023578986758366225,7.867127450822409e-07,7.690097973522825e-07,184664.307,1.0,183486.09028124998,1.6541547093681192e-06,596.1644814272215,4800.0,1.0,,344,,,,,,,,
4.158589497998037,0.0008864723020451492,0.008723958395421505,0.0,0.0,0.003612500000000001,4.0,0.13749999999999996,-0.0027132742223329844,0.27578104101121426,-0.0017174704116769135,6.598582523054119e-07,7.786222440131496e-07,184514.61899999995,1.0,183316.890390625,1.6541547093681192e-06,558.5856604943024,4800.0,1.0,,345,,,,,,,,
4.0785809329972835,0.00012165640018793055,0.0,0.0,0.0,0.003565000000000002,4.0,0.135,-0.0029363135778112336,0.274392082542181,-0.001958478428423405,5.406741699687245e-07,6.370759898288725e-07,184459.893,1.0,183371.346484375,1.6541547093681192e-06,538.4567633328957,4800.0,1.0,,346,,,,,,,,
4.079015597999387,0.0007411171180137898,0.006087239598855376,0.0,0.0,0.0035175,4.0,0.13249999999999995,-0.003952622538781725,0.2762121267616749,-0.002981449000071734,6.170185599785328e-07,6.818078375658842e-07,184789.535,1.0,183369.825359375,1.6541547093681192e-06,619.0586124158726,4800.0,1.0,,347,,,,,,,,
4.111100734000502,0.0002903873444211058,0.000537109375,0.0,0.0,0.003470000000000001,4.0,0.13,-0.004311734327347949,0.27779341526329515,-0.0033482086495496334,6.189551768898127e-07,7.119677292166671e-07,184585.82699999996,1.0,183393.97781249997,1.6541547093681192e-06,598.2498231704859,4800.0,1.0,,348,,,,,,,,
4.040832991999196,0.0005385413653129945,0.003466796875,0.0,0.0,0.0034224999999999985,4.0,0.12749999999999995,-0.005614624207373709,0.2775469645857811,-0.004665186267811805,6.982767146723745e-07,7.936443552125638e-07,184570.82299999997,1.0,183411.22982812498,1.6541547093681192e-06,647.0245722693408,4800.0,1.0,,349,,,,,,,,
4.085094490001211,0.00014098481360633742,0.00017903646221384406,0.0,0.0,0.0033749999999999995,4.0,0.125,-0.003029620522283949,0.27745222970843314,-0.002093627321301028,5.938391751669769e-07,6.97039020280954e-07,184425.99,1.0,183297.23356249998,1.6541547093681192e-06,537.772606244405,4800.0,1.0,,350,,,,,,,,
4.213573611999891,0.00027728672830562573,0.00078125,0.0,0.0,0.0033275000000000006,4.0,0.12250000000000005,-0.002306860301177949,0.27367528080940245,-0.0013966585509479045,6.344041196371109e-07,7.793004542122616e-07,184952.52,1.0,183285.47412499998,1.6541547093681192e-06,593.3624349938995,4800.0,1.0,,351,,,,,,,,
4.113146073999815,0.0006120959638792556,0.0037923177122138442,0.0,0.0,0.0032800000000000017,4.0,0.12,-0.001557009734096937,0.2760713942348957,-0.0006519054062664509,6.107766623131284e-07,6.959652765203828e-07,184623.215,1.0,183448.42104687498,1.6541547093681192e-06,597.0660657087724,4800.0,1.0,,352,,,,,,,,
4.125156579000759,0.00010206605769553789,0.0,0.0,0.0,0.0032325000000000027,4.0,0.11750000000000005,-0.0033429334027459843,0.2811257362365723,-0.0024346613558009268,6.71079604330771e-07,8.00386266064379e-07,184683.35099999997,1.0,183449.46103125,1.6541547093681192e-06,624.805206167637,4800.0,1.0,,353,,,,,,,,
4.057502327999828,0.0006837723758508218,0.005550130212213844,0.0,0.0,0.0031850000000000003,4.0,0.11499999999999999,-0.004923381516709924,0.2789451159536839,-0.0040353262331336735,6.004563289252473e-07,6.488614772592882e-07,184507.479,1.0,183343.397765625,1.6541547093681192e-06,566.3369862902102,4800.0,1.0,,354,,,,,,,,
4.110827684002288,8.327226048550073e-05,0.0,0.0,0.0,0.0031375000000000014,4.0,0.11250000000000004,-0.003963494120398536,0.2800584606826305,-0.0030852394411340356,6.715725803019268e-07,7.236604986360362e-07,184634.17300000004,1.0,183398.953671875,1.6541547093681192e-06,609.5459749512362,4800.0,1.0,,355,,,,,,,,
4.066479535998951,0.0002156270461910026,0.00017903646221384406,0.0,0.0,0.003089999999999999,4.0,0.10999999999999999,-0.002349860132380854,0.2778717245906591,-0.0014916313579306007,5.806408296393784e-07,6.734631028848525e-07,184828.636,1.0,183467.58340625,1.6541547093681192e-06,558.1802777903225,4800.0,1.0,,356,,,,,,,,
4.033881122999446,0.0014049765639356337,0.018294270941987635,0.0,0.0,0.0030425,4.0,0.10750000000000004,-0.0028499071369878946,0.27626743391156194,-0.0020098016480915248,6.631550249380779e-07,7.440643344125419e-07,184696.656,1.0,183254.180859375,1.6541547093681192e-06,584.1799215517023,4800.0,1.0,,357,,,,,,,,
4.16419779500211,0.0008279316806692804,0.009733072947710752,0.0,0.0,0.002995000000000001,4.0,0.10499999999999998,0.0020023815290187486,0.2777918174862862,0.0028336413786746563,8.321662207322333e-07,1.2879698786605332e-06,184777.214,1.0,183358.85939062497,1.6541547093681192e-06,740.8747600127135,4800.0,1.0,,358,,,,,,,,
4.094555673000286,0.000553246848494382,0.003971354232635349,0.0,0.0,0.002947500000000002,4.0,0.10250000000000004,-0.0034062704784446397,0.27799063809216024,-0.002587265579495579,5.570242016972315e-07,6.33465148069945e-07,184825.864,1.0,183588.905328125,1.6541547093681192e-06,598.8021549150274,4800.0,1.0,,359,,,,,,,,
4.12286940299964,0.00012155287436144135,4.8828125e-05,0.0,0.0,0.0029,4.0,0.09999999999999998,0.0018149958224967123,0.27904046326875687,0.002623920500627719,4.5666684513889775e-07,4.934366913289523e-07,184570.308,1.0,183396.925875,1.6541547093681192e-06,490.3011893570972,4800.0,1.0,,360,184991.39700000003,184598.33099999998,183467.839,70000042,183235.21543333327,best_of_k,184598.33099999998,694.6147424733491
4.069719357001304,0.000640708685386926,0.005696614587213844,0.0,0.0,0.002852500000000001,4.0,0.09750000000000003,0.0014611801641876809,0.2840620428323746,0.002271038165781647,7.075890891883319e-07,7.168575180571679e-07,184746.75199999998,1.0,183438.97259375,1.6541547093681192e-06,597.820568433179,4800.0,1.0,,361,,,,,,,,
4.100198762000218,0.00024813252252897655,0.001481119799427688,0.0,0.0,0.002805000000000002,4.0,0.09499999999999997,-0.003410936502041295,0.28458592034876345,-0.002613131992984563,7.023165949249232e-07,7.779541093100307e-07,184937.58099999998,1.0,183514.0041875,1.6541547093681192e-06,644.6151391804647,4800.0,1.0,,362,,,,,,,,
4.127451303000271,0.00017388295891578308,0.000390625,0.0,0.0,0.002757500000000003,4.0,0.09250000000000003,-0.0007111948012607172,0.28189910426735876,6.565881194546819e-05,7.719546999851445e-07,8.118248757682522e-07,184828.79200000002,1.0,183425.91309375,1.6541547093681192e-06,682.8246977296232,4800.0,1.0,,363,,,,,,,,
4.114727270996809,0.000623034171985637,0.005468750034924597,0.0,0.0,0.0027100000000000006,4.0,0.08999999999999997,-0.001556067165802233,0.2818733140826225,-0.0007932325126603246,1.3063010925407071e-06,1.8226282122668636e-06,184684.232,1.0,183286.159609375,1.6541547093681192e-06,901.3256515846783,4800.0,1.0,,364,,,,,,,,
4.1181956520013046,5.6151925559788654e-05,0.0,0.0,0.0,0.0026625000000000017,4.0,0.08750000000000002,-0.004246198514010757,0.2798950657248497,-0.0035015526111237703,8.418281296940222e-07,9.818641359515823e-07,184714.244,1.0,183238.5420625,1.6541547093681192e-06,647.084429727748,4800.0,1.0,,365,,,,,,,,
4.110344373999396,0.00015996673246263527,0.0,0.0,0.0,0.0026149999999999993,4.0,0.08499999999999996,-0.0032644788472680373,0.27789590805768966,-0.002538325940258801,8.904549588351074e-07,9.128281931225502e-07,184465.913,1.0,183340.63921875,1.6541547093681192e-06,741.670314588449,4800.0,1.0,,366,,,,,,,,
4.15964226199867,0.00011126802346552722,0.0,0.0,0.0,0.0025675000000000003,4.0,0.08250000000000002,-0.0007946106896270066,0.2794563390314579,-7.771112723276019e-05,9.84225748368317e-07,1.0126485861405854e-06,184607.06,1.0,183304.54721875,1.6541547093681192e-06,785.7978787293108,4800.0,1.0,,367,,,,,,,,
4.075496722001844,0.0011822404369013384,0.012483723973855377,0.0,0.0,0.0025200000000000014,4.0,0.07999999999999996,-0.003125896709389053,0.2789030231535435,-0.002423751982860267,1.0998092889735744e-06,1.1621744349099572e-06,184786.265,1.0,183275.89592187497,1.6541547093681192e-06,782.7629192189412,4800.0,1.0,,368,,,,,,,,
4.078866688996641,0.0009092073581996374,0.008398437523283064,0.0,0.0,0.0024725000000000025,4.0,0.07750000000000001,-0.00323349406971829,0.2779853645712137,-0.0025466357357800005,6.992804060246272e-07,7.820460893981363e-07,184757.071,1.0,183550.47665625,1.6541547093681192e-06,593.3950719307721,4800.0,1.0,,369,,,,,,,,
4.0346687079982075,0.0003285863360360963,0.001936848962213844,0.0,0.0,0.002425,4.0,0.07499999999999996,-0.003956829421804286,0.2784274283796549,-0.0032821789849549533,9.29219969236783e-07,8.869615754747429e-07,184687.40300000002,1.0,183376.321921875,1.6541547093681192e-06,661.0176656661044,4800.0,1.0,,370,,,,,,,,
4.151484643000003,0.00016149563070939622,0.0003255208372138441,0.0,0.0,0.002377500000000001,4.0,0.07250000000000001,-0.0006731313376803882,0.2768175318837166,-1.5436718240380286e-05,6.983286453987602e-07,7.389335237917294e-07,184871.42399999997,1.0,183463.64778124998,1.6541547093681192e-06,642.973381220779,4800.0,1.0,,371,,,,,,,,
4.094945724998979,0.00042953270919952045,0.004150390625,0.0,0.0,0.0023299999999999987,4.0,0.06999999999999995,-0.0006339714047499001,0.27551431879401206,7.6036638347432016e-06,5.49647680969656e-07,6.367451618416453e-07,184573.045,1.0,183514.16499999998,1.6541547093681192e-06,572.1667587861484,4800.0,1.0,,372,,,,,,,,
4.081400726001448,0.0003710771688929526,0.003710937511641532,0.0,0.0,0.0022825,4.0,0.0675,-0.0005786939640529454,0.2787159662693739,5.6765973567962646e-05,1.0247246521544185e-06,1.212844259157464e-06,184689.641,1.0,183295.67228124998,1.6541547093681192e-06,818.1211669944697,4800.0,1.0,,373,,,,,,,,
4.117218272996979,0.00013353012564039092,0.00068359375,0.0,0.0,0.002235000000000001,4.0,0.06499999999999995,-0.002185796940466389,0.2811759330332279,-0.0015579507919028402,8.890388059512588e-07,9.86940875691289e-07,184617.21199999994,1.0,183389.73031249997,1.6541547093681192e-06,704.8022171580501,4800.0,1.0,,374,,,,,,,,
4.188775586997508,8.901226119633066e-05,4.8828125e-05,0.0,0.0,0.002187500000000002,4.0,0.0625,0.0006989990622969344,0.28204585388302805,0.0013153958832845091,8.882337837690102e-07,9.797702915648188e-07,184697.41900000002,1.0,183365.6053125,1.6541547093681192e-06,710.613070009596,4800.0,1.0,,375,,,,,,,,
4.176841524997144,5.2570237949112196e-05,0.00013020833721384407,0.0,0.0,0.002140000000000003,4.0,0.06000000000000005,-0.002630170161137357,0.2827738717198372,-0.0020256315707229077,8.958533129543867e-07,1.0152966922305496e-06,184775.17999999996,1.0,183434.09190625,1.6541547093681192e-06,800.912207540986,4800.0,1.0,,376,,,,,,,,
4.220911823002098,0.00039563784448546355,0.002213541674427688,0.0,0.0,0.0020925000000000006,4.0,0.057499999999999996,0.0009476523759076372,0.2808757916092873,0.0015349060762673617,7.50989778453004e-07,8.078290122170984e-07,184808.66999999995,1.0,183307.832125,1.6541547093681192e-06,683.1408371046742,4800.0,1.0,,377,,,,,,,,
4.181348485999479,0.00012808147685063886,0.0001953125,0.0,0.0,0.0020450000000000017,4.0,0.05500000000000005,-0.004873680215678178,0.2773411083966494,-0.004307010781485587,7.787167760398006e-07,8.295028862903564e-07,184979.546,1.0,183323.86793749998,1.6541547093681192e-06,726.6896370595283,4800.0,1.0,,378,,,,,,,,
4.263580096001533,0.0001712042734084207,0.000244140625,0.0,0.0,0.0019974999999999993,4.0,0.05249999999999999,-0.0032310656970366836,0.27460942491889,-0.002682943153195083,6.455034210262056e-07,6.92028258697519e-07,184832.12499999997,1.0,183485.88753125,1.6541547093681192e-06,623.876058050166,4800.0,1.0,,379,,,,,,,,
4.235640440001589,0.0001673011483035225,0.0010904947994276881,0.0,0.0,0.0019500000000000003,4.0,0.050000000000000044,-0.0018929952108010183,0.2798612486571074,-0.0013477345928549767,7.28515959735887e-07,7.913268973425147e-07,184611.592,1.0,183441.94171875,1.6541547093681192e-06,627.3057736257211,4800.0,1.0,,380,184991.39700000003,184634.24,182856.632,70000042,183332.77086666666,best_of_k,184634.24,691.8344099771143
4.725236094000138,2.7574390310292073e-05,9.765625e-05,0.0,0.0,0.0019025000000000014,4.0,0.04749999999999999,0.002810963428055402,0.27786466777324675,0.0033391478122211994,7.226383885949872e-07,7.619880165066206e-07,184642.24,1.0,183329.470640625,1.6541547093681192e-06,669.1463912693491,4800.0,1.0,,381,,,,,,,,
4.186747346997436,0.00033191508518939374,0.001774088549427688,0.0,0.0,0.0018550000000000025,4.0,0.04500000000000004,-0.0023099404061213136,0.2758803561329842,-0.0017986892256885768,7.577984348472456e-07,8.623193082257785e-07,184744.01200000002,1.0,183311.54356249998,1.6541547093681192e-06,672.2120842010579,4800.0,1.0,,382,,,,,,,,
4.241540986000473,8.565746987869716e-05,0.0,0.0,0.0,0.0018075,4.0,0.04249999999999998,0.00023085286375135183,0.2754841063171625,0.0007283209124580026,7.035123488208228e-07,7.985586634617902e-07,184642.284,1.0,183395.12523437498,1.6541547093681192e-06,624.2559302466572,4800.0,1.0,,383,,,,,,,,
4.168927064001764,5.4907326648390155e-05,0.0,0.0,0.0,0.0017600000000000011,4.0,0.040000000000000036,0.0005665063858032226,0.27503776662051677,0.0010501155164092779,6.909309817615394e-07,7.770116539518312e-07,184680.17899999997,1.0,183431.80042187497,1.6541547093681192e-06,667.1653956925163,4800.0,1.0,,384,,,,,,,,
4.320932440001343,0.0002367213644902222,0.001611328125,0.0,0.0,0.0017124999999999987,4.0,0.03749999999999998,-0.00012256504269316792,0.276103201135993,0.00034988780971616505,5.292299455561533e-07,6.418813356390274e-07,184999.34300000002,1.0,183506.46773437498,1.6541547093681192e-06,553.943134088477,4800.0,1.0,,385,,,,,,,,
4.201258914999926,0.0004386235248148296,0.003157552087213844,0.0,0.0,0.0016649999999999998,4.0,0.03500000000000003,-0.004435238213045522,0.2728970319032669,-0.003981229965575039,5.742973527844697e-07,6.162144046584217e-07,184865.48700000002,1.0,183471.71175,1.6541547093681192e-06,587.8911580857274,4800.0,1.0,,386,,,,,,,,
4.123843852998107,0.00020859466858382802,0.0,0.0,0.0,0.0016175000000000009,4.0,0.03249999999999997,-0.003540162681019865,0.27559430040419103,-0.0030947432620450853,5.415765095051484e-07,6.016226663518864e-07,184542.215,1.0,183406.85674999998,1.6541547093681192e-06,547.5824073361839,4800.0,1.0,,387,,,,,,,,
4.132843116000004,0.00013011237783757678,0.0,0.0,0.0,0.001570000000000002,4.0,0.030000000000000027,-0.001371573974029161,0.2772185806185007,-0.0009366744663566351,5.03430265297311e-07,5.669317964418496e-07,184634.67299999998,1.0,183498.55078125,1.6541547093681192e-06,570.42779120801,4800.0,1.0,,388,,,,,,,,
4.124995664999005,4.616344358510105e-05,4.8828125e-05,0.0,0.0,0.0015224999999999995,4.0,0.02749999999999997,-0.0034294654840778096,0.27747817039489747,-0.003007376368623227,5.300967387711352e-07,6.352855734803597e-07,184798.01399999994,1.0,183408.8295,1.6541547093681192e-06,580.6149407614879,4800.0,1.0,,389,,,,,,,,
4.255090864000522,0.00031135535041357796,0.001399739587213844,0.0,0.0,0.0014750000000000006,4.0,0.025000000000000022,0.001268749707378447,0.27885150983929635,0.0016796007519587874,6.986388228824581e-07,7.688363339752868e-07,184809.971,1.0,183364.079859375,1.6541547093681192e-06,643.4212660047987,4800.0,1.0,,390,,,,,,,,
4.21630060499956,0.0004297896147704705,0.0031087239971384407,0.0,0.0,0.0014275000000000017,4.0,0.022499999999999964,-0.0037109541764948515,0.2758233457803726,-0.0033176774508319796,6.957014832664754e-07,7.838573438334606e-07,184655.18300000002,1.0,183283.18029687498,1.6541547093681192e-06,646.4221139527302,4800.0,1.0,,391,,,,,,,,
4.315558451999095,3.557140911425449e-05,0.0,0.0,0.0,0.0013800000000000028,4.0,0.020000000000000018,-0.0019304951027152128,0.27878342345356943,-0.0015462751849554478,7.392094190095122e-07,8.54512742876068e-07,184868.052,1.0,183427.597125,1.6541547093681192e-06,667.1555151165448,4800.0,1.0,,392,,,,,,,,
4.160187112000131,0.0004257312355548493,0.003548177098855376,0.0,0.0,0.0013325000000000004,4.0,0.01749999999999996,0.001281976704194676,0.2787989668548107,0.0016529400294530206,8.341703207292994e-07,9.050752751704749e-07,184635.915,1.0,183365.13862499996,1.6541547093681192e-06,667.1900220173272,4800.0,1.0,,393,,,,,,,,
4.177133345001494,6.85133391925774e-05,0.0,0.0,0.0,0.0012850000000000014,4.0,0.015000000000000013,0.0023008419608231633,0.27930806316435336,0.002659224974922836,8.520007966694721e-07,8.85431022368266e-07,184615.009,1.0,183313.35782812498,1.6541547093681192e-06,711.9039485540835,4800.0,1.0,,394,,,,,,,,
4.216595050998876,0.00024695359270481275,0.0005859375,0.0,0.0,0.001237499999999999,4.0,0.012499999999999956,0.004449858687439701,0.27633766643702984,0.004791125189512968,9.5742228012341e-07,1.21328520208408e-06,184827.27199999997,1.0,183302.77009374998,1.6541547093681192e-06,835.4700590379435,4800.0,1.0,,395,,,,,,,,
4.200172114000452,0.00026851322959373645,0.0018229166744276881,0.0,0.0,0.00119,4.0,0.010000000000000009,-0.004079368384554982,0.28267872259020804,-0.003743507550098002,8.426535089256504e-07,8.838586879278409e-07,184787.935,1.0,183331.38182812498,1.6541547093681192e-06,735.9033618645739,4800.0,1.0,,396,,,,,,,,
4.1271028949995525,4.30914331218446e-05,0.0,0.0,0.0,0.0011425000000000012,4.0,0.007499999999999951,0.0020893179345875977,0.2823133200407028,0.0024112842045724394,8.857021256858388e-07,9.751598753382495e-07,184760.259,1.0,183275.67306250002,1.6541547093681192e-06,804.9544453476066,4800.0,1.0,,397,,,,,,,,
4.130850168003235,0.0004946539723050591,0.004231770837213844,0.0,0.0,0.0010950000000000022,4.0,0.0050000000000000044,0.0002664309016836341,0.2818104699254036,0.0005743020214140415,1.1068817158843558e-06,1.200880066676291e-06,184818.508,1.0,183214.39445312502,1.6541547093681192e-06,828.3135335781875,4800.0,1.0,,398,,,,,,,,
4.161675316001492,5.062561353952333e-05,0.0,0.0,0.0,0.0010474999999999998,4.0,0.0024999999999999467,0.0025173250469379127,0.2760675080120564,0.0028061270946636795,6.039686780923148e-07,6.363354074778726e-07,184650.834,1.0,183455.411796875,1.6541547093681192e-06,549.969160282507,4800.0,1.0,,399,,,,,,,,
4.172320253001089,7.858701610530261e-05,0.0,0.0,0.0,0.0010000000000000009,4.0,0.0,-0.003428072031238116,0.2778267342597246,-0.003150781150907278,8.381079908303945e-07,9.037660475996745e-07,184972.64299999998,1.0,183439.66774999996,1.6541547093681192e-06,769.9972945757496,4800.0,1.0,,400,184999.34300000002,184520.361,183215.90399999998,70000042,183246.13033333333,best_of_k,184520.361,633.3573221711625
