elapsed_seconds,optimization_approximate_kl,optimization_clip_fraction,optimization_count_loss,optimization_early_kl_stop,optimization_entropy_coefficient,optimization_epochs_completed,optimization_learning_rate_fraction,optimization_loss,optimization_normalized_entropy,optimization_policy_loss,optimization_q_loss,optimization_value_loss,rollout_best_objective,rollout_feasible_rate,rollout_mean_objective,rollout_reward_scale,rollout_std_objective,rollout_transitions,rollout_vectorized_rollouts,self_imitation_loss,update,validation_archive_best_objective,validation_best_of_k_objective,validation_deterministic_objective,validation_fixed_validation_seed,validation_mean_stochastic_objective,validation_selection_metric,validation_selection_objective,validation_std_stochastic_objective
2.822482463000142,0.005174533638637513,0.07312825508415699,0.0,0.0,0.0199525,4.0,0.9975,-0.02323702326975763,0.7947626039385796,-0.009078152128495276,0.0033921974536497146,0.0027188216602856605,34828.876000000004,1.0,28147.756687499997,7.717961007317399e-06,2952.66772100524,2880.0,1.0,,1,34828.876000000004,35281.35599999999,33909.24,70000042,30110.875733333334,best_of_k,35281.35599999999,2908.5122398330377
2.144852501999594,0.0033164591768581886,0.06056315149180591,0.0,0.0,0.019905,4.0,0.995,-0.020746484166011214,0.7884118631482124,-0.005364333783897261,0.0008862504497907745,0.000445126048361999,34329.88,1.0,29245.72825,7.717961007317399e-06,2988.112512080231,2880.0,1.0,,2,,,,,,,,
2.1177181369998834,0.007600196840940043,0.16337890612582365,0.0,0.0,0.0198575,4.0,0.9925,-0.02624824068819483,0.7784291828672091,-0.010932158445939422,0.0003992087064640752,0.00020330926660487117,37285.12,1.0,30024.016625000004,7.717961007317399e-06,3040.4093664864617,2880.0,1.0,,3,,,,,,,,
2.1122792830001345,0.006527617006213404,0.11666666731859247,0.0,0.0,0.01981,4.0,0.99,-0.02455592415450762,0.7617675835887591,-0.009607241547200829,0.0003020779319437376,0.00022345111453129599,40083.10799999999,1.0,32246.4196875,7.717961007317399e-06,3061.308069451219,2880.0,1.0,,4,,,,,,,,
2.1939430809998157,0.007766396583368381,0.15507812549670538,0.0,0.0,0.0197625,4.0,0.9875,-0.02517265659601738,0.7399331132570902,-0.010668039748755595,0.00021492833123678187,0.00019363524491685288,40031.479999999996,1.0,34776.084875,7.717961007317399e-06,2468.7739568984903,2880.0,1.0,,5,,,,,,,,
2.097915796000052,0.005376871168361201,0.09684244853754838,0.0,0.0,0.019715,4.0,0.985,-0.024174369173124433,0.7120786135395368,-0.010231800105733177,0.0001851637874400088,0.00015508880460401997,40691.508,1.0,36342.709937499996,7.717961007317399e-06,2249.7988268467466,2880.0,1.0,,6,,,,,,,,
2.1301319620001777,0.007702009863957453,0.13707682335128388,0.0,0.0,0.0196675,4.0,0.9825,-0.02228913475604107,0.6591299722592036,-0.009412367983410755,0.0001565456617148205,0.00014203617623328077,41974.363999999994,1.0,38120.6393125,7.717961007317399e-06,2125.5680852497458,2880.0,1.0,,7,,,,,,,,
2.094889399999829,0.007074826901468138,0.1034667973096172,0.0,0.0,0.019620000000000002,4.0,0.98,-0.020185736745285492,0.6323551659782728,-0.00784054035708929,0.00011071711560362019,0.00010107984629333562,42807.484,1.0,39437.666999999994,7.717961007317399e-06,2087.4923459947104,2880.0,1.0,,8,,,,,,,,
2.1087846779996653,0.006523087654689637,0.09947916694606344,0.0,0.0,0.0195725,4.0,0.9775,-0.02081623227180292,0.6045688614249229,-0.009041969082318246,0.00010005337147352596,9.731113580831637e-05,42495.899999999994,1.0,39944.04149999999,7.717961007317399e-06,1616.4115785162055,2880.0,1.0,,9,,,,,,,,
2.1623589099999663,0.005745326336182188,0.07766927126795053,0.0,0.0,0.019525,4.0,0.975,-0.01709762297105044,0.5804093852639198,-0.005823233087236683,0.0001060994976190462,9.498800833777447e-05,42515.668,1.0,39967.189249999996,7.717961007317399e-06,1455.5775128441066,2880.0,1.0,,10,,,,,,,,
2.161567691000073,0.00561728878528811,0.07047526035845901,0.0,0.0,0.019477500000000002,4.0,0.9725,-0.01546708244131878,0.5684267207980156,-0.004443453547234337,8.468055693811039e-05,7.886957488760042e-05,42457.93199999999,1.0,40163.08425,7.717961007317399e-06,1371.225296527502,2880.0,1.0,,11,,,,,,,,
2.1373587170000974,0.00457226493502579,0.07268880199020107,0.0,0.0,0.01943,4.0,0.97,-0.016434410334719967,0.540129192173481,-0.005983888229820877,7.86883735296821e-05,7.264029469903714e-05,43642.91999999999,1.0,40949.79699999999,7.717961007317399e-06,1146.0522571139577,2880.0,1.0,,12,,,,,,,,
2.1580226450000737,0.0029468640392830516,0.02537434914847836,0.0,0.0,0.0193825,4.0,0.9675,-0.01161760565203925,0.5380562966068586,-0.001232328126206994,7.844294971922257e-05,7.150827938554964e-05,44092.772,1.0,41093.383375000005,7.717961007317399e-06,1264.2683806324944,2880.0,1.0,,13,,,,,,,,
2.21847906100038,0.004793440903692196,0.0533203127173086,0.0,0.0,0.019335,4.0,0.965,-0.017962861185272534,0.5130604157845179,-0.008078636679177484,6.486234936649755e-05,5.862419554129398e-05,43632.88799999999,1.0,41511.6756875,7.717961007317399e-06,891.6401070861785,2880.0,1.0,,14,,,,,,,,
2.1734846320000543,0.0032120405085152015,0.02705078141298145,0.0,0.0,0.0192875,4.0,0.9625,-0.010407985498507818,0.5257669029136499,-0.0003006404731422663,5.9137926200492075e-05,5.494077034503183e-05,43612.231999999996,1.0,41403.430875,7.717961007317399e-06,1010.4121047497083,2880.0,1.0,,15,,,,,,,,
2.126966978999917,0.005315347788079332,0.04570312503104409,0.0,0.0,0.01924,4.0,0.96,-0.014998631901107728,0.521267332136631,-0.005004046096776922,6.320095508272061e-05,5.655532580324992e-05,43767.928,1.0,41332.4220625,7.717961007317399e-06,1030.4582791610226,2880.0,1.0,,16,,,,,,,,
2.153836007999871,0.004555777746039287,0.0636555990204215,0.0,0.0,0.0191925,4.0,0.9575,-0.013229547359514982,0.5327760403354963,-0.003035590246630212,5.8714611289663786e-05,5.09511546624708e-05,43763.80799999999,1.0,41527.31525,7.717961007317399e-06,1011.675541384409,2880.0,1.0,,17,,,,,,,,
2.15784364000001,0.003748244920037299,0.03766276048069509,0.0,0.0,0.019145,4.0,0.955,-0.013515350059606135,0.5314200843373934,-0.003370875354448799,5.1312877985765226e-05,4.8863846586755244e-05,43936.511999999995,1.0,41945.2080625,7.717961007317399e-06,897.7721521295065,2880.0,1.0,,18,,,,,,,,
2.203533917999721,0.0038054258257034235,0.06258138020833333,0.0,0.0,0.0190975,4.0,0.9525,-0.013282328164981058,0.5183953493833542,-0.003413325330863396,5.61390767567597e-05,5.0874898230783096e-05,44072.02,1.0,41757.9140625,7.717961007317399e-06,1089.8921066165203,2880.0,1.0,,19,,,,,,,,
2.0873365829997965,0.002934011400308615,0.015462239709449932,0.0,0.0,0.01905,4.0,0.95,-0.012653932402220866,0.5098735988140106,-0.002971217482505987,5.8417305050776726e-05,4.907229564802643e-05,43940.912,1.0,41765.27175,7.717961007317399e-06,932.5984743524075,2880.0,1.0,,20,44092.772,43470.45599999999,39753.36,70000042,41900.01186666666,best_of_k,43470.45599999999,935.9866569900711
2.1861791470000753,0.0031435098911363943,0.0292968751261166,0.0,0.0,0.019002500000000002,4.0,0.9475,-0.015288966009393334,0.5195287987589836,-0.005444888646403949,5.144866781847668e-05,4.624844132194994e-05,43963.63199999999,1.0,41889.9270625,7.717961007317399e-06,961.1895855757951,2880.0,1.0,,21,,,,,,,,
2.1056452349998835,0.0033481794331843653,0.032666015749176346,0.0,0.0,0.018955,4.0,0.945,-0.01130579070498546,0.5254817667106787,-0.0013743917224928737,5.191060517972801e-05,4.783301164934528e-05,44104.871999999996,1.0,41846.92218749999,7.717961007317399e-06,1116.6019345288025,2880.0,1.0,,22,,,,,,,,
2.1096730880003634,0.0027143330371472985,0.022347005219974864,0.0,0.0,0.0189075,4.0,0.9425,-0.012541540355111161,0.5130700568358103,-0.002869601477868855,5.4414016782781495e-05,4.6983149483518595e-05,43514.312,1.0,41897.14075,7.717961007317399e-06,960.8806384093384,2880.0,1.0,,23,,,,,,,,
2.1304206519998843,0.003222205447552066,0.0264160157336543,0.0,0.0,0.018860000000000002,4.0,0.94,-0.014174667613891264,0.5127517767250538,-0.00452774475949506,4.3854601396257444e-05,3.837952923883373e-05,44470.036,1.0,42343.676875,7.717961007317399e-06,936.1745262704678,2880.0,1.0,,24,,,,,,,,
2.0930017509999743,0.003986984396760818,0.035677083457509674,0.0,0.0,0.0188125,4.0,0.9375,-0.011074404717267802,0.5283810955782732,-0.0011617846733618837,4.821544613757093e-05,4.545455188538957e-05,44533.84,1.0,42448.192375,7.717961007317399e-06,1066.9357226259501,2880.0,1.0,,25,,,,,,,,
2.134147958000085,0.004863130699959584,0.06100260435293118,0.0,0.0,0.018765,4.0,0.935,-0.015787959719697636,0.5306344553828239,-0.005854920018464327,4.414380888799011e-05,3.9803741704721084e-05,44430.952,1.0,42680.7403125,7.717961007317399e-06,1001.9154379478089,2880.0,1.0,,26,,,,,,,,
2.1114776609997534,0.0033032186862935,0.03144531272118911,0.0,0.0,0.0187175,4.0,0.9325,-0.015455448107483486,0.5313041384021441,-0.0055341343201386435,4.498249427342671e-05,3.774573876095625e-05,44602.952,1.0,42916.56493749999,7.717961007317399e-06,979.2554442160999,2880.0,1.0,,27,,,,,,,,
2.146635859000071,0.0021446890926502724,0.02307942711437742,0.0,0.0,0.01867,4.0,0.9299999999999999,-0.01273443796283876,0.5270325740178426,-0.0029187578475102782,4.7584782199313245e-05,3.852017334793345e-05,44720.88,1.0,42953.033749999995,7.717961007317399e-06,1040.9051649873961,2880.0,1.0,,28,,,,,,,,
2.1271025330001976,0.003920295392163098,0.03585611982271075,0.0,0.0,0.0186225,4.0,0.9275,-0.01466982540053626,0.5054502102235953,-0.0052827427425654605,4.69033304095016e-05,4.194815801383811e-05,45162.659999999996,1.0,43265.3215,7.717961007317399e-06,991.7122505534313,2880.0,1.0,,29,,,,,,,,
2.1416923490000954,0.00581410521408543,0.09220377635210752,0.0,0.0,0.018575,4.0,0.925,-0.015122135325024525,0.49512941390275955,-0.005949240527115762,4.116323392130047e-05,4.0036106838670094e-05,45525.403999999995,1.0,43222.942312499996,7.717961007317399e-06,1131.5837900287818,2880.0,1.0,,30,,,,,,,,
2.1101048430000446,0.0042665614212940755,0.06023763073608279,0.0,0.0,0.018527500000000002,4.0,0.9225,-0.01627702498808503,0.48669305071234703,-0.007279040408320725,3.365532378059773e-05,3.171072383641634e-05,44929.62799999999,1.0,43517.312125,7.717961007317399e-06,831.7152360276226,2880.0,1.0,,31,,,,,,,,
2.1111632779998217,0.00321253367534761,0.04635416685293118,0.0,0.0,0.01848,4.0,0.92,-0.01267203054158017,0.4809079070885976,-0.003804019681410864,3.6720066873385804e-05,3.098919061509756e-05,45424.248,1.0,43912.3915,7.717961007317399e-06,862.0348712336121,2880.0,1.0,,32,,,,,,,,
2.182877121999809,0.006826715325587429,0.10345052120586236,0.0,0.0,0.0184325,4.0,0.9175,-0.012356146161134044,0.4855557245512803,-0.0034249851499528936,3.573470091093137e-05,3.054387169261948e-05,45734.36,1.0,43889.506625,7.717961007317399e-06,960.4108450252467,2880.0,1.0,,33,,,,,,,,
2.1440726030000405,0.0034763251254238034,0.03771158866584301,0.0,0.0,0.018385,4.0,0.915,-0.014087654068134725,0.48072802772124607,-0.005269053741358221,3.3854637877084315e-05,3.239867980179648e-05,46477.432,1.0,44307.01525,7.717961007317399e-06,861.5268748349869,2880.0,1.0,,34,,,,,,,,
2.148638828000003,0.0018069076686515473,0.010937499968955914,0.0,0.0,0.0183375,4.0,0.9125,-0.01341422814099739,0.46538105110327405,-0.004901533558343847,3.295221813459648e-05,3.586986372283718e-05,46114.9,1.0,44460.917312499994,7.717961007317399e-06,848.2588572493817,2880.0,1.0,,35,,,,,,,,
2.1089453599997796,0.001373953781997746,0.0072916666977107525,0.0,0.0,0.01829,4.0,0.91,-0.013243907829746604,0.4548688220481078,-0.0049392074579373,2.572360851142245e-05,2.4556697932591003e-05,46047.327999999994,1.0,44682.373812499995,7.717961007317399e-06,685.2628588380987,2880.0,1.0,,36,,,,,,,,
2.133010560999992,0.0022869547101436183,0.014111328132761022,0.0,0.0,0.018242500000000002,4.0,0.9075,-0.011609395810713371,0.4524299216767152,-0.0033728306104118624,3.1899385173043506e-05,2.7395321239964687e-05,45944.28800000001,1.0,44706.8274375,7.717961007317399e-06,730.2097911370646,2880.0,1.0,,37,,,,,,,,
2.1459281329998703,0.003615263573010452,0.04075520842646559,0.0,0.0,0.018195,4.0,0.905,-0.013221418174604574,0.4466098062694073,-0.005109254367804776,2.5418708143358042e-05,2.2718596483173314e-05,46002.056,1.0,44848.9,7.717961007317399e-06,640.3066971463758,2880.0,1.0,,38,,,,,,,,
2.1324965479998355,0.0026172194017514507,0.02057291683740914,0.0,0.0,0.0181475,4.0,0.9025,-0.010109532158821821,0.4390372211734454,-0.002158501224281887,2.615483003864938e-05,2.7564754266980646e-05,46368.824,1.0,44888.18256249999,7.717961007317399e-06,718.4694428677423,2880.0,1.0,,39,,,,,,,,
2.101321874000405,0.00315056547212104,0.04171549497793118,0.0,0.0,0.0181,4.0,0.9,-0.009960368799511343,0.428621381521225,-0.002218598257362222,2.5022711497513228e-05,2.754878126628076e-05,46488.57200000001,1.0,45099.870312499996,7.717961007317399e-06,582.0355281526238,2880.0,1.0,,40,46488.57200000001,46128.155999999995,46253.768,70000042,45023.61386666667,best_of_k,46128.155999999995,513.9938387653907
2.160450467999908,0.0023382210893032607,0.024869791697710752,0.0,0.0,0.0180525,4.0,0.8975,-0.010251866964002451,0.42328594997525215,-0.002626521590476235,2.202387387721198e-05,2.7644106921798084e-05,46321.95599999999,1.0,45272.936875,7.717961007317399e-06,568.3177553039615,2880.0,1.0,,41,,,,,,,,
2.177098530999956,0.0032774549714910486,0.040804036582509674,0.0,0.0,0.018005,4.0,0.895,-0.012748335274712494,0.4271386998395125,-0.0050686356650354964,2.1408553493529325e-05,1.7584966030881333e-05,46342.231999999996,1.0,45127.33899999999,7.717961007317399e-06,574.9194897496517,2880.0,1.0,,42,,,,,,,,
2.12682744499989,0.0021264627503114752,0.013151041639503092,0.0,0.0,0.0179575,4.0,0.8925,-0.00859436605242081,0.4091939181089401,-0.001255965946863095,1.796851999339803e-05,1.580506868018953e-05,46166.96,1.0,45348.6043125,7.717961007317399e-06,538.1255795947203,2880.0,1.0,,43,,,,,,,,
2.103593514000295,0.0023308544671939067,0.02618815121240914,0.0,0.0,0.017910000000000002,4.0,0.89,-0.009675277979113162,0.4052412497500579,-0.0024288878000030913,1.8688069872041524e-05,1.922376244086384e-05,46233.132,1.0,45422.787437499996,7.717961007317399e-06,503.69172267264236,2880.0,1.0,,44,,,,,,,,
2.132223976000205,0.002179288819509869,0.014518229232635349,0.0,0.0,0.0178625,4.0,0.8875,-0.009225728339515626,0.41658563787738484,-0.0017940043083702524,1.884162770693365e-05,1.5306017492851726e-05,46470.647999999994,1.0,45397.2350625,7.717961007317399e-06,525.9809120912761,2880.0,1.0,,45,,,,,,,,
2.2648914350002087,0.001260028807640386,0.010009765644402554,0.0,0.0,0.017815,4.0,0.885,-0.009908569802064449,0.4124220882852872,-0.0025715153315104544,1.9536830563993135e-05,1.6582768618415383e-05,46413.36,1.0,45398.737312499994,7.717961007317399e-06,631.6662055322639,2880.0,1.0,,46,,,,,,,,
2.140341131999776,0.001525706029497087,0.015527343765522042,0.0,0.0,0.017767500000000002,4.0,0.8825000000000001,-0.007746470839871715,0.4094270206987858,-0.00048183615823897224,1.9327406486506032e-05,1.585502771680088e-05,46228.884000000005,1.0,45334.6120625,7.717961007317399e-06,550.917985304752,2880.0,1.0,,47,,,,,,,,
2.1368309879999288,0.0016701370962740232,0.014746093792685619,0.0,0.0,0.01772,4.0,0.88,-0.009430321399122477,0.40533989295363426,-0.0022581002946632602,1.8705974071053788e-05,1.706411978830147e-05,46397.956,1.0,45519.2715625,7.717961007317399e-06,549.4198603427608,2880.0,1.0,,48,,,,,,,,
2.136330661000102,0.0021896155534098702,0.02252604183740914,0.0,0.0,0.0176725,4.0,0.8775,-0.008619225370542457,0.40127619355916977,-0.0015351763189149399,1.4303974770276303e-05,1.2147753977842513e-05,46425.688,1.0,45556.394812499995,7.717961007317399e-06,433.4913593889038,2880.0,1.0,,49,,,,,,,,
2.1168840630002705,0.001444227178581059,0.008121744845993817,0.0,0.0,0.017625000000000002,4.0,0.875,-0.008491066691931337,0.395124826580286,-0.0015365597985995312,1.466944278642283e-05,1.6202679603338765e-05,46401.804000000004,1.0,45481.89675,7.717961007317399e-06,490.4810475359251,2880.0,1.0,,50,,,,,,,,
2.1792559370001072,0.0023811771776915216,0.03185221366584301,0.0,0.0,0.0175775,4.0,0.8725,-0.012256226890409986,0.3965384438633919,-0.005295960737081866,2.0004178660807764e-05,1.5774522429031396e-05,46455.12000000001,1.0,45534.761375,7.717961007317399e-06,541.4599870434661,2880.0,1.0,,51,,,,,,,,
2.120367604999956,0.002449876017635688,0.02498372399713844,0.0,0.0,0.01753,4.0,0.87,-0.00894877106960242,0.38572466373443604,-0.002195059302418182,1.4538061501904545e-05,1.317517569532356e-05,46676.62800000001,1.0,45676.35737500001,7.717961007317399e-06,451.7709995513317,2880.0,1.0,,52,,,,,,,,
2.103064698000253,0.0027860602567670867,0.03320312546566129,0.0,0.0,0.0174825,4.0,0.8674999999999999,-0.012149777981297424,0.3715566235284011,-0.005662313613963003,1.2714864586390226e-05,1.4006739775140886e-05,46460.916,1.0,45637.441625,7.717961007317399e-06,478.858278387102,2880.0,1.0,,53,,,,,,,,
2.088470841000344,0.0018951798798904445,0.018538411599971976,0.0,0.0,0.017435,4.0,0.865,-0.011649453022982925,0.3671943135559559,-0.005255220419106384,1.3740273251035736e-05,1.2851394747788921e-05,46578.864,1.0,45788.294125,7.717961007317399e-06,418.98722945333935,2880.0,1.0,,54,,,,,,,,
2.1137097200003154,0.00318328674317551,0.04529622427071445,0.0,0.0,0.0173875,4.0,0.8625,-0.010758218704722822,0.35772298897306126,-0.004545549357620378,1.2694449120923915e-05,1.1941092111555918e-05,46670.024000000005,1.0,45727.7219375,7.717961007317399e-06,436.97378659537026,2880.0,1.0,,55,,,,,,,,
2.170558108000023,0.0017739693576004356,0.01705729173651586,0.0,0.0,0.01734,4.0,0.86,-0.010414085001684725,0.35164256269733113,-0.004323479117980848,1.1980524201741597e-05,1.135708178405063e-05,46674.592000000004,1.0,45741.31525,7.717961007317399e-06,435.866374677421,2880.0,1.0,,56,,,,,,,,
2.134089261000099,0.002131253577924023,0.024593098981616397,0.0,0.0,0.017292500000000002,4.0,0.8575,-0.008072070146833235,0.34468623623251915,-0.0021189528439814844,1.198588760568479e-05,1.2343102525846916e-05,46507.808000000005,1.0,45783.5703125,7.717961007317399e-06,389.5844381721399,2880.0,1.0,,57,,,,,,,,
2.124498192000374,0.002598481403159288,0.03680013034803172,0.0,0.0,0.017245,4.0,0.855,-0.011545009891657779,0.35103847334782284,-0.005497998984841009,1.2219341025835698e-05,1.085223330695347e-05,46613.108,1.0,45838.055374999996,7.717961007317399e-06,451.2555661303354,2880.0,1.0,,58,,,,,,,,
2.122059523000189,0.001571861474076286,0.021451822947710752,0.0,0.0,0.0171975,4.0,0.8525,-0.008818316283092523,0.3512846653660138,-0.002784507271523277,1.360964002590966e-05,1.2097142795634378e-05,46590.496,1.0,45941.9523125,7.717961007317399e-06,382.903288125282,2880.0,1.0,,59,,,,,,,,
2.1433246010001312,0.0021120113694147826,0.02216796872865719,0.0,0.0,0.017150000000000002,4.0,0.85,-0.007915454101748765,0.3459147090713183,-0.0019893625867553055,1.1130746922087079e-05,1.0465028083217476e-05,46638.804,1.0,45975.0806875,7.717961007317399e-06,376.16259691691437,2880.0,1.0,,60,46676.62800000001,46534.352,46316.716,70000042,45724.06933333333,best_of_k,46534.352,500.4694713953666
2.130539353000131,0.0008755323515288183,0.0032389322974874326,0.0,0.0,0.0171025,4.0,0.8475,-0.0043463318337065475,0.34026361753543216,0.0014675536658614874,1.0694783365276331e-05,8.809353043185789e-06,46656.392,1.0,45939.0166875,7.717961007317399e-06,387.63563082136505,2880.0,1.0,,61,,,,,,,,
2.120316965999791,0.0013602053853295122,0.014794921861418212,0.0,0.0,0.017055,4.0,0.845,-0.006589470004352431,0.33444368715087575,-0.0008936603941644231,1.3042615440402491e-05,1.364722921456026e-05,46536.32,1.0,45942.3329375,7.717961007317399e-06,431.02172704153986,2880.0,1.0,,62,,,,,,,,
2.094710821999797,0.0025023478374350816,0.038216145941987634,0.0,0.0,0.017007500000000002,4.0,0.8425,-0.007302403372401993,0.33245231459538144,-0.0016555781912757084,9.899718558396367e-06,1.2734348085056505e-05,46543.443999999996,1.0,46039.6893125,7.717961007317399e-06,359.15737130403863,2880.0,1.0,,63,,,,,,,,
2.121337639000103,0.0011157634629247089,0.007080078144402553,0.0,0.0,0.01696,4.0,0.84,-0.007233529177028686,0.3226347615321477,-0.0017677897558314726,8.002952786985892e-06,1.0691761815451173e-05,46692.46,1.0,46092.381687500005,7.717961007317399e-06,309.9226050861774,2880.0,1.0,,64,,,,,,,,
2.1309711630001402,0.0014664856601787808,0.006559244764503092,0.0,0.0,0.0169125,4.0,0.8375,-0.006827253208030015,0.320398544271787,-0.0014131279604043812,7.266303043707012e-06,7.775878543725412e-06,46682.04,1.0,46133.700375,7.717961007317399e-06,316.4859165000231,2880.0,1.0,,65,,,,,,,,
2.1074588840001525,0.0012078539875801653,0.00657552086825793,0.0,0.0,0.016865,4.0,0.835,-0.00806127597267429,0.31905736898382503,-0.002685221564509751,7.934678762921976e-06,8.108642267264562e-06,46672.659999999996,1.0,46139.0918125,7.717961007317399e-06,318.3988188926192,2880.0,1.0,,66,,,,,,,,
2.114871844999925,0.0017479827086693451,0.01839192716094355,0.0,0.0,0.0168175,4.0,0.8325,-0.011500338713328043,0.3181621618568897,-0.006159286519202094,1.2569790252806948e-05,1.6764788256296015e-05,46662.89600000001,1.0,45965.8104375,7.717961007317399e-06,396.6885476615234,2880.0,1.0,,67,,,,,,,,
2.1097057609999865,0.0015865413491458942,0.011995442871314784,0.0,0.0,0.01677,4.0,0.83,-0.005953980590372036,0.31903839856386185,-0.0006127304125887653,9.2815437255922e-06,1.619098706366155e-05,46687.920000000006,1.0,46071.4156875,7.717961007317399e-06,368.15692001801744,2880.0,1.0,,68,,,,,,,,
2.163947186999849,0.001121792813440455,0.007226562515522043,0.0,0.0,0.0167225,4.0,0.8275,-0.005950576567556709,0.31833748643596965,-0.00063193430347989,8.422065396492448e-06,7.8276080254606e-06,46654.572,1.0,46093.73662499999,7.717961007317399e-06,397.733200239318,2880.0,1.0,,69,,,,,,,,
2.103923522000059,0.001944910943469343,0.023942057508975267,0.0,0.0,0.016675000000000002,4.0,0.825,-0.007925724882322053,0.31581780562798184,-0.0026643239349747696,8.147382610938317e-06,8.091521275825167e-06,46703.03599999999,1.0,46034.344375,7.717961007317399e-06,396.8910186705661,2880.0,1.0,,70,,,,,,,,
2.1738855479998165,0.003114269546737584,0.038736979166666664,0.0,0.0,0.0166275,4.0,0.8225,-0.009187341997555146,0.3102945648133755,-0.004033914573180179,8.062085100846161e-06,1.0378399982376626e-05,46749.64,1.0,46098.572562500005,7.717961007317399e-06,371.239646828614,2880.0,1.0,,71,,,,,,,,
2.1590044230001695,0.001468811406690899,0.010107421898283064,0.0,0.0,0.01658,4.0,0.8200000000000001,-0.005974053929094225,0.30222875873247784,-0.0009686397776628534,9.577261778304091e-06,9.162376954918727e-06,46694.85599999999,1.0,46175.9058125,7.717961007317399e-06,326.37647501461385,2880.0,1.0,,72,,,,,,,,
2.1566203219999807,0.002775841397427333,0.032226562732830644,0.0,0.0,0.016532500000000002,4.0,0.8175,-0.009654453819772849,0.2929338105022907,-0.004815599861710022,7.495544120198853e-06,6.648688781751844e-06,46684.608,1.0,46198.987375,7.717961007317399e-06,340.1230882439618,2880.0,1.0,,73,,,,,,,,
2.1665561599998,0.0016096095302297424,0.016276041705471773,0.0,0.0,0.016485,4.0,0.815,-0.007794200015875201,0.28894100710749626,-0.003034944258009394,7.232861548800429e-06,6.425879708634359e-06,46617.672,1.0,46127.2174375,7.717961007317399e-06,348.1164326833535,2880.0,1.0,,74,,,,,,,,
2.146076086999983,0.001583702520292718,0.012027994816889986,0.0,0.0,0.0164375,4.0,0.8125,-0.0065917713606419666,0.2879815610746543,-0.0018633470172062516,6.111648815476656e-06,9.323305941203822e-06,46718.659999999996,1.0,46217.2871875,7.717961007317399e-06,295.84887973607357,2880.0,1.0,,75,,,,,,,,
2.168694166000023,0.0012926324537450757,0.01153971355718871,0.0,0.0,0.016390000000000002,4.0,0.81,-0.00617560965474695,0.2881140361229579,-0.0014568302819194894,5.5419086303724425e-06,5.710587591541601e-06,46708.676,1.0,46255.7016875,7.717961007317399e-06,286.2646086122119,2880.0,1.0,,76,,,,,,,,
2.2597858699996323,0.002125601594646772,0.02001953119179234,0.0,0.0,0.0163425,4.0,0.8075,-0.008554773909660677,0.28503024702270824,-0.00390244178318729,6.690264948853534e-06,1.0210354484267251e-05,46698.763999999996,1.0,46234.553875,7.717961007317399e-06,316.59261319238766,2880.0,1.0,,77,,,,,,,,
2.1554946800001744,0.0007948479833430611,0.004231770833333333,0.0,0.0,0.016295,4.0,0.8049999999999999,-0.004990201579251637,0.28857486819227535,-0.00029168171022320166,4.6441697255280206e-06,6.686755966711644e-06,46787.524000000005,1.0,46255.84849999999,7.717961007317399e-06,236.608841405493,2880.0,1.0,,78,,,,,,,,
2.1356673160003083,0.0026521189380825185,0.0351074223096172,0.0,0.0,0.0162475,4.0,0.8025,-0.008643808328391364,0.28962963446974754,-0.003943726793901685,5.3894541451882105e-06,1.0274732611984897e-05,46699.84,1.0,46233.4720625,7.717961007317399e-06,293.5148389813483,2880.0,1.0,,79,,,,,,,,
2.117017449999821,0.0018356787695665844,0.018619791759798925,0.0,0.0,0.0162,4.0,0.8,-0.006460267119109631,0.28940756618976593,-0.0017759886880715687,7.736366967492359e-06,6.701793760536627e-06,46811.684,1.0,46233.71425,7.717961007317399e-06,321.53507755054903,2880.0,1.0,,80,46811.684,46810.096,46373.191999999995,70000042,46204.16533333333,best_of_k,46810.096,292.23815964076715
2.108448598999985,0.002279843315288114,0.021956380340270698,0.0,0.0,0.0161525,4.0,0.7975,-0.004572383244521916,0.2890747847656409,9.351355644563834e-05,6.313713034463338e-06,5.50346046187163e-06,46737.556,1.0,46248.03425,7.717961007317399e-06,317.8576162017161,2880.0,1.0,,81,,,,,,,,
2.099874041000021,0.002504127582142246,0.03484700534803172,0.0,0.0,0.016105,4.0,0.795,-0.0096468300325796,0.29463039711117744,-0.004906804960531493,6.864922606079442e-06,8.620405329414401e-06,46678.308000000005,1.0,46174.96906249999,7.717961007317399e-06,317.79784041764935,2880.0,1.0,,82,,,,,,,,
2.171651170000132,0.0008523841703815075,0.00364583336825793,0.0,0.0,0.016057500000000002,4.0,0.7925,-0.0026764311866524317,0.2974882150689761,0.002097233741854628,5.009321663843973e-06,5.502369153494631e-06,46722.399999999994,1.0,46283.8619375,7.717961007317399e-06,260.5280961719798,2880.0,1.0,,83,,,,,,,,
2.1305514190003123,0.0017670542486788083,0.014648437694025537,0.0,0.0,0.01601,4.0,0.79,-0.007805631806453069,0.29826001326243085,-0.003034480226536592,5.5532510145894776e-06,6.8713333026456285e-06,46781.544,1.0,46224.4048125,7.717961007317399e-06,296.9476965091493,2880.0,1.0,,84,,,,,,,,
2.1458806229998117,0.0005392326211222098,0.0007649739660943548,0.0,0.0,0.0159625,4.0,0.7875,-0.005866554177676638,0.29447564110159874,-0.0011703175211247678,5.32446669391599e-06,7.5962996959333395e-06,46729.836,1.0,46282.4364375,7.717961007317399e-06,281.7710941385911,2880.0,1.0,,85,,,,,,,,
2.149460398999963,0.002500617116311332,0.0341308592663457,0.0,0.0,0.015915,4.0,0.785,-0.007407257915474474,0.2868386519451936,-0.002848627530814459,4.75100241222511e-06,1.186399754260492e-05,46810.208,1.0,46331.79425,7.717961007317399e-06,260.1994827318798,2880.0,1.0,,86,,,,,,,,
2.1775914439999724,0.0022884757127030753,0.04331054716991881,0.0,0.0,0.0158675,4.0,0.7825,-0.004502963992611815,0.28100578114390373,-4.829712755357226e-05,5.221788001108507e-06,7.339967188120984e-06,46744.36,1.0,46331.3246875,7.717961007317399e-06,232.78563412564284,2880.0,1.0,,87,,,,,,,,
2.118601289000253,0.0017555918287447032,0.017285156393578898,0.0,0.0,0.01582,4.0,0.78,-0.006265765143325552,0.2788014591981967,-0.0018589839261646073,4.619488540432333e-06,6.7926387714578595e-06,46810.74,1.0,46417.099625,7.717961007317399e-06,223.31259918858038,2880.0,1.0,,88,,,,,,,,
2.156538628999897,0.002732144103598936,0.035058593998352684,0.0,0.0,0.015772500000000002,4.0,0.7775,-0.007268975547049195,0.28223485375444096,-0.002820982209717234,7.167445232880709e-06,5.6779650018749335e-06,46669.128000000004,1.0,46264.301125,7.717961007317399e-06,255.89009876651056,2880.0,1.0,,89,,,,,,,,
2.134381267000208,0.0023693536440987373,0.020703125085371237,0.0,0.0,0.015725,4.0,0.775,-0.006467063581415762,0.2835349055627982,-0.0020124196889810264,6.867672122249739e-06,6.511555132722909e-06,46814.416,1.0,46263.424125,7.717961007317399e-06,245.5480556306338,2880.0,1.0,,90,,,,,,,,
2.144201184999929,0.0029638155926174172,0.03219401046711331,0.0,0.0,0.0156775,4.0,0.7725,-0.004646131177044784,0.2763824164867401,-0.00032815451656157774,5.857810094767046e-06,2.884582418497909e-05,46792.36,1.0,46319.362,7.717961007317399e-06,229.5170596437231,2880.0,1.0,,91,,,,,,,,
2.17022556000029,0.002196129188329602,0.018245442741317675,0.0,0.0,0.01563,4.0,0.77,-0.004833223045958827,0.26866145928700763,-0.000640812834414343,7.094509101079893e-06,1.2117130438582535e-05,46699.407999999996,1.0,46319.4728125,7.717961007317399e-06,264.0095622019964,2880.0,1.0,,92,,,,,,,,
2.1394819930001177,0.002003365523099395,0.01668294274713844,0.0,0.0,0.015582499999999999,4.0,0.7675,-0.0041770645378467934,0.2704986321429412,3.379346647610267e-05,5.929786633866267e-06,7.187780425965684e-06,46790.292,1.0,46346.647312500005,7.717961007317399e-06,262.1718734652473,2880.0,1.0,,93,,,,,,,,
2.109375728000032,0.002699536552730327,0.043505859250823654,0.0,0.0,0.015535,4.0,0.765,-0.008628925172767291,0.26706624155243236,-0.004482305143028498,3.4745857722858395e-06,3.8124113738528345e-06,46901.96000000001,1.0,46405.61075,7.717961007317399e-06,214.10837593479994,2880.0,1.0,,94,,,,,,,,
2.1292940339999404,0.001960766314975141,0.01669921890910094,0.0,0.0,0.015487500000000001,4.0,0.7625,-0.006037928940107425,0.27119631816943485,-0.0018405053366829331,5.433765390231808e-06,4.372420013017593e-06,46732.772000000004,1.0,46317.198875,7.717961007317399e-06,259.19889949078606,2880.0,1.0,,95,,,,,,,,
2.1529870129998017,0.001185371926718896,0.0073567709284058464,0.0,0.0,0.01544,4.0,0.76,-0.00977887317033795,0.2737956742445628,-0.005553953837079462,4.658533659570215e-06,4.040724235210291e-06,46816.6,1.0,46387.311937499995,7.717961007317399e-06,230.10918584064822,2880.0,1.0,,96,,,,,,,,
2.1516684590001205,0.001078672521543922,0.006770833337213844,0.0,0.0,0.0153925,4.0,0.7575000000000001,-0.007082592967587213,0.2733948181072871,-0.002879758419794598,5.614874510229129e-06,9.667248851504459e-06,46848.832,1.0,46399.706999999995,7.717961007317399e-06,266.01383507253945,2880.0,1.0,,97,,,,,,,,
2.1196623040000304,0.0008625573943087753,0.006526692760720228,0.0,0.0,0.015345000000000001,4.0,0.755,-0.006205774766082565,0.2734133203824361,-0.0020166195075338087,4.710283879679385e-06,1.1802732511038508e-05,46880.948000000004,1.0,46417.629875,7.717961007317399e-06,250.53045898948938,2880.0,1.0,,98,,,,,,,,
2.1526204819997474,0.0023833145739142005,0.022802734437088173,0.0,0.0,0.0152975,4.0,0.7525,-0.005149993812665343,0.264796777938803,-0.0011038093944080174,4.640648503103269e-06,8.160170068549633e-06,46820.544,1.0,46418.2993125,7.717961007317399e-06,241.73463516690762,2880.0,1.0,,99,,,,,,,,
2.123955899000066,0.0015311079690339586,0.015006510385622581,0.0,0.0,0.01525,4.0,0.75,-0.007184111037834858,0.2630708267291387,-0.003175090804385642,4.530241701180178e-06,4.713567060813754e-06,46675.472,1.0,46339.883625,7.717961007317399e-06,213.8642833758356,2880.0,1.0,,100,46901.96000000001,46777.72,46451.079999999994,70000042,46299.00533333333,best_of_k,46777.72,292.00299118528847
2.1887159120001343,0.0022212411859072745,0.023828125064028427,0.0,0.0,0.0152025,4.0,0.7475,-0.00720756816250893,0.26551172075172264,-0.003175659784271071,5.348412022006717e-06,7.997339461477774e-06,46775.611999999994,1.0,46355.490562499996,7.717961007317399e-06,311.85608474372185,2880.0,1.0,,101,,,,,,,,
2.1226991879998423,0.002494967966413242,0.02623697941695961,0.0,0.0,0.015155,4.0,0.745,-0.003967587127893542,0.26661356041828793,6.996209655577938e-05,5.3868114756975656e-06,4.881469209294664e-06,46786.43200000001,1.0,46368.2835625,7.717961007317399e-06,272.1715264094661,2880.0,1.0,,102,,,,,,,,
2.1625372879998395,0.0017521899280836806,0.013411458387660483,0.0,0.0,0.0151075,4.0,0.7424999999999999,-0.0034771574331292263,0.2627913535883029,0.000489680232324948,7.377239721032917e-06,5.090335415995166e-06,46713.208000000006,1.0,46390.5024375,7.717961007317399e-06,227.22532362020942,2880.0,1.0,,103,,,,,,,,
2.124160920999657,0.0032903793480727472,0.0345052084303461,0.0,0.0,0.01506,4.0,0.74,-0.004102492084105809,0.2599998600780964,-0.00018987174068267146,4.878512072536978e-06,4.978174814596059e-06,46747.16,1.0,46382.56725,7.717961007317399e-06,217.00413686249766,2880.0,1.0,,104,,,,,,,,
2.141375485000026,0.0007341935124713928,0.003287760434128965,0.0,0.0,0.015012500000000002,4.0,0.7375,-0.00431535152407984,0.266514769444863,-0.00031798507552593946,4.959963424274368e-06,6.380670195464215e-06,46774.924000000006,1.0,46389.643875,7.717961007317399e-06,220.72689113015784,2880.0,1.0,,105,,,,,,,,
2.1265069659998517,0.0023412163488198225,0.04153645830228925,0.0,0.0,0.014965,4.0,0.735,-0.004619108396582305,0.2648491964985927,-0.0006581829317534963,5.22627685010472e-06,4.0399727083695325e-06,46809.3,1.0,46440.914000000004,7.717961007317399e-06,217.69118755360896,2880.0,1.0,,106,,,,,,,,
2.1137994129999242,0.002757879425189458,0.035123698180541396,0.0,0.0,0.0149175,4.0,0.7324999999999999,-0.0047899474545071525,0.2545454291005929,-0.000995128764770925,3.891596681645145e-06,3.94664926754255e-06,46917.596000000005,1.0,46378.01931249999,7.717961007317399e-06,239.86748893769993,2880.0,1.0,,107,,,,,,,,
2.089345833999687,0.0008874779844821509,0.0068359374708961695,0.0,0.0,0.014870000000000001,4.0,0.73,-0.004342526430264115,0.24933302526672682,-0.0006382308977966508,5.598433555557373e-06,5.4529016987695895e-06,46787.004,1.0,46436.101624999996,7.717961007317399e-06,258.2150618958152,2880.0,1.0,,108,,,,,,,,
2.1987755740001376,0.0024166593017677465,0.02638346377837782,0.0,0.0,0.014822499999999999,4.0,0.7275,-0.005145372143791367,0.2543331775814295,-0.0013795463795152803,5.064419809741594e-06,7.042444716868583e-06,46816.276,1.0,46408.940625,7.717961007317399e-06,271.37626552557873,2880.0,1.0,,109,,,,,,,,
2.1790898740000557,0.002156230839318596,0.026139322998157393,0.0,0.0,0.014775,4.0,0.725,-0.006605718275144075,0.2567323825011651,-0.002819462594440362,4.4982652696035075e-06,1.3031090996188746e-05,46857.544,1.0,46353.764,7.717961007317399e-06,284.67174424238254,2880.0,1.0,,110,,,,,,,,
2.1117098499998974,0.0010390967528716526,0.007584635517559946,0.0,0.0,0.014727500000000001,4.0,0.7224999999999999,-0.0008891590211230019,0.2577814714362224,0.002903574495576322,4.149230013202517e-06,6.656899273593808e-06,46826.776,1.0,46408.950999999994,7.717961007317399e-06,238.8980125869615,2880.0,1.0,,111,,,,,,,,
2.120511267999973,0.0021700396291635116,0.030924479166666668,0.0,0.0,0.01468,4.0,0.72,-0.005976719684743633,0.2501822952181101,-0.002306833261779199,5.579074070283241e-06,4.4620877588386065e-06,46809.443999999996,1.0,46390.52437499999,7.717961007317399e-06,279.23738978306505,2880.0,1.0,,112,,,,,,,,
2.1566992210000535,0.001083463967612867,0.007747395817811291,0.0,0.0,0.014632500000000001,4.0,0.7175,-0.005169384297914803,0.24243031069636345,-0.001625748525839299,5.341537341034079e-06,6.38251230119143e-06,46808.216,1.0,46404.815375,7.717961007317399e-06,211.65558133583338,2880.0,1.0,,113,,,,,,,,
2.1452557150000757,0.0010253018190269358,0.009016927157063037,0.0,0.0,0.014585,4.0,0.7150000000000001,-0.0056049237318802625,0.23753671844800314,-0.002142750813315312,3.690341420300077e-06,3.863143490434595e-06,46756.096000000005,1.0,46394.252375,7.717961007317399e-06,245.43785352174166,2880.0,1.0,,114,,,,,,,,
2.190670596000018,0.0020003282309820256,0.018863932345993817,0.0,0.0,0.014537500000000002,4.0,0.7125,-0.005631256547834103,0.23886595480144024,-0.0021615978233360997,5.04365942788354e-06,4.701682144059305e-06,46756.428,1.0,46414.345,7.717961007317399e-06,214.54879928468645,2880.0,1.0,,115,,,,,,,,
2.2115392820001034,0.0007454811793650151,0.0025553385882327953,0.0,0.0,0.014490000000000001,4.0,0.71,-0.0037465671969888112,0.2438824468602737,-0.00021532505828266343,4.121744041185593e-06,4.405113799066385e-06,46803.692,1.0,46426.318375,7.717961007317399e-06,193.07616621261036,2880.0,1.0,,116,,,,,,,,
2.242857304000154,0.0009048610469714428,0.01057942712213844,0.0,0.0,0.0144425,4.0,0.7075,-0.0055061660532373935,0.2399587742984295,-0.0020444749388843775,2.8847566682088654e-06,7.249912982842943e-06,46776.876000000004,1.0,46417.993375,7.717961007317399e-06,188.9761868982698,2880.0,1.0,,117,,,,,,,,
2.173863956999867,0.0021942638729039268,0.025065104292783264,0.0,0.0,0.014395000000000002,4.0,0.7050000000000001,-0.008388016343815252,0.23740130476653576,-0.004975927993655205,3.223842838906421e-06,9.964309735247904e-06,46806.384,1.0,46412.239624999995,7.717961007317399e-06,195.13725959272818,2880.0,1.0,,118,,,,,,,,
2.142446908999773,0.000986364624016763,0.008984375046566129,0.0,0.0,0.014347500000000001,4.0,0.7025,-0.004690538354528447,0.23591847904026508,-0.0013081285675677161,3.851431747155705e-06,4.090880717437055e-06,46854.452,1.0,46463.587375,7.717961007317399e-06,195.86687812672486,2880.0,1.0,,119,,,,,,,,
2.144840520999878,0.001166974254071344,0.012841796968132257,0.0,0.0,0.0143,4.0,0.7,-0.0038454487221315503,0.23407833836972713,-0.0005001447037405645,2.8182120198986618e-06,3.4691590163523265e-06,46831.412000000004,1.0,46447.52356249999,7.717961007317399e-06,213.0364012969596,2880.0,1.0,,120,46917.596000000005,46813.764,46475.376000000004,70000042,46451.38386666667,best_of_k,46813.764,281.28873474963353
2.092306808000103,0.0015027661089940618,0.01411132828798145,0.0,0.0,0.014252500000000001,4.0,0.6975,0.0003441450244281441,0.23196062942345938,0.0036437111363435784,4.310243004586785e-06,1.2042931132327794e-05,46883.971999999994,1.0,46425.3635625,7.717961007317399e-06,266.86447199666486,2880.0,1.0,,121,,,,,,,,
2.1011527400000887,0.001376245007122634,0.013395182526437566,0.0,0.0,0.014205,4.0,0.6950000000000001,-0.006552467530127615,0.2314143975575765,-0.0032686453390245638,3.040983528990182e-06,6.2325259004107165e-06,46778.655999999995,1.0,46444.156375,7.717961007317399e-06,193.78806557257133,2880.0,1.0,,122,,,,,,,,
2.1540436659997795,0.0015996107807344135,0.020377604368453223,0.0,0.0,0.0141575,4.0,0.6925,-0.0023495822970289737,0.2315150654564301,0.0009261524149527153,3.2119229539754692e-06,3.2383935414751854e-06,46836.348,1.0,46481.240125,7.717961007317399e-06,165.11343740436286,2880.0,1.0,,123,,,,,,,,
2.1614837760002956,0.0014136175132080098,0.012402343815968683,0.0,0.0,0.014110000000000001,4.0,0.69,-0.0061283495160751045,0.22858824084202448,-0.002906360741083821,5.101129232798485e-06,5.762786135695326e-06,46788.808,1.0,46425.844437499996,7.717961007317399e-06,282.6458546017595,2880.0,1.0,,124,,,,,,,,
2.1065799799998786,0.0015780790854478255,0.012044270852735886,0.0,0.0,0.0140625,4.0,0.6875,-0.0040856313523060335,0.22409673718114695,-0.0009388137841597199,5.920255498873909e-06,7.90124988725438e-06,46821.727999999996,1.0,46464.068875,7.717961007317399e-06,201.09206357968108,2880.0,1.0,,125,,,,,,,,
2.112647815999935,0.0011817214045398334,0.01082356774713844,0.0,0.0,0.014015,4.0,0.685,-0.005556573383122061,0.22225963262220225,-0.002443765328886608,3.7523814550392367e-06,3.5705245409189956e-06,46793.159999999996,1.0,46467.24337499999,7.717961007317399e-06,180.23814588513045,2880.0,1.0,,126,,,,,,,,
2.140037133000078,0.0015374803442682605,0.01604817722303172,0.0,0.0,0.0139675,4.0,0.6825,-0.006368912057951093,0.2227680335442225,-0.0032611093968929103,4.306626664174473e-06,6.558658592818271e-06,46790.196,1.0,46395.956999999995,7.717961007317399e-06,283.79580176246486,2880.0,1.0,,127,,,,,,,,
2.131976791999932,0.0021633466494677123,0.026953125139698386,0.0,0.0,0.01392,4.0,0.6799999999999999,-0.004519530028725664,0.22231059397260347,-0.0014277129957918078,4.020582243432121e-06,4.6886157178960275e-06,46855.992000000006,1.0,46483.0845625,7.717961007317399e-06,240.67953119539183,2880.0,1.0,,128,,,,,,,,
2.1139772639999137,0.0010949589801991049,0.010579427160943547,0.0,0.0,0.0138725,4.0,0.6775,-0.006367179031561439,0.22744391486048698,-0.003214771354881426,4.04075572646434e-06,4.807310328184637e-06,46794.939999999995,1.0,46468.278874999996,7.717961007317399e-06,234.9789652133449,2880.0,1.0,,129,,,,,,,,
2.155256217999977,0.002130044883112229,0.023339843843132257,0.0,0.0,0.013825,4.0,0.675,-0.005082753079477698,0.22815968158344427,-0.001931349339429289,3.5301204377446993e-06,5.101970837510332e-06,46817.104,1.0,46476.108875,7.717961007317399e-06,227.54725932151808,2880.0,1.0,,130,,,,,,,,
2.1497608470003797,0.000979226531247453,0.007649739583333333,0.0,0.0,0.013777500000000002,4.0,0.6725,-0.003433196844222645,0.22189866316815218,-0.00037881619452188414,3.1629822198434945e-06,5.025222672353872e-06,46876.42799999999,1.0,46474.676999999996,7.717961007317399e-06,187.4596820132273,2880.0,1.0,,131,,,,,,,,
2.0881485099998827,0.0022420820945020146,0.023811849066987634,0.0,0.0,0.01373,4.0,0.6699999999999999,-0.0068683799472637475,0.21843833290040493,-0.003872820370209714,5.542082021747774e-06,6.088581917159293e-06,46855.40400000001,1.0,46457.662874999995,7.717961007317399e-06,210.38173059996086,2880.0,1.0,,132,,,,,,,,
2.1774185690001104,0.0020433129775483394,0.024381510602931183,0.0,0.0,0.0136825,4.0,0.6675,-0.007201570474232237,0.21854167866210142,-0.004214810129875938,4.05761977617658e-06,6.060429342369389e-06,46796.128000000004,1.0,46519.977,7.717961007317399e-06,148.11012719932393,2880.0,1.0,,133,,,,,,,,
2.195333053000013,0.0009380539322592085,0.011035156300446639,0.0,0.0,0.013635000000000001,4.0,0.665,-0.004448963484416406,0.221478633582592,-0.0014314620445171993,4.480053746647172e-06,3.82228324724565e-06,46858.888,1.0,46483.2645,7.717961007317399e-06,203.93935419322543,2880.0,1.0,,134,,,,,,,,
2.192111563999788,0.0018081395743744604,0.018261718835371237,0.0,0.0,0.013587499999999999,4.0,0.6625,-0.007445697478639583,0.22026355440417925,-0.004454878546918432,4.098992604895102e-06,3.2047786836149803e-06,46861.308000000005,1.0,46480.42675,7.717961007317399e-06,213.88704060072902,2880.0,1.0,,135,,,,,,,,
2.2256407320001017,0.0015266016950287546,0.013671875067908937,0.0,0.0,0.01354,4.0,0.6599999999999999,-0.0032664508083447195,0.21698612657686075,-0.00033283947656552,3.6622936363528424e-06,8.0288317387082e-06,46852.092000000004,1.0,46457.473249999995,7.717961007317399e-06,226.854675694459,2880.0,1.0,,136,,,,,,,,
2.201195828999971,0.0015809327669558115,0.01614583337989946,0.0,0.0,0.013492500000000001,4.0,0.6575,-0.004037214055036505,0.2145551759749651,-0.001144559510673086,3.0705089765585094e-06,3.848611460928926e-06,46912.208,1.0,46483.1146875,7.717961007317399e-06,193.118464707619,2880.0,1.0,,137,,,,,,,,
2.204269333999946,0.003393656423819872,0.04599609381208817,0.0,0.0,0.013445000000000002,4.0,0.655,-0.003825123315133775,0.21184098968903223,-0.0009814452302331726,4.352827185509038e-06,8.179330696596784e-06,46873.504,1.0,46439.5895625,7.717961007317399e-06,245.1504223712626,2880.0,1.0,,138,,,,,,,,
2.2092235100003563,0.0036316000235577426,0.03933919298773011,0.0,0.0,0.013397500000000001,4.0,0.6525000000000001,-0.004362150852102786,0.21500085728863874,-0.0014840695075690746,2.952597772794737e-06,4.194395074819113e-06,46811.256,1.0,46528.474437499994,7.717961007317399e-06,132.5051956125071,2880.0,1.0,,139,,,,,,,,
2.2831881450001674,0.0009114295589824906,0.011246744892559946,0.0,0.0,0.01335,4.0,0.65,-0.004857242194702849,0.21743869222700596,-0.0019587446780254445,4.141680401896035e-06,7.788702722185311e-06,46811.32800000001,1.0,46500.5066875,7.717961007317399e-06,204.45408835610806,2880.0,1.0,,140,46917.596000000005,46724.592,46482.604,70000042,46463.48226666667,best_of_k,46724.592,235.6149353312079
2.195741481999903,0.000626277766059502,0.003678385449651008,0.0,0.0,0.013302500000000002,4.0,0.6475,-0.005415378274240841,0.21371588297188282,-0.0025753071374007654,2.397190357328327e-06,5.28993308535064e-06,46850.648,1.0,46540.3936875,7.717961007317399e-06,159.112327782616,2880.0,1.0,,141,,,,,,,,
2.231533539999873,0.0017734561297402252,0.011360677153182527,0.0,0.0,0.013255000000000001,4.0,0.645,-0.0008943162974901497,0.2089429758489132,0.0018727494946991403,3.7250135941728027e-06,4.2026283608720405e-06,46822.119999999995,1.0,46477.852062499995,7.717961007317399e-06,158.37039260305693,2880.0,1.0,,142,,,,,,,,
2.2267369279998093,0.0017108142128563486,0.015201823058305308,0.0,0.0,0.0132075,4.0,0.6425000000000001,-0.004556004035597046,0.2057883900900682,-0.0018403425662351462,2.875565362122264e-06,4.00049335288107e-06,46896.244,1.0,46458.801062499995,7.717961007317399e-06,216.02432351964674,2880.0,1.0,,143,,,,,,,,
2.1612977509998927,0.0014965629937554088,0.013444010478754839,0.0,0.0,0.013160000000000002,4.0,0.64,-0.0036184318208446107,0.21305259503424168,-0.0008169651846401393,2.8729339002590373e-06,4.035579526847262e-06,46830.768,1.0,46499.7550625,7.717961007317399e-06,177.9169553987796,2880.0,1.0,,144,,,,,,,,
2.1986803520003377,0.0012334702575268845,0.011002604228754839,0.0,0.0,0.013112500000000001,4.0,0.6375,-0.0022127102905263505,0.21226657181978226,0.0005683689281189194,3.3316103914179016e-06,3.865074603481844e-06,46777.008,1.0,46497.214125,7.717961007317399e-06,194.89875415195567,2880.0,1.0,,145,,,,,,,,
2.225433950000024,0.0014046010473975912,0.010823567785943547,0.0,0.0,0.013065,4.0,0.635,-0.005157428061162743,0.21873376642664275,-0.0023029457855348787,4.1052718605290766e-06,5.728174234794399e-06,46810.056,1.0,46492.354125,7.717961007317399e-06,179.09933281976464,2880.0,1.0,,146,,,,,,,,
2.190493938000145,0.0019411908572995646,0.02569986980718871,0.0,0.0,0.013017500000000001,4.0,0.6325000000000001,-0.00410579969563211,0.2220419067889452,-0.0012190580794898171,7.2051411545241235e-06,5.937237546049801e-06,46839.46799999999,1.0,46477.317500000005,7.717961007317399e-06,255.303462440779,2880.0,1.0,,147,,,,,,,,
2.203103272000135,0.0011021335012628697,0.005712890638581787,0.0,0.0,0.01297,4.0,0.63,-0.002416890813037753,0.2237947334845861,0.00048244822149475414,5.5510457931025785e-06,5.447848138828704e-06,46850.8,1.0,46535.992625,7.717961007317399e-06,165.20024222019043,2880.0,1.0,,148,,,,,,,,
2.190743246999773,0.0014282328241582338,0.011197916775320968,0.0,0.0,0.0129225,4.0,0.6275,-0.002742541410649816,0.22781496246655783,0.00019865632445241013,5.065193912893544e-06,4.469476683273872e-06,46837.056000000004,1.0,46523.203625,7.717961007317399e-06,198.0864741984169,2880.0,1.0,,149,,,,,,,,
2.2111378569998124,0.0014182449522195384,0.008577474024302015,0.0,0.0,0.012875000000000001,4.0,0.625,-0.005669566181798776,0.23371294575432935,-0.0026628359919413924,4.02788904807494e-06,3.8416806376062596e-06,46927.852,1.0,46538.509875,7.717961007317399e-06,194.53737349538974,2880.0,1.0,,150,,,,,,,,
2.1542797899996913,0.0021365371746166297,0.017317708348855376,0.0,0.0,0.0128275,4.0,0.6225,-0.0060189627499009175,0.2259780609359344,-0.003129202921021109,3.9217740190148715e-06,1.7162926582159344e-05,46778.91999999999,1.0,46482.6204375,7.717961007317399e-06,248.35882167754485,2880.0,1.0,,151,,,,,,,,
2.098792685999797,0.0005308629746044365,0.0008626302102735887,0.0,0.0,0.01278,4.0,0.62,-0.004049097852354559,0.22312810768683752,-0.0012058521388098598,3.2407340408250698e-06,1.601458002179849e-05,46775.12,1.0,46500.91756249999,7.717961007317399e-06,196.10783576086095,2880.0,1.0,,152,,,,,,,,
2.0478524279997146,0.001078603516361909,0.013525390687088171,0.0,0.0,0.0127325,4.0,0.6174999999999999,-0.006761666717162977,0.22073680783311525,-0.003954244137275964,3.451467260144151e-06,5.528837959900557e-06,46879.18,1.0,46502.516625,7.717961007317399e-06,191.25322663581287,2880.0,1.0,,153,,,,,,,,
2.1064883919998465,0.0012583105005129862,0.017496744917783264,0.0,0.0,0.012685,4.0,0.615,-0.00291511754039675,0.2272131269176801,-3.583888368060192e-05,3.0975366674586744e-06,5.2199961165418545e-06,46805.46,1.0,46539.4020625,7.717961007317399e-06,205.12830829628695,2880.0,1.0,,154,,,,,,,,
2.0786174290001327,0.0019806215229133763,0.019205729137562837,0.0,0.0,0.0126375,4.0,0.6125,-0.0015906852446884538,0.22666002189119658,0.0012705529855641846,4.008574582788545e-06,5.552481970501806e-06,46861.624,1.0,46530.8878125,7.717961007317399e-06,201.86569913116662,2880.0,1.0,,155,,,,,,,,
2.0393574569998236,0.0014037065260102584,0.012093099144597849,0.0,0.0,0.01259,4.0,0.61,-0.005972536576640171,0.22234373539686203,-0.003175405610818416,3.709618548934183e-06,3.6120777622272726e-06,46867.012,1.0,46477.781375,7.717961007317399e-06,190.12310424987672,2880.0,1.0,,156,,,,,,,,
2.0118179740002233,0.0018819804657444668,0.023730468751940254,0.0,0.0,0.012542500000000002,4.0,0.6074999999999999,-0.004747574237020065,0.21837857800225416,-0.002010391054985424,3.064859138627677e-06,3.0478738987464262e-06,46838.712,1.0,46497.61525,7.717961007317399e-06,193.47164194382037,2880.0,1.0,,157,,,,,,,,
2.0052187969999977,0.0034654636110644788,0.039225260416666664,0.0,0.0,0.012495,4.0,0.605,-0.007440647711822142,0.2139810360968113,-0.004770093287030856,4.59973375654954e-06,5.356896252806109e-06,46820.788,1.0,46502.379,7.717961007317399e-06,202.41421258029368,2880.0,1.0,,158,,,,,,,,
2.0528317180001068,0.0021199001445590207,0.030387369809128966,0.0,0.0,0.0124475,4.0,0.6025,-0.004189867293462157,0.208750922853748,-0.001593522688684364,2.9955303186094775e-06,3.565168668728802e-06,46941.788,1.0,46515.024874999996,7.717961007317399e-06,177.11060572064707,2880.0,1.0,,159,,,,,,,,
2.1069202140001835,0.001751610351978646,0.0183593751086543,0.0,0.0,0.012400000000000001,4.0,0.6,-0.003362854457615564,0.2100011861572663,-0.0007629336711640159,3.2724006757689494e-06,7.5344268566368555e-06,46805.020000000004,1.0,46525.468624999994,7.717961007317399e-06,162.3577467049525,2880.0,1.0,,160,46941.788,46806.156,46463.084,70000042,46484.8008,best_of_k,46806.156,237.36191046619194
2.1249919510000836,0.002626841034119328,0.026936849191163976,0.0,0.0,0.012352499999999999,4.0,0.5974999999999999,-0.0032330328928461918,0.21125768683850765,-0.0006251011121397217,2.842008304545137e-06,2.689775158160046e-06,46867.584,1.0,46553.88125,7.717961007317399e-06,202.0635445508124,2880.0,1.0,,161,,,,,,,,
2.0765828180001336,0.0013931132301271039,0.017106119902261224,0.0,0.0,0.012305,4.0,0.595,-0.0041919234790839255,0.21003449335694313,-0.0016099743855496247,3.872294740858706e-06,4.27527523546208e-06,46871.316,1.0,46545.2639375,7.717961007317399e-06,192.00012239643618,2880.0,1.0,,162,,,,,,,,
2.0325772809997034,0.0017095428629545495,0.020247395819751546,0.0,0.0,0.012257500000000001,4.0,0.5925,-0.004750257047514121,0.20357339829206467,-0.002257144001002113,2.655062445455769e-06,3.845188596566611e-06,46857.871999999996,1.0,46555.4043125,7.717961007317399e-06,169.67476930337216,2880.0,1.0,,163,,,,,,,,
2.0540938639996966,0.0009940501695382409,0.006396484386641532,0.0,0.0,0.012210000000000002,4.0,0.5900000000000001,-0.005787862290162593,0.1978396326303482,-0.00337494876778995,4.591625203905399e-06,4.498655878630113e-06,46840.82800000001,1.0,46516.918000000005,7.717961007317399e-06,216.42736585399888,2880.0,1.0,,164,,,,,,,,
2.0498092689999794,0.0013478258915711194,0.01378580741584301,0.0,0.0,0.012162500000000001,4.0,0.5875,-0.004803274661147346,0.19931920059025288,-0.002381346692952017,4.017629407826462e-06,3.7793667502228345e-06,46805.808,1.0,46521.2879375,7.717961007317399e-06,202.1481207635791,2880.0,1.0,,165,,,,,,,,
2.088660570000229,0.0013704022433861003,0.01482747394281129,0.0,0.0,0.012115,4.0,0.585,-0.0030716442270204425,0.1983416626850764,-0.0006712462054565549,4.208145260993963e-06,4.1798388394909125e-06,46718.852,1.0,46471.8129375,7.717961007317399e-06,189.61092920734126,2880.0,1.0,,166,,,,,,,,
2.071097794999787,0.0013347461329734263,0.013264973958333334,0.0,0.0,0.0120675,4.0,0.5825,-0.004325267519258584,0.20324348782499632,-0.0018748751608654857,3.0042391377567887e-06,3.896388420798758e-06,46875.975999999995,1.0,46505.8108125,7.717961007317399e-06,213.12870852923572,2880.0,1.0,,167,,,,,,,,
2.0572761019998325,0.0018284012039657682,0.01847330734017305,0.0,0.0,0.012020000000000001,4.0,0.5800000000000001,-0.003189694369211793,0.20382439717650414,-0.000741704871567587,3.1549693441471995e-06,3.328900277210778e-06,46796.724,1.0,46502.9594375,7.717961007317399e-06,199.87039194296406,2880.0,1.0,,168,,,,,,,,
2.127234882999801,0.0008922744964365847,0.005354817714154099,0.0,0.0,0.0119725,4.0,0.5775,-0.003508941784578686,0.2019403694818417,-0.0010935727429265778,2.577021116204984e-06,4.208826084095563e-06,46897.524000000005,1.0,46483.481499999994,7.717961007317399e-06,193.5651864960491,2880.0,1.0,,169,,,,,,,,
2.010006324999722,0.0003398734506845358,0.00016276041666666666,0.0,0.0,0.011925000000000002,4.0,0.575,-0.005196767577823873,0.20469905684391657,-0.002757857049194475,3.57527909500277e-06,3.5354810374125614e-06,46872.108,1.0,46516.2686875,7.717961007317399e-06,247.13149533857006,2880.0,1.0,,170,,,,,,,,
2.1214021980003963,0.0016977955553253803,0.017154947903084878,0.0,0.0,0.011877500000000001,4.0,0.5725,-0.006332612208401163,0.2037910179545482,-0.003914517893766363,3.633172980244126e-06,4.139990873378944e-06,46881.24800000001,1.0,46545.83625,7.717961007317399e-06,222.5543692649912,2880.0,1.0,,171,,,,,,,,
1.9929285319999508,0.0010769143482320942,0.008561197949651008,0.0,0.0,0.01183,4.0,0.5700000000000001,-0.002121443802025169,0.2003192938864231,0.0002460673216167682,3.2893516390686273e-06,3.875197402673318e-06,46907.68000000001,1.0,46540.4896875,7.717961007317399e-06,172.12016796384646,2880.0,1.0,,172,,,,,,,,
2.0079728030000297,0.0015508060108307593,0.013574218862534812,0.0,0.0,0.011782500000000001,4.0,0.5675,-0.0018884442882457126,0.19641821831464767,0.0004238847177475691,2.0954707290835963e-06,3.5184741307148215e-06,46824.22000000001,1.0,46521.167,7.717961007317399e-06,175.88833997027803,2880.0,1.0,,173,,,,,,,,
2.0341794470000423,0.0011045900319004431,0.010791015656044086,0.0,0.0,0.011735,4.0,0.565,-0.00536751215501378,0.19130993510286012,-0.0031246918661054224,3.0614080988774126e-06,3.7906414812975222e-06,46828.34,1.0,46538.276125000004,7.717961007317399e-06,162.78701473239352,2880.0,1.0,,174,,,,,,,,
2.001435089000097,0.0010182921951127355,0.009212239606616398,0.0,0.0,0.0116875,4.0,0.5625,-0.0018234206557584305,0.1955871575822433,0.00046059145824983716,5.695381503301178e-06,2.6860352401551304e-06,46885.892,1.0,46558.5945,7.717961007317399e-06,192.62525497647127,2880.0,1.0,,175,,,,,,,,
2.0016307079999933,0.001026660655043088,0.0063964844060440855,0.0,0.0,0.011640000000000001,4.0,0.56,-0.002377414571431776,0.1924491443981727,-0.00013884459622204304,3.6219911597375662e-06,2.3517965198986226e-06,46781.255999999994,1.0,46531.3083125,7.717961007317399e-06,154.6000381748096,2880.0,1.0,,176,,,,,,,,
2.0296035390001634,0.002747434722550679,0.039990234470072515,0.0,0.0,0.0115925,4.0,0.5575,-0.0023890394950285554,0.19367514985303083,-0.00015615047110865513,3.195205522388278e-06,2.394179194690575e-05,46883.964,1.0,46540.193812499994,7.717961007317399e-06,168.36683422504984,2880.0,1.0,,177,,,,,,,,
2.011027921999812,0.00046244883803107467,0.0014485677238553762,0.0,0.0,0.011545,4.0,0.5549999999999999,-0.002538450799571971,0.19005818168322244,-0.0003517206059768796,3.831705299717214e-06,1.4215308378121941e-05,46848.876,1.0,46557.543562499995,7.717961007317399e-06,214.60280975341126,2880.0,1.0,,178,,,,,,,,
2.071722207000221,0.001392665510744943,0.013346354137562836,0.0,0.0,0.0114975,4.0,0.5525,-0.0033799687904926636,0.1917424431691567,-0.0011800139133508007,3.3545931993709623e-06,8.53631807255321e-06,46870.952,1.0,46568.71568749999,7.717961007317399e-06,200.6901778031315,2880.0,1.0,,179,,,,,,,,
2.017359693000344,0.0013565248276184623,0.015690104279201478,0.0,0.0,0.01145,4.0,0.55,-0.0054236698876290275,0.1937908741335074,-0.0032069217801714935,2.8599892232250568e-06,3.7431126334771156e-06,46862.731999999996,1.0,46526.639125,7.717961007317399e-06,180.4104377391579,2880.0,1.0,,180,46941.788,46907.272,46667.324,70000042,46597.55813333335,best_of_k,46907.272,206.9970272166152
2.015902062999885,0.0007694681451842674,0.006966145883779973,0.0,0.0,0.011402500000000001,4.0,0.5475,-0.0014003792603034526,0.19644302440186343,0.0008376437860230604,2.749390527393795e-06,3.287277261658043e-06,46853.18,1.0,46551.3383125,7.717961007317399e-06,185.66675454400163,2880.0,1.0,,181,,,,,,,,
2.022335564000059,0.0013384793671017785,0.019905599066987634,0.0,0.0,0.011355,4.0,0.5449999999999999,-0.00203654133171464,0.19677557547887167,0.00019628444473103931,3.1021592784933696e-06,2.5015593981455217e-06,46910.968,1.0,46575.3264375,7.717961007317399e-06,181.8700873640548,2880.0,1.0,,182,,,,,,,,
2.0209074509998572,0.0007433804427516103,0.002864583337213844,0.0,0.0,0.0113075,4.0,0.5425,-0.0017690258100628853,0.19695560385783514,0.0004563190935490032,4.115225067380379e-06,2.6390228147950743e-06,46848.656,1.0,46570.765374999995,7.717961007317399e-06,173.25536006025726,2880.0,1.0,,183,,,,,,,,
2.089850551999916,0.0007471771095879376,0.0024414062694025538,0.0,0.0,0.011260000000000001,4.0,0.54,-0.0007117781400059661,0.20274736732244492,0.0015695517067797482,2.765151658460733e-06,2.6573972130942516e-06,46873.756,1.0,46582.3815625,7.717961007317399e-06,185.77346166314715,2880.0,1.0,,184,,,,,,,,
2.0248073130001103,0.0013766856512423449,0.013509114631839717,0.0,0.0,0.0112125,4.0,0.5375,-0.0017390736805585523,0.20435026350120702,0.0005506219652791818,2.68492961197353e-06,2.6257768202716156e-06,46901.03200000001,1.0,46596.2635,7.717961007317399e-06,165.27010226520025,2880.0,1.0,,185,,,,,,,,
2.0226335610000206,0.0019911336372994506,0.0234863282336543,0.0,0.0,0.011165,4.0,0.5349999999999999,-0.0023234539354840913,0.20146520559986433,-7.802461429188649e-05,4.520261815817624e-06,6.954912483555138e-06,46878.244,1.0,46538.8521875,7.717961007317399e-06,230.67560878800188,2880.0,1.0,,186,,,,,,,,
2.0237779039998713,0.0013290925902159263,0.009375000052386895,0.0,0.0,0.0111175,4.0,0.5325,-0.0010975900028521817,0.1996083247164885,0.0011185445667554934,4.889507569790415e-06,5.043490337660235e-06,46878.448000000004,1.0,46584.8225,7.717961007317399e-06,169.4465159652162,2880.0,1.0,,187,,,,,,,,
2.04401905099985,0.0013635963356743257,0.02045898447977379,0.0,0.0,0.011070000000000002,4.0,0.53,0.0002250881128323575,0.20227047118047872,0.002457735206310948,3.934548734226458e-06,1.2187290745184024e-05,46880.14,1.0,46594.2914375,7.717961007317399e-06,173.67669209895124,2880.0,1.0,,188,,,,,,,,
2.031169872999726,0.001160636553928877,0.011490885478754839,0.0,0.0,0.011022500000000001,4.0,0.5275000000000001,-0.0030142868345137686,0.2010129727423191,-0.0008077599729100863,2.830171505744753e-06,1.7709503604616355e-05,46932.44,1.0,46577.373374999996,7.717961007317399e-06,177.12664640197386,2880.0,1.0,,189,,,,,,,,
2.0104879520004033,0.0009157218773907516,0.007828776103754839,0.0,0.0,0.010975,4.0,0.525,-0.005392898281570524,0.2008534073829651,-0.00319191572877268,2.1738760599040083e-06,6.331722147479013e-06,46880.00400000001,1.0,46622.781875,7.717961007317399e-06,139.9599384073331,2880.0,1.0,,190,,,,,,,,
2.062378908000028,0.0008541448150936048,0.00649414067932715,0.0,0.0,0.010927500000000001,4.0,0.5225,-0.0003082409093622118,0.202420507868131,0.0019018966316555936,2.529372361929442e-06,3.1203386186007265e-06,46914.488,1.0,46595.659,7.717961007317399e-06,164.64474826577361,2880.0,1.0,,191,,,,,,,,
1.9912182820003181,0.0019440265750745311,0.022265625040745363,0.0,0.0,0.01088,4.0,0.52,-0.0009741747344378382,0.20598114592333636,0.0012644253438338637,4.06915201741261e-06,4.136020597419095e-06,46950.572,1.0,46591.8129375,7.717961007317399e-06,231.9216579868544,2880.0,1.0,,192,,,,,,,,
2.074256028000036,0.0019514723220102799,0.023828125190145027,0.0,0.0,0.0108325,4.0,0.5175000000000001,-0.005702803930034861,0.2101971171796322,-0.003427455958444625,2.2371205214237002e-06,2.7772891447360357e-06,46915.159999999996,1.0,46596.0498125,7.717961007317399e-06,165.12327747009192,2880.0,1.0,,193,,,,,,,,
2.0152050159999817,0.0010521764318885591,0.009147135463232795,0.0,0.0,0.010785000000000001,4.0,0.515,-0.005032397321580599,0.20684301915268102,-0.002803449247342845,2.1670597902812005e-06,3.2750300533734844e-06,46902.344000000005,1.0,46587.93274999999,7.717961007317399e-06,175.29104806132557,2880.0,1.0,,194,,,,,,,,
2.0601230890001716,0.0014452881853988704,0.012809244818830242,0.0,0.0,0.0107375,4.0,0.5125,-0.004445466824108735,0.20645670841137567,-0.0022301085312695554,2.032490101555595e-06,2.5349050739957115e-06,46841.808,1.0,46599.447937499994,7.717961007317399e-06,193.96563371057832,2880.0,1.0,,195,,,,,,,,
2.0584719899998163,0.002035714700468816,0.025504557270323858,0.0,0.0,0.010690000000000002,4.0,0.51,-0.005114102658505241,0.20524697316189608,-0.0029221709119156003,3.30322280698662e-06,3.657201053404909e-06,46821.38,1.0,46587.5926875,7.717961007317399e-06,192.3268737092596,2880.0,1.0,,196,,,,,,,,
2.0798629270002493,0.0012044182479561034,0.015087890720072513,0.0,0.0,0.010642500000000001,4.0,0.5075000000000001,-0.002976952314687272,0.20818790420889854,-0.0007632288228099545,2.7582397687334983e-06,3.278883241364383e-06,46903.704,1.0,46603.0648125,7.717961007317399e-06,162.55360467885652,2880.0,1.0,,197,,,,,,,,
2.105593034999856,0.0011506020819069818,0.007600911475795631,0.0,0.0,0.010595,4.0,0.505,-0.001224635847999404,0.2088514386365811,0.000986222643405199,3.4677963043350246e-06,3.151449173325697e-06,46929.276000000005,1.0,46615.8645625,7.717961007317399e-06,169.36493599896625,2880.0,1.0,,198,,,,,,,,
2.0605223419997856,0.001479814464498001,0.015380859423506385,0.0,0.0,0.010547500000000001,4.0,0.5025,-0.002296465914696455,0.20129347095886865,-0.00017513280423978964,2.438227284073946e-06,3.1305734372229685e-06,46920.971999999994,1.0,46607.04493749999,7.717961007317399e-06,174.5913709733994,2880.0,1.0,,199,,,,,,,,
2.042267481000181,0.0015394707867623463,0.018619791604578495,0.0,0.0,0.0105,4.0,0.5,-0.002723483252339065,0.20147603191435337,-0.0006100335934509834,2.707651873379291e-06,3.557423156053119e-06,46931.02,1.0,46625.302875,7.717961007317399e-06,155.61706838497665,2880.0,1.0,,200,46950.572,46889.348,46748.656,70000042,46669.15346666667,best_of_k,46889.348,162.02049868493754
2.0293371350003326,0.0015284727884742704,0.020361328187088173,0.0,0.0,0.010452500000000002,4.0,0.49750000000000005,-0.002911065758477586,0.20233573392033577,-0.0007976498066758116,2.652582068662923e-06,2.466258626062275e-06,46980.996,1.0,46632.2268125,7.717961007317399e-06,142.98114217910003,2880.0,1.0,,201,,,,,,,,
2.0543699599998035,0.001879592498880811,0.02490234390522043,0.0,0.0,0.010405000000000001,4.0,0.495,-0.0017009548319038004,0.19785174106558165,0.00035420737306897837,3.6347888017947603e-06,6.243478310352657e-06,46865.84,1.0,46559.7923125,7.717961007317399e-06,224.27143467827776,2880.0,1.0,,202,,,,,,,,
2.152256933999979,0.00144840739085339,0.01349283855718871,0.0,0.0,0.010357500000000002,4.0,0.49250000000000005,-0.003686169278807938,0.197014927243193,-0.001647505210712552,2.4716001310783517e-06,3.340543723121906e-06,46914.584,1.0,46609.1951875,7.717961007317399e-06,177.43285162869412,2880.0,1.0,,203,,,,,,,,
2.0303069229998982,0.001042545666071722,0.009667968765522042,0.0,0.0,0.01031,4.0,0.49,-0.0022109781469528875,0.2000397356847922,-0.0001501874066889286,2.0612468366228618e-06,2.8268002362589564e-06,46947.708,1.0,46644.172374999995,7.717961007317399e-06,167.06144762739112,2880.0,1.0,,204,,,,,,,,
2.0330341700000645,0.001038751069851666,0.0073730469060440855,0.0,0.0,0.0102625,4.0,0.48750000000000004,-0.0031557181500829756,0.20200435693065324,-0.001084546131702761,2.565154095653573e-06,3.282743913738765e-06,46953.376,1.0,46650.9434375,7.717961007317399e-06,152.8272135172058,2880.0,1.0,,205,,,,,,,,
2.052191748000041,0.0009092038458220486,0.00810546882955047,0.0,0.0,0.010215,4.0,0.485,-0.0009555801710424324,0.19988440411786237,0.0010839328169822693,3.547472886111791e-06,3.902996420871811e-06,46858.632000000005,1.0,46598.072562500005,7.717961007317399e-06,160.14769763700633,2880.0,1.0,,206,,,,,,,,
2.1106060370002524,0.0008295366945579493,0.0055175782181322575,0.0,0.0,0.010167500000000001,4.0,0.48250000000000004,-0.0022680296290976307,0.19568682151536146,-0.00028087239479646087,3.849841850941023e-06,4.20767825441241e-06,46888.255999999994,1.0,46604.3919375,7.717961007317399e-06,158.08377626039484,2880.0,1.0,,207,,,,,,,,
2.0234484439997686,0.0009124000910863591,0.0017415364660943549,0.0,0.0,0.01012,4.0,0.48,-0.0034340652879715585,0.18725814608236155,-0.0015408265705142792,2.3274256998699152e-06,3.161216085345586e-06,46935.648,1.0,46610.327124999996,7.717961007317399e-06,162.66383582018028,2880.0,1.0,,208,,,,,,,,
2.040901581000071,0.0006935377750778571,0.003971354153084879,0.0,0.0,0.010072500000000002,4.0,0.47750000000000004,-0.002099704225353586,0.18291990210612616,-0.0002585065940365894,1.9123188508274325e-06,2.144791290940399e-06,46908.54000000001,1.0,46630.3918125,7.717961007317399e-06,133.34251182468086,2880.0,1.0,,209,,,,,,,,
2.016159934999905,0.002139812997484114,0.02755533851450309,0.0,0.0,0.010025000000000001,4.0,0.475,-0.0020919866607679674,0.18928191562493643,-0.0001956030415991942,2.0705757369417674e-06,1.92151159221036e-06,46885.664000000004,1.0,46633.00025,7.717961007317399e-06,139.989417976638,2880.0,1.0,,210,,,,,,,,
2.0481428630000664,0.0007219045602748034,0.006933593763581787,0.0,0.0,0.009977500000000002,4.0,0.47250000000000003,-0.00048935665593793,0.18946029990911484,0.0013991006126161665,2.937141317715941e-06,3.1786058135215476e-06,46916.588,1.0,46620.254,7.717961007317399e-06,200.35986030515326,2880.0,1.0,,211,,,,,,,,
2.0780167870002515,0.0007480956424691007,0.005631510478754838,0.0,0.0,0.00993,4.0,0.47,-0.0019607968133641407,0.18961650816102824,-7.954592971752088e-05,2.3063506281080968e-06,2.8198564668476442e-06,46903.50000000001,1.0,46643.5285625,7.717961007317399e-06,166.62597189044058,2880.0,1.0,,212,,,,,,,,
2.0636699990000125,0.0011655875568976626,0.011702473973855376,0.0,0.0,0.0098825,4.0,0.4675,-0.003223431141426166,0.19419200966755548,-0.001305763202253729,3.0715991954366473e-06,2.2547602422188597e-06,46905.584,1.0,46661.476375,7.717961007317399e-06,146.0073074758923,2880.0,1.0,,213,,,,,,,,
2.0362405269997907,0.0012159655646731455,0.013134765642462298,0.0,0.0,0.009835,4.0,0.46499999999999997,-0.004309550170243408,0.19792270784576735,-0.0023646816068018475,3.0010126010893146e-06,2.802345922721846e-06,46843.616,1.0,46584.839125,7.717961007317399e-06,158.41969017055465,2880.0,1.0,,214,,,,,,,,
2.023918187000163,0.0012539803865365684,0.011083984437088171,0.0,0.0,0.009787500000000001,4.0,0.4625,0.0003644740888072799,0.19317450001835823,0.002253148976402978,2.3617307599958317e-06,3.5666813005263975e-06,46938.856,1.0,46658.0418125,7.717961007317399e-06,170.96673168474896,2880.0,1.0,,215,,,,,,,,
2.0532558990003054,0.001550425595875519,0.010465494813009476,0.0,0.0,0.00974,4.0,0.45999999999999996,-0.004614018806023523,0.1903206631541252,-0.0027618860670675835,1.975892634694295e-06,2.7865331825675335e-06,46927.92800000001,1.0,46612.1968125,7.717961007317399e-06,161.46668953406476,2880.0,1.0,,216,,,,,,,,
2.0735903729996608,0.0006597226674784906,0.0030273437732830644,0.0,0.0,0.009692500000000001,4.0,0.4575,-0.0031920531667613736,0.19046194044252238,-0.0013473407210161288,2.034535948306863e-06,2.2742941657346214e-06,46963.92,1.0,46655.7975,7.717961007317399e-06,160.4594482314777,2880.0,1.0,,217,,,,,,,,
2.0361397780002335,0.0010444445542816538,0.010856119838232795,0.0,0.0,0.009644999999999999,4.0,0.45499999999999996,-0.0021545937731085965,0.1890919841825962,-0.0003335663350299001,4.580645442805083e-06,4.613514515009835e-06,46915.968,1.0,46624.435124999996,7.717961007317399e-06,243.65408825471226,2880.0,1.0,,218,,,,,,,,
2.0340295310002148,0.0006444183685137735,0.0018391927102735888,0.0,0.0,0.0095975,4.0,0.4525,-0.0028582062028969326,0.18796074700852236,-0.0010559784568613395,3.1471568130806795e-06,2.8215280091596164e-06,46984.088,1.0,46658.011875,7.717961007317399e-06,176.2598345553651,2880.0,1.0,,219,,,,,,,,
2.0354036049998285,0.0015670164624073852,0.013444010449651008,0.0,0.0,0.00955,4.0,0.44999999999999996,-0.004134521455853246,0.1862227482100328,-0.002357688033953309,2.994490567213385e-06,2.588215172257454e-06,46992.836,1.0,46629.059624999994,7.717961007317399e-06,185.98558748962145,2880.0,1.0,,220,46992.836,46907.272,46949.904,70000042,46629.37253333334,best_of_k,46907.272,174.14412662844148
2.0627221310001005,0.00179436399412225,0.020149739536767203,0.0,0.0,0.0095025,4.0,0.4475,-0.001485418159669886,0.1828477568924427,0.0002506218928222855,3.009613593007998e-06,2.339563948794421e-06,46944.064000000006,1.0,46663.384625,7.717961007317399e-06,170.73345126280796,2880.0,1.0,,221,,,,,,,,
2.1060377529997822,0.001741983035268883,0.023486328253056854,0.0,0.0,0.009455,4.0,0.44499999999999995,-0.0006753048316265146,0.1797975661853949,0.0010229265317320824,2.9141390503658235e-06,2.9263321437156264e-06,46915.688,1.0,46636.42125,7.717961007317399e-06,221.74473769390306,2880.0,1.0,,222,,,,,,,,
2.072366222000255,0.0017820062563866184,0.020979817879075807,0.0,0.0,0.009407500000000001,4.0,0.4425,-0.006345684683765285,0.17977479348580042,-0.004656463434609274,2.2673011888703818e-06,3.565319426949524e-06,46943.204000000005,1.0,46639.8899375,7.717961007317399e-06,198.0871731574172,2880.0,1.0,,223,,,,,,,,
2.069542774999718,0.001168606157686251,0.013492838644500202,0.0,0.0,0.00936,4.0,0.43999999999999995,-0.0007133905552715684,0.17794085666537285,0.0009503061495100459,1.6770299377337021e-06,3.3240690034593476e-06,46895.104,1.0,46651.9315625,7.717961007317399e-06,151.13696448770827,2880.0,1.0,,224,,,,,,,,
2.0324646070002927,0.0010942737256603625,0.013623046940968683,0.0,0.0,0.009312500000000001,4.0,0.4375,-0.0012987963079164426,0.18101361269752184,0.0003851248766295612,2.0906974545672106e-06,3.119089086567328e-06,46898.212,1.0,46651.60124999999,7.717961007317399e-06,173.66527775130373,2880.0,1.0,,225,,,,,,,,
2.0911606650001886,0.0015283423587485838,0.016748047006937366,0.0,0.0,0.009265000000000002,4.0,0.43500000000000005,-0.006051539889692019,0.18263905495405197,-0.004360769681322078,2.2045868490749854e-06,2.3201795329441666e-06,46917.74,1.0,46693.1646875,7.717961007317399e-06,159.60292661720678,2880.0,1.0,,226,,,,,,,,
2.0594476820001546,0.0006051380866362402,0.003662109375,0.0,0.0,0.0092175,4.0,0.4325,-0.00105281905659164,0.18304729958375296,0.0006328921493453284,1.7792134817303424e-06,2.6998278457313063e-06,46994.04,1.0,46679.3589375,7.717961007317399e-06,144.57705332666512,2880.0,1.0,,227,,,,,,,,
2.0631340089998957,0.001326181554759387,0.014762369799427688,0.0,0.0,0.009170000000000001,4.0,0.43000000000000005,-0.006426871729975876,0.18780111459394297,-0.004707728629000485,1.8609504574366535e-06,5.6130820003848685e-06,47006.780000000006,1.0,46663.7858125,7.717961007317399e-06,166.41830804621557,2880.0,1.0,,228,,,,,,,,
2.0267045519999556,0.0012001299061618436,0.010123697982635349,0.0,0.0,0.0091225,4.0,0.4275,-0.0025579598150216043,0.1838548326243957,-0.0008855952182784677,1.956848019328087e-06,9.310730159010442e-06,46908.552,1.0,46638.008624999995,7.717961007317399e-06,149.16982966943957,2880.0,1.0,,229,,,,,,,,
2.025868355000057,0.0010823718960940216,0.006738281236418213,0.0,0.0,0.009075000000000001,4.0,0.42500000000000004,-0.0018561925583829482,0.1817774996161461,-0.0002094714630705615,1.8759893976039166e-06,5.444158460932158e-06,46910.828,1.0,46668.1984375,7.717961007317399e-06,149.69525932476492,2880.0,1.0,,230,,,,,,,,
2.0526847860001,0.0009367514406524909,0.008886718792685619,0.0,0.0,0.0090275,4.0,0.4225,-0.002064996301972618,0.18438072130084038,-0.0004022662324132398,2.2367681680179885e-06,3.0863422371870306e-06,46931.524,1.0,46627.80325,7.717961007317399e-06,208.03118711731182,2880.0,1.0,,231,,,,,,,,
2.025872233999962,0.00139898565976182,0.01578776049427688,0.0,0.0,0.008980000000000002,4.0,0.42000000000000004,-0.005244325211000008,0.18690703560908636,-0.003567558441621562,1.72915208906943e-06,2.9718370579227362e-06,46971.844,1.0,46680.04531249999,7.717961007317399e-06,155.11466615709685,2880.0,1.0,,232,,,,,,,,
2.0122824360000777,0.0005736349909663355,0.003531901049427688,0.0,0.0,0.008932500000000001,4.0,0.4175,-0.0028650162275880575,0.18870427956183752,-0.0011806713106731574,1.5242651064302966e-06,2.2072219583909223e-06,46935.295999999995,1.0,46657.07843749999,7.717961007317399e-06,166.5882783955971,2880.0,1.0,,233,,,,,,,,
2.1198628779998216,0.0014820889288481947,0.013981119855695093,0.0,0.0,0.008885,4.0,0.41500000000000004,-0.0034132787065270045,0.19180983615418276,-0.001710480738741656,1.4760770928508766e-06,2.5690836480407597e-06,46948.488000000005,1.0,46702.29106249999,7.717961007317399e-06,138.27916349136396,2880.0,1.0,,234,,,,,,,,
2.0907583439998234,0.0015596151485321268,0.016503906284924597,0.0,0.0,0.0088375,4.0,0.4125,-0.0028224047273397446,0.1942674107849598,-0.0011066622100770473,1.1599562389127034e-06,1.9585823025636273e-06,46945.04,1.0,46714.8030625,7.717961007317399e-06,136.30201933710035,2880.0,1.0,,235,,,,,,,,
2.0927784779996728,0.0012936458418456216,0.015999349028182525,0.0,0.0,0.008790000000000001,4.0,0.41000000000000003,-0.00467909478660052,0.19597484730184078,-0.002957697492092848,1.9198112066002673e-06,2.0588916811448144e-06,46951.972,1.0,46703.7229375,7.717961007317399e-06,144.71737691314496,2880.0,1.0,,236,,,,,,,,
2.0649876329998733,0.0013679080905906933,0.011555989583333334,0.0,0.0,0.0087425,4.0,0.4075,-0.001339445395084719,0.19364166321853796,0.0003522773428509633,1.3985976607955308e-06,2.098680757474843e-06,46924.74399999999,1.0,46691.7700625,7.717961007317399e-06,118.4881941798261,2880.0,1.0,,237,,,,,,,,
2.0541191500001332,0.0012687363702449754,0.012386067731616398,0.0,0.0,0.008695000000000001,4.0,0.405,-0.0026064263462709882,0.18803803622722626,-0.0009725946195734044,2.210975045121207e-06,1.8759562247320598e-06,46935.344,1.0,46714.3441875,7.717961007317399e-06,123.28544003537105,2880.0,1.0,,238,,,,,,,,
2.0528855669999757,0.00022887342417258574,0.001220703125,0.0,0.0,0.0086475,4.0,0.40249999999999997,-0.003802210286570092,0.18595940247178078,-0.0021951735640565553,1.4374542682086637e-06,1.8066612170741791e-06,46949.332,1.0,46728.49081250001,7.717961007317399e-06,140.54055831090184,2880.0,1.0,,239,,,,,,,,
2.109265384000082,0.0014244533648100817,0.016682942708333332,0.0,0.0,0.008600000000000002,4.0,0.4,-0.003126163996057585,0.18738985868791738,-0.0015159583611724277,1.901730390348651e-06,2.311839660743923e-06,46978.404,1.0,46704.887937499996,7.717961007317399e-06,178.2995776053512,2880.0,1.0,,240,47006.780000000006,46907.272,46877.664000000004,70000042,46688.18226666667,best_of_k,46907.272,131.50213686753796
2.066743173999839,0.0002269341883523642,0.0016276041763679434,0.0,0.0,0.0085525,4.0,0.39749999999999996,-0.001970303157577291,0.18839201455314955,-0.0003603242609339456,2.076754450778632e-06,2.0733444377659302e-06,46931.168000000005,1.0,46711.6394375,7.717961007317399e-06,137.50988841873811,2880.0,1.0,,241,,,,,,,,
2.0733050730000286,0.0016517531694262289,0.01875000004656613,0.0,0.0,0.008505,4.0,0.395,-0.0006770648178644478,0.188501234476765,0.0009249314534827136,2.512811794493549e-06,1.9112503887678636e-06,46991.136000000006,1.0,46697.867,7.717961007317399e-06,164.6131900258912,2880.0,1.0,,242,,,,,,,,
2.0243273759997464,0.000651361954320843,0.005582682293606922,0.0,0.0,0.0084575,4.0,0.39249999999999996,-0.0018869335326598957,0.18820582578579584,-0.00029680487932637334,1.9764561282424134e-06,2.849408157127679e-06,46960.972,1.0,46694.561625,7.717961007317399e-06,166.64918758535708,2880.0,1.0,,243,,,,,,,,
2.047815668000112,0.000525311969492274,0.003922526064949731,0.0,0.0,0.00841,4.0,0.39,-0.005049070988510114,0.1896043842037519,-0.003455603029578924,1.5061627844185448e-06,1.910164471041753e-06,46959.904,1.0,46723.4765625,7.717961007317399e-06,148.06530971984597,2880.0,1.0,,244,,,,,,,,
2.1153941919997123,0.0014080088227880576,0.013916015634701276,0.0,0.0,0.0083625,4.0,0.38749999999999996,-0.00221249382593669,0.1856488585472107,-0.0006615447928197682,2.262088311037284e-06,2.6271703461588913e-06,46948.484000000004,1.0,46726.468375,7.717961007317399e-06,179.88461602888512,2880.0,1.0,,245,,,,,,,,
2.060097224999936,0.0007826387651827341,0.004915364571691801,0.0,0.0,0.008315000000000001,4.0,0.385,-0.0028404245579925678,0.18491053891678652,-0.0013048373511992395,2.533515375565306e-06,3.380841150146807e-06,46969.367999999995,1.0,46710.992375,7.717961007317399e-06,158.8830940514423,2880.0,1.0,,246,,,,,,,,
2.065818815000057,0.0012484314544659962,0.012467447901144624,0.0,0.0,0.0082675,4.0,0.38249999999999995,-0.001943426900349247,0.18952053723235926,-0.00038164864236023277,1.6306233305840578e-06,9.839353727632746e-06,46953.744,1.0,46720.1811875,7.717961007317399e-06,150.1537190942674,2880.0,1.0,,247,,,,,,,,
2.0394507669998347,0.0003563933860277757,0.0017903645930346102,0.0,0.0,0.008220000000000002,4.0,0.38,0.0007858531753299758,0.18857025913894176,0.0023340145368517065,1.3144769610562435e-06,3.5106852701953053e-06,46964.296,1.0,46706.30275,7.717961007317399e-06,136.74873318037527,2880.0,1.0,,248,,,,,,,,
2.0540101599999616,0.0026319105866908408,0.0269531252173086,0.0,0.0,0.0081725,4.0,0.37749999999999995,-0.0021380062632185095,0.18806258340676626,-0.0006024785883103808,2.0624918827631213e-06,2.4164494239660903e-06,46921.468,1.0,46678.5208125,7.717961007317399e-06,148.23403330068973,2880.0,1.0,,249,,,,,,,,
2.0751328740002464,0.0006891705816087779,0.0008951822916666666,0.0,0.0,0.008125,4.0,0.375,-0.0007905209010156492,0.19362669934829077,0.0007816005891072564,1.968903532656441e-06,1.7981399812091088e-06,46898.876000000004,1.0,46689.909562500005,7.717961007317399e-06,132.70551292357408,2880.0,1.0,,250,,,,,,,,
2.0581603180003185,0.0006382663644520411,0.0072916666977107525,0.0,0.0,0.008077500000000001,4.0,0.37250000000000005,-0.001633230361524814,0.1976082418113947,-3.8207974284887314e-05,2.394615014130371e-06,1.8376028568430531e-06,47027.964,1.0,46708.5568125,7.717961007317399e-06,186.58800164825772,2880.0,1.0,,251,,,,,,,,
2.0480982799999765,0.0024186568916775286,0.02558593754656613,0.0,0.0,0.00803,4.0,0.37,0.00032514686851451796,0.19165604126950106,0.0018624409567564726,2.6808142431870388e-06,2.8716764575165143e-06,46945.78399999999,1.0,46667.353875,7.717961007317399e-06,195.35969426287647,2880.0,1.0,,252,,,,,,,,
2.0458695459997216,0.0003212658249746407,0.001399739587213844,0.0,0.0,0.007982500000000002,4.0,0.36750000000000005,-0.001753539113754717,0.18970518497129282,-0.00024039240088313818,2.495257523567792e-06,1.8505214095891158e-06,46940.216,1.0,46732.6674375,7.717961007317399e-06,151.56691779024044,2880.0,1.0,,253,,,,,,,,
2.0880675559997144,0.00038073872989722685,0.0009928385455471773,0.0,0.0,0.007935000000000001,4.0,0.365,-0.005213226657360792,0.1843744032084942,-0.003751243775089582,1.8335308169525888e-06,1.6892742896364628e-06,46942.74,1.0,46724.29325,7.717961007317399e-06,143.59084516408961,2880.0,1.0,,254,,,,,,,,
2.1204883100003826,0.0007338809852323417,0.0055501302413176745,0.0,0.0,0.007887500000000002,4.0,0.36250000000000004,-0.0018739356892183423,0.18271696319182715,-0.0004337376934320976,1.6520587848845025e-06,1.6333552868748786e-06,46942.46000000001,1.0,46681.1235,7.717961007317399e-06,126.44771550229852,2880.0,1.0,,255,,,,,,,,
2.0829082830000516,0.0016070889705588343,0.018001302058110014,0.0,0.0,0.00784,4.0,0.36,-0.00271566214117532,0.17701348289847374,-0.0013292043392236035,1.9396823868570814e-06,2.2685106178717738e-06,46971.104,1.0,46731.4698125,7.717961007317399e-06,160.6403511340307,2880.0,1.0,,256,,,,,,,,
2.0692759039998236,0.0008504077104589669,0.007845052139600739,0.0,0.0,0.007792500000000001,4.0,0.35750000000000004,-0.0021901198342675343,0.17815252766013145,-0.000803175731562078,2.0441941946576967e-06,2.2110324996068207e-06,46951.136000000006,1.0,46728.6579375,7.717961007317399e-06,172.30839365508675,2880.0,1.0,,257,,,,,,,,
2.0291579109998565,0.001083412644220516,0.007845052100795632,0.0,0.0,0.007745,4.0,0.355,-0.002316107871592976,0.18080958910286427,-0.0009171187545386298,1.4067767419116233e-06,2.481051377382452e-06,46991.78800000001,1.0,46721.9725,7.717961007317399e-06,158.84611174262454,2880.0,1.0,,258,,,,,,,,
2.049631806999969,0.0007641643654399862,0.005289713551367943,0.0,0.0,0.007697500000000001,4.0,0.35250000000000004,-0.003160464853863232,0.18107706867158413,-0.0017686994397081435,2.569046017697474e-06,3.636907450754734e-06,46917.04,1.0,46695.4751875,7.717961007317399e-06,183.36825885247927,2880.0,1.0,,259,,,,,,,,
2.055749449000359,0.0008178493938733785,0.009521484452610215,0.0,0.0,0.0076500000000000005,4.0,0.35,0.00019809536752291024,0.18366479004422823,0.0016018729268883665,1.7252620807539643e-06,2.170992090100299e-06,46948.272000000004,1.0,46724.298375,7.717961007317399e-06,161.98922911064074,2880.0,1.0,,260,47027.964,46859.54000000001,46877.664000000004,70000042,46679.015999999996,best_of_k,46859.54000000001,104.0071974894043
2.041907359999641,0.0006112774838887466,0.005696614602735887,0.0,0.0,0.007602500000000002,4.0,0.34750000000000003,-0.004756739843287505,0.18135717821617922,-0.0033791997702792287,1.969648096178389e-06,2.0615076152807887e-06,46972.68,1.0,46710.102375,7.717961007317399e-06,143.40702667533216,2880.0,1.0,,261,,,,,,,,
2.0182375989998036,0.0007516010252099173,0.007747395856616397,0.0,0.0,0.007555000000000001,4.0,0.345,-0.002892188543531423,0.17909839004278183,-0.0015402498344580333,3.485209745690554e-06,1.6031102110976765e-06,46974.976,1.0,46720.02475,7.717961007317399e-06,173.29033001422087,2880.0,1.0,,262,,,,,,,,
2.0408117419997325,0.0012724600840859541,0.014013671937088171,0.0,0.0,0.007507500000000002,4.0,0.3425,-0.0020094526844331995,0.17921861199041209,-0.0006650136007616917,2.1817795214928992e-06,1.6523168303213727e-06,46992.628,1.0,46724.0801875,7.717961007317399e-06,148.15500301446033,2880.0,1.0,,263,,,,,,,,
2.0904296379999323,0.0008941936563739242,0.008056640644402554,0.0,0.0,0.00746,4.0,0.33999999999999997,-0.005332406658756857,0.1800953516115745,-0.003990470528757821,2.5216045524227107e-06,2.6446027353207078e-06,46920.587999999996,1.0,46670.7265625,7.717961007317399e-06,170.28792686266246,2880.0,1.0,,264,,,,,,,,
2.0439531490001173,0.0016185200414232288,0.01855468746119489,0.0,0.0,0.007412500000000001,4.0,0.3375,-0.003956700519969066,0.1833434800306956,-0.002600531365411977,2.0902444409405994e-06,5.310619480762095e-06,46978.552,1.0,46722.1486875,7.717961007317399e-06,163.98100890431638,2880.0,1.0,,265,,,,,,,,
2.1239160680001987,0.0003125180101051228,0.002620442712213844,0.0,0.0,0.007365,4.0,0.33499999999999996,-0.005119935289258137,0.1842412669211626,-0.003764367022085935,1.5405982954537951e-06,2.4281252658890176e-06,46973.587999999996,1.0,46717.522875,7.717961007317399e-06,132.631603459486,2880.0,1.0,,266,,,,,,,,
2.0525532950000525,0.0006168966910991003,0.005403645879899462,0.0,0.0,0.007317500000000001,4.0,0.3325,-0.001033268534229137,0.18644756140808263,0.00032964616548269987,2.054578018828579e-06,2.419339646545874e-06,46987.052,1.0,46702.1419375,7.717961007317399e-06,204.47101658302637,2880.0,1.0,,267,,,,,,,,
2.038266924999789,0.0005647802008752478,0.0034505208410943546,0.0,0.0,0.00727,4.0,0.32999999999999996,-0.0038213440857362,0.18328939254085222,-0.002490270366858264,1.8327868313387323e-06,2.513418915365643e-06,46994.188,1.0,46739.656875,7.717961007317399e-06,178.31241465118077,2880.0,1.0,,268,,,,,,,,
2.0746149340002376,0.0012342675842470878,0.011865234390522042,0.0,0.0,0.0072225000000000015,4.0,0.3275,0.001290741817986903,0.17985560993353525,0.0025884940599401793,1.5083499012765362e-06,2.2076962361931387e-06,46974.864,1.0,46733.070562500005,7.717961007317399e-06,147.3986578472944,2880.0,1.0,,269,,,,,,,,
2.043016005000027,0.0012689353764775053,0.013818359487534812,0.0,0.0,0.007174999999999999,4.0,0.32499999999999996,-0.0021873059740755707,0.18141931730012098,-0.0008870001377848288,1.524276261951248e-06,2.4506827903299686e-06,46926.368,1.0,46708.822562500005,7.717961007317399e-06,145.4812749314626,2880.0,1.0,,270,,,,,,,,
2.014162214999942,0.0007744169445989731,0.003059895864377419,0.0,0.0,0.0071275,4.0,0.3225,-0.0003677409840747714,0.17954876087605953,0.0009109805105254054,1.4678135471513087e-06,1.7321223282351639e-06,46959.432,1.0,46690.5373125,7.717961007317399e-06,189.86971004224927,2880.0,1.0,,271,,,,,,,,
2.0265702110000348,0.0011993215060404812,0.013346354205471775,0.0,0.0,0.0070799999999999995,4.0,0.31999999999999995,-0.0018695369726628996,0.17347325757145882,-0.0006422073153468469,1.7061152703945481e-06,1.3813016200477553e-06,46951.54,1.0,46730.966062499996,7.717961007317399e-06,122.0430112828922,2880.0,1.0,,272,,,,,,,,
2.093002866000006,0.000648926782256846,0.005061848981616397,0.0,0.0,0.0070325000000000006,4.0,0.3175,-0.0031355460135576627,0.17356576087574163,-0.0019174101180396974,3.156212362872187e-06,4.300466234970675e-06,46927.672000000006,1.0,46733.51525,7.717961007317399e-06,132.85565767379939,2880.0,1.0,,273,,,,,,,,
2.03427693499998,0.0016886373356139,0.020800781319849193,0.0,0.0,0.006985,4.0,0.31499999999999995,-0.0015603263236698695,0.1732710413634777,-0.0003531893404821555,2.448929417179594e-06,5.832237377489946e-06,46959.664,1.0,46713.1771875,7.717961007317399e-06,153.3203012742929,2880.0,1.0,,274,,,,,,,,
2.010494711999854,0.00015301146004276234,0.0,0.0,0.0,0.006937500000000001,4.0,0.3125,0.0001358219888061285,0.176331860323747,0.0013573812708879511,1.7393602149695653e-06,3.1382177544022247e-06,46997.536,1.0,46735.30275,7.717961007317399e-06,174.58153362236646,2880.0,1.0,,275,,,,,,,,
2.004576337999879,0.0010574792474168742,0.0109700520891541,0.0,0.0,0.006890000000000002,4.0,0.31000000000000005,-0.0038217364829809717,0.17777472361922264,-0.0025979591494736574,1.4816595571195041e-06,1.8845903326791813e-06,46944.96799999999,1.0,46737.7728125,7.717961007317399e-06,156.777157496206,2880.0,1.0,,276,,,,,,,,
2.237039150000328,0.0008684675131765592,0.008268229275320968,0.0,0.0,0.006842500000000001,4.0,0.3075,0.0003606917307479307,0.17821292641262212,0.0015792294094959896,1.364087969098667e-06,1.4951082315898627e-06,46988.216,1.0,46730.767687499996,7.717961007317399e-06,144.04108230693282,2880.0,1.0,,277,,,,,,,,
2.2733454530002746,0.001270814384042751,0.01298828132955047,0.0,0.0,0.006795000000000002,4.0,0.30500000000000005,-0.0012250856962054968,0.1780015950401624,-1.643772702664137e-05,1.9024271769770469e-06,1.3656310215992562e-06,46967.772000000004,1.0,46709.141625000004,7.717961007317399e-06,184.75021833101917,2880.0,1.0,,278,,,,,,,,
2.2192740069999672,0.0007076826223055832,0.002897135418606922,0.0,0.0,0.0067475,4.0,0.3025,-0.0021780688548460603,0.17449665814638138,-0.0010015244867342215,1.5813425306987483e-06,1.427657830769628e-06,46995.332,1.0,46728.938500000004,7.717961007317399e-06,146.1201823816627,2880.0,1.0,,279,,,,,,,,
2.139618903000155,0.00021746104584963177,0.0,0.0,0.0,0.006700000000000001,4.0,0.30000000000000004,-0.0016140036168508232,0.17422709551950297,-0.00044753386949499446,1.3051655187723554e-06,1.4418345036422882e-06,46972.576,1.0,46761.043125,7.717961007317399e-06,143.18487735000124,2880.0,1.0,,280,47027.964,46929.696,46877.664000000004,70000042,46743.21733333333,best_of_k,46929.696,114.89277866408929
2.277460826999686,0.0006682136348293474,0.0027832031288805106,0.0,0.0,0.0066525,4.0,0.2975,-0.0009057420684257522,0.17679840388397375,0.0002695642566929261,1.5846942649962632e-06,1.3724059044761816e-06,47003.06799999999,1.0,46725.7554375,7.717961007317399e-06,139.6157578550276,2880.0,1.0,,281,,,,,,,,
2.2511894049998773,0.0005970543379589799,0.007291666668606922,0.0,0.0,0.0066050000000000015,4.0,0.29500000000000004,-0.0012962814459266763,0.1775064660857121,-0.0001247034912618498,1.6318206898328451e-06,1.37725956506074e-06,46982.032,1.0,46759.26475,7.717961007317399e-06,144.29377521548793,2880.0,1.0,,282,,,,,,,,
2.207631715000389,0.0007640796093255631,0.005061848962213844,0.0,0.0,0.006557500000000001,4.0,0.2925,-0.003121797965529064,0.17520426834623018,-0.0019739259344836078,1.1243449620224055e-06,1.834023052538214e-06,46998.268,1.0,46754.236875,7.717961007317399e-06,137.4639560457001,2880.0,1.0,,283,,,,,,,,
2.250358717999916,0.00036731054645618616,0.004736328128880511,0.0,0.0,0.006510000000000002,4.0,0.29000000000000004,-0.003297375985615266,0.1740590694049994,-0.002165162741827468,1.1334888914878623e-06,1.5956528377121988e-06,46939.684,1.0,46743.1595,7.717961007317399e-06,151.6486272531011,2880.0,1.0,,284,,,,,,,,
2.1863885259999734,0.0008271032290091777,0.0071289062810440855,0.0,0.0,0.0064624999999999995,4.0,0.2875,-0.0003744115432103475,0.1761882013330857,0.0007630264153704047,1.317040011864871e-06,2.093865319352517e-06,46963.687999999995,1.0,46729.425,7.717961007317399e-06,153.9906886633089,2880.0,1.0,,285,,,,,,,,
2.0686200159998407,0.0005128092100979605,0.0019042968827610214,0.0,0.0,0.0064150000000000006,4.0,0.28500000000000003,-0.0027258805251525096,0.1742091110597054,-0.0016101280780276284,1.2316293833691816e-06,3.3522790137870593e-06,46970.632,1.0,46760.4971875,7.717961007317399e-06,155.03747179098363,2880.0,1.0,,286,,,,,,,,
2.173794701999668,0.00018252660856887815,0.0005371093769402554,0.0,0.0,0.0063675,4.0,0.2825,-0.00402297768353795,0.1750450028727452,-0.0029098789285247526,1.4500844637647485e-06,2.71097477858954e-06,46988.468,1.0,46721.0595625,7.717961007317399e-06,165.6416508507409,2880.0,1.0,,287,,,,,,,,
2.1364826600001834,0.00035842735057182534,0.002945963564949731,0.0,0.0,0.006320000000000001,4.0,0.28,-0.00036726064475563663,0.17541499497989813,0.0007403090906639894,1.2458747420396321e-06,1.8570601412193355e-06,46988.708,1.0,46735.9825,7.717961007317399e-06,168.36332941513706,2880.0,1.0,,288,,,,,,,,
2.0579859969998324,0.0005518868150223474,0.0035807291860692203,0.0,0.0,0.0062725,4.0,0.27749999999999997,-0.002687719485644872,0.17762235241631666,-0.0015748511844625075,7.810215099842329e-07,2.3806780831137075e-06,46974.296,1.0,46811.875562500005,7.717961007317399e-06,122.90099697748016,2880.0,1.0,,289,,,,,,,,
2.0728854690000844,0.00017143811389056887,0.0,0.0,0.0,0.006225000000000001,4.0,0.275,-0.0012839876969034474,0.1831786303470532,-0.00014473843233038983,1.6484100389864882e-06,1.7453913206585032e-06,46985.708,1.0,46745.2520625,7.717961007317399e-06,199.09103050048796,2880.0,1.0,,290,,,,,,,,
2.079474300000129,0.0008422773219839049,0.009147135463232795,0.0,0.0,0.006177500000000001,4.0,0.27249999999999996,-0.004618037453231712,0.18127284136911234,-0.003499089740216732,1.5609880061144092e-06,1.4174210889450478e-06,46955.948,1.0,46760.246875000004,7.717961007317399e-06,122.94105533032715,2880.0,1.0,,291,,,,,,,,
2.166580429000078,0.0018396235342758398,0.021207682371217135,0.0,0.0,0.006130000000000002,4.0,0.27,-0.002890232572099194,0.17969239689409733,-0.0017897221259772778,1.528715282953878e-06,1.7020807092649193e-06,46977.056,1.0,46736.09725,7.717961007317399e-06,153.59307799649605,2880.0,1.0,,292,,,,,,,,
2.107464764999804,0.000581831778617925,0.003662109375,0.0,0.0,0.006082499999999999,4.0,0.26749999999999996,-0.0017896439336861174,0.1801630351692438,-0.0006946747501691183,1.121921132588947e-06,1.5197073963690855e-06,46978.856,1.0,46776.095937499995,7.717961007317399e-06,130.30948031224068,2880.0,1.0,,293,,,,,,,,
2.0936982389998775,0.00034391549358285073,0.0001302083352735887,0.0,0.0,0.006035,4.0,0.265,0.001072680116825116,0.17403387712935606,0.0021221734738598266,1.0464123908112317e-06,1.392413096823475e-06,46978.844,1.0,46753.5016875,7.717961007317399e-06,160.6637675905879,2880.0,1.0,,294,,,,,,,,
2.1052062979997572,0.0005178007647070141,0.0030598958352735886,0.0,0.0,0.0059875,4.0,0.26249999999999996,-0.004821611975785345,0.17148640006780624,-0.003795778922115763,1.0240122942188161e-06,1.6791567863568464e-06,46957.155999999995,1.0,46757.37775,7.717961007317399e-06,121.31874268816719,2880.0,1.0,,295,,,,,,,,
2.0796597619996646,0.0012769615447420317,0.01357421877522332,0.0,0.0,0.005940000000000001,4.0,0.26,-0.004577680626728882,0.1640686665972074,-0.0036052630748599768,2.421605216795797e-06,3.816343256820194e-06,46966.644,1.0,46703.799499999994,7.717961007317399e-06,239.45872903644587,2880.0,1.0,,296,,,,,,,,
2.2224135230003412,0.0006987741944612935,0.0066569010765912635,0.0,0.0,0.0058925,4.0,0.25749999999999995,-0.0021296611424380294,0.16256395354866982,-0.001173751273502906,2.2523019254094834e-06,3.546230473716605e-06,46999.884000000005,1.0,46749.2124375,7.717961007317399e-06,127.72972152384334,2880.0,1.0,,297,,,,,,,,
2.1393683609999243,0.0009509197085814473,0.008691406255820766,0.0,0.0,0.005845000000000001,4.0,0.255,-0.003129527651860068,0.16034262937804064,-0.0021931143128313124,1.1344451635864061e-06,1.3515828906444465e-06,46981.772000000004,1.0,46754.2128125,7.717961007317399e-06,129.65046162891178,2880.0,1.0,,298,,,,,,,,
2.094161283000176,0.0006603435140277725,0.004427083350795631,0.0,0.0,0.005797500000000001,4.0,0.25249999999999995,-0.003474361728876829,0.16049680300056934,-0.002544593842079242,1.0858626851018016e-06,1.2063608683850664e-06,46980.520000000004,1.0,46767.6965625,7.717961007317399e-06,126.94378941852145,2880.0,1.0,,299,,,,,,,,
2.059335658999771,0.0005857077024605436,0.004166666689949731,0.0,0.0,0.005750000000000002,4.0,0.25,-0.004099601957326134,0.16393344663083553,-0.0031579619098920375,1.6097763809360306e-06,1.6330785494271065e-06,47010.676,1.0,46728.568562500004,7.717961007317399e-06,173.82704700774818,2880.0,1.0,,300,47027.964,46950.488,46877.664000000004,70000042,46746.379199999996,best_of_k,46950.488,136.4135544600553
2.1257829090000087,0.0011332742298388136,0.012141927087213844,0.0,0.0,0.005702500000000001,4.0,0.24750000000000005,-0.0007569519220851362,0.1640477286030849,0.0001777064947721859,1.0553042812944113e-06,1.4364338056793713e-06,46981.416,1.0,46763.49125,7.717961007317399e-06,137.59688173224566,2880.0,1.0,,301,,,,,,,,
2.0686178500000096,0.0010339572891098214,0.011686197889503092,0.0,0.0,0.005655,4.0,0.245,-0.0022800555137412934,0.16220530432959399,-0.0013633788524505992,7.587967184955838e-07,1.0368850098529947e-06,46985.704000000005,1.0,46783.281812500005,7.717961007317399e-06,115.0288440303775,2880.0,1.0,,302,,,,,,,,
2.058854902999883,0.0008107331026015648,0.006217447924427688,0.0,0.0,0.005607500000000001,4.0,0.24250000000000005,-0.002316953265108168,0.1655789309491714,-0.0013890776899643242,8.773509586982678e-07,1.0410530180138267e-06,46973.876000000004,1.0,46754.643312500004,7.717961007317399e-06,125.07330103094601,2880.0,1.0,,303,,,,,,,,
2.0494298260000505,0.0013801724732426617,0.015836588592113305,0.0,0.0,0.005560000000000001,4.0,0.24,-0.002605246646756617,0.1696739997714758,-0.0016626073241544266,7.778531549244386e-07,1.3410867391409436e-06,46934.90399999999,1.0,46769.1524375,7.717961007317399e-06,105.92304258308769,2880.0,1.0,,304,,,,,,,,
2.0736037299998316,0.0006097506544999002,0.00447591146803461,0.0,0.0,0.005512500000000002,4.0,0.23750000000000004,-0.0008435656685226908,0.17433503456413746,0.00011663660795117418,1.0443993000800826e-06,1.4308349705061119e-06,46985.624,1.0,46764.042562500006,7.717961007317399e-06,135.8511009825959,2880.0,1.0,,305,,,,,,,,
2.080141929000092,0.0008352380914213123,0.012207031327610215,0.0,0.0,0.005465000000000001,4.0,0.235,0.00012851236533606425,0.17062978943188986,0.0010602395826329787,9.648207447791417e-07,1.3365602550644933e-06,46913.22,1.0,46751.92999999999,7.717961007317399e-06,110.38964880141712,2880.0,1.0,,306,,,,,,,,
2.0842477700002746,0.0009450005454709753,0.006770833337213844,0.0,0.0,0.005417500000000002,4.0,0.23250000000000004,-0.0016267767884225275,0.17385978375871977,-0.0006856650191669663,1.1097041934249319e-06,1.3256841053059059e-06,47026.716,1.0,46775.820875,7.717961007317399e-06,135.27592500971681,2880.0,1.0,,307,,,,,,,,
2.0762084570001207,0.00021820720129047308,0.00045572916860692203,0.0,0.0,0.00537,4.0,0.22999999999999998,0.0007312673648508886,0.17355583359797797,0.00166243272057424,1.0171766386217012e-06,1.4542774853983549e-06,46995.41999999999,1.0,46797.5246875,7.717961007317399e-06,126.38901016020948,2880.0,1.0,,308,,,,,,,,
2.0379760119999446,0.000789829727182223,0.004915364600795631,0.0,0.0,0.005322500000000001,4.0,0.22750000000000004,-0.0007106006523827091,0.17051820022364458,0.00019600367522798479,1.2158137370950801e-06,1.7145401140320853e-06,46950.82,1.0,46755.060875,7.717961007317399e-06,141.1672631056318,2880.0,1.0,,309,,,,,,,,
2.097999854000136,0.0007615934900968568,0.005973307280025135,0.0,0.0,0.005275,4.0,0.22499999999999998,-0.0029305323744968823,0.16960382461547852,-0.002036888482204328,1.7441818632354018e-06,1.6834076461691438e-06,46943.888,1.0,46762.485875,7.717961007317399e-06,166.74752900413404,2880.0,1.0,,310,,,,,,,,
2.0720961329998318,0.0013312899172888137,0.013899739657063037,0.0,0.0,0.005227500000000001,4.0,0.22250000000000003,-0.0015373445154788594,0.16537229965130487,-0.0006736056917967895,1.1895770271053152e-06,1.2519959682322224e-06,47002.380000000005,1.0,46783.61043750001,7.717961007317399e-06,123.43628785859075,2880.0,1.0,,311,,,,,,,,
2.0875694410001415,0.00020789176884742724,8.138020833333333e-05,0.0,0.0,0.005180000000000001,4.0,0.21999999999999997,-0.00022780061165879792,0.16601199470460415,0.0006314521791258206,1.0212299036046109e-06,1.1747777743191061e-06,46985.64,1.0,46766.9985625,7.717961007317399e-06,139.48483964461334,2880.0,1.0,,312,,,,,,,,
2.077703462000045,0.0007157151017054275,0.008561197978754839,0.0,0.0,0.005132500000000002,4.0,0.21750000000000003,0.00014177815561803678,0.1667630293716987,0.000996831439503391,1.1175513137118287e-06,1.493160051306101e-06,46990.176,1.0,46786.16925,7.717961007317399e-06,128.04632744220896,2880.0,1.0,,313,,,,,,,,
2.051392072999988,0.0005097103736867817,0.003938802110496908,0.0,0.0,0.005085000000000001,4.0,0.21499999999999997,-0.0020601260475814342,0.1647023589660724,-0.0012232511459539335,8.603963029448399e-07,1.1010235970350852e-06,46970.724,1.0,46777.17556250001,7.717961007317399e-06,138.1213076974684,2880.0,1.0,,314,,,,,,,,
2.201204520000374,0.0002082406069045343,0.0,0.0,0.0,0.005037500000000002,4.0,0.21250000000000002,-0.001208084186752482,0.1675539699693521,-0.00036469085413652164,7.908616079059053e-07,1.1612268432751687e-06,46966.73600000001,1.0,46773.2486875,7.717961007317399e-06,114.66876911250722,2880.0,1.0,,315,,,,,,,,
2.0583906870001556,0.0007889189454317602,0.007177734378880511,0.0,0.0,0.00499,4.0,0.20999999999999996,-0.000523298813883836,0.1692299855252107,0.0003204078141910334,1.0046566387700295e-06,1.2997176715619692e-06,46976.156,1.0,46770.529937499996,7.717961007317399e-06,115.18069917957665,2880.0,1.0,,316,,,,,,,,
2.0384535369998957,0.0007616747655750563,0.005777994830471774,0.0,0.0,0.004942500000000001,4.0,0.20750000000000002,-0.0032572409424271123,0.17092720046639442,-0.0024130778231968484,8.981576324155564e-07,1.1108220642578697e-06,46954.507999999994,1.0,46758.956562499996,7.717961007317399e-06,127.70975501085975,2880.0,1.0,,317,,,,,,,,
2.061957442000221,0.0007043694956034111,0.004899088555248454,0.0,0.0,0.004895,4.0,0.20499999999999996,-0.0018301463472501684,0.17392084499200186,-0.0009795287587621715,9.135157625905777e-07,1.2671872345511777e-06,46977.948000000004,1.0,46768.345937499995,7.717961007317399e-06,153.15780249956748,2880.0,1.0,,318,,,,,,,,
2.061156381999808,0.0002971485417522975,0.0010742187538805108,0.0,0.0,0.004847500000000001,4.0,0.2025,-0.0005938232158465931,0.1737895862509807,0.0002480371088798468,8.235600645889463e-07,1.004465656725036e-06,46991.231999999996,1.0,46793.836312499996,7.717961007317399e-06,110.60295770300324,2880.0,1.0,,319,,,,,,,,
2.096912009999869,0.0004331411303913531,0.0033691406327610216,0.0,0.0,0.0048000000000000004,4.0,0.19999999999999996,-0.003922036635534217,0.1714487640808026,-0.0031000145245343447,1.3008386640459928e-06,1.6036881191894281e-06,47003.084,1.0,46751.7024375,7.717961007317399e-06,167.2739691219431,2880.0,1.0,,320,47027.964,46958.58,46931.804000000004,70000042,46765.16093333333,best_of_k,46958.58,126.202089845067
2.0736605219999547,0.00045682578729611123,0.0007812500019402554,0.0,0.0,0.0047525000000000015,4.0,0.1975,-0.003858281391633985,0.16921462366978327,-0.0030552155415837965,1.3285525639616935e-06,1.9881803581256463e-06,46971.276,1.0,46765.215,7.717961007317399e-06,132.6854850520589,2880.0,1.0,,321,,,,,,,,
2.0587954279999394,0.0010876406769663542,0.011848958364377419,0.0,0.0,0.004704999999999999,4.0,0.19499999999999995,-0.0003248897846788168,0.16709881337980428,0.0004607170509795348,6.743715038245076e-07,1.0513273025480885e-06,46986.39600000001,1.0,46793.2481875,7.717961007317399e-06,95.8117459459688,2880.0,1.0,,322,,,,,,,,
2.067896102999839,0.0007035916587483371,0.004573567731616397,0.0,0.0,0.0046575,4.0,0.1925,-0.0027302460851691044,0.1698954589664936,-0.001939925248734653,1.3065492510122567e-06,1.6739474091309603e-06,46982.123999999996,1.0,46754.784625,7.717961007317399e-06,179.58656411633243,2880.0,1.0,,323,,,,,,,,
2.120854436999707,0.0005814609719436703,0.0032063802257956318,0.0,0.0,0.0046099999999999995,4.0,0.18999999999999995,-0.0010559639291993033,0.16940173196295896,-0.00027569071971811354,8.49427346831059e-07,1.166329980151204e-06,47004.96399999999,1.0,46793.447250000005,7.717961007317399e-06,123.42809316333796,2880.0,1.0,,324,,,,,,,,
2.0637216490003993,0.00036421582323479623,0.0029622395910943546,0.0,0.0,0.004562500000000001,4.0,0.1875,-0.00020103957892085114,0.16785621332625547,0.0005641952545071641,7.801585274099428e-07,1.061903428004977e-06,46988.68,1.0,46773.025125,7.717961007317399e-06,122.63320420357061,2880.0,1.0,,325,,,,,,,,
2.0551145300005373,0.0001861714642169924,8.138020833333333e-05,0.0,0.0,0.004515000000000002,4.0,0.18500000000000005,-0.00139414217119338,0.16399486487110457,-0.0006543933801973859,8.868533072359241e-07,1.1993684883767248e-06,47024.008,1.0,46774.018,7.717961007317399e-06,159.14640441430097,2880.0,1.0,,326,,,,,,,,
2.0326753649997045,0.0006817769393213288,0.004264322905025135,0.0,0.0,0.004467500000000001,4.0,0.1825,-0.0008313247672049329,0.16406795072058836,-9.905554664631684e-05,7.539911450749059e-07,1.2590051454708373e-06,46964.24800000001,1.0,46795.5474375,7.717961007317399e-06,104.48972894707724,2880.0,1.0,,327,,,,,,,,
2.12247761800063,0.00025144531718979124,0.001855468765522043,0.0,0.0,0.004420000000000002,4.0,0.18000000000000005,-0.003648568701464683,0.16229391346375147,-0.0029318244584525623,8.155411729641552e-07,1.0256207758629898e-06,46980.28,1.0,46773.579,7.717961007317399e-06,112.25704002422333,2880.0,1.0,,328,,,,,,,,
2.126822193999942,0.0003044583874422339,0.0015462239583333333,0.0,0.0,0.004372500000000001,4.0,0.1775,-0.002348576977965422,0.16315044152239958,-0.0016358446058196325,8.134864444286904e-07,1.1228074659660099e-06,46996.8,1.0,46792.265687499996,7.717961007317399e-06,107.15560838753342,2880.0,1.0,,329,,,,,,,,
2.0933345490002466,0.000585555498901158,0.004752604155025135,0.0,0.0,0.0043250000000000025,4.0,0.17500000000000004,-0.0027481849610921927,0.1661500415454308,-0.0020304685652566454,1.119621389970386e-06,1.5414778810433443e-06,47005.884000000005,1.0,46775.881062500004,7.717961007317399e-06,154.0616411898864,2880.0,1.0,,330,,,,,,,,
2.055966177999835,0.0006049715466360794,0.00594075521803461,0.0,0.0,0.0042775,4.0,0.1725,-0.0014257140331513558,0.16765725115935007,-0.0007091503163489202,7.61369496634264e-07,1.029074210142274e-06,47017.364,1.0,46787.175312499996,7.717961007317399e-06,122.12742309889849,2880.0,1.0,,331,,,,,,,,
2.0515357739996034,0.00036704072374504904,0.004850260428308199,0.0,0.0,0.004230000000000001,4.0,0.17000000000000004,-0.0011869420171327267,0.16717737105985483,-0.0004804137473305066,9.227699801310033e-07,1.078671057067974e-06,46972.479999999996,1.0,46780.6306875,7.717961007317399e-06,138.30181137110057,2880.0,1.0,,332,,,,,,,,
2.042182660000435,0.0003411014525530239,0.001643880212213844,0.0,0.0,0.004182500000000002,4.0,0.16749999999999998,-0.0005459732104403278,0.1661794831355413,0.0001483273614818851,8.200226773169561e-07,1.326699226922301e-06,46977.168000000005,1.0,46796.69775000001,7.717961007317399e-06,125.58866755379466,2880.0,1.0,,333,,,,,,,,
2.0877279939995788,0.0004487907359968328,0.001334635434128965,0.0,0.0,0.004135,4.0,0.16500000000000004,-0.0014830835571046919,0.16953899587194124,-0.0007826675040026506,8.31918856173767e-07,1.0888370288360723e-06,47015.78,1.0,46791.653000000006,7.717961007317399e-06,123.60496199789142,2880.0,1.0,,334,,,,,,,,
2.0538170670006366,0.0012343656417215243,0.018212890640522044,0.0,0.0,0.004087500000000001,4.0,0.16249999999999998,-0.001510773314900386,0.1723442506045103,-0.0008070362576593956,1.0192132198956945e-06,1.2355639071870428e-06,46975.28399999999,1.0,46782.5824375,7.717961007317399e-06,148.26141253815481,2880.0,1.0,,335,,,,,,,,
2.036622577000344,6.640120636802749e-05,0.0,0.0,0.0,0.004040000000000002,4.0,0.16000000000000003,-0.0006259744113776833,0.16880561411380768,5.4850340044746794e-05,1.6932177497134642e-06,1.96194463815876e-06,46952.868,1.0,46761.585999999996,7.717961007317399e-06,191.0817293136635,2880.0,1.0,,336,,,,,,,,
2.050598945999809,0.0002119268953985435,0.0003743489602735887,0.0,0.0,0.0039924999999999995,4.0,0.15749999999999997,-0.0017719870277990897,0.16869010465840498,-0.0010990220471285284,6.812826119547329e-07,9.240533387355754e-07,46981.756,1.0,46806.5581875,7.717961007317399e-06,102.86212211482383,2880.0,1.0,,337,,,,,,,,
2.0416532489998644,0.00013132161954369317,0.0,0.0,0.0,0.003945000000000001,4.0,0.15500000000000003,-0.0016247335394533973,0.16784039326012135,-0.0009632453826876978,8.240673352588601e-07,1.120104402711301e-06,46997.128,1.0,46767.829249999995,7.717961007317399e-06,128.90388395792252,2880.0,1.0,,338,,,,,,,,
2.0780577989999074,0.000600598525731281,0.004589843767462298,0.0,0.0,0.0038975000000000017,4.0,0.15249999999999997,-0.0012079790661421914,0.16921368489662805,-0.0005490890083213648,8.40914249048789e-07,1.0727127346399357e-06,46982.032,1.0,46779.4986875,7.717961007317399e-06,147.29935694200194,2880.0,1.0,,339,,,,,,,,
2.0889936430003218,0.0005121989743201993,0.004182942735496908,0.0,0.0,0.0038500000000000027,4.0,0.15000000000000002,0.00011326209641993046,0.17219787401457629,0.0007754771892602245,7.511983923791377e-07,1.3428421018109777e-06,46986.615999999995,1.0,46787.54718749999,7.717961007317399e-06,116.48910601893245,2880.0,1.0,,340,47027.964,46958.236000000004,46877.664000000004,70000042,46778.42546666667,best_of_k,46958.236000000004,138.1108684247876
2.046785393000391,0.0015101029160481023,0.019726562624176342,0.0,0.0,0.0038025000000000003,4.0,0.14749999999999996,-0.001056436022433142,0.1694102343171835,-0.00041309614122534793,9.909794134917622e-07,1.4874456392514428e-06,46984.068,1.0,46779.95625,7.717961007317399e-06,155.48301807894543,2880.0,1.0,,341,,,,,,,,
2.063687199999549,0.00029542740973435383,0.0021972656444025538,0.0,0.0,0.0037550000000000014,4.0,0.14500000000000002,-0.0032288734219036996,0.168384096895655,-0.0025973852801447115,9.970135887253189e-07,1.3896445333709078e-06,46999.212,1.0,46790.07675,7.717961007317399e-06,137.66712622277575,2880.0,1.0,,342,,,,,,,,
2.0735957549995874,0.00019137203647308829,0.0013509114602735888,0.0,0.0,0.003707499999999999,4.0,0.14249999999999996,-0.0013062360812909901,0.16995047902067503,-0.0006768300663679838,9.374548710638919e-07,1.1820304166576534e-06,46977.256,1.0,46779.92125,7.717961007317399e-06,153.25719374938905,2880.0,1.0,,343,,,,,,,,
2.072689423999691,0.0010710618939810956,0.01114908856106922,0.0,0.0,0.00366,4.0,0.14,-0.0020246023680859557,0.17166917895277342,-0.0013967744695643585,5.186128184675454e-07,8.594276745081212e-07,46975.524,1.0,46804.6095625,7.717961007317399e-06,89.1017812521652,2880.0,1.0,,344,,,,,,,,
2.0684914739995293,0.00017712656017465633,0.0007812500019402554,0.0,0.0,0.003612500000000001,4.0,0.13749999999999996,-0.000918373514044409,0.17522329154113928,-0.0002860680688172579,8.90428691964947e-07,1.1994925396644855e-06,46962.432,1.0,46773.088749999995,7.717961007317399e-06,142.54666913308748,2880.0,1.0,,345,,,,,,,,
2.042589720000251,0.00010080959623337549,0.0,0.0,0.0,0.003565000000000002,4.0,0.135,-0.0013010401307838038,0.1759723344196876,-0.0006744106455395619,1.0130536646594617e-06,1.2206720422606547e-06,46993.332,1.0,46771.562999999995,7.717961007317399e-06,155.787647575154,2880.0,1.0,,346,,,,,,,,
2.0487129249995633,0.00010874973683409432,0.00029296875194025535,0.0,0.0,0.0035175,4.0,0.13249999999999995,0.0022857555838224166,0.1733359427501758,0.0028947795817657607,1.06525675391822e-06,1.1572127884088939e-06,47001.404,1.0,46784.1583125,7.717961007317399e-06,139.9867294957008,2880.0,1.0,,347,,,,,,,,
2.1047756139996636,0.0003106241592831793,0.0008626302102735887,0.0,0.0,0.003470000000000001,4.0,0.13,-0.0021721696903114207,0.17451613768935204,-0.0015672069663802783,7.57409729601477e-07,1.0650777634661306e-06,46995.67600000001,1.0,46807.3916875,7.717961007317399e-06,106.4079288782211,2880.0,1.0,,348,,,,,,,,
2.070396023000285,0.00023074544931963223,0.0012044270891540994,0.0,0.0,0.0034224999999999985,4.0,0.12749999999999995,-0.002161298645660281,0.17180885933339596,-0.0015740982101609309,7.617892852825511e-07,1.4782436300227648e-06,46982.292,1.0,46789.8439375,7.717961007317399e-06,107.93087866660885,2880.0,1.0,,349,,,,,,,,
2.0884720450003442,0.0006671598409108507,0.004134114608556653,0.0,0.0,0.0033749999999999995,4.0,0.125,-0.00018208452578013143,0.1683351273338,0.0003852191342351337,8.915838378698027e-07,1.4755691258490817e-06,46985.036,1.0,46783.4649375,7.717961007317399e-06,135.99789576817423,2880.0,1.0,,350,,,,,,,,
2.077113685999393,0.00015998541509058364,0.00048828125,0.0,0.0,0.0033275000000000006,4.0,0.12250000000000005,-0.001281901088077575,0.1661202348768711,-0.0007300188299268484,1.1908142975395701e-06,1.5274236844220468e-06,46972.884,1.0,46757.760500000004,7.717961007317399e-06,158.61036480555188,2880.0,1.0,,351,,,,,,,,
2.08636206600022,0.00016480077313948036,0.00016276041666666666,0.0,0.0,0.0032800000000000017,4.0,0.12,-0.0014447554300810832,0.16672329977154732,-0.0008985109549636642,7.771072176865346e-07,1.061188392270651e-06,46978.088,1.0,46797.492750000005,7.717961007317399e-06,121.56911416119465,2880.0,1.0,,352,,,,,,,,
2.106479166000099,0.0005576647248138519,0.004101562517462298,0.0,0.0,0.0032325000000000027,4.0,0.11750000000000005,0.0007079074372692654,0.16440275683999062,0.0012388407873610656,6.175418671242975e-07,8.735499671767381e-07,46970.128000000004,1.0,46810.374937500004,7.717961007317399e-06,112.63483848313219,2880.0,1.0,,353,,,,,,,,
2.059569938000095,6.979408529635596e-05,0.00016276041666666666,0.0,0.0,0.0031850000000000003,4.0,0.11499999999999999,0.0005995264121641716,0.1624442103008429,0.0011162686666163306,5.970100408111042e-07,1.1655021765477613e-06,47011.516,1.0,46808.697125,7.717961007317399e-06,120.7848867542402,2880.0,1.0,,354,,,,,,,,
2.0484504500000185,0.00031288741668807535,0.0016601562577610214,0.0,0.0,0.0031375000000000014,4.0,0.11250000000000004,-0.002732590122226005,0.1641373187303543,-0.002218180821121981,7.451317548164601e-07,9.928794260834668e-07,46971.240000000005,1.0,46771.9683125,7.717961007317399e-06,119.62665737682627,2880.0,1.0,,355,,,,,,,,
2.058800883999538,0.00022802080093242694,0.0021484375174622983,0.0,0.0,0.003089999999999999,4.0,0.10999999999999999,0.0008564367696332434,0.165472025051713,0.0013672194521253307,7.037969496082042e-07,9.104681500578712e-07,46983.548,1.0,46805.0444375,7.717961007317399e-06,107.45049686278199,2880.0,1.0,,356,,,,,,,,
2.0754572910000206,0.0005280399343519093,0.003678385449651008,0.0,0.0,0.0030425,4.0,0.10750000000000004,-0.004354634225213279,0.16519690056641897,-0.0038531296498452625,1.8414888245388283e-06,1.845429504025257e-06,46981.716,1.0,46766.641812500005,7.717961007317399e-06,209.86229458257841,2880.0,1.0,,357,,,,,,,,
2.0541401589998713,0.0008548160341585268,0.009244791658905646,0.0,0.0,0.002995000000000001,4.0,0.10499999999999998,-0.0019446349421438451,0.16727455705404282,-0.001444224442820996,8.284738726160867e-07,9.880520200529948e-07,46986.664,1.0,46809.7951875,7.717961007317399e-06,115.6202890503654,2880.0,1.0,,358,,,,,,,,
2.023696127000221,0.00019130257699847183,0.00146484375,0.0,0.0,0.002947500000000002,4.0,0.10250000000000004,-0.0013998911478362668,0.16536457215746245,-0.0009130650432780385,7.183272453895976e-07,1.0269766193005125e-06,46970.932,1.0,46794.41,7.717961007317399e-06,134.09390873003977,2880.0,1.0,,359,,,,,,,,
2.138798394999867,9.38014535070882e-05,0.0,0.0,0.0,0.0029,4.0,0.09999999999999998,-0.0037854035278238976,0.16485641337931156,-0.003308279672637582,1.2341384518776977e-06,1.6728552244179202e-06,47001.579999999994,1.0,46742.752125,7.717961007317399e-06,159.48194032706252,2880.0,1.0,,360,47027.964,46922.464,46877.664000000004,70000042,46785.520266666674,best_of_k,46922.464,116.49757843518576
2.046581535999394,0.0005698240092897322,0.003466796896342809,0.0,0.0,0.002852500000000001,4.0,0.09750000000000003,-0.004035921218019212,0.16846763404707113,-0.003555932625507315,7.050398712256841e-07,9.897851569462546e-07,46991.468,1.0,46822.0913125,7.717961007317399e-06,129.2626639570659,2880.0,1.0,,361,,,,,,,,
2.058780248000403,0.00038107144958606415,0.0019042968924622983,0.0,0.0,0.002805000000000002,4.0,0.09499999999999997,-0.0008139703325772037,0.16988456870118776,-0.00033808499574661255,7.924269122365027e-07,1.1237889812794795e-06,46962.736,1.0,46777.1448125,7.717961007317399e-06,133.1544678243665,2880.0,1.0,,362,,,,,,,,
2.049877916000696,0.0004223079001045941,0.002734375011641532,0.0,0.0,0.002757500000000003,4.0,0.09250000000000003,-0.0021243243681965396,0.16926584392786026,-0.0016584647237323225,1.2326858348880403e-06,1.5343665846027459e-06,47008.184,1.0,46779.1704375,7.717961007317399e-06,185.78177954473486,2880.0,1.0,,363,,,,,,,,
2.0390774529996634,2.2556958901039554e-05,0.0,0.0,0.0,0.0027100000000000006,4.0,0.08999999999999997,0.00029723552870564163,0.1658649823317925,0.0007461465429514647,6.688560437358623e-07,1.0329624871019405e-06,46980.156,1.0,46796.64425,7.717961007317399e-06,128.83689650654387,2880.0,1.0,,364,,,,,,,,
2.0396664959998816,8.799153306426888e-05,0.0,0.0,0.0,0.0026625000000000017,4.0,0.08750000000000002,-0.0003005316248163581,0.1698200652996699,0.0001510831449801723,7.679671346257541e-07,9.102383794849326e-07,47002.344000000005,1.0,46808.7573125,7.717961007317399e-06,132.47827628342617,2880.0,1.0,,365,,,,,,,,
2.0779338439997446,0.0001726002012863622,0.0003743489602735887,0.0,0.0,0.0026149999999999993,4.0,0.08499999999999996,-0.0009033040405483916,0.16933822507659593,-0.0004609414075578873,6.468097997943308e-07,7.849409418743866e-07,46992.08,1.0,46818.909062499995,7.717961007317399e-06,117.83505994236761,2880.0,1.0,,366,,,,,,,,
2.156371042000501,8.951480746569965e-06,0.0,0.0,0.0,0.0025675000000000003,4.0,0.08250000000000002,-0.0003345306225431462,0.166900172829628,9.341756231151521e-05,6.718685151933338e-07,1.0015369700984895e-06,46973.42800000001,1.0,46785.852750000005,7.717961007317399e-06,103.4867224765457,2880.0,1.0,,367,,,,,,,,
2.1002197629995862,0.0005457987052087295,0.004199218751940255,0.0,0.0,0.0025200000000000014,4.0,0.07999999999999996,-0.0012556147703435272,0.16698575764894485,-0.000835290236864239,6.089329455486828e-07,8.363613540988505e-07,47006.183999999994,1.0,46810.682875,7.717961007317399e-06,114.48869877081475,2880.0,1.0,,368,,,,,,,,
2.017111365999881,6.046339300761853e-05,0.0,0.0,0.0,0.0024725000000000025,4.0,0.07750000000000001,-0.002444224509721001,0.1635441749046246,-0.0020403683884069324,5.924354577283945e-07,8.956678030358489e-07,46975.608,1.0,46793.4630625,7.717961007317399e-06,107.83083038199781,2880.0,1.0,,369,,,,,,,,
2.026797647999956,0.0006838579823427912,0.004833984392462298,0.0,0.0,0.002425,4.0,0.07499999999999996,-0.0007989737156700963,0.16661141626536846,-0.0003954403509851545,6.406935213476572e-07,8.702748104383318e-07,46968.164000000004,1.0,46806.88625000001,7.717961007317399e-06,108.28316519864849,2880.0,1.0,,370,,,,,,,,
2.0598224579998714,0.00012062902578691137,0.0,0.0,0.0,0.002377500000000001,4.0,0.07250000000000001,0.0005169034678450165,0.16755026827255884,0.000914687339294081,6.733263357242928e-07,1.0003888538297663e-06,46982.07200000001,1.0,46813.3459375,7.717961007317399e-06,134.0951909353811,2880.0,1.0,,371,,,,,,,,
2.0615421109996532,4.2791139852245884e-05,0.0,0.0,0.0,0.0023299999999999987,4.0,0.06999999999999995,0.0022145639753337796,0.1633052627245585,0.0025943790193802365,9.229167593124051e-07,1.1873333889411697e-06,46986.71200000001,1.0,46776.866875,7.717961007317399e-06,149.38778625856423,2880.0,1.0,,372,,,,,,,,
2.037415867999698,8.255266766354907e-05,0.00021158854360692203,0.0,0.0,0.0022825,4.0,0.0675,8.44049354782328e-05,0.16486547390619913,0.00046018455759622157,6.058676665550896e-07,9.306914966108101e-07,46979.263999999996,1.0,46769.7818125,7.717961007317399e-06,99.87901739086551,2880.0,1.0,,373,,,,,,,,
2.0262647479994484,0.0002558233686992632,0.0026367187577610216,0.0,0.0,0.002235000000000001,4.0,0.06499999999999995,0.0005889776269517218,0.16539720259606838,0.0009581954606498281,5.234484750834175e-07,7.846199541935069e-07,47013.14000000001,1.0,46822.1266875,7.717961007317399e-06,117.76033566539957,2880.0,1.0,,374,,,,,,,,
2.0929094729999633,0.00016257976752361478,0.0011067708352735888,0.0,0.0,0.002187500000000002,4.0,0.0625,-0.0021528401412069798,0.16400007220606008,-0.0017947705540185173,8.777386947637448e-07,1.1854037798760448e-06,46980.96,1.0,46772.859625,7.717961007317399e-06,141.64829556461183,2880.0,1.0,,375,,,,,,,,
2.0792285219995392,4.6630839051431394e-05,0.0,0.0,0.0,0.002140000000000003,4.0,0.06000000000000005,-3.042999499787887e-06,0.16490373574197292,0.00034934410359710455,5.559954333970533e-07,9.018635201603805e-07,47003.452,1.0,46800.3275,7.717961007317399e-06,128.7003649033292,2880.0,1.0,,376,,,,,,,,
2.0865674740007307,5.01369033448403e-05,0.0,0.0,0.0,0.0020925000000000006,4.0,0.057499999999999996,-0.002811416440332929,0.1642145961523056,-0.002468197684114178,4.582035077286643e-07,7.101901052427214e-07,46982.5,1.0,46817.1999375,7.717961007317399e-06,106.51490321427393,2880.0,1.0,,377,,,,,,,,
2.0350684549994185,0.0002739523451585531,0.0017415364757956315,0.0,0.0,0.0020450000000000017,4.0,0.05500000000000005,-0.0010962831341506292,0.16538793655733267,-0.0007585872663185,6.352931620767777e-07,9.178487469322741e-07,46994.844000000005,1.0,46820.783312499996,7.717961007317399e-06,139.28494864405593,2880.0,1.0,,378,,,,,,,,
2.052705054999933,8.67530316857786e-05,0.0003743489602735887,0.0,0.0,0.0019974999999999993,4.0,0.05249999999999999,-0.002147465682355687,0.16674349643290043,-0.0018150183702042948,7.580344671964667e-07,1.0927598547520272e-06,46982.644,1.0,46799.5821875,7.717961007317399e-06,128.75116961785244,2880.0,1.0,,379,,,,,,,,
2.044089267000345,2.7313330974720884e-05,0.0,0.0,0.0,0.0019500000000000003,4.0,0.050000000000000044,-0.0007782410369448675,0.16455554713805517,-0.00045791163574904203,7.011389608161759e-07,9.67017686074693e-07,46971.72000000001,1.0,46778.332375,7.717961007317399e-06,112.05871432583716,2880.0,1.0,,380,47027.964,46992.11200000001,46877.664000000004,70000042,46808.35653333333,best_of_k,46992.11200000001,117.72654575405836
2.06950535300075,6.888173822972021e-05,0.0,0.0,0.0,0.0019025000000000014,4.0,0.04749999999999999,-0.0004536165118527909,0.16588566079735756,-0.0001384824669609467,4.83909192420621e-07,8.305047387580089e-07,46950.088,1.0,46795.1566875,7.717961007317399e-06,101.92382269998177,2880.0,1.0,,381,,,,,,,,
2.0912906219991783,4.724787911906484e-05,0.0,0.0,0.0,0.0018550000000000025,4.0,0.04500000000000004,-0.0007409985701087862,0.16549295373260975,-0.0004345015622675419,6.124931909804824e-07,8.622840563058768e-07,46980.952,1.0,46805.4615625,7.717961007317399e-06,113.3198761396643,2880.0,1.0,,382,,,,,,,,
2.0509816209996643,8.512756915971902e-05,0.0006184895852735887,0.0,0.0,0.0018075,4.0,0.04249999999999998,-0.0031548382224476277,0.1661663887401422,-0.002854966832577096,5.569023902770217e-07,8.394267538847089e-07,46983.468,1.0,46827.2758125,7.717961007317399e-06,105.14229543202404,2880.0,1.0,,383,,,,,,,,
2.0496101290000297,2.1928428575771857e-05,0.0,0.0,0.0,0.0017600000000000011,4.0,0.040000000000000036,-0.0010238596878480166,0.1669818783799807,-0.0007305126055143774,6.928704934239249e-07,9.431687194213131e-07,46988.03600000001,1.0,46793.189249999996,7.717961007317399e-06,134.50062358382468,2880.0,1.0,,384,,,,,,,,
2.1116132019997167,0.00013653223330341765,0.00045572916860692203,0.0,0.0,0.0017124999999999987,4.0,0.03749999999999998,0.0024690679274499416,0.16671180352568626,0.0027538495390520743,9.764706874193507e-07,1.228501560035511e-06,46976.116,1.0,46809.207437499994,7.717961007317399e-06,148.73757677007555,2880.0,1.0,,385,,,,,,,,
2.0740582830003405,2.677417645221188e-05,0.0,0.0,0.0,0.0016649999999999998,4.0,0.03500000000000003,5.1257452772309385e-05,0.16490805273254713,0.00032525437806422514,6.887453238846319e-07,1.0104967789933046e-06,46982.696,1.0,46794.951,7.717961007317399e-06,125.88989240006627,2880.0,1.0,,386,,,,,,,,
2.109826408999652,0.00015783912961827204,0.0,0.0,0.0,0.0016175000000000009,4.0,0.03249999999999997,-0.00015916992560960352,0.1667181265850862,0.00010983902029693127,8.8012767444449e-07,1.1395753508243918e-06,46986.39200000001,1.0,46781.7888125,7.717961007317399e-06,173.74427677938132,2880.0,1.0,,387,,,,,,,,
2.0348051350001697,2.959901776951786e-05,0.0,0.0,0.0,0.001570000000000002,4.0,0.030000000000000027,-0.0008785178749045978,0.1660539824515581,-0.0006183479175282022,6.318556913242901e-07,9.438767397303612e-07,46990.183999999994,1.0,46792.42725,7.717961007317399e-06,116.4606624313015,2880.0,1.0,,388,,,,,,,,
2.0486379350004427,8.300109720948967e-05,0.0,0.0,0.0,0.0015224999999999995,4.0,0.02749999999999997,-4.1073818768685065e-05,0.1667771985133489,0.00021232590855409703,6.832497897827731e-07,8.994554268800433e-07,46982.924000000006,1.0,46794.54181250001,7.717961007317399e-06,117.05673069057178,2880.0,1.0,,389,,,,,,,,
2.1288893139999345,7.579391876788577e-05,0.0,0.0,0.0,0.0014750000000000006,4.0,0.025000000000000022,0.0007115931560595831,0.162326168268919,0.0009504087114085754,7.730813512315157e-07,1.07702824673576e-06,46998.204000000005,1.0,46771.853375000006,7.717961007317399e-06,144.3862813327832,2880.0,1.0,,390,,,,,,,,
2.206619316999422,0.00024221826705191538,0.0015950520949748654,0.0,0.0,0.0014275000000000017,4.0,0.022499999999999964,-0.0023503935954067856,0.16332148077587286,-0.0021178616249623397,7.799955478541657e-07,1.0633316686418464e-06,46941.356,1.0,46777.793437500004,7.717961007317399e-06,143.0227560833722,2880.0,1.0,,391,,,,,,,,
2.0801194710002164,5.2059844392715604e-05,0.0,0.0,0.0,0.0013800000000000028,4.0,0.020000000000000018,0.0004890043928753585,0.16347964542607465,0.00071398316261669,7.998476760917583e-07,1.0855136901947542e-06,46986.848000000005,1.0,46777.32625,7.717961007317399e-06,175.9614705821643,2880.0,1.0,,392,,,,,,,,
2.070996331999595,0.0003370391868884326,0.002067057309128965,0.0,0.0,0.0013325000000000004,4.0,0.01749999999999996,0.0007752787011365095,0.16471846712132296,0.0009941789515626926,8.572835668019252e-07,1.002447864569452e-06,46973.04,1.0,46784.8440625,7.717961007317399e-06,146.80674006068855,2880.0,1.0,,393,,,,,,,,
2.070529285999328,0.0003939446379869575,0.0019856770910943546,0.0,0.0,0.0012850000000000014,4.0,0.015000000000000013,-0.00024195630491400758,0.16487582152088484,-3.074707152942816e-05,9.137200815227212e-07,1.1302009568225913e-06,47041.908,1.0,46784.947625,7.717961007317399e-06,148.7631858940911,2880.0,1.0,,394,,,,,,,,
2.139917085999514,0.0005914543983938833,0.003776041684128965,0.0,0.0,0.001237499999999999,4.0,0.012499999999999956,-0.00020128083512342224,0.16307973178724447,-1.365260686725378e-07,8.701713980485692e-07,1.1591783083038838e-06,46998.892,1.0,46785.27725,7.717961007317399e-06,161.61380969439978,2880.0,1.0,,395,,,,,,,,
2.109179373000188,0.00014336495890650744,0.0012858072974874328,0.0,0.0,0.00119,4.0,0.010000000000000009,-0.0015372146408481058,0.16185640171170235,-0.0013451360476513703,6.995929216676208e-07,9.204421023885819e-07,46997.82000000001,1.0,46804.34362500001,7.717961007317399e-06,128.65055910239786,2880.0,1.0,,396,,,,,,,,
2.0630112090002513,0.00022995892989759645,0.0009114583372138441,0.0,0.0,0.0011425000000000012,4.0,0.007499999999999951,0.002042694560562571,0.16228261341651282,0.002227524140228828,7.367009497253699e-07,1.0095804583443169e-06,46964.8,1.0,46786.939750000005,7.717961007317399e-06,115.46860088759107,2880.0,1.0,,397,,,,,,,,
2.0333289250002053,4.0476452378849594e-05,0.0,0.0,0.0,0.0010950000000000022,4.0,0.0050000000000000044,0.003047884461314728,0.16296408139169216,0.0032258855644613504,5.730664748663609e-07,7.761492450223765e-07,46997.748,1.0,46790.81937500001,7.717961007317399e-06,103.90437856803447,2880.0,1.0,,398,,,,,,,,
2.054928444000325,0.0003696521434145931,0.002099609380820766,0.0,0.0,0.0010474999999999998,4.0,0.0024999999999999467,0.0003075411805184558,0.16020853196581206,0.0004748425368840496,6.483024345508662e-07,9.053775755774041e-07,46990.988,1.0,46797.09625,7.717961007317399e-06,126.86239140871342,2880.0,1.0,,399,,,,,,,,
2.1453515390003304,6.539007057426716e-05,0.0004069010416666667,0.0,0.0,0.0010000000000000009,4.0,0.0,6.57628212744991e-06,0.16107121296226978,0.0001671124870578448,6.55519168428024e-07,9.386517495120946e-07,46981.608,1.0,46789.967437499996,7.717961007317399e-06,118.05142184206734,2880.0,1.0,,400,47041.908,46950.488,46877.664000000004,70000042,46793.083733333326,best_of_k,46950.488,114.78869424437566
