elapsed_seconds,optimization_approximate_kl,optimization_clip_fraction,optimization_count_loss,optimization_early_kl_stop,optimization_entropy_coefficient,optimization_epochs_completed,optimization_learning_rate_fraction,optimization_loss,optimization_normalized_entropy,optimization_policy_loss,optimization_q_loss,optimization_value_loss,rollout_best_objective,rollout_feasible_rate,rollout_mean_objective,rollout_reward_scale,rollout_std_objective,rollout_transitions,rollout_vectorized_rollouts,self_imitation_loss,update,validation_archive_best_objective,validation_best_of_k_objective,validation_deterministic_objective,validation_fixed_validation_seed,validation_mean_stochastic_objective,validation_selection_metric,validation_selection_objective,validation_std_stochastic_objective
2.9170627099993,0.01213289836111168,0.1481445316846172,0.0,0.0,0.0199525,4.0,0.9975,-0.02129244334840526,0.7583322847882906,-0.010619332276595136,0.033040948090880796,0.002306839312950615,27429.54,1.0,19646.751874999998,7.717961007317399e-06,4109.201876600064,2880.0,1.0,,1,27429.54,29974.696,0.0,70000042,22550.293199999996,best_of_k,29974.696,3355.409468893857
2.5923932309997326,0.01609924910007976,0.3119791696468989,0.0,1.0,0.019905,2.0,0.995,-0.02522581342297296,0.7737597674131393,-0.010282408523683747,0.0031348446500487626,0.0002895997604355216,29886.264000000003,1.0,23307.6304375,7.717961007317399e-06,3664.493004934558,2880.0,1.0,,2,,,,,,,,
2.7789857309999206,0.009534057247542983,0.1987847238779068,0.0,1.0,0.0198575,3.0,0.9925,-0.026149554695520136,0.796405166387558,-0.010660295064250628,0.0015241290643138604,0.00034588548199584085,35561.16,1.0,26721.1198125,7.717961007317399e-06,3932.78345602478,2880.0,1.0,,3,,,,,,,,
2.9055237570000827,0.008223187527619302,0.1520182297875484,0.0,0.0,0.01981,4.0,0.99,-0.023714050689401727,0.7924193839232127,-0.00821150509485354,0.0006641828367719427,0.0002577283867140068,35503.844,1.0,29455.42375,7.717961007317399e-06,3088.089154823649,2880.0,1.0,,4,,,,,,,,
2.886920451000151,0.008930095966206864,0.1743326826641957,0.0,0.0,0.0197625,4.0,0.9875,-0.02730420615989715,0.7768523643414179,-0.01210931323779126,0.0004399154665103803,0.0002273207519465359,37242.42800000001,1.0,32261.276374999998,7.717961007317399e-06,2896.7306442127747,2880.0,1.0,,5,,,,,,,,
2.9448317619999216,0.009159879123520417,0.17745768325403333,0.0,0.0,0.019715,4.0,0.985,-0.025774470530450344,0.7640322049458822,-0.010835332330316305,0.00031116833148795803,0.00018527939937484916,40195.219999999994,1.0,33730.47425,7.717961007317399e-06,2973.349866741624,2880.0,1.0,,6,,,,,,,,
2.8976504189995467,0.006342817772141037,0.10151367184395592,0.0,0.0,0.0196675,4.0,0.9825,-0.02273350170192619,0.7338223159313202,-0.00840185295479993,0.00025173597411291365,0.00015125646556649977,42443.111999999994,1.0,35712.1615,7.717961007317399e-06,2578.847252935456,2880.0,1.0,,7,,,,,,,,
2.867300754000098,0.00827018944255542,0.13860677108944705,0.0,0.0,0.019620000000000002,4.0,0.98,-0.02316178024436037,0.6952908088763555,-0.00962452992098406,0.00021121478372757943,0.00016646680705889594,42545.844,1.0,38107.59237499999,7.717961007317399e-06,2437.1831609365877,2880.0,1.0,,8,,,,,,,,
2.9364113829997223,0.006537347018214253,0.09025065116778326,0.0,0.0,0.0195725,4.0,0.9775,-0.020590112816231947,0.6717506100734075,-0.007502291914230834,0.00014463996255168846,9.110830039086674e-05,42733.231999999996,1.0,39191.1233125,7.717961007317399e-06,1909.961046230335,2880.0,1.0,,9,,,,,,,,
2.8687093160006043,0.007461337770412986,0.10240885444606344,0.0,0.0,0.019525,4.0,0.975,-0.02355344403379907,0.6500319962700208,-0.010947598222022256,0.00018510662266635336,0.00013503768938486851,43290.344,1.0,39303.905125,7.717961007317399e-06,2142.3629372605697,2880.0,1.0,,10,,,,,,,,
2.841743182000755,0.004986822110367939,0.0614746099357338,0.0,0.0,0.019477500000000002,4.0,0.9725,-0.017067938674396526,0.6267684176564217,-0.004923353825385372,0.00012172587927731608,0.00010224979905615328,44169.904,1.0,41174.083625,7.717961007317399e-06,1625.1764498230216,2880.0,1.0,,11,,,,,,,,
2.815480232000482,0.007688914964091964,0.0921223961825793,0.0,0.0,0.01943,4.0,0.97,-0.01777226683528473,0.6096471498409907,-0.005958900049639245,7.848731759925916e-05,4.845760668104049e-05,44265.36,1.0,42119.8191875,7.717961007317399e-06,1184.2277369609235,2880.0,1.0,,12,,,,,,,,
2.888336753000658,0.007141017321070346,0.08081054706902553,0.0,0.0,0.0193825,4.0,0.9675,-0.01951820372293393,0.5893237168590227,-0.008127405463407436,8.06643150402427e-05,4.740414381861532e-05,44850.060000000005,1.0,42358.55025,7.717961007317399e-06,1371.148255923274,2880.0,1.0,,13,,,,,,,,
2.8575403719996757,0.008812061918433756,0.1136067717646559,0.0,0.0,0.019335,4.0,0.965,-0.0166525660121503,0.5586859484513601,-0.005879305535927415,5.873510917808744e-05,4.611989705457139e-05,45671.352000000006,1.0,43394.6624375,7.717961007317399e-06,1033.0339846562686,2880.0,1.0,,14,,,,,,,,
2.8447227860006024,0.0076558618426740095,0.08779296888193737,0.0,0.0,0.0192875,4.0,0.9625,-0.015058806360078355,0.5312439302603403,-0.004831448042144378,4.126955597409202e-05,2.976482710437267e-05,46019.384,1.0,43966.45275,7.717961007317399e-06,836.3738371179702,2880.0,1.0,,15,,,,,,,,
2.8413378810000722,0.008150317871847316,0.08361002616584301,0.0,0.0,0.01924,4.0,0.96,-0.015948966746994604,0.49174843976895016,-0.0065500929291980965,7.382862486338126e-05,0.00010996582841471536,46133.075999999994,1.0,44320.343062500004,7.717961007317399e-06,864.2052715216854,2880.0,1.0,,16,,,,,,,,
2.871465778000129,0.013861462487966492,0.15146484373447797,0.0,1.0,0.0191925,4.0,0.9575,-0.008595507630767921,0.4572276597221692,6.981518041963379e-05,0.00016077016509067713,0.00018788500089309915,46097.632,1.0,44769.774124999996,7.717961007317399e-06,737.6896196697395,2880.0,1.0,,17,,,,,,,,
2.8314156930000536,0.00460040470761669,0.05763346375897527,0.0,0.0,0.019145,4.0,0.955,-0.009431915590539575,0.43236883357167244,-0.0011867926999305685,8.429761358759909e-05,4.82987581638857e-05,46391.288,1.0,45139.87700000001,7.717961007317399e-06,609.1071014694376,2880.0,1.0,,18,,,,,,,,
2.8825675449998016,0.006601253387240528,0.08069661476959784,0.0,0.0,0.0190975,4.0,0.9525,-0.009099292607667545,0.42283570145567256,-0.001063333940692246,9.162294251533847e-05,5.996899699312053e-05,46207.10800000001,1.0,45356.351624999996,7.717961007317399e-06,465.52156451431995,2880.0,1.0,,19,,,,,,,,
2.919464722000157,0.008157575675644088,0.10183919314295053,0.0,0.0,0.01905,4.0,0.95,-0.005904600509287168,0.41615938271085423,0.00176893073755006,0.0009445775347103336,0.00031969509518603445,46414.616,1.0,45467.0369375,7.717961007317399e-06,630.0130831807159,2880.0,1.0,,20,46414.616,46656.975999999995,46583.043999999994,70000042,45728.3788,best_of_k,46656.975999999995,500.1187298297868
2.9033709559998897,0.0058751010260493786,0.07029622420668602,0.0,0.0,0.019002500000000002,4.0,0.9475,-0.010911722066036115,0.41383766507109004,-0.004068659773717324,0.002708761927957918,0.0015000248418649182,46515.596,1.0,45688.10175,7.717961007317399e-06,594.8645600302117,2880.0,1.0,,21,,,,,,,,
2.861982037999951,0.0068466126393029,0.0810872398627301,0.0,0.0,0.018955,4.0,0.945,-0.009798797778785229,0.40466299653053284,-0.002260345461157461,0.0005666588552533843,0.00015053872759078027,46524.624,1.0,45822.9835,7.717961007317399e-06,532.4731641615851,2880.0,1.0,,22,,,,,,,,
2.886245444999986,0.0057946258267141575,0.07682291671517305,0.0,0.0,0.0189075,4.0,0.9425,-0.005411656418194373,0.3952517348031203,0.0020048682345077395,5.807501474919263e-05,0.00010178108266245545,46805.572,1.0,45953.97425,7.717961007317399e-06,490.08250490191693,2880.0,1.0,,23,,,,,,,,
2.8254959460000464,0.008801455672596603,0.10662434964130323,0.0,0.0,0.018860000000000002,4.0,0.94,-0.008865360539251318,0.38958534846703213,-0.001586103889470299,6.713930247315147e-05,0.00012321772260293073,46696.848000000005,1.0,45924.7404375,7.717961007317399e-06,499.0552506382027,2880.0,1.0,,24,,,,,,,,
2.8902569149995543,0.00860004854790001,0.09422200524325793,0.0,1.0,0.0188125,4.0,0.9375,-0.004985987790860236,0.3752388345698516,0.002051395548429961,4.851136175905898e-05,3.389349474976674e-05,46779.551999999996,1.0,46086.88168749999,7.717961007317399e-06,533.7677667454299,2880.0,1.0,,25,,,,,,,,
2.888059101000181,0.006909820229680008,0.08074544280922662,0.0,0.0,0.018765,4.0,0.935,-0.005520960102633883,0.36974824716647464,0.0013882403291063383,3.4274519218039735e-05,5.139619361216319e-05,46758.256,1.0,46188.98125,7.717961007317399e-06,413.88833001962877,2880.0,1.0,,26,,,,,,,,
2.72067923800023,0.016236262281482696,0.14878472240848672,0.0,1.0,0.0187175,3.0,0.9325,0.00295036177461346,0.3551592545376884,0.009558295417163108,3.877676661229796e-05,7.176264297312527e-05,46746.111999999994,1.0,46197.892875000005,7.717961007317399e-06,328.9931166912694,2880.0,1.0,,27,,,,,,,,
2.9541157240000757,0.005943436523779155,0.06879882824917634,0.0,0.0,0.01867,4.0,0.9299999999999999,-0.003563953854609281,0.3386372687915961,0.0026990368302601078,1.9781270301185334e-05,0.00011477825398742425,46917.935999999994,1.0,46358.0526875,7.717961007317399e-06,323.43510145201867,2880.0,1.0,,28,,,,,,,,
2.9135760620001747,0.005175254338420625,0.055322265873352684,0.0,0.0,0.0186225,4.0,0.9275,-0.008782194966139892,0.34144340083003044,-0.002442905019658307,1.590709685691157e-05,3.5299678908510636e-05,46763.012,1.0,46359.700937500005,7.717961007317399e-06,265.17699577522035,2880.0,1.0,,29,,,,,,,,
2.8720824189995255,0.003235879604451005,0.036100260340996705,0.0,0.0,0.018575,4.0,0.925,-0.007783932029269636,0.34298238903284073,-0.0014218905513795714,1.4878238819922748e-05,1.4735653318590872e-05,46858.727999999996,1.0,46351.783625,7.717961007317399e-06,339.267445036891,2880.0,1.0,,30,,,,,,,,
2.487999306999882,0.01433115009009119,0.12132161545256774,0.0,1.0,0.018527500000000002,2.0,0.9225,-0.001472380089884003,0.3337293590108554,0.004703056998550892,1.7769506105954253e-05,1.1914448123206967e-05,46707.892,1.0,46261.326625,7.717961007317399e-06,407.3447698738866,2880.0,1.0,,31,,,,,,,,
2.812512892000086,0.005316663704661551,0.06178385438397527,0.0,0.0,0.01848,4.0,0.92,-0.010350743813129762,0.3303000442683697,-0.004253305261954665,1.5329894078301248e-05,9.945466407164835e-06,46801.588,1.0,46301.9814375,7.717961007317399e-06,325.10866601904644,2880.0,1.0,,32,,,,,,,,
2.805713186000503,0.00465408977359516,0.05712890632761022,0.0,0.0,0.0184325,4.0,0.9175,-0.008642912551295012,0.3211764320731163,-0.0027283719779613116,1.3218146402020162e-05,8.444223340120516e-06,46713.148,1.0,46292.9976875,7.717961007317399e-06,515.7591411859837,2880.0,1.0,,33,,,,,,,,
2.8839492729994163,0.008764602141733727,0.08460286476959784,0.0,0.0,0.018385,4.0,0.915,-0.00570977774138252,0.3285892518858115,0.0003256227355450392,1.5862802911215113e-05,8.25384972813481e-06,46693.188,1.0,46314.231625,7.717961007317399e-06,302.295034640596,2880.0,1.0,,34,,,,,,,,
2.8148696059997746,0.004491846417475169,0.0562011719836543,0.0,0.0,0.0183375,4.0,0.9125,-0.008769150619627908,0.3191007400552432,-0.0029243740621798984,1.8624170365910686e-05,9.741679226256869e-06,46825.46000000001,1.0,46375.461125,7.717961007317399e-06,392.32272424209043,2880.0,1.0,,35,,,,,,,,
2.8330691010005467,0.0066443041598442205,0.07506510429084301,0.0,0.0,0.01829,4.0,0.91,-0.005989131032644461,0.31623241181174916,-0.0002115106132502357,2.14155434150598e-05,8.257779124202594e-06,46800.324,1.0,46389.4493125,7.717961007317399e-06,355.2908598684016,2880.0,1.0,,36,,,,,,,,
2.838502341000094,0.004161012378195513,0.0488118491290758,0.0,0.0,0.018242500000000002,4.0,0.9075,-0.006897100800415501,0.3167584848900636,-0.001125059692033877,2.2912407985131722e-05,8.268631252879763e-06,46700.971999999994,1.0,46367.293437500004,7.717961007317399e-06,266.8323826162849,2880.0,1.0,,37,,,,,,,,
2.625240121999923,0.010260278409121939,0.11718750041392115,0.0,1.0,0.018195,3.0,0.905,-0.006874437236951457,0.3017202268044154,-0.0013920793620248635,3.912862974983808e-05,7.057373725021736e-06,46841.56800000001,1.0,46407.07775,7.717961007317399e-06,350.35157958176507,2880.0,1.0,,38,,,,,,,,
2.7871765339996273,0.007802496102404651,0.0716308595923086,0.0,0.0,0.0181475,4.0,0.9025,-0.004849352621628593,0.2942664921283722,0.0004817473454750143,6.088024895234412e-05,6.026352878052421e-06,46818.53600000001,1.0,46481.277375,7.717961007317399e-06,183.32666790488875,2880.0,1.0,,39,,,,,,,,
2.657265429999825,0.012161006841823665,0.12599826355775198,0.0,1.0,0.0181,3.0,0.9,-0.00023997432759238614,0.2826886259847217,0.0048576029431488775,0.00014069346586135603,1.0035422848078371e-05,46761.727999999996,1.0,46412.158375,7.717961007317399e-06,400.14695808147695,2880.0,1.0,,40,46917.935999999994,46764.668,46776.66799999999,70000042,46426.711599999995,best_of_k,46764.668,332.47379295352926
2.8162377420003395,0.006135037781717756,0.06490885435293119,0.0,0.0,0.0180525,4.0,0.8975,-0.005910919358332952,0.27982957661151886,-0.0008684839510048429,6.082020009519814e-05,6.210865459858421e-06,46816.744,1.0,46461.64600000001,7.717961007317399e-06,236.01390909965363,2880.0,1.0,,41,,,,,,,,
2.824191339999743,0.010087835610988805,0.10359700515012567,0.0,0.0,0.018005,4.0,0.895,-0.0009770173443636547,0.2765374543766181,0.0038355907696920135,0.0016119620893277897,1.0505435000141006e-05,46799.136,1.0,46578.363687499994,7.717961007317399e-06,199.2934508674391,2880.0,1.0,,42,,,,,,,,
2.794343296999614,0.008529027442511014,0.09150390683983763,0.0,0.0,0.0179575,4.0,0.8925,-0.0023684363113716245,0.27396253248055774,0.0024809585496162376,0.00045484155665083864,4.96053666362665e-05,46923.816,1.0,46564.160875,7.717961007317399e-06,152.0988294538593,2880.0,1.0,,43,,,,,,,,
2.88071478799975,0.009983639444328674,0.10802408851062258,0.0,0.0,0.017910000000000002,4.0,0.89,-0.002299023986173173,0.274780406927069,0.0026003056361029544,8.368970437307628e-05,2.7236447067480185e-05,46865.52,1.0,46609.17937499999,7.717961007317399e-06,138.8786355369657,2880.0,1.0,,44,,,,,,,,
2.8119837839994943,0.006567195655823828,0.07498372454817097,0.0,0.0,0.0178625,4.0,0.8875,-0.0022032916313037276,0.2604055516421795,0.002371372790851941,6.627779767616933e-05,0.00014040399914468557,46859.835999999996,1.0,46600.299125,7.717961007317399e-06,222.04579048866023,2880.0,1.0,,45,,,,,,,,
2.7987014460004502,0.005072497382703507,0.06336263044310424,0.0,0.0,0.017815,4.0,0.885,-0.003113381506409496,0.25338108961780864,0.0013579120374439906,0.00020417752212627724,4.454501523317352e-05,46900.068,1.0,46605.0854375,7.717961007317399e-06,327.41299961697166,2880.0,1.0,,46,,,,,,,,
2.8007165089993578,0.007416564725086043,0.0886067709652707,0.0,0.0,0.017767500000000002,4.0,0.8825000000000001,-0.0035342694415400424,0.25641504240532714,0.0010097785076747339,6.582123213168718e-05,1.0448562647979998e-05,46920.94,1.0,46604.3799375,7.717961007317399e-06,198.6256750479308,2880.0,1.0,,47,,,,,,,,
2.8214791390000755,0.005951116513737513,0.07039388044116397,0.0,0.0,0.01772,4.0,0.88,-0.0050907558373486,0.2485535585631927,-0.0007119148115937909,0.00021622555266276322,7.810665617095461e-06,46900.164,1.0,46591.1999375,7.717961007317399e-06,289.1112031922074,2880.0,1.0,,48,,,,,,,,
2.8117450999998255,0.008050325158568702,0.08429361996240914,0.0,0.0,0.0176725,4.0,0.8775,-0.0017784678687651951,0.23628285465141138,0.002327024432209631,0.0006719836292177206,6.035775072632532e-06,46899.684,1.0,46660.687437500004,7.717961007317399e-06,268.875820571381,2880.0,1.0,,49,,,,,,,,
2.923022013999798,0.005769978420545385,0.06391601574917634,0.0,0.0,0.017625000000000002,4.0,0.875,-0.002629641802438224,0.22204328452547392,0.0010719418448085587,0.0020907789657940157,5.702472302952326e-06,46825.7,1.0,46615.963312500004,7.717961007317399e-06,294.7296449956759,2880.0,1.0,,50,,,,,,,,
2.6741816980002113,0.012593936094156611,0.10412326413724157,0.0,1.0,0.0175775,3.0,0.8725,0.005634583274109496,0.22974364956219992,0.009548484787551893,0.0012168781476147058,5.457931592900422e-06,46942.772000000004,1.0,46645.969625,7.717961007317399e-06,303.19332423366455,2880.0,1.0,,51,,,,,,,,
2.850016188000154,0.013226168916015505,0.12532552160943547,0.0,0.0,0.01753,4.0,0.87,0.0006037629209458828,0.2338578583051761,0.004647409155343969,0.0005262233634463579,6.5200188714698015e-06,46893.56799999999,1.0,46650.878,7.717961007317399e-06,209.5907859162699,2880.0,1.0,,52,,,,,,,,
2.791761645999941,0.006290544713237978,0.07177734386641532,0.0,0.0,0.0174825,4.0,0.8674999999999999,-0.0003161656592662136,0.2346494651089112,0.00377450929954648,8.986119496512401e-05,5.19632008414798e-06,46908.7,1.0,46674.44943750001,7.717961007317399e-06,101.35288424452251,2880.0,1.0,,53,,,,,,,,
2.835887100999571,0.005458616760440312,0.0671061201331516,0.0,0.0,0.017435,4.0,0.865,-0.0013658010187403609,0.22434518610437712,0.00240026858712857,0.0014262640243411322,5.5256538757930684e-06,46875.18000000001,1.0,46670.85399999999,7.717961007317399e-06,88.65765674774012,2880.0,1.0,,54,,,,,,,,
2.8999438470000314,0.005926425380778255,0.07137044348443548,0.0,0.0,0.0173875,4.0,0.8625,-0.005432714766357094,0.23045292434593043,-0.0027248456220452986,0.012957613620528718,6.738834315456188e-06,46899.14,1.0,46612.875250000005,7.717961007317399e-06,227.09168213507382,2880.0,1.0,,55,,,,,,,,
2.822681587000261,0.004087996608106437,0.05146484371895591,0.0,0.0,0.01734,4.0,0.86,-0.0013579581088076036,0.22303301592667898,0.000912667834199965,0.015931975447225948,7.137744811795225e-06,46905.731999999996,1.0,46640.617750000005,7.717961007317399e-06,270.79967400633467,2880.0,1.0,,56,,,,,,,,
2.825911208999969,0.007611234120294815,0.07220052136108279,0.0,0.0,0.017292500000000002,4.0,0.8575,0.001563195779453963,0.22550599835813046,0.004783164156833664,0.006745457784442503,1.0096882950468474e-05,46901.416000000005,1.0,46634.9789375,7.717961007317399e-06,276.2878511301599,2880.0,1.0,,57,,,,,,,,
2.9837349869994796,0.008205704677171374,0.08097330775732796,0.0,0.0,0.017245,4.0,0.855,-0.005773280368885025,0.23687700368463993,-0.0018996280268765986,0.002075093863216656,7.5633035597396274e-06,46863.916,1.0,46624.093875,7.717961007317399e-06,164.55995381314457,2880.0,1.0,,58,,,,,,,,
2.836504621000131,0.009769079269934386,0.08863932344441612,0.0,0.0,0.0171975,4.0,0.8525,-0.0004715313358853261,0.2394507440427939,0.0034363423086081943,0.0020660036728562168,6.961525230053667e-06,46821.759999999995,1.0,46586.74775,7.717961007317399e-06,235.79345643048998,2880.0,1.0,,59,,,,,,,,
2.4594249430001582,0.018772618023291443,0.1371419271454215,0.0,1.0,0.017150000000000002,2.0,0.85,0.007155294413678348,0.22036846975485483,0.010901222936809063,0.00029837945839972235,7.106542663374664e-06,46827.723999999995,1.0,46565.77893750001,7.717961007317399e-06,273.9560020598582,2880.0,1.0,,60,46942.772000000004,46777.880000000005,46746.21600000001,70000042,46574.22786666665,best_of_k,46777.880000000005,196.96096405256472
2.483497635000276,0.017959948654511965,0.10732421899835269,0.0,1.0,0.0171025,2.0,0.8475,0.0022952890916106603,0.22676831483840942,0.006164564071999242,5.989697820041329e-05,6.0805195971624926e-06,46819.056000000004,1.0,46615.1339375,7.717961007317399e-06,157.73956125048628,2880.0,1.0,,61,,,,,,,,
2.8268276759999935,0.007944543961201589,0.08011067720750968,0.0,0.0,0.017055,4.0,0.845,-0.0020177593687549233,0.22819489985704422,0.001864153038089474,6.404584405572677e-05,7.0932299536252685e-06,46802.98400000001,1.0,46517.3674375,7.717961007317399e-06,270.0478070100447,2880.0,1.0,,62,,,,,,,,
2.834868887000084,0.0063950169543147695,0.0684244791821887,0.0,0.0,0.017007500000000002,4.0,0.8425,-0.0036728420915702977,0.23881981087227663,0.00038168340688571334,3.349811117914214e-05,7.703512968267509e-06,46753.86,1.0,46371.5103125,7.717961007317399e-06,349.6681222436542,2880.0,1.0,,63,,,,,,,,
2.806085508000251,0.00593421420270109,0.07179361977614462,0.0,0.0,0.01696,4.0,0.84,-0.001300871284911409,0.2233461526532968,0.0024817163745562234,2.0068281476900058e-05,6.7128357841284014e-06,46749.488000000005,1.0,46594.611875,7.717961007317399e-06,124.96707702624849,2880.0,1.0,,64,,,,,,,,
2.8605110050002622,0.008612257203443127,0.07936197969441612,0.0,0.0,0.0169125,4.0,0.8375,-0.00190500538640966,0.22287490156789622,0.0018598929649063696,1.7572915718725806e-05,5.4315819776699454e-06,46837.812,1.0,46632.34375,7.717961007317399e-06,170.5095053917453,2880.0,1.0,,65,,,,,,,,
2.814777817000504,0.006425120448450154,0.06944987007106344,0.0,0.0,0.016865,4.0,0.835,-0.0005179761501494795,0.2200421510885159,0.003188892177907595,1.5567953785951733e-05,5.171467591935652e-06,46817.264,1.0,46565.82718750001,7.717961007317399e-06,192.51226547441036,2880.0,1.0,,66,,,,,,,,
2.799616195999988,0.012734126415277084,0.09998372445503871,0.0,0.0,0.0168175,4.0,0.8325,0.0035469652405784777,0.2244335866222779,0.00731694766242678,1.4123125727868077e-05,6.034001974815813e-06,46756.828,1.0,46594.821874999994,7.717961007317399e-06,146.10639558378165,2880.0,1.0,,67,,,,,,,,
2.8373057230000995,0.007710049578110538,0.07617187523283064,0.0,0.0,0.01677,4.0,0.83,-0.006421256635803729,0.22386905550956726,-0.002672746079042554,1.789809546911177e-05,7.966277792093024e-06,46879.67600000001,1.0,46317.643625,7.717961007317399e-06,466.47765867280344,2880.0,1.0,,68,,,,,,,,
2.6610891529999208,0.020074013871291325,0.11927083341611756,0.0,1.0,0.0167225,3.0,0.8275,0.0017267229915079144,0.22024295727411905,0.0054049128149118685,1.5390992707074878e-05,6.567891255650062e-06,46748.268000000004,1.0,46432.6195,7.717961007317399e-06,256.57107395563924,2880.0,1.0,,69,,,,,,,,
2.8424515939996127,0.008615370454762683,0.06373697938397527,0.0,0.0,0.016675000000000002,4.0,0.825,-0.00642028641110907,0.21047117871542773,-0.002915273521163423,1.5763866296462464e-05,6.033588988429983e-06,46733.44,1.0,46379.08012499999,7.717961007317399e-06,261.89701041436973,2880.0,1.0,,70,,,,,,,,
2.8096794000002774,0.010368178050382445,0.08505859412252903,0.0,0.0,0.0166275,4.0,0.8225,-0.004544683382846415,0.21552226195732752,-0.0009649782368796878,1.470112135848467e-05,4.842330345885178e-06,46755.244,1.0,46457.056874999995,7.717961007317399e-06,240.08495129585788,2880.0,1.0,,71,,,,,,,,
2.8717043110000304,0.003995652640628104,0.044856770895421505,0.0,0.0,0.01658,4.0,0.8200000000000001,-0.0003456673778903981,0.21905792690813541,0.003282940092807015,1.1630603542774528e-05,4.420086289276999e-06,46786.39199999999,1.0,46554.6265,7.717961007317399e-06,150.83165020396066,2880.0,1.0,,72,,,,,,,,
2.8768519209997976,0.008745503796847723,0.07605794328264892,0.0,0.0,0.016532500000000002,4.0,0.8175,-0.0022176252192972847,0.21906626721223196,0.001400342385750264,1.1948564671608134e-05,5.09979520302295e-06,46768.612,1.0,46572.49425,7.717961007317399e-06,219.15875501092177,2880.0,1.0,,73,,,,,,,,
2.808136452999861,0.006203657635386624,0.05546875003104409,0.0,0.0,0.016485,4.0,0.815,-0.0022077556932345033,0.2235894308735927,0.0014749699815486867,9.710998786734612e-06,4.349995653759227e-06,46833.57200000001,1.0,46567.793312500005,7.717961007317399e-06,123.11601915684014,2880.0,1.0,,74,,,,,,,,
2.817547177999586,0.010364573240013423,0.09702148451469839,0.0,1.0,0.0164375,4.0,0.8125,0.0003094473698486884,0.20959722436964512,0.0037513161466146507,1.014571190201726e-05,4.741466701337534e-06,46754.164000000004,1.0,46548.16268750001,7.717961007317399e-06,199.06824055089083,2880.0,1.0,,75,,,,,,,,
2.8212126720000015,0.0069056665033594795,0.061800130254899464,0.0,0.0,0.016390000000000002,4.0,0.81,-0.0015995010423163574,0.2117211166769266,0.0018679896214356024,7.940689518666963e-06,3.649172128916689e-06,46767.98,1.0,46622.517875000005,7.717961007317399e-06,89.71342791903726,2880.0,1.0,,76,,,,,,,,
2.8073220579999543,0.007851793522799966,0.0799153648937742,0.0,0.0,0.0163425,4.0,0.8075,-0.002197546021003897,0.21817451218763986,0.0013640158746663171,1.1259880579927994e-05,5.658266691928778e-06,46741.968,1.0,46519.753125,7.717961007317399e-06,261.8500995345131,2880.0,1.0,,77,,,,,,,,
2.4752316220001376,0.018699961742773514,0.13717447966337204,0.0,1.0,0.016295,2.0,0.8049999999999999,0.010441831759332368,0.22641083722313246,0.014127530545617143,1.687645135461935e-05,3.956758007461758e-06,46792.94,1.0,46570.7595625,7.717961007317399e-06,115.24662666238241,2880.0,1.0,,78,,,,,,,,
2.841740695000226,0.010284219630181704,0.0732747398627301,0.0,0.0,0.0162475,4.0,0.8025,-0.004654608860922356,0.20493348191181818,-0.0013281161276002724,1.1436221901324947e-05,4.040450221509673e-06,46802.39200000001,1.0,46627.3975,7.717961007317399e-06,98.37400639777861,2880.0,1.0,,79,,,,,,,,
2.8104390030002833,0.005932184802013296,0.06751302101959784,0.0,0.0,0.0162,4.0,0.8,-0.002222412391953791,0.2082386246571938,0.001145338862746333,7.830849635107976e-06,9.864235503679689e-06,46837.124,1.0,46643.8521875,7.717961007317399e-06,93.99298580593498,2880.0,1.0,,80,46942.772000000004,46816.368,46797.5,70000042,46622.39493333334,best_of_k,46816.368,202.12192364262637
2.8109619950000706,0.009375842379895971,0.09248046895178656,0.0,0.0,0.0161525,4.0,0.7975,-0.0017238653284342338,0.19692090960840383,0.0014403347158804536,9.39073422993412e-06,3.125218974749563e-05,46900.04000000001,1.0,46650.6335,7.717961007317399e-06,108.2912170526764,2880.0,1.0,,81,,,,,,,,
2.9088549869993585,0.005265081922506927,0.060367838790019356,0.0,0.0,0.016105,4.0,0.795,-0.0024158632246932634,0.1935686208307743,0.0006616458219165603,9.40587951466417e-06,7.794559991225469e-05,46823.34,1.0,46679.965000000004,7.717961007317399e-06,93.57713665474056,2880.0,1.0,,82,,,,,,,,
2.810759465999581,0.003934604448498173,0.04412434913683683,0.0,0.0,0.016057500000000002,4.0,0.7925,-0.000379502618064483,0.1936559664706389,0.002685825379254917,1.0244357876369273e-05,8.655546764657629e-05,46884.732,1.0,46684.512624999996,7.717961007317399e-06,118.84501361062311,2880.0,1.0,,83,,,,,,,,
2.8079672390003907,0.009699210844512862,0.07885742218544085,0.0,0.0,0.01601,4.0,0.79,0.0017290144072224696,0.1971494381626447,0.004870534874498844,8.169268198798818e-06,2.8050057816623546e-05,46877.092,1.0,46667.9875625,7.717961007317399e-06,110.96340899394957,2880.0,1.0,,84,,,,,,,,
2.7953166639999836,0.008855337655963543,0.07872721389867365,0.0,0.0,0.0159625,4.0,0.7875,-0.0026147707928127297,0.18162962111334005,0.00027999896944190067,6.512109014996288e-06,7.68405084272672e-06,46924.403999999995,1.0,46682.5585,7.717961007317399e-06,188.46973612824388,2880.0,1.0,,85,,,,,,,,
2.8529589079998914,0.006712234469579433,0.06153971368136505,0.0,0.0,0.015915,4.0,0.785,-0.002289467869559303,0.19040792683760324,0.0007374338650455078,5.539807659715734e-06,5.773503289674409e-06,46837.456,1.0,46681.624625,7.717961007317399e-06,127.21645149157868,2880.0,1.0,,86,,,,,,,,
2.8262147839996032,0.01170273464049861,0.08681640634313226,0.0,0.0,0.0158675,4.0,0.7825,-0.0008456444193143398,0.18972011283040047,0.0021611586368332305,6.656733205545606e-06,5.831462810116743e-06,46864.852000000006,1.0,46628.759375,7.717961007317399e-06,187.46569371783607,2880.0,1.0,,87,,,,,,,,
2.788106023000182,0.005435489712033596,0.06557617227857311,0.0,0.0,0.01582,4.0,0.78,-0.0014146063573813687,0.1745524009068807,0.0013431776314973831,6.743902758898912e-06,5.921964789952956e-06,46878.13999999999,1.0,46688.2831875,7.717961007317399e-06,99.18856030858346,2880.0,1.0,,88,,,,,,,,
2.866948468999908,0.011629929389587327,0.0859375,0.0,0.0,0.015772500000000002,4.0,0.7775,-0.004731335211545229,0.17988948710262775,-0.0018974023405462503,6.15458052758792e-06,5.516401444083385e-06,46865.092000000004,1.0,46706.823187500006,7.717961007317399e-06,100.92720815810803,2880.0,1.0,,89,,,,,,,,
2.827949508000529,0.0035470389201298267,0.038053385564126074,0.0,0.0,0.015725,4.0,0.775,-0.005124691922295217,0.18525711136559644,-0.0022143989335745573,9.745286092766037e-06,3.8009337212467167e-06,46901.02,1.0,46726.45675,7.717961007317399e-06,102.3926341341865,2880.0,1.0,,90,,,,,,,,
2.9123302910002167,0.009395270945759648,0.07970377632106344,0.0,0.0,0.0156775,4.0,0.7725,0.0005925589648541063,0.1831725953767697,0.003460244789797192,9.799206206177283e-06,6.047270365646303e-06,46852.028,1.0,46578.8981875,7.717961007317399e-06,335.4744053433363,2880.0,1.0,,91,,,,,,,,
2.8279714230002355,0.009262620534007246,0.08950195352857311,0.0,0.0,0.01563,4.0,0.77,-0.0007686677078406016,0.18636178535719714,0.0021409502757402756,5.760715945749932e-06,5.280862486263989e-06,46863.988000000005,1.0,46701.009000000005,7.717961007317399e-06,143.43580091281223,2880.0,1.0,,92,,,,,,,,
2.898202407000099,0.006135722090346481,0.06875000009313226,0.0,0.0,0.015582499999999999,4.0,0.7675,-0.0016877266364948202,0.1933427999416987,0.001321828846509258,6.503832916375056e-06,5.11766635706105e-06,46867.272000000004,1.0,46684.427500000005,7.717961007317399e-06,140.93313367959288,2880.0,1.0,,93,,,,,,,,
2.8436709720008366,0.01085849050490495,0.08320312512417634,0.0,0.0,0.015535,4.0,0.765,-0.0032058778936819485,0.18512453697621822,-0.0003324919574273129,5.3473010742285014e-06,3.9781608904831955e-06,46826.724,1.0,46720.2346875,7.717961007317399e-06,64.67884844775178,2880.0,1.0,,94,,,,,,,,
2.646819405000315,0.014463041746654741,0.08064236202173763,0.0,1.0,0.015487500000000001,3.0,0.7625,-0.0030437428310203054,0.19473211301697624,-3.057433706190851e-05,5.657658018915552e-06,4.358264732218231e-06,46845.240000000005,1.0,46577.0098125,7.717961007317399e-06,183.78875740769553,2880.0,1.0,,95,,,,,,,,
2.8466769860006025,0.006238922723522222,0.06974283900732796,0.0,0.0,0.01544,4.0,0.76,-0.00268856473849155,0.1880599601815144,0.00021245911193545908,5.37037715275801e-06,4.170103911368035e-06,46910.53999999999,1.0,46694.5084375,7.717961007317399e-06,120.45509255759441,2880.0,1.0,,96,,,,,,,,
2.8619748929995694,0.010175964743698529,0.08518880264212687,0.0,0.0,0.0153925,4.0,0.7575000000000001,-0.0014426143219073613,0.18799019418656826,0.0014484561203668516,6.038297954091831e-06,3.928492570063706e-06,47003.188,1.0,46729.552500000005,7.717961007317399e-06,118.87762683217662,2880.0,1.0,,97,,,,,,,,
2.848960663000071,0.006063187477468072,0.06370442717646559,0.0,0.0,0.015345000000000001,4.0,0.755,-0.0013631396577693522,0.17530670637885729,0.0013244848620767395,5.434755147841012e-06,3.8274873285596795e-06,46859.788,1.0,46671.43350000001,7.717961007317399e-06,157.255535509088,2880.0,1.0,,98,,,,,,,,
2.82975366699975,0.004221586945283444,0.04716796901387473,0.0,0.0,0.0152975,4.0,0.7525,-0.0011681259105292459,0.17585628231366476,0.001519685300687949,4.699151872955554e-06,3.7605584755813957e-06,46979.03999999999,1.0,46740.987875,7.717961007317399e-06,81.3260875641043,2880.0,1.0,,99,,,,,,,,
2.867589543999202,0.007243553567443921,0.07029622420668602,0.0,0.0,0.01525,4.0,0.75,0.0005550722610981514,0.1801308145125707,0.0032992902755116424,5.672752119304884e-06,4.418219077706453e-06,46919.736,1.0,46679.13075,7.717961007317399e-06,191.79575327659742,2880.0,1.0,,100,47003.188,46901.148,46847.007999999994,70000042,46709.433733333346,best_of_k,46901.148,170.94295563353597
2.820848698000191,0.007559272564797936,0.07340494807188709,0.0,0.0,0.0152025,4.0,0.7475,-0.002825131309994807,0.1872023685524861,1.768193518122037e-05,5.452646386553776e-06,5.172010162368679e-06,47002.403999999995,1.0,46735.3945625,7.717961007317399e-06,126.38192108123499,2880.0,1.0,,101,,,,,,,,
2.8199327349993837,0.011912915674796428,0.09995117193708818,0.0,0.0,0.015155,4.0,0.745,-0.0003156487364321947,0.18461917775372663,0.0024801548570394516,4.022805882186731e-06,3.396369322672399e-06,47039.416,1.0,46740.978625,7.717961007317399e-06,128.37340954850978,2880.0,1.0,,102,,,,,,,,
2.6991019630004303,0.015752849608151424,0.08174913252393405,0.0,1.0,0.0151075,3.0,0.7424999999999999,0.006337666069157422,0.18242521584033966,0.009091513515967462,5.230827405790074e-06,3.2363132428751364e-06,46914.688,1.0,46713.523062500004,7.717961007317399e-06,84.85070723848418,2880.0,1.0,,103,,,,,,,,
2.8265445249999175,0.007954841540046923,0.07237955718301237,0.0,0.0,0.01506,4.0,0.74,-0.0018010380348035444,0.1891798209398985,0.00104524955774347,4.939724836579747e-06,4.532699932724427e-06,47032.044,1.0,46746.7760625,7.717961007317399e-06,86.04435305553721,2880.0,1.0,,104,,,,,,,,
2.8110745080002744,0.008499805166188423,0.0813151045391957,0.0,0.0,0.015012500000000002,4.0,0.7375,-0.003136501822154969,0.18947907413045564,-0.0002963366180968781,6.955341954532439e-06,7.388437287166501e-06,47044.36000000001,1.0,46691.771562500006,7.717961007317399e-06,213.14824548787414,2880.0,1.0,,105,,,,,,,,
2.8038925450000534,0.005654269417137907,0.0514973960040758,0.0,0.0,0.014965,4.0,0.735,-0.0053987193532520905,0.18441535905003548,-0.0026454726272883513,7.293509137677272e-06,1.1601160016046682e-05,47019.47200000001,1.0,46714.2761875,7.717961007317399e-06,264.3204190593588,2880.0,1.0,,106,,,,,,,,
2.8636351949999153,0.010190115178386824,0.09487304758901398,0.0,0.0,0.0149175,4.0,0.7324999999999999,-0.002300341371058797,0.1815498477468888,0.0003991367411799729,7.0619871811080275e-06,1.6171922103088338e-05,46918.08,1.0,46699.827937500006,7.717961007317399e-06,185.0952815977379,2880.0,1.0,,107,,,,,,,,
2.8307676220001667,0.00541566518795733,0.06761067764212687,0.0,0.0,0.014870000000000001,4.0,0.73,-0.0017805874425296981,0.18792254105210304,0.0010092880887289841,5.970614968949424e-06,7.871532394195432e-06,46996.728,1.0,46774.443250000004,7.717961007317399e-06,118.82482804716238,2880.0,1.0,,108,,,,,,,,
2.8197214820002046,0.013085700254805488,0.09130859375,0.0,0.0,0.014822499999999999,4.0,0.7275,0.0003627193024537216,0.19615545558432737,0.0032677327593167624,5.268039255194405e-06,3.947450352370652e-06,46971.231999999996,1.0,46720.2815625,7.717961007317399e-06,147.25090241933452,2880.0,1.0,,109,,,,,,,,
2.835492107999926,0.010780618584257459,0.09075520855064194,0.0,0.0,0.014775,4.0,0.725,-0.002567845154165601,0.20211921135584512,0.0004151364943633477,6.041827873559669e-06,5.451304483964729e-06,46954.08,1.0,46694.493687500006,7.717961007317399e-06,183.65834355509708,2880.0,1.0,,110,,,,,,,,
2.8058975399999326,0.005517130106015363,0.06668294267728925,0.0,0.0,0.014727500000000001,4.0,0.7224999999999999,-0.0030081247678026557,0.19755953488250574,-0.00010120096461226542,5.549284386082339e-06,4.158259694501491e-06,46997.22,1.0,46719.976062500005,7.717961007317399e-06,167.72183397740994,2880.0,1.0,,111,,,,,,,,
2.821960334999858,0.008806263879958939,0.05987955738479892,0.0,0.0,0.01468,4.0,0.72,0.0009174116761035597,0.1883898756156365,0.003680277121020481,5.626375298106723e-06,4.269991241775036e-06,46964.796,1.0,46676.5805625,7.717961007317399e-06,194.1186779677158,2880.0,1.0,,112,,,,,,,,
2.845660329000566,0.010108918973092074,0.08118489648525913,0.0,0.0,0.014632500000000001,4.0,0.7175,-0.000694899417188329,0.19914098642766476,0.002216719246158997,5.1815798656207335e-06,3.5874837844100207e-06,47036.952000000005,1.0,46722.7803125,7.717961007317399e-06,150.51165180195275,2880.0,1.0,,113,,,,,,,,
2.6400050169995666,0.011219323475205871,0.07369791716337204,0.0,1.0,0.014585,3.0,0.7150000000000001,0.003086532802424497,0.19376026590665182,0.005910133063379262,5.453299839549193e-06,3.6948828336688975e-06,47002.82800000001,1.0,46705.8978125,7.717961007317399e-06,174.42636290413378,2880.0,1.0,,114,,,,,,,,
2.867320997999741,0.007664465327979523,0.07726236991584301,0.0,0.0,0.014537500000000002,4.0,0.7125,-0.0029399613122222945,0.19339298332730928,-0.00013064973366757235,4.793110141084374e-06,3.317545311650368e-06,47050.14,1.0,46772.524562499995,7.717961007317399e-06,143.81609732548569,2880.0,1.0,,115,,,,,,,,
2.799999032999949,0.007894485159250545,0.08092447944606344,0.0,0.0,0.014490000000000001,4.0,0.71,0.0002660285875511666,0.19980811203519502,0.0031588851707056165,5.352432689657387e-06,3.6556371393695977e-06,46971.264,1.0,46732.431125,7.717961007317399e-06,138.66390889930318,2880.0,1.0,,116,,,,,,,,
2.846441524000511,0.006738437520011094,0.07659505245586236,0.0,0.0,0.0144425,4.0,0.7075,-0.0029096100091313324,0.19571100547909737,-8.541935433944066e-05,5.5148844542903435e-06,3.6283308683474993e-06,46973.12,1.0,46709.3900625,7.717961007317399e-06,177.47333755383139,2880.0,1.0,,117,,,,,,,,
2.8278231470003448,0.00816205866998961,0.07923177101959784,0.0,0.0,0.014395000000000002,4.0,0.7050000000000001,0.0015644464486589034,0.19751323945820332,0.004405485776563485,5.018464814080896e-06,3.3228937278787876e-06,47035.816000000006,1.0,46752.194312499996,7.717961007317399e-06,131.0881922195992,2880.0,1.0,,118,,,,,,,,
2.822641744000066,0.007493041027797649,0.06516927084885538,0.0,0.0,0.014347500000000001,4.0,0.7025,-0.004443118775573869,0.19666972942650318,-0.0016236805046598117,5.1631749518795305e-06,3.5293246014589386e-06,46998.71200000001,1.0,46749.530125000005,7.717961007317399e-06,163.18908921243596,2880.0,1.0,,119,,,,,,,,
2.8519468949998554,0.005267078936949332,0.061800130332509674,0.0,0.0,0.0143,4.0,0.7,-0.001304842725706597,0.19575150248905024,0.0014924202114343643,3.864251880258962e-06,3.194168253154809e-06,47022.876000000004,1.0,46779.200937500005,7.717961007317399e-06,130.70384841836542,2880.0,1.0,,120,47050.14,47013.32400000001,46857.011999999995,70000042,46776.037333333334,best_of_k,47013.32400000001,318.87053047711254
2.8005327319997377,0.006555270762152787,0.07622070346648495,0.0,0.0,0.014252500000000001,4.0,0.6975,-0.003146603131123508,0.19050224063297114,-0.0004338610063617428,4.959670510136978e-06,3.7907447847373987e-06,47087.36000000001,1.0,46786.6459375,7.717961007317399e-06,211.75320616816194,2880.0,1.0,,121,,,,,,,,
2.797701980000056,0.005528418744614072,0.05602213554084301,0.0,0.0,0.014205,4.0,0.6950000000000001,-0.002058782799091811,0.18636135508616766,0.0005862295753710592,5.299618104951757e-06,3.4411536565433685e-06,47032.38,1.0,46810.087250000004,7.717961007317399e-06,143.88490186929812,2880.0,1.0,,122,,,,,,,,
2.8221224359995176,0.006020911433301042,0.06586914074917634,0.0,0.0,0.0141575,4.0,0.6925,-0.0006724839137556652,0.18356363599499068,0.001924273829596738,5.00817395732156e-06,3.086390942523091e-06,47095.048,1.0,46798.5136875,7.717961007317399e-06,139.6001140039024,2880.0,1.0,,123,,,,,,,,
2.9601603839992094,0.008295179970719602,0.07420247405146559,0.0,0.0,0.014110000000000001,4.0,0.69,-0.00043695854643980664,0.185236565147837,0.0021730014511073628,8.280319112448828e-06,5.800562822363038e-06,47052.48000000001,1.0,46692.85275,7.717961007317399e-06,471.48564350777247,2880.0,1.0,,124,,,,,,,,
2.4671596340003816,0.021130654504039132,0.11240234412252903,0.0,1.0,0.0140625,2.0,0.6875,0.004783554875757545,0.18706095094482103,0.007410513547559579,8.618283951970321e-06,5.447970958509056e-06,47022.584,1.0,46617.648312499994,7.717961007317399e-06,273.2383877745818,2880.0,1.0,,125,,,,,,,,
2.775560467000105,0.0062613582036128435,0.06090494811845323,0.0,0.0,0.014015,4.0,0.685,0.0003136241090639184,0.18858994853993258,0.002954512368887663,4.905092206778742e-06,3.4181744297256955e-06,46943.72,1.0,46770.722624999995,7.717961007317399e-06,139.64696573541949,2880.0,1.0,,126,,,,,,,,
2.814727300999948,0.006880847240514261,0.06857096403837204,0.0,0.0,0.0139675,4.0,0.6825,-0.002259953257938226,0.1911003521333138,0.00040699671565865475,5.111602736936523e-06,3.4670997213955466e-06,46996.408,1.0,46768.145000000004,7.717961007317399e-06,146.91048260760607,2880.0,1.0,,127,,,,,,,,
2.808394734999638,0.007226432234567426,0.0633138023937742,0.0,0.0,0.01392,4.0,0.6799999999999999,-0.002325319073861465,0.18783044318358103,0.00028734000322098535,4.176314613838865e-06,3.045741361044444e-06,47036.208,1.0,46791.9081875,7.717961007317399e-06,163.9995074907689,2880.0,1.0,,128,,,,,,,,
2.8099167919999672,0.005302030376569178,0.059505208395421505,0.0,0.0,0.0138725,4.0,0.6775,-0.0012467132764868438,0.18667387527724108,0.0013407341515024502,5.17163217258106e-06,3.336487765182028e-06,47011.380000000005,1.0,46740.978500000005,7.717961007317399e-06,167.63541037695484,2880.0,1.0,,129,,,,,,,,
2.7972963120000713,0.006055037421461407,0.054931640625,0.0,0.0,0.013825,4.0,0.675,-0.007786008776747622,0.18916430324316025,-0.0051732349675148726,5.603509142323067e-06,3.7250921801993777e-06,46947.228,1.0,46698.5045,7.717961007317399e-06,218.0547191274469,2880.0,1.0,,130,,,,,,,,
2.8565095610001663,0.006831046397407429,0.06700846366584301,0.0,0.0,0.013777500000000002,4.0,0.6725,3.4674235697214804e-05,0.19946832085649172,0.002780915160352985,4.501579013549417e-06,2.9673741911058946e-06,46957.372,1.0,46735.627,7.717961007317399e-06,126.32161415015277,2880.0,1.0,,131,,,,,,,,
2.8468682349994197,0.006863592425229825,0.06404622457921505,0.0,0.0,0.01373,4.0,0.6699999999999999,-0.0011094802854737889,0.18843616979817548,0.00147581259564807,4.4546351887220226e-06,2.9809951721896746e-06,47029.144,1.0,46757.6851875,7.717961007317399e-06,189.91078422338256,2880.0,1.0,,132,,,,,,,,
2.835176907999994,0.01217663520573827,0.10361328177774946,0.0,0.0,0.0136825,4.0,0.6675,0.001161367380215476,0.19059455891450247,0.0037672864855267107,4.406077778185136e-06,2.9021341845236748e-06,47033.479999999996,1.0,46758.45175000001,7.717961007317399e-06,153.47986851681003,2880.0,1.0,,133,,,,,,,,
2.8282878119998713,0.011586676832240054,0.08046875009313226,0.0,1.0,0.013635000000000001,4.0,0.665,-0.003315066103823483,0.18823071072498956,-0.0007507145637646317,5.334321694287307e-06,3.2813334106170564e-06,47016.204,1.0,46786.60237500001,7.717961007317399e-06,223.45155317620782,2880.0,1.0,,134,,,,,,,,
2.836091063999447,0.008563512453971947,0.07477213574262957,0.0,0.0,0.013587499999999999,4.0,0.6625,-0.0016015799774322659,0.1842673011124134,0.0009002880736564597,4.424286904243975e-06,2.84379217418973e-06,47033.587999999996,1.0,46741.6646875,7.717961007317399e-06,185.1857532905206,2880.0,1.0,,135,,,,,,,,
2.8083262190002642,0.008629795727424986,0.07500000018626451,0.0,0.0,0.01354,4.0,0.6599999999999999,-0.002917947625974193,0.17585393538077673,-0.0005385043720404307,3.8787720958074106e-06,2.4621887462217273e-06,47048.584,1.0,46793.4946875,7.717961007317399e-06,157.15125656044674,2880.0,1.0,,136,,,,,,,,
2.626175974999569,0.0136831455455027,0.09108072922875483,0.0,1.0,0.013492500000000001,3.0,0.6575,-0.0029904189804154965,0.16311578949292502,-0.0007912203824768463,4.943774987016998e-06,2.2925881795446103e-06,47035.528000000006,1.0,46780.635375000005,7.717961007317399e-06,135.25693036258562,2880.0,1.0,,137,,,,,,,,
2.868479216000196,0.008360355350679546,0.08437500055879354,0.0,0.0,0.013445000000000002,4.0,0.655,-0.005570350564084947,0.17457597764829794,-0.0032266260435183844,1.5367271904172714e-05,3.825056315539162e-06,47008.44,1.0,46749.511125000005,7.717961007317399e-06,220.11538844600278,2880.0,1.0,,138,,,,,,,,
2.819160305999503,0.013214932817936878,0.11357421893626451,0.0,0.0,0.013397500000000001,4.0,0.6525000000000001,0.004129417541359241,0.17083322815597057,0.0064149089545632405,2.0054787844022332e-05,2.4828837392002847e-06,47004.2,1.0,46789.760812500004,7.717961007317399e-06,127.2689843641806,2880.0,1.0,,139,,,,,,,,
2.822883963000095,0.010442345048676435,0.10209960971648495,0.0,0.0,0.01335,4.0,0.65,-2.3029812534029284e-06,0.16892017237842083,0.0022448695381172,6.319429470143707e-05,3.1843601107084396e-06,47019.54,1.0,46769.111562499995,7.717961007317399e-06,121.30195442802504,2880.0,1.0,,140,47095.048,46998.43200000001,46919.572,70000042,46742.69960000001,best_of_k,46998.43200000001,301.03009052048725
2.879680183000346,0.009176709627160662,0.08543294303429623,0.0,0.0,0.013302500000000002,4.0,0.6475,0.0013559965106348197,0.16442705132067204,0.0035325312443698445,9.342967598513496e-05,2.824561268729061e-06,47045.92800000001,1.0,46812.18825000001,7.717961007317399e-06,148.14019482212655,2880.0,1.0,,141,,,,,,,,
2.819061763000718,0.011763099572881686,0.07903645870586236,0.0,0.0,0.013255000000000001,4.0,0.645,-0.0005322471649075547,0.1624185542265574,0.0016145022430767615,4.6890615521988366e-05,2.839236363646099e-06,47117.168000000005,1.0,46814.8625625,7.717961007317399e-06,149.96884117937094,2880.0,1.0,,142,,,,,,,,
2.8021729820002292,0.01231016078509306,0.09832356792564194,0.0,0.0,0.0132075,4.0,0.6425000000000001,-0.001574111859857415,0.1676356407503287,0.0006372247783777615,1.2267287701206442e-05,2.9686819971175282e-06,47070.331999999995,1.0,46746.14006250001,7.717961007317399e-06,139.19947772080909,2880.0,1.0,,143,,,,,,,,
2.6459685109994098,0.01596784735231201,0.10957031303809749,0.0,1.0,0.013160000000000002,3.0,0.64,0.003042781945421464,0.1771291982796457,0.00537184046374427,7.013606300966381e-06,2.521076908124087e-06,47012.328,1.0,46784.350875000004,7.717961007317399e-06,124.80766620978908,2880.0,1.0,,144,,,,,,,,
2.8980427079995934,0.009385025709103564,0.06809895873690645,0.0,0.0,0.013112500000000001,4.0,0.6375,-0.0021852063170323768,0.1796938981860876,0.00016899534966796637,6.161133095853681e-06,2.8362875828709853e-06,47046.216,1.0,46783.787625,7.717961007317399e-06,165.19291945588776,2880.0,1.0,,145,,,,,,,,
2.823883451999791,0.005697346265609582,0.05823567726959785,0.0,0.0,0.013065,4.0,0.635,-0.004691213912641008,0.17908534221351147,-0.0023531640569368997,4.086139682613066e-06,2.5828327636645554e-06,47013.152,1.0,46804.4708125,7.717961007317399e-06,154.95308386037274,2880.0,1.0,,146,,,,,,,,
2.8074149429994577,0.00661381353469892,0.07026367184395592,0.0,0.0,0.013017500000000001,4.0,0.6325000000000001,-0.0023716094437986612,0.1812664046883583,-1.4017859939485788e-05,4.753629809783888e-06,3.1372473188184813e-06,47067.74,1.0,46783.05725,7.717961007317399e-06,221.98772245315183,2880.0,1.0,,147,,,,,,,,
2.831179162000808,0.0062175726679954595,0.06525065121240914,0.0,0.0,0.01297,4.0,0.63,-0.0010276169244510431,0.17667945039769015,0.0012623328366316855,3.282350254115348e-06,2.5091112737148555e-06,47061.728,1.0,46793.969937500005,7.717961007317399e-06,149.6942646947308,2880.0,1.0,,148,,,,,,,,
2.807612182000412,0.007389559596552668,0.0764485679877301,0.0,0.0,0.0129225,4.0,0.6275,-0.005406204184206824,0.1733753252774477,-0.003168957210921993,6.262047520522174e-06,5.139782511302353e-06,47028.600000000006,1.0,46742.3425,7.717961007317399e-06,324.92340241778544,2880.0,1.0,,149,,,,,,,,
2.8095028319994526,0.007003393466050649,0.0634277348096172,0.0,0.0,0.012875000000000001,4.0,0.625,-0.0029577221139334142,0.17743038510282835,-0.0006802616408094764,5.169098623506822e-06,1.2878606005036394e-05,47032.06800000001,1.0,46820.2123125,7.717961007317399e-06,151.46587946020247,2880.0,1.0,,150,,,,,,,,
2.8083109789995433,0.012668142105606961,0.10294596385210752,0.0,0.0,0.0128275,4.0,0.6225,0.0037507655506487936,0.17885173484683037,0.0058684570249170065,5.4535947015210695e-05,0.00034215016916050445,47070.816,1.0,46826.4534375,7.717961007317399e-06,243.38011502110015,2880.0,1.0,,151,,,,,,,,
2.884587190000275,0.005091011383060007,0.04993489586437742,0.0,0.0,0.01278,4.0,0.62,0.0027089473054123423,0.17283003218472004,0.004837867978494614,7.421144186992024e-05,0.0001448510756745236,47072.68,1.0,46794.2185,7.717961007317399e-06,165.06924569025549,2880.0,1.0,,152,,,,,,,,
2.814288026000213,0.005128510026271608,0.056103515749176346,0.0,0.0,0.0127325,4.0,0.6174999999999999,-0.0017736282607074827,0.1649620266010364,0.0003130296730281164,2.6707737428447825e-05,2.2100455036403826e-05,47073.076,1.0,46811.9215,7.717961007317399e-06,206.63308176753767,2880.0,1.0,,153,,,,,,,,
2.8215857309996863,0.005410369277602338,0.06181640659148494,0.0,0.0,0.012685,4.0,0.615,-0.005881164795331036,0.16289541435738406,-0.0038187790972491107,4.657670909106552e-06,6.953828583770398e-06,47065.776000000005,1.0,46815.8004375,7.717961007317399e-06,152.9095582249806,2880.0,1.0,,154,,,,,,,,
2.8391379300001063,0.00983277207945695,0.07923177101959784,0.0,0.0,0.0126375,4.0,0.6125,0.0007681625866098329,0.16491813895603022,0.002849860213852177,3.7812652635693667e-06,4.155034332598007e-06,47050.368,1.0,46812.9410625,7.717961007317399e-06,175.4992382152158,2880.0,1.0,,155,,,,,,,,
2.793817766999382,0.00679506383578025,0.0636555990204215,0.0,0.0,0.01259,4.0,0.61,-0.0029754938829379776,0.1579285574456056,-0.0009895235610504944,5.658928112476739e-06,3.5679059919857536e-06,47059.19600000001,1.0,46829.977375,7.717961007317399e-06,158.2957263292654,2880.0,1.0,,156,,,,,,,,
2.7835291159999542,0.007775178735010731,0.07263997414459784,0.0,0.0,0.012542500000000002,4.0,0.6074999999999999,-0.004974725471887116,0.15383799684544405,-0.0030479077637816467,5.865798641480069e-06,4.217414073082182e-06,47100.548,1.0,46823.224875,7.717961007317399e-06,226.32555603208914,2880.0,1.0,,157,,,,,,,,
2.9032805449996886,0.0036837543355634494,0.04611002638315161,0.0,0.0,0.012495,4.0,0.605,-0.0035034164611715823,0.14676162848869959,-0.0016716144746169448,3.5583668420713366e-06,3.256232578981629e-06,47119.32800000001,1.0,46849.525125,7.717961007317399e-06,145.03103570523933,2880.0,1.0,,158,,,,,,,,
2.8717986399997244,0.010226797138424596,0.09316406243791182,0.0,0.0,0.0124475,4.0,0.6025,-0.000401998278296863,0.13710224131743112,0.0013028356867531936,2.870904817579382e-06,2.917701815855859e-06,47100.011999999995,1.0,46872.3975625,7.717961007317399e-06,141.1872145939871,2880.0,1.0,,159,,,,,,,,
2.8360418020001816,0.007265512641721372,0.08263346382106344,0.0,0.0,0.012400000000000001,4.0,0.6,-0.0016862245587011178,0.14555884090562662,0.00011683255434036255,3.6242351673839344e-06,3.019345588957852e-06,47102.804000000004,1.0,46850.41456250001,7.717961007317399e-06,160.75032349013807,2880.0,1.0,,160,47119.32800000001,47060.864,47104.64000000001,70000042,46831.39906666666,best_of_k,47060.864,292.91530910474614
2.8150397589997738,0.00479470292172716,0.05569661486273011,0.0,0.0,0.012352499999999999,4.0,0.5974999999999999,-0.0021160925971344113,0.1380019343147675,-0.00041329103987663984,4.002536475885184e-06,2.9339385037019383e-06,47126.216,1.0,46876.20450000001,7.717961007317399e-06,159.0909031363832,2880.0,1.0,,161,,,,,,,,
2.8724589280000146,0.009755299880292037,0.0623535158423086,0.0,0.0,0.012305,4.0,0.595,-0.0006544121618693074,0.1326742060482502,0.0009766954851026337,2.7760901465020047e-06,2.34115799457868e-06,47098.28400000001,1.0,46923.994125,7.717961007317399e-06,91.28028603145623,2880.0,1.0,,162,,,,,,,,
2.831123132999892,0.0077664605147192605,0.06357421881208818,0.0,0.0,0.012257500000000001,4.0,0.5925,-0.0010758061301506434,0.13359035396327576,0.0005596908740699291,5.137704780130055e-06,2.9461319949556732e-06,47094.336,1.0,46896.09450000001,7.717961007317399e-06,162.71803788993452,2880.0,1.0,,163,,,,,,,,
2.8242170009998517,0.007377897278275943,0.06298828156044085,0.0,0.0,0.012210000000000002,4.0,0.5900000000000001,-0.0020089561003260314,0.13073263751963773,-0.0004143930273130536,3.228730747650843e-06,2.719209400462811e-06,47131.632000000005,1.0,46909.5825625,7.717961007317399e-06,139.54939438665966,2880.0,1.0,,164,,,,,,,,
2.83670512900062,0.011362690992243074,0.06902669292564194,0.0,0.0,0.012162500000000001,4.0,0.5875,-0.004310557123972103,0.14035321244349083,-0.0026050990369791784,3.2197182993816873e-06,2.5319375254184706e-06,47090.368,1.0,46916.306937500005,7.717961007317399e-06,150.8122254696916,2880.0,1.0,,165,,,,,,,,
2.8076697689994035,0.004910862607171514,0.047639974392950535,0.0,0.0,0.012115,4.0,0.585,0.0011490976855081196,0.14440276163319746,0.0028961328013489642,4.014434305569618e-06,4.006897673510442e-06,47035.304000000004,1.0,46738.7280625,7.717961007317399e-06,214.46546595488508,2880.0,1.0,,166,,,,,,,,
2.8114745550001317,0.004724222190711558,0.04431966141176721,0.0,0.0,0.0120675,4.0,0.5825,-0.0007230659781877572,0.14847448778649172,0.0010669612092897296,2.850950248027099e-06,2.8066810481656526e-06,47109.196,1.0,46807.7678125,7.717961007317399e-06,184.98795285021905,2880.0,1.0,,167,,,,,,,,
2.7982777950001037,0.003942206640897912,0.042008463914195694,0.0,0.0,0.012020000000000001,4.0,0.5800000000000001,-0.0013012709678150713,0.1524815900872151,0.0005299057617473105,2.925718850595634e-06,2.7175914851795824e-06,47069.5,1.0,46836.8323125,7.717961007317399e-06,167.55993512965028,2880.0,1.0,,168,,,,,,,,
2.831260870000733,0.006218750204019703,0.06435546899835269,0.0,0.0,0.0119725,4.0,0.5775,-0.0015299895555169012,0.1557338753094276,0.000332738413514259,3.294578808284617e-06,2.933733791602814e-06,47073.532,1.0,46795.34281250001,7.717961007317399e-06,163.52594243373017,2880.0,1.0,,169,,,,,,,,
2.791577838000194,0.006350278642380876,0.053694661745491125,0.0,0.0,0.011925000000000002,4.0,0.575,-0.0005833098596970862,0.15332891792058945,0.0012433280256421615,3.589782854381459e-06,2.9004562236423226e-06,47036.528,1.0,46808.0944375,7.717961007317399e-06,166.8716510279944,2880.0,1.0,,170,,,,,,,,
2.800297775999752,0.007950244452112306,0.06263020844198763,0.0,0.0,0.011877500000000001,4.0,0.5725,0.0034005653384762504,0.15170917411645254,0.005200907976056139,3.3735415361964747e-06,2.491166251653946e-06,47092.092000000004,1.0,46888.980062500006,7.717961007317399e-06,95.35762676758526,2880.0,1.0,,171,,,,,,,,
2.814206543000182,0.008447892810514427,0.07693684892728925,0.0,0.0,0.01183,4.0,0.5700000000000001,-0.0007970239967107773,0.1580027018984159,0.0010694418063697715,5.5944391685140244e-06,4.292914686251e-06,47105.876000000004,1.0,46845.4664375,7.717961007317399e-06,264.43239294252277,2880.0,1.0,,172,,,,,,,,
2.8321126339997136,0.00464327848722353,0.04897460939052204,0.0,0.0,0.011782500000000001,4.0,0.5675,-0.0037502242679086826,0.15390149938563505,-0.0019386223672578733,3.8124438598667134e-06,2.7222871305336107e-06,47039.708,1.0,46842.118500000004,7.717961007317399e-06,134.95225949294021,2880.0,1.0,,173,,,,,,,,
2.828182575000028,0.0034372288443691446,0.03505859384313226,0.0,0.0,0.011735,4.0,0.565,-0.001689406082732603,0.1523485134045283,9.647147574772437e-05,4.809574477349088e-06,2.9016882100070993e-06,47099.476,1.0,46814.1634375,7.717961007317399e-06,152.70932766184703,2880.0,1.0,,174,,,,,,,,
2.7986001139997825,0.009563384136858607,0.06873372398937742,0.0,1.0,0.0116875,4.0,0.5625,-0.004386445851802516,0.15449418251713118,-0.0025826101967444024,4.22366419646399e-06,2.7855588295248404e-06,47109.18800000001,1.0,46855.1916875,7.717961007317399e-06,135.23270013444397,2880.0,1.0,,175,,,,,,,,
2.87684500999967,0.004132635729998668,0.03896484376552204,0.0,0.0,0.011640000000000001,4.0,0.56,-0.0023746450121204057,0.15701497221986452,-0.0005490315379574895,5.409883632031172e-06,3.000158481351415e-06,47059.068,1.0,46763.0156875,7.717961007317399e-06,170.12015988898057,2880.0,1.0,,176,,,,,,,,
2.9190032070000598,0.006792820501758001,0.0733561198382328,0.0,0.0,0.0115925,4.0,0.5575,-0.002799763324825714,0.15369278751313686,-0.0010198429614926379,3.9557963210275675e-06,2.736799700642223e-06,47018.056,1.0,46802.0836875,7.717961007317399e-06,118.26996807369332,2880.0,1.0,,177,,,,,,,,
2.819460323000385,0.007669505037832518,0.06958007843544085,0.0,0.0,0.011545,4.0,0.5549999999999999,-0.0009199894848279655,0.15357674161593118,0.0008515254012309015,3.435877914625962e-06,2.368638926479131e-06,47072.100000000006,1.0,46854.9631875,7.717961007317399e-06,86.23733402413384,2880.0,1.0,,178,,,,,,,,
2.8304150759995537,0.007495345221338212,0.0728515627173086,0.0,0.0,0.0114975,4.0,0.5525,-0.008187833004437076,0.1465157816807429,-0.006504933116957545,3.5137463498813304e-06,2.6281386548513788e-06,47096.716,1.0,46818.184250000006,7.717961007317399e-06,177.18509566252254,2880.0,1.0,,179,,,,,,,,
2.8723396200002753,0.005002054834816268,0.06062825551877419,0.0,0.0,0.01145,4.0,0.55,-0.0005994807773580154,0.1468387320637703,0.001080436515621841,2.7823367076962313e-06,2.215721375857053e-06,47076.448000000004,1.0,46875.5158125,7.717961007317399e-06,111.30014823986089,2880.0,1.0,,180,47131.632000000005,47053.628,47063.22,70000042,46838.911733333334,best_of_k,47053.628,278.09508645292823
2.823178982999707,0.004519098114466639,0.053125000248352684,0.0,0.0,0.011402500000000001,4.0,0.5475,-0.005010458209047404,0.14045176903406778,-0.003410484797010819,3.1748666534288836e-06,2.4206051800016817e-06,47102.008,1.0,46873.192125,7.717961007317399e-06,129.93867290950936,2880.0,1.0,,181,,,,,,,,
2.8440195889997995,0.007233609204670681,0.06500651066501935,0.0,0.0,0.011355,4.0,0.5449999999999999,0.0018880130907443042,0.13726977755626044,0.003445200757899632,3.1481012380633424e-06,2.391655480475189e-06,47113.504,1.0,46888.47456250001,7.717961007317399e-06,118.30474540010533,2880.0,1.0,,182,,,,,,,,
2.900128149000011,0.006643588273788599,0.04843750015910094,0.0,0.0,0.0113075,4.0,0.5425,-0.004142053929778437,0.12808011192828417,-0.002695237344596535,2.9006238169889307e-06,2.3173181299777448e-06,47114.964,1.0,46886.6135,7.717961007317399e-06,137.18436866221302,2880.0,1.0,,183,,,,,,,,
2.8319956489995093,0.007570480793074097,0.07257486988479893,0.0,0.0,0.011260000000000001,4.0,0.54,-0.0017206156141279887,0.13204585512479147,-0.0002351434474500517,2.185241413599215e-06,2.292645940353092e-06,47096.248,1.0,46923.97900000001,7.717961007317399e-06,120.01741545500865,2880.0,1.0,,184,,,,,,,,
2.824815667999246,0.005754982495068006,0.06129557282353441,0.0,0.0,0.0112125,4.0,0.5375,-0.00152385212519827,0.1278377572695414,-9.198779783522089e-05,3.235737523255011e-06,2.3872348625294157e-06,47103.752,1.0,46918.146625,7.717961007317399e-06,117.6229645907186,2880.0,1.0,,185,,,,,,,,
2.8452856159992734,0.0037764553173822435,0.03823242196813226,0.0,0.0,0.011165,4.0,0.5349999999999999,-0.0013534725294448435,0.11941261993100245,-2.185751994450887e-05,3.9479833446876e-06,2.464580167801008e-06,47065.835999999996,1.0,46928.934625,7.717961007317399e-06,114.50815581044623,2880.0,1.0,,186,,,,,,,,
2.8643855740001527,0.006326783853359312,0.062076823165019356,0.0,0.0,0.0111175,4.0,0.5325,0.00012794060846014568,0.12589177303016186,0.001525728895406549,3.54934794207414e-06,2.916524730759799e-06,47173.236000000004,1.0,46931.7791875,7.717961007317399e-06,214.7059448398901,2880.0,1.0,,187,,,,,,,,
2.8018356279999352,0.004915635191651428,0.05668945315604409,0.0,0.0,0.011070000000000002,4.0,0.53,-0.0002903173881350085,0.12395434981832902,0.0010803852152700226,3.7335517788505967e-06,2.1979208213451784e-06,47089.384,1.0,46920.6270625,7.717961007317399e-06,117.95476592478585,2880.0,1.0,,188,,,,,,,,
2.788384753000173,0.00631964469185083,0.05895182296323279,0.0,0.0,0.011022500000000001,4.0,0.5275000000000001,-0.002119463519193232,0.12935907486826181,-0.0006951847656940421,4.283624766306578e-06,2.3062026267931892e-06,47081.835999999996,1.0,46906.612812499996,7.717961007317399e-06,127.48087857239616,2880.0,1.0,,189,,,,,,,,
2.8147954969999773,0.008771099018513695,0.06500651091725256,0.0,0.0,0.010975,4.0,0.525,0.00013482174593567228,0.12995492853224277,0.0015595787942099075,3.341725213582928e-06,2.3284679665872923e-06,47094.784,1.0,46885.78937499999,7.717961007317399e-06,136.7411784014212,2880.0,1.0,,190,,,,,,,,
2.900463275999755,0.004768152015924325,0.04871419304981828,0.0,0.0,0.010927500000000001,4.0,0.5225,2.585665788501501e-05,0.12865451474984488,0.0014299005270004272,3.4046736251032903e-06,2.9756547140398957e-06,47105.831999999995,1.0,46879.318750000006,7.717961007317399e-06,182.60123673167553,2880.0,1.0,,191,,,,,,,,
2.7882569220000732,0.00823488942340885,0.06523437526387472,0.0,0.0,0.01088,4.0,0.52,0.0020382365716310837,0.12119451941301425,0.0033546151438107095,5.213183915960447e-06,3.3922255132286714e-06,47093.772000000004,1.0,46879.250812499995,7.717961007317399e-06,172.48482431315486,2880.0,1.0,,192,,,,,,,,
2.826057815999775,0.007492621758866965,0.07128906296566129,0.0,0.0,0.0108325,4.0,0.5175000000000001,0.000571459619095549,0.1199867386991779,0.0018691284737239282,6.290768254757495e-06,2.91756788328712e-06,47123.328,1.0,46924.3790625,7.717961007317399e-06,136.18159475814372,2880.0,1.0,,193,,,,,,,,
2.481316690999847,0.01997788007931452,0.08046875024835269,0.0,1.0,0.010785000000000001,2.0,0.515,0.0020251963287591934,0.12014294105271499,0.003319310878093044,3.874534058923018e-06,2.479830205478114e-06,47086.880000000005,1.0,46911.759125,7.717961007317399e-06,172.65426611941686,2880.0,1.0,,194,,,,,,,,
2.825313776999792,0.006263314227676749,0.04191080767971774,0.0,0.0,0.0107375,4.0,0.5125,-0.0014612599722264956,0.12048979693402846,-0.00016866205260157585,2.6367066444284624e-06,1.794820576606071e-06,47088.204000000005,1.0,46916.4985625,7.717961007317399e-06,98.79515210365139,2880.0,1.0,,195,,,,,,,,
2.8117100509998636,0.008086242999707949,0.0703776041821887,0.0,0.0,0.010690000000000002,4.0,0.51,0.0018031541209590312,0.1251458926126361,0.003139777370961383,2.7038235828058532e-06,1.8308238149226479e-06,47106.17600000001,1.0,46925.8575,7.717961007317399e-06,124.48032299825499,2880.0,1.0,,196,,,,,,,,
2.8327726840007017,0.005725563480423783,0.06175130233168602,0.0,0.0,0.010642500000000001,4.0,0.5075000000000001,3.091092609489957e-05,0.1299611789484819,0.001412408387598892,3.835215267145031e-06,2.4629889073442732e-06,47045.5,1.0,46869.8335625,7.717961007317399e-06,134.79350095352757,2880.0,1.0,,197,,,,,,,,
2.8048429979999128,0.0038467053566761202,0.037386067754899464,0.0,0.0,0.010595,4.0,0.505,0.0011962559995784734,0.12802844836066166,0.00255043424355487,5.540882360340523e-06,3.4582653446098752e-06,47071.376000000004,1.0,46904.4344375,7.717961007317399e-06,97.746886235874,2880.0,1.0,,198,,,,,,,,
2.801467703000526,0.0036296263683463317,0.037451172014698386,0.0,0.0,0.010547500000000001,4.0,0.5025,0.001435493662332495,0.12837705419709286,0.002785195092049738,1.1052073574546739e-05,6.498653031409655e-06,47093.172000000006,1.0,46875.8985,7.717961007317399e-06,160.86420911361995,2880.0,1.0,,199,,,,,,,,
2.822117383000659,0.00596989704295936,0.057356770848855376,0.0,0.0,0.0105,4.0,0.5,-0.0025226722743051746,0.12749897316098213,-0.001186244849426051,6.211825810472267e-06,3.381114206983208e-06,47075.664,1.0,46845.902749999994,7.717961007317399e-06,187.29246483491394,2880.0,1.0,,200,47173.236000000004,47021.560000000005,46911.424,70000042,46836.752933333344,best_of_k,47021.560000000005,259.97084994269846
2.780193317999874,0.005805655233395157,0.05906575514624516,0.0,0.0,0.010452500000000002,4.0,0.49750000000000005,-0.0007296298572327942,0.12621604464948177,0.0005882385497291883,3.536449071361858e-06,2.101437909611074e-06,47115.96400000001,1.0,46875.5141875,7.717961007317399e-06,121.55319203733393,2880.0,1.0,,201,,,,,,,,
2.7653671449998,0.005971885669090682,0.05001627638315161,0.0,0.0,0.010405000000000001,4.0,0.495,-0.001023587790162613,0.12358183693140745,0.0002610096998978406,2.9425449762735902e-06,1.9551807260616747e-06,47086.18,1.0,46893.603375000006,7.717961007317399e-06,118.70250204022416,2880.0,1.0,,202,,,,,,,,
2.8177242629999455,0.006409208606826884,0.06193033900732795,0.0,0.0,0.010357500000000002,4.0,0.49250000000000005,0.0006685164019775888,0.11724803348382314,0.0018819019896909595,1.8804112187353894e-06,1.6450609100123377e-06,47090.308,1.0,46917.3298125,7.717961007317399e-06,100.57777058806256,2880.0,1.0,,203,,,,,,,,
2.7997870680001142,0.007606572346209835,0.059277343951786556,0.0,0.0,0.01031,4.0,0.49,-0.003127617475305063,0.12640121641258398,-0.0018256796174682677,2.363357178107132e-06,2.044443486208062e-06,47085.159999999996,1.0,46889.12362499999,7.717961007317399e-06,140.82081382508494,2880.0,1.0,,204,,,,,,,,
2.785433999999441,0.005109057934959675,0.05655924525732795,0.0,0.0,0.0102625,4.0,0.48750000000000004,-0.0037463685099889212,0.12120423310746749,-0.00250434263337714,4.059236961969266e-06,2.8534960563320055e-06,47083.956,1.0,46850.7399375,7.717961007317399e-06,264.5421101748186,2880.0,1.0,,205,,,,,,,,
2.816919826999765,0.005718441955481286,0.051513672107830644,0.0,0.0,0.010215,4.0,0.485,-0.00016845035133883357,0.13314771931618452,0.0011905152932740748,2.4840104705011377e-06,1.7804835816074653e-06,47086.14400000001,1.0,46882.439,7.717961007317399e-06,127.8928567825428,2880.0,1.0,,206,,,,,,,,
2.8370363559997713,0.0033347155931349923,0.04057617202245941,0.0,0.0,0.010167500000000001,4.0,0.48250000000000004,-0.0022268523656142256,0.1300162992750605,-0.0009061625848213831,2.49020750212973e-06,2.0035346276851365e-06,47082.928,1.0,46873.8670625,7.717961007317399e-06,135.67457935394845,2880.0,1.0,,207,,,,,,,,
2.874027617000138,0.007687913226737564,0.07727864664047956,0.0,0.0,0.01012,4.0,0.48,-0.006988644046941772,0.126648319264253,-0.005708396590004365,4.023749440307256e-06,2.0629770413430983e-06,47088.436,1.0,46914.8200625,7.717961007317399e-06,88.91039814468365,2880.0,1.0,,208,,,,,,,,
2.7801002899996092,0.008701296860374796,0.07301432297875483,0.0,0.0,0.010072500000000002,4.0,0.47750000000000004,0.0013105071072156231,0.13519018981605768,0.0026699023049635193,1.1608029287420626e-05,2.2948553919377446e-06,47056.200000000004,1.0,46888.1208125,7.717961007317399e-06,96.56999320746559,2880.0,1.0,,209,,,,,,,,
2.783586722999644,0.0047136590390077044,0.05297851593544086,0.0,0.0,0.010025000000000001,4.0,0.475,-0.00484085560310632,0.1337897414341569,-0.003501212573610246,6.740916167776352e-06,1.849900930513589e-06,47063.748,1.0,46858.27543750001,7.717961007317399e-06,130.8975301406931,2880.0,1.0,,210,,,,,,,,
2.832974533000197,0.007110890412465191,0.0660156252173086,0.0,0.0,0.009977500000000002,4.0,0.47250000000000003,0.0007595444816009452,0.1442960618684689,0.00219683168688789,1.021755700965817e-05,2.811291039961361e-06,47086.26799999999,1.0,46848.2660625,7.717961007317399e-06,156.41324264427317,2880.0,1.0,,211,,,,,,,,
2.775739827000507,0.004063626117783177,0.0428873699468871,0.0,0.0,0.00993,4.0,0.47,-0.0047071454852509005,0.13986043880383173,-0.003319853567518294,4.72601784432906e-06,2.0993324956937918e-06,47063.084,1.0,46833.834,7.717961007317399e-06,126.85066072354613,2880.0,1.0,,212,,,,,,,,
2.7832281470000453,0.004576241897137123,0.04873046884313226,0.0,0.0,0.0098825,4.0,0.4675,-0.0034769946990612275,0.13835660057763258,-0.0021108521226172647,2.276076600082888e-06,1.877516221308421e-06,47030.86800000001,1.0,46850.2624375,7.717961007317399e-06,103.27142917723515,2880.0,1.0,,213,,,,,,,,
2.8149117010007103,0.005743457266762064,0.06489257824917634,0.0,0.0,0.009835,4.0,0.46499999999999997,0.0031834980860973396,0.14019156930347285,0.004561098486495514,2.3148187532721445e-06,1.9051732256987937e-06,47098.204000000005,1.0,46884.33525,7.717961007317399e-06,149.4643295921728,2880.0,1.0,,214,,,,,,,,
2.8282620180007143,0.0048708613289054625,0.044710286504899464,0.0,0.0,0.009787500000000001,4.0,0.4625,-0.005988568994022596,0.13498963260402283,-0.004668486731437345,2.5208541861350873e-06,1.752622068806886e-06,47078.22,1.0,46876.0620625,7.717961007317399e-06,138.1660571070048,2880.0,1.0,,215,,,,,,,,
2.8079036480003197,0.008750447995151825,0.0701497398937742,0.0,0.0,0.00974,4.0,0.45999999999999996,-0.0016434620726310338,0.11861129260311525,-0.0004914763461177548,1.7630146336008085e-05,3.0495178625263484e-06,47098.204000000005,1.0,46895.709625,7.717961007317399e-06,103.04023775865126,2880.0,1.0,,216,,,,,,,,
2.805478577000031,0.0027786564393702897,0.03463541673651586,0.0,0.0,0.009692500000000001,4.0,0.4575,0.0008815774150813619,0.12471173486361901,0.0020878434103603163,8.17906459360529e-06,3.368910010218921e-06,47075.456,1.0,46885.7923125,7.717961007317399e-06,197.62786557606825,2880.0,1.0,,217,,,,,,,,
2.8173578189998807,0.003541057363132557,0.040136718889698386,0.0,0.0,0.009644999999999999,4.0,0.45499999999999996,0.0016605861552913364,0.12779685016721487,0.002891090465709567,3.947677574463644e-06,3.403549158065289e-06,47097.924000000006,1.0,46888.903875,7.717961007317399e-06,266.240781002806,2880.0,1.0,,218,,,,,,,,
2.8527415789994848,0.003976767818618221,0.04552408897628387,0.0,0.0,0.0095975,4.0,0.4525,-0.00046795977201933664,0.12183863700677951,0.0007003247931910058,2.331208567814732e-06,1.658307416126566e-06,47066.216,1.0,46890.570250000004,7.717961007317399e-06,126.87674543208337,2880.0,1.0,,219,,,,,,,,
2.7762761369995133,0.010432182825959183,0.05904947919771075,0.0,0.0,0.00955,4.0,0.44999999999999996,-0.0026223001429267847,0.11385391931980848,-0.001536097021016758,2.3051652580837376e-06,1.74147208535184e-06,47105.284,1.0,46919.51625,7.717961007317399e-06,99.45262263227477,2880.0,1.0,,220,47173.236000000004,47076.344,47075.968,70000042,46900.51346666667,best_of_k,47076.344,265.69478504978014
2.8701579720000154,0.003106145234908967,0.03673502616584301,0.0,0.0,0.0095025,4.0,0.4475,0.0014619427941700753,0.11734059421966474,0.0025759876783316336,2.6430502847082002e-06,1.4403904297447905e-06,47098.204000000005,1.0,46932.2596875,7.717961007317399e-06,98.57148391980567,2880.0,1.0,,221,,,,,,,,
2.9171115830004055,0.004000284093001423,0.034309895941987634,0.0,0.0,0.009455,4.0,0.44499999999999995,0.00034108666780715186,0.11205784448732932,0.0013991468586027622,2.275426789803229e-06,2.4370282147856415e-06,47108.244000000006,1.0,46946.088875,7.717961007317399e-06,86.75247802935925,2880.0,1.0,,222,,,,,,,,
2.801092055000481,0.006721805776087979,0.05807291685293118,0.0,0.0,0.009407500000000001,4.0,0.4425,0.0025086699994668984,0.1188634093850851,0.003625372735162576,6.610098959451231e-06,1.6868642423636022e-06,47127.18,1.0,46945.098625,7.717961007317399e-06,88.66675186116514,2880.0,1.0,,223,,,,,,,,
2.818754621000153,0.0034449956664076944,0.042789713790019356,0.0,0.0,0.00936,4.0,0.43999999999999995,-0.00020987906949206567,0.12283719796687365,0.0009375806354607145,1.4173338807192218e-05,1.7581339903927073e-06,47083.304,1.0,46918.739312499994,7.717961007317399e-06,127.25808387987547,2880.0,1.0,,224,,,,,,,,
2.8376989719999983,0.005797095310655938,0.05236002647628387,0.0,0.0,0.009312500000000001,4.0,0.4375,0.005224566882437405,0.12066609505563974,0.0063426479464396834,4.1079696330825755e-05,3.0286483176193237e-06,47113.096,1.0,46912.675187500005,7.717961007317399e-06,116.14582041808502,2880.0,1.0,,225,,,,,,,,
2.7958330249994106,0.005402391717627945,0.05708007809395591,0.0,0.0,0.009265000000000002,4.0,0.43500000000000005,-0.0014696965808980167,0.12312443864842255,-0.0003568422592555483,2.4614861274585564e-05,5.086296179494335e-05,47073.788,1.0,46922.4074375,7.717961007317399e-06,137.54925736234895,2880.0,1.0,,226,,,,,,,,
2.84218244099975,0.006918976967523231,0.057307942770421505,0.0,0.0,0.0092175,4.0,0.4325,-0.0006557843153132126,0.1199902780354023,0.00030304099588344496,5.621856661264246e-05,0.0002831261477543497,47105.592,1.0,46904.253875,7.717961007317399e-06,119.13226240605167,2880.0,1.0,,227,,,,,,,,
2.8591756329997224,0.003843651786069676,0.03904622405146559,0.0,0.0,0.009170000000000001,4.0,0.43000000000000005,-0.0014438721943103399,0.12181180436164141,-0.00045818347280146554,1.6253215183799814e-05,0.00025940067428109614,47103.82399999999,1.0,46906.95175000001,7.717961007317399e-06,143.1182677960342,2880.0,1.0,,228,,,,,,,,
2.817620228999658,0.004648767750038789,0.049625651290019356,0.0,0.0,0.0091225,4.0,0.4275,-0.004835649529316773,0.11539828560004632,-0.0037932575408679745,5.562805474331374e-06,1.9544920329887343e-05,47087.928,1.0,46904.6496875,7.717961007317399e-06,139.9361784864885,2880.0,1.0,,229,,,,,,,,
2.800070819999746,0.00726678194562987,0.05978190138315161,0.0,0.0,0.009075000000000001,4.0,0.42500000000000004,0.001476900923686723,0.11278015250960986,0.0024929071854179106,1.7742767226991418e-05,1.1397943808333366e-05,47090.364,1.0,46927.9175625,7.717961007317399e-06,116.87151746173552,2880.0,1.0,,230,,,,,,,,
2.8268669009994483,0.008209899691047795,0.06385091156698763,0.0,0.0,0.0090275,4.0,0.4225,-0.0007585278702511763,0.1140639999260505,0.00026772497221827507,1.2404971007147955e-05,4.439444798739108e-06,47104.75200000001,1.0,46913.634374999994,7.717961007317399e-06,111.43151771765203,2880.0,1.0,,231,,,,,,,,
2.7989801450003142,0.005882494683662642,0.046142578357830644,0.0,0.0,0.008980000000000002,4.0,0.42000000000000004,-0.0006110691465437412,0.11138749308884144,0.00038765995608021814,5.197768582358246e-06,2.0212419732009343e-06,47086.880000000005,1.0,46948.25175,7.717961007317399e-06,116.1229854784897,2880.0,1.0,,232,,,,,,,,
2.7922096369993596,0.008291316784604005,0.06412760401144624,0.0,0.0,0.008932500000000001,4.0,0.4175,4.4710730435326695e-05,0.11548343890657027,0.0010749796104695026,2.453070185500413e-06,2.083385595597065e-06,47086.284,1.0,46941.82325,7.717961007317399e-06,111.3963641459529,2880.0,1.0,,233,,,,,,,,
2.8023672280005485,0.010904186064527957,0.0800130208954215,0.0,0.0,0.008885,4.0,0.41500000000000004,0.003267505407469192,0.11283075405905645,0.004268552603510519,3.3274675672601006e-06,2.2419378922222677e-06,47133.928,1.0,46949.2100625,7.717961007317399e-06,189.28360057595188,2880.0,1.0,,234,,,,,,,,
2.82716789099959,0.0028759487432511812,0.026595052215270698,0.0,0.0,0.0088375,4.0,0.4125,-0.0028551754561097673,0.10343624651432037,-0.00194263068260625,6.773591039177518e-06,1.7915644576760315e-06,47100.836,1.0,46995.51075,7.717961007317399e-06,90.45986472153005,2880.0,1.0,,235,,,,,,,,
2.8147498919997815,0.011496475920158863,0.08439127619688709,0.0,0.0,0.008790000000000001,4.0,0.41000000000000003,-0.0008726862724870443,0.11017975242187579,9.437778498977423e-05,5.079140095176626e-06,1.817324175590329e-06,47160.988000000005,1.0,46976.1334375,7.717961007317399e-06,130.7768761600598,2880.0,1.0,,236,,,,,,,,
2.7970923539996875,0.0048522954700945435,0.04305013036355376,0.0,0.0,0.0087425,4.0,0.4075,-0.002064140462607611,0.1160281418512265,-0.0010510551898429792,2.3668491545928796e-06,2.106895901003251e-06,47178.740000000005,1.0,46974.7620625,7.717961007317399e-06,107.37217919925153,2880.0,1.0,,237,,,,,,,,
2.8149978730007206,0.0036604934657944455,0.0363606772540758,0.0,0.0,0.008695000000000001,4.0,0.405,-0.002189912944838094,0.10969986394047737,-0.0012373481489097078,2.52639197147649e-06,2.0463986629692954e-06,47095.62,1.0,46976.9256875,7.717961007317399e-06,94.92750683233253,2880.0,1.0,,238,,,,,,,,
2.7992004069992618,0.0060161368388715886,0.05525716176877419,0.0,0.0,0.0086475,4.0,0.40249999999999997,-0.0021992583642713726,0.11335738406827052,-0.0012202540722986062,3.069500541149258e-06,1.8937786876449536e-06,47152.56800000001,1.0,47002.64,7.717961007317399e-06,91.7920543538515,2880.0,1.0,,239,,,,,,,,
2.80687622700043,0.0061474335673237235,0.050830078311264515,0.0,0.0,0.008600000000000002,4.0,0.4,-0.0022176017009769566,0.10568934213370085,-0.001309936788553993,4.081071063903134e-06,1.7108951197997158e-06,47143.01200000001,1.0,46993.453,7.717961007317399e-06,78.24424925513787,2880.0,1.0,,240,47178.740000000005,47104.324,47082.16,70000042,46957.879733333335,best_of_k,47104.324,230.78563713584083
2.8353369619999285,0.005152805943549055,0.047574870055541396,0.0,0.0,0.0085525,4.0,0.39749999999999996,0.0024972817530700317,0.10977744714667399,0.003434735156285266,2.710709101923688e-06,2.293980808569055e-06,47145.192,1.0,46958.8720625,7.717961007317399e-06,129.61156633667542,2880.0,1.0,,241,,,,,,,,
2.8345739269998376,0.002093982661538855,0.025602213572710752,0.0,0.0,0.008505,4.0,0.395,-0.0005292122659739107,0.10787604904423158,0.000387124406794707,2.096842867634526e-06,1.8787638206655781e-06,47128.96799999999,1.0,46977.20825,7.717961007317399e-06,97.30322882585955,2880.0,1.0,,242,,,,,,,,
2.8165309180003533,0.0038831901403172018,0.03686523434589617,0.0,0.0,0.0084575,4.0,0.39249999999999996,-0.0033048931315230825,0.10717546598364909,-0.0024002967935909205,3.2468944558180133e-06,3.031706152493522e-06,47154.104,1.0,46902.294875,7.717961007317399e-06,230.19645509919235,2880.0,1.0,,243,,,,,,,,
2.828085187999932,0.0032062247275762936,0.03958333353511989,0.0,0.0,0.00841,4.0,0.39,-0.0009036659515307596,0.10648789753516515,-9.471104325105747e-06,2.762001893567382e-06,2.184237208287717e-06,47134.456000000006,1.0,46946.785125,7.717961007317399e-06,128.03862575892518,2880.0,1.0,,244,,,,,,,,
2.906240852999872,0.007121657376307766,0.07307942708333333,0.0,0.0,0.0083625,4.0,0.38749999999999996,-0.00435055205404448,0.1091923825442791,-0.003439556535643836,4.947957014186007e-06,3.2615179179629195e-06,47101.692,1.0,46912.77206250001,7.717961007317399e-06,252.58263409970576,2880.0,1.0,,245,,,,,,,,
2.8253255469999203,0.01095589910401884,0.0685384115204215,0.0,0.0,0.008315000000000001,4.0,0.385,0.00022960712279503545,0.10222659725695848,0.0010780079852944862,3.90523889374587e-06,2.4454195113321475e-06,47099.452000000005,1.0,46881.050125,7.717961007317399e-06,151.15287505695736,2880.0,1.0,,246,,,,,,,,
2.7973363049995896,0.0059400516717067475,0.060481770895421505,0.0,0.0,0.0082675,4.0,0.38249999999999995,-0.0037364287175781405,0.10326935723423958,-0.0028840460969756045,2.8408407738803967e-06,2.2259023637616338e-06,47094.908,1.0,46917.4466875,7.717961007317399e-06,171.46241011232635,2880.0,1.0,,247,,,,,,,,
2.8121176900003775,0.0037608812484929053,0.04373372392728925,0.0,0.0,0.008220000000000002,4.0,0.38,0.001278427630798736,0.10492147784680128,0.002139401389285922,3.6313490786218003e-06,2.2356846424524215e-06,47139.53200000001,1.0,46889.54887500001,7.717961007317399e-06,151.8794788664171,2880.0,1.0,,248,,,,,,,,
2.814707207000538,0.0034651296218690675,0.04003906265522043,0.0,0.0,0.0081725,4.0,0.37749999999999995,-0.0007747444227182617,0.10533729537079732,8.40267554546396e-05,9.811476985532863e-06,2.23209090677301e-06,47106.208,1.0,46881.87975,7.717961007317399e-06,148.11086372186742,2880.0,1.0,,249,,,,,,,,
2.826170319999619,0.005365090528835381,0.04388020847303172,0.0,0.0,0.008125,4.0,0.375,-0.00506327500139984,0.10529987358798583,-0.004209336009807885,5.8438760864495025e-06,2.0777286996083908e-06,47144.668000000005,1.0,46898.183249999995,7.717961007317399e-06,147.99489276133048,2880.0,1.0,,250,,,,,,,,
2.6114812180003355,0.011277710966538734,0.06805555563833979,0.0,1.0,0.008077500000000001,3.0,0.37250000000000005,-0.0021452590687355646,0.10666761009229554,-0.001286004747574528,1.3457391932863377e-05,2.015473120940846e-06,47134.98800000001,1.0,46938.18875,7.717961007317399e-06,162.5312534497225,2880.0,1.0,,251,,,,,,,,
2.7955070660000274,0.0036583863938475978,0.04065755226959785,0.0,0.0,0.00803,4.0,0.37,-0.0006285567287704907,0.10809667874127626,0.00023611671834563216,2.1751510113669308e-05,2.333723974364451e-06,47111.224,1.0,46902.882625,7.717961007317399e-06,143.88967644556618,2880.0,1.0,,252,,,,,,,,
2.795051234999846,0.006308877077956095,0.06388346369688709,0.0,0.0,0.007982500000000002,4.0,0.36750000000000005,0.0012382632315469284,0.1037038608143727,0.002064843002396325,2.968279962563732e-06,1.8795437076353967e-06,47139.732,1.0,46915.548375,7.717961007317399e-06,99.56979824906448,2880.0,1.0,,253,,,,,,,,
2.8039401319992976,0.004049653272343967,0.04750976597036546,0.0,0.0,0.007935000000000001,4.0,0.365,-0.001419732958311215,0.10516599286347628,-0.0005865668063051999,2.3343360453509376e-06,2.185538515201794e-06,47116.564000000006,1.0,46899.474375000005,7.717961007317399e-06,140.05811471085698,2880.0,1.0,,254,,,,,,,,
2.8780330270001286,0.0054380604409682105,0.046044922123352684,0.0,0.0,0.007887500000000002,4.0,0.36250000000000004,-0.0013116846215173912,0.10687902538726728,-0.0004697237382060848,2.0792107354357845e-06,1.6794912104008593e-06,47112.892,1.0,46921.1948125,7.717961007317399e-06,101.40506615223816,2880.0,1.0,,255,,,,,,,,
2.845531399999345,0.008360961098183258,0.06643880197467904,0.0,0.0,0.00784,4.0,0.36,0.0029051887104287744,0.10326945874840021,0.0037135079813500247,2.5255521999649013e-06,2.1222263436963353e-06,47089.928,1.0,46902.142875000005,7.717961007317399e-06,180.2614416264176,2880.0,1.0,,256,,,,,,,,
2.8215287989996796,0.006545493312330859,0.05115559922220806,0.0,0.0,0.007792500000000001,4.0,0.35750000000000004,-0.0028430316888261586,0.09619432128965855,-0.002094854814155648,2.6562667206538513e-06,2.3027455047971066e-06,47118.112,1.0,46878.9213125,7.717961007317399e-06,196.2825129017551,2880.0,1.0,,257,,,,,,,,
2.800542379000035,0.0053451452047769505,0.05291341167564193,0.0,0.0,0.007745,4.0,0.355,-0.0036342996172606945,0.1043954078728954,-0.0028272505151107907,2.407144023663932e-06,2.504199111778386e-06,47113.784,1.0,46837.8880625,7.717961007317399e-06,193.92504167266918,2880.0,1.0,,258,,,,,,,,
2.834187503999601,0.003469816097753172,0.04523111988479892,0.0,0.0,0.007697500000000001,4.0,0.35250000000000004,-0.005158046677631016,0.10483695815006892,-0.0043524434440769255,2.312465833635239e-06,2.2965713289598475e-06,47128.392,1.0,46884.710875000004,7.717961007317399e-06,192.20275703598617,2880.0,1.0,,259,,,,,,,,
2.7865982880002775,0.005922753291319675,0.051106770833333336,0.0,0.0,0.0076500000000000005,4.0,0.35,0.0010407588173014422,0.09913133612523477,0.0017984006941939394,1.174003299316458e-06,1.190882841228813e-06,47106.268,1.0,46970.9785,7.717961007317399e-06,76.84950618741767,2880.0,1.0,,260,47178.740000000005,47103.348000000005,47046.868,70000042,46891.04746666666,best_of_k,47103.348000000005,261.5680438294829
2.7857201810002152,0.00538855290440902,0.04236653664459785,0.0,0.0,0.007602500000000002,4.0,0.34750000000000003,0.0006360412614109615,0.10204480867832899,0.0014106867408069472,2.2394657103556406e-06,1.8543059070452728e-06,47070.443999999996,1.0,46918.86774999999,7.717961007317399e-06,145.27056232402194,2880.0,1.0,,261,,,,,,,,
2.824475159999565,0.0039048510153503932,0.03917643233823279,0.0,0.0,0.007555000000000001,4.0,0.345,-0.004774787075196703,0.10424255300313234,-0.003988457009351502,2.424323298555464e-06,1.959772580069815e-06,47066.32,1.0,46880.791125,7.717961007317399e-06,146.72711368637422,2880.0,1.0,,262,,,,,,,,
2.835997829999542,0.004914544867874089,0.04659830763315161,0.0,0.0,0.007507500000000002,4.0,0.3425,-0.0032625896055833437,0.09810043343653281,-0.0025270139546288797,1.8014160758639264e-06,1.4665148929301115e-06,47127.612,1.0,46955.34675,7.717961007317399e-06,81.31694224106917,2880.0,1.0,,263,,,,,,,,
2.7812041940005656,0.008311727034462516,0.05239257806291183,0.0,0.0,0.00746,4.0,0.33999999999999997,0.0006224831061748167,0.09761258028447628,0.0013496004006204505,2.178494995064284e-06,1.7098120631923546e-06,47077.304000000004,1.0,46921.9696875,7.717961007317399e-06,107.3809013437792,2880.0,1.0,,264,,,,,,,,
2.800727664999613,0.0038252668012379587,0.04182942723855376,0.0,0.0,0.007412500000000001,4.0,0.3375,0.001046628237721355,0.09925694980969031,0.0017814784465978544,2.3561300063571857e-06,1.312703327963997e-06,47112.884000000005,1.0,46946.980937500004,7.717961007317399e-06,97.47313249235062,2880.0,1.0,,265,,,,,,,,
2.844473246999769,0.0032152812417323893,0.0340332033423086,0.0,0.0,0.007365,4.0,0.33499999999999996,-0.0028992787119932473,0.1028206708530585,-0.0021429259795695543,1.900411007227376e-06,1.461763678397195e-06,47133.65600000001,1.0,46933.394625,7.717961007317399e-06,118.13854742466233,2880.0,1.0,,266,,,,,,,,
2.853695353999683,0.004482120635236046,0.04322916688397527,0.0,0.0,0.007317500000000001,4.0,0.3325,-0.0003983354157147308,0.10119333956390619,0.00034128513652831316,1.6710346197138886e-06,1.3893361151910237e-06,47148.616,1.0,46944.321375,7.717961007317399e-06,116.61684213101194,2880.0,1.0,,267,,,,,,,,
2.826048217999414,0.00466654602752925,0.041634114691987634,0.0,0.0,0.00727,4.0,0.32999999999999996,-0.0024597788869868964,0.09692845772951841,-0.001756053320908298,1.7381380435684453e-06,1.542221255590448e-06,47102.196,1.0,46935.0353125,7.717961007317399e-06,145.77754440165785,2880.0,1.0,,268,,,,,,,,
2.815536019999854,0.004785063377844641,0.04178059923773011,0.0,0.0,0.0072225000000000015,4.0,0.3275,-0.0006986176255547131,0.09632416131595771,-3.861341004570325e-06,2.390777325445015e-06,1.4119713161638476e-06,47092.74,1.0,46955.78493750001,7.717961007317399e-06,128.81727534135752,2880.0,1.0,,269,,,,,,,,
2.8063531360003253,0.003136497587117463,0.03310546884313226,0.0,0.0,0.007174999999999999,4.0,0.32499999999999996,-0.003358782210852951,0.09577379561960697,-0.0026725472222703197,1.8897027492433456e-06,1.5058863927682371e-06,47142.28400000001,1.0,46934.747812500005,7.717961007317399e-06,122.505419615685,2880.0,1.0,,270,,,,,,,,
2.9054418719997557,0.0045930259792725065,0.04816080746240914,0.0,0.0,0.0071275,4.0,0.3225,-0.0038223572288795062,0.09307708125561476,-0.0031598821321191886,1.6242437557896967e-06,1.5390921106472888e-06,47086.24800000001,1.0,46947.5030625,7.717961007317399e-06,141.56643324203338,2880.0,1.0,,271,,,,,,,,
2.7564416960003655,0.004913147842584564,0.041210937624176346,0.0,0.0,0.0070799999999999995,4.0,0.31999999999999995,-0.005037320161742779,0.09853895536313455,-0.004340510762024981,1.8573241646890892e-06,1.321231257141638e-06,47109.18800000001,1.0,46955.589875000005,7.717961007317399e-06,89.22952679738071,2880.0,1.0,,272,,,,,,,,
2.822441895999873,0.0044511903731875675,0.04125976578022043,0.0,0.0,0.0070325000000000006,4.0,0.3175,-0.0010331227822462097,0.09757254458963871,-0.0003478906025217536,1.5683372964758746e-06,1.5793692398347048e-06,47064.187999999995,1.0,46884.284562500005,7.717961007317399e-06,141.45531652410148,2880.0,1.0,,273,,,,,,,,
2.7987914610002917,0.0061386120677762905,0.0644205732581516,0.0,0.0,0.006985,4.0,0.31499999999999995,-0.005483736012441416,0.10330888070166111,-0.0047632155086224275,1.933003754099142e-06,1.7977003636815425e-06,47143.048,1.0,46900.9486875,7.717961007317399e-06,159.99032327074463,2880.0,1.0,,274,,,,,,,,
2.8340633369998613,0.004701702937620548,0.04684244810293118,0.0,0.0,0.006937500000000001,4.0,0.3125,-0.004245434567565098,0.10213523854811986,-0.003537963629545023,2.1094443051576186e-06,1.7632238638043418e-06,47113.748,1.0,46933.6225,7.717961007317399e-06,126.80873719208067,2880.0,1.0,,275,,,,,,,,
2.825300710999727,0.004126806717711595,0.047265625248352684,0.0,0.0,0.006890000000000002,4.0,0.31000000000000005,-0.002526873361299901,0.10174692949901025,-0.0018270091580537458,2.099829297700732e-06,1.924553264605796e-06,47075.872,1.0,46904.4459375,7.717961007317399e-06,181.58146233989982,2880.0,1.0,,276,,,,,,,,
2.835605857000701,0.007742694636749962,0.05226236985375484,0.0,0.0,0.006842500000000001,4.0,0.3075,0.00018529320611075187,0.09708172455430031,0.000848843548737932,1.3773065461464284e-06,1.1864675191948966e-06,47116.03600000001,1.0,46935.86025,7.717961007317399e-06,99.81563265559912,2880.0,1.0,,277,,,,,,,,
2.862913126999956,0.004069265624033609,0.044954427129899464,0.0,0.0,0.006795000000000002,4.0,0.30500000000000005,-0.0023361839606271437,0.09761831350624561,-0.0016736360266804695,1.3486973434358636e-06,1.2659798092803005e-06,47067.91200000001,1.0,46911.3346875,7.717961007317399e-06,95.46470148975183,2880.0,1.0,,278,,,,,,,,
2.8188624539998273,0.006301829192622381,0.044954427178405844,0.0,0.0,0.0067475,4.0,0.3025,-8.969112726238866e-05,0.09430671421190102,0.0005459704795309032,1.2710211289383249e-06,1.0918329943857923e-06,47085.268000000004,1.0,46930.6516875,7.717961007317399e-06,86.11859093222792,2880.0,1.0,,279,,,,,,,,
2.8459854100001394,0.00704990903459161,0.05397135430636505,0.0,0.0,0.006700000000000001,4.0,0.30000000000000004,0.0024239391714218073,0.0948568716024359,0.003058728664958229,1.5677823768101007e-06,1.1903701941188654e-06,47082.380000000005,1.0,46908.3790625,7.717961007317399e-06,115.66117422398527,2880.0,1.0,,280,47178.740000000005,47044.104,47047.22,70000042,46902.05226666667,best_of_k,47044.104,261.51521438046757
2.843361465000271,0.0045183833431681935,0.031575520833333336,0.0,0.0,0.0066525,4.0,0.2975,0.002214118624882152,0.09229553956538439,0.002827262428278724,2.792842053622735e-06,1.145283713791893e-06,47100.90399999999,1.0,46972.932499999995,7.717961007317399e-06,84.77226272047997,2880.0,1.0,,281,,,,,,,,
2.794084255000598,0.004278719415040655,0.03736979188397527,0.0,0.0,0.0066050000000000015,4.0,0.29500000000000004,-0.0008472896588500589,0.09862356508771579,-0.00019703123931928226,5.947750201092579e-06,1.110706089472539e-06,47072.244000000006,1.0,46902.5093125,7.717961007317399e-06,95.73255707191564,2880.0,1.0,,282,,,,,,,,
2.8473041469997042,0.00467993790090689,0.05185546881208817,0.0,0.0,0.006557500000000001,4.0,0.2925,0.001347882692546894,0.10087660762170951,0.002008394687436521,3.2911105212936795e-06,1.314392629107412e-06,47067.91200000001,1.0,46921.3803125,7.717961007317399e-06,148.1211440667825,2880.0,1.0,,283,,,,,,,,
2.8391375840001274,0.0037712628497207725,0.04469401063397527,0.0,0.0,0.006510000000000002,4.0,0.29000000000000004,-0.001886388015312453,0.1042916343236963,-0.0012081582099199295,1.3176340208550148e-06,1.1538700401085105e-06,47070.788,1.0,46937.706999999995,7.717961007317399e-06,76.12405321578667,2880.0,1.0,,284,,,,,,,,
2.8210973619998185,0.004011752553263174,0.041227213495100536,0.0,0.0,0.0064624999999999995,4.0,0.2875,-0.0007679430806698898,0.10867482206473748,-6.661719332138698e-05,1.6956219279033273e-06,1.631780032577505e-06,47067.552,1.0,46886.4949375,7.717961007317399e-06,132.4123312351279,2880.0,1.0,,285,,,,,,,,
2.820566876000157,0.003496858956874386,0.0422200522540758,0.0,0.0,0.0064150000000000006,4.0,0.28500000000000003,8.78671611038347e-05,0.1140566806619366,0.0008188313853073245,1.3638997273801579e-06,1.1458233283671386e-06,47088.524,1.0,46918.931,7.717961007317399e-06,121.71966645534397,2880.0,1.0,,286,,,,,,,,
2.8734442759996455,0.002600254811713517,0.030208333550641935,0.0,0.0,0.0063675,4.0,0.2825,-0.00046008359398304793,0.11417900118976831,0.000266107691762348,1.5879681617055514e-06,1.3677695657558313e-06,47020.592000000004,1.0,46846.284625,7.717961007317399e-06,121.93531368971645,2880.0,1.0,,287,,,,,,,,
2.8448307520002345,0.0045985947495064865,0.047802734576786556,0.0,0.0,0.006320000000000001,4.0,0.28,-0.0044822355460685985,0.11292151206483443,-0.0037698347587138414,3.610815757800386e-06,1.8036634941154261e-06,47049.584,1.0,46805.97412499999,7.717961007317399e-06,181.53652439656491,2880.0,1.0,,288,,,,,,,,
2.9098085000005085,0.00415737518013574,0.052652994791666664,0.0,0.0,0.0062725,4.0,0.27749999999999997,-0.0016205783855790894,0.11189767501006524,-0.0009199004465093216,6.44162842888818e-06,1.112025714178344e-06,47102.664000000004,1.0,46897.96475,7.717961007317399e-06,130.21534812739085,2880.0,1.0,,289,,,,,,,,
2.8098315320003167,0.006865416077190527,0.06632486979166667,0.0,0.0,0.006225000000000001,4.0,0.275,-0.0021056526699491465,0.11510126075396936,-0.0013901045119079451,2.649880746237917e-06,1.3846755990698512e-06,47079.187999999995,1.0,46840.280375,7.717961007317399e-06,142.36920287358353,2880.0,1.0,,290,,,,,,,,
2.8117222290002246,0.0038842095851402783,0.048616536621314786,0.0,0.0,0.006177500000000001,4.0,0.27249999999999996,-0.0023286990084064505,0.11388314763704936,-0.0016260312598509092,1.488611298820312e-06,1.3937945719059523e-06,47065.84,1.0,46881.18925,7.717961007317399e-06,107.81415960548672,2880.0,1.0,,291,,,,,,,,
2.777332633999322,0.003109589396650255,0.029264322947710752,0.0,0.0,0.006130000000000002,4.0,0.27,0.0023578531302822134,0.11066299863159657,0.0030354408469672003,1.2530010451428097e-06,1.3014078727261829e-06,47076.38,1.0,46923.124125,7.717961007317399e-06,97.42086894492607,2880.0,1.0,,292,,,,,,,,
2.796620373999758,0.004329815278016014,0.04853515621895591,0.0,0.0,0.006082499999999999,4.0,0.26749999999999996,-0.0015016758552519605,0.10758596751838923,-0.0008481477270834148,1.5079949709691693e-06,1.4252672713155334e-06,47125.68399999999,1.0,46906.475125,7.717961007317399e-06,138.5419360238425,2880.0,1.0,,293,,,,,,,,
2.8394748029995753,0.003634419186186122,0.03759765640522043,0.0,0.0,0.006035,4.0,0.265,-0.0036742294032592326,0.10782172220448653,-0.003024179798861345,1.2322293419704995e-06,1.0626069221567984e-06,47075.195999999996,1.0,46914.7615625,7.717961007317399e-06,92.02053604662697,2880.0,1.0,,294,,,,,,,,
2.790164597000512,0.004087276822457279,0.05004882828022043,0.0,0.0,0.0059875,4.0,0.26249999999999996,-0.0007274988602148369,0.11001024550447862,-6.990840968986352e-05,3.5877991374870057e-06,1.4740389673306709e-06,47119.084,1.0,46907.936125,7.717961007317399e-06,132.86035419561625,2880.0,1.0,,295,,,,,,,,
2.794863880999401,0.005205829310972317,0.060579427246314786,0.0,0.0,0.005940000000000001,4.0,0.26,-0.0034005322377197444,0.10846048841873805,-0.002758058331285914,3.947801502590664e-06,2.7715635818973774e-06,47100.532,1.0,46895.191812499994,7.717961007317399e-06,251.19909449720402,2880.0,1.0,,296,,,,,,,,
2.818575457999941,0.00683661063230101,0.05515950545668602,0.0,0.0,0.0058925,4.0,0.25749999999999995,-0.0018895585017162375,0.10487935381631057,-0.0012722639366984367,1.588568944536443e-06,1.0947375651918871e-06,47101.972,1.0,46945.919062500005,7.717961007317399e-06,87.37983167396966,2880.0,1.0,,297,,,,,,,,
2.8344873079995523,0.0025023336348302117,0.031689453249176346,0.0,0.0,0.005845000000000001,4.0,0.255,0.00044148246524855494,0.10952247306704521,0.0010808454438423116,1.8641167021845224e-06,1.2187941536012659e-06,47150.10399999999,1.0,46955.043375,7.717961007317399e-06,88.45176079145847,2880.0,1.0,,298,,,,,,,,
2.8112017719995492,0.00241309505956,0.02788085932843387,0.0,0.0,0.005797500000000001,4.0,0.25249999999999995,-0.0003168703672902969,0.10430634922037522,0.00028713804204016924,1.1712015345703246e-06,1.1800196470327744e-06,47087.695999999996,1.0,46953.6599375,7.717961007317399e-06,94.31567323486604,2880.0,1.0,,299,,,,,,,,
2.795293895999748,0.002974581986436261,0.030777994853754837,0.0,0.0,0.005750000000000002,4.0,0.25,0.0013985564073664136,0.10133156987528007,0.001980558348198732,1.3254687682244064e-06,1.0444982526299402e-06,47125.556,1.0,46980.141937500004,7.717961007317399e-06,81.08661167231112,2880.0,1.0,,300,47178.740000000005,47085.21199999999,46829.191999999995,70000042,46914.213066666656,best_of_k,47085.21199999999,213.22485106680546
2.8638109909998093,0.005253874404426373,0.04861653673773011,0.0,0.0,0.005702500000000001,4.0,0.24750000000000005,0.0006951278871080527,0.10513560939580202,0.0012938872484179835,1.5177729627187848e-06,1.248141790218445e-06,47116.304000000004,1.0,46950.358,7.717961007317399e-06,101.985384462677,2880.0,1.0,,301,,,,,,,,
2.814390583000204,0.003747412912969761,0.03245442717646559,0.0,0.0,0.005655,4.0,0.245,-0.0019483372974112474,0.09536925796419382,-0.001409603040277337,9.69571895363212e-07,9.640691658319156e-07,47123.67999999999,1.0,46971.041125,7.717961007317399e-06,82.8877910233735,2880.0,1.0,,302,,,,,,,,
2.8360045689996696,0.005553985642867095,0.04368489608168602,0.0,0.0,0.005607500000000001,4.0,0.24250000000000005,0.00016676217395191392,0.09900409635156393,0.0007212595858921608,1.0650962873152519e-06,1.1219224636723386e-06,47123.67999999999,1.0,46935.689750000005,7.717961007317399e-06,97.89981247907197,2880.0,1.0,,303,,,,,,,,
2.8262451250002414,0.004758700400951721,0.055550130705038704,0.0,0.0,0.005560000000000001,4.0,0.24,-0.0003111025580437854,0.10466001244882743,0.0002698184495481352,1.7829607467471458e-06,1.6199410974119626e-06,47126.42,1.0,46914.5825625,7.717961007317399e-06,185.81757338363795,2880.0,1.0,,304,,,,,,,,
2.807004168000276,0.0036540952173501986,0.030582682345993817,0.0,0.0,0.005512500000000002,4.0,0.23750000000000004,0.0007841082212204734,0.10431797367831071,0.0013585327736412485,1.0922827868853346e-06,1.0386157001107676e-06,47094.831999999995,1.0,46955.8279375,7.717961007317399e-06,86.86045455065302,2880.0,1.0,,305,,,,,,,,
2.7896191059999182,0.004101804368122093,0.03632812504656613,0.0,0.0,0.005465000000000001,4.0,0.235,-0.004020687309093773,0.1018802234902978,-0.0034648041085650525,1.605554193891597e-06,1.4629547232895372e-06,47075.33200000001,1.0,46905.10125,7.717961007317399e-06,175.54136434879848,2880.0,1.0,,306,,,,,,,,
2.8066362599993226,0.002315135686401071,0.02680664082678656,0.0,0.0,0.005417500000000002,4.0,0.23250000000000004,0.0003346418961882591,0.09581633781393369,0.0008530547590150187,1.052703566983837e-06,1.1335663027504477e-06,47110.291999999994,1.0,46951.686125,7.717961007317399e-06,107.95253125788406,2880.0,1.0,,307,,,,,,,,
2.805772220000108,0.0033342739852087653,0.034016927083333336,0.0,0.0,0.00537,4.0,0.22999999999999998,-0.004545871110167354,0.09517888786892097,-0.0040357799249856425,2.1287092361414275e-06,1.614753979121512e-06,47113.748,1.0,46928.661625,7.717961007317399e-06,194.7551673598406,2880.0,1.0,,308,,,,,,,,
2.8121767279999403,0.003965713805257565,0.03419596368136505,0.0,0.0,0.005322500000000001,4.0,0.22750000000000004,-0.0018530425028681445,0.09874930170675118,-0.0013280368487661083,1.0479966903176319e-06,9.647728684096062e-07,47120.456,1.0,46940.5733125,7.717961007317399e-06,95.98029846550529,2880.0,1.0,,309,,,,,,,,
2.799906397999621,0.004442017041796771,0.04165039071813226,0.0,0.0,0.005275,4.0,0.22499999999999998,-0.00036560169731577236,0.09727304925521214,0.00014679318216318885,1.3115460149037972e-06,1.1787120186568245e-06,47109.296,1.0,46972.468687500004,7.717961007317399e-06,129.05098148707515,2880.0,1.0,,310,,,,,,,,
2.8344638829994437,0.005845080483052397,0.04860026055636505,0.0,0.0,0.005227500000000001,4.0,0.22250000000000003,0.0001943145616678521,0.09372023399919271,0.0006837147375335917,9.42293404193606e-07,8.561187006724443e-07,47119.732,1.0,46942.94875,7.717961007317399e-06,94.42146460915475,2880.0,1.0,,311,,,,,,,,
2.8122532269999283,0.0024905558325194477,0.02259114586437742,0.0,0.0,0.005180000000000001,4.0,0.21999999999999997,-0.0018567852093838155,0.09641056507825851,-0.0013579517835751176,9.147202912155686e-07,9.631156719554685e-07,47096.340000000004,1.0,46973.569812500005,7.717961007317399e-06,86.48078556803742,2880.0,1.0,,312,,,,,,,,
2.8089315380002517,0.0017521122444955257,0.014355468757761022,0.0,0.0,0.005132500000000002,4.0,0.21750000000000003,-0.0010054944480846946,0.09498442988842726,-0.0005185814273621266,9.284354831606834e-07,1.0046270896661251e-06,47115.78800000001,1.0,46961.8640625,7.717961007317399e-06,87.46375754417362,2880.0,1.0,,313,,,,,,,,
2.7876864479994765,0.008262904047303898,0.03554687509313226,0.0,0.0,0.005085000000000001,4.0,0.21499999999999997,0.003068415525679787,0.0899649690836668,0.0035252897844960294,1.1420403562093877e-06,9.676504693819272e-07,47119.732,1.0,46977.545,7.717961007317399e-06,124.48584668346919,2880.0,1.0,,314,,,,,,,,
2.8143947850003315,0.008632995007223107,0.05611979216337204,0.0,0.0,0.005037500000000002,4.0,0.21250000000000002,-0.002759594475113166,0.08716926320145528,-0.0023210441383222737,1.1528355467286626e-06,8.990457184647008e-07,47112.884000000005,1.0,46937.8155,7.717961007317399e-06,91.71038234981869,2880.0,1.0,,315,,,,,,,,
2.8049928979999095,0.0031163355263696957,0.04210611983823279,0.0,0.0,0.00499,4.0,0.20999999999999996,-0.0021657415005999305,0.09206850981960694,-0.0017068775681157906,1.001660038468799e-06,9.153724652340619e-07,47109.12399999999,1.0,46954.8791875,7.717961007317399e-06,88.53543021350174,2880.0,1.0,,316,,,,,,,,
2.784894293000434,0.002694619266814987,0.027815755223855376,0.0,0.0,0.004942500000000001,4.0,0.20750000000000002,-0.002580277000864347,0.08617051721860965,-0.002155060996301472,1.3702779687226514e-06,1.089090192844348e-06,47143.228,1.0,46974.7466875,7.717961007317399e-06,79.86432899002855,2880.0,1.0,,317,,,,,,,,
2.8243984419996195,0.0021667239835842325,0.032845052191987634,0.0,0.0,0.004895,4.0,0.20499999999999996,-0.0044639179250225425,0.08842545033742984,-0.004032090209269275,1.8240195297873167e-06,1.663778429398614e-06,47130.616,1.0,46946.658125,7.717961007317399e-06,190.79346605291403,2880.0,1.0,,318,,,,,,,,
2.805061370000658,0.0019134682831764376,0.023339843765522044,0.0,0.0,0.004847500000000001,4.0,0.2025,-0.0004196029076410923,0.09230680453280608,2.7276691980659962e-05,1.0899464086833177e-06,9.380085851754908e-07,47126.42,1.0,46990.750625,7.717961007317399e-06,81.90161459403241,2880.0,1.0,,319,,,,,,,,
2.8124069160003273,0.004195564617114418,0.03518880228511989,0.0,0.0,0.0048000000000000004,4.0,0.19999999999999996,-0.0016274673738128815,0.08998190301160018,-0.0011960486105332773,7.846231137402052e-07,8.324982658791669e-07,47149.903999999995,1.0,46976.03462500001,7.717961007317399e-06,84.51871706675078,2880.0,1.0,,320,47178.740000000005,47150.087999999996,47118.868,70000042,46932.2712,best_of_k,47150.087999999996,212.96031339921834
2.841049884000313,0.002416970778245838,0.02970377611927688,0.0,0.0,0.0047525000000000015,4.0,0.1975,-0.0027277323291248954,0.08887099816153447,-0.0023060168993348875,1.4827109803642695e-06,9.90803449951727e-07,47123.412,1.0,46971.75025,7.717961007317399e-06,85.00945390918432,2880.0,1.0,,321,,,,,,,,
2.800465936999899,0.0038774589182999364,0.03011067716094355,0.0,0.0,0.004704999999999999,4.0,0.19499999999999995,-0.0008762097192326715,0.08772252903630336,-0.0004640916437589719,1.751797952920242e-06,8.821213057785826e-07,47118.868,1.0,46993.38268750001,7.717961007317399e-06,83.52234711457325,2880.0,1.0,,322,,,,,,,,
2.784276790000149,0.0061662174501861955,0.05397135407353441,0.0,0.0,0.0046575,4.0,0.1925,-0.0016841885129300256,0.08623322658240795,-0.0012832399903951834,1.981080619846883e-06,9.685789616279787e-07,47123.412,1.0,46977.969625,7.717961007317399e-06,116.36672894929895,2880.0,1.0,,323,,,,,,,,
2.796557165000195,0.001996043910915457,0.02290039067156613,0.0,0.0,0.0046099999999999995,4.0,0.18999999999999995,-0.002468401765023979,0.08682741690427065,-0.0020687031471121977,1.1338627009157183e-06,9.24808749876623e-07,47124.948,1.0,46970.06125,7.717961007317399e-06,93.57061629025132,2880.0,1.0,,324,,,,,,,,
2.8151438470003995,0.0023605761578577855,0.027034505425641935,0.0,0.0,0.004562500000000001,4.0,0.1875,-0.00418860835149341,0.08410711803783973,-0.0038055089341166117,1.883494590515511e-06,9.026393215094686e-07,47121.619999999995,1.0,46978.0255,7.717961007317399e-06,77.0745258061975,2880.0,1.0,,325,,,,,,,,
2.7885234040004434,0.002570136351356093,0.03154296889745941,0.0,0.0,0.004515000000000002,4.0,0.18500000000000005,-0.001506781632391115,0.08025380068769057,-0.0011449195444583893,9.015899493647339e-07,7.867104253970562e-07,47156.444,1.0,46988.7330625,7.717961007317399e-06,98.95057506210597,2880.0,1.0,,326,,,,,,,,
2.7954345119997015,0.002814948532219456,0.031640625170742474,0.0,0.0,0.004467500000000001,4.0,0.1825,0.00041338984616838087,0.07956207108994325,0.0007684460142627358,6.475455952189199e-07,6.46603780296573e-07,47118.868,1.0,46996.966125000006,7.717961007317399e-06,76.78112865141136,2880.0,1.0,,327,,,,,,,,
2.8052001959995323,0.0026028555978898638,0.025830078268578898,0.0,0.0,0.004420000000000002,4.0,0.18000000000000005,0.0031161976706547043,0.08340692582229774,0.0034844401137282452,6.622073769335657e-07,7.000800839781126e-07,47101.108,1.0,46988.00093750001,7.717961007317399e-06,90.73477498661244,2880.0,1.0,,328,,,,,,,,
2.8062247949992525,0.00163454364514178,0.019710286481616397,0.0,0.0,0.004372500000000001,4.0,0.1775,-0.0036833636744025475,0.08271277757982413,-0.0033221310392643013,6.534501177194821e-07,7.274363653664295e-07,47113.748,1.0,46980.920625,7.717961007317399e-06,79.69271655621685,2880.0,1.0,,329,,,,,,,,
2.8085562440001013,0.0023317079468997783,0.03237304696813226,0.0,0.0,0.0043250000000000025,4.0,0.17500000000000004,-0.0012583611581552152,0.08090962003916502,-0.0009088037380327781,5.739559606846948e-07,6.387618138129861e-07,47118.868,1.0,46993.3753125,7.717961007317399e-06,79.41166354684646,2880.0,1.0,,330,,,,,,,,
2.8122162629997547,0.003207097310164405,0.031038411582509678,0.0,0.0,0.0042775,4.0,0.1725,-0.0006817312872347733,0.07739070275177558,-0.0003511020913720131,6.70641874478406e-07,6.851884440569241e-07,47118.868,1.0,47000.241062500005,7.717961007317399e-06,73.5301103706584,2880.0,1.0,,331,,,,,,,,
2.8210739329997523,0.0019842455837909925,0.0187500000174623,0.0,0.0,0.004230000000000001,4.0,0.17000000000000004,-0.00105992790243666,0.07228195046385129,-0.0007552868143344919,2.1004192092277663e-06,1.8031597501059575e-06,47143.336,1.0,46979.999,7.717961007317399e-06,219.55304981143027,2880.0,1.0,,332,,,,,,,,
2.8096038679996127,0.0029925039166595426,0.022298177238553762,0.0,0.0,0.004182500000000002,4.0,0.16749999999999998,-0.002067832431445519,0.0720754424110055,-0.0017681341657104592,5.57056818924669e-06,2.4017902712595665e-06,47119.732,1.0,47016.8794375,7.717961007317399e-06,70.6873387526631,2880.0,1.0,,333,,,,,,,,
2.9572972369996933,0.003707470669898072,0.04230143238479892,0.0,0.0,0.004135,4.0,0.16500000000000004,-0.0033981964515987784,0.08075433131307364,-0.0030654215176279345,4.123369871914899e-06,1.464512732714714e-06,47118.868,1.0,46982.98068750001,7.717961007317399e-06,127.22721973806378,2880.0,1.0,,334,,,,,,,,
2.834483456000271,0.0014701004769871833,0.020898437593132257,0.0,0.0,0.004087500000000001,4.0,0.16249999999999998,0.0003935587495410194,0.08166218921542168,0.0007254362086920688,1.4736013289014712e-05,8.869199253543533e-07,47119.732,1.0,46988.423125,7.717961007317399e-06,80.48158330472144,2880.0,1.0,,335,,,,,,,,
2.816828429000452,0.00555070306401569,0.03593750014745941,0.0,0.0,0.004040000000000002,4.0,0.16000000000000003,-0.0011858951766043901,0.07766890743126471,-0.000875190511578694,2.3780998418487798e-05,1.3980380894433135e-06,47138.46799999999,1.0,46975.9881875,7.717961007317399e-06,107.6977161884823,2880.0,1.0,,336,,,,,,,,
2.810252666999986,0.0026414197364796146,0.02534179692156613,0.0,0.0,0.0039924999999999995,4.0,0.15749999999999997,-0.0014817201881669462,0.08079183505227168,-0.001176675238336126,0.0001363654054671315,7.759044616288216e-06,47135.09199999999,1.0,47000.494000000006,7.717961007317399e-06,80.00068219084271,2880.0,1.0,,337,,,,,,,,
2.780305264999697,0.0029692581110903524,0.028385416915019352,0.0,0.0,0.003945000000000001,4.0,0.15500000000000003,-0.0036285528331063688,0.08014716549466054,-0.003345644799992442,0.00025975846443770934,1.4594065874007356e-05,47136.607999999986,1.0,46970.760624999995,7.717961007317399e-06,98.86753366049766,2880.0,1.0,,338,,,,,,,,
2.8527697709996573,0.0026138097307870645,0.030078124914628763,0.0,0.0,0.0038975000000000017,4.0,0.15249999999999997,0.001010915245084713,0.07768471663196881,0.0013063450266296666,6.328863613210463e-05,2.03526793995934e-06,47127.651999999995,1.0,46967.314125,7.717961007317399e-06,117.04987013655642,2880.0,1.0,,339,,,,,,,,
2.828638570000294,0.002266974866242203,0.02571614591094355,0.0,0.0,0.0038500000000000027,4.0,0.15000000000000002,0.0012444342816403757,0.0762942973524332,0.0015359647416820128,1.7406914163113168e-05,9.228476945584892e-07,47112.884000000005,1.0,47006.0364375,7.717961007317399e-06,59.746518706605514,2880.0,1.0,,340,47178.740000000005,47115.172000000006,47109.18800000001,70000042,46955.34026666667,best_of_k,47115.172000000006,211.046169191944
2.859685297999931,0.002742803894839755,0.027799479352931183,0.0,0.0,0.0038025000000000003,4.0,0.14749999999999996,-0.0007772607641527429,0.07584427840386827,-0.0004902623671417435,8.694531653456275e-06,1.0599563609048346e-06,47120.144,1.0,47000.284625,7.717961007317399e-06,78.33275948228464,2880.0,1.0,,341,,,,,,,,
2.8601849579999907,0.0024459396825532074,0.024527994838232797,0.0,0.0,0.0037550000000000014,4.0,0.14500000000000002,-0.004816019534094569,0.0769852342394491,-0.004527828811357419,3.466435406570175e-06,1.0841659066803306e-06,47114.408,1.0,46983.63475,7.717961007317399e-06,64.28654038317501,2880.0,1.0,,342,,,,,,,,
2.7978151460001754,0.0018747488645468973,0.020898437515522044,0.0,0.0,0.003707499999999999,4.0,0.14249999999999996,-0.0019378760662220884,0.0775335542857647,-0.0016511133483921487,1.520147786019758e-06,1.0830669694428252e-06,47098.724,1.0,47000.733937499994,7.717961007317399e-06,92.66669999248002,2880.0,1.0,,343,,,,,,,,
2.8375541109999176,0.0068051916759911775,0.03634440122793118,0.0,0.0,0.00366,4.0,0.14,-0.00046825897152302787,0.07234475420167048,-0.00020405714652345827,9.807028410098912e-07,9.653345382313698e-07,47118.868,1.0,46985.65325,7.717961007317399e-06,87.45456028954466,2880.0,1.0,,344,,,,,,,,
2.785101960999782,0.002747920817922337,0.02708333354288091,0.0,0.0,0.003612500000000001,4.0,0.13749999999999996,-0.002591108156290526,0.07777327299118042,-0.0023107348242774606,1.1033837215753313e-06,9.433817685552034e-07,47118.868,1.0,47022.954625,7.717961007317399e-06,50.06976610300115,2880.0,1.0,,345,,,,,,,,
2.800343853000413,0.0036222667992709865,0.02363281254656613,0.0,0.0,0.003565000000000002,4.0,0.135,-0.0004871792916674167,0.07984125334769487,-0.00020307197701185942,9.598538757889703e-07,8.618744331556627e-07,47135.09199999999,1.0,47011.632874999996,7.717961007317399e-06,63.938651684520174,2880.0,1.0,,346,,,,,,,,
2.7992949439994845,0.003445980044958219,0.029752604168606922,0.0,0.0,0.0035175,4.0,0.13249999999999995,-0.0028712591738440096,0.08268709356586139,-0.002581533840081344,1.8785930061919014e-06,1.8769026250235281e-06,47118.868,1.0,46943.9824375,7.717961007317399e-06,177.1048343053027,2880.0,1.0,,347,,,,,,,,
2.7960108560000663,0.002303991700830732,0.02490234371119489,0.0,0.0,0.003470000000000001,4.0,0.13,-0.0035291091868809112,0.0777099480231603,-0.0032603851383707174,1.3879041347308885e-06,1.5820254996394094e-06,47136.607999999986,1.0,46984.649124999996,7.717961007317399e-06,62.55288477547777,2880.0,1.0,,348,,,,,,,,
2.852256555999702,0.0020784978167876686,0.02456054692932715,0.0,0.0,0.0034224999999999985,4.0,0.12749999999999995,-0.0028448147932067513,0.08213629014790058,-0.0025644763566864035,1.2883567421795306e-06,1.288688151153868e-06,47120.144,1.0,46973.2118125,7.717961007317399e-06,109.83358914610281,2880.0,1.0,,349,,,,,,,,
2.7929739680002967,0.0019797495281270727,0.02083333337213844,0.0,0.0,0.0033749999999999995,4.0,0.125,0.00045675720199748565,0.07939038860301177,0.0007241653511300683,1.070365636716512e-06,8.553085303712275e-07,47119.936,1.0,46990.8105625,7.717961007317399e-06,72.46499691701987,2880.0,1.0,,350,,,,,,,,
2.9245076630004405,0.0018640815473105476,0.027360026103754837,0.0,0.0,0.0033275000000000006,4.0,0.12250000000000005,-0.00046720056464740384,0.07925511213640372,-0.00020410275707642236,1.1971567062118993e-06,1.0086060176680196e-06,47137.528000000006,1.0,46993.4946875,7.717961007317399e-06,108.90159657933087,2880.0,1.0,,351,,,,,,,,
2.824613847999899,0.0018569448694153816,0.024837239664824057,0.0,0.0,0.0032800000000000017,4.0,0.12,-0.0013456683518597856,0.07977152615785599,-0.0010845216844851773,1.0518845409516568e-06,7.967307785368879e-07,47135.09199999999,1.0,47006.1050625,7.717961007317399e-06,60.722272825719855,2880.0,1.0,,352,,,,,,,,
2.799043764000089,0.004292391253930994,0.048763020837213844,0.0,0.0,0.0032325000000000027,4.0,0.11750000000000005,-0.0032963518654772392,0.0839188126847148,-0.0030255603245071447,1.035746099849651e-06,7.457456353184474e-07,47122.096,1.0,47007.4630625,7.717961007317399e-06,67.82083916371869,2880.0,1.0,,353,,,,,,,,
2.815467009000713,0.003927809095187603,0.03281249998447796,0.0,0.0,0.0031850000000000003,4.0,0.11499999999999999,-0.0008800624515667247,0.08104971920450528,-0.0006224686864394849,1.0303671539683517e-06,8.926999939262714e-07,47115.952,1.0,46975.733812499995,7.717961007317399e-06,91.3591778584119,2880.0,1.0,,354,,,,,,,,
2.7953164609998566,0.0027184193429965475,0.02998046895178656,0.0,0.0,0.0031375000000000014,4.0,0.11250000000000004,-0.007716883420168112,0.08209471373508374,-0.007459808761874835,9.381147686819228e-07,8.077582217917249e-07,47135.09199999999,1.0,47001.1216875,7.717961007317399e-06,70.43612635858337,2880.0,1.0,,355,,,,,,,,
2.8169266459999562,0.0020997890520515483,0.0244628907336543,0.0,0.0,0.003089999999999999,4.0,0.10999999999999999,-0.0009963237534975633,0.08281421009451151,-0.0007409481574237967,9.759457644994047e-07,8.453145596831746e-07,47111.89199999999,1.0,46977.975750000005,7.717961007317399e-06,76.81797672054155,2880.0,1.0,,356,,,,,,,,
2.810506696999255,0.0024028747624473823,0.028922526088232797,0.0,0.0,0.0030425,4.0,0.10750000000000004,-0.0032179550908040255,0.07763566759725411,-0.002982935712983211,2.1008058013194386e-06,1.954483783113877e-06,47118.868,1.0,46953.709125,7.717961007317399e-06,209.04264352216427,2880.0,1.0,,357,,,,,,,,
2.833920441000373,0.0012453974526482152,0.014371744871217137,0.0,0.0,0.002995000000000001,4.0,0.10499999999999998,-0.0023067129271415374,0.0739343585446477,-0.002085641957819462,6.829379728401364e-07,5.888382190732955e-07,47119.732,1.0,47007.4731875,7.717961007317399e-06,61.36554047134154,2880.0,1.0,,358,,,,,,,,
2.8237220880000677,0.001435608975065783,0.020638020941987634,0.0,0.0,0.002947500000000002,4.0,0.10250000000000004,-0.004377540816979793,0.07428878763069709,-0.004158919114464273,6.163815366259465e-07,5.657723818330851e-07,47118.868,1.0,46998.4905625,7.717961007317399e-06,71.56112695230408,2880.0,1.0,,359,,,,,,,,
2.8223010049996446,0.0017490103843211813,0.02097981780146559,0.0,0.0,0.0029,4.0,0.09999999999999998,0.0018093681743872974,0.07159917568787932,0.0020166667721544704,5.809488724158504e-07,5.617472661848902e-07,47101.972,1.0,47000.2391875,7.717961007317399e-06,67.16661470246989,2880.0,1.0,,360,47178.740000000005,47120.05999999999,47047.22,70000042,46961.40359999999,best_of_k,47120.05999999999,209.15523768492906
2.8176732219999394,0.001325224696796153,0.021321614699748654,0.0,0.0,0.002852500000000001,4.0,0.09750000000000003,-0.0006926888284700302,0.07160152758782108,-0.0004887756852743527,5.558581056182751e-07,5.494990631405017e-07,47115.172000000006,1.0,47007.506125,7.717961007317399e-06,61.062775067831254,2880.0,1.0,,361,,,,,,,,
2.8660831399993185,0.0027311266434670856,0.023649088727931183,0.0,0.0,0.002805000000000002,4.0,0.09499999999999997,-0.0010475998860783875,0.07076590818663438,-0.0008494208256403605,5.468210784916513e-07,5.28750105625401e-07,47123.551999999996,1.0,47012.041625000005,7.717961007317399e-06,55.8793400583747,2880.0,1.0,,362,,,,,,,,
2.834841576999679,0.0008169964049032549,0.01067708344392789,0.0,0.0,0.002757500000000003,4.0,0.09250000000000003,0.00041763089757296257,0.07269403928269942,0.0006177211180329323,6.103045819827457e-07,6.051585283254705e-07,47126.42,1.0,47007.89874999999,7.717961007317399e-06,59.97204780093465,2880.0,1.0,,363,,,,,,,,
2.8114409190002334,0.001548667736799736,0.01554361984017305,0.0,0.0,0.0027100000000000006,4.0,0.08999999999999997,-0.0021808507153764367,0.0750110571583112,-0.0019779883635540805,7.047157595252429e-07,6.937223228457393e-07,47118.868,1.0,47003.102875,7.717961007317399e-06,72.04171300180535,2880.0,1.0,,364,,,,,,,,
2.971876636000161,0.001249056099540032,0.012467447988456115,0.0,0.0,0.0026625000000000017,4.0,0.08750000000000002,-0.0018785240590659669,0.07235040391484897,-0.0016862657115173836,6.085157930139454e-07,6.272771813087274e-07,47119.732,1.0,47010.180625,7.717961007317399e-06,68.17963445274124,2880.0,1.0,,365,,,,,,,,
2.840751937999812,0.0011584749771185916,0.01741536466094355,0.0,0.0,0.0026149999999999993,4.0,0.08499999999999996,-0.0017035540950018913,0.06941831205040216,-0.0015223918405051033,6.446693655940786e-07,6.041778017144376e-07,47118.868,1.0,47011.86556250001,7.717961007317399e-06,70.61796262502048,2880.0,1.0,,366,,,,,,,,
2.801618284000142,0.001981043645338687,0.027555338592113305,0.0,0.0,0.0025675000000000003,4.0,0.08250000000000002,-0.005373310317130138,0.07329687755554914,-0.005185503008154531,6.259979035879345e-07,6.408602525690791e-07,47119.732,1.0,46994.664375,7.717961007317399e-06,81.02148708126501,2880.0,1.0,,367,,,,,,,,
2.7960784899996725,0.0017947957506467087,0.023160807400320966,0.0,0.0,0.0025200000000000014,4.0,0.07999999999999996,-0.002409922087281302,0.07063029318427046,-0.0022323186082455018,6.258362480101217e-07,6.448616337214238e-07,47119.732,1.0,46997.103,7.717961007317399e-06,75.0750561171963,2880.0,1.0,,368,,,,,,,,
2.823051958999713,0.0011112192450746978,0.015429687511641532,0.0,0.0,0.0024725000000000025,4.0,0.07750000000000001,-0.0012066968095799286,0.07265369004259507,-0.0010274398761490982,6.659793048887271e-07,6.259331068273847e-07,47123.67999999999,1.0,47013.128125,7.717961007317399e-06,50.9522882703442,2880.0,1.0,,369,,,,,,,,
2.8752923389993157,0.0009968024211950421,0.014501953187088171,0.0,0.0,0.002425,4.0,0.07499999999999996,-0.002225919898288945,0.07801364610592525,-0.0020371388915615776,6.908153148780608e-07,6.657426136295422e-07,47135.464,1.0,47000.1568125,7.717961007317399e-06,69.98132079055087,2880.0,1.0,,370,,,,,,,,
2.803193366999949,0.0015884170168902756,0.01790364587213844,0.0,0.0,0.002377500000000001,4.0,0.07250000000000001,-0.0016475098867279787,0.0731062525883317,-0.0014740567712578923,6.176271061993551e-07,5.898255478105815e-07,47079.276,1.0,46993.032687499996,7.717961007317399e-06,66.41350278578402,2880.0,1.0,,371,,,,,,,,
2.902856153999892,0.0009759284899561275,0.012190755223855376,0.0,0.0,0.0023299999999999987,4.0,0.06999999999999995,-0.0029065985885002497,0.06905148038640618,-0.0027460464528606585,5.52033082357184e-07,5.659697421833698e-07,47089.85999999999,1.0,46992.84075,7.717961007317399e-06,58.340080703044016,2880.0,1.0,,372,,,,,,,,
2.8695466999997734,0.001567499881055312,0.018636067863553762,0.0,0.0,0.0022825,4.0,0.0675,-0.004043954114119212,0.07027698742846648,-0.003883879049681127,5.442854380532935e-07,5.557146801985861e-07,47119.54,1.0,47013.820812499995,7.717961007317399e-06,55.55826852584463,2880.0,1.0,,373,,,,,,,,
2.788086987000497,0.0012119841257275017,0.017480468765522044,0.0,0.0,0.002235000000000001,4.0,0.06499999999999995,0.0022711482112451145,0.07320632630338271,0.0024344053817912936,6.202176905389933e-07,5.939805944876753e-07,47122.491999999984,1.0,46989.249875,7.717961007317399e-06,77.21456030428858,2880.0,1.0,,374,,,,,,,,
2.8009811510000873,0.0008170077228862501,0.008382161487437164,0.0,0.0,0.002187500000000002,4.0,0.0625,1.7426869211097557e-05,0.0742465890944004,0.0001794191775843501,7.135070726841756e-07,7.006836829267135e-07,47106.888,1.0,46988.747749999995,7.717961007317399e-06,99.89868470574456,2880.0,1.0,,375,,,,,,,,
2.822167285999967,0.0007643108912406641,0.009456380231616398,0.0,0.0,0.002140000000000003,4.0,0.06000000000000005,0.0021028574992669746,0.07123391920079787,0.0022549489222001284,5.638082261801477e-07,5.865723124998112e-07,47123.67999999999,1.0,47011.588125,7.717961007317399e-06,60.930756757030885,2880.0,1.0,,376,,,,,,,,
2.8102162860004682,0.0005117062854450202,0.006038411481616397,0.0,0.0,0.0020925000000000006,4.0,0.057499999999999996,0.0006009979115333408,0.06706252352645,0.000741001955854396,5.288570588864635e-07,5.430312874921128e-07,47119.732,1.0,47014.118687500006,7.717961007317399e-06,61.890291577334175,2880.0,1.0,,377,,,,,,,,
2.8068922820002626,0.0008203398508369967,0.013476562511641532,0.0,0.0,0.0020450000000000017,4.0,0.05500000000000005,3.121830134962996e-05,0.06759518167624871,0.00016917743171992092,4.83980932367937e-07,4.504034028703548e-07,47126.148,1.0,47029.66175,7.717961007317399e-06,54.21142338509096,2880.0,1.0,,378,,,,,,,,
2.8061500849998993,0.0007751659373827676,0.009195963580471775,0.0,0.0,0.0019974999999999993,4.0,0.05249999999999999,-0.0025659695432599014,0.0686064250767231,-0.0024293169068793454,7.259088098029073e-07,6.321275497119435e-07,47162.428,1.0,47005.7838125,7.717961007317399e-06,78.76065836580423,2880.0,1.0,,379,,,,,,,,
2.8078668530006325,0.0010172285875365006,0.012125651119276881,0.0,0.0,0.0019500000000000003,4.0,0.050000000000000044,-0.0010328081261832267,0.06601513177156448,-0.0009043952741194516,5.264543373092087e-07,5.277014179701686e-07,47153.956000000006,1.0,47006.55881250001,7.717961007317399e-06,64.4100593373425,2880.0,1.0,,380,47178.740000000005,47115.952,47054.195999999996,70000042,46974.935066666665,best_of_k,47115.952,211.27780703060535
2.873968464000427,0.0009148109263813117,0.013330078218132257,0.0,0.0,0.0019025000000000014,4.0,0.04749999999999999,0.0010774804977700114,0.06381041820471485,0.0011986020545009524,4.587166664293818e-07,4.6409574731380115e-07,47118.868,1.0,47021.32493750001,7.717961007317399e-06,71.73850827394588,2880.0,1.0,,381,,,,,,,,
2.8292219149998346,0.0010019519551984029,0.01521809899713844,0.0,0.0,0.0018550000000000025,4.0,0.04500000000000004,0.00212582663516514,0.06610965123400092,0.0022481033423294625,7.118333466375285e-07,5.697819437007942e-07,47118.291999999994,1.0,46996.201,7.717961007317399e-06,73.12434407227283,2880.0,1.0,,382,,,,,,,,
2.8544629620000705,0.0011090849804133995,0.011425781296566129,0.0,0.0,0.0018075,4.0,0.04249999999999998,-0.0032170334889087826,0.06316402135416865,-0.0031031333298111954,4.642214257444266e-07,4.442401374168033e-07,47095.299999999996,1.0,47028.236375,7.717961007317399e-06,41.328676598210286,2880.0,1.0,,383,,,,,,,,
2.8356953380007326,0.0006174180163931453,0.008235677116317675,0.0,0.0,0.0017600000000000011,4.0,0.040000000000000036,-0.0028575854666996747,0.06174451361099879,-0.00274919142248109,4.6724208146997626e-07,4.5867090747719885e-07,47122.724,1.0,47017.557375000004,7.717961007317399e-06,62.63490375269646,2880.0,1.0,,384,,,,,,,,
2.890806483000233,0.0009361110862142752,0.012939453144402554,0.0,0.0,0.0017124999999999987,4.0,0.03749999999999998,-0.0009552965639159083,0.05877393111586571,-0.0008549044626609733,4.3828946279707753e-07,4.289744393778013e-07,47119.732,1.0,47023.1755,7.717961007317399e-06,63.74857823708806,2880.0,1.0,,385,,,,,,,,
2.81578288899982,0.001467275895267998,0.01956380212989946,0.0,0.0,0.0016649999999999998,4.0,0.03500000000000003,-0.0028189848041317114,0.059044764221956335,-0.0027209919062443078,5.51591369912785e-07,5.218187304478761e-07,47085.304000000004,1.0,46992.98468750001,7.717961007317399e-06,72.91303827010323,2880.0,1.0,,386,,,,,,,,
2.828657199999725,0.0007443329120754664,0.008968098962213844,0.0,0.0,0.0016175000000000009,4.0,0.03249999999999997,4.302030720282346e-05,0.059097220189869404,0.0001383476895474208,4.276562665476528e-07,4.396902527995887e-07,47072.244000000006,1.0,47019.498250000004,7.717961007317399e-06,55.62174574244836,2880.0,1.0,,387,,,,,,,,
2.803733681000267,0.0010002532887313602,0.014811197955471775,0.0,0.0,0.001570000000000002,4.0,0.030000000000000027,-0.0022597737552132457,0.05960358865559101,-0.002166475479801496,4.782372945063192e-07,4.6363023168775425e-07,47119.732,1.0,47007.6365625,7.717961007317399e-06,62.10604583640641,2880.0,1.0,,388,,,,,,,,
2.813391980000233,0.000818624493322595,0.008138020852735886,0.0,0.0,0.0015224999999999995,4.0,0.02749999999999997,-0.0019935780437663198,0.05779473654304942,-0.0019058596808463335,4.5614779864422417e-07,4.571148911243957e-07,47126.42,1.0,47029.95618750001,7.717961007317399e-06,56.74274227788904,2880.0,1.0,,389,,,,,,,,
2.825489089000257,0.0010831794324963617,0.011376953198729703,0.0,0.0,0.0014750000000000006,4.0,0.025000000000000022,-0.0036481674760580063,0.058469981576005615,-0.003562159933305035,3.878620304931246e-07,3.934815768028936e-07,47119.732,1.0,47022.55881250001,7.717961007317399e-06,48.66004832344483,2880.0,1.0,,390,,,,,,,,
2.8111508539996066,0.0009479911846751085,0.014290364614377419,0.0,0.0,0.0014275000000000017,4.0,0.022499999999999964,-0.0012730263794461887,0.05956000663960973,-0.0011883280239999294,5.428180275638775e-07,5.383425521661896e-07,47119.732,1.0,46998.927375,7.717961007317399e-06,83.10393928454644,2880.0,1.0,,391,,,,,,,,
2.8147666550003123,0.0009210355247179317,0.012011718819849193,0.0,0.0,0.0013800000000000028,4.0,0.020000000000000018,8.816200958487268e-05,0.058612081998338304,0.00016872309303532043,5.272062904756089e-07,5.41362292475848e-07,47094.831999999995,1.0,46990.2421875,7.717961007317399e-06,73.99981757386331,2880.0,1.0,,392,,,,,,,,
2.8402489199997945,0.0009503018035156666,0.016617838603754837,0.0,0.0,0.0013325000000000004,4.0,0.01749999999999996,-0.003696315960648159,0.05703609172875682,-0.0036206141812726855,4.909763961317518e-07,4.996722597165141e-07,47119.732,1.0,47007.3893125,7.717961007317399e-06,68.77666263004943,2880.0,1.0,,393,,,,,,,,
2.869441476999782,0.0010050006279390307,0.014941406281044086,0.0,0.0,0.0012850000000000014,4.0,0.015000000000000013,-0.001995380191753308,0.058357769157737494,-0.0019206668560703595,4.5630325355242957e-07,4.60996178712018e-07,47119.732,1.0,47018.4725,7.717961007317399e-06,63.289959122677516,2880.0,1.0,,394,,,,,,,,
2.8666442650001045,0.0006930583441272139,0.007877604172487432,0.0,0.0,0.001237499999999999,4.0,0.012499999999999956,-0.0044542535809644805,0.05885805826013287,-0.004381676476138334,4.0944057862664823e-07,4.3795813790363053e-07,47119.732,1.0,47035.6465,7.717961007317399e-06,61.46862267653353,2880.0,1.0,,395,,,,,,,,
2.783032527000614,0.0009634302364821915,0.01272786466870457,0.0,0.0,0.00119,4.0,0.010000000000000009,0.00031977720209397376,0.05871934862807393,0.0003893413134695341,5.129631723832517e-07,5.209628911965561e-07,47118.868,1.0,47001.785187500005,7.717961007317399e-06,69.98880713614047,2880.0,1.0,,396,,,,,,,,
2.911330155999167,0.0004909295321414339,0.006119791689949731,0.0,0.0,0.0011425000000000012,4.0,0.007499999999999951,-0.0025930544264459363,0.05833865577975909,-0.002526661924396952,4.145009420142287e-07,4.3456638702347544e-07,47119.732,1.0,47016.86581250001,7.717961007317399e-06,62.62358402762526,2880.0,1.0,,397,,,,,,,,
2.8050165230006314,0.0011671545661323297,0.016910807384798925,0.0,0.0,0.0010950000000000022,4.0,0.0050000000000000044,-0.00432281504618004,0.05730651582901677,-0.004260374543567498,5.250759412452529e-07,5.154137324344296e-07,47126.42,1.0,47016.137875,7.717961007317399e-06,64.50620043441154,2880.0,1.0,,398,,,,,,,,
2.781400539999595,0.0022958367847423964,0.024218750128056854,0.0,0.0,0.0010474999999999998,4.0,0.0024999999999999467,-0.0015365797832297783,0.053918042685836554,-0.001480348058976233,3.7580819404562743e-07,4.2015822406445597e-07,47116.048,1.0,47024.2670625,7.717961007317399e-06,52.055920901191776,2880.0,1.0,,399,,,,,,,,
2.7950822849998076,0.0011670054662875629,0.013020833459449932,0.0,0.0,0.0010000000000000009,4.0,0.0,-0.002456633335289856,0.05603067623451352,-0.002400869387201965,4.5430310654145006e-07,4.430842868904013e-07,47122.724,1.0,47014.52250000001,7.717961007317399e-06,67.89908670777577,2880.0,1.0,,400,47178.740000000005,47086.708,47047.22,70000042,46926.50426666666,best_of_k,47086.708,231.70986218903627
