elapsed_seconds,optimization_approximate_kl,optimization_clip_fraction,optimization_count_loss,optimization_early_kl_stop,optimization_entropy_coefficient,optimization_epochs_completed,optimization_learning_rate_fraction,optimization_loss,optimization_normalized_entropy,optimization_policy_loss,optimization_q_loss,optimization_value_loss,rollout_best_objective,rollout_feasible_rate,rollout_mean_objective,rollout_reward_scale,rollout_std_objective,rollout_transitions,rollout_vectorized_rollouts,self_imitation_loss,update,validation_archive_best_objective,validation_best_of_k_objective,validation_deterministic_objective,validation_fixed_validation_seed,validation_mean_stochastic_objective,validation_selection_metric,validation_selection_objective,validation_std_stochastic_objective
4.91612738099866,0.011487711230680967,0.14873046955714622,0.0,0.0,0.0199525,4.0,0.9975,-0.012286232008288303,0.72632846981287,-0.0043551775549227996,0.03698357396691184,0.005725314442922051,32784.016,1.0,21458.7398125,1.98233933883036e-06,4371.479954028865,2880.0,1.0,,1,32784.016,38289.335999999996,0.0,70000042,25501.2136,best_of_k,38289.335999999996,4480.631763540684
4.854492971000582,0.010547370470400589,0.10550130313883226,0.0,0.0,0.019905,4.0,0.995,-0.023432166470835607,0.7658903996149699,-0.00883797499894475,0.0032738322915975004,0.0006469495072754702,35655.348,1.0,25537.369625,1.98233933883036e-06,4578.818574137532,2880.0,1.0,,2,,,,,,,,
4.917846522999753,0.010588307273186123,0.1603678388055414,0.0,0.0,0.0198575,4.0,0.9925,-0.027727040112949908,0.7816911513606707,-0.01229689196528246,0.0003360428991072695,0.00011735987042508593,43495.971999999994,1.0,31231.013375,1.98233933883036e-06,5780.636176387777,2880.0,1.0,,3,,,,,,,,
4.814136462000533,0.011379095551092178,0.19785156287252903,0.0,0.0,0.01981,4.0,0.99,-0.03381240926682949,0.7839617431163788,-0.01831738317074875,0.00011359406865570539,4.7794096493210723e-05,49450.48399999999,1.0,35375.3814375,1.98233933883036e-06,5463.5284452678725,2880.0,1.0,,4,,,,,,,,
4.236718132999158,0.012176792632089928,0.15481770783662796,0.0,1.0,0.0197625,2.0,0.9875,-0.02509602198066811,0.7613647182782491,-0.010080847811574737,9.409382376664628e-05,4.3771762648248114e-05,55477.835999999996,1.0,38463.4920625,1.98233933883036e-06,6280.2480481640405,2880.0,1.0,,5,,,,,,,,
4.815832086998853,0.010557749575430838,0.1470703127949188,0.0,0.0,0.019715,4.0,0.985,-0.026058208391380806,0.7449264700214068,-0.011399653454039557,0.00011256962382807008,3.282693069195375e-05,57012.812,1.0,44345.744125,1.98233933883036e-06,4689.796228390418,2880.0,1.0,,6,,,,,,,,
4.831240044999504,0.007947253334956864,0.1278483079125484,0.0,0.0,0.0196675,4.0,0.9825,-0.019016848469618708,0.7119946454962095,-0.005040363331014912,9.914333804772468e-05,3.351049690536456e-05,58274.672000000006,1.0,49329.137875,1.98233933883036e-06,4276.534244733343,2880.0,1.0,,7,,,,,,,,
4.707058657999369,0.008567140772356652,0.13273112010210752,0.0,0.0,0.019620000000000002,4.0,0.98,-0.020473511947784573,0.6912220070759455,-0.0069323757391733425,6.822670093242778e-05,2.7633732997855986e-05,59125.68,1.0,49188.10775,1.98233933883036e-06,3909.982513337935,2880.0,1.0,,8,,,,,,,,
4.768172768999648,0.007841112737272246,0.13147786531286934,0.0,0.0,0.0195725,4.0,0.9775,-0.02504109457368031,0.668581023812294,-0.011972138793983808,5.47085775603288e-05,2.27510226219844e-05,61337.83199999999,1.0,52829.019,1.98233933883036e-06,3995.4724861909635,2880.0,1.0,,9,,,,,,,,
4.745237773000554,0.006173151379092208,0.09135742206126451,0.0,0.0,0.019525,4.0,0.975,-0.019318525116735447,0.6569638773798943,-0.006509947794256732,4.882817908461826e-05,2.7519528885022737e-05,62029.86400000001,1.0,54114.3373125,1.98233933883036e-06,3296.049774752428,2880.0,1.0,,10,,,,,,,,
4.7139635250005085,0.0076847444458204945,0.10724283917807043,0.0,0.0,0.019477500000000002,4.0,0.9725,-0.018315501045435667,0.6221744741002718,-0.0062079350658071535,3.287209725992094e-05,1.5101012195373187e-05,64582.176,1.0,56961.73725,1.98233933883036e-06,2911.82798952152,2880.0,1.0,,11,,,,,,,,
4.762916841000333,0.0089463743303592,0.1410156258692344,0.0,0.0,0.01943,4.0,0.97,-0.022109751511986058,0.5959935535987219,-0.010540155150617162,2.97968769397509e-05,1.5158860340610166e-05,65391.54400000001,1.0,58948.1111875,1.98233933883036e-06,3198.958420771142,2880.0,1.0,,12,,,,,,,,
4.710130825998931,0.008711738088701773,0.12267252647628386,0.0,0.0,0.0193825,4.0,0.9675,-0.02308035083115101,0.5775550430019697,-0.011893889129472276,2.43879742356512e-05,1.1119669655575612e-05,65687.78400000001,1.0,60023.8321875,1.98233933883036e-06,2680.27391564066,2880.0,1.0,,13,,,,,,,,
4.757232515999931,0.01051180190067195,0.12215169270833333,0.0,0.0,0.019335,4.0,0.965,-0.015736635560945917,0.5309836454689503,-0.005477595414655904,2.5690459475905907e-05,9.920120646711439e-06,68215.752,1.0,62560.84637500001,1.98233933883036e-06,2322.156446551106,2880.0,1.0,,14,,,,,,,,
4.703651731999344,0.00763680056843441,0.0999023444019258,0.0,0.0,0.0192875,4.0,0.9625,-0.012003137730062008,0.5008132830262184,-0.0023492513961779573,1.8809227375034727e-05,7.337416680760119e-06,68179.42,1.0,63932.7013125,1.98233933883036e-06,1876.8541398391963,2880.0,1.0,,15,,,,,,,,
4.7782151520004845,0.00809411325341595,0.09807942683498065,0.0,0.0,0.01924,4.0,0.96,-0.01789303991245106,0.4729810282588005,-0.008798767060701115,1.813072776712943e-05,8.139118923130203e-06,68808.22799999999,1.0,64827.0954375,1.98233933883036e-06,1891.43471291,2880.0,1.0,,16,,,,,,,,
4.717118493999806,0.01028260549234498,0.11663411557674408,0.0,0.0,0.0191925,4.0,0.9575,-0.008705882413778454,0.44970062126715976,-8.83349530340638e-05,7.917340553831309e-05,1.0828813325739853e-05,68385.39199999999,1.0,65306.034562500005,1.98233933883036e-06,1546.1077644912673,2880.0,1.0,,17,,,,,,,,
4.7629182129985566,0.005959106776269134,0.07143554724946928,0.0,0.0,0.019145,4.0,0.955,-0.012600844881186882,0.44021552925308544,-0.004188647726550698,9.825051286801074e-05,1.1808008404538365e-05,68790.444,1.0,65801.6670625,1.98233933883036e-06,1569.7980085690556,2880.0,1.0,,18,,,,,,,,
4.7264290820003225,0.007142812789728244,0.08509114594198763,0.0,0.0,0.0190975,4.0,0.9525,-0.011818188436639806,0.4140256866812706,-0.003915508122493823,1.959530686690414e-05,4.431180267753613e-06,69360.15999999999,1.0,67154.0268125,1.98233933883036e-06,1166.74514496733,2880.0,1.0,,19,,,,,,,,
4.774202485999922,0.005717401105205984,0.0728352867687742,0.0,0.0,0.01905,4.0,0.95,-0.008681556229324391,0.4001300347348054,-0.0010646455533181627,2.845790406051189e-05,5.441055672387544e-06,69665.148,1.0,67364.13712500001,1.98233933883036e-06,1294.7277647941028,2880.0,1.0,,20,69665.148,69118.11600000001,69190.30799999999,70000042,67599.52960000001,best_of_k,69118.11600000001,1120.6408426679684
4.729954878999706,0.0076764331996249284,0.08859049494882736,0.0,0.0,0.019002500000000002,4.0,0.9475,-0.005097373194682102,0.38808059816559154,0.0022741538899329803,1.0819388459519056e-05,3.7856988323407372e-06,69713.476,1.0,67835.15550000001,1.98233933883036e-06,979.6649630402987,2880.0,1.0,,21,,,,,,,,
4.760451276999447,0.006962442684274113,0.08911132843544085,0.0,0.0,0.018955,4.0,0.945,-0.009955398098099977,0.3602338669200738,-0.0031289473796884217,5.935443861441551e-06,2.3772939717522e-06,69767.24799999999,1.0,68322.490875,1.98233933883036e-06,861.8981956862638,2880.0,1.0,,22,,,,,,,,
4.702820619999329,0.00598532761231733,0.0775878910596172,0.0,0.0,0.0189075,4.0,0.9425,-0.010433890332933515,0.34950391948223114,-0.0038273391546681523,5.0844720362874796e-06,2.3708836730899443e-06,69643.664,1.0,68277.8013125,1.98233933883036e-06,988.2957172064063,2880.0,1.0,,23,,,,,,,,
4.771564132999629,0.01045656320790537,0.12812500058983764,0.0,0.0,0.018860000000000002,4.0,0.94,-0.008140623026217023,0.3343784126142661,-0.0018370109488993573,1.2923314775055891e-05,2.9444164889961635e-06,69638.76000000001,1.0,68554.027625,1.98233933883036e-06,888.0761675551037,2880.0,1.0,,24,,,,,,,,
4.709632496000268,0.00544959461653131,0.07433268210540216,0.0,0.0,0.0188125,4.0,0.9375,-0.0008521223401961228,0.31518540158867836,0.0050695730606094,4.9921002414521354e-05,5.476189050076148e-06,69814.77600000001,1.0,68612.5111875,1.98233933883036e-06,837.7063772486691,2880.0,1.0,,25,,,,,,,,
4.877977056999953,0.004375322794222332,0.049918620148673654,0.0,0.0,0.018765,4.0,0.935,-0.008171674950669209,0.30419580762585,-0.002467634156346321,2.5974034078520464e-05,3.1921236569587563e-06,70046.932,1.0,68890.2425625,1.98233933883036e-06,723.7971860394891,2880.0,1.0,,26,,,,,,,,
4.697310043999096,0.003962393720920924,0.047884115017950535,0.0,0.0,0.0187175,4.0,0.9325,-0.0070260831659349305,0.3037269115447998,-0.0013463161885738373,3.46765207837052e-05,3.5464577573899683e-06,69808.056,1.0,68818.2220625,1.98233933883036e-06,712.6464267369871,2880.0,1.0,,27,,,,,,,,
4.730770322999888,0.003957355173289064,0.04863281253104409,0.0,0.0,0.01867,4.0,0.9299999999999999,-0.008574466221034527,0.3067246824502945,-0.00286478102983286,0.00012200191158247738,9.32800725195193e-06,69928.18800000001,1.0,69028.1635625,1.98233933883036e-06,639.0416279038934,2880.0,1.0,,28,,,,,,,,
4.701536960999874,0.007249272321208385,0.08344726559395592,0.0,0.0,0.0186225,4.0,0.9275,-0.0038043142606814704,0.29315661763151485,0.0016507565160281956,2.7693696438291227e-05,2.9376431598393538e-06,69853.52399999999,1.0,69008.278625,1.98233933883036e-06,518.5020654477762,2880.0,1.0,,29,,,,,,,,
4.717849265998666,0.004389623147763662,0.057145182635091864,0.0,0.0,0.018575,4.0,0.925,-0.005661198229063302,0.28434468309084576,-0.0004138416613083488,0.0002529917151719019,1.8093778801168508e-05,70235.088,1.0,69113.88325000001,1.98233933883036e-06,780.5051369753668,2880.0,1.0,,30,,,,,,,,
4.730944697999803,0.005585044583862479,0.0632975260571887,0.0,0.0,0.018527500000000002,4.0,0.9225,-0.006646965766170372,0.28514012197653454,-0.0014123923222844799,0.00035732583633792575,2.5255357471110074e-05,69997.128,1.0,69232.8943125,1.98233933883036e-06,423.1968454110951,2880.0,1.0,,31,,,,,,,,
4.765358107000793,0.004301193186137198,0.05555013035579274,0.0,0.0,0.01848,4.0,0.92,-0.0069843366121252375,0.2720605464031299,-0.002056347827116648,0.0007433193680223363,5.071477139514021e-05,70202.53600000001,1.0,69180.7345625,1.98233933883036e-06,506.2758956830583,2880.0,1.0,,32,,,,,,,,
4.6990956049994566,0.00615161532429435,0.0682454426617672,0.0,0.0,0.0184325,4.0,0.9175,0.00011450110469013453,0.2778896043697993,0.005111163676095505,0.0009455135354414779,6.197158844164126e-05,69996.98800000001,1.0,69177.945625,1.98233933883036e-06,538.6064147495475,2880.0,1.0,,33,,,,,,,,
3.8068460960002994,0.025216779345593448,0.18404947966337204,0.0,1.0,0.018385,1.0,0.915,0.01251690307011207,0.2994256466627121,0.01800914170841376,7.685328955631121e-05,1.00330553702103e-05,70105.908,1.0,69310.7041875,1.98233933883036e-06,437.17301213674483,2880.0,1.0,,34,,,,,,,,
4.708412710999255,0.007343067748877274,0.08818359409148495,0.0,0.0,0.0183375,4.0,0.9125,-0.004923548530011128,0.2757771735390027,0.0001294199222077926,1.80301757950474e-05,4.584519279167883e-06,70247.848,1.0,69358.178625,1.98233933883036e-06,512.6192843296163,2880.0,1.0,,35,,,,,,,,
4.748671813998953,0.009157099680692227,0.08888346437985699,0.0,0.0,0.01829,4.0,0.91,-0.005444501148303971,0.28117122190694016,-0.00030527825583703816,1.5726787448026396e-05,3.6523203685116337e-06,70080.31999999999,1.0,69346.8041875,1.98233933883036e-06,517.760490453081,2880.0,1.0,,36,,,,,,,,
4.700561265999568,0.010161539425051084,0.10937500031044085,0.0,0.0,0.018242500000000002,4.0,0.9075,-0.005798593687359244,0.27348856752117473,-0.0008294795795033375,0.0001514571425976404,9.712215477482763e-06,70097.36,1.0,69348.9980625,1.98233933883036e-06,516.6622219075991,2880.0,1.0,,37,,,,,,,,
4.726822897999227,0.015985437271893943,0.14650065172463655,0.0,1.0,0.018195,4.0,0.905,-0.004558919424501558,0.24946142236391702,-0.0010855821698593597,0.008310148105617069,0.0004691967478720471,70198.78000000001,1.0,69620.26612500001,1.98233933883036e-06,423.8618736469284,2880.0,1.0,,38,,,,,,,,
4.723627019999185,0.006867612139160428,0.0687011720923086,0.0,0.0,0.0181475,4.0,0.9025,0.0029009200516156852,0.2564518687625726,0.0016274125858520467,0.0484442655579187,0.002166083020104755,70210.288,1.0,69594.88875,1.98233933883036e-06,432.02385183452236,2880.0,1.0,,39,,,,,,,,
4.735009124999124,0.009220186476378936,0.08017578131208818,0.0,0.0,0.0181,4.0,0.9,-0.005730607488658279,0.26895084666709107,-0.0013855599487821262,0.004488294300244888,0.00014826609606188867,70210.892,1.0,69626.454125,1.98233933883036e-06,410.4532045233489,2880.0,1.0,,40,70247.848,70079.14,70154.624,70000042,69367.02973333333,best_of_k,70079.14,542.4829485577673
4.39514914099891,0.014081886628964134,0.10531684052613047,0.0,1.0,0.0180525,3.0,0.8975,0.003744405461475253,0.277694476975335,0.00855838062448634,0.0016593269845341435,6.634408055106178e-05,70193.42000000001,1.0,69401.766875,1.98233933883036e-06,608.234164961764,2880.0,1.0,,41,,,,,,,,
4.700554325001576,0.007322218830135323,0.08255208376795053,0.0,0.0,0.018005,4.0,0.895,-0.006580876962592204,0.27184427964190644,-0.001739917934173718,0.000351806209134035,3.68335755448849e-05,70211.668,1.0,69422.1386875,1.98233933883036e-06,440.4930756805703,2880.0,1.0,,42,,,,,,,,
4.666978993000157,0.007600731051136715,0.07514648496483763,0.0,0.0,0.0179575,4.0,0.8925,-0.0025181189897314957,0.27455950031677884,0.0023501473867023983,7.540196808501302e-05,0.00010919119609790566,70190.656,1.0,69519.86825,1.98233933883036e-06,476.9630196146633,2880.0,1.0,,43,,,,,,,,
4.677671113000542,0.01023155752421682,0.10734049541254838,0.0,0.0,0.017910000000000002,4.0,0.89,-0.0024200954164067903,0.2718868839244048,0.002414965371523673,6.637590145904444e-05,5.559307467706276e-05,70111.43200000002,1.0,69570.5905625,1.98233933883036e-06,558.5945925384372,2880.0,1.0,,44,,,,,,,,
4.4092386909997,0.010435141194774487,0.07970920174072187,0.0,1.0,0.0178625,3.0,0.8875,-0.003318527584067649,0.2694656310809983,0.0014865587775905926,1.8723207075608014e-05,1.2743359232242963e-05,70192.572,1.0,69573.31450000001,1.98233933883036e-06,497.80586862274964,2880.0,1.0,,45,,,,,,,,
4.689407494999614,0.0073826663009176246,0.07906901060293119,0.0,0.0,0.017815,4.0,0.885,-0.008084573685967674,0.2638144592444102,-0.003388781779600928,1.5463406157323334e-05,5.032175536712202e-06,70240.864,1.0,69607.646125,1.98233933883036e-06,553.7771047768084,2880.0,1.0,,46,,,,,,,,
4.789524645999336,0.003987365769016075,0.04264322939949731,0.0,0.0,0.017767500000000002,4.0,0.8825000000000001,-0.006647192834255596,0.2633578951160113,-0.0019705077089990177,1.1741978407068624e-05,2.703933229023884e-06,70364.27600000001,1.0,69653.4726875,1.98233933883036e-06,502.78982710450384,2880.0,1.0,,47,,,,,,,,
3.7212882959993294,0.024233818435466976,0.10332031237582366,0.0,1.0,0.01772,1.0,0.88,0.0014503647883733113,0.2795894891023636,0.006402609559396903,1.1931554581678938e-05,1.776986058151427e-06,70218.584,1.0,69470.505125,1.98233933883036e-06,443.3374981075194,2880.0,1.0,,48,,,,,,,,
3.7412086590011313,0.020638448998435404,0.14095052083333334,0.0,1.0,0.0176725,1.0,0.8775,0.00406939039627711,0.24391906708478928,0.008377832360565662,1.1194815215276321e-05,2.1997398486443367e-06,70268.20800000001,1.0,69709.29712500001,1.98233933883036e-06,373.4126483031015,2880.0,1.0,,49,,,,,,,,
4.704536193999957,0.01218127166887939,0.1072102867377301,0.0,0.0,0.017625000000000002,4.0,0.875,-0.0006710287901417663,0.2439201002319654,0.0036258476320654154,9.979821110543222e-06,2.4338592273428126e-06,70231.216,1.0,69749.152375,1.98233933883036e-06,606.0481042700817,2880.0,1.0,,50,,,,,,,,
4.678311270999984,0.011822976022585863,0.09427083369034032,0.0,0.0,0.0175775,4.0,0.8725,-0.005472462701921661,0.23166148054103056,-0.0014028696071666975,8.77968750501168e-06,3.116799367338293e-06,70222.63200000001,1.0,69762.7418125,1.98233933883036e-06,318.27662656322394,2880.0,1.0,,51,,,,,,,,
4.700598371999149,0.008039572451115381,0.09436848992481828,0.0,0.0,0.01753,4.0,0.87,-0.0016506419730527948,0.224318395058314,0.002278026232185463,9.706357180524114e-06,5.324134453606651e-06,70380.94399999999,1.0,69778.28649999999,1.98233933883036e-06,510.22354039406105,2880.0,1.0,,52,,,,,,,,
4.706630226000925,0.007678496404613118,0.07278645837989946,0.0,0.0,0.0174825,4.0,0.8674999999999999,-0.003968669082193325,0.2304324135184288,5.80569418768088e-05,8.632463694387601e-06,1.890595328291056e-06,70226.808,1.0,69769.10925000001,1.98233933883036e-06,346.4705106692895,2880.0,1.0,,53,,,,,,,,
4.760312623000573,0.00929325539244985,0.07281901058740914,0.0,0.0,0.017435,4.0,0.865,-0.004086294550991927,0.2167179280271133,-0.00030919210985302925,8.191258435393442e-06,1.1116671885247342e-06,70242.312,1.0,69733.663875,1.98233933883036e-06,286.9660723848462,2880.0,1.0,,54,,,,,,,,
4.727351550998719,0.007715400075468892,0.08134765674670537,0.0,0.0,0.0173875,4.0,0.8625,-0.003545358282281086,0.21802106561760107,0.00024394725915044546,8.25160827844229e-06,1.4194039247665084e-06,70463.696,1.0,69821.50099999999,1.98233933883036e-06,423.14241939978047,2880.0,1.0,,55,,,,,,,,
4.768430643998727,0.01031909736964091,0.07135416714784999,0.0,0.0,0.01734,4.0,0.86,-0.0034168680334308497,0.20511293970048428,0.00013848719148275754,6.887834066067929e-06,1.2300641098287695e-06,70454.392,1.0,69772.0675,1.98233933883036e-06,565.7916435020499,2880.0,1.0,,56,,,,,,,,
4.717474671000673,0.008605330901431785,0.08554687513969839,0.0,0.0,0.017292500000000002,4.0,0.8575,-0.005693121541601916,0.20132622681558132,-0.002212874145091822,6.226522600627504e-06,1.1257424030001555e-06,70314.60800000001,1.0,69822.3869375,1.98233933883036e-06,598.0160037692302,2880.0,1.0,,57,,,,,,,,
4.4269135810009175,0.010806488325929169,0.0896484377897448,0.0,1.0,0.017245,3.0,0.855,-0.0001956668242605196,0.207447103328175,0.0033802719165881476,7.211877674409253e-06,1.531645510668669e-06,70370.656,1.0,69693.28593750001,1.98233933883036e-06,541.9890202135067,2880.0,1.0,,58,,,,,,,,
4.673313990000679,0.009059987532168634,0.06202799500897527,0.0,0.0,0.0171975,4.0,0.8525,-0.002191255926542605,0.18223420344293118,0.0009417139226570725,5.451897133449772e-06,9.154782460996103e-07,70411.272,1.0,70005.13818750001,1.98233933883036e-06,335.2468357232706,2880.0,1.0,,59,,,,,,,,
4.860867597999459,0.009571927832098481,0.07587890652939677,0.0,1.0,0.017150000000000002,4.0,0.85,-0.0028061055345460773,0.1799535509198904,0.0002792353431383769,4.9082097461905505e-06,7.4450520770597e-07,70487.32800000001,1.0,70094.7775,1.98233933883036e-06,186.70688666530273,2880.0,1.0,,60,70487.32800000001,70499.644,70217.856,70000042,69972.71240000002,best_of_k,70499.644,519.0375041599973
4.751558473000841,0.015900287029566584,0.1016601564673086,0.0,1.0,0.0171025,4.0,0.8475,0.0009029844174316773,0.18833279175062975,0.0041230822292466955,4.561758278972168e-06,8.174925530587037e-07,70482.448,1.0,70055.76906250001,1.98233933883036e-06,219.23541569422832,2880.0,1.0,,61,,,,,,,,
4.731139906998578,0.008097734743211996,0.07058919322056074,0.0,0.0,0.017055,4.0,0.845,-0.0015181752872498084,0.17952763475477695,0.0015428777066214632,4.452559968134058e-06,6.902547274497314e-07,70467.016,1.0,70060.3315625,1.98233933883036e-06,203.26475107617313,2880.0,1.0,,62,,,,,,,,
4.679438142999061,0.004664514754499767,0.05613606789847836,0.0,0.0,0.017007500000000002,4.0,0.8425,0.0009790293406695127,0.17811874859035015,0.004007554186197619,4.639998924934237e-06,7.313193866783271e-07,70516.396,1.0,70079.912875,1.98233933883036e-06,194.2657054532122,2880.0,1.0,,63,,,,,,,,
4.709419229999185,0.007060936025273652,0.0647786462213844,0.0,0.0,0.01696,4.0,0.84,-0.0033280725959533206,0.1832565957059463,-0.00022076462240268788,3.8647742239087774e-06,6.759987959033727e-07,70561.352,1.0,70150.682875,1.98233933883036e-06,172.25973769785608,2880.0,1.0,,64,,,,,,,,
4.670983156000148,0.014743985953330707,0.0795410160596172,0.0,1.0,0.0169125,4.0,0.8375,0.0035306204129786543,0.1772507360825936,0.006527496889854471,4.156625948326109e-06,9.215401869748044e-07,70419.368,1.0,69971.23018750001,1.98233933883036e-06,365.22032516546074,2880.0,1.0,,65,,,,,,,,
4.120782426000005,0.011457115781714341,0.05725911476959785,0.0,1.0,0.016865,2.0,0.835,0.006212216355682661,0.17970890924334526,0.009241840181251368,4.92151972745584e-06,1.3485017120729026e-06,70476.592,1.0,69865.191625,1.98233933883036e-06,513.4320687718671,2880.0,1.0,,66,,,,,,,,
4.665705375999096,0.0055133221816277,0.06328125003104408,0.0,0.0,0.0168175,4.0,0.8325,-0.00209393203840591,0.1780601249386867,0.0008996818408680459,4.072062874153441e-06,1.009795954113694e-06,70446.99200000001,1.0,69986.576625,1.98233933883036e-06,233.62034987797853,2880.0,1.0,,67,,,,,,,,
4.729182948000016,0.006179719949424604,0.06892903661355376,0.0,0.0,0.01677,4.0,0.83,-0.004197511142895867,0.17574406849841276,-0.0012511486808458965,4.065871375284284e-06,9.180015254628415e-07,70316.832,1.0,69879.1681875,1.98233933883036e-06,513.0961500510554,2880.0,1.0,,68,,,,,,,,
4.720990306001113,0.006499641659170645,0.07451171893626451,0.0,0.0,0.0167225,4.0,0.8275,-0.0028889387128098556,0.17216255888342857,-1.0655901860445738e-05,3.512212259693115e-06,7.089768582583625e-07,70386.148,1.0,70013.240375,1.98233933883036e-06,186.70429768850912,2880.0,1.0,,69,,,,,,,,
4.699448180999752,0.016951391191064147,0.06181640651387473,0.0,1.0,0.016675000000000002,4.0,0.825,-0.0033687237882986665,0.15968220122158527,-0.0007070316351018846,4.2555198357755826e-06,1.164623635456034e-06,70391.50400000002,1.0,69776.8729375,1.98233933883036e-06,630.2688112130184,2880.0,1.0,,70,,,,,,,,
4.683347116999357,0.005959909047163592,0.057682291915019356,0.0,0.0,0.0166275,4.0,0.8225,-0.0029366804325642684,0.15457148229082426,-0.000367633377512296,3.729968947633703e-06,1.4349103215257248e-06,70586.44,1.0,70098.520625,1.98233933883036e-06,186.8105057153087,2880.0,1.0,,71,,,,,,,,
4.715239872000893,0.005461249607568182,0.05312500009313226,0.0,0.0,0.01658,4.0,0.8200000000000001,-0.0011342428430604439,0.15736210408310095,0.001473958371207118,3.2112610218367386e-06,1.0829081347196734e-06,70455.53199999999,1.0,70122.38524999999,1.98233933883036e-06,287.49922581884925,2880.0,1.0,,72,,,,,,,,
4.660815246999846,0.008379562141776375,0.06712239577124517,0.0,0.0,0.016532500000000002,4.0,0.8175,0.0007746827225976934,0.16810612318416437,0.003553153520139555,3.152267993300484e-06,8.546207392138664e-07,70605.288,1.0,70085.24106249999,1.98233933883036e-06,274.11093389195867,2880.0,1.0,,73,,,,,,,,
4.656930462000673,0.006224689294642853,0.06671549488479893,0.0,0.0,0.016485,4.0,0.815,-0.005289576840975012,0.16292799326280752,-0.0026043167454190552,2.707536244391425e-06,6.752714109362993e-07,70578.77200000001,1.0,70088.38524999999,1.98233933883036e-06,204.60211460280033,2880.0,1.0,,74,,,,,,,,
4.734710382999765,0.007628807942829496,0.06739908860375483,0.0,0.0,0.0164375,4.0,0.8125,-0.006012953924558436,0.16502655297517776,-0.003300948010291904,2.577348008495998e-06,7.21159904533882e-07,70551.204,1.0,70116.26075,1.98233933883036e-06,242.8849674505136,2880.0,1.0,,75,,,,,,,,
4.682285626000521,0.010404691191787663,0.09716796937088172,0.0,0.0,0.016390000000000002,4.0,0.81,0.0007117928471416235,0.1717059463262558,0.0035254166480929903,2.4215761508609526e-06,7.867113988406041e-07,70422.956,1.0,70016.58656249999,1.98233933883036e-06,441.3305710521123,2880.0,1.0,,76,,,,,,,,
4.742200057999071,0.00991472448529862,0.08971354179084301,0.0,0.0,0.0163425,4.0,0.8075,-0.00026224816489654285,0.17591332520047823,0.002611940672068158,2.619548970036097e-06,8.248481483027111e-07,70618.31999999999,1.0,69994.4171875,1.98233933883036e-06,352.6816409892065,2880.0,1.0,,77,,,,,,,,
4.703267983999467,0.005179054362886386,0.06448567751795053,0.0,0.0,0.016295,4.0,0.8049999999999999,-0.005423850840694892,0.17618219989041486,-0.0025534999585943297,2.416637281991522e-06,5.919325000528867e-07,70530.92,1.0,70106.3015625,1.98233933883036e-06,196.3791309732511,2880.0,1.0,,78,,,,,,,,
4.742267518000517,0.005211737520959048,0.047998047123352684,0.0,0.0,0.0162475,4.0,0.8025,-0.0027223236684221774,0.17521725160380205,0.0001240014680661261,2.3024762091002535e-06,5.741631241562573e-07,70358.46,1.0,70069.4068125,1.98233933883036e-06,145.30236931254834,2880.0,1.0,,79,,,,,,,,
4.685650364001049,0.008644455296301127,0.08159179706126451,0.0,0.0,0.0162,4.0,0.8,-0.0005560416223791739,0.17796223176022372,0.0023262655013240874,2.4981801232115686e-06,8.631420721864439e-07,70624.3,1.0,70077.347875,1.98233933883036e-06,400.8436859637236,2880.0,1.0,,80,70624.3,70621.26800000001,70346.636,70000042,70060.7836,best_of_k,70621.26800000001,332.5111228396833
4.6839382109992584,0.00781977984401531,0.07968750006208818,0.0,0.0,0.0161525,4.0,0.7975,-0.0017945565584038075,0.17517208183805147,0.0010344127464729052,2.182865846596845e-06,5.583199727728546e-07,70405.312,1.0,70171.94981250001,1.98233933883036e-06,145.24718104481275,2880.0,1.0,,81,,,,,,,,
4.705973432999599,0.006146249396754418,0.057796224020421505,0.0,0.0,0.016105,4.0,0.795,0.0017406899084259446,0.1760689535488685,0.004575727973133326,2.503764638580227e-06,6.039492888021414e-07,70501.776,1.0,70201.36600000001,1.98233933883036e-06,160.93663873245276,2880.0,1.0,,82,,,,,,,,
4.765222269001242,0.008857797801709921,0.09225260404249032,0.0,0.0,0.016057500000000002,4.0,0.7925,0.0003018614661414176,0.17043746324876943,0.003038115294960638,2.3649647668359344e-06,6.189284960100849e-07,70521.12800000001,1.0,70207.78081250002,1.98233933883036e-06,236.71152827669758,2880.0,1.0,,83,,,,,,,,
4.7228059400003986,0.0069482787970092845,0.07045898431291182,0.0,0.0,0.01601,4.0,0.79,0.001962425468567138,0.17230727958182493,0.004720556394507487,2.1762222246479723e-06,5.814409978673515e-07,70457.932,1.0,70169.822625,1.98233933883036e-06,177.03955855008658,2880.0,1.0,,84,,,,,,,,
4.730178748999606,0.005134054082965633,0.054280599346384406,0.0,0.0,0.0159625,4.0,0.7875,-0.0007725265362144759,0.17350899676481882,0.001996609838291382,2.060461705847653e-06,5.902711090281324e-07,70522.80800000002,1.0,70162.3285,1.98233933883036e-06,207.3379033974484,2880.0,1.0,,85,,,,,,,,
4.075849852999454,0.01299534258516625,0.09417317683498065,0.0,1.0,0.015915,2.0,0.785,0.008016679746409258,0.16723077868421873,0.010677657245347897,2.053044984980564e-06,5.909986479461319e-07,70542.672,1.0,70171.56743750001,1.98233933883036e-06,257.5120367098084,2880.0,1.0,,86,,,,,,,,
4.420557962001112,0.018776251524406637,0.08999566030171183,0.0,1.0,0.0158675,3.0,0.7825,-0.0039173028328352505,0.15666443606217703,-0.001432051131915715,2.4416844565975125e-06,7.54011153958345e-07,70542.84,1.0,70139.5886875,1.98233933883036e-06,323.28394869800917,2880.0,1.0,,87,,,,,,,,
4.080117848001464,0.018030197140603832,0.12320963572710752,0.0,1.0,0.01582,2.0,0.78,0.008385331292326251,0.16018281628688177,0.01091888826340437,2.4679533604891426e-06,5.767697928149573e-07,70542.98000000001,1.0,70266.0170625,1.98233933883036e-06,114.92435175201545,2880.0,1.0,,88,,,,,,,,
4.793892600999243,0.014795798857119754,0.08507487007106344,0.0,0.0,0.015772500000000002,4.0,0.7775,-0.0047399606749725836,0.15963230592509112,-0.0022228685362885394,2.493081969608587e-06,9.187071512428702e-07,70554.944,1.0,70125.518375,1.98233933883036e-06,477.69558961682,2880.0,1.0,,89,,,,,,,,
4.711363985999924,0.006443274409126805,0.06525065129001935,0.0,0.0,0.015725,4.0,0.775,-0.0002866825913467134,0.15391690097749233,0.002132988316589035,2.216468378909061e-06,9.015703810177911e-07,70503.916,1.0,70157.687,1.98233933883036e-06,406.2227012268027,2880.0,1.0,,90,,,,,,,,
4.061259992999112,0.011994063980518868,0.10179036483168602,0.0,1.0,0.0156775,2.0,0.7725,-0.0014779891353100538,0.1446009005109469,0.0007883462434013685,2.1109389270653387e-06,8.679291454427585e-07,70446.59999999999,1.0,70172.5053125,1.98233933883036e-06,321.38901758931826,2880.0,1.0,,91,,,,,,,,
4.703209703000539,0.013928565332475292,0.10003255245586236,0.0,0.0,0.01563,4.0,0.77,0.0021695912388774254,0.13604902227719626,0.004295508610084653,1.904380728963891e-06,6.759032184315098e-07,70522.43200000002,1.0,70159.71424999999,1.98233933883036e-06,174.6073131241573,2880.0,1.0,,92,,,,,,,,
3.884396942001331,0.030581024612776748,0.13483072941501936,0.0,1.0,0.015582499999999999,1.0,0.7675,0.0119255220827957,0.12619501476486525,0.013891226456811031,2.2716393459631945e-06,1.0047581895378244e-06,70456.032,1.0,70055.75050000001,1.98233933883036e-06,354.9284066854189,2880.0,1.0,,93,,,,,,,,
3.7767690809996566,0.041088055661826196,0.16451822966337204,0.0,1.0,0.015535,1.0,0.765,0.012976636954893669,0.14778678864240646,0.015271928471823534,1.8297568734245335e-06,7.868156804609802e-07,70389.588,1.0,70115.2203125,1.98233933883036e-06,192.64256849837764,2880.0,1.0,,94,,,,,,,,
4.673456394999448,0.005818570773314491,0.05834960953022043,0.0,0.0,0.015487500000000001,4.0,0.7625,0.001002679142402485,0.13895032337556282,0.003154048870783299,1.918652818252061e-06,8.633263490764875e-07,70448.764,1.0,70151.00662500001,1.98233933883036e-06,193.68748274761973,2880.0,1.0,,95,,,,,,,,
4.45658474299853,0.012112781642050171,0.08613281324505806,0.0,1.0,0.01544,3.0,0.76,-0.0009690228358118071,0.14646849201785195,0.0012919592554681003,1.6763291594341151e-06,6.476289734615016e-07,70567.84,1.0,70202.51000000001,1.98233933883036e-06,148.35008308052875,2880.0,1.0,,96,,,,,,,,
4.667906089000098,0.017593992605969316,0.10317382860618333,0.0,1.0,0.0153925,4.0,0.7575000000000001,0.005357803010459368,0.14223647055526575,0.007546695026879509,1.7966106895528355e-06,6.060153303621973e-07,70517.18400000001,1.0,70260.23768749999,1.98233933883036e-06,205.53326477580927,2880.0,1.0,,97,,,,,,,,
4.709583460999056,0.007035612389619435,0.07376302103511989,0.0,0.0,0.015345000000000001,4.0,0.755,-0.003942185741228362,0.14961279121538004,-0.0016468640727301438,1.9322377463974285e-06,5.862216146586737e-07,70557.13200000001,1.0,70303.1733125,1.98233933883036e-06,197.67702792440878,2880.0,1.0,,98,,,,,,,,
4.65772164199916,0.007462242219238154,0.07013346379001935,0.0,0.0,0.0152975,4.0,0.7525,-0.0002653744983642052,0.15314050080875555,0.0020768236136063933,1.8526005855316423e-06,5.657053444944419e-07,70543.648,1.0,70262.084875,1.98233933883036e-06,147.6536562677485,2880.0,1.0,,99,,,,,,,,
4.650094220000028,0.0069977850337915965,0.06704101571813226,0.0,0.0,0.01525,4.0,0.75,-0.0012154938691916566,0.14824543024102846,0.0010447358848371853,1.7683007958642822e-06,6.726171998631495e-07,70608.02,1.0,70269.99206250001,1.98233933883036e-06,244.78077108454886,2880.0,1.0,,100,70624.3,70480.308,70437.67599999999,70000042,70210.70093333333,best_of_k,70480.308,363.76787449974563
4.735610035000718,0.010354606308638381,0.09451497470339139,0.0,0.0,0.0152025,4.0,0.7475,0.000606277603462028,0.15134277443091074,0.002906142675783485,2.364196281708549e-06,1.374141632481951e-06,70612.944,1.0,70203.514875,1.98233933883036e-06,513.4174605160355,2880.0,1.0,,101,,,,,,,,
4.705863977000263,0.010548548603748506,0.08945312506208818,0.0,0.0,0.015155,4.0,0.745,-0.00014366184283668795,0.14830619717637697,0.0021026377798989415,2.4757212789457603e-06,2.0659792549319414e-06,70591.83600000001,1.0,70247.53168750001,1.98233933883036e-06,313.1843490472537,2880.0,1.0,,102,,,,,,,,
4.710602178000045,0.012308805750772459,0.08458658897628386,0.0,0.0,0.0151075,4.0,0.7424999999999999,0.002442903739089767,0.13976488510767618,0.0045525427752484875,2.5353701715857824e-06,3.2100288815210356e-06,70571.064,1.0,70289.43068749999,1.98233933883036e-06,190.70415237620614,2880.0,1.0,,103,,,,,,,,
4.051580893999926,0.01778831683569848,0.11842447922875483,0.0,1.0,0.01506,2.0,0.74,0.005486683823013057,0.12822062460084757,0.007416973821818829,1.7357561337879208e-06,1.0783703127496362e-06,70585.0,1.0,70316.38500000001,1.98233933883036e-06,120.85179348689783,2880.0,1.0,,104,,,,,,,,
4.66931122799906,0.009970046473947983,0.08767903689295053,0.0,0.0,0.015012500000000002,4.0,0.7375,-0.0022039887650559344,0.12188493584593137,-0.0003746956742058198,1.5086330857153978e-06,7.06512868949479e-07,70456.664,1.0,70260.6745625,1.98233933883036e-06,121.19429478603111,2880.0,1.0,,105,,,,,,,,
3.7093347659993015,0.02374887602735498,0.13333333283662796,0.0,1.0,0.014965,1.0,0.735,0.011943442824607095,0.11329808582862218,0.013638326587776342,1.7096518452793437e-06,9.009354755562526e-07,70583.888,1.0,70186.011875,1.98233933883036e-06,379.24044344977835,2880.0,1.0,,106,,,,,,,,
4.726644733000285,0.017898926994102265,0.10276692764212687,0.0,1.0,0.0149175,4.0,0.7324999999999999,0.0024623374823325626,0.12543835832426944,0.004332872107625008,1.6327830962836742e-06,1.0590346827636192e-06,70514.54000000001,1.0,70198.68475,1.98233933883036e-06,261.3939581435229,2880.0,1.0,,107,,,,,,,,
4.670955646999573,0.012911863872209514,0.09542643278837204,0.0,0.0,0.014870000000000001,4.0,0.73,-0.0011000628437614068,0.12317331849286954,0.0007291724905371666,2.3703864258095564e-06,4.229588372576624e-06,70566.116,1.0,70236.362125,1.98233933883036e-06,126.66569040977281,2880.0,1.0,,108,,,,,,,,
4.427179304000674,0.013076374575518912,0.08667534734639856,0.0,1.0,0.014822499999999999,3.0,0.7275,-0.0014727591834444967,0.11814232998424107,0.00027128195183144673,5.081304708356684e-06,1.3230812164187631e-05,70618.92400000001,1.0,70292.43425,1.98233933883036e-06,238.1137052627131,2880.0,1.0,,109,,,,,,,,
4.394016152999029,0.013489818976564847,0.09600694456862079,0.0,1.0,0.014775,3.0,0.725,-0.003035567519772384,0.11058493744995859,-0.0014072930336826378,3.9387400205568056e-06,1.0445808492755128e-05,70535.592,1.0,70272.8169375,1.98233933883036e-06,116.8162296445633,2880.0,1.0,,110,,,,,,,,
4.75315116999991,0.012019787870645615,0.07968750037252903,0.0,0.0,0.014727500000000001,4.0,0.7224999999999999,-0.0012633722702351708,0.11321185622364283,0.00040160589075336855,2.7760356857697843e-06,4.144401105558397e-06,70430.18400000001,1.0,69974.8030625,1.98233933883036e-06,309.43047664519185,2880.0,1.0,,111,,,,,,,,
4.672167075999823,0.007048998021331225,0.0736816410596172,0.0,0.0,0.01468,4.0,0.72,0.0002758800013301273,0.12558470200747252,0.002118467780140539,1.6262332233433578e-06,1.6666459146108537e-06,70546.208,1.0,70205.97093750001,1.98233933883036e-06,153.94627607422234,2880.0,1.0,,112,,,,,,,,
4.729905049000081,0.007274729293134404,0.06961263033250968,0.0,0.0,0.014632500000000001,4.0,0.7175,0.000255693870713003,0.12157636694610119,0.002034172066487372,1.3583261306848726e-06,7.038464175934678e-07,70492.344,1.0,70226.4199375,1.98233933883036e-06,159.91369097812176,2880.0,1.0,,113,,,,,,,,
4.702087134000976,0.00637200952304795,0.06264648454574247,0.0,0.0,0.014585,4.0,0.7150000000000001,0.0005864963216784721,0.11199714026103418,0.0022194581106305122,1.3046524524421936e-06,7.729918417946161e-07,70532.90400000001,1.0,70238.20425000001,1.98233933883036e-06,136.31951956501854,2880.0,1.0,,114,,,,,,,,
4.710533338999085,0.007775871968932553,0.0700683599182715,0.0,0.0,0.014537500000000002,4.0,0.7125,-0.000625745034388577,0.11361833475530148,0.0010255006842877872,1.2772669606420095e-06,7.07248155151774e-07,70482.132,1.0,70198.6854375,1.98233933883036e-06,137.45926967172232,2880.0,1.0,,115,,,,,,,,
4.704160675000821,0.00645074700659265,0.062304687686264515,0.0,0.0,0.014490000000000001,4.0,0.71,0.0005871981362967441,0.1178107988089323,0.0022936815318341055,2.1154812183491836e-06,7.659324552378166e-07,70448.916,1.0,70228.10612499999,1.98233933883036e-06,130.21987009087314,2880.0,1.0,,116,,,,,,,,
4.677674051999929,0.008212726590654048,0.06935221360375483,0.0,0.0,0.0144425,4.0,0.7075,0.0013870354935837288,0.12013699611028035,0.003121324193974336,4.563454865547101e-06,6.674221732320499e-07,70526.1,1.0,70202.59506250001,1.98233933883036e-06,149.24397544916494,2880.0,1.0,,117,,,,,,,,
4.718378485000358,0.009216522417442974,0.0712239583178113,0.0,0.0,0.014395000000000002,4.0,0.7050000000000001,0.00023266101682869098,0.12385788187384605,0.0020151161879766732,1.789837843565086e-06,5.99494545857245e-07,70507.232,1.0,70232.828375,1.98233933883036e-06,124.36526182121565,2880.0,1.0,,118,,,,,,,,
4.6785578479994,0.01022231752456193,0.08421224014212687,0.0,0.0,0.014347500000000001,4.0,0.7025,0.002795176988001913,0.1207312357922395,0.004526546011523654,2.327475210487743e-06,1.1796429385905565e-06,70581.47600000001,1.0,70312.019875,1.98233933883036e-06,123.54592637147009,2880.0,1.0,,119,,,,,,,,
4.069918921000863,0.017621035769896782,0.08831380245586236,0.0,1.0,0.0143,2.0,0.7,0.0058584945897261305,0.10584281260768573,0.00737053466339906,1.8952530353999464e-06,2.647087901171593e-06,70587.8,1.0,70278.0240625,1.98233933883036e-06,137.82285007844686,2880.0,1.0,,120,70624.3,70454.16,70292.168,70000042,70031.01746666667,best_of_k,70454.16,309.8801499444302
4.419032813999365,0.01575612788298031,0.08300781260348028,0.0,1.0,0.014252500000000001,3.0,0.6975,0.003934803392945064,0.10453848044077556,0.005423821974545717,1.4907760967414813e-06,1.533949601808773e-06,70424.556,1.0,70167.85625000001,1.98233933883036e-06,133.5826394088596,2880.0,1.0,,121,,,,,,,,
4.687707905999559,0.009495642139417745,0.07817382831126451,0.0,0.0,0.014205,4.0,0.6950000000000001,0.0019257338523554306,0.1150521741559108,0.0035562788446744284,3.0601350478794607e-06,6.9300407380031475e-06,70447.436,1.0,70245.76856249999,1.98233933883036e-06,118.35258774286866,2880.0,1.0,,122,,,,,,,,
4.738674931999412,0.00755247296026577,0.08037109424670537,0.0,0.0,0.0141575,4.0,0.6925,-0.00043384214707960683,0.11323256604373455,0.0011645919876173139,3.7790468923049048e-06,8.556037784046566e-06,70548.364,1.0,70191.0996875,1.98233933883036e-06,286.3832026553806,2880.0,1.0,,123,,,,,,,,
4.945421102000182,0.006151854691644587,0.0593750006519258,0.0,0.0,0.014110000000000001,4.0,0.69,7.68846560580035e-05,0.12386938060323398,0.0018129768044066925,7.968582418508655e-06,2.1816433653990924e-05,70519.856,1.0,70253.2966875,1.98233933883036e-06,142.8298956216015,2880.0,1.0,,124,,,,,,,,
4.6805684930004645,0.006198906167869704,0.05942382818708817,0.0,0.0,0.0140625,4.0,0.6875,-0.0004246773896738887,0.13666324317455292,0.0014921301044523716,4.2175044730659765e-06,9.194574554764282e-06,70598.852,1.0,70226.1738125,1.98233933883036e-06,318.48816787278656,2880.0,1.0,,125,,,,,,,,
4.772954392999964,0.005131351940442859,0.05312499993791183,0.0,0.0,0.014015,4.0,0.685,-0.001950551775128891,0.1282379829014341,-0.00015495255744705597,2.5082977070193615e-06,2.8108234886303762e-06,70553.484,1.0,70240.079,1.98233933883036e-06,246.85632862557966,2880.0,1.0,,126,,,,,,,,
4.6893397940002615,0.006461934369022278,0.05825195321813226,0.0,0.0,0.0139675,4.0,0.6825,-0.0024147719814209267,0.13153307077785334,-0.000579464016482234,2.387965433096421e-06,3.282053635681829e-06,70505.20800000001,1.0,70188.4275,1.98233933883036e-06,423.0769562103918,2880.0,1.0,,127,,,,,,,,
4.7658681310003885,0.005832309601172388,0.05299479211680591,0.0,0.0,0.01392,4.0,0.6799999999999999,-0.00160305560954536,0.12453405062357585,0.00012976810588346174,1.4439280846545444e-06,1.091091604621397e-06,70518.24,1.0,70190.4564375,1.98233933883036e-06,180.83279238306957,2880.0,1.0,,128,,,,,,,,
4.683077355000933,0.008831697979291656,0.07241210962335269,0.0,0.0,0.0138725,4.0,0.6775,-7.395696108384679e-05,0.1217627755055825,0.0016147137115088601,1.166523432516442e-06,7.331216451689215e-07,70472.704,1.0,70254.5531875,1.98233933883036e-06,128.28105363357287,2880.0,1.0,,129,,,,,,,,
4.138534542000343,0.014510330840581767,0.05979817764212688,0.0,1.0,0.013825,2.0,0.675,-0.001245470717549324,0.1295674480497837,0.000545130887379249,1.2443801911861858e-06,1.0875812108679384e-06,70541.952,1.0,70173.00168750001,1.98233933883036e-06,254.44011729953738,2880.0,1.0,,130,,,,,,,,
4.692712441999902,0.010098325097634605,0.07277018254778038,0.0,0.0,0.013777500000000002,4.0,0.6725,0.007043480800348334,0.13220629779001078,0.008864373434334993,1.4288575916528619e-06,8.729440329110124e-07,70638.20000000001,1.0,70325.8453125,1.98233933883036e-06,166.12161380003258,2880.0,1.0,,131,,,,,,,,
4.757214776000183,0.0066405586749146055,0.06027018220629543,0.0,0.0,0.01373,4.0,0.6699999999999999,-0.00036558629168818396,0.12813417799770832,0.001393209715994696,1.2017700186106595e-06,7.325814953181483e-07,70596.652,1.0,70324.08475000001,1.98233933883036e-06,147.15461161797788,2880.0,1.0,,132,,,,,,,,
4.690941589000431,0.008487814859115872,0.062158203373352684,0.0,0.0,0.0136825,4.0,0.6675,0.0031228992253697165,0.11681251196811597,0.004720722092315555,1.183088725061528e-06,6.91476039094141e-07,70565.808,1.0,70318.5981875,1.98233933883036e-06,115.060852975565,2880.0,1.0,,133,,,,,,,,
4.0596258759997,0.021768109408471997,0.1082682297565043,0.0,1.0,0.013635000000000001,2.0,0.665,0.012753891137739023,0.10317294485867023,0.014160127301389972,1.0735085851365511e-06,8.394740452407253e-07,70594.656,1.0,70308.44200000001,1.98233933883036e-06,139.7071023069328,2880.0,1.0,,134,,,,,,,,
3.7754262710004696,0.07627954688849552,0.17597656200329462,0.0,1.0,0.013587499999999999,1.0,0.6625,0.021250594795371096,0.1309985170761744,0.02303002014135321,1.4955861047383223e-06,7.298711087363093e-07,70642.32800000001,1.0,70298.723,1.98233933883036e-06,150.00298362865823,2880.0,1.0,,135,,,,,,,,
4.684803312999065,0.012566979093807143,0.07706705775732796,0.0,0.0,0.01354,4.0,0.6599999999999999,0.0011854645611795906,0.12086603014419477,0.002821305145819982,2.3280365203011875e-06,9.035017782821342e-07,70650.812,1.0,70211.615625,1.98233933883036e-06,320.9705259947707,2880.0,1.0,,136,,,,,,,,
3.7899823219995596,0.024536185790301108,0.10911458358168602,0.0,1.0,0.013492500000000001,1.0,0.6575,0.009205670716861883,0.12230675294995308,0.010855232054988543,1.6066259528694597e-06,1.005856186490443e-06,70640.06,1.0,70382.2820625,1.98233933883036e-06,189.768193990711,2880.0,1.0,,137,,,,,,,,
4.704419984000197,0.011362410613832216,0.08696289065604408,0.0,0.0,0.013445000000000002,4.0,0.655,0.0028543453954625875,0.1364803584292531,0.0046888157570113735,1.4227599602160506e-06,7.313981882361986e-07,70620.544,1.0,70379.1085,1.98233933883036e-06,140.00531880342837,2880.0,1.0,,138,,,,,,,,
4.690394369999922,0.011778514523533326,0.08959960956902553,0.0,0.0,0.013397500000000001,4.0,0.6525000000000001,-0.0007960870716487989,0.1255664989973108,0.0008856343726317087,1.2836491597075412e-06,8.54755983918191e-07,70624.94399999999,1.0,70343.74725,1.98233933883036e-06,142.0502357827576,2880.0,1.0,,139,,,,,,,,
4.736001254001167,0.003813061679826054,0.046712239583333336,0.0,0.0,0.01335,4.0,0.65,-0.006241571041755378,0.12611526064574718,-0.004558385408017784,1.1985413266302203e-06,6.66093830166877e-07,70605.228,1.0,70335.06831249999,1.98233933883036e-06,118.53489266098951,2880.0,1.0,,140,70650.812,70581.48800000001,70457.38,70000042,70297.84946666667,best_of_k,70581.48800000001,322.5469382532027
4.713531608000267,0.007665632068269683,0.0675781254346172,0.0,0.0,0.013302500000000002,4.0,0.6475,0.0024673811276443303,0.1214241177464525,0.004081964162954439,1.3710652145467368e-06,1.048490640679726e-06,70606.18400000001,1.0,70382.722625,1.98233933883036e-06,126.4157508307776,2880.0,1.0,,141,,,,,,,,
4.673942827001156,0.005887790192415328,0.0596679689673086,0.0,0.0,0.013255000000000001,4.0,0.645,-0.0026471822493476793,0.12680820375680923,-0.0009679481117927935,1.997557158498845e-06,2.8169779184850086e-06,70623.82400000001,1.0,70395.86131250001,1.98233933883036e-06,125.81346648521914,2880.0,1.0,,142,,,,,,,,
4.718622303000302,0.004884957344837441,0.05229492229409516,0.0,0.0,0.0132075,4.0,0.6425000000000001,-0.002582053178533291,0.12310652993619442,-0.0009572394968320926,1.6413456715251111e-06,1.9030888912160056e-06,70635.44000000002,1.0,70390.0779375,1.98233933883036e-06,137.19653489427668,2880.0,1.0,,143,,,,,,,,
4.665479522998794,0.006781975381284629,0.06684570340439677,0.0,0.0,0.013160000000000002,4.0,0.64,-0.0020313298834177354,0.12471035433312257,-0.0003915735481617351,1.993486620222029e-06,2.465138609390275e-06,70614.47200000001,1.0,70402.356125,1.98233933883036e-06,126.96469931435477,2880.0,1.0,,144,,,,,,,,
4.749451906000104,0.008903256246881597,0.07622070350529005,0.0,0.0,0.013112500000000001,4.0,0.6375,-0.003930902981664985,0.125402403374513,-0.002287029114086181,1.2711395195689572e-06,6.761930855248011e-07,70711.19200000001,1.0,70422.51781250001,1.98233933883036e-06,154.01915492225254,2880.0,1.0,,145,,,,,,,,
4.683492522999586,0.006362499641344499,0.057861328357830644,0.0,0.0,0.013065,4.0,0.635,-0.003689209101139568,0.13446636373798052,-0.0019328762815954785,1.198798292042132e-06,7.017701927717704e-07,70612.228,1.0,70402.754375,1.98233933883036e-06,125.49392141597674,2880.0,1.0,,146,,,,,,,,
4.721337561999462,0.007756014083796003,0.07561849011108279,0.0,0.0,0.013017500000000001,4.0,0.6325000000000001,-0.003210038257141908,0.13740498075882593,-0.0014218855794752017,1.4972563870211768e-06,7.344968840546547e-07,70717.888,1.0,70388.801875,1.98233933883036e-06,166.26435985046322,2880.0,1.0,,147,,,,,,,,
4.692468729999746,0.006703496264132506,0.07788085953022043,0.0,0.0,0.01297,4.0,0.63,-0.004561037581879646,0.1333005726337433,-0.002832826653805872,1.5153628159699413e-06,1.0914842458002265e-06,70682.86,1.0,70386.74175000002,1.98233933883036e-06,174.26598844133986,2880.0,1.0,,148,,,,,,,,
4.725941990000138,0.006723678408206979,0.06031901065337782,0.0,0.0,0.0129225,4.0,0.6275,-0.0027714273698317506,0.12735315629591545,-0.0011295755005752046,3.2648696664712893e-06,7.086848687739196e-06,70643.592,1.0,70387.122125,1.98233933883036e-06,355.65445478369134,2880.0,1.0,,149,,,,,,,,
4.735959637999258,0.009502029339801746,0.06901041744276881,0.0,1.0,0.012875000000000001,4.0,0.625,0.0016556648236777012,0.12781017273664474,0.003298794307435552,2.577546572031982e-06,4.338952012498491e-06,70617.78,1.0,70428.2186875,1.98233933883036e-06,143.4471244501855,2880.0,1.0,,150,,,,,,,,
4.658577914000489,0.004816697760306947,0.03751627611927688,0.0,0.0,0.0128275,4.0,0.6225,-0.003337955650446626,0.1399006713181734,-0.0015443274072216202,2.2026855361900743e-06,1.454421052926591e-06,70676.816,1.0,70323.46825,1.98233933883036e-06,363.7251794046411,2880.0,1.0,,151,,,,,,,,
4.36737141499907,0.014539381444402958,0.06634114612825215,0.0,1.0,0.01278,3.0,0.62,-5.445826617586944e-05,0.13275606433550516,0.0016414557790590657,1.3952853553039151e-06,1.1380480486877786e-06,70668.32400000001,1.0,70339.9544375,1.98233933883036e-06,255.9468448893436,2880.0,1.0,,152,,,,,,,,
4.653056077999281,0.004690602591335136,0.052229817723855376,0.0,0.0,0.0127325,4.0,0.6174999999999999,-0.004419205826707184,0.14362675013641515,-0.0025912493777771792,1.7407892964153386e-06,1.1939799549054442e-06,70611.584,1.0,70259.54725,1.98233933883036e-06,481.8744712224733,2880.0,1.0,,153,,,,,,,,
4.321550272999957,0.012817478830738891,0.06684027777777778,0.0,1.0,0.012685,3.0,0.615,-0.0026521995508422456,0.13594885129067633,-0.0009297431550092167,2.6597959895803392e-06,3.5772084964315177e-06,70639.428,1.0,70178.76525,1.98233933883036e-06,315.10938348284355,2880.0,1.0,,154,,,,,,,,
4.768528857999627,0.006875089686094071,0.05452473989377419,0.0,0.0,0.0126375,4.0,0.6125,0.0021585285430774093,0.14053658520181975,0.003933638780533026,2.1260555532383782e-06,1.4159463077589862e-06,70531.732,1.0,70106.81599999999,1.98233933883036e-06,286.26400805986754,2880.0,1.0,,155,,,,,,,,
4.372720325000046,0.016196094661402247,0.08869357655445735,0.0,1.0,0.01259,3.0,0.61,0.0009366299265012559,0.13341611954900953,0.0026154436895416844,1.5979331983039124e-06,1.4701946927036463e-06,70593.384,1.0,70187.0065625,1.98233933883036e-06,294.67717972246066,2880.0,1.0,,156,,,,,,,,
4.648598273999596,0.005428878497199936,0.047363281288805105,0.0,0.0,0.012542500000000002,4.0,0.6074999999999999,-0.00036071068219219643,0.1289205870901545,0.0012557404891898234,1.3010004996279652e-06,8.112098145810857e-07,70526.35200000001,1.0,70252.829375,1.98233933883036e-06,160.6279477911916,2880.0,1.0,,157,,,,,,,,
4.669169000000693,0.010323715477557727,0.05971679696813226,0.0,0.0,0.012495,4.0,0.605,0.0009547699931620931,0.12733160890638828,0.0025452410821647695,1.4044062671321929e-06,7.946197134363805e-07,70520.46800000001,1.0,70260.7120625,1.98233933883036e-06,160.91503232062118,2880.0,1.0,,158,,,,,,,,
4.081622879000861,0.019808771506082696,0.051692708705862365,0.0,1.0,0.0124475,2.0,0.6025,-0.00319079082692042,0.1232627835124731,-0.0016573801015814145,5.264719561637321e-06,7.542780527577028e-07,70632.596,1.0,69718.65,1.98233933883036e-06,342.5674474618105,2880.0,1.0,,159,,,,,,,,
4.694313923000664,0.005895977488814689,0.04596354170159126,0.0,0.0,0.012400000000000001,4.0,0.6,-0.0022612132985765734,0.11324568372219801,-0.0008579404093325138,2.8313385342926267e-06,1.3817872381120349e-06,70653.652,1.0,70306.8236875,1.98233933883036e-06,200.74970326790591,2880.0,1.0,,160,70717.888,70632.148,70520.14,70000042,70246.26653333333,best_of_k,70632.148,382.9709230382654
4.69528795900078,0.009723457532209304,0.05748697929084301,0.0,0.0,0.012352499999999999,4.0,0.5974999999999999,0.002211519352082784,0.11010680596033733,0.0035711985547095537,9.939951416034394e-07,6.319052007578799e-07,70575.932,1.0,70376.60475,1.98233933883036e-06,123.92288726638634,2880.0,1.0,,161,,,,,,,,
4.710239306999938,0.011351463500666625,0.05981445328022043,0.0,0.0,0.012305,4.0,0.595,-0.0009456385062852254,0.10852010951687892,0.0003889335397010048,4.006422813063182e-06,7.328712593827428e-07,70289.66,1.0,69586.04825,1.98233933883036e-06,312.9658604279988,2880.0,1.0,,162,,,,,,,,
4.618654313999286,0.0073369188546686575,0.05115559929981828,0.0,0.0,0.012257500000000001,4.0,0.5925,0.0026522265591969094,0.11345215017596881,0.004042424261569977,1.8494959922084793e-06,5.145618485376721e-07,69932.36,1.0,69608.1680625,1.98233933883036e-06,130.0188555604385,2880.0,1.0,,163,,,,,,,,
4.717321193000316,0.01096840242780317,0.07854817753347258,0.0,0.0,0.012210000000000002,4.0,0.5900000000000001,0.003364268244088938,0.13178602326661348,0.004972832374429951,2.127482749377426e-06,6.610638330073471e-07,69879.94,1.0,69542.48475,1.98233933883036e-06,306.9986431247496,2880.0,1.0,,164,,,,,,,,
3.704502398999466,0.020520944092429733,0.05527343787252903,0.0,1.0,0.012162500000000001,1.0,0.5875,0.0005351402796804905,0.12439220522840817,0.0020476370118558407,1.9963178298591324e-06,4.4813352909992926e-07,69919.07199999999,1.0,69658.6118125,1.98233933883036e-06,118.29948332184095,2880.0,1.0,,165,,,,,,,,
4.6674404710011,0.007486591074762572,0.0523274740553461,0.0,0.0,0.012115,4.0,0.585,7.704755019706984e-05,0.12763051440318426,0.0016227510447303455,2.0381136588791073e-06,6.727512934882421e-07,69948.10399999999,1.0,69572.1705,1.98233933883036e-06,323.10286848811853,2880.0,1.0,,166,,,,,,,,
4.317050195000775,0.01835640152547708,0.07851562545531326,0.0,1.0,0.0120675,3.0,0.5825,0.00046858527801103063,0.13320144265890121,0.002075183360526959,2.3976506579654397e-06,1.141093406431537e-06,69866.708,1.0,69556.3645625,1.98233933883036e-06,421.86471597116713,2880.0,1.0,,167,,,,,,,,
4.350840515000527,0.01625721713584167,0.05368923633876774,0.0,1.0,0.012020000000000001,3.0,0.5800000000000001,-0.0026142570099586416,0.13850682973861694,-0.0009500552227513657,2.0329636198665767e-06,8.937302832615993e-07,70305.88799999999,1.0,69598.256375,1.98233933883036e-06,146.75501854403083,2880.0,1.0,,168,,,,,,,,
4.060827036999399,0.0188399936578089,0.0662434898937742,0.0,1.0,0.0119725,2.0,0.5775,-0.00418862933292985,0.13929554323355356,-0.002521865884773433,2.834689060667491e-06,1.338253284188795e-06,70663.688,1.0,69847.5940625,1.98233933883036e-06,651.559054094484,2880.0,1.0,,169,,,,,,,,
4.639328410001326,0.0066749518402087205,0.044840495102107525,0.0,0.0,0.011925000000000002,4.0,0.575,0.0007815595405797163,0.13931624622394642,0.0024420146752769747,2.907821629113035e-06,1.200975893548654e-06,70664.208,1.0,70306.2469375,1.98233933883036e-06,191.55577753651906,2880.0,1.0,,170,,,,,,,,
4.669648953000433,0.0074708723528876435,0.05473632807843387,0.0,0.0,0.011877500000000001,4.0,0.5725,-0.002852558003117641,0.1284017019594709,-0.001328363548964262,4.905003365252014e-06,8.128992566488099e-07,70663.412,1.0,70348.652125,1.98233933883036e-06,161.78831322127135,2880.0,1.0,,171,,,,,,,,
4.638887795999835,0.009807311310962538,0.06396484390522043,0.0,0.0,0.01183,4.0,0.5700000000000001,-9.571681342398126e-05,0.13426805194467306,0.0014921572680274646,2.7077569815977163e-06,4.934563371250533e-07,70686.224,1.0,70359.26975,1.98233933883036e-06,227.43385084555396,2880.0,1.0,,172,,,,,,,,
4.095927655000196,0.013432995639159154,0.09469401153425376,0.0,1.0,0.011782500000000001,2.0,0.5675,-0.00016090467882653078,0.11597952246665955,0.0012052691696832578,1.5127404632645873e-06,4.070692464589835e-07,70662.10399999999,1.0,70417.456,1.98233933883036e-06,124.7454383895463,2880.0,1.0,,173,,,,,,,,
4.687803056000121,0.008246242381889127,0.06297200561190645,0.0,0.0,0.011735,4.0,0.565,0.00029235069087008014,0.1154027646407485,0.00164628205432867,1.079789832658662e-06,4.237547415186782e-07,70666.888,1.0,70455.42056249999,1.98233933883036e-06,155.06039436759278,2880.0,1.0,,174,,,,,,,,
4.681679430001168,0.005196255377892811,0.033886718874176346,0.0,0.0,0.0116875,4.0,0.5625,-0.0015292207632834713,0.11114536287883918,-0.00023062315691883364,1.1234428948606971e-06,6.023348007033746e-07,70699.208,1.0,70436.003,1.98233933883036e-06,319.2350628016911,2880.0,1.0,,175,,,,,,,,
4.65466029900017,0.0069936032599168625,0.05026041685293118,0.0,0.0,0.011640000000000001,4.0,0.56,-0.0002876866686468323,0.1220738859847188,0.0011329413779700797,9.890106843120823e-07,4.2575454036371713e-07,70678.708,1.0,70486.3825625,1.98233933883036e-06,119.52293112488407,2880.0,1.0,,176,,,,,,,,
4.611545080000724,0.007075006977374916,0.05455729186845323,0.0,0.0,0.0115925,4.0,0.5575,-0.0020675708171135434,0.12777341498682895,-0.0005866667779628187,9.737737679908303e-07,4.232008225339238e-07,70667.12,1.0,70426.5995,1.98233933883036e-06,144.35182419959193,2880.0,1.0,,177,,,,,,,,
4.7562886719988455,0.006397047772898882,0.05564778686190645,0.0,0.0,0.011545,4.0,0.5549999999999999,0.0009827938289769615,0.12150594654182593,0.002385252562817186,1.0177980864038243e-06,4.502510980349446e-07,70715.312,1.0,70469.9543125,1.98233933883036e-06,123.87136442456008,2880.0,1.0,,178,,,,,,,,
4.325223559999358,0.015866825203931494,0.06495225719279712,0.0,1.0,0.0114975,3.0,0.5525,-0.0007503762479043669,0.1167814541194174,0.0005918885581195354,1.1615395673440314e-06,6.284772256195639e-07,70735.032,1.0,70484.38200000001,1.98233933883036e-06,213.28867356824077,2880.0,1.0,,179,,,,,,,,
4.6885590120000415,0.005165393717485737,0.04635416700815161,0.0,0.0,0.01145,4.0,0.55,0.0012408693825515609,0.11852461627374093,0.0025975685954714813,1.1126368709331775e-06,5.929590673285171e-07,70695.068,1.0,70510.357125,1.98233933883036e-06,114.65616162786189,2880.0,1.0,,180,70735.032,70706.36,70622.464,70000042,70452.02306666668,best_of_k,70706.36,357.7666219686552
4.70789454000078,0.005283273856473277,0.05004882843544086,0.0,0.0,0.011402500000000001,4.0,0.5475,0.0009788568713702261,0.11582496948540211,0.0022990614136991403,1.3963669639830794e-06,6.995280159571848e-07,70698.492,1.0,70497.0555625,1.98233933883036e-06,322.6509765738492,2880.0,1.0,,181,,,,,,,,
4.668604487998891,0.00849196798057624,0.07102864592646559,0.0,0.0,0.011355,4.0,0.5449999999999999,-0.0009383852787626287,0.11055095276484887,0.0003162424545735121,3.068373037725299e-06,7.438296165673819e-07,70694.9,1.0,70481.88643750001,1.98233933883036e-06,190.22962758810456,2880.0,1.0,,182,,,,,,,,
4.655185704999894,0.006397151115557757,0.06591796890522043,0.0,0.0,0.0113075,4.0,0.5425,-0.0015130917793915917,0.11124456363419692,-0.0002564327248061697,4.755275178069951e-06,1.5262310668617829e-06,70704.02,1.0,70560.53762500001,1.98233933883036e-06,107.65286051638115,2880.0,1.0,,183,,,,,,,,
4.657873870000913,0.007032128899967442,0.06222330732271075,0.0,0.0,0.011260000000000001,4.0,0.54,0.002099100330572886,0.10610754167040189,0.0032895144152765474,1.4911268792161536e-05,5.733012692132888e-06,70679.17199999999,1.0,70549.425875,1.98233933883036e-06,100.20310382410321,2880.0,1.0,,184,,,,,,,,
4.695775490999949,0.005397806843565907,0.041878255316987634,0.0,0.0,0.0112125,4.0,0.5375,-0.003521774871236024,0.09757342251638572,-0.002429802048330506,1.4865892225657262e-05,1.1657535973578585e-06,70715.064,1.0,70541.4018125,1.98233933883036e-06,120.61638078828548,2880.0,1.0,,185,,,,,,,,
4.839549443000578,0.0051369547067624905,0.048470052191987634,0.0,0.0,0.011165,4.0,0.5349999999999999,-0.001872052807205667,0.10568455575654905,-0.0006982134267066916,5.305701284896713e-05,1.6454582336677959e-06,70695.288,1.0,70522.3064375,1.98233933883036e-06,244.07236524708972,2880.0,1.0,,186,,,,,,,,
4.693360343999302,0.01637645729797062,0.10252278670668602,0.0,1.0,0.0111175,4.0,0.5325,-0.00022881185577716678,0.10913682201256354,0.000981048564426601,3.143198933249399e-05,6.502442649510461e-07,70704.716,1.0,70565.187,1.98233933883036e-06,94.28239245214286,2880.0,1.0,,187,,,,,,,,
3.8157964070014714,0.027426669665037668,0.11347656200329463,0.0,1.0,0.011070000000000002,1.0,0.53,0.008181067183613777,0.10543028141061465,0.009347309513638416,5.887516294933448e-06,5.619908828672729e-07,70712.26400000001,1.0,70521.5038125,1.98233933883036e-06,130.39647109571249,2880.0,1.0,,188,,,,,,,,
4.650840825001069,0.020234248812866323,0.09114583341094355,0.0,1.0,0.011022500000000001,4.0,0.5275000000000001,0.004789094736527962,0.10779409079502027,0.0059765730596457916,3.5484573762308478e-06,6.544987935323358e-07,70716.992,1.0,70538.69856250001,1.98233933883036e-06,123.34549787358856,2880.0,1.0,,189,,,,,,,,
3.7810869960012496,0.020260687068940797,0.08906250074505806,0.0,1.0,0.010975,1.0,0.525,0.008784342634802064,0.11086564386884372,0.010000132024288177,5.647234218031372e-06,7.947898457890309e-07,70707.832,1.0,70504.2166875,1.98233933883036e-06,254.35824625570376,2880.0,1.0,,190,,,,,,,,
4.646050973999081,0.0057164948929629604,0.05055338532353441,0.0,0.0,0.010927500000000001,4.0,0.5225,-0.0017337182071059942,0.10957632927844922,-0.0005370784007633725,4.150957574703777e-06,6.805461059874082e-07,70742.796,1.0,70542.5085,1.98233933883036e-06,102.13589463675227,2880.0,1.0,,191,,,,,,,,
4.288105503001134,0.00941187585089646,0.06508246550543441,0.0,1.0,0.01088,3.0,0.52,3.845029924478796e-06,0.10130109555191463,0.001105326900465621,3.3704875793066294e-06,6.735158737885488e-07,70718.36400000002,1.0,70552.29699999999,1.98233933883036e-06,93.87587304254563,2880.0,1.0,,192,,,,,,,,
4.675244907000888,0.007111226496619476,0.06803385416666667,0.0,0.0,0.0108325,4.0,0.5175000000000001,-0.0035375873558223248,0.10176271479576826,-0.002435693885975828,1.046761454404077e-06,6.922654212833853e-07,70716.952,1.0,70509.218375,1.98233933883036e-06,146.85075312152472,2880.0,1.0,,193,,,,,,,,
4.655771068000831,0.005273097621565507,0.04322916672875484,0.0,0.0,0.010785000000000001,4.0,0.515,0.0006353757926262915,0.1066311572988828,0.0017847636093695958,1.5054729137394436e-06,9.571143024800222e-07,70705.352,1.0,70464.9458125,1.98233933883036e-06,245.42360826429342,2880.0,1.0,,194,,,,,,,,
4.712844579000375,0.01046976434359633,0.0824218747826914,0.0,0.0,0.0107375,4.0,0.5125,-0.0027857591436865428,0.10839365298549335,-0.001622293939969192,1.0408272146378295e-06,6.151405311053774e-07,70720.88,1.0,70540.533125,1.98233933883036e-06,100.87500516101176,2880.0,1.0,,195,,,,,,,,
4.62832329900084,0.008135010820990848,0.07203776040114462,0.0,0.0,0.010690000000000002,4.0,0.51,-0.0025430553359910846,0.10831409847984712,-0.001385555990661184,1.0350242902745777e-06,5.495817442617105e-07,70746.912,1.0,70530.7195625,1.98233933883036e-06,120.33009502430647,2880.0,1.0,,196,,,,,,,,
4.713370417999613,0.005657912206665117,0.04990234443296989,0.0,0.0,0.010642500000000001,4.0,0.5075000000000001,-0.005179812719385761,0.10792920334885518,-0.004031562091161807,1.0445035414363701e-06,5.635474463379827e-07,70718.09599999999,1.0,70549.4850625,1.98233933883036e-06,102.68306447326714,2880.0,1.0,,197,,,,,,,,
4.64715333499953,0.006924709845088491,0.07293294261520107,0.0,0.0,0.010595,4.0,0.505,0.0009294773529594144,0.11022859594474237,0.0020967855962226167,1.2552802388654527e-06,8.764004704175932e-07,70774.81999999999,1.0,70522.19518750001,1.98233933883036e-06,127.91537598385115,2880.0,1.0,,198,,,,,,,,
4.749209291998341,0.004799273143869224,0.05494791688397527,0.0,0.0,0.010547500000000001,4.0,0.5025,-0.0005322392486656705,0.11066657987733682,0.0006337977635363737,1.451965341440579e-06,2.1476570850609278e-06,70732.42000000001,1.0,70535.72025,1.98233933883036e-06,124.74476017227151,2880.0,1.0,,199,,,,,,,,
4.668164953998712,0.0061897608595865945,0.05270182333576182,0.0,0.0,0.0105,4.0,0.5,0.0012148084909616348,0.09997465678801139,0.0022609304869547486,3.205311780144863e-06,6.581935380722825e-06,70740.984,1.0,70523.07375,1.98233933883036e-06,282.41735536779123,2880.0,1.0,,200,70774.81999999999,70705.18400000001,70689.44,70000042,70391.352,best_of_k,70705.18400000001,335.1536724914906
4.7501391019995935,0.009909099241092179,0.0786295576641957,0.0,0.0,0.010452500000000002,4.0,0.49750000000000005,0.0012131908733863384,0.09641854806492726,0.0022191639873199165,2.848060233873184e-06,3.1137180608690565e-06,70767.25600000001,1.0,70495.4026875,1.98233933883036e-06,144.7232664364229,2880.0,1.0,,201,,,,,,,,
4.647403610000765,0.008337723212722636,0.07124023457678656,0.0,0.0,0.010405000000000001,4.0,0.495,0.001446241115142281,0.09294147789478302,0.0024125570392546556,3.818277832579042e-06,7.184485752986802e-07,70633.82800000001,1.0,70326.502375,1.98233933883036e-06,168.25583765908303,2880.0,1.0,,202,,,,,,,,
4.717775744999017,0.006932805762476235,0.06902669308086236,0.0,0.0,0.010357500000000002,4.0,0.49250000000000005,-0.0024766958958934993,0.0953465032701691,-0.0014897231400633852,2.5548349782411606e-06,6.45168135804397e-07,70729.04000000001,1.0,70368.74625,1.98233933883036e-06,160.44082769182464,2880.0,1.0,,203,,,,,,,,
4.691190055998959,0.006722236532803312,0.060986328249176346,0.0,0.0,0.01031,4.0,0.49,0.0030185140882773944,0.08952393972625335,0.0039410839866225915,1.399868452267583e-06,5.644771713756805e-07,70704.824,1.0,70353.6806875,1.98233933883036e-06,158.00156113398825,2880.0,1.0,,204,,,,,,,,
4.716778832998898,0.005296847513357979,0.05305989614377419,0.0,0.0,0.0102625,4.0,0.48750000000000004,-0.0007777094457802983,0.08261317480355501,6.97120218925799e-05,1.1486267060452822e-06,5.621360431954751e-07,70675.004,1.0,70402.93831249999,1.98233933883036e-06,138.74184244452834,2880.0,1.0,,205,,,,,,,,
4.38363654999921,0.014049518632961147,0.0827256946100129,0.0,1.0,0.010215,3.0,0.485,0.00805561114490653,0.08072420789135827,0.008879781804151006,1.4854131664934457e-06,5.579139686536413e-07,70764.40800000001,1.0,70442.510875,1.98233933883036e-06,140.47981167496775,2880.0,1.0,,206,,,,,,,,
4.6888225189995865,0.009980072931180453,0.07843424504001935,0.0,0.0,0.010167500000000001,4.0,0.48250000000000004,0.0015235624086926691,0.08166083196798961,0.002353456181784471,1.1469366730428494e-06,5.555831054474917e-07,70722.348,1.0,70430.33037499999,1.98233933883036e-06,150.4816442904568,2880.0,1.0,,207,,,,,,,,
4.649978794999697,0.011069878880029194,0.06424153658250968,0.0,0.0,0.01012,4.0,0.48,5.846533895237371e-05,0.07802367769181728,0.0008476993437701216,1.03107678720941e-06,5.246167316859859e-07,70761.54000000001,1.0,70496.747875,1.98233933883036e-06,139.37748090163032,2880.0,1.0,,208,,,,,,,,
4.711866760000703,0.007318930213239483,0.05501302106616398,0.0,0.0,0.010072500000000002,4.0,0.47750000000000004,0.0001822196354623884,0.08421686633179586,0.0010301202225188415,1.1801763003897274e-06,5.124877257382346e-07,70784.744,1.0,70546.888,1.98233933883036e-06,136.43172950050857,2880.0,1.0,,209,,,,,,,,
4.634539210001094,0.010023606865001847,0.06847330772628386,0.0,0.0,0.010025000000000001,4.0,0.475,0.005636723585970079,0.08610605696837108,0.00649942447974657,1.1264288914958343e-06,7.994514371982101e-07,70743.54800000001,1.0,70514.765875,1.98233933883036e-06,156.91213393324415,2880.0,1.0,,210,,,,,,,,
4.66281902999981,0.012604210769933863,0.08046875024835269,0.0,0.0,0.009977500000000002,4.0,0.47250000000000003,0.001560260260400052,0.08457291126251221,0.002403683611191809,1.2635676777487486e-06,5.5220916905796e-07,70731.072,1.0,70497.81262499999,1.98233933883036e-06,140.1439517250366,2880.0,1.0,,211,,,,,,,,
4.671442306000245,0.0056667338729976535,0.05096028667564193,0.0,0.0,0.00993,4.0,0.47,0.0021966709464322776,0.07972351741045713,0.002987524106477698,1.2407176749699527e-06,1.3544029779192595e-06,70780.152,1.0,70500.086375,1.98233933883036e-06,156.6295100878484,2880.0,1.0,,212,,,,,,,,
4.684179560999837,0.008082668316325462,0.048128255332509674,0.0,0.0,0.0098825,4.0,0.4675,0.0003747132044130315,0.083176684876283,0.0011816532545102139,1.0661181998254202e-05,2.7977213444311626e-05,70786.46,1.0,70575.423,1.98233933883036e-06,116.35753220999514,2880.0,1.0,,213,,,,,,,,
4.6575438090003445,0.010500435976946202,0.07327473970750968,0.0,0.0,0.009835,4.0,0.46499999999999997,0.0017222858344515164,0.08968228691567977,0.002383380643247316,0.00022514088687349462,0.0003968331953008904,70787.31199999999,1.0,70547.1159375,1.98233933883036e-06,121.82428785856342,2880.0,1.0,,214,,,,,,,,
4.654484468999726,0.00286921690225365,0.03273111981494973,0.0,0.0,0.009787500000000001,4.0,0.4625,0.0013219706064167742,0.09291579760611057,0.0020501320638383427,0.00020247201217671318,0.0003220087346278433,70776.8,1.0,70605.6989375,1.98233933883036e-06,107.67864399044586,2880.0,1.0,,215,,,,,,,,
4.72829735599953,0.006594504105777628,0.05758463552532097,0.0,0.0,0.00974,4.0,0.45999999999999996,0.0005322831469432762,0.10065213032066822,0.0012371093337909163,7.863236965969615e-05,0.0005353241232720999,70805.136,1.0,70614.1881875,1.98233933883036e-06,116.64916180245301,2880.0,1.0,,216,,,,,,,,
4.787179387998549,0.004067647757972637,0.042333984456490725,0.0,0.0,0.009692500000000001,4.0,0.4575,0.0004338861520712574,0.10468816415717204,0.00141514956097429,0.00011241583736421035,4.437001117215308e-05,70797.868,1.0,70499.76749999999,1.98233933883036e-06,181.0627683822658,2880.0,1.0,,217,,,,,,,,
4.71494979199997,0.004699979988094387,0.045133463805541396,0.0,0.0,0.009644999999999999,4.0,0.45499999999999996,0.0007926653294513623,0.10806246194988489,0.001805582355397443,0.00023399969040838187,1.1891727083934711e-05,70785.008,1.0,70581.20612500001,1.98233933883036e-06,131.090324379736,2880.0,1.0,,218,,,,,,,,
4.650738672000443,0.012656999071087563,0.10315755258003871,0.0,0.0,0.0095975,4.0,0.4525,0.002341781568247825,0.11668230469028155,0.0034575082924372205,2.7969196186935125e-05,2.669003663413605e-06,70772.59199999999,1.0,70402.53125,1.98233933883036e-06,216.00729948878498,2880.0,1.0,,219,,,,,,,,
4.715749102999325,0.005333469851382944,0.05856119825815161,0.0,0.0,0.00955,4.0,0.44999999999999996,-0.00034622503638577956,0.10713103506714106,0.000675284129101783,6.705519155048023e-06,1.8435331696764479e-06,70783.07999999999,1.0,70523.5260625,1.98233933883036e-06,174.1970780222673,2880.0,1.0,,220,70805.136,70767.59999999999,70692.88,70000042,70414.50173333334,best_of_k,70767.59999999999,374.8918186452288
4.682741843000258,0.0077609670017414105,0.06731770851183683,0.0,0.0,0.0095025,4.0,0.4475,0.0024242291304593286,0.11280426134665807,0.003494517528451979,8.025824731324368e-06,1.6629397118587501e-06,70783.348,1.0,70503.14212500001,1.98233933883036e-06,147.26106753648276,2880.0,1.0,,221,,,,,,,,
4.763403425000433,0.010946067977553042,0.08857421887417634,0.0,0.0,0.009455,4.0,0.44499999999999995,-0.0018436167204830174,0.12465017847716808,-0.0006660059831726054,3.7247412384052345e-06,1.1689049870255985e-06,70727.324,1.0,70491.6076875,1.98233933883036e-06,160.42976829488939,2880.0,1.0,,222,,,,,,,,
4.65757672700056,0.011887854247138563,0.10320638089130323,0.0,0.0,0.009407500000000001,4.0,0.4425,0.002791884073909993,0.12892598938196898,0.004004076162042717,2.7095832564327793e-06,8.162519904431065e-07,70761.924,1.0,70364.7178125,1.98233933883036e-06,218.16815949048484,2880.0,1.0,,223,,,,,,,,
4.696689983000397,0.004959981525932615,0.04980468765522043,0.0,0.0,0.00936,4.0,0.43999999999999995,-0.0020330455930282674,0.12316738720983267,-0.0008806297167514762,1.1941675666093943e-06,6.233279303084297e-07,70782.688,1.0,70440.47093750001,1.98233933883036e-06,146.34733145370777,2880.0,1.0,,224,,,,,,,,
4.666907682998499,0.007209499505353397,0.06700846397628386,0.0,0.0,0.009312500000000001,4.0,0.4375,0.00024532066405906033,0.1357328441614906,0.0015088846169722576,1.183728393527872e-06,6.596403305062873e-07,70730.708,1.0,70399.41999999998,1.98233933883036e-06,194.2008455092304,2880.0,1.0,,225,,,,,,,,
4.720478736999212,0.005477487253219356,0.048600260401144624,0.0,0.0,0.009265000000000002,4.0,0.43500000000000005,0.0018195247588058312,0.13324981089681387,0.0030536262008051076,1.247888699632919e-06,6.668636084820415e-07,70730.928,1.0,70384.60393750001,1.98233933883036e-06,191.45299482313087,2880.0,1.0,,226,,,,,,,,
4.644716483000593,0.007034961115594503,0.07644856814295053,0.0,0.0,0.0092175,4.0,0.4325,-0.001940406645492961,0.1350796694556872,-0.0006957270282631119,1.052390613172823e-06,6.241748854070769e-07,70744.54400000001,1.0,70448.63206250001,1.98233933883036e-06,166.53812334041237,2880.0,1.0,,227,,,,,,,,
4.728725859000406,0.005970823898326334,0.06446940125897527,0.0,0.0,0.009170000000000001,4.0,0.43000000000000005,-0.0016554588025125365,0.13054181014498076,-0.0004587763105519116,9.694631325866492e-07,5.785283552957784e-07,70761.516,1.0,70518.30600000001,1.98233933883036e-06,158.55481189008435,2880.0,1.0,,228,,,,,,,,
4.699095865000345,0.0061409385732318356,0.06163736983823279,0.0,0.0,0.0091225,4.0,0.4275,-0.00254271326897045,0.12403938981393973,-0.0014115751255303621,9.93206469956931e-07,6.25477454718748e-07,70778.852,1.0,70458.570625,1.98233933883036e-06,158.56296168591635,2880.0,1.0,,229,,,,,,,,
4.7444191289996525,0.007166893903728895,0.0626139328815043,0.0,0.0,0.009075000000000001,4.0,0.42500000000000004,3.239028349829217e-05,0.12345657932261626,0.0011523811263032258,8.60154723151633e-07,5.837916911370181e-07,70736.092,1.0,70530.4619375,1.98233933883036e-06,126.55309509054153,2880.0,1.0,,230,,,,,,,,
4.662624205000611,0.008995743337359011,0.07504882841991882,0.0,0.0,0.0090275,4.0,0.4225,-0.0014635630019862826,0.11546453274786472,-0.0004215715501535063,9.396005893336223e-07,5.405120167741492e-07,70771.308,1.0,70528.20443750001,1.98233933883036e-06,129.1757891307755,2880.0,1.0,,231,,,,,,,,
4.6916096590011875,0.008885964540752411,0.07091471366584301,0.0,0.0,0.008980000000000002,4.0,0.42000000000000004,-0.0008761873711288596,0.11796846675376098,0.00018280609704864523,9.197958850866902e-07,5.428141858961529e-07,70758.59999999999,1.0,70538.11406250001,1.98233933883036e-06,150.21389493650707,2880.0,1.0,,232,,,,,,,,
4.702598142001079,0.0056929501224167,0.06010742229409516,0.0,0.0,0.008932500000000001,4.0,0.4175,0.0016323274467140436,0.11464379665752251,0.002656045680244764,7.74997171030615e-07,5.200989872851854e-07,70765.772,1.0,70570.44150000002,1.98233933883036e-06,138.06026533094118,2880.0,1.0,,233,,,,,,,,
4.692377127999862,0.00575156537176665,0.05470377610375484,0.0,0.0,0.008885,4.0,0.41500000000000004,0.0015664735207489382,0.1176821223149697,0.002611739211715758,8.279663011497481e-07,5.138886365330109e-07,70777.068,1.0,70547.96425,1.98233933883036e-06,146.12483552749504,2880.0,1.0,,234,,,,,,,,
4.627674301000297,0.006071112003671904,0.057519531420742474,0.0,0.0,0.0088375,4.0,0.4125,7.198873208835721e-05,0.10615737146387498,0.0010098293811703722,7.856831558683552e-07,4.935084435923424e-07,70794.988,1.0,70613.2716875,1.98233933883036e-06,110.74249384338667,2880.0,1.0,,235,,,,,,,,
4.721695848000309,0.007256385638629108,0.06401367206126451,0.0,0.0,0.008790000000000001,4.0,0.41000000000000003,-0.002649208288251733,0.10795188664148252,-0.0017006371635943651,7.649819480093356e-07,4.981332004660999e-07,70770.972,1.0,70598.2643125,1.98233933883036e-06,121.46292390541281,2880.0,1.0,,236,,,,,,,,
4.650289062999946,0.0057581858603015235,0.056429036892950535,0.0,0.0,0.0087425,4.0,0.4075,0.0021974075886343294,0.11315274890512228,0.003186318790540099,7.301074328817473e-07,5.075699434087255e-07,70763.024,1.0,70576.71631250001,1.98233933883036e-06,127.8380887163616,2880.0,1.0,,237,,,,,,,,
4.669075705998694,0.007231384159045599,0.05442708342646559,0.0,0.0,0.008695000000000001,4.0,0.405,-0.0014009472312560927,0.11193623424818118,-0.00042799020108456415,7.179546652006744e-07,5.133638509846605e-07,70767.33600000001,1.0,70555.62612500001,1.98233933883036e-06,145.94200531541335,2880.0,1.0,,238,,,,,,,,
4.684497840999029,0.006604716056164861,0.0713541666045785,0.0,0.0,0.0086475,4.0,0.40249999999999997,-0.0011554338270798326,0.11305805419882138,-0.00017809875619908175,7.309303124240311e-07,5.237816296244091e-07,70808.88399999999,1.0,70558.1490625,1.98233933883036e-06,151.21073289492716,2880.0,1.0,,239,,,,,,,,
4.6538425990002,0.009357989528302468,0.06944986999345322,0.0,0.0,0.008600000000000002,4.0,0.4,0.001308743580011651,0.10651422509302695,0.002224462106823921,6.308144667362588e-07,4.798825443685928e-07,70804.432,1.0,70613.31937499999,1.98233933883036e-06,129.9468662477453,2880.0,1.0,,240,70808.88399999999,70763.68000000001,70667.548,70000042,70499.52946666667,best_of_k,70763.68000000001,352.9186991074796
4.644005833000847,0.005469842231820603,0.04580078134313226,0.0,0.0,0.0085525,4.0,0.39749999999999996,-0.001246631785761565,0.11078198471417029,-0.00029958221906175214,1.6759094994730124e-06,4.925146785221083e-07,70783.952,1.0,70593.4470625,1.98233933883036e-06,113.35497863954258,2880.0,1.0,,241,,,,,,,,
3.7226923590005754,0.0289429366153513,0.09531250099341075,0.0,1.0,0.008505,1.0,0.395,0.029791287379339337,0.10789238537351291,0.030708249425515532,3.809011843713961e-06,5.606064329792085e-07,70781.584,1.0,70535.0293125,1.98233933883036e-06,185.9334392908573,2880.0,1.0,,242,,,,,,,,
4.730433746999552,0.006141269476480933,0.05743815113479892,0.0,0.0,0.0084575,4.0,0.39249999999999996,-0.0016729331109672785,0.10235146712511778,-0.0008076548110693693,1.1509919820203625e-06,4.883776073919913e-07,70758.412,1.0,70565.116,1.98233933883036e-06,107.15678717888144,2880.0,1.0,,243,,,,,,,,
4.6539103600007365,0.005187656256544197,0.060872395833333336,0.0,0.0,0.00841,4.0,0.39,-0.002327890911449989,0.10182926089813311,-0.0014718304155394435,7.052568283446211e-07,5.061475114587211e-07,70798.432,1.0,70543.7551875,1.98233933883036e-06,123.77942063642836,2880.0,1.0,,244,,,,,,,,
4.718948121000722,0.005582353948123379,0.06508789087335269,0.0,0.0,0.0083625,4.0,0.38749999999999996,-0.0034969218152885637,0.10442268724242847,-0.0026239896930443742,6.622871921990736e-07,4.742277634287954e-07,70717.056,1.0,70542.7105,1.98233933883036e-06,110.44537431123925,2880.0,1.0,,245,,,,,,,,
4.693600688000515,0.006566414757376293,0.05190429696813226,0.0,0.0,0.008315000000000001,4.0,0.385,-0.0014194630396862824,0.10236925942202409,-0.0005686014192178845,7.199369539042285e-07,5.326628442029838e-07,70738.052,1.0,70481.65243750002,1.98233933883036e-06,157.6824064268383,2880.0,1.0,,246,,,,,,,,
4.675251746999493,0.009642346372806069,0.07263997414459784,0.0,1.0,0.0082675,4.0,0.38249999999999995,-0.0007992558530531824,0.10601370222866535,7.687803978721301e-05,7.259589172766331e-07,5.237682572101221e-07,70719.628,1.0,70493.702375,1.98233933883036e-06,166.67873037031228,2880.0,1.0,,247,,,,,,,,
4.634604500999558,0.007926570024453738,0.06051432302532097,0.0,0.0,0.008220000000000002,4.0,0.38,-0.0025507431225075075,0.11072456619391839,-0.0016409210317457716,7.929172648838781e-07,5.095091578273999e-07,70743.172,1.0,70491.2634375,1.98233933883036e-06,165.1885582264525,2880.0,1.0,,248,,,,,,,,
4.718616677000682,0.00989732408689529,0.06850585993379354,0.0,0.0,0.0081725,4.0,0.37749999999999995,0.0008188318242901005,0.10978271129230659,0.0017153073761922617,1.6427060624361427e-06,1.1181956836026075e-06,70760.856,1.0,70386.214875,1.98233933883036e-06,620.8518564232803,2880.0,1.0,,249,,,,,,,,
4.65634316500109,0.00786311061083822,0.05786132820261022,0.0,0.0,0.008125,4.0,0.375,-0.0014195904417041068,0.10282390533636014,-0.0005845161698137721,6.697943580509976e-07,6.05751601767679e-07,70767.368,1.0,70563.57125000001,1.98233933883036e-06,130.00265557071307,2880.0,1.0,,250,,,,,,,,
4.818968597999628,0.007427035112459753,0.06508789071813226,0.0,0.0,0.008077500000000001,4.0,0.37250000000000005,-0.004553454942652024,0.11034540987263124,-0.003662449074909091,6.350677376569062e-07,4.916043690646651e-07,70763.18,1.0,70570.1648125,1.98233933883036e-06,142.55569537058136,2880.0,1.0,,251,,,,,,,,
4.646129664999535,0.009004251258396323,0.0641764326331516,0.0,0.0,0.00803,4.0,0.37,0.0017747657645183306,0.1137617789208889,0.002687943788866202,7.036804016517332e-07,5.174639928403243e-07,70717.112,1.0,70479.48875,1.98233933883036e-06,162.29612650164384,2880.0,1.0,,252,,,,,,,,
4.729036898001141,0.004828156741662444,0.0452636720923086,0.0,0.0,0.007982500000000002,4.0,0.36750000000000005,-0.0024092707850892716,0.11714978081484635,-0.0014744415238965303,6.61851027909203e-07,5.055259203838128e-07,70729.856,1.0,70484.10756250001,1.98233933883036e-06,142.1728557779527,2880.0,1.0,,253,,,,,,,,
4.710492867001449,0.007311349820040114,0.06110026082023978,0.0,0.0,0.007935000000000001,4.0,0.365,-0.00038236927745553356,0.11752408432463805,0.0005498743848875165,6.405105329084412e-07,4.928584485715722e-07,70677.83200000001,1.0,70505.50175,1.98233933883036e-06,110.6665805107288,2880.0,1.0,,254,,,,,,,,
4.683908713999699,0.005527074907867302,0.043375651352107525,0.0,0.0,0.007887500000000002,4.0,0.36250000000000004,-0.0011900790268555284,0.12126295547932386,-0.00023391656577587128,6.12232990230647e-07,4.758830106273611e-07,70703.84800000001,1.0,70509.71118750001,1.98233933883036e-06,126.52422233742391,2880.0,1.0,,255,,,,,,,,
4.657217332000073,0.0028286780385447705,0.03330078123447796,0.0,0.0,0.00784,4.0,0.36,-0.0020486008773635453,0.11049490887671709,-0.0011826371774077415,6.584118352748192e-07,5.006391816664291e-07,70742.996,1.0,70470.6375625,1.98233933883036e-06,149.54836319334504,2880.0,1.0,,256,,,,,,,,
4.660562772998674,0.006420261435961787,0.062093099035943546,0.0,0.0,0.007792500000000001,4.0,0.35750000000000004,0.0003871591858721028,0.11880315622935693,0.0013125954816738765,7.327902243522052e-07,5.28236488624619e-07,70717.076,1.0,70435.16731250001,1.98233933883036e-06,186.8344024203719,2880.0,1.0,,257,,,,,,,,
4.66956611400019,0.008277834526432493,0.062076823165019356,0.0,0.0,0.007745,4.0,0.355,0.0015760261643057067,0.11456209793686867,0.0024629915812208005,6.712566478957646e-07,5.026043024732493e-07,70743.232,1.0,70459.5866875,1.98233933883036e-06,145.0250676142835,2880.0,1.0,,258,,,,,,,,
4.6243781200009835,0.0031133080941305735,0.03932291672875484,0.0,0.0,0.007697500000000001,4.0,0.35250000000000004,-0.0005770509596914053,0.10806101343284051,0.0002544381325909247,6.384615645060876e-07,4.940925310374192e-07,70721.652,1.0,70488.8620625,1.98233933883036e-06,148.46347837598375,2880.0,1.0,,259,,,,,,,,
4.713643349999984,0.004810572427204581,0.03883463543994973,0.0,0.0,0.0076500000000000005,4.0,0.35,0.0010041429098540295,0.10564016674955685,0.0018120008365561564,6.287314112303951e-07,4.5271501036836526e-07,70696.088,1.0,70500.8499375,1.98233933883036e-06,127.25116785710195,2880.0,1.0,,260,70808.88399999999,70698.52,70668.008,70000042,70398.57759999999,best_of_k,70698.52,350.2072538728659
4.709959384001195,0.007115691509412159,0.05060221371240914,0.0,0.0,0.007602500000000002,4.0,0.34750000000000003,0.0031366757005647137,0.09974926679084699,0.0038947215070948005,5.901357151098333e-07,4.776341076725051e-07,70745.628,1.0,70488.939,1.98233933883036e-06,190.00382361021033,2880.0,1.0,,261,,,,,,,,
4.658567516999028,0.009321728188673125,0.060725911772654705,0.0,0.0,0.007555000000000001,4.0,0.345,0.002806964262466257,0.10685234485814969,0.0036139453295618296,5.702433701533968e-07,4.62359771802312e-07,70750.164,1.0,70522.5975625,1.98233933883036e-06,129.7432362083216,2880.0,1.0,,262,,,,,,,,
4.2950837739990675,0.01487293460200413,0.053493923818071686,0.0,1.0,0.007507500000000002,3.0,0.3425,-0.0004133220063522458,0.1030664046605428,0.00036016515352659754,5.835989895786042e-07,4.5124206672476754e-07,70725.208,1.0,70503.024125,1.98233933883036e-06,125.39877544252116,2880.0,1.0,,263,,,,,,,,
4.700942081000903,0.007300762837355516,0.05861002610375484,0.0,0.0,0.00746,4.0,0.33999999999999997,0.0016317060556806002,0.09786628528187673,0.002361526387782457,5.076779932740768e-07,4.220274062068559e-07,70756.052,1.0,70552.95681250001,1.98233933883036e-06,113.52600888382247,2880.0,1.0,,264,,,,,,,,
4.625666091000312,0.009865686794915026,0.05416666677532097,0.0,0.0,0.007412500000000001,4.0,0.3375,-0.0015194675264259179,0.10017555424322684,-0.0007772341681023439,6.609071476759709e-07,5.049912132903955e-07,70748.03600000001,1.0,70542.080625,1.98233933883036e-06,231.01683812356572,2880.0,1.0,,265,,,,,,,,
4.6561204610006826,0.005491785606180244,0.03984375005044664,0.0,0.0,0.007365,4.0,0.33499999999999996,-0.0009080466212859998,0.09581706393510103,-0.0002026180639707794,5.155425443585197e-07,4.255808351653438e-07,70789.69600000001,1.0,70561.2333125,1.98233933883036e-06,115.44377261908608,2880.0,1.0,,266,,,,,,,,
3.6767107409996242,0.047521003137922214,0.10221354166666667,0.0,1.0,0.007317500000000001,1.0,0.3325,0.010775760747492313,0.10027189676960309,0.011509233775238195,5.556146523607216e-07,4.2372698298246786e-07,70763.3,1.0,70527.0724375,1.98233933883036e-06,103.38358686009377,2880.0,1.0,,267,,,,,,,,
4.724872322998635,0.0030761975184621093,0.025179036592210952,0.0,0.0,0.00727,4.0,0.32999999999999996,0.0016404692432843149,0.09929206470648448,0.0023620507369438806,5.181477564046114e-07,4.3983333597452656e-07,70668.228,1.0,70508.3765625,1.98233933883036e-06,100.7103312224403,2880.0,1.0,,268,,,,,,,,
4.639076896999541,0.003934811036458541,0.042399088852107525,0.0,0.0,0.0072225000000000015,4.0,0.3275,-0.0037269961273220056,0.09349368636806805,-0.0030520190096770725,5.353785278809179e-07,4.5510986031634576e-07,70721.1,1.0,70506.65775,1.98233933883036e-06,146.81300630372482,2880.0,1.0,,269,,,,,,,,
4.7084780690001935,0.005855666107239088,0.051057942754899464,0.0,0.0,0.007174999999999999,4.0,0.32499999999999996,-0.002139810579440867,0.09224078307549159,-0.0014782431147371728,4.385425048288501e-07,4.315605070341159e-07,70693.56,1.0,70525.29106250001,1.98233933883036e-06,87.91627539523682,2880.0,1.0,,270,,,,,,,,
4.644688144999236,0.007600160858282005,0.04871419304981828,0.0,0.0,0.0071275,4.0,0.3225,-0.00013432777874792615,0.09494163002818823,0.0005420733553667864,5.725369085496368e-07,4.757700959127457e-07,70691.688,1.0,70487.80050000001,1.98233933883036e-06,132.95469273872914,2880.0,1.0,,271,,,,,,,,
4.682238631001383,0.006635499221819312,0.051953125201786556,0.0,0.0,0.0070799999999999995,4.0,0.31999999999999995,-0.0019159379032013628,0.09564963728189468,-0.0012390010718566675,4.753174257151234e-07,4.3088514208496537e-07,70641.26400000001,1.0,70453.3721875,1.98233933883036e-06,102.38052124410588,2880.0,1.0,,272,,,,,,,,
4.742146303000482,0.006040091837612375,0.057910156436264515,0.0,0.0,0.0070325000000000006,4.0,0.3175,-0.001979177672183141,0.09028202605744202,-0.001344535150565207,5.089974367914843e-07,4.2931556620828815e-07,70657.056,1.0,70475.03456249999,1.98233933883036e-06,124.96368476554859,2880.0,1.0,,273,,,,,,,,
4.752601220998258,0.006867833830103365,0.053515625574315585,0.0,0.0,0.006985,4.0,0.31499999999999995,-0.005382810408870379,0.0883158106977741,-0.0047661836627715575,5.204217300066224e-07,4.1526143235159907e-07,70671.3,1.0,70471.77262500001,1.98233933883036e-06,116.84778987900988,2880.0,1.0,,274,,,,,,,,
4.7859539030014275,0.0056640017820287865,0.050667317816987634,0.0,0.0,0.006937500000000001,4.0,0.3125,-0.0005118986761469083,0.09449180277685325,0.00014332423961604945,6.764082437863787e-07,4.926352185445163e-07,70720.11200000001,1.0,70426.59456249999,1.98233933883036e-06,288.8312597948571,2880.0,1.0,,275,,,,,,,,
4.7299219830001675,0.00605601906144108,0.05690104188397527,0.0,0.0,0.006890000000000002,4.0,0.31000000000000005,-0.004218331191320128,0.09512361387411754,-0.0035631891999704144,5.17303226625169e-07,4.162301176317366e-07,70706.944,1.0,70491.1163125,1.98233933883036e-06,125.19913419689735,2880.0,1.0,,276,,,,,,,,
4.784056254000461,0.00895196765203051,0.046093750124176346,0.0,0.0,0.006842500000000001,4.0,0.3075,-0.0053417641029227525,0.08799772274990876,-0.004739907550780724,5.774449138111019e-07,4.2086982195617867e-07,70703.38,1.0,70442.72306250001,1.98233933883036e-06,144.13729644464357,2880.0,1.0,,277,,,,,,,,
3.752652836999914,0.03101987221089786,0.044921875,0.0,1.0,0.006795000000000002,1.0,0.30500000000000005,0.006317101729412873,0.09145044162869453,0.00693824344004194,5.091227421871736e-07,4.264775554929656e-07,70684.904,1.0,70481.29775,1.98233933883036e-06,135.07671667218392,2880.0,1.0,,278,,,,,,,,
4.697561548000522,0.011495493562512967,0.05426432308740914,0.0,0.0,0.0067475,4.0,0.3025,0.0008278294602253785,0.09006521105766296,0.0014352760820960004,5.034125329927974e-07,4.368337336302375e-07,70654.344,1.0,70480.39175000001,1.98233933883036e-06,144.8547392353363,2880.0,1.0,,279,,,,,,,,
4.683311716000389,0.010790666784589101,0.05156250003104409,0.0,0.0,0.006700000000000001,4.0,0.30000000000000004,-0.0027289483114145696,0.08268023406465848,-0.002175258516217582,5.040040728469345e-07,4.35485574712402e-07,70676.74,1.0,70446.527,1.98233933883036e-06,143.19019826266006,2880.0,1.0,,280,70808.88399999999,70656.11600000001,70483.66799999999,70000042,70381.31000000001,best_of_k,70656.11600000001,335.3914819538519
4.654635192000569,0.0053952339196635295,0.052799479415019356,0.0,0.0,0.0066525,4.0,0.2975,-0.005459848090443605,0.09268234080324571,-0.004843532993011952,4.970547327805738e-07,4.0880363627593397e-07,70686.82800000001,1.0,70453.52225000001,1.98233933883036e-06,124.9297117980251,2880.0,1.0,,281,,,,,,,,
4.721924667001076,0.005589971963645486,0.035091145895421505,0.0,0.0,0.0066050000000000015,4.0,0.29500000000000004,2.9706250643357635e-05,0.09572034732749064,0.0006616176882137855,5.868254871662278e-07,5.264946203453746e-07,70633.86,1.0,70344.79931249999,1.98233933883036e-06,179.2430650632756,2880.0,1.0,,282,,,,,,,,
4.707874081999762,0.009134893107931438,0.04383138054981828,0.0,0.0,0.006557500000000001,4.0,0.2925,-0.001139836754494657,0.09251461767901976,-0.0005334547992485265,5.048178681003416e-07,4.63667387151645e-07,70598.5,1.0,70376.37831249999,1.98233933883036e-06,142.2133774646477,2880.0,1.0,,283,,,,,,,,
4.660618165000415,0.007075234602495743,0.03180338543218871,0.0,0.0,0.006510000000000002,4.0,0.29000000000000004,-0.0009578382014296949,0.08967982698231936,-0.00037430645897984505,6.674323375458849e-07,4.3470381783095036e-07,70580.148,1.0,70328.70362500002,1.98233933883036e-06,138.4748744551136,2880.0,1.0,,284,,,,,,,,
3.7711762939998152,0.028905106102413924,0.061197916666666664,0.0,1.0,0.0064624999999999995,1.0,0.2875,0.005675597698427737,0.08775668715437253,0.006242157270510991,3.507523198701771e-06,4.318659136970382e-07,70657.996,1.0,70381.78387500001,1.98233933883036e-06,135.8777257407709,2880.0,1.0,,285,,,,,,,,
4.677096490000622,0.006893974289907827,0.045589192770421505,0.0,0.0,0.0064150000000000006,4.0,0.28500000000000003,0.00012039304904950161,0.08830787024150293,0.0006865475055140754,1.2372938561118947e-06,4.3377338698746826e-07,70653.976,1.0,70403.2041875,1.98233933883036e-06,157.39968290697038,2880.0,1.0,,286,,,,,,,,
4.765191391999906,0.005730673015853505,0.022932942879075807,0.0,0.0,0.0063675,4.0,0.2825,-0.001380671523899461,0.08318939246237278,-0.000851225748192519,5.715409881664376e-07,4.1074885004377393e-07,70664.976,1.0,70443.9906875,1.98233933883036e-06,129.89209088711817,2880.0,1.0,,287,,,,,,,,
4.639009615000759,0.004860335581807836,0.03572591138072312,0.0,0.0,0.006320000000000001,4.0,0.28,-0.0016874660165437187,0.08476940914988518,-0.0011520224312941234,7.24583136009945e-07,4.5347165903801095e-07,70667.232,1.0,70374.5789375,1.98233933883036e-06,171.196228045834,2880.0,1.0,,288,,,,,,,,
4.398607037999682,0.019185154354199183,0.058441840319169894,0.0,1.0,0.0062725,3.0,0.27749999999999997,0.0009514545284522077,0.084103771381908,0.0014786376591978802,1.1644248634941807e-06,4.833153531712419e-07,70663.924,1.0,70394.584875,1.98233933883036e-06,162.27624882814717,2880.0,1.0,,289,,,,,,,,
4.645657442000811,0.004758990191589578,0.039371745040019356,0.0,0.0,0.006225000000000001,4.0,0.275,0.0016452177539273787,0.08878261409699917,0.0021976197157679658,6.884526146203976e-07,4.015465222551029e-07,70641.46,1.0,70427.1256875,1.98233933883036e-06,133.04629725739082,2880.0,1.0,,290,,,,,,,,
4.704745708000701,0.01803472831445833,0.05895182319606344,0.0,1.0,0.006177500000000001,4.0,0.27249999999999996,-0.0009039287591197839,0.08348534597704808,-0.0003890239556009571,6.061132558225306e-06,4.387198965597842e-07,70626.03600000001,1.0,70407.76625,1.98233933883036e-06,154.2628635120512,2880.0,1.0,,291,,,,,,,,
3.7358961360005196,0.03451809028761824,0.057747396330038704,0.0,1.0,0.006130000000000002,1.0,0.27,0.00782379632194837,0.08268519987662633,0.008329182242353758,1.2517323095077396e-05,4.495523266238403e-07,70678.04000000001,1.0,70444.8645625,1.98233933883036e-06,128.66933467587944,2880.0,1.0,,292,,,,,,,,
4.653437691998988,0.003994912960072483,0.03624674483823279,0.0,0.0,0.006082499999999999,4.0,0.26749999999999996,-0.0003627438903398191,0.08173460823794206,0.0001332554966211319,9.213664881713157e-06,4.6038496511376553e-07,70518.89199999999,1.0,70325.128,1.98233933883036e-06,108.55662502123089,2880.0,1.0,,293,,,,,,,,
4.726740812999196,0.005754125533117123,0.04109700513072312,0.0,0.0,0.006035,4.0,0.265,-0.002685993725511556,0.0834318653990825,-0.002183048791872958,3.5064313716285747e-06,4.312150849727914e-07,70614.12,1.0,70352.47875000001,1.98233933883036e-06,120.63295198219072,2880.0,1.0,,294,,,,,,,,
4.662081266998939,0.003260120329638442,0.03813476557843387,0.0,0.0,0.0059875,4.0,0.26249999999999996,-0.0014160529281070922,0.0806417887409528,-0.000933896730809162,4.664482522305964e-06,4.394514382018618e-07,70481.648,1.0,70288.4995,1.98233933883036e-06,141.0381671773634,2880.0,1.0,,295,,,,,,,,
4.759202576000462,0.005655230643715943,0.05891927114377419,0.0,0.0,0.005940000000000001,4.0,0.26,-0.005279639929843445,0.09000703475127618,-0.004745260501901309,6.745634912874721e-07,3.901380019044609e-07,70470.956,1.0,70263.48781250001,1.98233933883036e-06,118.6194277246143,2880.0,1.0,,296,,,,,,,,
4.665917853000792,0.0023594593308162715,0.023453776103754837,0.0,0.0,0.0058925,4.0,0.25749999999999995,0.0016991535012493841,0.0907655144110322,0.0022337333211908117,5.578857814233137e-07,4.0238986898089024e-07,70465.608,1.0,70259.4263125,1.98233933883036e-06,113.3872002604464,2880.0,1.0,,297,,,,,,,,
4.682089182999334,0.006119139033688252,0.06328125003104408,0.0,0.0,0.005845000000000001,4.0,0.255,-5.8078658184967935e-06,0.09063272799054782,0.000523690483532846,4.839595106886918e-07,4.034712344965404e-07,70496.076,1.0,70272.57231250001,1.98233933883036e-06,150.30993498984859,2880.0,1.0,,298,,,,,,,,
4.68703182200079,0.01252351267953955,0.06915690121240914,0.0,1.0,0.005797500000000001,4.0,0.25249999999999995,0.002219542443829899,0.08842990268021822,0.0027319727620730796,4.5243179513931864e-07,3.9335175353964286e-07,70474.84400000001,1.0,70281.3275625,1.98233933883036e-06,124.28374963187633,2880.0,1.0,,299,,,,,,,,
4.711005721001129,0.0025651295427531196,0.02749023454574247,0.0,0.0,0.005750000000000002,4.0,0.25,-0.0010798409154328208,0.08913264485696952,-0.0005675631109625101,4.5089571187872934e-07,3.7967989641174427e-07,70485.58799999999,1.0,70281.81625,1.98233933883036e-06,111.62120318038798,2880.0,1.0,,300,70808.88399999999,70438.99600000001,70275.972,70000042,70170.56213333334,best_of_k,70438.99600000001,320.54592344059336
4.704263735000495,0.004018754865152611,0.040185547045742474,0.0,0.0,0.005702500000000001,4.0,0.24750000000000005,-0.000884682148656187,0.0883500212803483,-0.000381101097445935,4.611400600632957e-07,3.786028059948876e-07,70469.66,1.0,70270.270375,1.98233933883036e-06,116.0197345103807,2880.0,1.0,,301,,,,,,,,
4.732630403999792,0.005523641448861305,0.04864908863479892,0.0,0.0,0.005655,4.0,0.245,6.458928692154586e-05,0.08938048717876275,0.000569778261706233,4.842371434203111e-07,4.1772875884286503e-07,70592.884,1.0,70248.97981250001,1.98233933883036e-06,123.93341289262942,2880.0,1.0,,302,,,,,,,,
4.71982111699981,0.0035131026550144404,0.03391927108168602,0.0,0.0,0.005607500000000001,4.0,0.24250000000000005,0.002821896266444431,0.08870987687259912,0.0033190803369507194,4.758108538283068e-07,4.177743425278398e-07,70545.18400000001,1.0,70246.38081249999,1.98233933883036e-06,115.06592242097575,2880.0,1.0,,303,,,,,,,,
4.691217830000824,0.002455444560255593,0.028401692941163976,0.0,0.0,0.005560000000000001,4.0,0.24,-0.0035427184387420616,0.09019415515164535,-0.0030414899423097572,4.573152416753601e-07,4.1010769891158816e-07,70452.764,1.0,70261.65843750001,1.98233933883036e-06,109.52301797480195,2880.0,1.0,,304,,,,,,,,
4.717415524000899,0.0023643091513714984,0.026497395912883803,0.0,0.0,0.005512500000000002,4.0,0.23750000000000004,-0.004588257055729628,0.0892153074964881,-0.004096682348366206,4.616431349783549e-07,3.581940966057573e-07,70474.05200000001,1.0,70292.530375,1.98233933883036e-06,107.57467240414731,2880.0,1.0,,305,,,,,,,,
4.729711645000862,0.0036856204738221856,0.033870442964447044,0.0,0.0,0.005465000000000001,4.0,0.235,7.736632202674325e-05,0.08805868433167537,0.0005583827053972831,4.270585591825693e-07,3.638636532817448e-07,70505.624,1.0,70312.82375000001,1.98233933883036e-06,113.17104903833703,2880.0,1.0,,306,,,,,,,,
4.658491573998617,0.00489450343491112,0.05598958364377419,0.0,0.0,0.005417500000000002,4.0,0.23250000000000004,0.0016295059782957348,0.08844977368911107,0.0021084584683800736,4.162578844576122e-07,3.652934085588792e-07,70494.84800000001,1.0,70319.50987500002,1.98233933883036e-06,107.77734590109596,2880.0,1.0,,307,,,,,,,,
4.715602566000598,0.0028908326132922233,0.0362955730718871,0.0,0.0,0.00537,4.0,0.22999999999999998,2.1950802571761113e-05,0.09134455552945535,0.0005122383978838722,4.290796991786768e-07,3.8174303895743833e-07,70504.34,1.0,70285.2315,1.98233933883036e-06,133.67909838396625,2880.0,1.0,,308,,,,,,,,
4.680939683999895,0.005166164796277961,0.036946614660943546,0.0,0.0,0.005322500000000001,4.0,0.22750000000000004,-0.0033212967585617057,0.0848892026891311,-0.0028697025263682008,4.205934729384353e-07,3.7328111327875985e-07,70483.66799999999,1.0,70272.97643750001,1.98233933883036e-06,120.98218464740312,2880.0,1.0,,309,,,,,,,,
4.662609163000525,0.002639358081892418,0.0317382815022332,0.0,0.0,0.005275,4.0,0.22499999999999998,-0.0003094025948181904,0.0893199210986495,0.0001615301395455996,4.4070930963850213e-07,3.718686798492854e-07,70499.392,1.0,70302.36281250001,1.98233933883036e-06,107.7359992775855,2880.0,1.0,,310,,,,,,,,
4.655971414000305,0.004557471219867419,0.050797526026144624,0.0,0.0,0.005227500000000001,4.0,0.22250000000000003,-0.0039156681596068665,0.09524755148837964,-0.0034179907913009324,4.943519466375316e-07,3.5988480107107534e-07,70505.676,1.0,70308.36218750001,1.98233933883036e-06,246.56143212892283,2880.0,1.0,,311,,,,,,,,
4.71623932699913,0.008099842453578532,0.04326171875194026,0.0,0.0,0.005180000000000001,4.0,0.21999999999999997,-0.0043214607576373965,0.09341902037461598,-0.00383782887365669,8.864777759261718e-07,3.8071618864895146e-07,70516.956,1.0,70259.67662500001,1.98233933883036e-06,148.21433549967188,2880.0,1.0,,312,,,,,,,,
4.8127973829996336,0.006025203413313325,0.04780273434395591,0.0,0.0,0.005132500000000002,4.0,0.21750000000000003,0.0007698699191678315,0.09853033473094304,0.001275026200649639,9.98203670832254e-07,9.005368054223103e-07,70546.892,1.0,70302.08825,1.98233933883036e-06,159.9317219220054,2880.0,1.0,,313,,,,,,,,
4.657510388000446,0.0025455536834524395,0.02916666673263535,0.0,0.0,0.005085000000000001,4.0,0.21499999999999997,0.00016048576799221337,0.09985435598840316,0.0006677136601259311,5.069097331518909e-07,9.620424682073765e-07,70514.74799999999,1.0,70310.84756249998,1.98233933883036e-06,109.71804110108059,2880.0,1.0,,314,,,,,,,,
4.734876339000039,0.002569573957237855,0.02685546890522043,0.0,0.0,0.005037500000000002,4.0,0.21250000000000002,-0.0004255589932048072,0.10183300947149594,8.718108195656289e-05,4.7385053510614245e-07,3.926550403339964e-07,70490.06,1.0,70276.49775000001,1.98233933883036e-06,143.53758372613558,2880.0,1.0,,315,,,,,,,,
4.693359416000021,0.004647997404853517,0.043424479430541396,0.0,0.0,0.00499,4.0,0.20999999999999996,0.000381588133071394,0.09995178940395515,0.0008801050328960022,4.7529158209158595e-07,3.9039057616226575e-07,70491.12000000001,1.0,70267.0753125,1.98233933883036e-06,148.10891144619737,2880.0,1.0,,316,,,,,,,,
4.720892878998711,0.003350185405227357,0.0389160158423086,0.0,0.0,0.004942500000000001,4.0,0.20750000000000002,0.0014374298698385246,0.09957637606809537,0.0019293644387895863,5.282173987097849e-07,3.381764450693936e-07,70477.95199999999,1.0,70274.92875,1.98233933883036e-06,118.86522868962722,2880.0,1.0,,317,,,,,,,,
4.71027796099952,0.005690546820771599,0.05623372419116398,0.0,0.0,0.004895,4.0,0.20499999999999996,-0.0007831224356777966,0.09565705433487892,-0.00031511089764535427,4.84764820877596e-07,3.6233028074169244e-07,70469.932,1.0,70198.011,1.98233933883036e-06,155.51239722928804,2880.0,1.0,,318,,,,,,,,
4.796244654000475,0.005430036966277048,0.05847981773937742,0.0,0.0,0.004847500000000001,4.0,0.2025,0.0019324086315464228,0.09493045477817456,0.0023923679060923555,4.3407759401740503e-07,3.4489527796684644e-07,70487.84000000001,1.0,70231.73981249999,1.98233933883036e-06,151.04188212120138,2880.0,1.0,,319,,,,,,,,
4.669434082001317,0.003902715138581314,0.04415690122793118,0.0,0.0,0.0048000000000000004,4.0,0.19999999999999996,-0.001798949151028258,0.09326875458161037,-0.0013514780051385362,4.545014533618996e-07,3.4842585587095226e-07,70519.736,1.0,70262.3389375,1.98233933883036e-06,120.7200848414252,2880.0,1.0,,320,70808.88399999999,70532.44,70484.804,70000042,70171.84426666667,best_of_k,70532.44,314.14035300238504
4.789781651001249,0.0030258039883216035,0.029134114864670362,0.0,0.0,0.0047525000000000015,4.0,0.1975,-0.0018387525924481452,0.09361893311142921,-0.0013940537658830483,5.207714591411635e-07,3.469778289873678e-07,70486.516,1.0,70298.168,1.98233933883036e-06,123.61473065537221,2880.0,1.0,,321,,,,,,,,
4.7513337890013645,0.002825762256403704,0.03209635421323279,0.0,0.0,0.004704999999999999,4.0,0.19499999999999995,-0.0002868354495149106,0.09018880967050791,0.00013728184664311507,3.9963371989415464e-07,3.614092657736971e-07,70512.75200000001,1.0,70293.27793750001,1.98233933883036e-06,173.91144569434294,2880.0,1.0,,322,,,,,,,,
4.7583668129991565,0.0026441325037964702,0.02729492194096868,0.0,0.0,0.0046575,4.0,0.1925,7.141199603211135e-05,0.0916381695618232,0.0004979120761466523,5.992044502060404e-07,4.891615444554039e-07,70509.512,1.0,70251.9769375,1.98233933883036e-06,433.84470492201734,2880.0,1.0,,323,,,,,,,,
4.727776738000102,0.0028098043382568014,0.030794270957509678,0.0,0.0,0.0046099999999999995,4.0,0.18999999999999995,-0.000706426719261799,0.09227851840356986,-0.00028126280327948433,6.562826335709815e-07,3.4889055082013937e-07,70502.06,1.0,70280.71118750001,1.98233933883036e-06,126.78414590590597,2880.0,1.0,,324,,,,,,,,
4.770075289001397,0.0030493152051507266,0.03461914067156613,0.0,0.0,0.004562500000000001,4.0,0.1875,-0.004916604229947552,0.09065226775904496,-0.00450328523099112,7.413178053639058e-07,4.1467862980463604e-07,70509.084,1.0,70290.8619375,1.98233933883036e-06,223.71485602435249,2880.0,1.0,,325,,,,,,,,
4.696131905000584,0.00392306999055118,0.027099609646635752,0.0,0.0,0.004515000000000002,4.0,0.18500000000000005,-0.0032587333504731455,0.0892720070357124,-0.002855965712418159,1.0681812353160087e-06,3.7729434509969906e-07,70513.83200000001,1.0,70300.661375,1.98233933883036e-06,125.89231231139203,2880.0,1.0,,326,,,,,,,,
4.7698378860004595,0.0014070513447365467,0.016145833457509678,0.0,0.0,0.004467500000000001,4.0,0.1825,0.001255454483422606,0.0822298942754666,0.0016225215901310246,1.1836068397978277e-06,3.5344996381544053e-07,70506.0,1.0,70356.53700000001,1.98233933883036e-06,99.82731704798996,2880.0,1.0,,327,,,,,,,,
4.679333636999218,0.002074125286088524,0.022884114800641935,0.0,0.0,0.004420000000000002,4.0,0.18000000000000005,-0.0019362659271185596,0.08014375219742458,-0.0015822638912747304,8.324870274615629e-07,3.0233197279017077e-07,70524.24799999999,1.0,70349.626625,1.98233933883036e-06,113.68336014610558,2880.0,1.0,,328,,,,,,,,
4.718544953999299,0.0023550988625012557,0.027994791792783264,0.0,0.0,0.004372500000000001,4.0,0.1775,-0.002006195456488058,0.0800259259218971,-0.0016564576265712578,3.702262958427127e-07,2.7749061359827465e-07,70512.68400000001,1.0,70370.663875,1.98233933883036e-06,106.17624382358082,2880.0,1.0,,329,,,,,,,,
4.712179889998879,0.0019030558139349434,0.021468099129075807,0.0,0.0,0.0043250000000000025,4.0,0.17500000000000004,-0.0005128966683211426,0.07610143162310123,-0.0001839544662895302,3.8036637306504417e-07,3.168381231451652e-07,70525.568,1.0,70340.8041875,1.98233933883036e-06,116.08655701550799,2880.0,1.0,,330,,,,,,,,
4.729158312999061,0.0018577123857310696,0.019710286568927888,0.0,0.0,0.0042775,4.0,0.1725,0.002742745477007702,0.07262706477195024,0.003053230078270038,3.2503726643540176e-07,2.902843121432852e-07,70521.8,1.0,70365.743,1.98233933883036e-06,103.73483696184236,2880.0,1.0,,331,,,,,,,,
4.669559195001057,0.002227005518995758,0.028955078062911827,0.0,0.0,0.004230000000000001,4.0,0.17000000000000004,-0.0005213669695270559,0.07126318849623203,-0.00022010745791097483,5.216619705095127e-07,2.6331683145031093e-07,70530.404,1.0,70401.6349375,1.98233933883036e-06,90.63329936409119,2880.0,1.0,,332,,,,,,,,
4.759851480001089,0.0029304647157187467,0.03391927108168602,0.0,0.0,0.004182500000000002,4.0,0.16749999999999998,-0.0016684323588075738,0.07434179012974103,-0.0013577052644298722,7.16841624874102e-07,2.730013205128519e-07,70531.4,1.0,70382.8030625,1.98233933883036e-06,98.63721974929715,2880.0,1.0,,333,,,,,,,,
4.682103395000013,0.0024549401108077498,0.027652995040019352,0.0,0.0,0.004135,4.0,0.16500000000000004,-0.003705652391848465,0.07989539268116157,-0.0033756220946088433,1.7467190100243595e-06,3.250074970632492e-07,70520.2,1.0,70360.47075000001,1.98233933883036e-06,111.84609546353214,2880.0,1.0,,334,,,,,,,,
4.70680635700046,0.001929050169238759,0.022428385408905644,0.0,0.0,0.004087500000000001,4.0,0.16249999999999998,-0.002831068142162015,0.07949836645275354,-0.0025068253356342516,5.532566332770254e-06,3.07006925955496e-07,70508.968,1.0,70368.0111875,1.98233933883036e-06,110.5582388182347,2880.0,1.0,,335,,,,,,,,
4.693756050000957,0.0016049936808686383,0.015804036636836827,0.0,0.0,0.004040000000000002,4.0,0.16000000000000003,0.0033233798118696236,0.07971730176359415,0.0036449985733876624,2.811040931286849e-06,3.1633329674226235e-07,70524.148,1.0,70378.6873125,1.98233933883036e-06,144.2389995971175,2880.0,1.0,,336,,,,,,,,
4.673892975000854,0.0025314448305572648,0.02998046892268273,0.0,0.0,0.0039924999999999995,4.0,0.15749999999999997,-0.0007671773613158924,0.08126003357271354,-0.00044293468818068504,3.961615711034483e-07,2.9614497994619643e-07,70525.36,1.0,70370.0983125,1.98233933883036e-06,89.86880675964521,2880.0,1.0,,337,,,,,,,,
4.691000672000882,0.0019870646048518736,0.019205729166666668,0.0,0.0,0.003945000000000001,4.0,0.15500000000000003,-0.0008346679290601363,0.08090827614068985,-0.0005156717573602995,3.5364218575750783e-07,3.0219898405903223e-07,70502.48,1.0,70359.894125,1.98233933883036e-06,94.68274724565426,2880.0,1.0,,338,,,,,,,,
4.7062422260005405,0.002359054691596363,0.02641601588887473,0.0,0.0,0.0038975000000000017,4.0,0.15249999999999997,0.0013516532150485243,0.07642889240135749,0.001649353769607842,3.4821292160813755e-07,2.927905159803383e-07,70511.98000000001,1.0,70342.05625,1.98233933883036e-06,109.02952562236331,2880.0,1.0,,339,,,,,,,,
4.7162207499986835,0.0036459065294150625,0.03497721355718871,0.0,0.0,0.0038500000000000027,4.0,0.15000000000000002,-0.0033671535396327576,0.07747314497828484,-0.003069054645796617,3.194757501508623e-07,2.798835675813886e-07,70498.06,1.0,70366.5140625,1.98233933883036e-06,88.66926893516133,2880.0,1.0,,340,70808.88399999999,70496.492,70396.032,70000042,70300.5732,best_of_k,70496.492,337.6097111954775
