elapsed_seconds,optimization_approximate_kl,optimization_clip_fraction,optimization_count_loss,optimization_early_kl_stop,optimization_entropy_coefficient,optimization_epochs_completed,optimization_learning_rate_fraction,optimization_loss,optimization_normalized_entropy,optimization_policy_loss,optimization_q_loss,optimization_value_loss,rollout_best_objective,rollout_feasible_rate,rollout_mean_objective,rollout_reward_scale,rollout_std_objective,rollout_transitions,rollout_vectorized_rollouts,self_imitation_loss,update,validation_archive_best_objective,validation_best_of_k_objective,validation_deterministic_objective,validation_fixed_validation_seed,validation_mean_stochastic_objective,validation_selection_metric,validation_selection_objective,validation_std_stochastic_objective
9.12035926200042,0.014546459755365504,0.15594482421875,0.0,0.0,0.0199525,4.0,0.9975,-0.013809036026941612,0.7151868306100368,-0.00511533094686456,0.023394044386805035,0.006473311826994177,82316.38675,1.0,55397.7328828125,3.804325036319177e-07,11365.05066825288,3840.0,1.0,,1,82316.38675,104675.05875,0.0,70000042,68654.02410833334,best_of_k,104675.05875,13342.670255777692
9.224342563000391,0.01271228413679637,0.15069580078125,0.0,0.0,0.019905,4.0,0.995,-0.028265546483453363,0.7466720268130302,-0.013588120113126934,0.0006018745799565295,0.00024978752190918385,101129.92800000001,1.0,69301.16378125,3.804325036319177e-07,13136.159545225431,3840.0,1.0,,2,,,,,,,,
10.704435264000494,0.010593367293040501,0.125,0.0,0.0,0.0198575,4.0,0.9925,-0.02468235582637135,0.7632071804255247,-0.009544629545416683,7.791222424202715e-05,1.973802218913079e-05,133886.62175000002,1.0,86300.0066484375,3.804325036319177e-07,15308.129666642202,3840.0,1.0,,3,,,,,,,,
9.668885746999877,0.00844268894434208,0.1026611328125,0.0,0.0,0.01981,4.0,0.99,-0.02325398728135042,0.7654856238514185,-0.008098860329482704,3.11678778643909e-05,1.205390589120725e-05,121949.55150000002,1.0,89350.30529296875,3.804325036319177e-07,13868.614538902259,3840.0,1.0,,4,,,,,,,,
8.758166577998054,0.008197396593459416,0.1138916015625,0.0,0.0,0.0197625,4.0,0.9875,-0.025395872828084975,0.7757436670362949,-0.01007385786215309,2.9045267694982613e-05,1.1428370868316051e-05,136467.14675,1.0,98939.18246875,3.804325036319177e-07,13854.130848807084,3840.0,1.0,,5,,,,,,,,
10.449514028998237,0.009208943494741106,0.1309814453125,0.0,0.0,0.019715,4.0,0.985,-0.03039059415459633,0.7555032204836607,-0.015506209820159711,3.107302495664044e-05,1.450910727385235e-05,152652.50675,1.0,113375.44310546873,3.804325036319177e-07,16080.836013766366,3840.0,1.0,,6,,,,,,,,
9.831852803999936,0.008709064895811025,0.13275146484375,0.0,0.0,0.0196675,4.0,0.9825,-0.024266261898446828,0.7453558295965195,-0.009615004571969621,2.7241340660566493e-05,1.0608915204102232e-05,152675.94850000003,1.0,123113.51793359374,3.804325036319177e-07,13068.777119048835,3840.0,1.0,,7,,,,,,,,
8.440882070000953,0.008186508646758739,0.12005615234375,0.0,0.0,0.019620000000000002,4.0,0.98,-0.02470384383923374,0.7308863066136837,-0.010372134987846948,2.527569142785069e-05,1.150535607052916e-05,163195.03725,1.0,132809.04178515627,3.804325036319177e-07,14729.458402052747,3840.0,1.0,,8,,,,,,,,
10.42757191200144,0.00769587344257161,0.12603759765625,0.0,0.0,0.0195725,4.0,0.9775,-0.02024223457556218,0.7047818936407566,-0.006455158945755102,2.3458931707409647e-05,9.844396089420115e-06,174400.56125000003,1.0,146589.67837890628,3.804325036319177e-07,12658.864169245042,3840.0,1.0,,9,,,,,,,,
10.276606575996993,0.006453000554756727,0.09136962890625,0.0,0.0,0.019525,4.0,0.975,-0.020360312279080972,0.6807454098016024,-0.007076718786265701,2.5251793601910322e-05,1.0873581231862772e-05,182500.68175000002,1.0,157661.20106640627,3.804325036319177e-07,12971.19399341968,3840.0,1.0,,10,,,,,,,,
8.426521376997698,0.009437716071261093,0.14996337890625,0.0,0.0,0.019477500000000002,4.0,0.9725,-0.025919225707184523,0.6531851850450039,-0.013203027221607044,1.8792670573475334e-05,8.673747103671303e-06,190947.96175000002,1.0,161566.366328125,3.804325036319177e-07,15060.208775256595,3840.0,1.0,,11,,,,,,,,
10.106830364002235,0.007367261681793025,0.11383056640625,0.0,0.0,0.01943,4.0,0.97,-0.022307744991849177,0.6311762388795614,-0.010048803174868226,1.582971674451983e-05,6.45963761769508e-06,195092.88025000002,1.0,172851.39281640627,3.804325036319177e-07,10941.410504129028,3840.0,1.0,,12,,,,,,,,
9.91127497799971,0.006199505565746222,0.08453369140625,0.0,0.0,0.0193825,4.0,0.9675,-0.019307776092318818,0.6026218291372061,-0.00763220273074694,1.3624040121840153e-05,6.7645161010432275e-06,201301.27550000002,1.0,181721.7527265625,3.804325036319177e-07,9794.827430890602,3840.0,1.0,,13,,,,,,,,
8.356768191999436,0.006310390170256142,0.0877685546875,0.0,0.0,0.019335,4.0,0.965,-0.019884729365003295,0.5710845459252596,-0.008847288248944096,1.648326485792495e-05,5.659962326376444e-06,205981.1185,1.0,187089.4099609375,3.804325036319177e-07,9136.340597603463,3840.0,1.0,,14,,,,,,,,
10.052145395999105,0.007023108817520551,0.09222412109375,0.0,0.0,0.0192875,4.0,0.9625,-0.013568522641435266,0.5631943661719561,-0.0027094148099422455,1.2592122686783114e-05,4.489445288413663e-06,206861.5565,1.0,192423.59072656248,3.804325036319177e-07,7879.394506951077,3840.0,1.0,,15,,,,,,,,
9.762913812002807,0.008700541224243352,0.11480712890625,0.0,0.0,0.01924,4.0,0.96,-0.018460213992511854,0.5217503942549229,-0.00842449872288853,1.1039888434538625e-05,3.314907239371223e-06,214708.87625,1.0,200160.58920312498,3.804325036319177e-07,6788.377485654287,3840.0,1.0,,16,,,,,,,,
8.233931013000984,0.006788090533518698,0.07275390625,0.0,0.0,0.0191925,4.0,0.9575,-0.0108259973640088,0.4994725836440921,-0.0012426729954313487,1.406248114221853e-05,2.7925469368028644e-06,213367.24275000003,1.0,204948.7265078125,3.804325036319177e-07,4590.63480752004,3840.0,1.0,,17,,,,,,,,
10.154006846998527,0.006394323001586599,0.0753173828125,0.0,0.0,0.019145,4.0,0.955,-0.011449389028712176,0.47130478359758854,-0.00247082527494058,0.000393210497520613,1.0490767031967607e-05,217686.1525,1.0,207918.631546875,3.804325036319177e-07,4964.729425075865,3840.0,1.0,,18,,,,,,,,
9.880007333998947,0.008421335504863237,0.09271240234375,0.0,0.0,0.0190975,4.0,0.9525,-0.01045409131620545,0.467434317804873,-0.0015321702521760017,3.5950329376532864e-05,2.6208236718616718e-06,220802.51725,1.0,209646.61768359377,3.804325036319177e-07,5020.060429200066,3840.0,1.0,,19,,,,,,,,
8.286347585999465,0.007649565412521042,0.08587646484375,0.0,0.0,0.01905,4.0,0.95,-0.009144957351963967,0.4430022453889251,-0.0007115608168533072,4.531836411558743e-05,2.528110783828197e-06,220222.21725000002,1.0,212228.31566015625,3.804325036319177e-07,3708.889320580675,3840.0,1.0,,20,220802.51725,219163.14075000002,221569.859,70000042,212736.2686166667,best_of_k,219163.14075000002,4126.590621810953
8.415569405002316,0.005086482757633348,0.06048583984375,0.0,0.0,0.019002500000000002,4.0,0.9475,-0.010863801027880982,0.4549799673259258,-0.002234695479273796,0.0001437721899577582,4.5495334859424474e-06,222387.8575,1.0,214300.29619140626,3.804325036319177e-07,3451.7247167947494,3840.0,1.0,,21,,,,,,,,
10.76589474100183,0.005688193989954016,0.06842041015625,0.0,0.0,0.018955,4.0,0.945,-0.011503513902425766,0.44147041346877813,-0.0031549945706501603,0.00016970966818519173,5.161860347158154e-06,220020.1505,1.0,214235.904,3.804325036319177e-07,3615.941535370983,3840.0,1.0,,22,,,,,,,,
9.18078330100252,0.005220327000870384,0.05908203125,0.0,0.0,0.0189075,4.0,0.9425,-0.012767341919243336,0.42313659377396107,-0.004803682051715441,0.0003201772115488666,9.556399039212238e-06,223065.88749999998,1.0,216284.56548046874,3.804325036319177e-07,3312.445763127765,3840.0,1.0,,23,,,,,,,,
8.343442166002205,0.008502202646809565,0.08941650390625,0.0,0.0,0.018860000000000002,4.0,0.94,-0.010748741289717145,0.4057378815487027,-0.003154579026158899,0.0005054480779733694,1.5016991870453467e-05,224325.83800000002,1.0,216715.68302734377,3.804325036319177e-07,3652.376761301153,3840.0,1.0,,24,,,,,,,,
10.172366232000059,0.0038992888751181454,0.052001953125,0.0,0.0,0.0188125,4.0,0.9375,-0.006150079978397116,0.41121332719922066,0.001558322983328253,0.00023815321339526463,7.4640296148231755e-06,224048.3225,1.0,218358.5954296875,3.804325036319177e-07,3075.657335496767,3840.0,1.0,,25,,,,,,,,
8.982500721998804,0.010030080805904618,0.11651611328125,0.0,0.0,0.018765,4.0,0.935,-0.00813972158357501,0.38487397227436304,-0.000945058767683804,0.00023948123940442656,7.098320843113015e-06,224486.46050000002,1.0,218570.58466796874,3.804325036319177e-07,3296.674509635732,3840.0,1.0,,26,,,,,,,,
8.354930299999978,0.0042323394472987275,0.05059814453125,0.0,0.0,0.0187175,4.0,0.9325,-0.009013200593471993,0.38052181992679834,-0.0018956651911139488,3.7091713160464224e-05,2.3432992541927433e-06,225189.9545,1.0,220281.2302421875,3.804325036319177e-07,2694.2414177594037,3840.0,1.0,,27,,,,,,,,
10.29422615400108,0.005301034582601005,0.05963134765625,0.0,0.0,0.01867,4.0,0.9299999999999999,-0.007247484092658851,0.3624263470992446,-0.00048186653293669224,3.2194872048307843e-06,1.1211251464970928e-06,226918.217,1.0,220626.4042109375,3.804325036319177e-07,2488.6880395680864,3840.0,1.0,,28,,,,,,,,
8.63937456900021,0.005618596422152677,0.06585693359375,0.0,0.0,0.0186225,4.0,0.9275,-0.005348017170035746,0.3544337162747979,0.0012505253544077277,1.2415220176364983e-05,1.3153415032718385e-06,224807.50650000002,1.0,220831.2417265625,3.804325036319177e-07,2674.764357532265,3840.0,1.0,,29,,,,,,,,
8.582511515000078,0.006932620563333103,0.08367919921875,0.0,0.0,0.018575,4.0,0.925,-0.006223461226909421,0.35166538413614035,0.00030777143547311425,4.727129159221022e-06,9.57634867404522e-07,225939.18600000005,1.0,221944.92195312504,3.804325036319177e-07,1871.3250864898946,3840.0,1.0,,30,,,,,,,,
10.17317913000079,0.005692696033662514,0.0723876953125,0.0,0.0,0.018527500000000002,4.0,0.9225,-0.002329514638404362,0.3367141503840685,0.00390800106106326,5.298089597260969e-06,8.503503661216882e-07,226165.179,1.0,222755.9607265625,3.804325036319177e-07,1768.5164652474518,3840.0,1.0,,31,,,,,,,,
8.408934760998818,0.005440371279945566,0.0596923828125,0.0,0.0,0.01848,4.0,0.92,-0.006203739081684034,0.3287456063553691,-0.00013225131260696799,3.0174018462503227e-05,1.4261320355757334e-06,226647.65825000004,1.0,223117.59223046876,3.804325036319177e-07,2005.1994471484666,3840.0,1.0,,32,,,,,,,,
8.929820099998324,0.009530929260904486,0.1173095703125,0.0,0.0,0.0184325,4.0,0.9175,-0.003991373123426456,0.32414934504777193,0.0019681592530105263,0.0001274232668890818,5.215245250766998e-06,227730.57525,1.0,223557.573515625,3.804325036319177e-07,2309.76670440229,3840.0,1.0,,33,,,,,,,,
10.247419341998466,0.005535937410641623,0.06005859375,0.0,0.0,0.018385,4.0,0.915,-0.006658992220764048,0.30658581852912903,-0.0010253456130158156,2.1194394562940033e-05,1.6278532548597013e-06,226901.54175000003,1.0,224295.0139765625,3.804325036319177e-07,1821.337922594286,3840.0,1.0,,34,,,,,,,,
8.410786495998764,0.005222603637982104,0.069580078125,0.0,0.0,0.0183375,4.0,0.9125,-0.0038356699369614944,0.2998407958075404,0.0015912947710603476,0.0006452085821280207,1.3690015808975886e-05,227482.05325000003,1.0,224703.59632812502,3.804325036319177e-07,1657.3914498492704,3840.0,1.0,,35,,,,,,,,
9.366254948999995,0.007052163857757421,0.08966064453125,0.0,0.0,0.01829,4.0,0.91,-0.003739266212505754,0.2911994494497776,-0.0009737986838445067,0.021623699824317555,0.0007964001465019521,228133.20375000002,1.0,225081.11209765624,3.804325036319177e-07,1673.9259053193446,3840.0,1.0,,36,,,,,,,,
10.101195316001395,0.005326707554914378,0.06976318359375,0.0,0.0,0.018242500000000002,4.0,0.9075,-0.012319989764364436,0.2926768632605672,-0.007336317445151508,0.0028748573944596956,0.000135998766275236,229391.12574999998,1.0,225051.62676953129,3.804325036319177e-07,1763.0901227376253,3840.0,1.0,,37,,,,,,,,
8.451229149999563,0.005681800811942139,0.071044921875,0.0,0.0,0.018195,4.0,0.905,-0.0063172164736897685,0.2836677562445402,-0.0011811070144176483,0.00013709335385669874,2.303122280267189e-05,227793.29174999997,1.0,225487.23176953127,3.804325036319177e-07,1632.6342521152199,3840.0,1.0,,38,,,,,,,,
9.39350215200102,0.005082603743957748,0.0738525390625,0.0,0.0,0.0181475,4.0,0.9025,-0.008589725141064264,0.2764978902414441,-0.003577749856049195,4.522501571813109e-05,2.4946117083146646e-06,228087.09775000002,1.0,225945.94102343748,3.804325036319177e-07,1598.7027742094451,3840.0,1.0,,39,,,,,,,,
10.264216829000361,0.007914026054038459,0.09429931640625,0.0,0.0,0.0181,4.0,0.9,-0.006697444507153705,0.2640903377905488,-0.0019188039295841008,1.0834964086825494e-05,6.221109014603599e-07,228485.999,1.0,225782.3560546875,3.804325036319177e-07,1555.9944687122054,3840.0,1.0,,40,229391.12574999998,227948.76175,227639.382,70000042,226425.41176666666,best_of_k,227948.76175,1032.8778159122044
10.420746530999168,0.006050139548378297,0.0711669921875,0.0,0.0,0.0180525,4.0,0.8975,-0.004084883883479051,0.25927994353696704,0.0005947687895968556,7.0873779876023946e-06,5.811905801067496e-07,228293.15175000002,1.0,226050.854921875,3.804325036319177e-07,1601.9431348510275,3840.0,1.0,,41,,,,,,,,
8.336233800997434,0.005223913773861,0.05419921875,0.0,0.0,0.018005,4.0,0.895,-0.0037775980454171076,0.2587058898061514,0.0008792472945060581,8.788547141591607e-06,5.511739757935175e-07,228563.60225,1.0,226328.2817734375,3.804325036319177e-07,1379.4148150779645,3840.0,1.0,,42,,,,,,,,
9.726149768997857,0.005351845065973748,0.0653076171875,0.0,0.0,0.0179575,4.0,0.8925,-0.009221600150340237,0.25068164244294167,-0.004720786848338321,5.6164816299997256e-06,4.814040552858501e-07,228956.919,1.0,226464.2035078125,3.804325036319177e-07,1412.4529789457365,3840.0,1.0,,43,,,,,,,,
9.77217485499932,0.0057262076460276035,0.07293701171875,0.0,0.0,0.017910000000000002,4.0,0.89,-0.001054021471645683,0.2541658375412226,0.0034975640301126987,2.7099348329784334e-06,5.07901003921063e-07,229617.97375,1.0,226628.35546875,3.804325036319177e-07,1704.4667900787972,3840.0,1.0,,44,,,,,,,,
8.352013825999165,0.006997728688610039,0.0968017578125,0.0,0.0,0.0178625,4.0,0.8875,-0.0043620514261419885,0.24163295049220324,-4.63421456515789e-05,2.446853656579151e-06,4.298379590039758e-07,228902.75800000003,1.0,226922.93680078123,3.804325036319177e-07,800.636275652753,3840.0,1.0,,45,,,,,,,,
9.957778714000597,0.007318478486958213,0.0897216796875,0.0,0.0,0.017815,4.0,0.885,-0.003806977481872309,0.2402940345928073,0.0004733763635158539,2.360378566379495e-06,4.962846000822196e-07,228983.797,1.0,226942.94146484372,3.804325036319177e-07,1263.0593947210255,3840.0,1.0,,46,,,,,,,,
9.748129862000496,0.007667775914100616,0.08984375,0.0,0.0,0.017767500000000002,4.0,0.8825000000000001,-0.0072673289105296135,0.22833406506106257,-0.003210855327779427,2.372229587876973e-06,4.2923179943699097e-07,229804.515,1.0,226996.38403125003,3.804325036319177e-07,962.0409147304999,3840.0,1.0,,47,,,,,,,,
8.421610523000709,0.005523136764992387,0.0693359375,0.0,0.0,0.01772,4.0,0.88,0.0009031540539581329,0.2372006825171411,0.005105938253109343,2.1712607392032623e-06,3.9002459217840624e-07,228775.08175000004,1.0,227104.96309765626,3.804325036319177e-07,1113.8749861523106,3840.0,1.0,,48,,,,,,,,
10.323452535998513,0.00931509098372274,0.10150146484375,0.0,0.0,0.0176725,4.0,0.8775,0.0003238247736589983,0.2378719374537468,0.004527119774138555,2.429509869728008e-06,5.080825555836554e-07,228989.10875,1.0,227270.7985078125,3.804325036319177e-07,1431.6972088296116,3840.0,1.0,,49,,,,,,,,
9.645591472999513,0.008406109494220715,0.09619140625,0.0,0.0,0.017625000000000002,4.0,0.875,-0.003530928894178942,0.23864769749343395,0.0006747311708750203,2.41003700907072e-06,5.290461650986344e-07,228779.6575,1.0,227338.12469140626,3.804325036319177e-07,1391.110519289914,3840.0,1.0,,50,,,,,,,,
8.283604308999202,0.008627395793197934,0.095458984375,0.0,0.0,0.0175775,4.0,0.8725,-0.0004840131223318167,0.2380457459948957,0.0036997667339164764,2.0480482234574993e-06,5.287093536310294e-07,229110.09625000003,1.0,227041.79048828126,3.804325036319177e-07,1525.2831115908891,3840.0,1.0,,51,,,,,,,,
10.373175392000121,0.005967339905360802,0.07025146484375,0.0,0.0,0.01753,4.0,0.87,-0.00238838855875656,0.2408890062943101,0.0018338501977268606,2.010796603002518e-06,6.899174689323218e-07,229169.35775,1.0,227092.1428984375,3.804325036319177e-07,1675.7601489183764,3840.0,1.0,,52,,,,,,,,
9.300311828999838,0.006501557779550637,0.07666015625,0.0,0.0,0.0174825,4.0,0.8674999999999999,-0.004419956749188714,0.23115348117426038,-0.00037951623380649835,2.0094007098236943e-06,9.972715862005543e-07,229491.89175,1.0,227420.25009375002,3.804325036319177e-07,1675.242298371875,3840.0,1.0,,53,,,,,,,,
8.370766312000342,0.006945580428286746,0.090576171875,0.0,0.0,0.017435,4.0,0.865,-0.006086063323891722,0.22138586454093456,-0.002227117118309252,1.6690981325950816e-06,1.4991455090651584e-06,229476.35550000003,1.0,227501.99041406251,3.804325036319177e-07,1281.8224044606459,3840.0,1.0,,54,,,,,,,,
10.055889096998726,0.0050185274476000075,0.065185546875,0.0,0.0,0.0173875,4.0,0.8625,-0.004181867814622819,0.22336109494790435,-0.00029878785426262766,1.7362985502700212e-06,8.75200483640981e-07,229813.83925000002,1.0,227767.03938671877,3.804325036319177e-07,1233.8040004870847,3840.0,1.0,,55,,,,,,,,
9.025522684001771,0.006088864330131116,0.06781005859375,0.0,0.0,0.01734,4.0,0.86,-0.0034733710563159548,0.22006602119654417,0.0003418894193600863,3.61333225740168e-06,6.466874280519619e-07,229789.38175,1.0,227864.1544921875,3.804325036319177e-07,998.4940699844828,3840.0,1.0,,56,,,,,,,,
8.46891693499856,0.006331490989960997,0.08465576171875,0.0,0.0,0.017292500000000002,4.0,0.8575,-0.0016895673907129094,0.21216387767344713,0.001978811647859402,1.875894358960295e-06,5.535054938832218e-07,229424.00775000002,1.0,227953.47769140627,3.804325036319177e-07,858.9282305723125,3840.0,1.0,,57,,,,,,,,
10.215103286001977,0.008624305288632783,0.10919189453125,0.0,0.0,0.017245,4.0,0.855,-0.004788113685208373,0.213233036454767,-0.0011112849751953036,1.484228267401022e-06,4.5366111667277664e-07,229429.6175,1.0,228047.626953125,3.804325036319177e-07,732.6751745947231,3840.0,1.0,,58,,,,,,,,
8.55572586299968,0.007770758695182067,0.08428955078125,0.0,0.0,0.0171975,4.0,0.8525,-0.004185684425465297,0.21206386759877205,-0.0005391091399360448,1.4965692507473705e-06,4.863111344732829e-07,229881.15975,1.0,227952.9478671875,3.804325036319177e-07,885.7368685833018,3840.0,1.0,,59,,,,,,,,
8.796202443998482,0.010699243776565837,0.1026611328125,0.0,0.0,0.017150000000000002,4.0,0.85,-0.001914128748467192,0.2064246111549437,0.001625682445592247,1.5419121126569735e-06,4.329314950979324e-07,229675.47275000002,1.0,228007.755171875,3.804325036319177e-07,1014.8399763971232,3840.0,1.0,,60,229881.15975,230060.25900000002,229404.466,70000042,228461.44965833335,best_of_k,230060.25900000002,762.2839071054141
9.845372100997338,0.00959633241636304,0.10626220703125,0.0,0.0,0.0171025,4.0,0.8475,-0.00035100577952107415,0.18543038936331868,0.002819487330270931,2.1892127968214936e-06,1.2226769889878142e-06,229569.08350000004,1.0,228313.85447656253,3.804325036319177e-07,867.8371401984165,3840.0,1.0,,61,,,,,,,,
10.073816814998281,0.010470141205104255,0.10528564453125,0.0,0.0,0.017055,4.0,0.845,-3.487319190753624e-05,0.18056829692795873,0.003026756108738482,1.8213534509925466e-05,3.228444654546081e-05,229425.31500000003,1.0,228255.0134765625,3.804325036319177e-07,1054.1013498848506,3840.0,1.0,,62,,,,,,,,
8.38005497300037,0.007116487347982314,0.08758544921875,0.0,0.0,0.017007500000000002,4.0,0.8425,0.0012591221675393172,0.17949021654203534,0.004294492129702121,9.400205371434822e-06,3.274005680253822e-05,229577.55925,1.0,228599.50670703128,3.804325036319177e-07,597.6324437929436,3840.0,1.0,,63,,,,,,,,
9.077743077999912,0.004885875665536332,0.0587158203125,0.0,0.0,0.01696,4.0,0.84,-0.004161994165770011,0.17115239473059773,-0.0012775021168636158,4.737583203962004e-06,3.555847764591391e-05,229630.42725000004,1.0,228706.04950000002,3.804325036319177e-07,553.0859062818793,3840.0,1.0,,64,,,,,,,,
9.996372629000689,0.009421585505474894,0.10235595703125,0.0,0.0,0.0169125,4.0,0.8375,0.00305824913084507,0.1731651145964861,0.005983375580399297,1.9717928303464305e-06,6.661760631132552e-06,230123.72325000004,1.0,228751.16750390624,3.804325036319177e-07,607.3044863738752,3840.0,1.0,,65,,,,,,,,
8.404467848002241,0.0060642875342793445,0.060302734375,0.0,0.0,0.016865,4.0,0.835,-0.002635310222103726,0.1750501082278788,0.0003155204904032871,1.2307121934895804e-06,2.533645839797316e-06,229670.9235,1.0,228467.47925,3.804325036319177e-07,661.8832396220496,3840.0,1.0,,66,,,,,,,,
9.553413073001138,0.004628573185021523,0.05615234375,0.0,0.0,0.0168175,4.0,0.8325,-0.0020860672993876506,0.17462180322036147,0.0008501163392793387,1.1487599493875678e-06,8.069495169849006e-07,230003.25724999997,1.0,228729.37363281252,3.804325036319177e-07,712.7071503539374,3840.0,1.0,,67,,,,,,,,
10.044952036998438,0.0063209339622876115,0.0687255859375,0.0,0.0,0.01677,4.0,0.83,-0.004208440557704307,0.17771046329289675,-0.0012290833692532033,1.2906228281650556e-06,1.4363386782179077e-06,230051.80400000003,1.0,228776.50261328125,3.804325036319177e-07,714.8783365735345,3840.0,1.0,,68,,,,,,,,
8.27783022299991,0.005675689787791427,0.07061767578125,0.0,0.0,0.0167225,4.0,0.8275,-0.005443823538371362,0.17841581255197525,-0.002461355645209551,1.1038399847507208e-06,1.9606194010535205e-06,229921.092,1.0,228787.69716796876,3.804325036319177e-07,618.9708384923463,3840.0,1.0,,69,,,,,,,,
9.750722372999007,0.009559306798445633,0.1005859375,0.0,0.0,0.016675000000000002,4.0,0.825,0.0009882040176307783,0.18646666640415788,0.004097021941561252,9.876517435003507e-07,8.294805207142986e-07,229914.7145,1.0,228600.675984375,3.804325036319177e-07,562.1111562361867,3840.0,1.0,,70,,,,,,,,
9.843280838002102,0.008424017559155672,0.07855224609375,0.0,0.0,0.0166275,4.0,0.8225,0.003958643552323338,0.18671115301549435,0.007062392978696153,9.991532774478173e-07,1.379992620620385e-06,229510.97225000002,1.0,228648.063921875,3.804325036319177e-07,518.869540036519,3840.0,1.0,,71,,,,,,,,
6.86823858400021,0.022938687519225454,0.158447265625,0.0,1.0,0.01658,2.0,0.8200000000000001,0.013019734935369343,0.176317373290658,0.015942747122608125,1.7699245162816624e-06,3.05931266098014e-07,229732.88425,1.0,228762.83847656252,3.804325036319177e-07,495.9242608197898,3840.0,1.0,,72,,,,,,,,
10.15634732500257,0.007808080616886315,0.07843017578125,0.0,0.0,0.016532500000000002,4.0,0.8175,-0.001335767468845006,0.16912010591477156,0.00145996967330575,1.1822831762486885e-06,2.4621929384238683e-07,229946.73525,1.0,228731.938578125,3.804325036319177e-07,427.6773378221328,3840.0,1.0,,73,,,,,,,,
8.479311633996986,0.007203827332963542,0.074462890625,0.0,0.0,0.016485,4.0,0.815,-0.0030612612536060624,0.17361980397254229,-0.00019943813094869256,1.4808985309144873e-06,3.02333632351548e-07,229911.8595,1.0,228789.252671875,3.804325036319177e-07,860.7624026561502,3840.0,1.0,,74,,,,,,,,
8.361883847999707,0.015255403931103473,0.111328125,0.0,1.0,0.0164375,4.0,0.8125,0.004762523341923952,0.1645401786081493,0.007465447095455602,1.4712049647869208e-05,4.685861414444048e-07,229550.48175,1.0,228790.64130859377,3.804325036319177e-07,576.9243933048889,3840.0,1.0,,75,,,,,,,,
10.07979988799707,0.007087807210529817,0.07861328125,0.0,0.0,0.016390000000000002,4.0,0.81,-0.0009632389774196781,0.1693748994730413,0.0018093007092829794,3.3447034372358075e-05,3.401785857448658e-07,230157.00100000002,1.0,228724.8973515625,3.804325036319177e-07,815.9499608712639,3840.0,1.0,,76,,,,,,,,
8.202676765999058,0.006442178781615127,0.074462890625,0.0,0.0,0.0163425,4.0,0.8075,-0.0018055336768156849,0.171814635861665,0.000998550996882841,3.606020448643221e-05,3.8014424230681243e-07,229968.4265,1.0,228873.53275390627,3.804325036319177e-07,685.5225322133812,3840.0,1.0,,77,,,,,,,,
9.041595256996516,0.012656955847917928,0.10760498046875,0.0,1.0,0.016295,4.0,0.8049999999999999,0.00359915347507922,0.1743581322953105,0.006430259702028707,9.82916586096394e-05,4.6145680876463757e-07,229947.22475000002,1.0,228807.11644140625,3.804325036319177e-07,550.3066995990176,3840.0,1.0,,78,,,,,,,,
10.010652461998689,0.010727863688227757,0.1058349609375,0.0,0.0,0.0162475,4.0,0.8025,0.002072337898425758,0.18048934265971184,0.004980543133569881,0.00024129785213844457,3.3130090315580674e-07,229840.5465,1.0,228676.8882421875,3.804325036319177e-07,628.7063606758228,3840.0,1.0,,79,,,,,,,,
7.704233348998969,0.013206904251134688,0.08846028645833333,0.0,1.0,0.0162,3.0,0.8,0.0034531620622146875,0.17981696811815104,0.006358103671421607,7.9313065327824e-05,3.2389694955744136e-07,230576.08250000002,1.0,228694.1357734375,3.804325036319177e-07,611.5175344696546,3840.0,1.0,,80,230576.08250000002,229750.74675000002,228962.53050000005,70000042,228810.13390833334,best_of_k,229750.74675000002,621.4550400221005
8.224175220999314,0.006778332189364633,0.077880859375,0.0,0.0,0.0161525,4.0,0.7975,0.0018515179617679678,0.17598810279741883,0.004684591185650788,9.390106894358041e-05,3.68734720090913e-07,229847.33225,1.0,228599.73633593752,3.804325036319177e-07,645.1090550123353,3840.0,1.0,,81,,,,,,,,
10.245952583001781,0.009119730093868128,0.1009521484375,0.0,0.0,0.016105,4.0,0.795,-0.0013399606541497633,0.17587143694981933,0.0014894990890752524,1.905974001914501e-05,2.087051377941407e-06,230461.19125000003,1.0,228756.34154687502,3.804325036319177e-07,733.7476517665214,3840.0,1.0,,82,,,,,,,,
7.565999173999444,0.0160934529929051,0.1259765625,0.0,1.0,0.016057500000000002,2.0,0.7925,0.005523281404748559,0.17174214031547308,0.008279705652967095,1.1620515728338887e-05,3.2630683399759164e-07,229988.60575000002,1.0,228724.97703125002,3.804325036319177e-07,747.990192663835,3840.0,1.0,,83,,,,,,,,
8.879335723999247,0.014006912609833222,0.127685546875,0.0,0.0,0.01601,4.0,0.79,0.0016619926027487963,0.17471369728446007,0.004458781317225657,2.2406617219417058e-06,3.077530967843245e-07,229558.48199999996,1.0,228587.19396484375,3.804325036319177e-07,605.935218887929,3840.0,1.0,,84,,,,,,,,
9.984314803001325,0.006866564926745866,0.08135986328125,0.0,0.0,0.0159625,4.0,0.7875,-0.002401734880550066,0.17853476712480187,0.0004478609189391136,9.723743517042749e-07,3.359380569278869e-07,229810.457,1.0,228369.19817578126,3.804325036319177e-07,986.7352824928448,3840.0,1.0,,85,,,,,,,,
8.529243861001305,0.005995559903515968,0.06634521484375,0.0,0.0,0.015915,4.0,0.785,-0.0009192155703203753,0.1782806026749313,0.0019178688962711021,9.70269418587577e-07,3.090473041922337e-07,229962.24025,1.0,228607.31811328128,3.804325036319177e-07,865.8259643273129,3840.0,1.0,,86,,,,,,,,
9.137014627998724,0.010359296733597034,0.09393310546875,0.0,0.0,0.0158675,4.0,0.7825,-0.0014120192208793014,0.16998903406783938,0.0012850477651227266,8.389985524104304e-07,3.0108569504250227e-07,229997.77025,1.0,228947.0105859375,3.804325036319177e-07,649.3956600568964,3840.0,1.0,,87,,,,,,,,
10.109556569001143,0.012711435168730745,0.11248779296875,0.0,0.0,0.01582,4.0,0.78,0.003094031100772554,0.16526565281674266,0.005708286655135453,1.0066389251051078e-06,2.924297817230581e-07,230683.54600000003,1.0,228958.439890625,3.804325036319177e-07,678.8526141599795,3840.0,1.0,,88,,,,,,,,
8.35631100899991,0.010577497072461028,0.09625244140625,0.0,0.0,0.015772500000000002,4.0,0.7775,-0.0011717984234564938,0.15368266822770238,0.001251853071153164,1.6470361750009488e-06,2.872073432413913e-07,230262.57725000003,1.0,229006.16144140624,3.804325036319177e-07,645.7686405785936,3840.0,1.0,,89,,,,,,,,
9.408278331000474,0.006912656160119823,0.072265625,0.0,0.0,0.015725,4.0,0.775,-0.003453951776464237,0.16084923408925533,-0.0009248509304597974,1.0891601913698423e-06,2.893152695193635e-07,230229.14700000003,1.0,229059.87128515626,3.804325036319177e-07,658.2911526164597,3840.0,1.0,,90,,,,,,,,
10.265003656000772,0.007628702213722249,0.08447265625,0.0,0.0,0.0156775,4.0,0.7725,-0.002157795024686493,0.15825740154832602,0.00032302201725542545,9.799257743026146e-07,3.3065865956416474e-07,230160.45075000002,1.0,229113.90668359376,3.804325036319177e-07,1086.3129997357632,3840.0,1.0,,91,,,,,,,,
8.332516623999254,0.006737405436084032,0.07281494140625,0.0,0.0,0.01563,4.0,0.77,0.0025146229199890513,0.16491686133667827,0.0050891219871118665,2.7381603999288018e-05,8.269551559081378e-07,230239.78000000003,1.0,228855.88690234377,3.804325036319177e-07,956.35566011698,3840.0,1.0,,92,,,,,,,,
9.537466944999323,0.010344548103313755,0.08428955078125,0.0,0.0,0.015582499999999999,4.0,0.7675,-0.002509997553715948,0.16252198489382863,2.0252220565453172e-05,1.1286649350239486e-05,2.240647568818588e-06,230116.2235,1.0,228662.32090234375,3.804325036319177e-07,1146.6204560179337,3840.0,1.0,,93,,,,,,,,
9.421500612003001,0.011398936077116653,0.07421875,0.0,1.0,0.015535,3.0,0.765,0.0016728154587326571,0.16178956565757593,0.00418235338293016,2.5708916704540268e-05,2.5850852338749064e-06,229794.78675000006,1.0,228950.02954296878,3.804325036319177e-07,624.2396704639513,3840.0,1.0,,94,,,,,,,,
6.321276829999988,0.023524923994152402,0.1171875,0.0,1.0,0.015487500000000001,1.0,0.7625,0.018374034320004284,0.16470586508512497,0.020920557668432593,3.4234354899354e-05,1.8709074431910722e-06,230132.12000000005,1.0,228774.68725781253,3.804325036319177e-07,639.4154084772688,3840.0,1.0,,95,,,,,,,,
10.111738843999774,0.005842732287966612,0.0555419921875,0.0,0.0,0.01544,4.0,0.76,0.00014225802442524582,0.15885667083784938,0.0025829850346781313,5.4489066151575116e-05,1.314134870700201e-05,230088.978,1.0,229121.7882265625,3.804325036319177e-07,686.6257322473491,3840.0,1.0,,96,,,,,,,,
8.398453964997316,0.005360388005316352,0.04852294921875,0.0,0.0,0.0153925,4.0,0.7575000000000001,-0.001447626476874575,0.15420713042840362,0.0009241249354090542,1.253102006693041e-05,1.2568897806986001e-06,230317.6355,1.0,229046.49396093749,3.804325036319177e-07,644.5131613058508,3840.0,1.0,,97,,,,,,,,
9.03642465699886,0.0090495613802144,0.0736083984375,0.0,0.0,0.015345000000000001,4.0,0.755,0.0017420112635591067,0.14508336689323187,0.003967641809140332,5.099809058606297e-06,3.277511355648244e-07,230206.00400000002,1.0,229325.3500078125,3.804325036319177e-07,532.618081816853,3840.0,1.0,,98,,,,,,,,
9.524388752997766,0.011624544630457478,0.07470703125,0.0,1.0,0.0152975,3.0,0.7525,-8.651112633136411e-05,0.14343790337443352,0.0021073590808858476,1.6119021874298294e-06,4.2055184697649867e-07,230300.97600000002,1.0,229444.26027734377,3.804325036319177e-07,465.4832817653542,3840.0,1.0,,99,,,,,,,,
8.321911366998393,0.009592405371076751,0.08502197265625,0.0,0.0,0.01525,4.0,0.75,-0.0011805650392489042,0.14687287295237184,0.0010588867589831352,6.50714857997059e-07,5.880572611083323e-07,230350.49024999997,1.0,229244.29048437503,3.804325036319177e-07,569.6768676804986,3840.0,1.0,,100,230683.54600000003,230148.69799999997,230004.64850000004,70000042,229061.34783333336,best_of_k,230148.69799999997,529.4389109965786
6.902389825001592,0.022462400106981306,0.122314453125,0.0,1.0,0.0152025,2.0,0.7475,0.008885479866876267,0.1557699954137206,0.01125335309188813,6.38049325374368e-07,3.1352835883069474e-07,230071.29950000002,1.0,229023.42267578124,3.804325036319177e-07,517.0880428398258,3840.0,1.0,,101,,,,,,,,
10.794922521999979,0.01135447291926539,0.100830078125,0.0,0.0,0.015155,4.0,0.745,0.004739136769785546,0.15537789976224303,0.00709361641202122,5.899361887884425e-07,4.260097572483801e-07,230146.55800000002,1.0,229223.95410937502,3.804325036319177e-07,459.72512906437987,3840.0,1.0,,102,,,,,,,,
8.470226170000387,0.01037179909571151,0.09674072265625,0.0,0.0,0.0151075,4.0,0.7424999999999999,-0.0006133019342087209,0.1573245758190751,0.0017630791844567284,2.3211348167961887e-06,3.359341871345123e-07,230001.44050000003,1.0,229012.97817968752,3.804325036319177e-07,609.7268380889412,3840.0,1.0,,103,,,,,,,,
8.863186089998635,0.013443881196682383,0.11273193359375,0.0,0.0,0.01506,4.0,0.74,0.006750456519512227,0.1607208615168929,0.009163530688965693,6.6867162059836e-05,1.3914613790078079e-06,230388.90325000003,1.0,229068.39395703125,3.804325036319177e-07,711.8558766962788,3840.0,1.0,,104,,,,,,,,
9.582100245999754,0.01906229982813083,0.1181640625,0.0,1.0,0.015012500000000002,3.0,0.7375,0.008826303421907747,0.15419034163157144,0.011084139269466201,0.0005623478199652254,1.422497759288414e-06,230138.5685,1.0,229052.60931250002,3.804325036319177e-07,978.7008721559902,3840.0,1.0,,105,,,,,,,,
6.3199386239975865,0.025720302632933567,0.17578125,0.0,1.0,0.014965,1.0,0.735,0.008397126570343971,0.15943890623748302,0.010690809693187475,0.0009115158609347418,2.3358073946155855e-06,230072.424,1.0,229081.76946875,3.804325036319177e-07,767.9989288058955,3840.0,1.0,,106,,,,,,,,
10.171978267997474,0.0067173987801538715,0.066650390625,0.0,0.0,0.0149175,4.0,0.7324999999999999,-1.6089332348201424e-05,0.14822342433035374,0.0021744153928011656,1.1886848636066816e-05,3.885941246117852e-05,230414.586,1.0,229137.11621875002,3.804325036319177e-07,1051.0476528296276,3840.0,1.0,,107,,,,,,,,
8.504621785999916,0.014380269928688941,0.119873046875,0.0,1.0,0.014870000000000001,3.0,0.73,-0.0033416482134877392,0.1563025719175736,-0.0014393184101209044,6.737365716939318e-05,0.0008303059216624812,230121.25374999997,1.0,229213.3610234375,3.804325036319177e-07,757.9253048026466,3840.0,1.0,,108,,,,,,,,
8.39109734000158,0.010061228120742172,0.09185791015625,0.0,0.0,0.014822499999999999,4.0,0.7275,-6.760715041309595e-05,0.16022346075624228,0.0022042760101612657,0.00022369786840670258,0.00016131893586290857,230142.59850000002,1.0,228871.1591953125,3.804325036319177e-07,573.1573604910691,3840.0,1.0,,109,,,,,,,,
10.130582313002378,0.01030231475345822,0.0936279296875,0.0,0.0,0.014775,4.0,0.725,-0.0010308586824976373,0.14532405463978648,0.0010820292227435857,0.00016341364860750218,3.5867212218931854e-05,230201.1505,1.0,229104.39574609377,3.804325036319177e-07,1008.1099496492247,3840.0,1.0,,110,,,,,,,,
8.45372074199986,0.004548514280509508,0.0533447265625,0.0,0.0,0.014727500000000001,4.0,0.7224999999999999,-0.002035429912211839,0.13771718530915678,-8.255854481831193e-06,5.166300759640308e-06,1.07696010598346e-06,230357.06,1.0,229284.40623046877,3.804325036319177e-07,448.93352205198136,3840.0,1.0,,111,,,,,,,,
8.731781512000452,0.010142299511294084,0.0953369140625,0.0,0.0,0.01468,4.0,0.72,0.005052820582932327,0.12833180255256593,0.006935171011718921,1.2968066826601898e-05,5.282660451300103e-07,230506.28425000003,1.0,229414.9822695313,3.804325036319177e-07,936.1185101711293,3840.0,1.0,,112,,,,,,,,
9.409495461000915,0.014823730959148426,0.111083984375,0.0,1.0,0.014632500000000001,3.0,0.7175,0.006260564798139967,0.12873014683524767,0.008143822468506793,2.2688285028493738e-06,3.1848379578036656e-07,230230.72774999996,1.0,229393.6642578125,3.804325036319177e-07,370.3406596162549,3840.0,1.0,,113,,,,,,,,
8.28333537599974,0.010651980468296074,0.082275390625,0.0,0.0,0.014585,4.0,0.7150000000000001,0.0018466031324351206,0.13663424598053098,0.003839129669358954,9.473254891645411e-07,3.782035742361245e-07,230206.99875,1.0,229341.80656640627,3.804325036319177e-07,477.38709701980684,3840.0,1.0,,114,,,,,,,,
8.11708554299912,0.015714835148216366,0.100830078125,0.0,1.0,0.014537500000000002,2.0,0.7125,0.00051405491103651,0.13256952771916986,0.0024409297038801014,1.001025339064654e-06,5.090315067235451e-07,230289.57400000002,1.0,229366.1848359375,3.804325036319177e-07,1274.025452302653,3840.0,1.0,,115,,,,,,,,
9.207360267002514,0.009406190170373918,0.07501220703125,0.0,0.0,0.014490000000000001,4.0,0.71,0.0014165260654408485,0.13086346979252994,0.0033123371395049617,1.9792902854476324e-06,4.0546768609317496e-07,230898.41775000002,1.0,229559.86205468752,3.804325036319177e-07,569.7838513623034,3840.0,1.0,,116,,,,,,,,
8.37065026900018,0.011275349377751098,0.09039306640625,0.0,0.0,0.0144425,4.0,0.7075,-0.0004232308274367824,0.12971580564044416,0.001449834628147073,1.3726611900466423e-06,4.340717705275665e-07,230326.98325,1.0,229260.77404296875,3.804325036319177e-07,1049.8566770005084,3840.0,1.0,,117,,,,,,,,
10.24818701500044,0.006596697412171615,0.06390380859375,0.0,0.0,0.014395000000000002,4.0,0.7050000000000001,0.005091033148346469,0.13168817362748086,0.0069864125398453325,8.993337861085138e-07,3.635953147451687e-07,230310.25025,1.0,229007.85441796877,3.804325036319177e-07,799.0061934360801,3840.0,1.0,,118,,,,,,,,
8.716399210999953,0.007942587591074357,0.0675048828125,0.0,0.0,0.014347500000000001,4.0,0.7025,0.004239214973495109,0.13142655021511018,0.006124607738456689,6.911674930165645e-07,3.602852123307798e-07,230240.98649999997,1.0,229308.49925390625,3.804325036319177e-07,694.2892499902375,3840.0,1.0,,119,,,,,,,,
8.290096807999362,0.009867971028846512,0.07586669921875,0.0,0.0,0.0143,4.0,0.7,0.0038117338954180013,0.13169171707704663,0.005694684688933194,7.681379550206202e-07,3.28263507931581e-07,230450.56675000003,1.0,229184.90654687502,3.804325036319177e-07,555.4375937098799,3840.0,1.0,,120,230898.41775000002,230264.27899999998,228435.80000000005,70000042,228877.82223333334,best_of_k,230264.27899999998,793.9061861008095
9.051094116999593,0.009142688186448034,0.072998046875,0.0,0.0,0.014252500000000001,4.0,0.6975,0.0029711219540331513,0.1339242176618427,0.004878029445535503,1.663019682318634e-05,3.68631213554238e-07,230509.25199999998,1.0,228995.38836328126,3.804325036319177e-07,673.3619215718533,3840.0,1.0,,121,,,,,,,,
10.442352312998992,0.006790626536265165,0.069580078125,0.0,0.0,0.014205,4.0,0.6950000000000001,-0.0014913895138306543,0.13861398212611675,0.0004767126956721768,7.5030130659570204e-06,3.181869576707186e-07,230464.67250000004,1.0,228957.00623828126,3.804325036319177e-07,665.537494495251,3840.0,1.0,,122,,,,,,,,
8.334299400001328,0.010762667465241904,0.08892822265625,0.0,0.0,0.0141575,4.0,0.6925,-0.000528645257872995,0.13500670436769724,0.0013824691268382594,6.787783917161505e-07,3.5043900759035296e-07,230179.68325,1.0,229054.61207031252,3.804325036319177e-07,598.0069906559133,3840.0,1.0,,123,,,,,,,,
9.106716401001904,0.009817224757073362,0.07025146484375,0.0,0.0,0.014110000000000001,4.0,0.69,0.004171885084360838,0.13776095397770405,0.0061154567811172456,6.66251555259123e-07,3.374476520434655e-07,230277.16850000003,1.0,228722.6567929688,3.804325036319177e-07,790.9830230211637,3840.0,1.0,,124,,,,,,,,
10.172849069000222,0.008105691594129105,0.08349609375,0.0,0.0,0.0140625,4.0,0.6875,0.0037505464388232213,0.1299959982279688,0.005578387732384726,6.886781562798205e-07,3.1648187626132085e-07,230263.676,1.0,228859.1092226563,3.804325036319177e-07,777.113796331644,3840.0,1.0,,125,,,,,,,,
8.265079691998835,0.006133896205737344,0.0631103515625,0.0,0.0,0.014015,4.0,0.685,0.00459583337942604,0.13047965988516808,0.006424278690246865,6.970929682381666e-07,3.1547436751822033e-07,230145.95174999998,1.0,228946.85657421875,3.804325036319177e-07,808.0571063610812,3840.0,1.0,,126,,,,,,,,
9.789080471000489,0.008901751692671489,0.08416748046875,0.0,0.0,0.0139675,4.0,0.6825,-0.001841700192017015,0.1353959885891527,4.92243270855397e-05,6.070505520483493e-07,3.167129829506621e-07,230441.3235,1.0,228895.12434765624,3.804325036319177e-07,736.2995932816013,3840.0,1.0,,127,,,,,,,,
10.270980829998734,0.006974950092525134,0.0718994140625,0.0,0.0,0.01392,4.0,0.6799999999999999,0.0025780249998206273,0.13467401592060924,0.004452463937923312,6.730432282608945e-07,3.1304854353209066e-07,230111.376,1.0,229005.65841015626,3.804325036319177e-07,768.2591784521697,3840.0,1.0,,128,,,,,,,,
8.298376558002929,0.012263531462865629,0.097900390625,0.0,0.0,0.0138725,4.0,0.6775,0.000864091474795714,0.12344969506375492,0.00257641525240615,5.999245242804818e-07,3.4421517902671894e-07,230322.44800000003,1.0,228961.91385156248,3.804325036319177e-07,810.0062168190103,3840.0,1.0,,129,,,,,,,,
9.668825203996676,0.00977185949067838,0.07623291015625,0.0,0.0,0.013825,4.0,0.675,-0.0024144362014340004,0.12278453772887588,-0.0007171775941969827,6.151547182753347e-07,3.518756486187158e-07,230304.55175000004,1.0,228909.18182031251,3.804325036319177e-07,858.6248537651273,3840.0,1.0,,130,,,,,,,,
10.206192593999731,0.004890568723888045,0.05511474609375,0.0,0.0,0.013777500000000002,4.0,0.6725,-0.0025596154664526694,0.12304785521700978,-0.0008645514608360827,6.029049757216853e-07,3.342201484457519e-07,230298.25175,1.0,229055.12766406254,3.804325036319177e-07,1043.5560651476765,3840.0,1.0,,131,,,,,,,,
7.06226739900012,0.014888820470350339,0.0938720703125,0.0,1.0,0.01373,2.0,0.6699999999999999,0.0019632384937722236,0.11866314755752683,0.003592265537008643,5.310538924163666e-07,3.3000072185984664e-07,230338.64375000002,1.0,229252.19894921876,3.804325036319177e-07,775.5937028027905,3840.0,1.0,,132,,,,,,,,
10.178192422001302,0.004190593396875997,0.03765869140625,0.0,0.0,0.0136825,4.0,0.6675,0.001957084401510656,0.11828027572482824,0.003575259877834469,4.591166060663454e-07,2.960853704436772e-07,230429.2085,1.0,229416.53184375,3.804325036319177e-07,641.7751950643852,3840.0,1.0,,133,,,,,,,,
9.084123898999678,0.008450752303890141,0.082763671875,0.0,0.0,0.013635000000000001,4.0,0.665,0.0011332177527947351,0.11473926878534257,0.002697485819226131,5.871827726267043e-07,2.8642454896754543e-07,230334.63650000002,1.0,229349.46607421874,3.804325036319177e-07,667.210075411416,3840.0,1.0,,134,,,,,,,,
8.023413170001731,0.007568719806815949,0.07135009765625,0.0,0.0,0.013587499999999999,4.0,0.6625,0.00422193806116411,0.11765243951231241,0.0058203128864988685,7.299222435364072e-07,3.093181257796118e-07,230414.43025000003,1.0,229358.18406250002,3.804325036319177e-07,721.6180554297705,3840.0,1.0,,135,,,,,,,,
8.623046957996849,0.016892802062114853,0.0814208984375,0.0,1.0,0.01354,2.0,0.6599999999999999,0.0013187237564125098,0.11463682353496552,0.0028705421718768775,1.3762117916371608e-06,4.529978436806914e-07,230300.58475000004,1.0,229392.511765625,3.804325036319177e-07,655.008043842679,3840.0,1.0,,136,,,,,,,,
6.397317801001918,0.02320636009406485,0.109619140625,0.0,1.0,0.013492500000000001,1.0,0.6575,0.00032592000206932425,0.11139068379998207,0.0018266328261233866,1.733021986183303e-05,9.85380907536637e-07,230321.999,1.0,229148.45962500002,3.804325036319177e-07,703.6049551536753,3840.0,1.0,,137,,,,,,,,
10.334166050000931,0.004846336323213407,0.0498046875,0.0,0.0,0.013445000000000002,4.0,0.655,-0.0027625287875707727,0.10838828259147704,-0.0013933525915490463,0.0008697066944343135,2.2675487088008595e-06,230324.1905,1.0,229367.3585,3.804325036319177e-07,591.6613107580852,3840.0,1.0,,138,,,,,,,,
9.58333576899895,0.007395176152075855,0.06304931640625,0.0,0.0,0.013397500000000001,4.0,0.6525000000000001,-0.00019228904784540646,0.11097145010717213,0.0005321752978488803,0.007570044122985564,1.0542090947751603e-05,230267.43425000002,1.0,229339.21991406253,3.804325036319177e-07,780.1499984325586,3840.0,1.0,,139,,,,,,,,
7.770425131002412,0.015490568710391747,0.0810546875,0.0,1.0,0.01335,3.0,0.65,0.005716775922337547,0.11001492726306121,0.005265360077222188,0.01906638517417984,2.6953581842311298e-05,230300.77775,1.0,229417.52448828125,3.804325036319177e-07,811.197585235075,3840.0,1.0,,140,230898.41775000002,230375.84125,230070.93199999997,70000042,229654.94516666664,best_of_k,230375.84125,507.6672664339048
8.78806712000005,0.013112948418192438,0.09234619140625,0.0,0.0,0.013302500000000002,4.0,0.6475,0.0028210068558109924,0.09603312821127474,0.0037290009495336562,0.003674615275258475,4.0495796334028e-06,230379.69650000002,1.0,229417.20422265626,3.804325036319177e-07,900.1995288553111,3840.0,1.0,,141,,,,,,,,
9.27331014200172,0.019895310436323754,0.096923828125,0.0,1.0,0.013255000000000001,2.0,0.645,0.0028201304958201945,0.09062253311276436,0.0039565160986967385,0.0006176944846174592,6.092624346365483e-06,230624.5,1.0,229803.10787890624,3.804325036319177e-07,475.52139647646675,3840.0,1.0,,142,,,,,,,,
8.521537511001952,0.012392470402832423,0.08953857421875,0.0,0.0,0.0132075,4.0,0.6425000000000001,-0.002342432770092273,0.09605850698426366,-0.001113849488319829,0.00035696087530823206,8.827007381029262e-06,230508.08400000003,1.0,229623.91215234372,3.804325036319177e-07,592.8556823556471,3840.0,1.0,,143,,,,,,,,
8.051519775999623,0.01648435224711875,0.102783203125,0.0,1.0,0.013160000000000002,2.0,0.64,0.005273103182844352,0.1099688783288002,0.006706607236992568,0.00010646741981190644,6.078755042437933e-06,230511.28975,1.0,229691.69365234376,3.804325036319177e-07,560.2858848392494,3840.0,1.0,,144,,,,,,,,
9.839882306998334,0.006211337694645103,0.05694580078125,0.0,0.0,0.013112500000000001,4.0,0.6375,-0.0001344392767350655,0.11227061017416418,0.0013354540278669447,1.5608793653143493e-05,1.388880717101415e-06,230566.408,1.0,229849.12484765626,3.804325036319177e-07,447.8392226620828,3840.0,1.0,,145,,,,,,,,
8.424840072002553,0.007017804903110658,0.0609130859375,0.0,0.0,0.013065,4.0,0.635,0.001275988259294536,0.09956470457836986,0.0025756390241440386,2.6100480212676302e-06,1.8027113206642298e-06,230477.8005,1.0,229818.659328125,3.804325036319177e-07,453.1056372691325,3840.0,1.0,,146,,,,,,,,
10.361912499000027,0.005056153554432008,0.044189453125,0.0,0.0,0.013017500000000001,4.0,0.6325000000000001,-0.0007263058942044154,0.09410194563679397,0.0004949751892127097,1.8907641070597947e-06,7.003271171868164e-06,230496.399,1.0,229932.2304921875,3.804325036319177e-07,392.08541216673535,3840.0,1.0,,147,,,,,,,,
9.994586315999186,0.004157144524249645,0.0408935546875,0.0,0.0,0.01297,4.0,0.63,0.0003141643537674099,0.09509798046201468,0.0015307679132092744,1.713215379339772e-06,3.329227960513492e-05,230585.3625,1.0,229802.67010156251,3.804325036319177e-07,1336.965876217526,3840.0,1.0,,148,,,,,,,,
8.477183605999016,0.009161597965054114,0.05877685546875,0.0,0.0,0.0129225,4.0,0.6275,0.0011748133838409558,0.08659400907345116,0.002182560972869396,2.9512741797077524e-06,0.00022193650980284474,230972.37649999998,1.0,230001.513546875,3.804325036319177e-07,366.8605861399367,3840.0,1.0,,149,,,,,,,,
9.00107994299833,0.024959096054940844,0.0982666015625,0.0,1.0,0.012875000000000001,2.0,0.625,0.005794987897388637,0.08288199501112103,0.006761157070286572,2.072666845265303e-06,0.00020145889607192657,230642.03600000002,1.0,230001.46591406252,3.804325036319177e-07,393.06394622087697,3840.0,1.0,,150,,,,,,,,
8.956520605999685,0.007062500007145367,0.059326171875,0.0,0.0,0.0128275,4.0,0.6225,-0.0012163372921349946,0.09721327759325504,1.638595131225884e-05,1.6900447725731738e-06,2.8222190309179496e-05,230434.21850000002,1.0,229570.46168359375,3.804325036319177e-07,494.26385664568915,3840.0,1.0,,151,,,,,,,,
8.592604154000583,0.007784796959751539,0.0499267578125,0.0,0.0,0.01278,4.0,0.62,-0.0033213149254152086,0.08917998289689422,-0.002191922365454957,1.4176716760516683e-06,2.0371741111802066e-05,230599.25200000004,1.0,229691.76679687502,3.804325036319177e-07,618.3036907394654,3840.0,1.0,,152,,,,,,,,
10.47284907699941,0.012046936645638162,0.07861328125,0.0,0.0,0.0127325,4.0,0.6174999999999999,0.007062790609779768,0.09276087209582329,0.008204192374250852,1.54958803832983e-06,7.904277581527452e-05,230451.80849999998,1.0,229871.9185625,3.804325036319177e-07,431.9019482513837,3840.0,1.0,,153,,,,,,,,
8.550686491998931,0.008084359205422054,0.07171630859375,0.0,0.0,0.012685,4.0,0.615,-0.0009639248455641791,0.10278482991270721,0.00030767449061386287,2.074233240279e-06,6.403766388096699e-05,230388.20799999998,1.0,229659.76041796876,3.804325036319177e-07,579.8793139411795,3840.0,1.0,,154,,,,,,,,
7.757472802000848,0.017873461012756664,0.083251953125,0.0,1.0,0.0126375,2.0,0.6125,-0.002676015123142861,0.10535290697589517,-0.0014316925953608006,7.790930709461463e-06,0.00017259150686754765,230773.16975,1.0,229782.95279296875,3.804325036319177e-07,637.0791053316499,3840.0,1.0,,155,,,,,,,,
9.612705061997985,0.01232024929320493,0.08040364583333333,0.0,1.0,0.01259,3.0,0.61,0.001917015586514026,0.11097603011876345,0.003246166898558537,1.7285603561845164e-05,0.00013261648444521748,230399.66300000003,1.0,229432.85148046876,3.804325036319177e-07,553.9074268361494,3840.0,1.0,,156,,,,,,,,
8.429042223000579,0.0069949093914365434,0.06646728515625,0.0,0.0,0.012542500000000002,4.0,0.6074999999999999,-0.0007738586791674607,0.10431558708660305,0.00035973661579191685,2.358056919149476e-05,0.000344849318253182,230538.67125,1.0,229860.50581640628,3.804325036319177e-07,481.26752302782506,3840.0,1.0,,157,,,,,,,,
10.228380896998715,0.005295571643347152,0.04913330078125,0.0,0.0,0.012495,4.0,0.605,-0.0001573919398651924,0.10881150653585792,0.001192985160741955,3.4158372095305367e-06,1.7763203437937136e-05,230408.13825000002,1.0,229736.565453125,3.804325036319177e-07,415.65070921162754,3840.0,1.0,,158,,,,,,,,
10.302192430001014,0.00476596657212891,0.0465087890625,0.0,0.0,0.0124475,4.0,0.6025,-0.0007179094336606795,0.1104894436430186,0.0006544803327415138,1.3411949488784103e-06,5.587631683567906e-06,230482.12575,1.0,229824.8844921875,3.804325036319177e-07,303.38074784928915,3840.0,1.0,,159,,,,,,,,
8.515475575997698,0.00937008114396054,0.0732421875,0.0,0.0,0.012400000000000001,4.0,0.6,0.0016062971244537039,0.11557260691188276,0.003038446157006547,1.1298353275179807e-06,1.6771878392773942e-06,230512.484,1.0,229644.08701953123,3.804325036319177e-07,945.8668589244787,3840.0,1.0,,160,230972.37649999998,230321.62975000002,230374.788,70000042,229301.22378333332,best_of_k,230321.62975000002,750.8945313420635
7.870183030001499,0.0134299491079742,0.07283528645833333,0.0,1.0,0.012352499999999999,3.0,0.5974999999999999,0.004307157398822407,0.10658814509709676,0.005623153837708135,3.5038084481205565e-06,5.662154620722504e-07,230464.49225,1.0,229321.23501953125,3.804325036319177e-07,793.6341791358199,3840.0,1.0,,161,,,,,,,,
10.245265558998653,0.003570170075112955,0.03045654296875,0.0,0.0,0.012305,4.0,0.595,0.0017619025711610448,0.10458925925195217,0.0030483236769214272,3.0229877729937016e-06,4.948379483948884e-07,230375.75549999997,1.0,229405.02425000002,3.804325036319177e-07,608.908246426137,3840.0,1.0,,162,,,,,,,,
8.9494825139991,0.009480176893125858,0.068603515625,0.0,0.0,0.012257500000000001,4.0,0.5925,0.002384799263381865,0.10178284929133952,0.003631981962826103,1.6077387776647356e-06,5.194268029029558e-07,230476.29375,1.0,229335.300546875,3.804325036319177e-07,1140.1172585673344,3840.0,1.0,,163,,,,,,,,
8.481472399002087,0.005803811055522523,0.04229736328125,0.0,0.0,0.012210000000000002,4.0,0.5900000000000001,-0.0010921692664851435,0.0996631181333214,0.00012438176781870425,1.2917815972457447e-06,4.1362596636673743e-07,230369.92250000004,1.0,229224.77111328125,3.804325036319177e-07,624.3861196742087,3840.0,1.0,,164,,,,,,,,
10.311722874001134,0.005912410696346626,0.047607421875,0.0,0.0,0.012162500000000001,4.0,0.5875,0.0009877495813270798,0.10074954619631171,0.002212801540736109,1.1143596303497816e-06,4.0614492302637473e-07,230399.10025000002,1.0,229396.2478359375,3.804325036319177e-07,558.2145579489012,3840.0,1.0,,165,,,,,,,,
8.900487906998023,0.01065306467035576,0.07916259765625,0.0,0.0,0.012115,4.0,0.585,0.0033472965587861836,0.10374041367322206,0.0046038093423703685,1.3105770761967506e-06,3.437528590666261e-07,229836.82025,1.0,229028.52267968754,3.804325036319177e-07,389.8238223999217,3840.0,1.0,,166,,,,,,,,
8.457758516000467,0.00801772861420158,0.0618896484375,0.0,0.0,0.0120675,4.0,0.5825,0.005347003621864133,0.10321028274483979,0.006592200632439926,1.3868011308204586e-06,3.1002395051160647e-07,229732.14350000003,1.0,229103.572265625,3.804325036319177e-07,349.70233981001974,3840.0,1.0,,167,,,,,,,,
10.04941846100337,0.018028901249543594,0.08551025390625,0.0,1.0,0.012020000000000001,4.0,0.5800000000000001,0.005904849378566723,0.10919507220387459,0.007217081554699689,1.3497097910430966e-06,3.1524756760603623e-07,229575.175,1.0,228804.48885546875,3.804325036319177e-07,516.5391760785127,3840.0,1.0,,168,,,,,,,,
6.231043635001697,0.0322166376103894,0.099853515625,0.0,1.0,0.0119725,1.0,0.5775,0.013895463664084673,0.11218519043177366,0.015238346997648478,1.2833137077450374e-06,2.5115444302059586e-07,229294.87375,1.0,228704.00823046872,3.804325036319177e-07,397.4481021282268,3840.0,1.0,,169,,,,,,,,
7.983927213001152,0.03191436629987976,0.12841796875,0.0,1.0,0.011925000000000002,1.0,0.575,0.014614523490308784,0.12242578156292439,0.016074164072051644,1.313352328224937e-06,3.094427931671362e-07,229677.26025000002,1.0,228831.00773828127,3.804325036319177e-07,436.43688706293165,3840.0,1.0,,170,,,,,,,,
8.380176785998628,0.00822560250618487,0.07470703125,0.0,0.0,0.011877500000000001,4.0,0.5725,0.0041967943325289525,0.12404557457193732,0.00566984445322305,1.4131677090745143e-06,3.199745490789496e-07,229666.18375,1.0,228784.77543359375,3.804325036319177e-07,477.0327988933832,3840.0,1.0,,171,,,,,,,,
8.942520321998018,0.008160001411996909,0.062744140625,0.0,0.0,0.01183,4.0,0.5700000000000001,0.001777387526090024,0.12450745818205178,0.003250022418797016,1.3174055091269565e-06,3.1338095318744763e-07,229613.99049999999,1.0,228813.22793359376,3.804325036319177e-07,468.206959908315,3840.0,1.0,,172,,,,,,,,
10.18643251499816,0.01114807892196712,0.093017578125,0.0,0.0,0.011782500000000001,4.0,0.5675,0.008395080289119505,0.12420333991758525,0.009858223726041615,1.2374614257737448e-06,3.1848621073748973e-07,229694.426,1.0,228832.68999218752,3.804325036319177e-07,535.9078205263401,3840.0,1.0,,173,,,,,,,,
8.337426899001002,0.007652818079162849,0.06463623046875,0.0,0.0,0.011735,4.0,0.565,0.0013133940956322476,0.12396578141488135,0.002767886981018819,1.0593355614929578e-06,2.803562484388067e-07,229751.21225000004,1.0,228903.6041796875,3.804325036319177e-07,391.84869183013217,3840.0,1.0,,174,,,,,,,,
9.230093535003107,0.005558452289983862,0.041748046875,0.0,0.0,0.0116875,4.0,0.5625,-0.001330909110038192,0.1300720665603876,0.00018905717297457159,1.1302954767700157e-06,2.7705575211811606e-07,229599.00549999997,1.0,228917.4000234375,3.804325036319177e-07,416.6509117641388,3840.0,1.0,,175,,,,,,,,
10.513003868996748,0.00974663343957527,0.085205078125,0.0,0.0,0.011640000000000001,4.0,0.56,-0.00445487684555701,0.1368925180286169,-0.002861670742277056,1.01533094998274e-06,2.4435450596271835e-07,229893.98825000002,1.0,228733.870640625,3.804325036319177e-07,473.92401227328725,3840.0,1.0,,176,,,,,,,,
8.808420108998689,0.00628210350777092,0.05712890625,0.0,0.0,0.0115925,4.0,0.5575,-0.0026244729524478316,0.14595686737447977,-0.0009327408915851265,1.2496480543688904e-06,2.971458386014092e-07,229680.658,1.0,228899.22144140626,3.804325036319177e-07,465.86072776329905,3840.0,1.0,,177,,,,,,,,
9.549367601000995,0.007498029029822106,0.0577392578125,0.0,0.0,0.011545,4.0,0.5549999999999999,-0.0003017482449649833,0.1434704684652388,0.0013543739332817495,1.123820688064825e-06,2.6431041399987976e-07,229618.81800000003,1.0,228876.14981640625,3.804325036319177e-07,421.3047502401039,3840.0,1.0,,178,,,,,,,,
10.558740755001054,0.004931085963411519,0.048828125,0.0,0.0,0.0114975,4.0,0.5525,0.0002195592169300653,0.14938051905483007,0.0019368097418919206,1.0613221004263096e-06,2.916728902846444e-07,229749.8555,1.0,228808.12916015624,3.804325036319177e-07,517.5735537826652,3840.0,1.0,,179,,,,,,,,
8.824627263998991,0.005498456938298979,0.052978515625,0.0,0.0,0.01145,4.0,0.55,-0.0023532415289082564,0.1390592185780406,-0.0007612400077050552,9.678868249096695e-07,2.5924619784234437e-07,229729.18625000003,1.0,228834.619109375,3.804325036319177e-07,465.68900392935706,3840.0,1.0,,180,230972.37649999998,229953.29799999998,229655.68175000002,70000042,228790.3755916667,best_of_k,229953.29799999998,513.0821088522283
8.970836156000587,0.011122485907749002,0.08966064453125,0.0,0.0,0.011402500000000001,4.0,0.5475,0.0002479932882124558,0.14112034160643816,0.0018568724335636944,1.0224692132965174e-06,2.8597241019667763e-07,229701.394,1.0,228862.60194531252,3.804325036319177e-07,464.71642296924966,3840.0,1.0,,181,,,,,,,,
9.708354047001194,0.010502805222953882,0.0867919921875,0.0,0.0,0.011355,4.0,0.5449999999999999,0.003361277500516735,0.13618478807620704,0.004907423572149128,1.0488052382129354e-06,2.542769230728936e-07,229887.20425000004,1.0,228784.0639375,3.804325036319177e-07,496.18965293858275,3840.0,1.0,,182,,,,,,,,
10.413344973003404,0.006678692597951397,0.0665283203125,0.0,0.0,0.0113075,4.0,0.5425,-0.001511001588369254,0.13967364421114326,6.810211925767362e-05,1.0959937295496047e-06,2.9291738545822454e-07,229676.059,1.0,228854.62372656248,3.804325036319177e-07,527.5380399952967,3840.0,1.0,,183,,,,,,,,
8.456864740001038,0.005736771305911326,0.0665283203125,0.0,0.0,0.011260000000000001,4.0,0.54,-0.0012780045508407056,0.13820755062624812,0.0002779651840683073,1.0178153342366159e-06,2.9168699189341396e-07,229642.86024999997,1.0,228846.45889453127,3.804325036319177e-07,517.8068992357556,3840.0,1.0,,184,,,,,,,,
9.615037270999892,0.007848180990897902,0.06768798828125,0.0,0.0,0.0112125,4.0,0.5375,0.00014607089906348847,0.13844952918589115,0.001698152453172952,1.262953112757259e-06,3.1408641198993337e-07,230144.51325000002,1.0,228868.6475703125,3.804325036319177e-07,654.315701649532,3840.0,1.0,,185,,,,,,,,
10.402747715997975,0.006983446897043777,0.0616455078125,0.0,0.0,0.011165,4.0,0.5349999999999999,-0.001618324029550422,0.13461100845597684,-0.00011564111628104001,1.1766434901971934e-06,2.6254084461996285e-07,229903.16425,1.0,228863.95491796875,3.804325036319177e-07,760.135936964951,3840.0,1.0,,186,,,,,,,,
8.303253066998877,0.00974536411937077,0.08355712890625,0.0,0.0,0.0111175,4.0,0.5325,0.0003731237484316807,0.1419734638184309,0.0019511840946506709,1.952528402071607e-06,2.687846798465898e-07,229669.57,1.0,228891.47095312498,3.804325036319177e-07,510.5105445771016,3840.0,1.0,,187,,,,,,,,
9.559010578999732,0.007402550313447165,0.06329345703125,0.0,0.0,0.011070000000000002,4.0,0.53,-0.0022090783313615248,0.14042869908735156,-0.0006551013648277149,4.293559591417306e-06,2.7842833549840407e-07,229531.61275,1.0,228738.980984375,3.804325036319177e-07,513.6341683594267,3840.0,1.0,,188,,,,,,,,
10.241072623997752,0.006563230791519992,0.06195068359375,0.0,0.0,0.011022500000000001,4.0,0.5275000000000001,-0.0007289674103958532,0.1434028740040958,0.0008495837391819805,1.9337100511052085e-05,3.4675059179534173e-07,229567.401,1.0,228799.2644609375,3.804325036319177e-07,605.7906692256479,3840.0,1.0,,189,,,,,,,,
8.350193696001952,0.0066946587328367,0.06793212890625,0.0,0.0,0.010975,4.0,0.525,0.003227694411179982,0.14922066126018763,0.004859784326981753,5.35927266582803e-05,4.953066845558851e-07,229662.9125,1.0,228539.83468359377,3.804325036319177e-07,518.389164632278,3840.0,1.0,,190,,,,,,,,
9.65341534899926,0.004669213830817753,0.04901123046875,0.0,0.0,0.010927500000000001,4.0,0.5225,-0.0007084130775183439,0.15246080653741956,0.0009549031383357942,2.4998227292627462e-05,3.9830424380937757e-07,229592.79975000003,1.0,228684.08303125,3.804325036319177e-07,522.8120221734785,3840.0,1.0,,191,,,,,,,,
9.998362275000545,0.007495968460953684,0.067626953125,0.0,0.0,0.01088,4.0,0.52,-0.0003684956463985145,0.14371438091620803,0.0011933310306631029,1.6381971711609822e-05,2.940906917991981e-07,230105.77575,1.0,228977.84350000002,3.804325036319177e-07,511.9981919930773,3840.0,1.0,,192,,,,,,,,
8.218187416001456,0.006823514487177995,0.061767578125,0.0,0.0,0.0108325,4.0,0.5175000000000001,0.00110126129402488,0.149899672716856,0.0027247648977208883,1.6383600875968796e-06,2.413118034283457e-07,229664.42825,1.0,228844.308421875,3.804325036319177e-07,396.17485259381215,3840.0,1.0,,193,,,,,,,,
9.561045171998558,0.006670860122643951,0.07269287109375,0.0,0.0,0.010785000000000001,4.0,0.515,0.00238843930492294,0.15112316329032183,0.004018077190266922,9.616682490332096e-07,2.591139161012279e-07,229857.46825000003,1.0,229028.868859375,3.804325036319177e-07,356.2360703014043,3840.0,1.0,,194,,,,,,,,
9.558283828999265,0.012067805996774261,0.0794677734375,0.0,0.0,0.0107375,4.0,0.5125,0.0021553915285039693,0.1435624067671597,0.003696654865052551,9.429375076308588e-07,2.874673290520491e-07,229752.17575,1.0,228819.51896484374,3.804325036319177e-07,527.0482798041833,3840.0,1.0,,195,,,,,,,,
8.267264055000851,0.005156682781253252,0.06488037109375,0.0,0.0,0.010690000000000002,4.0,0.51,-0.001241321999259526,0.14362630806863308,0.000293854798655957,7.690960508455191e-07,2.229588358382273e-07,229597.24375000002,1.0,229036.54389453126,3.804325036319177e-07,350.9141975121889,3840.0,1.0,,196,,,,,,,,
10.193148627000483,0.007585715762587597,0.07366943359375,0.0,0.0,0.010642500000000001,4.0,0.5075000000000001,0.00016192626026168,0.14763427199795842,0.001732913515297696,8.191988953853979e-07,2.5638445100284457e-07,229873.52225,1.0,228974.16219140627,3.804325036319177e-07,490.3202464412284,3840.0,1.0,,197,,,,,,,,
9.35783980999986,0.006934192776649084,0.06695556640625,0.0,0.0,0.010595,4.0,0.505,-0.0018086609270540066,0.13843548041768372,-0.00034212146420031786,7.134488608784295e-07,2.2586431391857786e-07,229827.19625000004,1.0,228904.72581640625,3.804325036319177e-07,519.8113517742105,3840.0,1.0,,198,,,,,,,,
8.414763804998074,0.0054934468978746764,0.051513671875,0.0,0.0,0.010547500000000001,4.0,0.5025,0.0007232498537632637,0.1385516612790525,0.0021844287839485332,8.083955655990849e-07,2.273880457259736e-07,229663.19650000002,1.0,228861.4737421875,3.804325036319177e-07,532.8241013014996,3840.0,1.0,,199,,,,,,,,
10.090191488001437,0.004540474605192912,0.05023193359375,0.0,0.0,0.0105,4.0,0.5,-0.002533413175115129,0.13513207528740168,-0.001114707614760846,7.854820012198616e-07,2.049295688699715e-07,229602.45850000004,1.0,228785.317609375,3.804325036319177e-07,545.9267163220582,3840.0,1.0,,200,230972.37649999998,229776.02025000003,229470.30700000003,70000042,228756.12849166663,best_of_k,229776.02025000003,489.9075383923367
10.26518929300073,0.006835378073432707,0.06585693359375,0.0,0.0,0.010452500000000002,4.0,0.49750000000000005,0.003482811094727367,0.1341526450123638,0.004884859110461548,7.920258724425366e-07,2.0794898514253646e-07,229779.178,1.0,228741.01062109377,3.804325036319177e-07,581.8760232019991,3840.0,1.0,,201,,,,,,,,
8.722967251000227,0.003619761906654695,0.03741455078125,0.0,0.0,0.010405000000000001,4.0,0.495,-0.0014601114817196503,0.1356557288672775,-4.8804242396727204e-05,7.623750573060306e-07,2.2896879414702198e-07,229751.01375000004,1.0,228923.90396875,3.804325036319177e-07,513.0335853053248,3840.0,1.0,,202,,,,,,,,
8.485058882000885,0.004259972136281043,0.04827880859375,0.0,0.0,0.010357500000000002,4.0,0.49250000000000005,-0.0015477713895961642,0.14559723995625973,-3.9978534914553165e-05,1.0894370721103996e-06,2.4268781606551215e-07,229835.642,1.0,228893.97735937504,3.804325036319177e-07,504.6252790223785,3840.0,1.0,,203,,,,,,,,
10.218147837000288,0.004867657088334809,0.0538330078125,0.0,0.0,0.01031,4.0,0.49,-0.002764500975899864,0.14366026036441326,-0.001283619785681367,1.253171433290845e-06,2.6128652796941765e-07,229975.77049999998,1.0,228905.79377734376,3.804325036319177e-07,607.9064410060503,3840.0,1.0,,204,,,,,,,,
8.424007645000529,0.008127207042660345,0.0714111328125,0.0,0.0,0.0102625,4.0,0.48750000000000004,-0.0006790960287617054,0.13709232164546847,0.0007274318777490407,2.101553562283698e-06,3.4407386095836046e-07,230267.55449999997,1.0,228807.81946875,3.804325036319177e-07,1279.3013736677592,3840.0,1.0,,205,,,,,,,,
8.972862825998163,0.0033555562837550568,0.034423828125,0.0,0.0,0.010215,4.0,0.485,0.0018240197787235957,0.1407924541272223,0.0032588491158094257,3.235769676201983e-05,2.6048330070693737e-07,230530.13050000003,1.0,229050.15492578124,3.804325036319177e-07,544.8071548096024,3840.0,1.0,,206,,,,,,,,
10.376351476999844,0.0037477783249846297,0.04376220703125,0.0,0.0,0.010167500000000001,4.0,0.48250000000000004,0.0008013561455300078,0.13879963057115674,0.0022057589958421886,6.715796896372694e-05,2.54357181539433e-07,230271.58225000004,1.0,229062.98015234375,3.804325036319177e-07,502.6560088834249,3840.0,1.0,,207,,,,,,,,
8.371534789999714,0.004116905622294276,0.04705810546875,0.0,0.0,0.01012,4.0,0.48,-0.0024063525270321406,0.13833304936997592,-0.0010211654589511454,0.00014605760765817877,2.751748282570077e-07,230304.42575,1.0,229100.77981640626,3.804325036319177e-07,672.2324444208873,3840.0,1.0,,208,,,,,,,,
9.153551602001244,0.004225719934998207,0.0479736328125,0.0,0.0,0.010072500000000002,4.0,0.47750000000000004,-0.0023891436285339296,0.1341552350204438,-0.0010471275018062443,9.112754001705525e-05,3.0045126919731047e-07,230307.41425000003,1.0,229326.821578125,3.804325036319177e-07,618.6557740847184,3840.0,1.0,,209,,,,,,,,
10.073231640999438,0.004130905122898376,0.04351806640625,0.0,0.0,0.010025000000000001,4.0,0.475,-0.0024617360904812813,0.12840507086366415,-0.001175213372334838,5.999881835805354e-06,2.7542684710724075e-07,230528.48249999998,1.0,229424.745359375,3.804325036319177e-07,662.8906937800245,3840.0,1.0,,210,,,,,,,,
8.410141641998052,0.003544972588254147,0.037353515625,0.0,0.0,0.009977500000000002,4.0,0.47250000000000003,-0.00013551196025218815,0.1286439576651901,0.0011478003725642338,1.065217865914292e-06,2.5270533221544156e-07,230546.79450000002,1.0,229439.7842421875,3.804325036319177e-07,905.1016134136171,3840.0,1.0,,211,,,,,,,,
9.508404395997786,0.004496518678744454,0.0479736328125,0.0,0.0,0.00993,4.0,0.47,-0.0033135782650788315,0.12276332406327128,-0.00209480024932418,1.0080746086771342e-06,3.2262258597981486e-07,230520.98025000002,1.0,229644.68666796875,3.804325036319177e-07,701.1668370568115,3840.0,1.0,,212,,,,,,,,
10.207564937001735,0.0034586954366195855,0.03985595703125,0.0,0.0,0.0098825,4.0,0.4675,6.958440280868672e-05,0.12265409249812365,0.0012814549845643342,7.566161901451096e-07,3.6506078426867816e-07,230427.16725,1.0,229517.4815234375,3.804325036319177e-07,1085.4861793756677,3840.0,1.0,,213,,,,,,,,
8.295814027002052,0.004811900767545563,0.05303955078125,0.0,0.0,0.009835,4.0,0.46499999999999997,0.0001384607021464035,0.13030876847915351,0.0014198596181813627,5.870227841597853e-07,2.5786771695734956e-07,230480.87025,1.0,229529.64513671875,3.804325036319177e-07,585.7460344742423,3840.0,1.0,,214,,,,,,,,
9.6068794290004,0.003789185825864294,0.04278564453125,0.0,0.0,0.009787500000000001,4.0,0.4625,-0.00034921200858661905,0.12784797325730324,0.0009019163844641298,6.213595256099325e-07,2.4192005954049023e-07,230398.41850000003,1.0,229531.55555859377,3.804325036319177e-07,518.870436866974,3840.0,1.0,,215,,,,,,,,
9.505849174001924,0.005636981629822291,0.0560302734375,0.0,0.0,0.00974,4.0,0.45999999999999996,-0.00013074033995508216,0.13096261653117836,0.0011446710414020345,5.049034266235708e-07,2.280608168980791e-07,230507.79600000003,1.0,229693.12645312503,3.804325036319177e-07,594.2856698591439,3840.0,1.0,,216,,,,,,,,
7.953496790996724,0.0046227988141165355,0.05865478515625,0.0,0.0,0.009692500000000001,4.0,0.4575,0.0007798375008860603,0.12529242248274386,0.00199405979947187,5.851428115377644e-07,2.3206659172103627e-07,230558.228,1.0,229566.8130625,3.804325036319177e-07,670.1785615260949,3840.0,1.0,,217,,,,,,,,
9.82006716899923,0.0031915350563087586,0.03289794921875,0.0,0.0,0.009644999999999999,4.0,0.45499999999999996,-0.0010981564118992537,0.12687313952483237,0.00012538128066807985,5.118359878153456e-07,2.0537375267082325e-07,230405.50650000002,1.0,229690.28278906253,3.804325036319177e-07,478.1013420292608,3840.0,1.0,,218,,,,,,,,
8.905872800001816,0.004200025849728117,0.04815673828125,0.0,0.0,0.0095975,4.0,0.4525,-0.0011981511197518557,0.12167958030477166,-3.047373320441693e-05,4.112061446903681e-07,2.020507627875645e-07,230527.68624999997,1.0,229903.77524218752,3.804325036319177e-07,411.1530632331829,3840.0,1.0,,219,,,,,,,,
7.86776305300009,0.00556850323059388,0.04644775390625,0.0,0.0,0.00955,4.0,0.44999999999999996,-0.0006552467457368039,0.12176631763577461,0.000507472301251255,4.6824254607003013e-07,2.0501503339431792e-07,230504.55024999997,1.0,229739.16568359375,3.804325036319177e-07,551.5120426950642,3840.0,1.0,,220,230972.37649999998,230465.97600000002,230289.44400000002,70000042,229742.35221666665,best_of_k,230465.97600000002,551.3804461836573
8.270567556999595,0.0036237717018154925,0.045654296875,0.0,0.0,0.0095025,4.0,0.4475,-0.0011012098111677915,0.12488685362040997,8.538123802281916e-05,4.583111499201209e-07,2.0043884330078754e-07,230417.20800000004,1.0,229715.2892851563,3.804325036319177e-07,589.5521460595847,3840.0,1.0,,221,,,,,,,,
9.894996263999928,0.004039482931839089,0.048095703125,0.0,0.0,0.009455,4.0,0.44499999999999995,-0.0031830745665502036,0.11600890709087253,-0.0020863422541879117,3.7555819343282337e-07,1.876792707911079e-07,230575.6265,1.0,229848.3364296875,3.804325036319177e-07,431.9692490253848,3840.0,1.0,,222,,,,,,,,
8.04086142199958,0.004427332019659058,0.04681396484375,0.0,0.0,0.009407500000000001,4.0,0.4425,0.0008395429358643014,0.11762724979780614,0.0019460032344795763,3.1407149769790976e-07,1.7419504372284678e-07,230525.76800000004,1.0,229932.45001171876,3.804325036319177e-07,362.4896381490136,3840.0,1.0,,223,,,,,,,,
8.95695128999796,0.004992492611738175,0.05255126953125,0.0,0.0,0.00936,4.0,0.43999999999999995,0.0005281323828967288,0.12744174944236875,0.001720818952890113,5.356407033474397e-07,2.286451619148977e-07,230506.564,1.0,229500.999734375,3.804325036319177e-07,878.1904280266018,3840.0,1.0,,224,,,,,,,,
9.868267738002032,0.0034847282519030465,0.037841796875,0.0,0.0,0.009312500000000001,4.0,0.4375,0.0012887355042039417,0.13296091533266008,0.002526788943214342,4.1208398560144133e-07,2.0900912556243156e-07,230516.67075,1.0,229578.07942968752,3.804325036319177e-07,518.9433489041674,3840.0,1.0,,225,,,,,,,,
8.043379456001276,0.005088803830657573,0.0555419921875,0.0,0.0,0.009265000000000002,4.0,0.43500000000000005,-0.001953700786543777,0.1321500015910715,-0.0007294750539585948,4.428931337230324e-07,2.002902461661904e-07,230409.89025,1.0,229558.58836328128,3.804325036319177e-07,561.8530473487746,3840.0,1.0,,226,,,,,,,,
9.355555334997916,0.003176187608485037,0.0338134765625,0.0,0.0,0.0092175,4.0,0.4325,0.0035463184976833872,0.12817574781365693,0.0047276428958866745,3.7250667350718913e-07,1.9695933861640924e-07,230610.244,1.0,229716.07225,3.804325036319177e-07,615.9017483324332,3840.0,1.0,,227,,,,,,,,
9.364398413003073,0.003884788696873809,0.0411376953125,0.0,0.0,0.009170000000000001,4.0,0.43000000000000005,-0.00020590036547218915,0.1282858019694686,0.0009703388786874712,4.448046926341931e-07,1.937548099739672e-07,230524.75400000002,1.0,229703.5694765625,3.804325036319177e-07,583.1524768419578,3840.0,1.0,,228,,,,,,,,
7.993228278999595,0.006671480979157707,0.07452392578125,0.0,0.0,0.0091225,4.0,0.4275,0.0054484038992086425,0.13104454753920436,0.00664371345192194,4.4152949474352e-07,2.0061792982417614e-07,230429.5685,1.0,229572.5816015625,3.804325036319177e-07,620.8918038470568,3840.0,1.0,,229,,,,,,,,
9.740016727002512,0.007073570134905616,0.07965087890625,0.0,0.0,0.009075000000000001,4.0,0.42500000000000004,0.00023729258828097954,0.12706231512129307,0.0013902512728236616,3.750944106428733e-07,1.8871201445946895e-07,230435.36625000002,1.0,229652.96222265626,3.804325036319177e-07,559.4142181493829,3840.0,1.0,,230,,,,,,,,
8.746396868999,0.0074518773498226665,0.0721435546875,0.0,0.0,0.0090275,4.0,0.4225,0.001999606418394251,0.12106624851003289,0.0030923887388780713,3.6452582818924384e-07,2.1225848323425112e-07,230490.68699999998,1.0,229770.03071484377,3.804325036319177e-07,503.7302668809174,3840.0,1.0,,231,,,,,,,,
7.874862607997784,0.005121233168612349,0.05511474609375,0.0,0.0,0.008980000000000002,4.0,0.42000000000000004,0.0011510692675074097,0.12016391940414906,0.002230003708973527,3.5082715310608137e-07,2.0526102728624096e-07,230623.924,1.0,229808.842171875,3.804325036319177e-07,493.88992974105685,3840.0,1.0,,232,,,,,,,,
9.72940781899888,0.0029291933099053757,0.035888671875,0.0,0.0,0.008932500000000001,4.0,0.4175,0.00016717662219889462,0.118973447708413,0.001229787725606002,3.4068538212750354e-07,1.6920997225611245e-07,230305.31375,1.0,229804.37889843748,3.804325036319177e-07,420.46976009545904,3840.0,1.0,,233,,,,,,,,
7.915630221999891,0.0031177110792039997,0.03863525390625,0.0,0.0,0.008885,4.0,0.41500000000000004,0.0005669216589012649,0.11591704073362052,0.0015967339859344065,3.139898856474588e-07,1.590863871747672e-07,230407.76,1.0,229846.59049609376,3.804325036319177e-07,413.9397075576111,3840.0,1.0,,234,,,,,,,,
8.885388283000793,0.003951695544647027,0.0380859375,0.0,0.0,0.0088375,4.0,0.4125,-0.0024786704088910483,0.11786579876206815,-0.0014371966972248629,4.5585727015406974e-07,2.3866268028527315e-07,230392.46450000003,1.0,229539.96175000002,3.804325036319177e-07,944.4727676611938,3840.0,1.0,,235,,,,,,,,
9.71625400099947,0.006087267184450296,0.06793212890625,0.0,0.0,0.008790000000000001,4.0,0.41000000000000003,0.0006889163050800562,0.12703874660655856,0.0018054708780255169,3.4930244652287e-07,1.6109125278163106e-07,230606.95550000004,1.0,229640.81312109373,3.804325036319177e-07,517.698063189221,3840.0,1.0,,236,,,,,,,,
7.925128176997532,0.00422430055944556,0.043701171875,0.0,0.0,0.0087425,4.0,0.4075,-0.0048623598195263185,0.12007451872341335,-0.003812730486970395,3.0333065215160104e-07,1.827304747514802e-07,230476.10400000002,1.0,229778.92485156248,3.804325036319177e-07,547.4682421058454,3840.0,1.0,,237,,,,,,,,
9.5015021170002,0.0060131610274831715,0.05963134765625,0.0,0.0,0.008695000000000001,4.0,0.405,0.0010593914321361808,0.11739360401406884,0.00207996838435065,3.1680690337765327e-07,2.575625788203695e-07,230431.339,1.0,229891.72473828128,3.804325036319177e-07,387.4295448179934,3840.0,1.0,,238,,,,,,,,
8.849811176998628,0.003882111166183977,0.04327392578125,0.0,0.0,0.0086475,4.0,0.40249999999999997,0.003415962599319755,0.116731823887676,0.0044252200168557465,3.297187776141186e-07,2.9652214506015184e-07,230522.46399999998,1.0,229790.70189843752,3.804325036319177e-07,517.1607586370657,3840.0,1.0,,239,,,,,,,,
8.030347011997947,0.004538518237262146,0.04742431640625,0.0,0.0,0.008600000000000002,4.0,0.4,-0.004117183634662069,0.11871685762889683,-0.0030966218910180032,4.927702583756854e-07,7.07884278750015e-07,230538.83600000004,1.0,229844.87092968752,3.804325036319177e-07,430.6073106374805,3840.0,1.0,,240,230972.37649999998,230614.57975000003,229900.15275,70000042,229593.67455000003,best_of_k,230614.57975000003,565.1747386392648
8.090753126998607,0.0039020724777372173,0.04791259765625,0.0,0.0,0.0085525,4.0,0.39749999999999996,-0.0017458949296269566,0.1159176432993263,-0.0007548322901129723,5.594185488178027e-07,5.337730990540024e-07,230319.65099999998,1.0,229514.37689453125,3.804325036319177e-07,696.666027942187,3840.0,1.0,,241,,,,,,,,
9.53604749599981,0.0035849321341641094,0.0386962890625,0.0,0.0,0.008505,4.0,0.395,-0.0020081640177522786,0.11334446724504232,-0.001044277087203227,2.9058878103782604e-07,1.5708937217695507e-07,230575.87200000003,1.0,229894.9417734375,3.804325036319177e-07,463.8224861794055,3840.0,1.0,,242,,,,,,,,
8.054087721000542,0.005011839315821387,0.05072021484375,0.0,0.0,0.0084575,4.0,0.39249999999999996,0.0033003879761963617,0.11378047335892916,0.004262333211954683,2.7335515895288154e-06,1.5929405972059385e-07,230522.49025000003,1.0,229832.15247656254,3.804325036319177e-07,446.1628903726336,3840.0,1.0,,243,,,,,,,,
8.947456730998965,0.005003246614936119,0.04779052734375,0.0,0.0,0.00841,4.0,0.39,0.0013523125380743295,0.11201014113612473,0.0022940272465348244,2.0605160528930355e-06,1.693481062048363e-07,230549.01425,1.0,229934.4777578125,3.804325036319177e-07,418.66839706443966,3840.0,1.0,,244,,,,,,,,
9.401323694000894,0.004271274405683645,0.046142578125,0.0,0.0,0.0083625,4.0,0.38749999999999996,-0.001548835301946383,0.11131338984705508,-0.000620165083091706,1.6858381451712035e-05,1.0045423244342544e-06,230406.4565,1.0,229724.79099609377,3.804325036319177e-07,546.8949661935503,3840.0,1.0,,245,,,,,,,,
7.872695671998372,0.005992308412309022,0.04901123046875,0.0,0.0,0.008315000000000001,4.0,0.385,-0.0017179422502522357,0.1050752648152411,-0.0008447832951787859,3.6611883365011977e-06,3.5201467030177014e-07,230422.11250000002,1.0,229907.85420703125,3.804325036319177e-07,406.03559776688996,3840.0,1.0,,246,,,,,,,,
9.613859708999371,0.00459073536382415,0.0384521484375,0.0,0.0,0.0082675,4.0,0.38249999999999995,-0.001832441717851907,0.10225628968328238,-0.000987204650300555,8.692807376142753e-07,1.599489296566503e-07,230566.09175000002,1.0,230020.00388671877,3.804325036319177e-07,320.20014642807786,3840.0,1.0,,247,,,,,,,,
8.708403783999529,0.008002645605237113,0.06719970703125,0.0,0.0,0.008220000000000002,4.0,0.38,-0.001935223765030969,0.1004589032381773,-0.0011095775698777288,5.565103293747597e-07,1.4092681288602193e-07,230589.23200000002,1.0,229978.23052343752,3.804325036319177e-07,453.26365881978506,3840.0,1.0,,248,,,,,,,,
7.811911615001009,0.006036498344890839,0.053955078125,0.0,0.0,0.0081725,4.0,0.37749999999999995,-0.00030982487623987254,0.10325564979575574,0.0005339073541108519,3.797992960130614e-07,1.7320409995136288e-07,230607.20224999997,1.0,229866.6728984375,3.804325036319177e-07,502.39450486809494,3840.0,1.0,,249,,,,,,,,
9.590896620997228,0.003919755278230408,0.04217529296875,0.0,0.0,0.008125,4.0,0.375,-0.0038710606640961487,0.10775505774654448,-0.002995641640154645,2.3684141714497287e-07,1.3437404167149225e-07,230463.57200000001,1.0,229951.9149296875,3.804325036319177e-07,356.451002039613,3840.0,1.0,,250,,,,,,,,
8.07041302899961,0.003527470797564103,0.0400390625,0.0,0.0,0.008077500000000001,4.0,0.37250000000000005,0.0037724806661572075,0.10824827780015767,0.004646727778890636,3.774052235172576e-07,1.8339630836194942e-07,230491.03475,1.0,229819.81969531253,3.804325036319177e-07,603.5925468470438,3840.0,1.0,,251,,,,,,,,
8.707696831999783,0.002687825098714569,0.02764892578125,0.0,0.0,0.00803,4.0,0.37,0.002830474481015699,0.11056889547035098,0.0037165498652029783,4.630076524847482e-06,2.6585707884052567e-06,230460.448,1.0,229627.0315,3.804325036319177e-07,677.1014818147734,3840.0,1.0,,252,,,,,,,,
9.558110507001402,0.012147269319618514,0.0673828125,0.0,1.0,0.007982500000000002,4.0,0.36750000000000005,0.003670059908472467,0.10090408590622246,0.004471881344215944,7.846010814382964e-06,5.72012825772461e-06,230563.08325000003,1.0,229852.12052343754,3.804325036319177e-07,610.9232563333966,3840.0,1.0,,253,,,,,,,,
7.9289050420011336,0.007352019210819627,0.0638427734375,0.0,0.0,0.007935000000000001,4.0,0.365,0.004074295924510807,0.11568253231234848,0.0049905667547136545,7.175746823406826e-07,3.195291334634476e-06,230502.18774999998,1.0,229894.177203125,3.804325036319177e-07,424.1271387615664,3840.0,1.0,,254,,,,,,,,
9.471674667998741,0.0028554830564013756,0.03094482421875,0.0,0.0,0.007887500000000002,4.0,0.36250000000000004,-0.0017881757958093658,0.11509127076715231,-0.0008809608843876049,8.947380969459573e-07,9.560411000641977e-07,230571.63925,1.0,229764.00748828123,3.804325036319177e-07,530.624862784557,3840.0,1.0,,255,,,,,,,,
9.093075920001866,0.003235059191601497,0.02984619140625,0.0,0.0,0.00784,4.0,0.36,-0.005695296640624292,0.11606009118258953,-0.004785779849044047,5.97794638679261e-07,6.695275787116373e-07,230515.60400000005,1.0,229868.93692968748,3.804325036319177e-07,484.9956689835979,3840.0,1.0,,256,,,,,,,,
7.8652601890025835,0.004203667352570273,0.04742431640625,0.0,0.0,0.007792500000000001,4.0,0.35750000000000004,-0.003807365719694644,0.1143229363951832,-0.0029166508466005325,4.010157201861375e-07,2.1326242638508575e-07,230540.68199999997,1.0,229706.9994140625,3.804325036319177e-07,536.092119397395,3840.0,1.0,,257,,,,,,,,
9.652576313997997,0.00227406512229833,0.0255126953125,0.0,0.0,0.007745,4.0,0.355,-0.0016849194034875836,0.11472225398756564,-0.0007965174154378474,3.0067818057588624e-07,1.8329431439312316e-07,230597.34650000004,1.0,229762.541359375,3.804325036319177e-07,545.4053179051206,3840.0,1.0,,258,,,,,,,,
8.016290886000206,0.003945294703838531,0.0386962890625,0.0,0.0,0.007697500000000001,4.0,0.35250000000000004,-0.0014123093933449127,0.11140931327827275,-0.0005548541812459007,2.8308001498444924e-07,1.7908115612641495e-07,230570.77425000002,1.0,229950.54105468752,3.804325036319177e-07,467.1062990075934,3840.0,1.0,,259,,,,,,,,
8.139118865001365,0.0028961157471263377,0.034912109375,0.0,0.0,0.0076500000000000005,4.0,0.35,-0.0002878316736314446,0.1165472543798387,0.0006036364065948874,3.4404084914285704e-07,1.678225856061033e-07,230596.75449999998,1.0,229814.85086328126,3.804325036319177e-07,498.9403077783982,3840.0,1.0,,260,230972.37649999998,230648.276,230293.89050000004,70000042,229920.45858333335,best_of_k,230648.276,481.12027022701693
9.331582037997578,0.004126565559424922,0.0472412109375,0.0,0.0,0.007602500000000002,4.0,0.34750000000000003,0.0010705793138185982,0.1181188381742686,0.0019684562576003373,3.5814758136964997e-07,1.7201531621324762e-07,230466.64250000002,1.0,229775.32665625002,3.804325036319177e-07,434.06412124725017,3840.0,1.0,,261,,,,,,,,
9.869087241997477,0.00478899613564554,0.0472412109375,0.0,0.0,0.007555000000000001,4.0,0.345,0.0002499996517144609,0.11995746428146958,0.001156133774202317,4.939650670721107e-07,1.903806685632503e-07,230482.72175000003,1.0,229487.3878359375,3.804325036319177e-07,508.86586218048046,3840.0,1.0,,262,,,,,,,,
8.128429405001953,0.00485023373079696,0.0528564453125,0.0,0.0,0.007507500000000002,4.0,0.3425,-0.00016568716091569513,0.1269512043800205,0.0007872714195400476,3.6209597809033767e-07,1.828827631555896e-07,230334.8345,1.0,229439.31916796876,3.804325036319177e-07,516.8548163763577,3840.0,1.0,,263,,,,,,,,
9.883138856999722,0.0036175856784543825,0.03900146484375,0.0,0.0,0.00746,4.0,0.33999999999999997,0.0016276823353109648,0.12062769453041255,0.002527433360228315,3.858964667813325e-07,1.8647170874075414e-07,230559.73850000004,1.0,229556.80125781248,3.804325036319177e-07,571.4984953253967,3840.0,1.0,,264,,,,,,,,
10.020602997999958,0.0037747369244423012,0.047119140625,0.0,0.0,0.007412500000000001,4.0,0.3375,-0.004140032668146887,0.12054191436618567,-0.0032466455013491213,3.5173873236260533e-07,1.8796117595698547e-07,230409.64,1.0,229510.60085546877,3.804325036319177e-07,531.058421286266,3840.0,1.0,,265,,,,,,,,
8.248926817002939,0.004085545456842032,0.04412841796875,0.0,0.0,0.007365,4.0,0.33499999999999996,-0.003444978605330107,0.115108608501032,-0.002597327620605938,3.777801547144577e-07,1.730940759614441e-07,230497.592,1.0,229692.57676562498,3.804325036319177e-07,537.9899327208872,3840.0,1.0,,266,,,,,,,,
9.980785288000334,0.0058906007470098665,0.05059814453125,0.0,0.0,0.007317500000000001,4.0,0.3325,0.002769447186437901,0.11634412105195224,0.003620680538006127,2.9925260047747315e-07,1.6831589810806236e-07,230919.47600000002,1.0,229808.22600390628,3.804325036319177e-07,574.0402459652654,3840.0,1.0,,267,,,,,,,,
9.290567433999968,0.005364864883936615,0.05426025390625,0.0,0.0,0.00727,4.0,0.32999999999999996,-0.001066264507244341,0.11776318261399865,-0.00021024237503297627,3.0341438428393985e-07,1.7158855358800906e-07,230591.76175,1.0,229869.93268359377,3.804325036319177e-07,607.2787913435781,3840.0,1.0,,268,,,,,,,,
8.07684970199989,0.002413468991268264,0.02532958984375,0.0,0.0,0.0072225000000000015,4.0,0.3275,0.00029985328365000896,0.1131544946692884,0.0011170022189617157,2.919761095121487e-07,1.6032391947362612e-07,230543.17200000002,1.0,229910.02994921876,3.804325036319177e-07,543.1613783242211,3840.0,1.0,,269,,,,,,,,
9.967078296998807,0.003746842694004382,0.041259765625,0.0,0.0,0.007174999999999999,4.0,0.32499999999999996,0.000769061254686676,0.11101631913334131,0.001565503844176419,2.471662776670769e-07,1.49541929506114e-07,230605.21850000002,1.0,229851.9948242188,3.804325036319177e-07,497.0165090116642,3840.0,1.0,,270,,,,,,,,
8.676095891998557,0.004907055398765348,0.04510498046875,0.0,0.0,0.0071275,4.0,0.3225,0.0008034707971091848,0.10421369411051273,0.0015461495058843866,2.768973885736159e-07,1.5332126368505783e-07,230687.86,1.0,229919.79914453125,3.804325036319177e-07,508.0351263541876,3840.0,1.0,,271,,,,,,,,
8.072455823999917,0.004012386488774222,0.03973388671875,0.0,0.0,0.0070799999999999995,4.0,0.31999999999999995,0.001624536671442911,0.09765454102307558,0.0023158240946941078,2.8496511861320073e-07,1.5700011601893493e-07,230615.44624999998,1.0,229956.96103125002,3.804325036319177e-07,584.3455984095023,3840.0,1.0,,272,,,,,,,,
9.909229356999276,0.0035484416177022915,0.041748046875,0.0,0.0,0.0070325000000000006,4.0,0.3175,0.0003311217406007927,0.10127858794294298,0.0010432315611978993,4.957424293294821e-07,1.6482174514109715e-07,230748.78225000005,1.0,229997.8047109375,3.804325036319177e-07,722.1163643617914,3840.0,1.0,,273,,,,,,,,
8.09290288399643,0.003220170925496202,0.03961181640625,0.0,0.0,0.006985,4.0,0.31499999999999995,-0.005267106564133428,0.09950727829709649,-0.004572158795781434,2.9131661083425797e-07,1.613118736365493e-07,230602.85849999997,1.0,229911.29906640624,3.804325036319177e-07,457.2753059319602,3840.0,1.0,,274,,,,,,,,
9.065995263998047,0.0030704570084552074,0.03253173828125,0.0,0.0,0.006937500000000001,4.0,0.3125,-0.0002584161229606252,0.10059227631427348,0.00043933093547821045,2.6059442959081025e-07,1.71415082572679e-07,231553.4505,1.0,230000.75004296878,3.804325036319177e-07,565.7450303523109,3840.0,1.0,,275,,,,,,,,
9.90646411600028,0.004681099914862319,0.051513671875,0.0,0.0,0.006890000000000002,4.0,0.31000000000000005,-0.003872852787026204,0.09756314102560282,-0.0032007761183194816,4.6457044344805354e-07,1.734283805454595e-07,230631.71775,1.0,229783.475609375,3.804325036319177e-07,583.7438038727299,3840.0,1.0,,276,,,,,,,,
8.073595318001026,0.004056056327569557,0.04473876953125,0.0,0.0,0.006842500000000001,4.0,0.3075,-0.00517304125969531,0.09130763774737716,-0.004548385928501375,3.6916601331427046e-07,1.6029901495073773e-07,230624.70175,1.0,229938.68465625,3.804325036319177e-07,446.8280137884871,3840.0,1.0,,277,,,,,,,,
9.34153102700293,0.0025691826356220027,0.03045654296875,0.0,0.0,0.006795000000000002,4.0,0.30500000000000005,-0.00029290816564753186,0.09226825018413365,0.0003339461545692757,2.941925827393277e-07,1.591985272497709e-07,230712.46275,1.0,230011.61519921874,3.804325036319177e-07,564.0277562680108,3840.0,1.0,,278,,,,,,,,
9.819420724998054,0.0043865102170985715,0.0457763671875,0.0,0.0,0.0067475,4.0,0.3025,-0.0029243268309073756,0.09882424329407513,-0.0022577530617127195,1.572093537571817e-06,1.7102667859703047e-07,230685.39125,1.0,229989.25866406248,3.804325036319177e-07,461.2878030605823,3840.0,1.0,,279,,,,,,,,
8.094558684999356,0.002890705215681244,0.03631591796875,0.0,0.0,0.006700000000000001,4.0,0.30000000000000004,-0.0017771422735677334,0.09887249302119017,-0.0011153928644489497,6.043714485315377e-06,1.8397187107055402e-07,230666.73424999998,1.0,230023.7794921875,3.804325036319177e-07,529.626171663549,3840.0,1.0,,280,231553.4505,230674.62774999999,230549.79600000003,70000042,230014.07321666667,best_of_k,230674.62774999999,545.73888303355
8.159614350002812,0.003320645475688,0.04010009765625,0.0,0.0,0.0066525,4.0,0.2975,-0.0029363842550083064,0.10307803330942988,-0.0022508562688017264,1.1540610769245063e-06,1.6760121246406356e-07,230667.06000000006,1.0,229916.50794140628,3.804325036319177e-07,597.9296680334993,3840.0,1.0,,281,,,,,,,,
10.046319999000843,0.0028922582590831247,0.03448486328125,0.0,0.0,0.0066050000000000015,4.0,0.29500000000000004,-0.002326490910490975,0.10369101632386446,-0.0016417352599091828,3.890941866480091e-07,1.6884011699858092e-07,230720.23575,1.0,229616.15958203125,3.804325036319177e-07,712.486881567102,3840.0,1.0,,282,,,,,,,,
8.871596753997437,0.003240906896898821,0.03875732421875,0.0,0.0,0.006557500000000001,4.0,0.2925,-0.0016261911805486307,0.09779898496344686,-0.0009849859779933468,3.206161824920173e-07,1.5896472005394457e-07,230735.124,1.0,229906.75576171876,3.804325036319177e-07,644.2943836553245,3840.0,1.0,,283,,,,,,,,
8.172292854000261,0.0027987744781103885,0.03570556640625,0.0,0.0,0.006510000000000002,4.0,0.29000000000000004,-0.0002674853676580824,0.09685426251962781,0.0003629339043982327,2.8104721794264265e-07,1.470462582808807e-07,230627.14,1.0,229797.23148828125,3.804325036319177e-07,592.0495858510388,3840.0,1.0,,284,,,,,,,,
9.867183313002897,0.005445570559934332,0.054931640625,0.0,0.0,0.0064624999999999995,4.0,0.2875,0.0006846423784736544,0.08878308068960905,0.0012583033239934593,2.1231804714361147e-07,1.57055068061851e-07,230712.10225,1.0,229998.59044921875,3.804325036319177e-07,588.732223333668,3840.0,1.0,,285,,,,,,,,
8.052324080999824,0.002523797749627299,0.02911376953125,0.0,0.0,0.0064150000000000006,4.0,0.28500000000000003,-0.0014243707300920505,0.08387065352872014,-0.0008864683622960001,4.5139671334126774e-07,1.667663411808462e-07,230740.82650000002,1.0,229943.60371484378,3.804325036319177e-07,597.8391351855647,3840.0,1.0,,286,,,,,,,,
8.631916547998117,0.006910752278994625,0.066162109375,0.0,0.0,0.0063675,4.0,0.2825,0.002405514735073666,0.08240257599391043,0.002930132774054073,1.819875254938097e-07,1.24777968180112e-07,230706.47999999998,1.0,230075.48546875,3.804325036319177e-07,379.0313826634749,3840.0,1.0,,287,,,,,,,,
9.81798918200002,0.006502354600513627,0.05859375,0.0,0.0,0.006320000000000001,4.0,0.28,-0.0029135165677871555,0.08692627144046128,-0.0023642110463697463,1.649011238669118e-07,1.0417203366586136e-07,230580.95025000005,1.0,230044.466296875,3.804325036319177e-07,354.89371202317966,3840.0,1.0,,288,,,,,,,,
8.133495483001752,0.004671006118426302,0.05712890625,0.0,0.0,0.0062725,4.0,0.27749999999999997,0.0002443959929223638,0.08950629527680576,0.0008057342492975295,2.774243550440758e-07,1.2461497922444664e-07,230706.27025,1.0,229958.022734375,3.804325036319177e-07,630.7680952940988,3840.0,1.0,,289,,,,,,,,
9.333371854998404,0.0030222075873900245,0.04229736328125,0.0,0.0,0.006225000000000001,4.0,0.275,0.001196003195218509,0.0876439728308469,0.0017414954781997949,2.513189722996856e-07,1.3130528908611439e-07,230551.40625000003,1.0,229789.11697265628,3.804325036319177e-07,532.0799736627152,3840.0,1.0,,290,,,,,,,,
9.838929244997416,0.003569170274327238,0.0411376953125,0.0,0.0,0.006177500000000001,4.0,0.27249999999999996,-0.0009099333692574874,0.08721100259572268,-0.0003712936013471335,3.018296972356893e-07,1.5255860263962973e-07,230754.39025,1.0,229736.84952734376,3.804325036319177e-07,655.2823227463289,3840.0,1.0,,291,,,,,,,,
8.134448705000977,0.005561398429302589,0.04669189453125,0.0,0.0,0.006130000000000002,4.0,0.27,-0.0014282338124758098,0.08857592684216797,-0.0008853532199282199,2.311727662629437e-07,1.3368522688850248e-07,230542.7365,1.0,229827.82959765624,3.804325036319177e-07,533.1672361602405,3840.0,1.0,,292,,,,,,,,
9.698847743002261,0.0023286893961413924,0.0286865234375,0.0,0.0,0.006082499999999999,4.0,0.26749999999999996,-0.005561289376601053,0.08768446044996381,-0.005028048835811205,3.4216707511802724e-07,1.3175243562812966e-07,230666.16249999998,1.0,229872.4881484375,3.804325036319177e-07,532.5272838757043,3840.0,1.0,,293,,,,,,,,
9.730323001000215,0.0031890289520912773,0.0374755859375,0.0,0.0,0.006035,4.0,0.265,-0.0025302595622633817,0.08916464704088867,-0.0019922259234590456,1.8968358395099472e-07,1.1301936964080994e-07,231210.21900000004,1.0,229926.92171875,3.804325036319177e-07,526.4804133135949,3840.0,1.0,,294,,,,,,,,
8.059926461999567,0.003642260239919093,0.0413818359375,0.0,0.0,0.0059875,4.0,0.26249999999999996,-0.000177701840584632,0.08482202235609293,0.00033001534757204354,5.657849664331138e-07,1.9648571458752428e-07,230588.47500000003,1.0,229764.48136328126,3.804325036319177e-07,556.0453014150697,3840.0,1.0,,295,,,,,,,,
9.82307760600088,0.002767678761889325,0.03778076171875,0.0,0.0,0.005940000000000001,4.0,0.26,-0.001439500178094022,0.0879331377800554,-0.0009173254948109388,7.992975485926479e-07,1.3638368923096778e-07,230666.05200000003,1.0,229874.52230078127,3.804325036319177e-07,592.9391920147528,3840.0,1.0,,296,,,,,,,,
9.250830891000078,0.0028490002348249277,0.03271484375,0.0,0.0,0.0058925,4.0,0.25749999999999995,-0.0014785012026550248,0.08890003571286798,-0.0009547986264806241,7.50471494281868e-07,1.3229653328394875e-07,230766.06775,1.0,229869.70784375002,3.804325036319177e-07,619.9467604318852,3840.0,1.0,,297,,,,,,,,
8.051150336999854,0.0018833435561314005,0.0223388671875,0.0,0.0,0.005845000000000001,4.0,0.255,-0.0006579886103281751,0.09337473567575216,-0.00011232186807319522,4.7576874218080434e-07,1.2250918990375226e-07,230670.312,1.0,229754.5482421875,3.804325036319177e-07,503.8693519799312,3840.0,1.0,,298,,,,,,,,
9.821134095000161,0.0031038310416906523,0.033935546875,0.0,0.0,0.005797500000000001,4.0,0.25249999999999995,-0.0015071390371304005,0.0908821274060756,-0.0009803454449865967,3.4695080497471054e-07,1.2216928912955893e-07,230563.42524999997,1.0,229803.21621875002,3.804325036319177e-07,494.0684121189837,3840.0,1.0,,299,,,,,,,,
8.087333264000335,0.0020132911456336444,0.02093505859375,0.0,0.0,0.005750000000000002,4.0,0.25,0.0008961833182183909,0.0831477481406182,0.0013742042356170714,2.4813227961217876e-07,1.0795230975801928e-07,230790.148,1.0,229945.69573046878,3.804325036319177e-07,573.1055510572028,3840.0,1.0,,300,231553.4505,230710.34149999998,230508.47100000002,70000042,230082.52136666668,best_of_k,230710.34149999998,327.3244678180742
8.074027484999533,0.004611837893290449,0.046875,0.0,0.0,0.005702500000000001,4.0,0.24750000000000005,0.0008486933766107541,0.08058143686503172,0.0013081086217425764,4.0639357212768346e-07,1.1905571750681077e-07,230764.29200000002,1.0,230052.77721875,3.804325036319177e-07,457.02581844205423,3840.0,1.0,,301,,,,,,,,
9.920361913002125,0.0027325733697391996,0.03436279296875,0.0,0.0,0.005655,4.0,0.245,0.000325073142448673,0.0852842575404793,0.0008072443743003532,4.1374827386420066e-07,1.3965421374884102e-07,230651.87774999999,1.0,229841.33880859375,3.804325036319177e-07,591.5115684952959,3840.0,1.0,,302,,,,,,,,
9.442037655000604,0.0039778481193755155,0.03875732421875,0.0,0.0,0.005607500000000001,4.0,0.24250000000000005,0.0016312925599777373,0.08049929910339415,0.0020825789688387886,2.4350200433786995e-07,1.7732990920116265e-07,230719.19199999998,1.0,229913.78964453127,3.804325036319177e-07,414.2482176354083,3840.0,1.0,,303,,,,,,,,
8.161636046002968,0.0020387698108308427,0.02691650390625,0.0,0.0,0.005560000000000001,4.0,0.24,-0.002646278395332047,0.07992293499410152,-0.0022020481555955485,3.2557218032636115e-07,2.1762020807614135e-07,230831.87600000005,1.0,229841.88123828126,3.804325036319177e-07,586.3029761771978,3840.0,1.0,,304,,,,,,,,
9.667060243999003,0.002585109843041611,0.03057861328125,0.0,0.0,0.005512500000000002,4.0,0.23750000000000004,0.0009349170577479526,0.08038059482350945,0.0013778954453300685,5.554478574865129e-07,1.2784902092555228e-07,230793.76399999997,1.0,229872.561953125,3.804325036319177e-07,545.1441911891542,3840.0,1.0,,305,,,,,,,,
8.809458128002007,0.002630971758029066,0.0283203125,0.0,0.0,0.005465000000000001,4.0,0.235,-0.0009443471699341899,0.08081973879598081,-0.0005027646548114717,4.068674401835892e-07,1.139020895379872e-07,230672.24724999996,1.0,229979.97825000004,3.804325036319177e-07,518.4170817941987,3840.0,1.0,,306,,,,,,,,
8.089995943999384,0.0018704710525794255,0.022216796875,0.0,0.0,0.005417500000000002,4.0,0.23250000000000004,-0.001145173805525701,0.08129777829162776,-0.0007049530395306647,1.1431036575082487e-06,1.9206189993958844e-07,230779.39925000002,1.0,230031.09042578127,3.804325036319177e-07,524.7959656902237,3840.0,1.0,,307,,,,,,,,
9.75847721899845,0.004203819120370156,0.0394287109375,0.0,0.0,0.00537,4.0,0.22999999999999998,-0.0011403216485632583,0.08587664482183754,-0.0006797378591727465,4.308305747269259e-06,2.8632504189829433e-07,230670.08000000002,1.0,229957.5116953125,3.804325036319177e-07,580.97107151057,3840.0,1.0,,308,,,,,,,,
8.15890085099818,0.002874084703794466,0.03131103515625,0.0,0.0,0.005322500000000001,4.0,0.22750000000000004,-0.005194905646931147,0.08453264506533742,-0.004745150370581541,1.0311260050244186e-06,1.339233843822285e-07,230725.23599999998,1.0,229917.32119140626,3.804325036319177e-07,664.1395521859907,3840.0,1.0,,309,,,,,,,,
8.462002181000571,0.002724814594517788,0.03125,0.0,0.0,0.005275,4.0,0.22499999999999998,-0.002375449097598903,0.08549472223967314,-0.001924918091390282,3.7120322886607937e-06,1.6398180990861988e-07,230764.90224999998,1.0,229917.5048515625,3.804325036319177e-07,586.8097706596966,3840.0,1.0,,310,,,,,,,,
9.806492027997592,0.002120510391352637,0.0247802734375,0.0,0.0,0.005227500000000001,4.0,0.22250000000000003,-4.717110914498335e-05,0.084155626129359,0.00039256342279259115,8.453665132357457e-07,2.088868162886115e-07,230592.168,1.0,229778.85479687498,3.804325036319177e-07,608.8853421635301,3840.0,1.0,,311,,,,,,,,
8.282822069999384,0.0023147273915187228,0.032958984375,0.0,0.0,0.005180000000000001,4.0,0.21999999999999997,-0.004090137532330118,0.08432281226851046,-0.0036534537648549303,4.703646858672528e-07,1.2233824220331257e-07,230767.0505,1.0,229856.21777734376,3.804325036319177e-07,557.2363329803882,3840.0,1.0,,312,,,,,,,,
9.054720618998545,0.0022926807628018686,0.025634765625,0.0,0.0,0.005132500000000002,4.0,0.21750000000000003,-0.001886715501314029,0.08436086564324796,-0.0014538118266500533,1.9883448487689748e-07,1.1719817516464559e-07,230725.69425,1.0,229810.64503515625,3.804325036319177e-07,572.1736814906254,3840.0,1.0,,313,,,,,,,,
9.952601896999113,0.002244711074435024,0.0272216796875,0.0,0.0,0.005085000000000001,4.0,0.21499999999999997,0.00045605606646859087,0.08485652809031308,0.0008874432533048093,4.156959407808358e-07,1.345629179194674e-07,230598.44950000002,1.0,229831.50616015625,3.804325036319177e-07,561.2244279419473,3840.0,1.0,,314,,,,,,,,
8.099321603000135,0.002213116828018391,0.02569580078125,0.0,0.0,0.005037500000000002,4.0,0.21250000000000002,-0.004398100624712242,0.08334371051751077,-0.003978358145104721,4.3300061847162397e-07,1.1569701130476062e-07,230602.82000000004,1.0,229742.54783984373,3.804325036319177e-07,551.4964561852483,3840.0,1.0,,315,,,,,,,,
9.269785560001765,0.0023637443525501567,0.03076171875,0.0,0.0,0.00499,4.0,0.20999999999999996,0.0010601161266095005,0.08435654127970338,0.0014808250707574189,1.4687742218022493e-06,1.664119422262189e-07,230779.78000000003,1.0,229875.2265078125,3.804325036319177e-07,553.3615178105368,3840.0,1.0,,316,,,,,,,,
9.464599382001325,0.0035827527808933723,0.045166015625,0.0,0.0,0.004942500000000001,4.0,0.20750000000000002,-0.0012917245094286045,0.0811298384796828,-0.0008910515825846232,3.810435229567588e-07,5.457929215246793e-07,230574.68349999998,1.0,229822.321296875,3.804325036319177e-07,560.7224310728623,3840.0,1.0,,317,,,,,,,,
8.044305586998235,0.00216549166324409,0.02618408203125,0.0,0.0,0.004895,4.0,0.20499999999999996,0.0003684629209601553,0.07632830692455173,0.000741897092666477,7.685589298311868e-07,2.3372649105013465e-07,230595.8385,1.0,229829.918,3.804325036319177e-07,454.8401918759427,3840.0,1.0,,318,,,,,,,,
9.982773768999323,0.0024227279576127803,0.029541015625,0.0,0.0,0.004847500000000001,4.0,0.2025,-0.002685014085727744,0.07296263938769698,-0.002331453375518322,6.527301814607256e-07,1.2098792856463092e-07,230703.28000000003,1.0,229754.59823046875,3.804325036319177e-07,477.4712988288081,3840.0,1.0,,319,,,,,,,,
9.166304425998533,0.0036350540133494036,0.03692626953125,0.0,0.0,0.0048000000000000004,4.0,0.19999999999999996,-0.000981820237939246,0.06971689639613032,-0.0006472743407357484,4.031733125131609e-07,1.0893069712913928e-07,230702.04250000004,1.0,229914.964125,3.804325036319177e-07,434.8461202448878,3840.0,1.0,,320,231553.4505,230770.6985,230473.124,70000042,229760.61533333332,best_of_k,230770.6985,547.8264996666475
8.244053026999609,0.0026941036013061748,0.0335693359375,0.0,0.0,0.0047525000000000015,4.0,0.1975,-0.001353255458525382,0.07248466438613832,-0.0010088479903060943,2.1191294186095888e-07,1.0963800023411352e-07,230647.13425,1.0,229867.65274609375,3.804325036319177e-07,485.99609989242384,3840.0,1.0,,321,,,,,,,,
8.946071783997468,0.003476371377641785,0.043701171875,0.0,0.0,0.004704999999999999,4.0,0.19499999999999995,-0.0021873687364859506,0.07382191380020231,-0.0018401057459414005,1.546122052609178e-07,1.0759649238245572e-07,230837.4905,1.0,229880.35094531253,3.804325036319177e-07,487.40051731558174,3840.0,1.0,,322,,,,,,,,
9.755207485999563,0.0025795066009730583,0.0283203125,0.0,0.0,0.0046575,4.0,0.1925,-0.003663753432192607,0.07278453162871301,-0.0033248463878408074,1.8342685104144607e-07,1.364861730301925e-07,230670.13125000003,1.0,229743.138515625,3.804325036319177e-07,526.2939130078377,3840.0,1.0,,323,,,,,,,,
7.984079445999669,0.0021905835301261334,0.0281982421875,0.0,0.0,0.0046099999999999995,4.0,0.18999999999999995,-4.639280086848885e-05,0.07640882208943367,0.00030569275259040296,2.2274921063214492e-07,2.7324128826222704e-07,230651.78575,1.0,229764.56001953126,3.804325036319177e-07,634.7968646515951,3840.0,1.0,,324,,,,,,,,
9.268010685002082,0.004267050332242839,0.0447998046875,0.0,0.0,0.004562500000000001,4.0,0.1875,-0.005279116303427145,0.07929781102575362,-0.004919166240142658,9.425231635162845e-06,1.8074538832291154e-06,230682.60625,1.0,229809.12485546875,3.804325036319177e-07,485.9484219001246,3840.0,1.0,,325,,,,,,,,
9.57650114399803,0.0038206775887199562,0.039306640625,0.0,0.0,0.004515000000000002,4.0,0.18500000000000005,-0.0017421651864424348,0.07430053525604308,-0.0014070924080442637,2.165479777715973e-06,3.5507911055887575e-07,230553.8825,1.0,229666.73681640625,3.804325036319177e-07,528.6866088245127,3840.0,1.0,,326,,,,,,,,
8.110151589997258,0.0027790513608607625,0.03375244140625,0.0,0.0,0.004467500000000001,4.0,0.1825,-0.0007383649617622723,0.07347347447648644,-0.0004102360690012574,3.639172150293746e-07,1.5500220285069588e-07,230592.10225000003,1.0,229773.2804609375,3.804325036319177e-07,447.71775799589795,3840.0,1.0,,327,,,,,,,,
9.703302215002623,0.002236633584499881,0.029541015625,0.0,0.0,0.004420000000000002,4.0,0.18000000000000005,-0.0025426100328331813,0.07200086663942784,-0.0022244936553761363,6.513794170714959e-07,1.2480071709397578e-07,230669.67025000002,1.0,229943.75302343752,3.804325036319177e-07,450.95715348522646,3840.0,1.0,,328,,,,,,,,
9.085009061000164,0.002367369983832024,0.022216796875,0.0,0.0,0.004372500000000001,4.0,0.1775,0.002141359444067348,0.06975513987708837,0.0024461986031383276,1.1164970565857857e-06,1.0699008301529034e-07,230688.31425,1.0,229994.45253515628,3.804325036319177e-07,427.56520194555594,3840.0,1.0,,329,,,,,,,,
8.087997483999061,0.0032528576679999865,0.03778076171875,0.0,0.0,0.0043250000000000025,4.0,0.17500000000000004,-0.0028964685734536033,0.06869367929175496,-0.002600327832624316,8.89561335037925e-06,1.3911241292241527e-07,230659.43825,1.0,229954.948015625,3.804325036319177e-07,447.4185480399556,3840.0,1.0,,330,,,,,,,,
9.827562139998918,0.0028337831305211836,0.03076171875,0.0,0.0,0.0042775,4.0,0.1725,-0.001976050803932594,0.07198190642520785,-0.0016691967466613278,8.98793869197334e-06,2.9868182438441693e-07,230686.26225000003,1.0,230056.99898828127,3.804325036319177e-07,414.7967082526576,3840.0,1.0,,331,,,,,,,,
8.430030444000295,0.0029890471057880674,0.0361328125,0.0,0.0,0.004230000000000001,4.0,0.17000000000000004,-0.0025935763223969843,0.06590714957565069,-0.0023158204567153007,8.478118683541425e-06,3.6710293116470893e-07,230692.93425000002,1.0,229796.47851171874,3.804325036319177e-07,747.6724812255179,3840.0,1.0,,332,,,,,,,,
8.423459719000675,0.0015518308543371884,0.02203369140625,0.0,0.0,0.004182500000000002,4.0,0.16749999999999998,-0.0007402877599815838,0.0696449336828664,-0.00044942679232917726,3.4165146391984536e-06,1.7418695397175554e-07,230618.87824999998,1.0,229857.82901562503,3.804325036319177e-07,473.73760755357404,3840.0,1.0,,333,,,,,,,,
10.025659151000582,0.004701765099162536,0.04205322265625,0.0,0.0,0.004135,4.0,0.16500000000000004,-0.0006863144226372242,0.07144101755693555,-0.0003910009399987757,3.155730876613916e-07,1.279942849485849e-07,230685.5225,1.0,229572.75654296874,3.804325036319177e-07,643.003897408389,3840.0,1.0,,334,,,,,,,,
8.192632264999702,0.0022958029745394626,0.0255126953125,0.0,0.0,0.004087500000000001,4.0,0.16249999999999998,-0.001072790143552993,0.07314243423752487,-0.0007738959975540638,1.8860662454045496e-07,1.1355866136320003e-07,230623.06949999998,1.0,229779.65757421876,3.804325036319177e-07,502.19940809355535,3840.0,1.0,,335,,,,,,,,
8.979824944999564,0.0029732159463595753,0.04193115234375,0.0,0.0,0.004040000000000002,4.0,0.16000000000000003,-0.0010526637524890248,0.07762106810696423,-0.0007391509279841557,1.8009133695429114e-07,1.1694574575393801e-07,230645.24225,1.0,229883.27882421875,3.804325036319177e-07,535.0554714419732,3840.0,1.0,,336,,,,,,,,
10.093497129000752,0.0016903449607066356,0.01953125,0.0,0.0,0.0039924999999999995,4.0,0.15749999999999997,0.002734335448622005,0.0760321004781872,0.0030378192896023393,1.5888183346746132e-07,1.1756133289075876e-07,230691.6105,1.0,229927.79114062502,3.804325036319177e-07,517.8125803355236,3840.0,1.0,,337,,,,,,,,
8.254706676998467,0.0023828126522849047,0.0299072265625,0.0,0.0,0.003945000000000001,4.0,0.15500000000000003,-0.0022706085837853607,0.07871176931075752,-0.001960172419785522,1.9590422173365596e-07,1.2505621738156947e-07,230643.46225,1.0,229815.16019531252,3.804325036319177e-07,572.1591577397015,3840.0,1.0,,338,,,,,,,,
9.355184093001299,0.0034090670304727233,0.04669189453125,0.0,0.0,0.0038975000000000017,4.0,0.15249999999999997,-0.0006259407491597813,0.08084624935872853,-0.0003109234821749851,1.976581938123445e-07,1.2251541203767147e-07,230707.57200000001,1.0,229741.96924609377,3.804325036319177e-07,596.7334394855508,3840.0,1.0,,339,,,,,,,,
10.10706060099983,0.0012846601989850992,0.0159912109375,0.0,0.0,0.0038500000000000027,4.0,0.15000000000000002,0.0011166385274918866,0.07763605052605271,0.0014154639065964147,1.528415682905404e-07,1.1494804375011825e-07,230770.98650000006,1.0,229919.70191015626,3.804325036319177e-07,580.3065644305608,3840.0,1.0,,340,231553.4505,230713.49425,230589.80250000002,70000042,229865.0796833333,best_of_k,230713.49425,621.4562254012501
9.505201488002058,0.0020032906993212585,0.01971435546875,0.0,0.0,0.0038025000000000003,4.0,0.14749999999999996,-0.0002688988024601713,0.07094591064378619,7.881608325988054e-07,2.002772170328626e-07,1.3003562138180769e-07,230641.64625000002,1.0,229884.72473828125,3.804325036319177e-07,553.9466426381779,3840.0,1.0,,341,,,,,,,,
8.381579677003174,0.0023024712607702114,0.0284423828125,0.0,0.0,0.0037550000000000014,4.0,0.14500000000000002,0.001574432554662053,0.06722728873137385,0.0018267984269186854,1.7385362882649247e-07,1.104367550741614e-07,230715.26225000003,1.0,230043.39212109376,3.804325036319177e-07,420.56496257760887,3840.0,1.0,,342,,,,,,,,
10.205037351999636,0.0014571277237203084,0.0166015625,0.0,0.0,0.003707499999999999,4.0,0.14249999999999996,0.0007036788747427636,0.06832699850201607,0.0009569245448801666,1.9625447622573233e-07,1.1516933362543114e-07,230686.02224999998,1.0,229965.09740234376,3.804325036319177e-07,753.4976715203925,3840.0,1.0,,343,,,,,,,,
9.548874383999646,0.002477910892375368,0.02789306640625,0.0,0.0,0.00366,4.0,0.14,-0.0026365078665548936,0.06746728578582406,-0.00238964706659317,1.715094444243448e-07,1.044346955580977e-07,230728.35450000002,1.0,230173.0859140625,3.804325036319177e-07,426.65050175901064,3840.0,1.0,,344,,,,,,,,
8.367044432001421,0.001209213296632372,0.01422119140625,0.0,0.0,0.003612500000000001,4.0,0.13749999999999996,-0.0031815249058126938,0.0659289559116587,-0.0029434387397486717,2.352911780967304e-07,1.1796408450059914e-07,230725.2905,1.0,229892.32517578127,3.804325036319177e-07,870.4106344741118,3840.0,1.0,,345,,,,,,,,
10.303094442999281,0.002599843140026259,0.027099609375,0.0,0.0,0.003565000000000002,4.0,0.135,-0.003410330529732164,0.06734327785670757,-0.003170443727867678,1.2544897285415857e-06,1.341904489748913e-07,230668.84625,1.0,230075.64403515626,3.804325036319177e-07,589.6043294813525,3840.0,1.0,,346,,,,,,,,
9.393350906000705,0.0027426949296278647,0.030517578125,0.0,0.0,0.0035175,4.0,0.13249999999999995,-0.0014517261952278204,0.07159798126667738,-0.0011999770358670503,2.542312595998908e-07,1.4268929549032805e-07,230760.1065,1.0,229856.72841015627,3.804325036319177e-07,561.4276034564157,3840.0,1.0,,347,,,,,,,,
8.359884268000314,0.001561473378121514,0.0167236328125,0.0,0.0,0.003470000000000001,4.0,0.13,-0.0021452609871630557,0.06559310643933713,-0.0019182287069270387,2.4888541725331947e-06,6.544201596181409e-07,230633.11025000003,1.0,229905.63299609377,3.804325036319177e-07,432.1726956701658,3840.0,1.0,,348,,,,,,,,
10.232377061998704,0.0015265774496366902,0.018310546875,0.0,0.0,0.0034224999999999985,4.0,0.12749999999999995,-0.002906453359628358,0.06380212132353336,-0.0026888590364251286,3.592399461460616e-06,8.201464622992205e-07,230653.24099999998,1.0,229977.256375,3.804325036319177e-07,428.7556704080957,3840.0,1.0,,349,,,,,,,,
9.168437469998025,0.002103443232576385,0.024169921875,0.0,0.0,0.0033749999999999995,4.0,0.125,-0.004452420249435818,0.06188589346129447,-0.004244125389959663,3.161154202846461e-06,5.077978908474279e-07,230711.59025,1.0,229990.24626562503,3.804325036319177e-07,513.281659074908,3840.0,1.0,,350,,,,,,,,
8.39799314099946,0.001527060442554573,0.01605224609375,0.0,0.0,0.0033275000000000006,4.0,0.12250000000000005,-0.0014606447948608547,0.057843337301164865,-0.0012686528207268566,3.467777986987386e-06,2.6927791507702636e-07,230747.86650000006,1.0,230004.29822265625,3.804325036319177e-07,463.82253603862415,3840.0,1.0,,351,,,,,,,,
10.296022949998587,0.002275474084074025,0.0250244140625,0.0,0.0,0.0032800000000000017,4.0,0.12,-0.003001050898092217,0.06211659079417586,-0.0027974833064945415,8.107798521450604e-07,1.880105187090919e-07,230690.8905,1.0,230099.87312109378,3.804325036319177e-07,439.3605662492208,3840.0,1.0,,352,,,,,,,,
9.021615325997118,0.0018690804164953612,0.02447509765625,0.0,0.0,0.0032325000000000027,4.0,0.11750000000000005,-0.00013845297144143842,0.06356581824366003,6.691136513836682e-05,3.9224369530188596e-07,1.4601762132748775e-07,230680.15450000003,1.0,229984.589203125,3.804325036319177e-07,515.2937854822777,3840.0,1.0,,353,,,,,,,,
8.378334651999467,0.0028339664008161236,0.0341796875,0.0,0.0,0.0031850000000000003,4.0,0.11499999999999999,-0.0010919162232312374,0.06390864448621869,-0.0008884377166396007,1.6596106888755457e-07,1.077127922410881e-07,230724.4745,1.0,230121.84953515627,3.804325036319177e-07,551.756252023135,3840.0,1.0,,354,,,,,,,,
10.1242487290001,0.004071565552588474,0.0428466796875,0.0,0.0,0.0031375000000000014,4.0,0.11250000000000004,-0.0035850036383635597,0.06279160617850721,-0.0033880580158438534,1.414161812096637e-07,9.768103748086787e-08,230687.78650000002,1.0,230074.07282812503,3.804325036319177e-07,398.2734492199973,3840.0,1.0,,355,,,,,,,,
8.318898597997759,0.0010228981908695367,0.00982666015625,0.0,0.0,0.003089999999999999,4.0,0.10999999999999999,-0.0005499063886418298,0.06606217718217522,-0.00034584300010465086,1.594488474587763e-07,1.0521173465782852e-07,230686.43825,1.0,229859.3066171875,3.804325036319177e-07,526.695130523463,3840.0,1.0,,356,,,,,,,,
8.893699231997743,0.0013297296635814693,0.01568603515625,0.0,0.0,0.0030425,4.0,0.10750000000000004,0.0037273104244377464,0.06724506267346442,0.00393183616688475,1.6170170580309673e-07,1.0241952974610058e-07,230733.65425,1.0,229898.74118359375,3.804325036319177e-07,476.69290928206567,3840.0,1.0,,357,,,,,,,,
10.235838386000978,0.001154792820345918,0.01385498046875,0.0,0.0,0.002995000000000001,4.0,0.10499999999999998,-0.0006426598665711936,0.06303549034055322,-0.0004539344517979771,1.6192870910813895e-07,9.903100650632268e-08,230740.96224999998,1.0,229910.05636328127,3.804325036319177e-07,552.4593964061199,3840.0,1.0,,358,,,,,,,,
8.292884675000096,0.0015113000214574956,0.02001953125,0.0,0.0,0.002947500000000002,4.0,0.10250000000000004,0.0004234002069551934,0.06387266051024199,0.0006115991564001888,1.4041403550990594e-07,1.0339185640972914e-07,230667.1225,1.0,230002.10199609376,3.804325036319177e-07,464.2509350747893,3840.0,1.0,,359,,,,,,,,
9.118293984000047,0.0015426379830687509,0.01739501953125,0.0,0.0,0.0029,4.0,0.09999999999999998,0.0010682243282644777,0.06333362718578428,0.0012518266157712787,1.4497718314743224e-07,1.0062493860374389e-07,230683.5945,1.0,229969.15946875,3.804325036319177e-07,496.6261715808396,3840.0,1.0,,360,231553.4505,230717.19450000004,230555.37050000002,70000042,230097.57173333332,best_of_k,230717.19450000004,560.7700151147052
9.864984858999378,0.0011588711582690703,0.0118408203125,0.0,0.0,0.002852500000000001,4.0,0.09750000000000003,-0.0008447055733995512,0.06255297793541104,-0.0006663429958280176,1.5748747905774962e-07,1.0801811778371473e-07,230684.5945,1.0,230105.82381640625,3.804325036319177e-07,520.6197913172624,3840.0,1.0,,361,,,,,,,,
9.997735487002501,0.0017741330523846077,0.0186767578125,0.0,0.0,0.002805000000000002,4.0,0.09499999999999997,0.0005690141533705173,0.06287115486338735,0.000745297729736194,1.437668994963559e-07,1.1134698607584426e-07,230702.3785,1.0,229978.910875,3.804325036319177e-07,543.7708687836238,3840.0,1.0,,362,,,,,,,,
8.348693676998664,0.0011640708386568832,0.0120849609375,0.0,0.0,0.002757500000000003,4.0,0.09250000000000003,-0.0021973732000333257,0.06120218685828149,-0.0020286765065975487,1.6035773109379647e-07,1.0529323501984322e-07,230695.77425000002,1.0,230043.76116406248,3.804325036319177e-07,558.6308055803212,3840.0,1.0,,363,,,,,,,,
9.927479098998447,0.002744549686030995,0.0274658203125,0.0,0.0,0.0027100000000000006,4.0,0.08999999999999997,-9.226010297425091e-05,0.06200238282326609,7.558229845017195e-05,9.503637992125391e-07,1.7776660499180252e-07,230723.11025000003,1.0,229979.62723437502,3.804325036319177e-07,463.7466713193716,3840.0,1.0,,364,,,,,,,,
10.009800963001908,0.001371812090422031,0.0140380859375,0.0,0.0,0.0026625000000000017,4.0,0.08750000000000002,-0.0013426383011392318,0.06385873316321522,-0.001172952601336874,2.104117276413575e-06,2.564177121744393e-07,230684.5945,1.0,230134.43758984376,3.804325036319177e-07,430.85094653846375,3840.0,1.0,,365,,,,,,,,
8.366446106996591,0.0022413404055041664,0.0211181640625,0.0,0.0,0.0026149999999999993,4.0,0.08499999999999996,0.0034139592316932976,0.0637289754813537,0.0035805143270408735,3.080912058806007e-07,1.3215767080687613e-07,230717.4745,1.0,230102.07536328127,3.804325036319177e-07,485.7100481441102,3840.0,1.0,,366,,,,,,,,
9.974477104999096,0.0014297905290914237,0.0150146484375,0.0,0.0,0.0025675000000000003,4.0,0.08250000000000002,-0.0023180524231065647,0.06498858996201307,-0.0021512598323170096,1.4069124532056776e-07,1.0250038995351929e-07,230709.85425,1.0,229952.749296875,3.804325036319177e-07,576.9425592657,3840.0,1.0,,367,,,,,,,,
9.959520880001946,0.0008715680274065107,0.0098876953125,0.0,0.0,0.0025200000000000014,4.0,0.07999999999999996,-0.0009622504931030562,0.06694294209592044,-0.0007936172769404948,1.3582378333154566e-07,9.881839746483934e-08,230683.25425,1.0,229912.6449453125,3.804325036319177e-07,544.8023764240853,3840.0,1.0,,368,,,,,,,,
8.531738044999656,0.0017550837596143065,0.02117919921875,0.0,0.0,0.0024725000000000025,4.0,0.07750000000000001,0.0006237478519324213,0.0656742783030495,0.0007860607438487932,1.3917985031142166e-07,1.0495307600777437e-07,230725.46625,1.0,230034.11932421877,3.804325036319177e-07,542.074563297662,3840.0,1.0,,369,,,,,,,,
9.873695473997941,0.0017749774693003317,0.024169921875,0.0,0.0,0.002425,4.0,0.07499999999999996,-0.005373321178922197,0.06480159773491323,-0.005216247431235388,1.593187368698068e-07,1.0903424607633383e-07,230717.0905,1.0,229891.007,3.804325036319177e-07,591.8006713048086,3840.0,1.0,,370,,,,,,,,
10.026109621001524,0.0014339550351698538,0.022216796875,0.0,0.0,0.002377500000000001,4.0,0.07250000000000001,-0.005116963777027195,0.06313886749558151,-0.004966916632838547,1.3818116584296547e-07,1.0258196025958455e-07,230697.99825,1.0,230029.3531484375,3.804325036319177e-07,511.532696975041,3840.0,1.0,,371,,,,,,,,
8.419204867997905,0.001692751182980512,0.01800537109375,0.0,0.0,0.0023299999999999987,4.0,0.06999999999999995,0.00016831055199872935,0.05962304538115859,0.0003071717801503837,1.208256983353806e-07,9.651902521667921e-08,230755.0905,1.0,230151.22339453123,3.804325036319177e-07,540.9389980641295,3840.0,1.0,,372,,,,,,,,
10.052942323996831,0.0010554615495490527,0.01129150390625,0.0,0.0,0.0022825,4.0,0.0675,-0.0011164931565872394,0.05625200551003218,-0.0009881570877041668,1.2164643048429014e-07,9.413276358394285e-08,230702.3785,1.0,230102.566484375,3.804325036319177e-07,476.2652338815412,3840.0,1.0,,373,,,,,,,,
9.93671003199779,0.000954732218231058,0.01080322265625,0.0,0.0,0.002235000000000001,4.0,0.06499999999999995,-0.006289754517638357,0.053342355065979064,-0.0061705938569502905,1.2815372207874987e-07,9.356300800789086e-08,230698.74225,1.0,230231.70113281248,3.804325036319177e-07,427.58153511698293,3840.0,1.0,,374,,,,,,,,
8.44906850299958,0.0027757594660287044,0.01910400390625,0.0,0.0,0.002187500000000002,4.0,0.0625,-8.352250006282702e-05,0.05465436074882746,3.597897011786699e-05,1.2184951225790996e-07,8.547758723054244e-08,230704.93225,1.0,230345.21820703126,3.804325036319177e-07,370.36996300930764,3840.0,1.0,,375,,,,,,,,
9.97794815400266,0.0016476874741602199,0.0194091796875,0.0,0.0,0.002140000000000003,4.0,0.06000000000000005,0.0033641243317106273,0.057335617020726204,0.003486765330308117,1.2577938202085193e-07,8.841280374483063e-08,230695.34625,1.0,230190.46842187503,3.804325036319177e-07,471.05944332780825,3840.0,1.0,,376,,,,,,,,
9.945102966001286,0.0018558302482813982,0.0205078125,0.0,0.0,0.0020925000000000006,4.0,0.057499999999999996,-0.0014724758948432282,0.05739587498828769,-0.0013524338719435036,1.274749701352107e-07,9.122195221422658e-08,230683.4985,1.0,230084.68680859375,3.804325036319177e-07,483.0348610554155,3840.0,1.0,,377,,,,,,,,
8.333136830002331,0.0010401439656524403,0.01458740234375,0.0,0.0,0.0020450000000000017,4.0,0.05500000000000005,0.0007208366732811555,0.05941890995018184,0.0008422896207775921,1.1733012827974676e-07,9.354576846476448e-08,230690.80250000002,1.0,230142.90165234375,3.804325036319177e-07,453.08912065185825,3840.0,1.0,,378,,,,,,,,
10.17035146499984,0.001202632575078466,0.01629638671875,0.0,0.0,0.0019974999999999993,4.0,0.05249999999999999,-0.004509206430611812,0.057912670890800655,-0.004393582028569654,1.0967939956252337e-07,9.043471393965774e-08,230684.5945,1.0,230209.466328125,3.804325036319177e-07,436.545729747259,3840.0,1.0,,379,,,,,,,,
10.10815008499776,0.0008298541740785481,0.01025390625,0.0,0.0,0.0019500000000000003,4.0,0.050000000000000044,-0.00015602659550495446,0.06080903369002044,-3.751067561097443e-05,1.3386155139905043e-07,9.570147607718127e-08,230662.9865,1.0,230047.503046875,3.804325036319177e-07,502.88436903949423,3840.0,1.0,,380,231553.4505,230676.81050000002,230651.6265,70000042,230119.98628333336,best_of_k,230676.81050000002,441.4999843178703
9.452004382001178,0.0010637962446127247,0.01483154296875,0.0,0.0,0.0019025000000000014,4.0,0.04749999999999999,-0.0038581104672630318,0.06035354395862669,-0.0037433452380355448,1.2463298615372764e-07,9.032458203606097e-08,230661.3225,1.0,230192.8077890625,3.804325036319177e-07,442.49943725299113,3840.0,1.0,,381,,,,,,,,
8.276639150000847,0.002154587722172252,0.02276611328125,0.0,0.0,0.0018550000000000025,4.0,0.04500000000000004,-0.0028887069929623976,0.057980103068985045,-0.00278121157316491,1.2284917616511848e-07,9.071439777130763e-08,230737.3305,1.0,230134.38893749999,3.804325036319177e-07,534.3909200179688,3840.0,1.0,,382,,,,,,,,
10.211216946001514,0.0005382684649319902,0.00579833984375,0.0,0.0,0.0018075,4.0,0.04249999999999998,-0.0018879426997955306,0.060187234659679234,-0.0017792112048482522,1.289747644239725e-07,8.81945239061821e-08,230633.23825,1.0,230107.93458984376,3.804325036319177e-07,471.9667199758002,3840.0,1.0,,383,,,,,,,,
8.938827130998106,0.001227132268630804,0.013916015625,0.0,0.0,0.0017600000000000011,4.0,0.040000000000000036,-0.0033997260688920505,0.0591795927612111,-0.003295628062915057,1.3077380356385504e-07,8.90926648011714e-08,230685.71824999998,1.0,230163.54770703128,3.804325036319177e-07,475.33493480934743,3840.0,1.0,,384,,,,,,,,
8.368261806001101,0.0014329289448167248,0.0147705078125,0.0,0.0,0.0017124999999999987,4.0,0.03749999999999998,-0.0014768841792829335,0.058861487777903676,-0.0013761460140813142,1.3498665984990055e-07,9.71622193812749e-08,230721.11825,1.0,230152.176453125,3.804325036319177e-07,543.4191248750269,3840.0,1.0,,385,,,,,,,,
10.05181702399932,0.0006339621929969397,0.00628662109375,0.0,0.0,0.0016649999999999998,4.0,0.03500000000000003,-0.0002488908262421319,0.057016994804143906,-0.00015401106793433428,1.209137627800061e-07,8.264042627992296e-08,230685.25049999997,1.0,230248.05187890626,3.804325036319177e-07,426.9453581594821,3840.0,1.0,,386,,,,,,,,
8.363546393000433,0.0009440426930684698,0.0120849609375,0.0,0.0,0.0016175000000000009,4.0,0.03249999999999997,-0.004803688159881858,0.0568013119045645,-0.00471186223148834,1.0974275355124519e-07,7.853484862430093e-08,230692.29425000004,1.0,230246.860203125,3.804325036319177e-07,392.30211216149905,3840.0,1.0,,387,,,,,,,,
8.925479835997976,0.0016480001082621598,0.01611328125,0.0,0.0,0.001570000000000002,4.0,0.030000000000000027,-0.0024338715775229502,0.05601943645160645,-0.0023459758958779275,1.3026151468586988e-07,8.33910063224863e-08,230683.24625000003,1.0,230270.40954296876,3.804325036319177e-07,389.74461531659307,3840.0,1.0,,388,,,,,,,,
10.215879397997924,0.0012455341946768783,0.0145263671875,0.0,0.0,0.0015224999999999995,4.0,0.02749999999999997,-0.0029775365728710312,0.0574637457029894,-0.002890101313823834,1.192787042469945e-07,8.175735244364546e-08,230708.1865,1.0,230159.42139453127,3.804325036319177e-07,426.5142144715066,3840.0,1.0,,389,,,,,,,,
8.34392178300186,0.0008324078076054064,0.01068115234375,0.0,0.0,0.0014750000000000006,4.0,0.025000000000000022,0.0005029060230299365,0.05870655307080597,0.0005894412752240896,1.222361489805479e-07,8.934911499558496e-08,230704.18225,1.0,230248.05964062503,3.804325036319177e-07,413.3784420966803,3840.0,1.0,,390,,,,,,,,
9.08506661300271,0.0008944593654991451,0.00885009765625,0.0,0.0,0.0014275000000000017,4.0,0.022499999999999964,0.0009951937099685892,0.05849015561398119,0.0010786388884298503,1.0226275848346233e-07,7.81360844914758e-08,230690.7145,1.0,230316.3843203125,3.804325036319177e-07,322.56378724649494,3840.0,1.0,,391,,,,,,,,
10.146884630998102,0.0012649837750666748,0.0172119140625,0.0,0.0,0.0013800000000000028,4.0,0.020000000000000018,-0.001965433747500356,0.05807380145415664,-0.0018853435758501291,1.0907719394381843e-07,8.137663720653165e-08,230752.01050000003,1.0,230243.46407812502,3.804325036319177e-07,424.0814032667675,3840.0,1.0,,392,,,,,,,,
8.334753564002312,0.0012358284579352397,0.01629638671875,0.0,0.0,0.0013325000000000004,4.0,0.01749999999999996,-0.0007354075369221391,0.057063390500843525,-0.000659421639284119,1.0559819862976383e-07,8.131186302051674e-08,230681.66225000005,1.0,230262.54698828125,3.804325036319177e-07,449.9826807939234,3840.0,1.0,,393,,,,,,,,
9.320758771998953,0.0014121195783114437,0.02069091796875,0.0,0.0,0.0012850000000000014,4.0,0.015000000000000013,-0.0022755955396860372,0.055761323077604175,-0.002203991884016432,9.765497721581085e-08,8.006491869494425e-08,230748.01050000003,1.0,230270.56510546873,3.804325036319177e-07,345.8664529930906,3840.0,1.0,,394,,,,,,,,
10.050099264000892,0.0015102433505642665,0.01947021484375,0.0,0.0,0.001237499999999999,4.0,0.012499999999999956,-0.00026903826801571995,0.05421009112615138,-0.0002020014071604237,9.347590634867231e-08,7.911400068394414e-08,230770.58650000003,1.0,230308.4190078125,3.804325036319177e-07,368.7023688739079,3840.0,1.0,,395,,,,,,,,
8.37399500399988,0.0009639927995550579,0.01068115234375,0.0,0.0,0.00119,4.0,0.010000000000000009,-5.913290078751743e-05,0.05652993672993034,8.086251909844577e-06,9.847680648711332e-08,8.253033656480113e-08,230727.77825000003,1.0,230294.72805078127,3.804325036319177e-07,360.76491194730403,3840.0,1.0,,396,,,,,,,,
9.4232549499975,0.00046725850332762775,0.00408935546875,0.0,0.0,0.0011425000000000012,4.0,0.007499999999999951,0.0036290713354674153,0.054662748822011054,0.003691477919346653,9.003967615939246e-08,7.433676496582109e-08,230741.0905,1.0,230309.05537109374,3.804325036319177e-07,358.29701222633724,3840.0,1.0,,397,,,,,,,,
10.058876043000055,0.0017621658856494804,0.02215576171875,0.0,0.0,0.0010950000000000022,4.0,0.0050000000000000044,6.59618599456735e-05,0.053508534678258,0.00012450609938241541,9.08012973699357e-08,7.678190305782095e-08,230749.74225,1.0,230420.9726328125,3.804325036319177e-07,367.68240459374334,3840.0,1.0,,398,,,,,,,,
8.255106655997224,0.0006889956920712592,0.0059814453125,0.0,0.0,0.0010474999999999998,4.0,0.0024999999999999467,-0.0017092916532419622,0.05399829871021211,-0.0016527731495443732,9.42943640946936e-08,7.088389042397836e-08,230771.21425000002,1.0,230356.54148828125,3.804325036319177e-07,296.54476458719336,3840.0,1.0,,399,,,,,,,,
9.717907677000767,0.0008604890964782896,0.01190185546875,0.0,0.0,0.0010000000000000009,4.0,0.0,0.002566013215982821,0.05309382942505181,0.0026190606149611995,1.02997852691189e-07,7.362806564437108e-08,230718.50225000002,1.0,230305.0324375,3.804325036319177e-07,355.0566195636077,3840.0,1.0,,400,231553.4505,230705.12625000003,230602.1065,70000042,230381.89046666675,best_of_k,230705.12625000003,405.15516741133604
