elapsed_seconds,optimization_approximate_kl,optimization_clip_fraction,optimization_count_loss,optimization_early_kl_stop,optimization_entropy_coefficient,optimization_epochs_completed,optimization_learning_rate_fraction,optimization_loss,optimization_normalized_entropy,optimization_policy_loss,optimization_q_loss,optimization_value_loss,rollout_best_objective,rollout_feasible_rate,rollout_mean_objective,rollout_reward_scale,rollout_std_objective,rollout_transitions,rollout_vectorized_rollouts,self_imitation_loss,update,validation_archive_best_objective,validation_best_of_k_objective,validation_deterministic_objective,validation_fixed_validation_seed,validation_mean_stochastic_objective,validation_selection_metric,validation_selection_objective,validation_std_stochastic_objective
2.940838647000419,0.013507266509501884,0.167724609375,1.8828739275534947,0.0,0.0199525,4.0,0.9975,0.0663460500460739,0.7641348217924436,-0.017017449562748272,0.032733642243935414,0.002385674842419879,30557.720000000005,1.0,20098.8495625,7.717961007317399e-06,4023.5263529049744,2816.0,1.0,,1,30557.720000000005,30566.528,0.0,70000042,22797.96453333333,best_of_k,30566.528,3525.6174464791434
2.510187296999902,0.019220713147660717,0.34765625,1.6003440121809642,1.0,0.019905,2.0,0.995,0.0534749737319847,0.7987252374490103,-0.011055837307746211,0.0026628464935735487,0.0002919027804940318,31070.731999999996,1.0,23339.069375,7.717961007317399e-06,3378.4440935038588,2816.0,1.0,,2,,,,,,,,
2.831354304999877,0.009970376966521144,0.20076497395833334,1.6746257444222767,0.0,0.0198575,4.0,0.9925,0.05599234357941896,0.7992390195528666,-0.012169532283830145,0.001297507076136147,0.00034344889112010907,34670.508,1.0,27343.6745625,7.717961007317399e-06,3596.885665894828,2816.0,1.0,,3,,,,,,,,
2.5323560029992223,0.012795325223123655,0.22721354166666666,1.7191579639911652,1.0,0.01981,2.0,0.99,0.06367749216345449,0.7794118275245031,-0.007038415332014362,0.0005454715307375105,0.0002872174615428473,36912.848,1.0,30654.8800625,7.717961007317399e-06,2756.794590560882,2816.0,1.0,,4,,,,,,,,
2.828215780999926,0.007890266371153606,0.14632161458333334,1.7957108467817307,0.0,0.0197625,4.0,0.9875,0.06386895547620952,0.7694531803329786,-0.010829455141598979,0.0003007695625759273,0.0001782150757208001,37201.543999999994,1.0,32348.585687500003,7.717961007317399e-06,2383.0029615123017,2816.0,1.0,,5,,,,,,,,
2.486017682000238,0.013252115556194136,0.2547200520833333,1.8031269212563832,1.0,0.019715,2.0,0.985,0.05899938382208347,0.734500472744306,-0.016790274414233863,0.00027712713927030563,0.00017255103254380325,39750.616,1.0,33918.3719375,7.717961007317399e-06,2875.3347735102498,2816.0,1.0,,6,,,,,,,,
2.8369394100000136,0.0072488458681618795,0.13134765625,1.8331544349590938,0.0,0.0196675,4.0,0.9825,0.06357346187966566,0.7162972415486971,-0.014103744081997624,0.00023466401338131013,0.00016758608338326061,40522.036,1.0,35677.7766875,7.717961007317399e-06,2581.2319989275047,2816.0,1.0,,7,,,,,,,,
2.855840573999558,0.008868352083178857,0.15494791666666666,1.800723726550738,0.0,0.019620000000000002,4.0,0.98,0.06118794910920163,0.6807716116309166,-0.015577157105629643,0.0001750423440777619,0.00013630698170648733,41333.060000000005,1.0,37797.714,7.717961007317399e-06,1912.6984728052403,2816.0,1.0,,8,,,,,,,,
2.7763708109996514,0.008266806699490795,0.13142903645833334,1.7305169999599457,0.0,0.0195725,4.0,0.9775,0.06515066632224868,0.6530222147703171,-0.008671801071614027,0.00015897275140256775,0.00012399236190200705,43622.172000000006,1.0,38544.2775625,7.717961007317399e-06,1929.2941001234906,2816.0,1.0,,9,,,,,,,,
3.1000060149999626,0.007810327583380665,0.11246744791666667,1.6585867305596669,0.0,0.019525,4.0,0.975,0.05690083167670915,0.6392575725913048,-0.013609219342470169,0.00011708102829288691,0.00010101869914554602,42262.144,1.0,39108.1878125,7.717961007317399e-06,1459.2831741270156,2816.0,1.0,1.729985237121582,10,,,,,,,,
2.822872522999205,0.0065284520290636765,0.08902994791666667,1.566099762916565,0.0,0.019477500000000002,4.0,0.9725,0.06211186584550887,0.6029265969991684,-0.004504459648160264,0.00011464012580593892,8.674993963116624e-05,44201.335999999996,1.0,40270.646187499995,7.717961007317399e-06,1559.165558501395,2816.0,1.0,,11,,,,,,,,
2.785930844000177,0.008616207878124746,0.11555989583333333,1.4836375564336777,0.0,0.01943,4.0,0.97,0.05300450561723361,0.5711337228616079,-0.010131730698049068,0.00010236306722314718,8.249825017022279e-05,45048.14800000001,1.0,41504.691062499995,7.717961007317399e-06,1576.075821341528,2816.0,1.0,,12,,,,,,,,
2.7969684719992074,0.010296566102018309,0.13899739583333334,1.3575929204622905,0.0,0.0193825,4.0,0.9675,0.04921578953508288,0.5309816735486189,-0.008405315922573209,0.00010059780591594365,4.630104300910413e-05,44513.02,1.0,42159.0756875,7.717961007317399e-06,1311.0598484720879,2816.0,1.0,,13,,,,,,,,
2.79824519199974,0.014351324585732073,0.17000325520833334,1.276757727066676,1.0,0.019335,4.0,0.965,0.0593115035056447,0.5283297759791216,0.0055926832719706,0.00013531388397799068,0.0001653178381578376,45544.22,1.0,42781.35693749999,7.717961007317399e-06,1311.405394365477,2816.0,1.0,,14,,,,,,,,
2.5395673450002505,0.02392310872285937,0.24365234375,1.2528754969437916,1.0,0.0192875,2.0,0.9625,0.061406619070718683,0.5137687449653944,0.008565222999701897,0.00013910144722710052,0.0001860488052140378,45816.028,1.0,43207.123187499994,7.717961007317399e-06,1055.140976612883,2816.0,1.0,,15,,,,,,,,
2.7429067869998107,0.007316104164601711,0.10245768229166667,1.2510740260283153,0.0,0.01924,4.0,0.96,0.0504135568626225,0.4656706973910332,-0.003219971084035933,0.00011626853605169647,5.54074485989986e-05,45842.376,1.0,43617.6003125,7.717961007317399e-06,1052.479890763786,2816.0,1.0,,16,,,,,,,,
2.7643722519997027,0.011095657299544351,0.13167317708333334,1.1628450254599254,0.0,0.0191925,4.0,0.9575,0.04732239331739644,0.4408823102712631,-0.002410185639746487,0.0001165985528738626,8.060210469314673e-05,45777.108,1.0,43871.888875000004,7.717961007317399e-06,958.7949692458944,2816.0,1.0,,17,,,,,,,,
2.786666513000455,0.00946626826286471,0.11393229166666667,1.14768885076046,0.0,0.019145,4.0,0.955,0.04740367957856506,0.4235083262125651,-0.004914591321721673,0.0040761849419747405,0.005268552243705926,46314.10799999999,1.0,44188.024562499995,7.717961007317399e-06,871.2761922820079,2816.0,1.0,,18,,,,,,,,
2.8129207499996483,0.009190250465887098,0.10831705729166667,1.1043835083643596,0.0,0.0190975,4.0,0.9525,0.05636971571948379,0.41793164735039073,0.00526134828881671,0.0024271643348280727,0.007255847964794763,45509.420000000006,1.0,44409.2028125,7.717961007317399e-06,712.6952589829963,2816.0,1.0,,19,,,,,,,,
3.007113188999938,0.008740609809137823,0.11751302083333333,1.0728138784567516,0.0,0.01905,4.0,0.95,0.04581098782364279,0.4292757262786229,-0.00037347131486361224,0.0027228765454007466,0.0008983580046333373,46020.56799999999,1.0,44275.448249999994,7.717961007317399e-06,957.6229462342869,2816.0,1.0,1.1916128396987915,20,46314.10799999999,46548.659999999996,46395.155999999995,70000042,45282.037333333334,best_of_k,46548.659999999996,692.5331493969721
2.9264706080002725,0.007022849141928115,0.09366861979166667,1.0728919208049774,0.0,0.019002500000000002,4.0,0.9475,0.04636033531278372,0.4366331746180852,0.0008441509368518988,0.0007990369595063385,0.00017761349818101735,46246.012,1.0,44319.1304375,7.717961007317399e-06,869.933237471594,2816.0,1.0,,21,,,,,,,,
2.811468429999877,0.007039690565685912,0.08748372395833333,1.0433139006296794,0.0,0.018955,4.0,0.945,0.042943667193564274,0.41440699125329655,-0.0019276093613977234,0.005394932923688127,4.234572346225226e-05,46349.912000000004,1.0,44480.05675,7.717961007317399e-06,825.7327138247801,2816.0,1.0,,22,,,,,,,,
2.7833974960003616,0.009592848900562482,0.10481770833333333,1.0202941745519638,0.0,0.0189075,4.0,0.9425,0.04501854434298972,0.4103146692117055,0.001654644535544018,0.0009343836160648303,2.7554301671746845e-05,46304.051999999996,1.0,44573.8414375,7.717961007317399e-06,718.8584971861179,2816.0,1.0,,23,,,,,,,,
2.7625069119994805,0.009572459963313426,0.11287434895833333,0.9921039516727129,0.0,0.018860000000000002,4.0,0.94,0.043203870086775474,0.4116370963553588,0.0013330532819963992,0.0001878048404554041,2.0627948212374275e-05,46434.184,1.0,44701.189687499995,7.717961007317399e-06,842.894772771134,2816.0,1.0,,24,,,,,,,,
2.8246144340000683,0.007954197803959081,0.103759765625,0.9929586400588354,0.0,0.0188125,4.0,0.9375,0.04534604388754815,0.4087193136413892,0.0033709327690303326,4.686832699007937e-05,2.3045752186590107e-05,46446.656,1.0,44612.4746875,7.717961007317399e-06,793.0570047197281,2816.0,1.0,,25,,,,,,,,
2.8356860660005623,0.005182619063740883,0.06453450520833333,0.994600735604763,0.0,0.018765,4.0,0.935,0.04471140583821883,0.4004591566820939,0.0024794633500277996,4.56003494188432e-05,2.3922211615475437e-05,46461.7,1.0,44877.5523125,7.717961007317399e-06,712.6518078965025,2816.0,1.0,,26,,,,,,,,
2.794779199999539,0.007059516009197371,0.07902018229166667,0.9527468283971151,0.0,0.0187175,4.0,0.9325,0.04185687028802931,0.3943903061250846,0.0015895856001103918,3.480864522013386e-05,1.692410387477139e-05,46480.512,1.0,44823.00812499999,7.717961007317399e-06,877.8304139427978,2816.0,1.0,,27,,,,,,,,
2.3257341239996094,0.040683395363430463,0.2604166666666667,0.9495622714360555,1.0,0.01867,1.0,0.9299999999999999,0.0648403586819768,0.352570300300916,0.023932232211033504,3.383892362762708e-05,1.8230180406438496e-05,46627.924000000006,1.0,44824.774437500004,7.717961007317399e-06,909.6197776254145,2816.0,1.0,,28,,,,,,,,
2.288853205000123,0.02869561353433407,0.21158854166666666,0.985541452964147,1.0,0.0186225,1.0,0.9275,0.05472206836566329,0.38659297426541644,0.012634755422671637,2.629645920630234e-05,1.3873368667797573e-05,46557.223999999995,1.0,45106.2451875,7.717961007317399e-06,654.8913678777876,2816.0,1.0,,29,,,,,,,,
2.706612621000204,0.03850305153294661,0.22347005208333334,0.9667992641528448,1.0,0.018575,2.0,0.925,0.069796997277687,0.36298589160044986,0.02818609867244959,4.487160125184649e-05,1.781947639756254e-05,46648.304,1.0,44989.710875,7.717961007317399e-06,862.1159656828264,2816.0,1.0,0.8801968097686768,30,,,,,,,,
2.7561697349992755,0.009339520249701158,0.0966796875,0.9450742602348328,0.0,0.018527500000000002,4.0,0.9225,0.05028878524899483,0.3500337402025859,0.009501300441722075,0.00010895385973223408,1.625180493647349e-05,46448.936,1.0,45154.48218749999,7.717961007317399e-06,684.8060186720509,2816.0,1.0,,31,,,,,,,,
2.8002131169996574,0.008832753279250483,0.09724934895833333,0.9468224123120308,0.0,0.01848,4.0,0.92,0.0484353449040403,0.3591460498670737,0.0077135441824793816,9.827738548059035e-05,1.5738756701466627e-05,46562.42800000001,1.0,45174.087875,7.717961007317399e-06,839.4060263043059,2816.0,1.0,,32,,,,,,,,
2.8369200289998844,0.006219567409289084,0.075927734375,0.9113737692435583,0.0,0.0184325,4.0,0.9175,0.04113993822829798,0.3234146957596143,0.0015146513663542767,0.00012409535626526727,1.1058649382296911e-05,46775.188,1.0,45357.9271875,7.717961007317399e-06,635.2099420708001,2816.0,1.0,,33,,,,,,,,
2.815916606999963,0.010347729570980846,0.107421875,0.8734854484597842,0.0,0.018385,4.0,0.915,0.04108885017922148,0.31291867544253665,0.003154381294734776,7.566559020233399e-05,1.1277571199267792e-05,46674.728,1.0,45349.1949375,7.717961007317399e-06,652.467126382718,2816.0,1.0,,34,,,,,,,,
2.7854883660002088,0.012235332515748118,0.13126627604166666,0.8459473152955373,0.0,0.0183375,4.0,0.9125,0.04749350676623484,0.31821031620105106,0.011020087782526389,4.824676610345099e-05,1.2816661675666788e-05,46645.004,1.0,45363.70275,7.717961007317399e-06,714.3990954700596,2816.0,1.0,,35,,,,,,,,
2.8364174859998457,0.004180940799585642,0.0556640625,0.8551147257288297,0.0,0.01829,4.0,0.91,0.036390597796222814,0.2961113316317399,-0.0009577526555707058,3.0058920894286228e-05,1.0967745652123995e-05,46619.304000000004,1.0,45230.74175,7.717961007317399e-06,648.7813244248315,2816.0,1.0,,36,,,,,,,,
2.6316752789998645,0.009046018374419873,0.08799913194444445,0.8334151605765024,1.0,0.018242500000000002,3.0,0.9075,0.03377215639274153,0.29669783843888176,-0.0024942753629551995,2.2059561868243487e-05,1.1956522687089293e-05,46428.484,1.0,45278.288375000004,7.717961007317399e-06,569.8300461956702,2816.0,1.0,,37,,,,,,,,
2.797307529999671,0.011240271173581581,0.11018880208333333,0.8480788369973501,0.0,0.018195,4.0,0.905,0.041785595628122486,0.2773665798207124,0.004418067983351648,2.490060342097422e-05,1.556137685080709e-05,46617.407999999996,1.0,45259.1525625,7.717961007317399e-06,741.2658676712654,2816.0,1.0,,38,,,,,,,,
2.80103470999984,0.0036544215911931133,0.045247395833333336,0.8234352692961693,0.0,0.0181475,4.0,0.9025,0.034983279920804,0.2690136494735877,-0.001313843570339183,2.0244488268872374e-05,1.0519504598960339e-05,46521.46,1.0,45268.4089375,7.717961007317399e-06,647.6313405239669,2816.0,1.0,,39,,,,,,,,
3.0541305779997856,0.00875488511110234,0.08170572916666667,0.8322265023986498,0.0,0.0181,4.0,0.9,0.0386498230897511,0.26204010968406993,0.0017753422337894638,1.8080104079369146e-05,8.546292481999748e-06,46608.612,1.0,45334.13025,7.717961007317399e-06,626.542304330631,2816.0,1.0,0.7966921925544739,40,46775.188,46745.844000000005,46579.191999999995,70000042,46304.95186666666,best_of_k,46745.844000000005,354.7264163447402
2.782822104999468,0.005321043896799438,0.060384114583333336,0.8315767372647921,0.0,0.0180525,4.0,0.8975,0.03745680395513773,0.2682596240192652,0.0007140057083840171,1.6975388916762313e-05,1.0041002724392456e-05,46703.836,1.0,45319.736375,7.717961007317399e-06,668.7549088880468,2816.0,1.0,,41,,,,,,,,
2.8150466580000284,0.009351043979156278,0.08699544270833333,0.7860080574949583,0.0,0.018005,4.0,0.895,0.03496131463907659,0.25934208184480667,0.0003243453490237395,1.6473124333060696e-05,8.746792142725704e-06,46652.0,1.0,45356.32525,7.717961007317399e-06,677.6438786471382,2816.0,1.0,,42,,,,,,,,
2.639790174999689,0.015266308709050868,0.10926649305555555,0.8051706883642409,1.0,0.0179575,3.0,0.8925,0.04428207129240036,0.2485867506927914,0.008479504587335719,3.520436894177692e-05,9.013443711107053e-06,46542.304000000004,1.0,45369.164000000004,7.717961007317399e-06,601.0051324219286,2816.0,1.0,,43,,,,,,,,
2.8043281039999783,0.01623288542661309,0.125244140625,0.7880419145027796,1.0,0.017910000000000002,4.0,0.89,0.04635571457523232,0.23601745255291462,0.011174025673729679,2.2708946820178728e-05,8.786072138870319e-06,46488.644,1.0,45323.1953125,7.717961007317399e-06,621.8191345839863,2816.0,1.0,,44,,,,,,,,
2.813199559000168,0.007945046272444264,0.07706705729166667,0.7754546453555425,0.0,0.0178625,4.0,0.8875,0.037078981404192746,0.2524028072754542,0.002808080598091086,2.5593593174259393e-05,8.307263631953296e-06,46846.515999999996,1.0,45443.2679375,7.717961007317399e-06,681.6878146151251,2816.0,1.0,,45,,,,,,,,
2.903572148999956,0.009543523543707503,0.08707682291666667,0.7544963012139002,1.0,0.017815,4.0,0.885,0.0326167995420595,0.23780818780263266,-0.0008793004866068562,3.4379204180368106e-05,8.799092730290189e-06,46708.94,1.0,45384.804749999996,7.717961007317399e-06,643.8827367323476,2816.0,1.0,,46,,,,,,,,
2.7914039160004904,0.006218790160232857,0.072021484375,0.7207915782928467,0.0,0.017767500000000002,4.0,0.8825000000000001,0.0272852186850893,0.2201065824677547,-0.00484979684309413,2.0033587513050104e-05,8.352840950465179e-06,46449.18000000001,1.0,45326.31425,7.717961007317399e-06,600.0625834568739,2816.0,1.0,,47,,,,,,,,
2.795374749000075,0.007253972983467823,0.08064778645833333,0.7172261898716291,0.0,0.01772,4.0,0.88,0.03608071635244414,0.2089849921564261,0.003917486600888272,1.2474479300787303e-05,7.772893487375162e-06,46406.028,1.0,45302.448937500005,7.717961007317399e-06,578.3661297274157,2816.0,1.0,,48,,,,,,,,
2.803057692999573,0.008698239275976979,0.08064778645833333,0.7368629425764084,0.0,0.0176725,4.0,0.8775,0.03686153085436672,0.20685496677954993,0.0036683935904875398,1.1795012066310543e-05,8.909579112999685e-06,46595.412,1.0,45314.7669375,7.717961007317399e-06,589.6014402005997,2816.0,1.0,,49,,,,,,,,
2.747798819000309,0.02427690290519043,0.14127604166666666,0.7360461155573527,1.0,0.017625000000000002,2.0,0.875,0.04853227393080791,0.21016662195324898,0.0154290737118572,1.1970237361917194e-05,7.76526985646342e-06,46756.716,1.0,45314.00125,7.717961007317399e-06,657.1974380788749,2816.0,1.0,0.7284693717956543,50,,,,,,,,
2.806485520000024,0.0066623801900883945,0.08048502604166667,0.713979589442412,0.0,0.0175775,4.0,0.8725,0.029928192040339734,0.20000404429932436,-0.0022606494215627513,1.2907640742317502e-05,8.28208565432457e-06,46500.899999999994,1.0,45316.73925,7.717961007317399e-06,670.3207154917982,2816.0,1.0,,51,,,,,,,,
2.7561720509993393,0.007532829567386064,0.07861328125,0.6964119399587313,0.0,0.01753,4.0,0.87,0.03565768926637247,0.19782856106758118,0.004299992462620139,1.1724376349775412e-05,7.72481016989938e-06,46518.42,1.0,45374.649625000005,7.717961007317399e-06,575.0051328126206,2816.0,1.0,,52,,,,,,,,
2.801146099000107,0.012454621535520497,0.10196940104166667,0.6978785196940104,0.0,0.0174825,4.0,0.8674999999999999,0.03808639929047786,0.2161193434149027,0.006964156326527397,2.079252514401257e-05,9.085679266718216e-06,46631.728,1.0,45403.965625,7.717961007317399e-06,687.2819991665416,2816.0,1.0,,53,,,,,,,,
2.4657069660006528,0.013542108315959922,0.091796875,0.7008688598871231,1.0,0.017435,2.0,0.865,0.0382528836101604,0.2107421395679315,0.006877845696484049,1.3416196982992309e-05,9.086469390240381e-06,46651.448,1.0,45400.49018749999,7.717961007317399e-06,685.1095592917713,2816.0,1.0,,54,,,,,,,,
2.663899730999219,0.01156284273635164,0.09407552083333333,0.697237577703264,1.0,0.0173875,3.0,0.8625,0.034395279518018164,0.19866600467099083,0.002982305492170983,1.2826202944577542e-05,8.234255144796205e-06,46552.259999999995,1.0,45303.259999999995,7.717961007317399e-06,612.220287942175,2816.0,1.0,,55,,,,,,,,
2.804933452000114,0.014255709537593475,0.10050455729166667,0.6776128088434538,1.0,0.01734,4.0,0.86,0.03533529132255353,0.1816186960786581,0.004598950928387542,1.4576785436778058e-05,7.017496235069605e-06,46458.816,1.0,45285.251124999995,7.717961007317399e-06,600.4048603219627,2816.0,1.0,,56,,,,,,,,
2.8159391839999444,0.0061332613351699665,0.06339518229166667,0.6746539995074272,0.0,0.017292500000000002,4.0,0.8575,0.031872766344652824,0.17815144918859005,0.0011862945199633639,0.0002980701425864633,9.297129963670159e-06,46483.812,1.0,45233.42337499999,7.717961007317399e-06,609.6159490778671,2816.0,1.0,,57,,,,,,,,
2.775042186999599,0.007887650166466642,0.062093098958333336,0.7028465196490288,0.0,0.017245,4.0,0.855,0.032781804125988856,0.17854206698636213,0.0004971570645769438,0.0021733899752689467,7.877965780759647e-06,46708.748,1.0,45271.888374999995,7.717961007317399e-06,658.074791358748,2816.0,1.0,,58,,,,,,,,
2.78203569300058,0.00818169633287861,0.07893880208333333,0.6921211207906405,0.0,0.0171975,4.0,0.8525,0.0301847094281887,0.1740134513626496,-0.0015003467754771311,0.0006827760620732685,6.636010596139386e-06,46439.507999999994,1.0,45236.915125,7.717961007317399e-06,704.2751875465533,2816.0,1.0,,59,,,,,,,,
3.073782124999525,0.006431941128620148,0.07234700520833333,0.649214543402195,0.0,0.017150000000000002,4.0,0.85,0.032719741381394364,0.17516519936422506,0.0032468336479117474,0.0001281365684917546,6.8990356112408335e-06,46452.551999999996,1.0,45266.79775,7.717961007317399e-06,665.8370277511133,2816.0,1.0,0.7332788705825806,60,46846.515999999996,46699.78,46543.788,70000042,46374.04386666666,best_of_k,46699.78,320.2446925120159
2.813920737999979,0.011207667345260575,0.09537760416666667,0.6766791914900144,0.0,0.0171025,4.0,0.8475,0.030417097460788984,0.18737164388100305,-0.00022272722950826088,6.779883464484253e-05,7.215014344789476e-06,46517.98,1.0,45409.5516875,7.717961007317399e-06,625.9103476446542,2816.0,1.0,,61,,,,,,,,
2.8104899239997394,0.009611073295625753,0.0966796875,0.6773326992988586,0.0,0.017055,4.0,0.845,0.03448640487234419,0.17695536836981773,0.003632579231634736,1.7026355370338326e-05,6.922367181990315e-06,46527.28799999999,1.0,45342.392062499996,7.717961007317399e-06,693.2416529355013,2816.0,1.0,,62,,,,,,,,
2.7912039579996417,0.007270122142548037,0.083984375,0.65911732117335,0.0,0.017007500000000002,4.0,0.8425,0.029955655763236184,0.16192971542477608,-0.00025067245587706566,1.2719641442041999e-05,6.4186822896772355e-06,46505.087999999996,1.0,45411.080187499996,7.717961007317399e-06,645.4318549124414,2816.0,1.0,,63,,,,,,,,
2.865039809999871,0.005430329715901887,0.06437174479166667,0.6331348915894827,0.0,0.01696,4.0,0.84,0.028769515542080626,0.16004979300002256,-0.00017706479411572218,1.0951407754570633e-05,6.368518180958442e-06,46541.732,1.0,45393.753874999995,7.717961007317399e-06,584.3843263674895,2816.0,1.0,,64,,,,,,,,
2.8619831059995704,0.007028004105346024,0.07633463541666667,0.6274841651320457,0.0,0.0169125,4.0,0.8375,0.02724880355526693,0.16111893765628338,-0.0014061011994878452,1.4471276358563046e-05,8.344977554012681e-06,46474.796,1.0,45309.49312499999,7.717961007317399e-06,627.5171569827664,2816.0,1.0,,65,,,,,,,,
2.6240204540008563,0.012384670323809941,0.08604600694444445,0.6065202719635434,1.0,0.016865,3.0,0.835,0.02941413109915124,0.15627397927973005,0.0017192780764566527,1.1211806420558585e-05,6.556271652395178e-06,46609.684,1.0,45332.2269375,7.717961007317399e-06,594.7901564111678,2816.0,1.0,,66,,,,,,,,
2.881798933999562,0.009556312812771731,0.07666015625,0.5848181570569674,0.0,0.0168175,4.0,0.8325,0.030634289549198,0.1443313875546058,0.0038167486588160195,1.0213224754807015e-05,5.8086470554978104e-06,46339.85199999999,1.0,45209.5040625,7.717961007317399e-06,582.8552641293069,2816.0,1.0,,67,,,,,,,,
2.8174989840008493,0.004151557502268588,0.048421223958333336,0.6504812960823377,0.0,0.01677,4.0,0.83,0.02901545595765735,0.16112209483981133,-0.0008110898391654094,1.1406035999546779e-05,6.71234187166192e-06,46590.112,1.0,45346.7225625,7.717961007317399e-06,582.454157655075,2816.0,1.0,,68,,,,,,,,
2.791270281000834,0.007435573356796492,0.0791015625,0.6067081143458685,0.0,0.0167225,4.0,0.8275,0.02737936037980641,0.1597724755605062,-0.0002898928748133282,1.3250127760026468e-05,8.634538554967245e-06,46462.684,1.0,45220.95225,7.717961007317399e-06,591.0388175961344,2816.0,1.0,,69,,,,,,,,
3.004602899999554,0.003970024117511646,0.045003255208333336,0.5927185217539469,0.0,0.016675000000000002,4.0,0.825,0.029983825224917382,0.15966698030630747,0.0030062992203359804,9.999811121967165e-06,6.091844018859168e-06,46365.672,1.0,45298.7590625,7.717961007317399e-06,553.1678483402399,2816.0,1.0,0.8142021298408508,70,,,,,,,,
2.4201204669998333,0.01655698980920306,0.10872395833333333,0.6802134066820145,1.0,0.0166275,2.0,0.8225,0.04004200303461403,0.16985312725106874,0.008849657528723279,1.831191669528683e-05,8.155597697623307e-06,46594.436,1.0,45448.397124999996,7.717961007317399e-06,663.6668689227561,2816.0,1.0,,71,,,,,,,,
2.2607094269997106,0.044898900868342174,0.19401041666666666,0.6777341763178507,1.0,0.01658,1.0,0.8200000000000001,0.06662934098858386,0.19692673534154892,0.03600102290511131,2.7230734910214476e-05,7.8639461662533e-06,46835.835999999996,1.0,45522.7503125,7.717961007317399e-06,556.7050260850909,2816.0,1.0,,72,,,,,,,,
2.617557259000023,0.010052123722491361,0.07530381944444445,0.6471597452958425,1.0,0.016532500000000002,3.0,0.8175,0.03395152397246824,0.19418299280934864,0.004797942781200011,2.2016007126997767e-05,7.441814508032015e-06,46894.07199999999,1.0,45682.8561875,7.717961007317399e-06,574.579054018866,2816.0,1.0,,73,,,,,,,,
2.803355806999207,0.005874723455299602,0.06258138020833333,0.5929250145951906,0.0,0.016485,4.0,0.815,0.029558705592838425,0.1804389301687479,0.0028814872493967414,2.3102198648909205e-05,6.385105507433764e-06,46871.748,1.0,45654.966937499994,7.717961007317399e-06,614.1356249845152,2816.0,1.0,,74,,,,,,,,
2.8222376049998275,0.008222259370687842,0.08634440104166667,0.5695758685469627,0.0,0.0164375,4.0,0.8125,0.02617466858161303,0.1804349347949028,0.0006555347936227918,2.6334253182843288e-05,7.2126815287750406e-06,46873.367999999995,1.0,45685.691375,7.717961007317399e-06,663.584149177109,2816.0,1.0,,75,,,,,,,,
2.5930562229996212,0.0159655481130964,0.1369357638888889,0.5653105775515238,1.0,0.016390000000000002,3.0,0.81,0.029890794863200024,0.1966476415594419,0.004843012481513951,2.183741647362088e-05,6.24876810838436e-06,46777.324,1.0,45679.148625,7.717961007317399e-06,589.3663082800105,2816.0,1.0,,76,,,,,,,,
2.863881919999585,0.005069829630192165,0.059977213541666664,0.5853293264905611,0.0,0.0163425,4.0,0.8075,0.02878152147362319,0.18495981333156428,0.0025307821148696044,4.141725321460399e-05,5.6746044189518825e-06,46811.032,1.0,45641.745375,7.717961007317399e-06,572.8117454588453,2816.0,1.0,,77,,,,,,,,
2.813500641999781,0.006536356765434921,0.07194010416666667,0.5698899949590365,0.0,0.016295,4.0,0.8049999999999999,0.026556713264047477,0.20124973356723785,0.0013361145198966067,2.6211183732508896e-05,5.681683205693844e-06,46954.896,1.0,45633.9776875,7.717961007317399e-06,617.2221399272734,2816.0,1.0,,78,,,,,,,,
2.801002348000111,0.010509445731235209,0.10050455729166667,0.5630152349670728,0.0,0.0162475,4.0,0.8025,0.027377840083014842,0.1952420131613811,0.002394312022564312,1.458342679446408e-05,7.00364781399306e-06,46857.07200000001,1.0,45678.809,7.717961007317399e-06,582.6675742273643,2816.0,1.0,,79,,,,,,,,
3.0336031659999207,0.011703330528246644,0.10392252604166667,0.5572128271063169,1.0,0.0162,4.0,0.8,0.030453001546751086,0.18836580589413643,0.005639677227009088,1.115407568856123e-05,6.187176438743336e-06,46886.340000000004,1.0,45672.770000000004,7.717961007317399e-06,614.9122297186001,2816.0,1.0,0.5122582316398621,80,46954.896,46917.367999999995,46956.236000000004,70000042,46676.310933333334,best_of_k,46917.367999999995,205.7110853157791
2.8340592320000724,0.006215997457234816,0.0712890625,0.5681137070059776,0.0,0.0161525,4.0,0.7975,0.0257231368838499,0.18626678921282291,0.00032135576475411654,1.3238283372629667e-05,6.891119672521502e-06,46876.312,1.0,45622.573000000004,7.717961007317399e-06,637.8063197997483,2816.0,1.0,,81,,,,,,,,
2.785212242999478,0.005026330284671587,0.054443359375,0.5494217202067375,0.0,0.016105,4.0,0.795,0.02624720255456244,0.1917683370411396,0.0018595518777146935,1.5834734995223698e-05,6.820929172590695e-06,46838.799999999996,1.0,45713.5330625,7.717961007317399e-06,602.9142972940851,2816.0,1.0,,82,,,,,,,,
2.810533915999258,0.008470385223484792,0.08024088541666667,0.5420274088780085,0.0,0.016057500000000002,4.0,0.7925,0.019217698010227952,0.17708227224648,-0.005045704582395653,2.6561893150756077e-05,5.7477908702215546e-06,46870.984000000004,1.0,45705.19206249999,7.717961007317399e-06,589.7260751592602,2816.0,1.0,,83,,,,,,,,
2.6355262049992234,0.01909940383396247,0.1111111111111111,0.5216603179772695,1.0,0.01601,3.0,0.79,0.03413654059275157,0.17787136965327793,0.010895842893256081,2.335824062053386e-05,6.132754252677033e-06,46869.35599999999,1.0,45666.581000000006,7.717961007317399e-06,671.6192299956876,2816.0,1.0,,84,,,,,,,,
2.8225920490003773,0.010572586304708883,0.09537760416666667,0.5313618505994478,0.0,0.0159625,4.0,0.7875,0.026128301649199177,0.17790768730143705,0.0023948248320569596,1.4487919315797626e-05,7.572717000433234e-06,46883.484,1.0,45610.2121875,7.717961007317399e-06,709.7213066156423,2816.0,1.0,,85,,,,,,,,
2.7958944519996294,0.01147964746157489,0.117919921875,0.5299428453048071,0.0,0.015915,4.0,0.785,0.03114396721745531,0.19270503583053747,0.0077098526526242495,1.0125097749854225e-05,5.718930784344896e-06,46869.583999999995,1.0,45703.9033125,7.717961007317399e-06,645.1881157687862,2816.0,1.0,,86,,,,,,,,
2.7823083690000203,0.00674953414179195,0.07291666666666667,0.5483405664563179,0.0,0.0158675,4.0,0.7825,0.025475916889263317,0.17659168628354868,0.0008564700838178396,1.0748740957448414e-05,6.82402427779986e-06,46768.392,1.0,45638.996062499995,7.717961007317399e-06,617.605571966239,2816.0,1.0,,87,,,,,,,,
2.778718210000079,0.013046162388410684,0.10807291666666667,0.5227834060788155,0.0,0.01582,4.0,0.78,0.02638948584596316,0.17238683750232062,0.0029739696765318513,9.041607540893892e-06,5.202059317828874e-06,46848.831999999995,1.0,45645.41268749999,7.717961007317399e-06,627.1910225818579,2816.0,1.0,,88,,,,,,,,
2.8213058100000126,0.005883851395537931,0.06852213541666667,0.5303966005643209,0.0,0.015772500000000002,4.0,0.7775,0.022003022051649168,0.18022704621156058,-0.0016784107234949868,1.135413515385153e-05,6.198461297420484e-06,46903.68,1.0,45702.92025,7.717961007317399e-06,665.6328996732639,2816.0,1.0,,89,,,,,,,,
3.054609109000012,0.008977617639959115,0.06941731770833333,0.5130280504624048,0.0,0.015725,4.0,0.775,0.025294599230013166,0.15842057764530182,0.00213020535496374,1.4115791373114916e-05,5.487029322163532e-06,46934.192,1.0,45700.66525,7.717961007317399e-06,627.2300315457938,2816.0,1.0,0.4487539231777191,90,,,,,,,,
2.843413624000277,0.005816500028473115,0.06437174479166667,0.4959055446088314,0.0,0.0156775,4.0,0.7725,0.022031006461475044,0.16092185862362385,-0.0002452041953802109,1.2307630280853724e-05,5.109355394476249e-06,46935.93600000001,1.0,45698.24875,7.717961007317399e-06,635.7402597236061,2816.0,1.0,,91,,,,,,,,
2.8415241399998195,0.008524927745260888,0.08308919270833333,0.4936383080979188,0.0,0.01563,4.0,0.77,0.025799821324956913,0.15306998478869596,0.0035061551801239452,1.5996605573794415e-05,5.26914305964965e-06,46881.956,1.0,45705.773,7.717961007317399e-06,599.1419638967043,2816.0,1.0,,92,,,,,,,,
2.677864432000206,0.01780291692904888,0.13216145833333334,0.4854133145676719,1.0,0.015582499999999999,3.0,0.7675,0.025882731838565733,0.15786947227186626,0.004068157118227746,1.109995117884763e-05,5.598361920217738e-06,46958.316,1.0,45719.240875,7.717961007317399e-06,648.4814748261779,2816.0,1.0,,93,,,,,,,,
2.7348339250002027,0.005551820388551694,0.06998697916666667,0.489572166154782,0.0,0.015535,4.0,0.765,0.018586152533922966,0.1448212998608748,-0.0036466248954335847,9.67347032580316e-06,5.999996365820455e-06,46971.403999999995,1.0,45683.0730625,7.717961007317399e-06,780.1683853272452,2816.0,1.0,,94,,,,,,,,
2.7792939789997035,0.004208162161954003,0.051432291666666664,0.46505991742014885,0.0,0.015487500000000001,4.0,0.7625,0.019943839511446033,0.1404354733725389,-0.0011380001087673008,9.552930881303231e-06,5.765260558140047e-06,46994.083999999995,1.0,45743.5340625,7.717961007317399e-06,643.8605005123356,2816.0,1.0,,95,,,,,,,,
2.786590224000065,0.00844080870326754,0.08390299479166667,0.4395432074864705,0.0,0.01544,4.0,0.76,0.02214888050608958,0.14329927725096545,0.0023798453621566296,1.9671590564485086e-05,4.896538844908112e-06,46921.46799999999,1.0,45796.498625,7.717961007317399e-06,603.1280942437589,2816.0,1.0,,96,,,,,,,,
2.7981908760002625,0.007331252594238909,0.07535807291666667,0.4740453561147054,0.0,0.0153925,4.0,0.7575000000000001,0.024181105802805785,0.13098795836170515,0.0024915247534712157,8.945453108329579e-06,5.29962875361889e-06,46945.655999999995,1.0,45739.294,7.717961007317399e-06,624.8397080379891,2816.0,1.0,,97,,,,,,,,
2.807314769000186,0.004150176187382708,0.052001953125,0.4437392403682073,0.0,0.015345000000000001,4.0,0.755,0.01920482071970279,0.13429721475889286,-0.0009245600861807665,8.069173304647848e-06,4.804838378428637e-06,46974.128,1.0,45784.9435625,7.717961007317399e-06,634.8492387063709,2816.0,1.0,,98,,,,,,,,
2.8506805209999584,0.006739454919528025,0.06705729166666667,0.4564214460551739,0.0,0.0152975,4.0,0.7525,0.02328936944832094,0.13112075626850128,0.0024696399147311845,1.0107315385236385e-05,6.932843215660493e-06,46981.731999999996,1.0,45759.414875,7.717961007317399e-06,625.6525178481527,2816.0,1.0,,99,,,,,,,,
3.036964085999898,0.0073642012975293865,0.07706705729166667,0.44148001695672673,0.0,0.01525,4.0,0.75,0.025139093321437638,0.132802525224785,0.005087168188765645,8.481388817926927e-06,4.629553454075601e-06,47008.079999999994,1.0,45790.374437499995,7.717961007317399e-06,646.0302062828081,2816.0,1.0,0.3009018301963806,100,47008.079999999994,47029.060000000005,47026.808,70000042,46824.24546666667,best_of_k,47029.060000000005,272.0127768459585
2.841040585999508,0.00827015243134118,0.07161458333333333,0.4266442495087783,0.0,0.0152025,4.0,0.7475,0.023540430799281847,0.12066227694352467,0.004039472085423768,7.1977731863626104e-06,4.789013341148045e-06,47006.312,1.0,45789.983875000005,7.717961007317399e-06,626.9069873489876,2816.0,1.0,,101,,,,,,,,
2.8347414720001325,0.006161076632449654,0.060709635416666664,0.4317755637069543,0.0,0.015155,4.0,0.745,0.018613161431858316,0.12038449042787154,-0.0011548076678688328,1.136710231245767e-05,4.9605793795611435e-06,46974.272000000004,1.0,45791.36375,7.717961007317399e-06,626.5622863087414,2816.0,1.0,,102,,,,,,,,
2.78805927600024,0.007664355501544169,0.07332356770833333,0.4030039037267367,0.0,0.0151075,4.0,0.7424999999999999,0.024845319630306523,0.1318729373936852,0.0066843122864762945,8.555112287922384e-06,4.4533096001941885e-06,46978.72,1.0,45704.5405625,7.717961007317399e-06,665.5886137254247,2816.0,1.0,,103,,,,,,,,
2.786260396000216,0.011601165911666081,0.09822591145833333,0.43604521701733273,0.0,0.01506,4.0,0.74,0.022992634486096602,0.1259888227408131,0.0030847392433012524,7.296946250789915e-06,4.593597187370809e-06,46912.51999999999,1.0,45731.1429375,7.717961007317399e-06,638.7921079796777,2816.0,1.0,,104,,,,,,,,
2.7951546770000277,0.008756869526941102,0.08194986979166667,0.4412008623282115,0.0,0.015012500000000002,4.0,0.7375,0.023582996684126556,0.12286466422180335,0.003364813106600195,6.0788959027983464e-06,4.074723383003705e-06,46977.292,1.0,45785.129499999995,7.717961007317399e-06,604.2861510681417,2816.0,1.0,,105,,,,,,,,
2.8163604279998253,0.00885006763988135,0.08357747395833333,0.4084366088112195,0.0,0.014965,4.0,0.735,0.01602143101627007,0.12971337667355934,-0.0024620701054421565,7.227123660413781e-06,4.2143619983410945e-06,47106.884,1.0,45765.0580625,7.717961007317399e-06,645.3721623559504,2816.0,1.0,,106,,,,,,,,
2.791518770000039,0.0074525245050267586,0.07706705729166667,0.4099290830393632,0.0,0.0149175,4.0,0.7324999999999999,0.022516592318424955,0.12880265899002552,0.003937868246187766,8.87061080826849e-06,5.591618181218412e-06,47026.996,1.0,45706.08437499999,7.717961007317399e-06,687.8870099859126,2816.0,1.0,,107,,,,,,,,
2.813761940999939,0.013229635745730661,0.10603841145833333,0.40274407466252643,0.0,0.014870000000000001,4.0,0.73,0.02421324937798393,0.13429734700669846,0.006069960965154071,8.150618630982839e-06,4.539272358291176e-06,47003.812,1.0,45674.8808125,7.717961007317399e-06,633.8910116688753,2816.0,1.0,,108,,,,,,,,
2.6694478409999647,0.014337231532844422,0.10004340277777778,0.4291367315583759,1.0,0.014822499999999999,3.0,0.7275,0.029759663933267195,0.1407044165664249,0.010384304500702355,1.1121381703560473e-05,6.004427228213495e-06,46897.748,1.0,45590.4231875,7.717961007317399e-06,718.8567112029966,2816.0,1.0,,109,,,,,,,,
3.1590159689994834,0.00414369111353589,0.052001953125,0.37795960282286006,0.0,0.014775,4.0,0.725,0.018569264027367655,0.13872939410308996,0.0017177062497163813,1.0269187707005282e-05,4.552290723343806e-06,46898.376000000004,1.0,45583.996875,7.717961007317399e-06,611.3851259596812,2816.0,1.0,0.428693562746048,110,,,,,,,,
2.8237956479997592,0.008689853088654331,0.068603515625,0.41705625255902606,0.0,0.014727500000000001,4.0,0.7224999999999999,0.016818279555688303,0.13878807363410792,-0.0019961095337445536,2.711907605619975e-05,5.7300953433999284e-06,47060.584,1.0,45638.679000000004,7.717961007317399e-06,662.2372809907341,2816.0,1.0,,111,,,,,,,,
2.832203658000253,0.005280408982251572,0.054117838541666664,0.42679060250520706,0.0,0.01468,4.0,0.72,0.020812205330003053,0.13685578169922033,0.0014776666454660397,1.4983190908424149e-05,5.104440977750831e-06,47021.115999999995,1.0,45688.79225,7.717961007317399e-06,632.9597126748566,2816.0,1.0,,112,,,,,,,,
2.879174249999778,0.009522254954909215,0.08097330729166667,0.40829352910319966,0.0,0.014632500000000001,4.0,0.7175,0.02091560854751151,0.12625455018132925,0.002345033921301365,7.83186338063994e-06,5.068706324588372e-06,47023.452000000005,1.0,45750.536687499996,7.717961007317399e-06,633.598283047135,2816.0,1.0,,113,,,,,,,,
2.770937204999427,0.006684165526500863,0.0634765625,0.4264462577799956,0.0,0.014585,4.0,0.7150000000000001,0.019674359529744834,0.12916430893043676,0.00023296289145946503,6.717717193775267e-06,4.545366304379665e-06,46984.076,1.0,45804.462750000006,7.717961007317399e-06,601.9359630686947,2816.0,1.0,,114,,,,,,,,
2.7842716889999792,0.00747345665728479,0.06429036458333333,0.44648241127530736,0.0,0.014537500000000002,4.0,0.7125,0.012897991730521122,0.1273144787798325,-0.007578479902197917,7.155114550035553e-06,4.938713459523569e-06,46958.336,1.0,45776.3835625,7.717961007317399e-06,676.5890905963959,2816.0,1.0,,115,,,,,,,,
2.8149973289991976,0.005540908189852682,0.062744140625,0.41593174388011295,0.0,0.014490000000000001,4.0,0.71,0.023214278859086335,0.12723417735348144,0.0042563098249956965,2.5918328807013797e-05,4.825885412174102e-06,46859.268000000004,1.0,45695.2924375,7.717961007317399e-06,666.198768616813,2816.0,1.0,,116,,,,,,,,
2.94104372899983,0.008179840054701515,0.07568359375,0.4172634805242221,0.0,0.0144425,4.0,0.7075,0.02040893036367682,0.13203619855145612,0.0014493314471716683,1.208066822755427e-05,4.2981567294949246e-06,46986.608,1.0,45723.19275,7.717961007317399e-06,655.1477002622667,2816.0,1.0,,117,,,,,,,,
2.7957721100001436,0.008348819481926265,0.07340494791666667,0.43685773635903996,0.0,0.014395000000000002,4.0,0.7050000000000001,0.02075025607094479,0.1353695752720038,0.0008486184136321148,4.9043755931658474e-05,4.981993697583675e-06,46868.727999999996,1.0,45699.6199375,7.717961007317399e-06,627.9970074329545,2816.0,1.0,,118,,,,,,,,
2.5938535539999066,0.012568020425182643,0.0857204861111111,0.4304022060500251,1.0,0.014347500000000001,3.0,0.7025,0.023067424435996346,0.14325363147589895,0.003589741885662079,0.00010390363836955253,5.026875745291666e-06,46960.636000000006,1.0,45757.38275,7.717961007317399e-06,603.8910835833207,2816.0,1.0,,119,,,,,,,,
3.114918133000174,0.014626069598953961,0.10074869791666667,0.43313881009817123,1.0,0.0143,4.0,0.7,0.03136813322392603,0.1431687685350577,0.01175425418963035,2.116229364901301e-05,4.271064246571162e-06,47010.336,1.0,45758.886750000005,7.717961007317399e-06,594.1222337502926,2816.0,1.0,0.4044419825077057,120,47106.884,47009.54000000001,46314.96,70000042,46665.066,best_of_k,47009.54000000001,305.2704580090708
2.7628207140005543,0.011505413098461759,0.083740234375,0.4184166354437669,0.0,0.014252500000000001,4.0,0.6975,0.015532361877073223,0.1431821013490359,-0.003351090863967935,9.136198874178566e-06,4.818950666655534e-06,46977.716,1.0,45689.82525,7.717961007317399e-06,599.4891975143813,2816.0,1.0,,121,,,,,,,,
2.7774157579997336,0.006230557172285008,0.059163411458333336,0.45241893952091533,0.0,0.014205,4.0,0.6950000000000001,0.022200568860474352,0.15198204293847084,0.001731995997639994,3.7950470073155884e-05,5.470756661907217e-06,46925.183999999994,1.0,45663.9453125,7.717961007317399e-06,778.9283867240471,2816.0,1.0,,122,,,,,,,,
2.802292415000011,0.006997429019837871,0.07234700520833333,0.4535246056814988,0.0,0.0141575,4.0,0.6925,0.01827714720275253,0.1594114831338326,-0.0021515279076993465,6.450996117261336e-05,5.724196266025198e-06,46969.46000000001,1.0,45692.376875,7.717961007317399e-06,643.4295207128232,2816.0,1.0,,123,,,,,,,,
2.8496762479999234,0.010148400485892495,0.08113606770833333,0.4282771535217762,0.0,0.014110000000000001,4.0,0.69,0.020232509763445705,0.14859631222983202,0.0009100077440962195,2.6981708629136847e-05,5.280189365445646e-06,47008.064,1.0,45690.3945,7.717961007317399e-06,707.0659502109756,2816.0,1.0,,124,,,,,,,,
2.809954413000014,0.006723977912116652,0.071533203125,0.4186567875246207,0.0,0.0140625,4.0,0.6875,0.017732540087308735,0.14868393105765185,-0.0011133060324937105,1.7877274634277757e-05,4.173060214422246e-06,47010.66000000001,1.0,45753.1573125,7.717961007317399e-06,564.6939145851737,2816.0,1.0,,125,,,,,,,,
2.763389599999755,0.003805969249112214,0.050944010416666664,0.47196025401353836,0.0,0.014015,4.0,0.685,0.01982004663053279,0.15337710144619146,-0.001632004277780652,1.1148550053500609e-05,5.0059284717463015e-06,47091.731999999996,1.0,45762.9924375,7.717961007317399e-06,663.5186211068676,2816.0,1.0,,126,,,,,,,,
2.7944202950002364,0.004130292252696677,0.046549479166666664,0.4400486685335636,0.0,0.0139675,4.0,0.6825,0.020685721285796415,0.14404255213836828,0.000692125060595572,8.362335734091175e-06,4.480476926952785e-06,46884.068,1.0,45764.437125,7.717961007317399e-06,616.035174823836,2816.0,1.0,,127,,,,,,,,
2.783521770000334,0.009679041149354362,0.08024088541666667,0.41780346135298413,0.0,0.01392,4.0,0.6799999999999999,0.025840222796735663,0.14627846330404282,0.006982447036231558,8.458165780211857e-06,5.905977900511061e-06,46935.672,1.0,45729.81725,7.717961007317399e-06,686.0948167745743,2816.0,1.0,,128,,,,,,,,
2.760059922000437,0.005083605625782657,0.06282552083333333,0.461150420208772,0.0,0.0138725,4.0,0.6775,0.02343997169130792,0.15859873654941717,0.0025796207676952085,7.2820773956057865e-06,4.522674942109006e-06,46858.04,1.0,45649.2888125,7.717961007317399e-06,590.6620142506117,2816.0,1.0,,129,,,,,,,,
3.070969671000057,0.005054363083708324,0.053955078125,0.4356042283276717,0.0,0.013825,4.0,0.675,0.0258633687820596,0.1438715054343144,0.0060692646851142245,7.362237928039879e-06,4.3594134903438926e-06,46919.78799999999,1.0,45713.190937499996,7.717961007317399e-06,609.178778319731,2816.0,1.0,0.40347379446029663,130,,,,,,,,
2.8094115569992937,0.005618300293763904,0.059244791666666664,0.4248175931473573,0.0,0.013777500000000002,4.0,0.6725,0.02629777029505931,0.15980667993426323,0.007254883724575241,8.029026711634893e-06,5.880870370826112e-06,46902.104,1.0,45692.207624999995,7.717961007317399e-06,700.0685958553341,2816.0,1.0,,131,,,,,,,,
2.8158081789997595,0.005265420314681061,0.06437174479166667,0.45575759187340736,0.0,0.01373,4.0,0.6699999999999999,0.02017314565212776,0.15930347641309103,-0.00043212762102484703,7.699697675889183e-06,7.718888866747875e-06,47031.644,1.0,45736.6678125,7.717961007317399e-06,631.7191577265285,2816.0,1.0,,132,,,,,,,,
2.820848766000381,0.0060095889163610154,0.06624348958333333,0.4741179173191388,0.0,0.0136825,4.0,0.6675,0.024327275983523577,0.16133677711089453,0.002817576906333367,8.218542973281728e-06,2.094233243118045e-05,46923.64800000001,1.0,45688.14,7.717961007317399e-06,652.2418318468993,2816.0,1.0,,133,,,,,,,,
2.7983260830005747,0.00875284650189793,0.08056640625,0.47257452458143234,0.0,0.013635000000000001,4.0,0.665,0.020089183633293334,0.15393869827191034,-0.0014732542913407087,1.0356712304352792e-05,6.326143989099364e-05,46951.256,1.0,45721.4958125,7.717961007317399e-06,630.3218472754339,2816.0,1.0,,134,,,,,,,,
2.8207824959999925,0.0033889979360850475,0.043294270833333336,0.45363418385386467,0.0,0.013587499999999999,4.0,0.6625,0.021825888882934425,0.16413396783173084,0.0013594337894270818,7.673063502503888e-06,2.8295880933152755e-05,46919.836,1.0,45637.291625,7.717961007317399e-06,649.582623460525,2816.0,1.0,,135,,,,,,,,
2.8259534510007143,0.007390038102833785,0.076904296875,0.43849476302663487,0.0,0.01354,4.0,0.6599999999999999,0.02546861908437374,0.16161657062669596,0.00572870799805969,7.525509640042098e-06,5.417154435842046e-06,46959.48,1.0,45650.1803125,7.717961007317399e-06,676.8080215582943,2816.0,1.0,,136,,,,,,,,
2.8175789689994417,0.0065427851204648375,0.06477864583333333,0.41636934503912926,0.0,0.013492500000000001,4.0,0.6575,0.016170422837603837,0.1759816346069177,-0.0022764039458706975,6.265043206591751e-06,4.327343276600004e-06,46977.34,1.0,45613.4585625,7.717961007317399e-06,648.0795438618495,2816.0,1.0,,137,,,,,,,,
2.7847995080001056,0.008125781945594213,0.08341471354166667,0.4578590815265973,0.0,0.013445000000000002,4.0,0.655,0.020920744340401143,0.18355108176668486,0.0004916646673033634,9.31522227650324e-06,6.077643547541811e-06,46830.50399999999,1.0,45528.93225,7.717961007317399e-06,749.1098491452622,2816.0,1.0,,138,,,,,,,,
2.8025970250000682,0.008431962576281649,0.0927734375,0.5318526402115822,0.0,0.013397500000000001,4.0,0.6525000000000001,0.024128689188122127,0.1916440644611915,9.901460725814104e-05,1.1338163365811246e-05,6.918318831594661e-06,46953.56,1.0,45517.466625,7.717961007317399e-06,703.7202180985065,2816.0,1.0,,139,,,,,,,,
3.0695770669999547,0.009708701959405394,0.09090169270833333,0.500287301838398,0.0,0.01335,4.0,0.65,0.018529826697583,0.18586797763903937,-0.004007358647262056,1.0897454747767673e-05,6.136021265016704e-06,46892.568,1.0,45590.43318749999,7.717961007317399e-06,726.8483052606928,2816.0,1.0,0.48094838857650757,140,47106.884,46910.551999999996,46815.17199999999,70000042,46669.68293333334,best_of_k,46910.551999999996,292.4878465339403
2.796900411000024,0.007880667864441193,0.08870442708333333,0.37684866040945053,0.0,0.013302500000000002,4.0,0.6475,0.016090981691377237,0.1790730624149243,-0.00037422783983250457,1.8564324572404683e-05,6.078946341858682e-06,46901.04,1.0,45674.057562500006,7.717961007317399e-06,628.0917138617648,2816.0,1.0,,141,,,,,,,,
2.808437882000362,0.006582147606178997,0.07307942708333333,0.4522095285356045,0.0,0.013255000000000001,4.0,0.645,0.023910037416499108,0.1869463554273049,0.0037734871730208397,1.0094540376333802e-05,6.076551092822531e-06,46931.652,1.0,45641.7233125,7.717961007317399e-06,711.5259521523284,2816.0,1.0,,142,,,,,,,,
2.822534765000455,0.00536290085256752,0.055013020833333336,0.48201748977104825,0.0,0.0132075,4.0,0.6425000000000001,0.024492164336455364,0.18271955909828344,0.002801372630832096,6.967826834625157e-06,4.976718021983591e-06,46982.94,1.0,45682.178125,7.717961007317399e-06,637.9814765692524,2816.0,1.0,,143,,,,,,,,
2.88231548100066,0.005491892840325363,0.06844075520833333,0.4410480248431365,0.0,0.013160000000000002,4.0,0.64,0.02555371752047601,0.186644167949756,0.005954914415876071,6.430176464770436e-06,3.991007853680155e-06,46992.108,1.0,45722.485562500005,7.717961007317399e-06,629.1898637977324,2816.0,1.0,,144,,,,,,,,
2.786681478999526,0.00590593451883592,0.072021484375,0.42060044780373573,0.0,0.013112500000000001,4.0,0.6375,0.02069961986853741,0.18093366548419,0.0020385840131590762,1.1149535756279269e-05,4.781996077933097e-06,46959.100000000006,1.0,45717.346875,7.717961007317399e-06,681.4925563821173,2816.0,1.0,,145,,,,,,,,
2.777960157999587,0.005047999936258189,0.055094401041666664,0.4062490661938985,0.0,0.013065,4.0,0.635,0.01773681296617724,0.17938848212361336,-0.0002353158585416774,1.3456143430327453e-05,4.081003188124062e-06,46870.43199999999,1.0,45670.714250000005,7.717961007317399e-06,601.2195822538017,2816.0,1.0,,146,,,,,,,,
2.84432242999992,0.007335600919489593,0.07535807291666667,0.42206613595287007,0.0,0.013017500000000001,4.0,0.6325000000000001,0.022848412704964478,0.17696753330528736,0.004046269382039706,5.511378409058428e-06,3.918685905546226e-06,46844.492,1.0,45729.3386875,7.717961007317399e-06,601.2296265288555,2816.0,1.0,,147,,,,,,,,
2.80987814800028,0.007156490690936342,0.08219401041666667,0.41144422938426334,0.0,0.01297,4.0,0.63,0.01578113322223847,0.1776188009728988,-0.0024936948902904987,3.522062475743345e-05,5.61773509843988e-06,46985.524,1.0,45577.5079375,7.717961007317399e-06,693.133396294137,2816.0,1.0,,148,,,,,,,,
2.7872659269996802,0.005739242721119808,0.067138671875,0.4327017640074094,0.0,0.0129225,4.0,0.6275,0.019909627337862428,0.1693868072082599,0.0004514334335302313,9.086985793752926e-05,5.839179474757354e-06,47034.336,1.0,45644.625875,7.717961007317399e-06,728.6637990256444,2816.0,1.0,,149,,,,,,,,
3.076806177000435,0.005897840103270842,0.07145182291666667,0.45698268463214237,0.0,0.012875000000000001,4.0,0.625,0.02427414177994554,0.1713571927199761,0.0036162761971354485,0.00010841042012543767,8.226020743980674e-06,46884.479999999996,1.0,45520.2003125,7.717961007317399e-06,734.1029241994286,2816.0,1.0,0.5596954822540283,150,,,,,,,,
2.8015742490006232,0.005698224986313487,0.06315104166666667,0.39733944088220596,0.0,0.0128275,4.0,0.6225,0.018480484082829207,0.16618737330039343,0.0007368165533989668,6.0475270439989494e-05,4.8319628641972185e-06,46929.2,1.0,45701.263437500005,7.717961007317399e-06,654.2207417993046,2816.0,1.0,,151,,,,,,,,
2.8281783289994564,0.006423723480068588,0.06673177083333333,0.42807327459255856,0.0,0.01278,4.0,0.62,0.02220873934372018,0.150943577910463,0.0027214849445347986,9.325722191988461e-05,6.644843343413716e-06,47070.232,1.0,45722.344312500005,7.717961007317399e-06,634.6354633670828,2816.0,1.0,,152,,,,,,,,
2.800615535000361,0.005619560820543749,0.051839192708333336,0.42289820189277333,0.0,0.0127325,4.0,0.6174999999999999,0.02199253324943129,0.1493784375488758,0.002744163192498187,2.604315854644786e-05,5.633433090679318e-06,46961.924,1.0,45777.6001875,7.717961007317399e-06,598.3359870496811,2816.0,1.0,,153,,,,,,,,
2.854081027000575,0.004666319758895791,0.048258463541666664,0.4242800772190094,0.0,0.012685,4.0,0.615,0.01774834542690466,0.1474023163318634,-0.0016012866981327534,3.384392509057458e-05,4.08232508182967e-06,46937.97600000001,1.0,45834.7339375,7.717961007317399e-06,565.2416105127054,2816.0,1.0,,154,,,,,,,,
2.84675495799911,0.007640180760797459,0.07869466145833333,0.40725814799467724,0.0,0.0126375,4.0,0.6125,0.017492696293629706,0.15402926877141,-0.0009287437230038146,2.5274756732566555e-05,5.099559549156159e-06,46870.43199999999,1.0,45713.444312499996,7.717961007317399e-06,609.5551079333618,2816.0,1.0,,155,,,,,,,,
2.765221233000375,0.006941817822220031,0.057291666666666664,0.36739327137668926,0.0,0.01259,4.0,0.61,0.019456288107903674,0.14974584306279817,0.0029673641935611763,2.0680749192554988e-05,4.983697730646479e-06,47019.9,1.0,45697.539625,7.717961007317399e-06,692.1485299940034,2816.0,1.0,,156,,,,,,,,
2.791043250000257,0.0051115006964496485,0.054524739583333336,0.4055786741276582,0.0,0.012542500000000002,4.0,0.6074999999999999,0.020633295566464465,0.14783583705623946,0.002203267843772968,3.500400958955652e-05,3.647841007629419e-06,46913.348,1.0,45779.8385,7.717961007317399e-06,565.5297827729768,2816.0,1.0,,157,,,,,,,,
2.8024078479993477,0.006915904442325409,0.07373046875,0.4123706482350826,0.0,0.012495,4.0,0.605,0.020329293998656794,0.1574474268903335,0.0016742092848289758,1.9516241650308075e-05,3.812544216922712e-06,47046.896,1.0,45761.8825,7.717961007317399e-06,629.9094629756331,2816.0,1.0,,158,,,,,,,,
2.795314132000385,0.007670013930124971,0.06632486979166667,0.41240426401297253,0.0,0.0124475,4.0,0.6025,0.02012987542548217,0.14444872302313647,0.0003197848175962766,0.009789115436130183,1.798194400256155e-05,46957.575999999994,1.0,45757.4495625,7.717961007317399e-06,623.5711135907496,2816.0,1.0,,159,,,,,,,,
3.02069595499961,0.00603585055216153,0.06453450520833333,0.40070929005742073,0.0,0.012400000000000001,4.0,0.6,0.014943211514037102,0.14200907883544764,-0.0035786417623360953,0.002386944664370579,1.7211762364392296e-05,47048.728,1.0,45840.147375,7.717961007317399e-06,622.0437664253283,2816.0,1.0,0.5593952536582947,160,47106.884,46962.524000000005,46819.364,70000042,46689.22759999999,best_of_k,46962.524000000005,294.0903756554657
2.835980417999963,0.005680497189371654,0.050130208333333336,0.42933619022369385,0.0,0.012352499999999999,4.0,0.5974999999999999,0.024658467057937134,0.14805256885786852,0.004979274584911764,0.00029121716928178404,2.4160213702847006e-05,46941.144,1.0,45657.073812500006,7.717961007317399e-06,650.064460036436,2816.0,1.0,,161,,,,,,,,
2.821135277000394,0.008814215616599341,0.07666015625,0.4503190579513709,0.0,0.012305,4.0,0.595,0.025378914394726355,0.13367517913381258,0.004471054999157786,2.7802984429096494e-05,6.799649205883422e-05,47025.348000000005,1.0,45729.1518125,7.717961007317399e-06,688.4987134165274,2816.0,1.0,,162,,,,,,,,
2.7963105979997636,0.0038163949014050993,0.045003255208333336,0.39071540907025337,0.0,0.012257500000000001,4.0,0.5925,0.01917192954473042,0.12655585911124945,0.0011795307509601116,1.5103443805249602e-05,1.2751314310814147e-05,47109.511999999995,1.0,45859.93106250001,7.717961007317399e-06,632.8769484511739,2816.0,1.0,,163,,,,,,,,
2.8547306529999332,0.010402047169301673,0.088134765625,0.3842419038216273,0.0,0.012210000000000002,4.0,0.5900000000000001,0.020685852451909643,0.13191176671534777,0.0030802075440684953,1.8050804897029593e-05,4.775078347544574e-06,46976.368,1.0,45819.18375,7.717961007317399e-06,594.9795246060468,2816.0,1.0,,164,,,,,,,,
2.823761182999988,0.003620319681639709,0.042236328125,0.40970433751742047,0.0,0.012162500000000001,4.0,0.5875,0.02211360092042014,0.12970672082155943,0.003200481335322062,2.7449647973298852e-05,5.42928493511378e-06,47061.352,1.0,45846.2410625,7.717961007317399e-06,650.0354694511828,2816.0,1.0,,165,,,,,,,,
2.8071812950001913,0.005539338352222718,0.06599934895833333,0.37251511216163635,0.0,0.012115,4.0,0.585,0.015965456181826692,0.13711035282661518,-0.0010027669292564194,1.6511650073880446e-05,3.813865172711909e-06,47036.288,1.0,45847.306874999995,7.717961007317399e-06,597.096050132417,2816.0,1.0,,166,,,,,,,,
2.790751242000624,0.00559931719726355,0.058675130208333336,0.4390546890596549,0.0,0.0120675,4.0,0.5825,0.019994031492387876,0.15008975627521673,-0.00015107495710253716,1.273377070750333e-05,4.612348940706094e-06,47052.96,1.0,45696.8414375,7.717961007317399e-06,665.8367077491174,2816.0,1.0,,167,,,,,,,,
2.809998622999956,0.006849036033412877,0.06583658854166667,0.4414357307056586,0.0,0.012020000000000001,4.0,0.5800000000000001,0.02167660944784681,0.15213069940606752,0.001429132845563193,1.6539332705178822e-05,5.29419221114343e-06,47081.572,1.0,45774.36525,7.717961007317399e-06,670.3026894336156,2816.0,1.0,,168,,,,,,,,
2.8232342139999673,0.005522360949899034,0.065673828125,0.43532300492127735,0.0,0.0119725,4.0,0.5775,0.01913265880042066,0.16590656712651253,-0.0006517020713848373,1.3315504588717886e-05,6.388638761715508e-06,46970.971999999994,1.0,45582.667312499994,7.717961007317399e-06,728.3844337427707,2816.0,1.0,,169,,,,,,,,
3.0521540919999097,0.006697417176516988,0.064453125,0.4138372043768565,0.0,0.011925000000000002,4.0,0.575,0.022341933314843725,0.15034298598766327,0.003438711321602265,1.8355848131553405e-05,4.733108786088754e-06,47059.13999999999,1.0,45769.95406249999,7.717961007317399e-06,604.71861764584,2816.0,1.0,0.44540706276893616,170,,,,,,,,
2.8339584209998065,0.007909552657731448,0.07307942708333333,0.36104758456349373,0.0,0.011877500000000001,4.0,0.5725,0.01814374706009403,0.13805365096777678,0.0017272695743789275,1.5592840156841703e-05,4.544006268740001e-06,47068.87599999999,1.0,45841.645875,7.717961007317399e-06,584.0655326176876,2816.0,1.0,,171,,,,,,,,
2.7828526900002544,0.00551982575944739,0.057942708333333336,0.3995310055712859,0.0,0.01183,4.0,0.5700000000000001,0.020997172182736296,0.14653723811109862,0.002751673416544994,6.629612755659764e-06,3.6417571512477784e-06,47056.596,1.0,45797.8551875,7.717961007317399e-06,623.1675023664096,2816.0,1.0,,172,,,,,,,,
2.837872865999998,0.004648409725998448,0.055908203125,0.39584773406386375,0.0,0.011782500000000001,4.0,0.5675,0.011708472661363581,0.14986714782814184,-0.006321556167677045,8.22475006619546e-06,5.257909568475346e-06,47122.528,1.0,45709.429625000004,7.717961007317399e-06,668.2229561911646,2816.0,1.0,,173,,,,,,,,
2.77722175100007,0.0050421449888654974,0.0546875,0.3872394661108653,0.0,0.011735,4.0,0.565,0.018170459603425115,0.14692794593671957,0.0005300169577822089,7.448904227658204e-06,3.845646422936018e-06,47065.008,1.0,45804.4756875,7.717961007317399e-06,629.7581769831586,2816.0,1.0,,174,,,,,,,,
2.7762312570002905,0.005394916813855843,0.0595703125,0.37644946947693825,0.0,0.0116875,4.0,0.5625,0.01233831830904819,0.14491003068784872,-0.004793236575399836,6.587030441096431e-06,4.117356231366405e-06,46945.95599999999,1.0,45683.9938125,7.717961007317399e-06,705.2419342661525,2816.0,1.0,,175,,,,,,,,
2.7860488260002967,0.006564747779303086,0.070068359375,0.3566438357035319,0.0,0.011640000000000001,4.0,0.56,0.018055934090322506,0.14472011042137942,0.0019058654240022104,5.335392984306964e-06,3.7697513922315315e-06,47012.33200000001,1.0,45699.976375,7.717961007317399e-06,646.445486206578,2816.0,1.0,,176,,,,,,,,
2.779211705000307,0.005598535885907789,0.06266276041666667,0.4220331038037936,0.0,0.0115925,4.0,0.5575,0.01681082293604656,0.14119979987541834,-0.0026564536965452135,5.4444880864442284e-06,3.8707712614420115e-06,46997.795999999995,1.0,45679.855937500004,7.717961007317399e-06,629.9766208219535,2816.0,1.0,,177,,,,,,,,
2.9004923620004774,0.0044356449137564384,0.050455729166666664,0.37113865713278454,0.0,0.011545,4.0,0.5549999999999999,0.0165842461574357,0.1384609155356884,-0.0003761526507635911,4.562975163935334e-06,3.079168370353121e-06,46892.336,1.0,45744.6971875,7.717961007317399e-06,619.421046620019,2816.0,1.0,,178,,,,,,,,
2.7695302010006344,0.0053067029104987284,0.06429036458333333,0.4006127131481965,0.0,0.0114975,4.0,0.5525,0.02445163165490764,0.13362164236605167,0.005955059760405372,5.276354007340463e-06,3.445306901994627e-06,46888.104,1.0,45695.753249999994,7.717961007317399e-06,649.5092223982936,2816.0,1.0,,179,,,,,,,,
3.1017602410001928,0.007915718580722597,0.07267252604166667,0.3670841343700886,0.0,0.01145,4.0,0.55,0.017105185232746106,0.13082769978791475,0.0002466441753009955,5.287561994767505e-06,3.563983672923617e-06,46966.73999999999,1.0,45736.84875,7.717961007317399e-06,632.3641963267186,2816.0,1.0,0.4858575761318207,180,47122.528,47118.452,46950.6,70000042,46808.54026666666,best_of_k,47118.452,258.14071193090695
2.8531987749993277,0.006433743398263895,0.06640625,0.38188016166289646,0.0,0.011402500000000001,4.0,0.5475,0.01648042459176698,0.13169861864298582,-0.0011143303321053584,6.221425148093355e-06,3.6359638405277415e-06,46924.964,1.0,45808.9928125,7.717961007317399e-06,603.057847718268,2816.0,1.0,,181,,,,,,,,
2.789798556000278,0.004596232674375737,0.052001953125,0.36300556858380634,0.0,0.011355,4.0,0.5449999999999999,0.018449231269187294,0.12985449315359196,0.0017704082808146875,6.396046273948741e-06,4.805015578313032e-06,46875.796,1.0,45703.887875,7.717961007317399e-06,615.6812572670893,2816.0,1.0,,182,,,,,,,,
2.755943742000454,0.005192175977998185,0.055094401041666664,0.34022807081540424,0.0,0.0113075,4.0,0.5425,0.015343278801689545,0.12359751295298338,-0.00027265422977507114,5.487298627334288e-06,3.116840379865001e-06,46892.308,1.0,45804.1113125,7.717961007317399e-06,599.5660821700784,2816.0,1.0,,183,,,,,,,,
2.7728225459995883,0.005358489268893152,0.060791015625,0.4038321686287721,0.0,0.011260000000000001,4.0,0.54,0.020562909417397652,0.13148407358676195,0.0018475169393544395,1.549167531796532e-05,5.490344562986138e-06,47033.992,1.0,45776.197625,7.717961007317399e-06,655.669750029204,2816.0,1.0,,184,,,,,,,,
2.799158436999278,0.00446892711418793,0.046305338541666664,0.333366971462965,0.0,0.0112125,4.0,0.5375,0.016024347064861406,0.13352851724872986,0.0008498154153736929,6.46532771497732e-06,5.447633175966378e-06,47004.464,1.0,45807.9368125,7.717961007317399e-06,634.6826937053581,2816.0,1.0,,185,,,,,,,,
2.766803956000331,0.0045042620969451734,0.053385416666666664,0.3910845145583153,0.0,0.011165,4.0,0.5349999999999999,0.01554250658955425,0.14283187128603458,-0.002420935566381862,8.018044582058792e-06,6.265269860250555e-06,47093.396,1.0,45737.0465,7.717961007317399e-06,631.1312148093695,2816.0,1.0,,186,,,,,,,,
2.7430915680006365,0.004567157871110321,0.048421223958333336,0.3972974916299184,0.0,0.0111175,4.0,0.5325,0.020329146393729996,0.1379020530730486,0.0019944224040955305,6.776087995300865e-06,4.594707642506061e-06,47026.952000000005,1.0,45750.37406249999,7.717961007317399e-06,641.722865296614,2816.0,1.0,,187,,,,,,,,
2.783473115000561,0.005660638209828761,0.056722005208333336,0.40339983254671097,0.0,0.011070000000000002,4.0,0.53,0.016859398660017177,0.13013872504234314,-0.0018730460821340482,6.902653372738617e-06,4.798146107987122e-06,47096.46,1.0,45770.704375,7.717961007317399e-06,674.5750102300395,2816.0,1.0,,188,,,,,,,,
2.754903084999569,0.004341713294222653,0.04736328125,0.3874851626654466,0.0,0.011022500000000001,4.0,0.5275000000000001,0.018283514596987516,0.12517926562577486,0.0002868409889439742,5.15453081106898e-06,3.3742228898366497e-06,47042.6,1.0,45822.7291875,7.717961007317399e-06,603.9775446507423,2816.0,1.0,,189,,,,,,,,
3.0270336779994977,0.004833227312005306,0.053792317708333336,0.3819706340630849,0.0,0.010975,4.0,0.525,0.016858010426706944,0.1336744468038281,-0.0007755736005492508,5.10117735075255e-06,3.236435503595203e-06,47082.49600000001,1.0,45866.007437500004,7.717961007317399e-06,661.8602115801592,2816.0,1.0,0.3799114227294922,190,,,,,,,,
2.7710387139995873,0.006918630786795887,0.059407552083333336,0.39636556307474774,0.0,0.010927500000000001,4.0,0.5225,0.017809449277895812,0.1266059409826994,-0.000627603498287499,4.790486495191241e-06,3.5641781721551524e-06,47059.727999999996,1.0,45812.32674999999,7.717961007317399e-06,603.6663950572669,2816.0,1.0,,191,,,,,,,,
2.82556880500033,0.007240715106675566,0.056722005208333336,0.3928208760917187,0.0,0.01088,4.0,0.52,0.018445155471757364,0.13016857424130043,0.00021761966248353323,5.470918987763677e-06,4.356437168932341e-06,47004.691999999995,1.0,45781.203812499996,7.717961007317399e-06,658.1090481737923,2816.0,1.0,,192,,,,,,,,
2.8217997330002618,0.0030265078108868693,0.040201822916666664,0.3887571021914482,0.0,0.0108325,4.0,0.5175000000000001,0.020209515244156744,0.13099485325316587,0.0021882529448096952,5.395221667943891e-06,3.7390968448865656e-06,47050.928,1.0,45784.2264375,7.717961007317399e-06,637.6092281317825,2816.0,1.0,,193,,,,,,,,
2.790672865000488,0.006525206657273704,0.06876627604166667,0.4192724588016669,0.0,0.010785000000000001,4.0,0.515,0.020442148845177144,0.13633231539279222,0.0009465224575251341,5.581120111249523e-06,3.5775938442839106e-06,46930.367999999995,1.0,45704.55325,7.717961007317399e-06,627.376586194797,2816.0,1.0,,194,,,,,,,,
2.8160096250003335,0.007702563626152663,0.074462890625,0.40922284002105397,0.0,0.0107375,4.0,0.5125,0.019360398893089343,0.1376413330435753,0.0003752658764521281,4.315072260396846e-06,2.96750280881497e-06,47043.528000000006,1.0,45768.5599375,7.717961007317399e-06,615.8184631932895,2816.0,1.0,,195,,,,,,,,
2.7863569709998046,0.010990579566056388,0.09822591145833333,0.4147825390100479,0.0,0.010690000000000002,4.0,0.51,0.020857713650912046,0.15122956534226736,0.001732567111806323,5.920500124526977e-06,4.139573396363024e-06,46946.051999999996,1.0,45606.69187499999,7.717961007317399e-06,695.1152121306826,2816.0,1.0,,196,,,,,,,,
2.829030328999579,0.004554397320100397,0.045817057291666664,0.430180403093497,0.0,0.010642500000000001,4.0,0.5075000000000001,0.01634549394172306,0.14249103888869286,-0.003649319987744093,4.74261143305436e-06,3.561051443057295e-06,47024.372,1.0,45698.43825,7.717961007317399e-06,673.3789189167102,2816.0,1.0,,197,,,,,,,,
2.7382527279996793,0.004183525013997287,0.048828125,0.4415508632858594,0.0,0.010595,4.0,0.505,0.019482062770597015,0.14310390874743462,-0.001084118615835905,9.453785745942392e-06,7.758065767878483e-06,47045.724,1.0,45602.160875,7.717961007317399e-06,749.9822015492998,2816.0,1.0,,198,,,,,,,,
2.820234066000012,0.006572303075571995,0.06306966145833333,0.4268668567140897,0.0,0.010547500000000001,4.0,0.5025,0.02148364494011427,0.1402494770785173,0.0016174167006586988,5.1050626742229115e-06,3.3096499881442773e-06,46938.504,1.0,45745.698874999995,7.717961007317399e-06,621.4682197017264,2816.0,1.0,,199,,,,,,,,
3.00344026699986,0.006056503009908454,0.050944010416666664,0.3632535859942436,0.0,0.0105,4.0,0.5,0.0170159591070842,0.1396837526311477,0.0003178924089297652,4.601130749885367e-06,3.2131636279094287e-06,46882.176,1.0,45711.1553125,7.717961007317399e-06,630.0726407048452,2816.0,1.0,0.44645193219184875,200,47122.528,47024.18,47038.18,70000042,46791.18653333333,best_of_k,47024.18,199.12288067417663
2.7803068960001838,0.005481548896907403,0.060384114583333336,0.4237649738788605,0.0,0.010452500000000002,4.0,0.49750000000000005,0.01894975613686256,0.13668787013739347,-0.0008126880857162178,7.613810794282472e-06,4.32801643531396e-06,46996.03599999999,1.0,45710.5009375,7.717961007317399e-06,697.7566723524537,2816.0,1.0,,201,,,,,,,,
2.8068690939999215,0.0045619414322916425,0.052083333333333336,0.40752214193344116,0.0,0.010405000000000001,4.0,0.495,0.020929251268777687,0.1411378818253676,0.002018795465119183,1.0026016658078637e-05,3.772644210660777e-06,46996.412000000004,1.0,45795.25625,7.717961007317399e-06,591.5028857629827,2816.0,1.0,,202,,,,,,,,
2.7953575779993116,0.003916956252014714,0.049235026041666664,0.39475860198338825,0.0,0.010357500000000002,4.0,0.49250000000000005,0.015091643338867774,0.14150346349924803,-0.0031828300949806967,6.613100926718592e-06,3.007172788708582e-06,47038.32,1.0,45801.819625,7.717961007317399e-06,625.4090617190956,2816.0,1.0,,203,,,,,,,,
2.774828329000229,0.003691857632424226,0.039143880208333336,0.44508568942546844,0.0,0.01031,4.0,0.49,0.017991123953834176,0.1443428092946609,-0.002777432576597979,5.899492161158075e-06,3.711631431239463e-06,46951.03599999999,1.0,45744.509999999995,7.717961007317399e-06,649.9004519882259,2816.0,1.0,,204,,,,,,,,
2.7957961030006118,0.007317866189178328,0.055826822916666664,0.4088524542748928,0.0,0.0102625,4.0,0.48750000000000004,0.020317643327871338,0.14770472049713135,0.0013888135630016525,4.475416072106479e-06,3.1568597762543504e-06,46915.02,1.0,45744.241375,7.717961007317399e-06,624.2674846286718,2816.0,1.0,,205,,,,,,,,
2.824483927000074,0.006767635669021388,0.061604817708333336,0.4379517820974191,0.0,0.010215,4.0,0.485,0.0193570610426832,0.15363171262045702,-0.0009732063529857745,4.458418288777466e-06,3.1616305591342098e-06,46982.00399999999,1.0,45701.2096875,7.717961007317399e-06,634.7887288140852,2816.0,1.0,,206,,,,,,,,
2.788980427999377,0.0037231913829588827,0.0458984375,0.4151924786468347,0.0,0.010167500000000001,4.0,0.48250000000000004,0.019744301617417175,0.15842063600818315,0.0005935344379395247,4.248273758851913e-06,2.9209047814523124e-06,46911.367999999995,1.0,45743.676875000005,7.717961007317399e-06,621.0149770015488,2816.0,1.0,,207,,,,,,,,
2.7350856499997462,0.00549327908852959,0.058675130208333336,0.3931932474176089,0.0,0.01012,4.0,0.48,0.018511285888962448,0.1400232029457887,0.0002667652443051338,4.025985144077519e-06,2.9801378123769004e-06,47083.380000000005,1.0,45761.052500000005,7.717961007317399e-06,641.0808790646074,2816.0,1.0,,208,,,,,,,,
2.795703101000072,0.004020605294786724,0.035888671875,0.3789437512556712,0.0,0.010072500000000002,4.0,0.47750000000000004,0.015024984827808415,0.13787325751036406,-0.002536315626154343,5.637218199202228e-06,4.554170146775505e-06,47027.156,1.0,45738.34468749999,7.717961007317399e-06,718.4549562959927,2816.0,1.0,,209,,,,,,,,
3.020279274999666,0.006445478603144039,0.057861328125,0.4071196677784125,0.0,0.010025000000000001,4.0,0.475,0.016756939478606608,0.13234441882620254,-0.002274840216462811,5.589995358453355e-06,3.980989712696707e-06,47117.592000000004,1.0,45806.835812499994,7.717961007317399e-06,671.8502457804224,2816.0,1.0,0.4395601451396942,210,,,,,,,,
2.977243092000208,0.0069861853728371654,0.054117838541666664,0.37798387681444484,0.0,0.009977500000000002,4.0,0.47250000000000003,0.016207716582963865,0.1293815759321054,-0.0014026740876336892,4.662246501159946e-06,3.269937991490224e-06,47047.544,1.0,45826.8415625,7.717961007317399e-06,623.7286151519012,2816.0,1.0,,211,,,,,,,,
3.051634164000461,0.002346247521640995,0.029947916666666668,0.37483634427189827,0.0,0.00993,4.0,0.47,0.01731147197521447,0.12871009359757105,-0.00015416019596159458,4.117682512590666e-06,2.9869335567885478e-06,47049.164,1.0,45763.823749999996,7.717961007317399e-06,591.1039608511667,2816.0,1.0,,212,,,,,,,,
3.0518500219995985,0.00459854001167237,0.049397786458333336,0.3694554443160693,0.0,0.0098825,4.0,0.4675,0.012543865304905921,0.13139119185507298,-0.004635117734627177,8.395484314860369e-06,7.68868024654997e-06,47049.752,1.0,45798.41975,7.717961007317399e-06,695.8864792866274,2816.0,1.0,,213,,,,,,,,
2.899468221999996,0.005099847848462365,0.050862630208333336,0.38665900006890297,0.0,0.009835,4.0,0.46499999999999997,0.014639762933560027,0.13139990624040365,-0.0034031999530270696,5.322398427172932e-06,3.5966792021705865e-06,47046.99999999999,1.0,45873.008,7.717961007317399e-06,596.3630562476181,2816.0,1.0,,214,,,,,,,,
2.980340048000471,0.005507483502581086,0.054036458333333336,0.37943698465824127,0.0,0.009787500000000001,4.0,0.4625,0.02172916449975067,0.12669978942722082,0.003995811760736008,3.6113729038333986e-06,2.4324653793428297e-06,46979.92,1.0,45814.8586875,7.717961007317399e-06,581.4936549555171,2816.0,1.0,,215,,,,,,,,
2.9469156640006986,0.0045133553139725295,0.055419921875,0.37588932861884433,0.0,0.00974,4.0,0.45999999999999996,0.018004335928708315,0.13477525611718497,0.0005203369073569775,5.162674521367687e-06,3.454609839081968e-06,46946.856,1.0,45742.3244375,7.717961007317399e-06,656.9140912277335,2816.0,1.0,,216,,,,,,,,
2.8157246370001303,0.005342651932307281,0.050944010416666664,0.3972728103399277,0.0,0.009692500000000001,4.0,0.4575,0.02402621026461323,0.13693951504925886,0.0054880234723289805,3.985497424234079e-06,2.867947377656795e-06,47012.452,1.0,45803.210250000004,7.717961007317399e-06,624.5248800723938,2816.0,1.0,,217,,,,,,,,
2.940256865000265,0.00521554242403847,0.055989583333333336,0.3718552825351556,0.0,0.009644999999999999,4.0,0.45499999999999996,0.019234214298194274,0.12889444145063558,0.0018831610990067322,2.9691407519294444e-06,2.3563160880257783e-06,47037.536,1.0,45855.0353125,7.717961007317399e-06,571.8696535643221,2816.0,1.0,,218,,,,,,,,
3.179016079999201,0.006763572201933836,0.06258138020833333,0.37825778499245644,0.0,0.0095975,4.0,0.4525,0.020308963338417623,0.12792018707841635,0.0026222642433519163,3.2748246875750433e-06,2.3921615195376944e-06,46922.119999999995,1.0,45827.2130625,7.717961007317399e-06,602.754431597662,2816.0,1.0,,219,,,,,,,,
3.3459377560002395,0.005982183558760568,0.0546875,0.39200391496221226,0.0,0.00955,4.0,0.44999999999999996,0.022797211539000273,0.12071752672394116,0.004347808542661369,4.483566897306446e-06,3.2217593191793035e-06,46989.004,1.0,45849.7341875,7.717961007317399e-06,636.5392079208193,2816.0,1.0,0.45588773488998413,220,47122.528,47053.687999999995,47002.168,70000042,46789.55119999999,best_of_k,47053.687999999995,282.5262742809831
3.1424925910005186,0.004985078978624102,0.057373046875,0.34879328558842343,0.0,0.0095025,4.0,0.4475,0.020363279501907527,0.11413022472212712,0.004006704781204462,3.099021910202282e-06,2.243783190654843e-06,47017.86000000001,1.0,45849.584625,7.717961007317399e-06,602.2780905371781,2816.0,1.0,,221,,,,,,,,
3.202928974000315,0.005169111515185658,0.046061197916666664,0.36147789657115936,0.0,0.009455,4.0,0.44499999999999995,0.017043375623567652,0.11917689442634583,9.463151218369603e-05,4.1835712825862475e-06,2.4965755945534815e-06,47053.384,1.0,45851.7886875,7.717961007317399e-06,621.9519841336443,2816.0,1.0,,222,,,,,,,,
3.216497733000324,0.0035093356363547676,0.038818359375,0.3635447820027669,0.0,0.009407500000000001,4.0,0.4425,0.018158609120291658,0.1160977693895499,0.0010706240427680314,7.712512058333232e-06,4.327313007479461e-06,47023.85600000001,1.0,45844.82949999999,7.717961007317399e-06,671.6912460135607,2816.0,1.0,,223,,,,,,,,
3.0342309560001013,0.0034305992549660638,0.041015625,0.35415923471252125,0.0,0.00936,4.0,0.43999999999999995,0.02194824310330053,0.1140418356905381,0.005306014267262071,4.295235034608898e-06,2.536615454573621e-06,47046.700000000004,1.0,45912.8876875,7.717961007317399e-06,587.250190999673,2816.0,1.0,,224,,,,,,,,
3.237400729000001,0.005422203055361526,0.056315104166666664,0.36642588675022125,0.0,0.009312500000000001,4.0,0.4375,0.012699920475521745,0.11987767337510984,-0.0045069569411377115,3.870229856299072e-06,3.1139941919870275e-06,47044.284,1.0,45905.587,7.717961007317399e-06,637.8970104871945,2816.0,1.0,,225,,,,,,,,
3.083819843999663,0.0057852682054555515,0.053629557291666664,0.3671882761021455,0.0,0.009265000000000002,4.0,0.43500000000000005,0.02038625248436195,0.11565656680613756,0.0030962997504199543,6.456486403294548e-06,2.9010232556932656e-06,46996.299999999996,1.0,45890.3709375,7.717961007317399e-06,623.6497885068358,2816.0,1.0,,226,,,,,,,,
3.2351295540001956,0.0051681851197322715,0.05224609375,0.35930758093794185,0.0,0.0092175,4.0,0.4325,0.019125746058610577,0.12321036029607058,0.002289682199868063,2.4555638873380303e-05,7.840018971213189e-06,47100.936,1.0,45810.769812499995,7.717961007317399e-06,680.620198569632,2816.0,1.0,,227,,,,,,,,
3.237761821999811,0.0030118311158447617,0.0322265625,0.3771260268986225,0.0,0.009170000000000001,4.0,0.43000000000000005,0.011787536447324479,0.11937532698114713,-0.005977629606301586,8.072064285139883e-06,5.458435007691757e-06,47033.796,1.0,45797.73875,7.717961007317399e-06,681.491767322935,2816.0,1.0,,228,,,,,,,,
3.129479564000576,0.007598308645291023,0.07014973958333333,0.35581074655056,0.0,0.0091225,4.0,0.4275,0.012585516694040658,0.12140290687481563,-0.0041110859213707345,2.003898444513652e-05,2.3116660135732065e-05,46959.816,1.0,45814.704,7.717961007317399e-06,611.6698405541185,2816.0,1.0,,229,,,,,,,,
3.6001300830002947,0.007531109064128572,0.06901041666666667,0.39696164429187775,0.0,0.009075000000000001,4.0,0.42500000000000004,0.02291398884456915,0.13204597247143587,0.0042372026946395636,3.5023005466428e-05,4.703708124983071e-05,47006.248,1.0,45725.1323125,7.717961007317399e-06,659.5588064658467,2816.0,1.0,0.5371323823928833,230,,,,,,,,
3.2821772679999413,0.00508499418111145,0.052327473958333336,0.37762579942742985,0.0,0.0090275,4.0,0.4225,0.015806346375029534,0.12872833292931318,-0.0020153984466257193,0.0005401936387746294,9.705840441635398e-05,47023.32,1.0,45805.5705625,7.717961007317399e-06,582.6529538560525,2816.0,1.0,,231,,,,,,,,
3.120458139999755,0.005748032540280927,0.048746744791666664,0.35931085670987767,0.0,0.008980000000000002,4.0,0.42000000000000004,0.015624466686858796,0.1285796044394374,-0.0012258749920874834,0.00033420518214673695,1.2045403082083794e-05,47058.004,1.0,45810.919250000006,7.717961007317399e-06,654.5915563971452,2816.0,1.0,,232,,,,,,,,
3.0964532020007027,0.003789582774882542,0.03759765625,0.3952884090443452,0.0,0.008932500000000001,4.0,0.4175,0.020284994728475187,0.1331980967273315,0.0017000903220226367,5.448894838385362e-05,9.654679539986924e-06,46989.652,1.0,45723.7954375,7.717961007317399e-06,686.3237289733862,2816.0,1.0,,233,,,,,,,,
3.1693263139995906,0.0048526840782508645,0.053548177083333336,0.37302013486623764,0.0,0.008885,4.0,0.41500000000000004,0.016562593285925686,0.12916038433710733,-0.000943445561764141,6.657818403255078e-06,3.91238241566801e-06,47075.664000000004,1.0,45788.812437500004,7.717961007317399e-06,636.8447859644131,2816.0,1.0,,234,,,,,,,,
3.0728869690001375,0.004017785250460075,0.040201822916666664,0.3706747156878312,0.0,0.0088375,4.0,0.4125,0.021323619381291792,0.13236800953745842,0.003957550507038832,4.213514747182974e-06,3.4271763714362655e-06,47023.984,1.0,45753.36918749999,7.717961007317399e-06,650.4588737632376,2816.0,1.0,,235,,,,,,,,
3.0336788940003316,0.004305951481832437,0.043619791666666664,0.408948577940464,0.0,0.008790000000000001,4.0,0.41000000000000003,0.019151544159588713,0.12277680107702811,-0.0002189636385689179,4.334626860706218e-06,3.705669314513216e-06,47094.496,1.0,45802.8845,7.717961007317399e-06,638.6305563267781,2816.0,1.0,,236,,,,,,,,
3.037697940000726,0.004463685595412177,0.051106770833333336,0.4117404582599799,0.0,0.0087425,4.0,0.4075,0.01031123221522042,0.12389048623541991,-0.009194701560772955,3.4684963736708596e-06,3.3533005137087457e-06,46952.54000000001,1.0,45748.87637500001,7.717961007317399e-06,577.3653649591049,2816.0,1.0,,237,,,,,,,,
3.1722239439995974,0.0036542295248978007,0.040445963541666664,0.3988420019547145,0.0,0.008695000000000001,4.0,0.405,0.02029398244728024,0.12238324992358685,0.0014139882599314053,3.6502734133136983e-06,3.3015504830776385e-06,47078.10400000001,1.0,45818.2095625,7.717961007317399e-06,638.415985647531,2816.0,1.0,,238,,,,,,,,
3.1883583589997215,0.006054054719204061,0.05908203125,0.3898971366385619,0.0,0.0086475,4.0,0.40249999999999997,0.012137648571903506,0.12341555145879586,-0.006291863489119957,3.3607415256634945e-06,3.108682572398417e-06,47063.34,1.0,45862.0874375,7.717961007317399e-06,665.638464179268,2816.0,1.0,,239,,,,,,,,
3.426735185000325,0.002987707580002071,0.040445963541666664,0.3618011338015397,0.0,0.008600000000000002,4.0,0.4,0.01942451157568333,0.13006753753870726,0.002451143770789107,3.369694307290653e-06,3.1098141259159697e-06,46981.632000000005,1.0,45852.71775,7.717961007317399e-06,609.5773053817197,2816.0,1.0,0.38299450278282166,240,47122.528,47150.772,46903.488,70000042,46854.71546666667,best_of_k,47150.772,282.8618258787295
3.165643712999554,0.004492053612058437,0.048421223958333336,0.3964096245666345,0.0,0.0085525,4.0,0.39749999999999996,0.01876356849000634,0.12979561431954303,5.122328487535318e-05,3.5945810831587246e-06,3.1622361310231404e-06,47108.331999999995,1.0,45799.770749999996,7.717961007317399e-06,603.2072357357276,2816.0,1.0,,241,,,,,,,,
2.866138974000023,0.003969295564987855,0.051106770833333336,0.3856208610037963,0.0,0.008505,4.0,0.395,0.01597944445772252,0.12942014541476965,-0.0022028053839070103,3.3008193535503474e-06,3.1904568610722586e-06,47059.364,1.0,45860.72225,7.717961007317399e-06,606.7686541482981,2816.0,1.0,,242,,,,,,,,
2.9796769759996096,0.003494243621463037,0.045979817708333336,0.3707296426097552,0.0,0.0084575,4.0,0.39249999999999996,0.01445081148024959,0.13777200474093357,-0.002922220698868235,3.3393401774143663e-06,2.84421495659141e-06,47063.496,1.0,45782.747625,7.717961007317399e-06,614.6691469114576,2816.0,1.0,,243,,,,,,,,
3.2726439680000112,0.004175357616643301,0.048746744791666664,0.3909338650604089,0.0,0.00841,4.0,0.39,0.0203966079861857,0.12698031837741533,0.0019159842437754075,3.455533089891105e-06,2.9776264417099205e-06,47041.268,1.0,45844.5865,7.717961007317399e-06,631.6567305370457,2816.0,1.0,,244,,,,,,,,
3.191083583999898,0.003547951040501355,0.043863932291666664,0.3602032773196697,0.0,0.0083625,4.0,0.38749999999999996,0.014352131862930642,0.122605352041622,-0.002634442993439734,2.9985542653321318e-06,2.7955744788717616e-06,47045.200000000004,1.0,45870.735937499994,7.717961007317399e-06,619.3586740264038,2816.0,1.0,,245,,,,,,,,
3.0861209570002757,0.004321937711428229,0.053955078125,0.41039542729655903,0.0,0.008315000000000001,4.0,0.385,0.02181221527280286,0.12577375024557114,0.0023358519732331238,4.85818901552193e-06,3.829106560715445e-06,47066.516,1.0,45806.3371875,7.717961007317399e-06,657.2191141893549,2816.0,1.0,,246,,,,,,,,
3.211279053999533,0.0034024732850929476,0.045817057291666664,0.3815367904802163,0.0,0.0082675,4.0,0.38249999999999995,0.01676000127918087,0.12311096458385389,-0.0013007828189680974,3.881079929139257e-06,2.7508111012745453e-06,47080.06,1.0,45813.4858125,7.717961007317399e-06,636.0432692666943,2816.0,1.0,,247,,,,,,,,
3.087357804999556,0.0033997287796954843,0.042643229166666664,0.35918810094396275,0.0,0.008220000000000002,4.0,0.38,0.01648643872855852,0.12319723671923082,-0.00046263689485689,4.884305146409436e-06,3.7255766566583284e-06,46995.388,1.0,45880.8160625,7.717961007317399e-06,655.7209202215874,2816.0,1.0,,248,,,,,,,,
3.0241503220004233,0.0031682438878526398,0.042887369791666664,0.3597297631204128,0.0,0.0081725,4.0,0.37749999999999995,0.017402525826279696,0.1273438191662232,0.0004545177410667141,4.175640782477785e-06,3.6379376145608453e-06,47015.308000000005,1.0,45787.103312499996,7.717961007317399e-06,668.9806285527084,2816.0,1.0,,249,,,,,,,,
3.3386956439999267,0.003912988742580244,0.044026692708333336,0.37896549329161644,0.0,0.008125,4.0,0.375,0.019810430991735,0.12286649830639362,0.0018588106613606215,2.7420213086770673e-06,2.722510790439022e-06,47066.572,1.0,45854.2485,7.717961007317399e-06,592.835607130467,2816.0,1.0,0.3708955645561218,250,,,,,,,,
3.037902522000877,0.0033398853267225803,0.041341145833333336,0.3623201946417491,0.0,0.008077500000000001,4.0,0.37250000000000005,0.013515943399397656,0.11961808583388726,-0.0036359678488224745,3.6818064946449644e-06,3.4944626937279586e-06,47025.924,1.0,45780.667499999996,7.717961007317399e-06,634.4045148946756,2816.0,1.0,,251,,,,,,,,
2.9862794849996135,0.005194736425697973,0.058186848958333336,0.3419635556638241,0.0,0.00803,4.0,0.37,0.015700380531294893,0.12361447730412085,-0.00040684322205682594,2.8863490986926386e-06,2.7630687213786587e-06,47044.428,1.0,45850.2035625,7.717961007317399e-06,633.0655305397361,2816.0,1.0,,252,,,,,,,,
3.1113820760001545,0.007023040695161835,0.06640625,0.36330996702114743,0.0,0.007982500000000002,4.0,0.36750000000000005,0.020631991055173177,0.12508963514119387,0.00346290844026953,3.516963554754208e-06,3.5200741024254967e-06,47099.46,1.0,45778.339875,7.717961007317399e-06,659.855577363323,2816.0,1.0,,253,,,,,,,,
3.0893757799995,0.006389435861799815,0.0625,0.35309765363732976,0.0,0.007935000000000001,4.0,0.365,0.017439870513044298,0.12848191677282253,0.0008027502335608006,3.3498905812242206e-06,2.810030622413251e-06,46988.53199999999,1.0,45759.4456875,7.717961007317399e-06,631.7793615605865,2816.0,1.0,,254,,,,,,,,
2.9679146809994563,0.004707468166920729,0.0537109375,0.36094702159365016,0.0,0.007887500000000002,4.0,0.36250000000000004,0.014774299168493599,0.14051732731362185,-0.0021663379156962037,3.6793930746625847e-06,2.4965001633366532e-06,47068.204000000005,1.0,45771.831,7.717961007317399e-06,602.8944981180375,2816.0,1.0,,255,,,,,,,,
2.9735033970000586,0.00469046005603128,0.051513671875,0.39162399619817734,0.0,0.00784,4.0,0.36,0.01887775847959953,0.13504505902528763,0.00035377048576871556,2.7635649549514105e-06,2.529366611270234e-06,47040.05199999999,1.0,45773.1888125,7.717961007317399e-06,618.6315615009382,2816.0,1.0,,256,,,,,,,,
3.0567526140002883,0.0038413671676161463,0.046468098958333336,0.39074251676599187,0.0,0.007792500000000001,4.0,0.35750000000000004,0.013926918191524843,0.13219118242462477,-0.004581721654782693,2.9287077344027543e-06,2.643420458525725e-06,46966.324,1.0,45775.192625,7.717961007317399e-06,624.5433978696826,2816.0,1.0,,257,,,,,,,,
3.0444569620003676,0.003135565521593738,0.040690104166666664,0.3595668176809947,0.0,0.007745,4.0,0.355,0.019258196577235747,0.12204680033028126,0.0022230337684353194,4.293051337829941e-06,3.2892807174296954e-06,47086.808,1.0,45754.8914375,7.717961007317399e-06,659.2280485047894,2816.0,1.0,,258,,,,,,,,
2.9798458010000104,0.004361727358671648,0.044108072916666664,0.34851357464989025,0.0,0.007697500000000001,4.0,0.35250000000000004,0.014543161557715697,0.12272139887015025,-0.0019400528399273753,3.83713191354218e-06,3.599029961757575e-06,47054.368,1.0,45729.2811875,7.717961007317399e-06,684.5205820286488,2816.0,1.0,,259,,,,,,,,
3.303072305000569,0.003509919771535882,0.038981119791666664,0.3592264863351981,0.0,0.0076500000000000005,4.0,0.35,0.017557983116906446,0.12124236021190882,0.0005226859357208014,2.5555631566476222e-06,2.4412025254605396e-06,47058.74,1.0,45805.382937500006,7.717961007317399e-06,641.0453322278559,2816.0,1.0,0.34836235642433167,260,47122.528,47093.82399999999,47041.02,70000042,46826.15346666666,best_of_k,47093.82399999999,261.0653722933191
3.0311453049998818,0.002991444008467662,0.034016927083333336,0.3425813503563404,0.0,0.007602500000000002,4.0,0.34750000000000003,0.016484771903681878,0.12070792416731517,0.00027136632706969976,3.626152079050371e-06,3.314202407030583e-06,47056.612,1.0,45791.101375,7.717961007317399e-06,653.7131205766863,2816.0,1.0,,261,,,,,,,,
3.137046943000314,0.005719014569769716,0.06486002604166667,0.3453574056426684,0.0,0.007555000000000001,4.0,0.345,0.013229490216569198,0.11909907373289268,-0.0031405858074625335,3.5861100400325086e-06,3.2810968946250796e-06,47036.344000000005,1.0,45795.178374999996,7.717961007317399e-06,664.4746938235182,2816.0,1.0,,262,,,,,,,,
3.033626407000156,0.0031209996700359475,0.0400390625,0.2965590792397658,0.0,0.007507500000000002,4.0,0.3425,0.010656938669853844,0.12214357126504183,-0.003255579504184425,2.4639611998130326e-06,2.622343894624161e-06,47129.484,1.0,45866.9043125,7.717961007317399e-06,605.1019157006959,2816.0,1.0,,263,,,,,,,,
2.8916063510005188,0.004100585083264126,0.053385416666666664,0.33103300382693607,0.0,0.00746,4.0,0.33999999999999997,0.013573671928800954,0.12240768782794476,-0.0020670320373028517,4.038316461674185e-06,3.623548915735834e-06,46945.53999999999,1.0,45777.452562499995,7.717961007317399e-06,675.8701372988987,2816.0,1.0,,264,,,,,,,,
2.9202782980000848,0.0037069276998889697,0.04833984375,0.35122941931088764,0.0,0.007412500000000001,4.0,0.3375,0.01417487122428914,0.13091733710219464,-0.0024176240355397263,2.4662166993039136e-06,2.405353474917623e-06,46951.584,1.0,45767.524875,7.717961007317399e-06,617.304158295758,2816.0,1.0,,265,,,,,,,,
2.944020258999444,0.0028561368322084966,0.032958984375,0.36135386178890866,0.0,0.007365,4.0,0.33499999999999996,0.01581436028936878,0.12622509493182102,-0.0013252769131213427,3.0319794651253082e-06,2.5769449412867593e-06,47029.716,1.0,45746.7965625,7.717961007317399e-06,668.041862287786,2816.0,1.0,,266,,,,,,,,
2.9092886940006792,0.003284920358918697,0.037434895833333336,0.3466354658206304,0.0,0.007317500000000001,4.0,0.3325,0.013130975945387036,0.12346175654480855,-0.0032993799541145563,3.985903380983776e-06,3.2307084438798483e-06,47021.979999999996,1.0,45808.277812500004,7.717961007317399e-06,704.0481075558434,2816.0,1.0,,267,,,,,,,,
2.99574832899998,0.006451770741416378,0.06982421875,0.3576022485891978,0.0,0.00727,4.0,0.32999999999999996,0.01505297073648156,0.12067617165545623,-0.001951671748732527,3.3070157409535264e-06,3.0300033889337405e-06,46965.09999999999,1.0,45807.608812499995,7.717961007317399e-06,667.4148032629996,2816.0,1.0,,268,,,,,,,,
2.951128348000566,0.0049396487907949664,0.054280598958333336,0.3547515707711379,0.0,0.0072225000000000015,4.0,0.3275,0.015240483053882295,0.12992880307137966,-0.001560094766318798,2.4054334251862506e-06,2.3385949437700524e-06,47087.48,1.0,45842.2983125,7.717961007317399e-06,615.0372191253156,2816.0,1.0,,269,,,,,,,,
3.295534902000327,0.00449818588835349,0.047444661458333336,0.35732338453332585,0.0,0.007174999999999999,4.0,0.32499999999999996,0.022703028676914982,0.13391146591554084,0.005796520582710703,1.8764796247220754e-06,1.931184272052633e-06,46960.688,1.0,45790.0549375,7.717961007317399e-06,565.8726852191397,2816.0,1.0,0.3573344945907593,270,,,,,,,,
3.0400095290005993,0.0028045142967290104,0.03271484375,0.350607767701149,0.0,0.0071275,4.0,0.3225,0.015648370281269308,0.12805747892707586,-0.0009711668826639652,3.24112192136757e-06,3.108248563421512e-06,47054.076,1.0,45778.9330625,7.717961007317399e-06,682.7707176238742,2816.0,1.0,,271,,,,,,,,
3.0382169940003223,0.003070847442923371,0.035970052083333336,0.36871687322854996,0.0,0.0070799999999999995,4.0,0.31999999999999995,0.015366154722869396,0.12870722139875093,-0.0021603943702454367,3.7701847854047323e-06,3.1526219383219236e-06,46992.651999999995,1.0,45789.33881249999,7.717961007317399e-06,677.2808710316125,2816.0,1.0,,272,,,,,,,,
3.0374474230002306,0.003525398990734748,0.039143880208333336,0.355046817411979,0.0,0.0070325000000000006,4.0,0.3175,0.014209865864055852,0.1228612195700407,-0.002679988509044051,2.4880561587300085e-06,2.5718569721296567e-06,46897.208000000006,1.0,45846.571749999996,7.717961007317399e-06,608.004039642367,2816.0,1.0,,273,,,,,,,,
2.983471883000675,0.003772702431260081,0.033528645833333336,0.357707142829895,0.0,0.006985,4.0,0.31499999999999995,0.018164729718895007,0.13190747797489166,0.0011994138282413285,2.3719847016915687e-06,2.1891139615111874e-06,47101.380000000005,1.0,45829.4374375,7.717961007317399e-06,588.1448201316432,2816.0,1.0,,274,,,,,,,,
2.911977839999963,0.00370423786796259,0.040201822916666664,0.3586624835928281,0.0,0.006937500000000001,4.0,0.3125,0.013642784581558468,0.12596920784562826,-0.003418023232370615,2.7836551623749983e-06,2.6308771149767076e-06,47100.700000000004,1.0,45852.708750000005,7.717961007317399e-06,610.7574044581349,2816.0,1.0,,275,,,,,,,,
2.987571198000296,0.0036077063023037446,0.043619791666666664,0.3160593658685684,0.0,0.006890000000000002,4.0,0.31000000000000005,0.009518135649462542,0.12895228682706752,-0.005397816537879407,2.716101202319502e-06,2.3863593222965087e-06,47012.45199999999,1.0,45780.0913125,7.717961007317399e-06,634.4788687023199,2816.0,1.0,,276,,,,,,,,
2.9206827039997734,0.0031742477483322298,0.037760416666666664,0.3057669326663017,0.0,0.006842500000000001,4.0,0.3075,0.019463206447350483,0.1327017309765021,0.005081224798535307,3.2635660431878932e-06,2.6398114319666397e-06,47063.335999999996,1.0,45845.2255,7.717961007317399e-06,600.4169939215161,2816.0,1.0,,277,,,,,,,,
3.028193664000355,0.0039002811763492553,0.043619791666666664,0.3674607997139295,0.0,0.006795000000000002,4.0,0.30500000000000005,0.014344332026666962,0.13924945083757242,-0.003084419916073481,4.585785632116313e-06,2.906505850811906e-06,46979.76,1.0,45774.7510625,7.717961007317399e-06,633.3891734304201,2816.0,1.0,,278,,,,,,,,
2.9560662829999274,0.0049442707707149465,0.047770182291666664,0.37274286275108653,0.0,0.0067475,4.0,0.3025,0.013733921106904745,0.13597825604180494,-0.003987668935830395,3.898238143544101e-06,3.1386207126615773e-06,47040.151999999995,1.0,45840.415375,7.717961007317399e-06,650.4349652975372,2816.0,1.0,,279,,,,,,,,
3.1899963210007627,0.004280568802506342,0.049886067708333336,0.3453929324944814,0.0,0.006700000000000001,4.0,0.30000000000000004,0.016946867457590997,0.13375613248596588,0.0005720817619779458,2.4381553297795713e-06,2.1213385916022767e-06,47062.844000000005,1.0,45829.4639375,7.717961007317399e-06,628.7130981860855,2816.0,1.0,0.37077265977859497,280,47129.484,47113.644,46954.056,70000042,46838.64519999999,best_of_k,47113.644,298.8573996293665
2.880274628000734,0.004087278995137685,0.0556640625,0.3618331166605155,0.0,0.0066525,4.0,0.2975,0.013517888573308786,0.13734596564124027,-0.0036618603044189513,3.2890771516728514e-06,2.915803245665908e-06,46971.543999999994,1.0,45760.976125,7.717961007317399e-06,646.7676660919165,2816.0,1.0,,281,,,,,,,,
2.924540271999831,0.0052139501232773,0.056722005208333336,0.38810360555847484,0.0,0.0066050000000000015,4.0,0.29500000000000004,0.0170991081589212,0.14859595460196337,-0.0013263307822247346,3.0793963977278813e-06,2.8546683665808814e-06,47009.04,1.0,45822.4263125,7.717961007317399e-06,604.0604384408905,2816.0,1.0,,282,,,,,,,,
2.902206673999899,0.003241913419926116,0.04345703125,0.3796856875220935,0.0,0.006557500000000001,4.0,0.2925,0.01809780027785261,0.14505788311362267,6.315787322819233e-05,2.8690120075225423e-06,2.575596028009386e-06,47021.695999999996,1.0,45819.4440625,7.717961007317399e-06,623.5024425186689,2816.0,1.0,,283,,,,,,,,
2.8785411900007603,0.0028098238286737853,0.037516276041666664,0.36804591740171116,0.0,0.006510000000000002,4.0,0.29000000000000004,0.019102057825269487,0.1461272370070219,0.0016495176047707598,3.000325269416256e-06,2.4643332589372826e-06,47096.600000000006,1.0,45833.0520625,7.717961007317399e-06,665.0195241282361,2816.0,1.0,,284,,,,,,,,
2.890905815000224,0.004367663870321318,0.038655598958333336,0.3774959668517113,0.0,0.0064624999999999995,4.0,0.2875,0.023036314404938214,0.1423396933823824,0.0050800479560469585,2.6904661751814274e-06,2.13906686970707e-06,47038.03599999999,1.0,45847.4509375,7.717961007317399e-06,631.6926831760201,2816.0,1.0,,285,,,,,,,,
2.9085858389998975,0.0035174755290867665,0.045735677083333336,0.37442871058980626,0.0,0.0064150000000000006,4.0,0.28500000000000003,0.015605123563242765,0.13623190702249607,-0.002244028883675734,2.8842919922074848e-06,2.7109427567969155e-06,47152.692,1.0,45836.729250000004,7.717961007317399e-06,630.856682553127,2816.0,1.0,,286,,,,,,,,
2.906312039999648,0.003381097216675973,0.03173828125,0.3388935327529907,0.0,0.0063675,4.0,0.2825,0.017221680415483814,0.13005830564846596,0.001103681861422956,2.7988423501786506e-06,2.3761686520629155e-06,47014.443999999996,1.0,45876.97325,7.717961007317399e-06,620.2200048317026,2816.0,1.0,,287,,,,,,,,
2.931131145999643,0.004517439190882655,0.04638671875,0.33779225250085193,0.0,0.006320000000000001,4.0,0.28,0.02020291765560008,0.13129370442281166,0.004141718149185181,2.6161285783625012e-06,2.2017966567015415e-06,47099.46,1.0,45853.794125,7.717961007317399e-06,629.3197479787076,2816.0,1.0,,288,,,,,,,,
2.9058310439995694,0.0025485910057809016,0.0302734375,0.3901551974316438,0.0,0.0062725,4.0,0.27749999999999997,0.018772585938374203,0.13497683592140675,0.00010969375337784489,3.2187583561456754e-06,2.904825871989184e-06,47001.852000000006,1.0,45866.952874999995,7.717961007317399e-06,617.7851287872952,2816.0,1.0,,289,,,,,,,,
3.191138602999672,0.0029515218024360004,0.033528645833333336,0.3497932155927022,0.0,0.006225000000000001,4.0,0.275,0.01731604968275254,0.1320183053612709,0.0006468876575430235,2.372448468198248e-06,2.155296821608014e-06,47042.956,1.0,45878.8619375,7.717961007317399e-06,609.8458900779739,2816.0,1.0,0.34906062483787537,290,,,,,,,,
2.888245155999357,0.0035221177153085628,0.029622395833333332,0.35016683116555214,0.0,0.006177500000000001,4.0,0.27249999999999996,0.015262438823507788,0.1251555730899175,-0.0014743931824341416,2.9966213996128013e-06,2.6774185452419865e-06,47081.768000000004,1.0,45867.7523125,7.717961007317399e-06,630.6844086396555,2816.0,1.0,,291,,,,,,,,
2.938965957999244,0.003322323416809899,0.040608723958333336,0.35382112363974255,0.0,0.006130000000000002,4.0,0.27,0.011125763286448395,0.12622062334169945,-0.0057929606215717895,2.400909418535472e-06,2.3208816060105164e-06,47125.116,1.0,45907.629375,7.717961007317399e-06,590.2149414421922,2816.0,1.0,,292,,,,,,,,
2.9374515449999308,0.0020094681070540097,0.026529947916666668,0.3765424427886804,0.0,0.006082499999999999,4.0,0.26749999999999996,0.017043951263379615,0.12860717251896858,-0.0010022035567089915,2.1266512391093784e-06,2.1443629331467187e-06,47013.248,1.0,45887.214,7.717961007317399e-06,596.9052216583466,2816.0,1.0,,293,,,,,,,,
2.861257566999484,0.002075081735420111,0.024576822916666668,0.3462190739810467,0.0,0.006035,4.0,0.265,0.013193533872254193,0.12565719429403543,-0.003360620622212688,2.8730255507980473e-06,2.507708141289792e-06,47134.752,1.0,45878.960250000004,7.717961007317399e-06,678.292274927215,2816.0,1.0,,294,,,,,,,,
2.889155522000692,0.003348238219616088,0.038004557291666664,0.3526691570878029,0.0,0.0059875,4.0,0.26249999999999996,0.016483279342840735,0.13482027780264616,-0.00034452668235947687,3.7010389159301362e-06,2.4284609973316642e-06,47037.112,1.0,45859.520875,7.717961007317399e-06,644.4796316282876,2816.0,1.0,,295,,,,,,,,
2.9091278910000256,0.004008147237415827,0.050944010416666664,0.3420408268769582,0.0,0.005940000000000001,4.0,0.26,0.013516635711615285,0.13163925614207983,-0.0028046637307852507,1.993109250975067e-06,1.9911072589214505e-06,47048.844,1.0,45858.882249999995,7.717961007317399e-06,606.1816464360637,2816.0,1.0,,296,,,,,,,,
2.910805065000204,0.0036341358988109342,0.03759765625,0.4040570991734664,0.0,0.0058925,4.0,0.25749999999999995,0.019814248643039416,0.133285037552317,0.00039530452340841293,3.046881365283601e-06,2.331608764431318e-06,47099.416000000005,1.0,45877.0733125,7.717961007317399e-06,633.2972149007352,2816.0,1.0,,297,,,,,,,,
3.0186609550000867,0.0037324325988574714,0.041178385416666664,0.3763175370792548,0.0,0.005845000000000001,4.0,0.255,0.015167958920452898,0.12962246965616941,-0.002892190512890617,3.626616726630042e-06,3.1059460923188453e-06,47120.876000000004,1.0,45872.106875,7.717961007317399e-06,658.9702498020944,2816.0,1.0,,298,,,,,,,,
2.9670700690003287,0.004830917600050573,0.04541015625,0.3470527194440365,0.0,0.005797500000000001,4.0,0.25249999999999995,0.014232809184856402,0.13384098839014769,-0.0023453422278786698,2.7682669667683513e-06,2.3626276591433757e-06,47049.155999999995,1.0,45854.7486875,7.717961007317399e-06,625.5401951132125,2816.0,1.0,,299,,,,,,,,
3.183753099000569,0.003850136106700338,0.046712239583333336,0.3816770414511363,0.0,0.005750000000000002,4.0,0.25,0.017463850735415083,0.13557395121703544,-0.0008423946565017104,3.961187881410903e-06,3.094699138728174e-06,47099.236,1.0,45909.999,7.717961007317399e-06,654.0228085369039,2816.0,1.0,0.3066346049308777,300,47152.692,47127.964,46955.596,70000042,46905.008533333326,best_of_k,47127.964,271.2444529954171
2.9444185829997878,0.004674957019071613,0.053059895833333336,0.3630753780404727,0.0,0.005702500000000001,4.0,0.24750000000000005,0.017063197774405126,0.13820586477716765,-0.00030397018417716026,2.907188578168037e-06,2.4548139757977574e-06,47116.272,1.0,45882.421749999994,7.717961007317399e-06,597.2883971415627,2816.0,1.0,,301,,,,,,,,
2.9309200229999988,0.0032375773585154497,0.040445963541666664,0.38083864872654277,0.0,0.005655,4.0,0.245,0.017755460566453014,0.14663064976533255,-0.0004596321377903223,3.7905118593547136e-06,3.9547114170090936e-06,46974.259999999995,1.0,45756.6385625,7.717961007317399e-06,650.3736142023928,2816.0,1.0,,302,,,,,,,,
2.901190313999905,0.002717481982674149,0.033772786458333336,0.36484718198577565,0.0,0.005607500000000001,4.0,0.24250000000000005,0.01841223439744984,0.14624540880322456,0.000985086177630971,9.456218729534763e-06,7.8292484507377e-06,46992.884,1.0,45828.37825,7.717961007317399e-06,615.8824589103323,2816.0,1.0,,303,,,,,,,,
2.8896532829994612,0.004922261351583283,0.044596354166666664,0.37289634222785634,0.0,0.005560000000000001,4.0,0.24,0.016434782757035766,0.14864496824642023,-0.00138572013626496,4.8808593741493196e-06,3.3268258903262904e-06,46987.335999999996,1.0,45883.11675,7.717961007317399e-06,610.1920573618088,2816.0,1.0,,304,,,,,,,,
2.9576763040004153,0.004171708755041692,0.051676432291666664,0.3871639296412468,0.0,0.005512500000000002,4.0,0.23750000000000004,0.018566573368540656,0.14945348103841147,3.0180478158096474e-05,4.392681442292694e-06,3.238535754235272e-06,46937.34799999999,1.0,45798.3415625,7.717961007317399e-06,679.289848236971,2816.0,1.0,,305,,,,,,,,
2.9241344559995923,0.0034484619577481723,0.035563151041666664,0.418721587707599,0.0,0.005465000000000001,4.0,0.235,0.012729613311724583,0.14144879269103208,-0.007435128558427095,3.4118296052080646e-06,2.6779853783409635e-06,47111.252,1.0,45790.7334375,7.717961007317399e-06,678.4629755341714,2816.0,1.0,,306,,,,,,,,
2.9076230900000155,0.005168051813212671,0.056640625,0.4142875360945861,0.0,0.005417500000000002,4.0,0.23250000000000004,0.015805916969839018,0.13911302853375673,-0.004157242112948249,4.094992865096477e-06,4.0349976681379e-06,47073.804000000004,1.0,45803.569125,7.717961007317399e-06,665.8805985987533,2816.0,1.0,,307,,,,,,,,
2.9541646870002296,0.004556487648855227,0.054606119791666664,0.39701737463474274,0.0,0.00537,4.0,0.22999999999999998,0.014989455720448555,0.13643512688577175,-0.004130576271563768,3.2431115262928265e-06,2.9909296680822686e-06,47106.208,1.0,45900.72425,7.717961007317399e-06,660.9978101434506,2816.0,1.0,,308,,,,,,,,
3.014140739999675,0.0025844393441036098,0.036865234375,0.39349602287014324,0.0,0.005322500000000001,4.0,0.22750000000000004,0.01635820451095545,0.1373689410587152,-0.002587271388620138,3.2812277197535877e-06,2.9871961070663624e-06,47099.804,1.0,45901.8044375,7.717961007317399e-06,683.4291246033185,2816.0,1.0,,309,,,,,,,,
3.1600803629999064,0.003685173792598029,0.032063802083333336,0.3831092119216919,0.0,0.005275,4.0,0.22499999999999998,0.019387057904774945,0.14431806777914366,0.000991031954375406,3.715704735895997e-06,2.944201431394807e-06,47082.272000000004,1.0,45879.2411875,7.717961007317399e-06,629.31731701292,2816.0,1.0,0.3058996796607971,310,,,,,,,,
2.896688938999432,0.004636400049460458,0.040120442708333336,0.3759673424065113,0.0,0.005227500000000001,4.0,0.22250000000000003,0.02033938400563784,0.1427804371342063,0.0022855158313177526,3.875367146595939e-06,2.9958749507841276e-06,47023.35599999999,1.0,45937.3966875,7.717961007317399e-06,583.2621470443434,2816.0,1.0,,311,,,,,,,,
3.0333274419999725,0.006302208426697338,0.06363932291666667,0.42447976519664127,0.0,0.005180000000000001,4.0,0.21999999999999997,0.018659366709471215,0.150597949201862,-0.0017871742602437735,4.237770307706039e-06,4.451947584508768e-06,47043.304,1.0,45911.2278125,7.717961007317399e-06,695.3700929560565,2816.0,1.0,,312,,,,,,,,
2.9532392730006904,0.002507699006232341,0.028076171875,0.3968294858932495,0.0,0.005132500000000002,4.0,0.21750000000000003,0.020001641688092302,0.14231602723399797,0.0008890902002652487,2.7107035028469304e-06,2.4849014674070227e-06,47069.172,1.0,45871.129125,7.717961007317399e-06,668.6905638557598,2816.0,1.0,,313,,,,,,,,
2.8865409909994924,0.0021470265743367043,0.029134114583333332,0.362811554223299,0.0,0.005085000000000001,4.0,0.21499999999999997,0.014590069263552627,0.13897138896087805,-0.0028456209887129567,5.2587139123261295e-06,2.5098027265357814e-06,47084.200000000004,1.0,45946.7106875,7.717961007317399e-06,656.3992465790369,2816.0,1.0,,314,,,,,,,,
2.9402761930005,0.0075522031801404195,0.054931640625,0.3988807337979476,0.0,0.005037500000000002,4.0,0.21250000000000002,0.015433007463191947,0.13787636812776327,-0.0038181664034103355,3.342479269955826e-06,2.70859483938087e-06,47127.312,1.0,45917.441125,7.717961007317399e-06,666.4158140929987,2816.0,1.0,,315,,,,,,,,
2.8940391409996664,0.0036961386756987715,0.040445963541666664,0.4469766281545162,0.0,0.00499,4.0,0.20999999999999996,0.023545404806403287,0.1425816360861063,0.0019053529443529744,6.298703037070179e-06,4.146281194531791e-06,47122.848000000005,1.0,45797.0255,7.717961007317399e-06,735.596786893981,2816.0,1.0,,316,,,,,,,,
2.91294417699919,0.005008224496812375,0.032552083333333336,0.4086039451261361,0.0,0.004942500000000001,4.0,0.20750000000000002,0.015187968189517656,0.14052199820677438,-0.004550020443275571,5.23027919522671e-06,3.595400575780635e-06,47035.852,1.0,45851.389375,7.717961007317399e-06,711.8262832669282,2816.0,1.0,,317,,,,,,,,
2.913797882999461,0.0035696071565632557,0.040852864583333336,0.39556871727108955,0.0,0.004895,4.0,0.20499999999999996,0.02047930797562003,0.13577302359044552,0.001363873442945381,3.1672460257444377e-06,2.5812363825631715e-06,47123.223999999995,1.0,45915.3234375,7.717961007317399e-06,651.4813147646155,2816.0,1.0,,318,,,,,,,,
2.939243240999531,0.002505080591921486,0.028889973958333332,0.39134931440154713,0.0,0.004847500000000001,4.0,0.2025,0.022002846701070666,0.13234876034160456,0.0030747159811047218,4.4664523386472865e-06,3.557578082791224e-06,47131.884,1.0,45827.235125,7.717961007317399e-06,630.4417192169577,2816.0,1.0,,319,,,,,,,,
3.2340230540003176,0.0019140133284049436,0.021402994791666668,0.35495297114054364,0.0,0.0048000000000000004,4.0,0.19999999999999996,0.02013973504896664,0.1326226027061542,0.003026758204214275,3.485149865885736e-06,3.1354253546093482e-06,47158.46,1.0,45918.4025,7.717961007317399e-06,622.9311929661651,2816.0,1.0,0.2694011628627777,320,47158.46,47158.828,47102.21599999999,70000042,46953.272,best_of_k,47158.828,223.93827538855516
2.9355408230003377,0.0023022329989625945,0.030517578125,0.3575255622466405,0.0,0.0047525000000000015,4.0,0.1975,0.017278111656196415,0.13657688659926256,4.941496687630812e-05,2.4605748573473343e-06,2.507533385672408e-06,47120.164000000004,1.0,45960.003562499995,7.717961007317399e-06,607.2639967765722,2816.0,1.0,,321,,,,,,,,
2.9534429839995937,0.002292534986176579,0.02587890625,0.3797655515372753,0.0,0.004704999999999999,4.0,0.19499999999999995,0.018807866397158552,0.13969950346897045,0.0004755768459290266,2.721832634241158e-06,2.0513979421821205e-06,47056.407999999996,1.0,45980.362062500004,7.717961007317399e-06,608.8789261326873,2816.0,1.0,,322,,,,,,,,
2.9725114810007653,0.0028176511113091607,0.033854166666666664,0.41870806490381557,0.0,0.0046575,4.0,0.1925,0.019265069170311715,0.14378329180181026,-0.0010025617278491457,3.397011710148945e-06,3.116258530629542e-06,47030.24799999999,1.0,45853.465437499995,7.717961007317399e-06,642.8251452118869,2816.0,1.0,,323,,,,,,,,
2.958627095999873,0.002270583030618667,0.026692708333333332,0.3646496534347534,0.0,0.0046099999999999995,4.0,0.18999999999999995,0.0197833913747066,0.14548134865860143,0.00222001721461614,2.63840029409342e-06,2.5908670409080514e-06,47139.472,1.0,45876.243375,7.717961007317399e-06,589.1901130845707,2816.0,1.0,,324,,,,,,,,
2.931350670000029,0.004110751311999413,0.049397786458333336,0.3833422710498174,0.0,0.004562500000000001,4.0,0.1875,0.01584877238201443,0.1412059534341097,-0.002675400387185315,2.277444574853386e-06,2.1660877915034384e-06,47127.284,1.0,45914.014500000005,7.717961007317399e-06,629.9489122260226,2816.0,1.0,,325,,,,,,,,
2.951333072000125,0.0024982849187384915,0.032958984375,0.348149328182141,0.0,0.004515000000000002,4.0,0.18500000000000005,0.020022489785333164,0.14144084167977175,0.0032523179737230143,2.213319570879927e-06,2.1783938753590823e-06,47066.708,1.0,45902.624187500005,7.717961007317399e-06,590.7381676523144,2816.0,1.0,,326,,,,,,,,
2.923083740999573,0.0013489324525780926,0.015543619791666666,0.3845997303724289,0.0,0.004467500000000001,4.0,0.1825,0.01819190281094052,0.1421276517212391,-0.00040462228935211897,2.6977604742720964e-06,2.448571403116754e-06,47105.632,1.0,45891.158375,7.717961007317399e-06,616.1613693898369,2816.0,1.0,,327,,,,,,,,
2.999661644000298,0.001954590563178371,0.020589192708333332,0.39744797100623447,0.0,0.004420000000000002,4.0,0.18000000000000005,0.013795510943358144,0.14467917941510677,-0.00543905864469707,3.066613809702782e-06,2.6922910668266318e-06,47012.76400000001,1.0,45883.2238125,7.717961007317399e-06,632.9749526167801,2816.0,1.0,,328,,,,,,,,
2.9200520229996982,0.003305274995138774,0.034586588541666664,0.39995445559422177,0.0,0.004372500000000001,4.0,0.1775,0.01945272617255493,0.14989508874714375,0.00010878266766667366,2.8488570364970656e-06,2.7046742445691052e-06,47001.804,1.0,45866.013000000006,7.717961007317399e-06,614.738302821615,2816.0,1.0,,329,,,,,,,,
3.1424055620000217,0.00149779631351817,0.017740885416666668,0.3982015860577424,0.0,0.0043250000000000025,4.0,0.17500000000000004,0.017988552562504385,0.14859068455795446,-0.001280361592459182,2.5903051626604188e-06,2.460583298595035e-06,47091.312,1.0,45915.035125,7.717961007317399e-06,636.4465204188292,2816.0,1.0,0.3252772390842438,330,,,,,,,,
2.945214604999819,0.001817032653014176,0.023356119791666668,0.4241725454727809,0.0,0.0042775,4.0,0.1725,0.020987075675899785,0.14563416813810667,0.00039922345119218033,3.6874306488243747e-06,3.6107783690416304e-06,47120.871999999996,1.0,45852.1295,7.717961007317399e-06,658.98841116119,2816.0,1.0,,331,,,,,,,,
2.905388295999728,0.007516213141424662,0.044352213541666664,0.3843269074956576,0.0,0.004230000000000001,4.0,0.17000000000000004,0.012015553850991031,0.14488653528193632,-0.006589661449349175,3.1006326726886377e-06,2.85986846885559e-06,47121.892,1.0,45820.622312499996,7.717961007317399e-06,659.9034803260263,2816.0,1.0,,332,,,,,,,,
2.9024701329999516,0.003192998840336081,0.03125,0.4136313274502754,0.0,0.004182500000000002,4.0,0.16749999999999998,0.01639363794432332,0.15215976474185786,-0.003653138914766411,4.22425948916801e-06,2.391760868173757e-06,47074.744,1.0,45928.3608125,7.717961007317399e-06,638.2745467027399,2816.0,1.0,,333,,,,,,,,
2.8874201660000836,0.002816165391063071,0.033772786458333336,0.47953056047360104,0.0,0.004135,4.0,0.16500000000000004,0.01782406541800204,0.1543559500326713,-0.00551658410889407,5.035388899917355e-06,3.7589826907454458e-06,47078.716,1.0,45889.941374999995,7.717961007317399e-06,728.8239082649583,2816.0,1.0,,334,,,,,,,,
2.9559435110004415,0.002766021548393264,0.025472005208333332,0.413654088973999,0.0,0.004087500000000001,4.0,0.16249999999999998,0.023829092950715374,0.15007808369894823,0.0037580369195590415,3.330600549134033e-06,2.9232438976123376e-06,47141.407999999996,1.0,45900.020124999995,7.717961007317399e-06,680.6524316628013,2816.0,1.0,,335,,,,,,,,
2.911628859999837,0.0026741619570292605,0.035319010416666664,0.39959528173009556,0.0,0.004040000000000002,4.0,0.16000000000000003,0.01841189091404279,0.16220942015449205,-0.0009141195138605932,2.724894130778921e-06,2.599333223921955e-06,46975.84,1.0,45901.8158125,7.717961007317399e-06,593.362238249718,2816.0,1.0,,336,,,,,,,,
2.885144675000447,0.0015979389916245996,0.018798828125,0.4115346744656563,0.0,0.0039924999999999995,4.0,0.15749999999999997,0.018521980940325495,0.15634858421981335,-0.0014319966042724748,2.570764384775733e-06,2.4168510890376638e-06,47010.844000000005,1.0,45875.121499999994,7.717961007317399e-06,624.9511204740328,2816.0,1.0,,337,,,,,,,,
2.9492084270004852,0.0034915295130009127,0.0458984375,0.4158481719593207,0.0,0.003945000000000001,4.0,0.15500000000000003,0.014683747295445452,0.16607780878742537,-0.00545554596465081,3.5276835698520395e-06,3.41532651759735e-06,47100.79200000001,1.0,45873.226500000004,7.717961007317399e-06,675.2018079720687,2816.0,1.0,,338,,,,,,,,
2.8810776780001106,0.0033291123967339096,0.0419921875,0.4193018612762292,0.0,0.0038975000000000017,4.0,0.15249999999999997,0.016642968863986123,0.1651706819732984,-0.0036795741762034595,2.167510975444505e-06,1.970288484661372e-06,47067.044,1.0,45838.10949999999,7.717961007317399e-06,607.3772869141964,2816.0,1.0,,339,,,,,,,,
3.128182256999935,0.0030096899017474734,0.035807291666666664,0.4189463083942731,0.0,0.0038500000000000027,4.0,0.15000000000000002,0.020134001135981332,0.16241502637664476,-0.0001900873612612486,3.76630850003797e-06,3.388169564762696e-06,47083.484000000004,1.0,45859.94268749999,7.717961007317399e-06,665.0764982060539,2816.0,1.0,0.35940611362457275,340,47158.46,47133.212,47126.827999999994,70000042,46864.77186666666,best_of_k,47133.212,253.19062832047203
2.983418781000182,0.0022123779675187194,0.029296875,0.37825046479701996,0.0,0.0038025000000000003,4.0,0.14749999999999996,0.018952456826809794,0.1613550620774428,0.0006506718151892225,6.152486804467117e-06,4.398374462274053e-06,47085.148,1.0,45855.7745625,7.717961007317399e-06,611.5197825141731,2816.0,1.0,,341,,,,,,,,
2.8950123920003534,0.0016527297170547683,0.018717447916666668,0.4200940243899822,0.0,0.0037550000000000014,4.0,0.14500000000000002,0.017154470522655174,0.15975463949143887,-0.0032524679554626346,4.32968718655502e-06,3.366123801621749e-06,47024.780000000006,1.0,45861.738874999995,7.717961007317399e-06,648.5941773067611,2816.0,1.0,,342,,,,,,,,
2.982743964999827,0.002410556123293143,0.02783203125,0.3914475304385026,0.0,0.003707499999999999,4.0,0.14249999999999996,0.019234066751475137,0.15714481472969055,0.00024280778598040342,2.536448477030717e-06,2.485335357960139e-06,47075.84799999999,1.0,45880.5179375,7.717961007317399e-06,639.2277058740465,2816.0,1.0,,343,,,,,,,,
2.8658777679993364,0.0019749917850268397,0.023600260416666668,0.3857683812578519,0.0,0.00366,4.0,0.14,0.015303134144536065,0.15618269828458628,-0.0034148217334101596,2.025031662356014e-06,1.9255046908028817e-06,46996.043999999994,1.0,45914.0130625,7.717961007317399e-06,618.3396984838676,2816.0,1.0,,344,,,,,,,,
2.9395531449999908,0.002577747290841851,0.036458333333333336,0.4172927401959896,0.0,0.003612500000000001,4.0,0.13749999999999996,0.017315265101691086,0.15711347262064615,-0.0029840665326143303,4.141896681630897e-06,3.7025407190564388e-06,47083.184,1.0,45844.6958125,7.717961007317399e-06,713.3569798591116,2816.0,1.0,,345,,,,,,,,
2.867288583000118,0.0018635687628485442,0.023356119791666668,0.4091914917031924,0.0,0.003565000000000002,4.0,0.135,0.021916708986585338,0.1512041731427113,0.001994468659783403,3.143315732737998e-06,2.7880526639971017e-06,47130.96,1.0,45871.5700625,7.717961007317399e-06,668.7337167711044,2816.0,1.0,,346,,,,,,,,
2.9014936040002794,0.0016253034446309655,0.017252604166666668,0.3811311759054661,0.0,0.0035175,4.0,0.13249999999999995,0.024426774820312858,0.15037314097086588,0.005897694538968305,2.601082021177111e-06,2.3947711961606424e-06,47109.128000000004,1.0,45909.620500000005,7.717961007317399e-06,641.4753231623566,2816.0,1.0,,347,,,,,,,,
2.9219577349995234,0.0016018012898821137,0.016438802083333332,0.39566070462266606,0.0,0.003470000000000001,4.0,0.13,0.01707382544797535,0.14166370779275894,-0.00221903866622597,2.409604434205903e-06,2.3217277676697754e-06,47044.6,1.0,45916.62075,7.717961007317399e-06,613.0216380426036,2816.0,1.0,,348,,,,,,,,
2.901951599000313,0.001917774933760737,0.017903645833333332,0.37627742687861127,0.0,0.0034224999999999985,4.0,0.12749999999999995,0.017209852558153216,0.14384656337400278,-0.0011131765980583925,2.4343551577506637e-06,2.458258715402432e-06,47072.648,1.0,45896.4415,7.717961007317399e-06,609.3395377158365,2816.0,1.0,,349,,,,,,,,
3.1431066350005494,0.0019349789592517652,0.024251302083333332,0.37862032900253934,0.0,0.0033749999999999995,4.0,0.125,0.016363522241590545,0.1437174795816342,-0.0020840420620515943,2.7785551613609036e-06,2.631482791078573e-06,46999.42399999999,1.0,45883.0335625,7.717961007317399e-06,619.1715528169946,2816.0,1.0,0.32701292634010315,350,,,,,,,,
2.914995550999265,0.0016565594043589371,0.019612630208333332,0.3843271645406882,0.0,0.0033275000000000006,4.0,0.12250000000000005,0.018488068933947943,0.13992593561609587,-0.0002638850128278136,2.109831119886015e-06,1.9749154205328523e-06,47073.543999999994,1.0,45871.04075,7.717961007317399e-06,642.6992382871922,2816.0,1.0,,351,,,,,,,,
2.91679239899986,0.0018099207217095643,0.020263671875,0.3717610960205396,0.0,0.0032800000000000017,4.0,0.12,0.015841424862931792,0.13612240614990392,-0.0023017720862602196,2.4254431896982473e-06,2.762490292222234e-06,47114.496,1.0,45901.5038125,7.717961007317399e-06,653.866979442466,2816.0,1.0,,352,,,,,,,,
2.905834830999993,0.0015505939767047987,0.019205729166666668,0.38127892340222996,0.0,0.0032325000000000027,4.0,0.11750000000000005,0.01475954033473196,0.1362862754613161,-0.0038658078216637173,3.030076319040139e-06,3.2885116070247022e-06,47085.31999999999,1.0,45892.7636875,7.717961007317399e-06,631.0483751691715,2816.0,1.0,,353,,,,,,,,
2.8744822889993884,0.002877066857555436,0.03076171875,0.35349979375799495,0.0,0.0031850000000000003,4.0,0.11499999999999999,0.010908330994425341,0.142179478580753,-0.006315216422080994,2.550526711312765e-06,2.2869744924491897e-06,47045.032,1.0,45921.422625,7.717961007317399e-06,654.9525853251589,2816.0,1.0,,354,,,,,,,,
2.9315886989998035,0.0015505860623751626,0.016031901041666668,0.3603433904548486,0.0,0.0031375000000000014,4.0,0.11250000000000004,0.013213294611584084,0.14049125649034977,-0.004364554343434672,2.5110110944600215e-06,2.4375554327586237e-06,47029.67199999999,1.0,45899.5678125,7.717961007317399e-06,608.6686613394135,2816.0,1.0,,355,,,,,,,,
2.888173189000554,0.002029420534284121,0.020426432291666668,0.3723861761391163,0.0,0.003089999999999999,4.0,0.10999999999999999,0.017570049589267,0.1450644824653864,-0.0006027375347912312,3.2799529397683123e-06,2.79694625267742e-06,47110.011999999995,1.0,45857.9629375,7.717961007317399e-06,688.808085453141,2816.0,1.0,,356,,,,,,,,
2.9207031030000508,0.0020933856505802595,0.028157552083333332,0.3650222147504489,0.0,0.0030425,4.0,0.10750000000000004,0.013637573943318179,0.13828572817146778,-0.0041949746664613485,4.121543014434792e-06,3.516923792782715e-06,47102.608,1.0,45824.249312500004,7.717961007317399e-06,713.1732448588685,2816.0,1.0,,357,,,,,,,,
3.006730128999152,0.0014805581723633665,0.018961588541666668,0.3429694486161073,0.0,0.002995000000000001,4.0,0.10499999999999998,0.01608653541188687,0.13806153740733862,-0.0006499339360743761,2.603465314147494e-06,2.460342841459351e-06,47087.06399999999,1.0,45907.056312500004,7.717961007317399e-06,638.9741830971368,2816.0,1.0,,358,,,,,,,,
2.9094500499995775,0.0018377311616146013,0.022542317708333332,0.3305269926786423,0.0,0.002947500000000002,4.0,0.10250000000000004,0.01816345238088009,0.14150366932153702,0.0020530514884740114,2.056385715339578e-06,1.8530813955900764e-06,47095.568,1.0,45882.2493125,7.717961007317399e-06,646.9182246296879,2816.0,1.0,,359,,,,,,,,
3.191231748000064,0.0028795786753912367,0.034423828125,0.36805037409067154,0.0,0.0029,4.0,0.09999999999999998,0.01574844980010918,0.14246895909309387,-0.0022426717914640903,3.2756606268928104e-06,2.8680749153409124e-06,47036.648,1.0,45841.6604375,7.717961007317399e-06,715.2225113662587,2816.0,1.0,0.3148462474346161,360,47158.46,47148.852,47139.06,70000042,46901.18746666666,best_of_k,47148.852,246.1076019754679
2.9658357939997586,0.0024586560219346985,0.036051432291666664,0.3772913378973802,0.0,0.002852500000000001,4.0,0.09750000000000003,0.01584725905073962,0.13429583547015986,-0.002635882352478802,2.853193791452213e-06,2.735871333925388e-06,47089.551999999996,1.0,45904.78768749999,7.717961007317399e-06,652.5834520137267,2816.0,1.0,,361,,,,,,,,
2.972973768999509,0.0014280618404747258,0.017252604166666668,0.3319472099343936,0.0,0.002805000000000002,4.0,0.09499999999999997,0.018628528215534363,0.1356907101968924,0.002410540900503596,2.0611690369302473e-06,2.0657620183328618e-06,47128.67999999999,1.0,45867.1396875,7.717961007317399e-06,604.9063015692199,2816.0,1.0,,362,,,,,,,,
2.8941480719995525,0.0021603216314757625,0.028727213541666668,0.35727690408627194,0.0,0.002757500000000003,4.0,0.09250000000000003,0.020356176178514335,0.1348410633703073,0.0028623539838008583,2.917241895753856e-06,3.018658115176246e-06,47094.44,1.0,45898.956562499996,7.717961007317399e-06,655.06124004816,2816.0,1.0,,363,,,,,,,,
2.908769312000004,0.0021644329272435905,0.025797526041666668,0.3883243439098199,0.0,0.0027100000000000006,4.0,0.08999999999999997,0.01573324520116633,0.13902891551454863,-0.0033086243007952967,4.588205456457217e-06,3.923461936968427e-06,47050.612,1.0,45846.8155625,7.717961007317399e-06,735.8366899758122,2816.0,1.0,,364,,,,,,,,
2.9276652079997803,0.0011263725379437872,0.0126953125,0.3795072299738725,0.0,0.0026625000000000017,4.0,0.08750000000000002,0.022101364059684176,0.13929129485040903,0.003495039224314193,3.298752943692307e-06,2.9911395055629932e-06,47106.42800000001,1.0,45893.4020625,7.717961007317399e-06,663.9821484509184,2816.0,1.0,,365,,,,,,,,
2.907004668999434,0.0013128172876661164,0.013102213541666666,0.3617931753396988,0.0,0.0026149999999999993,4.0,0.08499999999999996,0.019345033792584825,0.1368908230215311,0.0016115453133049111,3.3415924368303727e-06,2.9288089346361326e-06,47096.724,1.0,45872.96,7.717961007317399e-06,681.314478057673,2816.0,1.0,,366,,,,,,,,
2.8823081950004052,0.0021286325639771064,0.023193359375,0.33999871959288913,0.0,0.0025675000000000003,4.0,0.08250000000000002,0.011830001642617086,0.13554479740560055,-0.004822951857931912,1.8836198876215349e-06,1.6803741355412665e-06,47101.028,1.0,45925.58287499999,7.717961007317399e-06,588.2358000502297,2816.0,1.0,,367,,,,,,,,
2.942412193000564,0.0009964896146952285,0.011800130208333334,0.34322572126984596,0.0,0.0025200000000000014,4.0,0.07999999999999996,0.014783445318850378,0.1343822255730629,-0.002040470872695247,2.269026263472066e-06,2.0918628393928884e-06,47079.036,1.0,45895.1270625,7.717961007317399e-06,669.6284702600932,2816.0,1.0,,368,,,,,,,,
2.9147368100002495,0.0022937415545711084,0.02734375,0.3583078806598981,0.0,0.0024725000000000025,4.0,0.07750000000000001,0.010207120139966719,0.13358780244986215,-0.007378963520750403,1.7728730720515766e-06,1.614999727432102e-06,47111.428,1.0,45908.9026875,7.717961007317399e-06,598.6063508538206,2816.0,1.0,,369,,,,,,,,
3.1526490149999518,0.0008358034287230254,0.008870442708333334,0.3445378231505553,0.0,0.002425,4.0,0.07499999999999996,0.021392370870065253,0.1347941535835465,0.004490984254516661,2.3754610936066456e-06,2.2656844199294333e-06,47106.668,1.0,45890.968125,7.717961007317399e-06,639.5806394560298,2816.0,1.0,0.32918646931648254,370,,,,,,,,
2.92191510199973,0.0019257837593145883,0.026692708333333332,0.3903152644634247,0.0,0.002377500000000001,4.0,0.07250000000000001,0.014552121500552554,0.13923713813225427,-0.004633796207296352,1.9967421565070254e-06,1.9821197412284164e-06,47056.151999999995,1.0,45979.896875,7.717961007317399e-06,623.648585394638,2816.0,1.0,,371,,,,,,,,
2.877926056000433,0.0015326457815983592,0.017822265625,0.3462997116148472,0.0,0.0023299999999999987,4.0,0.06999999999999995,0.018114515075770516,0.1346973062803348,0.0011123143291721742,1.8779947576301008e-06,1.7435662916417034e-06,47081.368,1.0,45901.094125,7.717961007317399e-06,617.2733645022959,2816.0,1.0,,372,,,,,,,,
2.9185354279998137,0.0018185846586424859,0.020751953125,0.3680488181610902,0.0,0.0022825,4.0,0.0675,0.017629829850193346,0.13663621991872787,-0.0004624206922017038,2.9298075503447762e-06,2.7763195570666235e-06,47171.89200000001,1.0,45881.356999999996,7.717961007317399e-06,673.974247908256,2816.0,1.0,,373,,,,,,,,
2.8724742449994665,0.0017972012289414845,0.018880208333333332,0.34499382103482884,0.0,0.002235000000000001,4.0,0.06499999999999995,0.01739011175838338,0.14133038806418577,0.0004549366033946474,2.3423416545635214e-06,2.2459241411828166e-06,47037.136,1.0,45913.6444375,7.717961007317399e-06,604.5359716473106,2816.0,1.0,,374,,,,,,,,
2.9465493399993647,0.0013810667127642044,0.015299479166666666,0.38305413102110225,0.0,0.002187500000000002,4.0,0.0625,0.01766517699191657,0.1454224344342947,-0.001170983809667329,2.7852579004653912e-06,2.574730179579395e-06,47009.044,1.0,45826.981374999996,7.717961007317399e-06,625.5151381670219,2816.0,1.0,,375,,,,,,,,
2.8823718700004974,0.00179176716011753,0.025472005208333332,0.3625071806212266,0.0,0.002140000000000003,4.0,0.06000000000000005,0.014022133341010582,0.14878557125727335,-0.0037860212614759803,2.206780891356175e-06,1.951408132564817e-06,47087.42,1.0,45863.2535,7.717961007317399e-06,647.9528134569281,2816.0,1.0,,376,,,,,,,,
3.015535029999228,0.0015563312855316387,0.017578125,0.37219703818360966,0.0,0.0020925000000000006,4.0,0.057499999999999996,0.015178187527150536,0.14003904163837433,-0.0031402813037857413,3.0091941406832725e-06,2.695435805814365e-06,47165.652,1.0,45869.870437499994,7.717961007317399e-06,688.4975655089922,2816.0,1.0,,377,,,,,,,,
2.971840741000051,0.0016167797976134324,0.01953125,0.3720723104973634,0.0,0.0020450000000000017,4.0,0.05500000000000005,0.01509306839822481,0.1421302172044913,-0.0032211344223469496,2.1863619963369274e-06,2.049687973718998e-06,47062.556000000004,1.0,45819.707312499995,7.717961007317399e-06,625.2242008254137,2816.0,1.0,,378,,,,,,,,
2.894129545999931,0.0013410422265067723,0.013020833333333334,0.36599144091208774,0.0,0.0019974999999999993,4.0,0.05249999999999999,0.011800295595700542,0.1462918072938919,-0.0062084884266369045,2.488339418960095e-06,2.3614735766841477e-06,47117.42,1.0,45816.17875,7.717961007317399e-06,623.7499233702855,2816.0,1.0,,379,,,,,,,,
3.1482591899994077,0.001151575950025574,0.010823567708333334,0.38473499938845634,0.0,0.0019500000000000003,4.0,0.050000000000000044,0.016495455148591038,0.14242798772950968,-0.0024647690200557313,2.2002335384740945e-06,1.9771281453510405e-06,47095.032,1.0,45873.880625,7.717961007317399e-06,632.0949124337327,2816.0,1.0,0.3201490640640259,380,47171.89200000001,47167.116,47061.736,70000042,46905.68826666667,best_of_k,47167.116,223.65395493320173
2.9598354010004186,0.0012380280777811354,0.014241536458333334,0.3887173421680927,0.0,0.0019025000000000014,4.0,0.04749999999999999,0.01932123606093228,0.14246222376823425,0.00015511709110190472,2.3677170872815623e-06,2.0963994794935084e-06,47098.984,1.0,45911.91925,7.717961007317399e-06,633.5913241723223,2816.0,1.0,,381,,,,,,,,
2.8807406389996686,0.0031231085403427747,0.04150390625,0.39753184964259464,0.0,0.0018550000000000025,4.0,0.04500000000000004,0.012284169867295228,0.1468640249222517,-0.007321710504281024,3.0908002770502208e-06,2.820959527601493e-06,47080.184,1.0,45916.9541875,7.717961007317399e-06,682.4282321489658,2816.0,1.0,,382,,,,,,,,
2.9232707490000394,0.0014525613452214259,0.019287109375,0.3920203025142352,0.0,0.0018075,4.0,0.04249999999999998,0.016293891724975158,0.1443362794816494,-0.0030477428420757255,2.6071932097693207e-06,2.4923891809673173e-06,47067.380000000005,1.0,45878.065625,7.717961007317399e-06,657.3744889972229,2816.0,1.0,,383,,,,,,,,
2.9316696779997073,0.0014273480043236475,0.013834635416666666,0.44969581191738445,0.0,0.0017600000000000011,4.0,0.040000000000000036,0.015954784605128225,0.14858583236734071,-0.006270477470631401,3.5868254618283877e-06,3.2478694909817327e-06,47106.99600000001,1.0,45877.633499999996,7.717961007317399e-06,621.0621899828151,2816.0,1.0,,384,,,,,,,,
2.898366460000034,0.0007441415938528687,0.006754557291666667,0.3668742912511031,0.0,0.0017124999999999987,4.0,0.03749999999999998,0.016896899013469618,0.1452519620458285,-0.0011991122155450284,1.811467422877892e-06,1.7193326537305136e-06,47083.46799999999,1.0,45904.1686875,7.717961007317399e-06,581.9170202252019,2816.0,1.0,,385,,,,,,,,
2.8980209569999715,0.001485608093813558,0.014811197916666666,0.4070146257678668,0.0,0.0016649999999999998,4.0,0.03500000000000003,0.022728107146879967,0.14503936904172102,0.002617404175301393,2.470785896472686e-06,2.4288739931913974e-06,47065.195999999996,1.0,45884.5610625,7.717961007317399e-06,574.6166958443864,2816.0,1.0,,386,,,,,,,,
2.90641894700002,0.0009084549637146111,0.01123046875,0.4238765748838584,0.0,0.0016175000000000009,4.0,0.03249999999999997,0.02186564134899527,0.14590089954435825,0.0009063687175512314,2.596845935916766e-06,2.3556993464050415e-06,47041.788,1.0,45898.254812499996,7.717961007317399e-06,650.9499038031577,2816.0,1.0,,387,,,,,,,,
3.0372571079997215,0.002318775964442151,0.02294921875,0.3659393936395645,0.0,0.001570000000000002,4.0,0.030000000000000027,0.014898665865378765,0.14134673091272512,-0.0031773943143586316,1.7196322138109583e-06,1.6647306892991764e-06,47085.42,1.0,45883.0004375,7.717961007317399e-06,572.0897299052467,2816.0,1.0,,388,,,,,,,,
2.9317199329998402,0.0007312699478217629,0.007975260416666666,0.3979071353872617,0.0,0.0015224999999999995,4.0,0.02749999999999997,0.020960929730790667,0.14535328870018324,0.001285175986898442,3.1305274130014973e-06,2.7655659380343423e-06,47056.576,1.0,45867.1146875,7.717961007317399e-06,646.8073464920047,2816.0,1.0,,389,,,,,,,,
3.148237438000251,0.0011100122854325416,0.0107421875,0.4248313307762146,0.0,0.0014750000000000006,4.0,0.025000000000000022,0.019889733812306076,0.14719170207778612,-0.0011369428442170222,4.034136812454865e-06,3.6285509755392318e-06,47093.18,1.0,45892.72793749999,7.717961007317399e-06,711.7435946007843,2816.0,1.0,0.3407596945762634,390,,,,,,,,
2.918931754999903,0.0005774398835421598,0.0035807291666666665,0.36304831380645436,0.0,0.0014275000000000017,4.0,0.022499999999999964,0.01353151366735498,0.1430447120219469,-0.00441787908008943,2.0451866807510064e-06,1.93732661557533e-06,47113.196,1.0,45934.649,7.717961007317399e-06,630.8044699405666,2816.0,1.0,,391,,,,,,,,
2.917867811999713,0.0011909811398602699,0.011311848958333334,0.38234106451272964,0.0,0.0013800000000000028,4.0,0.020000000000000018,0.017533036530949175,0.14309887991597256,-0.00138791047114258,2.3369788048436626e-06,2.2728933686266828e-06,47072.472,1.0,45907.107375,7.717961007317399e-06,635.000284803171,2816.0,1.0,,392,,,,,,,,
2.8918146519999937,0.0004337398881754477,0.0027669270833333335,0.40626266598701477,0.0,0.0013325000000000004,4.0,0.01749999999999996,0.0224358052170525,0.1394553743302822,0.002306667505763471,3.390298881337609e-06,2.980481231891948e-06,47130.668,1.0,45930.2816875,7.717961007317399e-06,699.3667848070872,2816.0,1.0,,393,,,,,,,,
2.873381350999807,0.001370144550262668,0.01513671875,0.3426866754889488,0.0,0.0012850000000000014,4.0,0.015000000000000013,0.014301361124428999,0.13812039078523716,-0.0026563194502765932,1.4490942182495321e-06,1.3713989896283845e-06,47052.200000000004,1.0,45955.8138125,7.717961007317399e-06,572.6901513994842,2816.0,1.0,,394,,,,,,,,
2.9748216319994754,0.0015145146946193104,0.017578125,0.3612619998554389,0.0,0.001237499999999999,4.0,0.012499999999999956,0.014365514279537214,0.14203407180806002,-0.0035228018338481584,1.7400162969731052e-06,1.6175170856058685e-06,47063.664000000004,1.0,45891.87975,7.717961007317399e-06,614.3891540944841,2816.0,1.0,,395,,,,,,,,
2.879398265999953,0.0016258605196307248,0.021240234375,0.3954171861211459,0.0,0.00119,4.0,0.010000000000000009,0.01870438051992096,0.1407582095513741,-0.0009007678600028157,3.2578501532043447e-06,2.9301774399452065e-06,47124.252,1.0,45858.9140625,7.717961007317399e-06,679.0467179933172,2816.0,1.0,,396,,,,,,,,
2.9044068920002246,0.002544051371078678,0.028483072916666668,0.36146177103122074,0.0,0.0011425000000000012,4.0,0.007499999999999951,0.018689186923438683,0.1386376762141784,0.0007728684383134047,2.816833566991287e-06,2.682425398840375e-06,47159.58000000001,1.0,45864.1000625,7.717961007317399e-06,627.7291402904171,2816.0,1.0,,397,,,,,,,,
2.9495882519995575,0.0011816453316576176,0.0126953125,0.3725940076013406,0.0,0.0010950000000000022,4.0,0.0050000000000000044,0.018928971156128682,0.13721633205811182,0.000448298795769612,2.1241639795258984e-06,2.0222752018147125e-06,47103.368,1.0,45905.669125,7.717961007317399e-06,659.0620443006366,2816.0,1.0,,398,,,,,,,,
2.900942170000235,0.0006284581273883205,0.006022135416666667,0.3655664213001728,0.0,0.0010474999999999998,4.0,0.0024999999999999467,0.016331042289190616,0.13632504610965648,-0.0018057382743184764,2.1821284311348186e-06,2.0829388347465283e-06,47065.935999999994,1.0,45916.908500000005,7.717961007317399e-06,633.4615148134496,2816.0,1.0,,399,,,,,,,,
3.1457835640003395,0.0015591363064508812,0.016927083333333332,0.3809461009999116,0.0,0.0010000000000000009,4.0,0.0,0.022875540889799595,0.13657003020246825,0.003963294710653524,2.7433355664167416e-06,2.4728594780754065e-06,47129.9,1.0,45843.361625000005,7.717961007317399e-06,634.284378854516,2816.0,1.0,0.3327312469482422,400,47171.89200000001,47172.39200000001,47061.736,70000042,46918.63626666666,best_of_k,47172.39200000001,206.2944214257767
