elapsed_seconds,optimization_approximate_kl,optimization_clip_fraction,optimization_count_loss,optimization_early_kl_stop,optimization_entropy_coefficient,optimization_epochs_completed,optimization_learning_rate_fraction,optimization_loss,optimization_normalized_entropy,optimization_policy_loss,optimization_q_loss,optimization_value_loss,rollout_best_objective,rollout_feasible_rate,rollout_mean_objective,rollout_reward_scale,rollout_std_objective,rollout_transitions,rollout_vectorized_rollouts,self_imitation_loss,update,validation_archive_best_objective,validation_best_of_k_objective,validation_deterministic_objective,validation_fixed_validation_seed,validation_mean_stochastic_objective,validation_selection_metric,validation_selection_objective,validation_std_stochastic_objective
13.038348152998879,0.008462816954609783,0.076904296875,0.0,0.0,0.0199525,4.0,0.9975,-0.012336918754347911,0.7862204561630884,-0.0004201266565360129,0.015169554790721426,0.0045066325352915255,360006.772,1.0,285703.25017578126,1.12176296559331e-07,29452.962006700687,5760.0,1.0,,1,360006.772,399668.2575,0.0,70000042,319861.630775,best_of_k,399668.2575,40589.63874216823
13.176027701001658,0.007489652290435818,0.057820638020833336,0.0,0.0,0.019905,4.0,0.995,-0.01666650816332549,0.7879988414545854,-0.0010165517839292686,7.561474728845496e-05,5.519929389189807e-05,396750.15725,1.0,317898.43718749995,1.12176296559331e-07,40221.060187319956,5760.0,1.0,,2,,,,,,,,
13.112921884998286,0.007623664758284576,0.1136474609375,0.0,0.0,0.0198575,4.0,0.9925,-0.022065168634677928,0.7837923889358839,-0.0065071800878892345,2.836279899535536e-05,6.665786221068022e-06,408076.7815,1.0,328040.8866484375,1.12176296559331e-07,31455.444669355606,5760.0,1.0,,3,,,,,,,,
13.010801288999573,0.006520395353921534,0.07999674479166667,0.0,0.0,0.01981,4.0,0.99,-0.020273827423807234,0.7654456545909246,-0.005116078158607706,2.2572284080979443e-05,6.944845495127083e-06,457015.37475,1.0,370183.9215429687,1.12176296559331e-07,38398.62172082453,5760.0,1.0,,4,,,,,,,,
12.995917288999408,0.0054976455818784116,0.074462890625,0.0,0.0,0.0197625,4.0,0.9875,-0.024721203759933513,0.7540199781457583,-0.009825688098014021,2.0541381691903855e-05,7.499250206895643e-06,486446.403,1.0,408428.18880468747,1.12176296559331e-07,38159.08710895897,5760.0,1.0,,5,,,,,,,,
13.098755892000554,0.006578236798911045,0.09065755208333333,0.0,0.0,0.019715,4.0,0.985,-0.01975520737081145,0.7387629821896553,-0.005194010174212356,1.432063064991477e-05,4.165846585616843e-06,502863.5740000001,1.0,436638.2171601563,1.12176296559331e-07,27761.138230532026,5760.0,1.0,,6,,,,,,,,
13.089533384998504,0.006619488609430846,0.08687337239583333,0.0,0.0,0.0196675,4.0,0.9825,-0.026002307849315304,0.7078463273743788,-0.012085004961894205,1.9248921679112147e-05,4.680337151323026e-06,527633.4675,1.0,466887.19359375,1.12176296559331e-07,27672.558054742116,5760.0,1.0,,7,,,,,,,,
13.086396349999632,0.007190077395838064,0.098876953125,0.0,0.0,0.019620000000000002,4.0,0.98,-0.020307083691780765,0.6853421268363794,-0.006864419439807534,1.5930315877691708e-05,4.31055473863277e-06,553006.2180000001,1.0,489042.35497265623,1.12176296559331e-07,29290.29223819495,5760.0,1.0,,8,,,,,,,,
13.153449011999328,0.0075820116107934155,0.09871419270833333,0.0,0.0,0.0195725,4.0,0.9775,-0.024211598521408934,0.6658429962893327,-0.011182693580243116,1.4306472754318142e-05,3.7539420153128353e-06,552247.87875,1.0,508551.7338398437,1.12176296559331e-07,23454.045677158465,5760.0,1.0,,9,,,,,,,,
13.088127856999563,0.007375374349066988,0.09110514322916667,0.0,0.0,0.019525,4.0,0.975,-0.013237351415834079,0.656144325931867,-0.00044378098876525957,0.00014763864233676335,5.7689103414304554e-06,577020.30375,1.0,536532.1249687499,1.12176296559331e-07,21623.751944662334,5760.0,1.0,,10,,,,,,,,
13.218057490999854,0.008318424176347131,0.11393229166666667,0.0,0.0,0.019477500000000002,4.0,0.9725,-0.016816227716238547,0.6330233253538609,-0.0045770944270771,0.0008382687933021771,1.3503555597556746e-05,591685.99325,1.0,549070.6883945313,1.12176296559331e-07,18254.50588102957,5760.0,1.0,,11,,,,,,,,
13.1280760189984,0.006861383143890028,0.08439127604166667,0.0,0.0,0.01943,4.0,0.97,-0.01747567706236926,0.6359587001303831,-0.005125220719492063,4.609277740996731e-05,3.224493899741295e-06,601117.4627500001,1.0,552946.7848554688,1.12176296559331e-07,18756.099884502055,5760.0,1.0,,12,,,,,,,,
13.098595801000556,0.008846906401837865,0.1129150390625,0.0,0.0,0.0193825,4.0,0.9675,-0.01573759171878919,0.6097423980633417,-0.003921094340815519,8.305043015373789e-06,2.007134630351478e-06,603004.7535,1.0,571445.98628125,1.12176296559331e-07,16201.627354816952,5760.0,1.0,,13,,,,,,,,
13.10655617500015,0.00711333153352219,0.09041341145833333,0.0,0.0,0.019335,4.0,0.965,-0.016582624026341364,0.6067297694583734,-0.004853328146661322,6.420188924494141e-06,2.364702443931795e-06,623877.4720000001,1.0,584985.0785039063,1.12176296559331e-07,16147.751038914828,5760.0,1.0,,14,,,,,,,,
13.106631212000138,0.007670915683168762,0.08968098958333333,0.0,0.0,0.0192875,4.0,0.9625,-0.0110810997915299,0.5673246992131075,-0.00014066354682048163,6.650552573243355e-06,2.3485194683795876e-06,624311.653,1.0,593888.1826679688,1.12176296559331e-07,15350.792224953288,5760.0,1.0,,15,,,,,,,,
13.053079347000676,0.008018109797073217,0.10489908854166667,0.0,0.0,0.01924,4.0,0.96,-0.011408519096827755,0.5590963214635849,-0.0006540551451810946,1.1445586020878787e-05,2.8070135845344644e-06,633836.604,1.0,605770.4037109376,1.12176296559331e-07,12339.384039237308,5760.0,1.0,,16,,,,,,,,
13.118051123999976,0.009992697855826313,0.128173828125,0.0,0.0,0.0191925,4.0,0.9575,-0.00729439890710637,0.5634508120516936,0.0035062966926489025,0.00011794389043492022,3.0783706866562475e-06,630836.7267499999,1.0,609915.7926523437,1.12176296559331e-07,13327.134337557325,5760.0,1.0,,17,,,,,,,,
13.138732548000917,0.00761319174732004,0.09830729166666667,0.0,0.0,0.019145,4.0,0.955,-0.015024574686928341,0.5531210402647654,-0.004485212538080911,0.0004609891651530991,8.082470988786858e-06,646955.44475,1.0,613125.2325351562,1.12176296559331e-07,12520.387960850629,5760.0,1.0,,18,,,,,,,,
13.2568918270008,0.006697811882380241,0.07963053385416667,0.0,0.0,0.0190975,4.0,0.9525,-0.007025971057980011,0.5386643583575884,0.003206194106799861,0.000502890213037214,9.375034977665564e-06,637567.0769999999,1.0,621100.94965625,1.12176296559331e-07,10231.738652071263,5760.0,1.0,,19,,,,,,,,
13.172998404999817,0.008994344932337603,0.09932454427083333,0.0,0.0,0.01905,4.0,0.95,-0.018232043861644343,0.516739229982098,-0.008561143738916144,0.001488370670661728,4.828973355586186e-05,649080.837,1.0,626763.7141132812,1.12176296559331e-07,11561.914899143847,5760.0,1.0,,20,649080.837,652413.12125,655273.278,70000042,632797.4714916666,best_of_k,652413.12125,9600.72058122031
13.195986305998304,0.012903154560869249,0.14860026041666666,0.0,1.0,0.019002500000000002,4.0,0.9475,-0.008071450749412179,0.4956381755570571,0.0012074022379238158,0.0010339845566515276,7.222703990332018e-05,646532.79525,1.0,632690.2198203125,1.12176296559331e-07,7395.5430738938585,5760.0,1.0,,21,,,,,,,,
13.145983608001188,0.0074019239012462395,0.09342447916666667,0.0,0.0,0.018955,4.0,0.945,-0.010898298351094127,0.48609256868561107,-0.0016873643811171253,1.5277883221642696e-05,2.8455830095216092e-06,657359.4479999999,1.0,642701.9355546874,1.12176296559331e-07,6861.16099588849,5760.0,1.0,,22,,,,,,,,
10.988132358999792,0.015776279557030648,0.18115234375,0.0,1.0,0.0189075,2.0,0.9425,-0.0057385317437971635,0.46415062497059506,0.003036560374312103,3.186822709722037e-06,1.034731518245735e-06,656551.753,1.0,642640.5519843751,1.12176296559331e-07,7321.237566611064,5760.0,1.0,,23,,,,,,,,
13.304057577001004,0.006792984844651073,0.0784912109375,0.0,0.0,0.018860000000000002,4.0,0.94,-0.0075791809358634055,0.46097235567867756,0.0011137957335449755,3.976079900288217e-06,1.1286365335649862e-06,658066.7770000001,1.0,646024.2133085937,1.12176296559331e-07,6778.7286368670875,5760.0,1.0,,24,,,,,,,,
13.048225996000838,0.005296461963249992,0.06648763020833333,0.0,0.0,0.0188125,4.0,0.9375,-0.007314806406308587,0.43637669396897155,0.0008918699071121713,2.110416591468341e-05,1.0994079702915844e-06,661322.2899999999,1.0,649246.4175898437,1.12176296559331e-07,5081.496956659511,5760.0,1.0,,25,,,,,,,,
13.161455043000387,0.00848615686360669,0.106201171875,0.0,0.0,0.018765,4.0,0.935,-0.013892379637885218,0.4330499426772197,-0.005767143719519178,4.7419425754924305e-06,9.444512312957917e-07,661827.884,1.0,652365.36059375,1.12176296559331e-07,5597.092131883884,5760.0,1.0,,26,,,,,,,,
13.219022072998996,0.006420480378437787,0.07584635416666667,0.0,0.0,0.0187175,4.0,0.9325,-0.007697434019064531,0.4271951137731473,0.0002955532690975815,1.6492507981524795e-05,2.7751915835002214e-06,662827.8927499999,1.0,651708.77215625,1.12176296559331e-07,5531.745812387133,5760.0,1.0,,27,,,,,,,,
13.067828737999662,0.007484413229879768,0.09183756510416667,0.0,0.0,0.01867,4.0,0.9299999999999999,-0.004950117290718481,0.4207808294643958,0.0029045921789171794,6.614091458819378e-06,1.2144835347764153e-06,664374.7455000001,1.0,653515.7970546875,1.12176296559331e-07,5813.06122227792,5760.0,1.0,,28,,,,,,,,
13.13571922600022,0.006218921560503077,0.074462890625,0.0,0.0,0.0186225,4.0,0.9275,-0.0029293036980864904,0.40634988248348236,0.004604784907617916,0.00021298288862681147,2.3728232568724177e-05,665687.4602500001,1.0,654479.7252890626,1.12176296559331e-07,5258.60757521641,5760.0,1.0,,29,,,,,,,,
12.947326097000769,0.007714242480384807,0.08784993489583333,0.0,0.0,0.018575,4.0,0.925,-0.0037268134280263134,0.3967192570368449,0.0034610853278233358,0.001183659459646454,0.0001255901019080833,665816.11925,1.0,656171.5757734375,1.12176296559331e-07,4846.759000570706,5760.0,1.0,,30,,,,,,,,
13.044443361999583,0.005883151507684185,0.06551106770833333,0.0,0.0,0.018527500000000002,4.0,0.9225,-0.006303874484729022,0.3880408064772685,0.0008758079687443873,6.430897941337814e-05,6.626361563159359e-06,665456.8180000001,1.0,656630.1318164063,1.12176296559331e-07,4224.18879832076,5760.0,1.0,,31,,,,,,,,
12.960754071000338,0.011449747359923398,0.1424560546875,0.0,0.0,0.01848,4.0,0.92,0.004502707335632294,0.39775672120352584,0.011847765767015517,2.9176553894671997e-05,5.135898936951359e-06,668305.34225,1.0,657873.2776835938,1.12176296559331e-07,4224.009748122247,5760.0,1.0,,32,,,,,,,,
13.149243558000308,0.011369762476533651,0.13533528645833334,0.0,0.0,0.0184325,4.0,0.9175,0.0036642276002870253,0.39013694661358994,0.010854680537401388,3.611097727211169e-06,7.700931992834134e-07,665256.7327500001,1.0,657484.9624453125,1.12176296559331e-07,4964.3731698862985,5760.0,1.0,,33,,,,,,,,
12.98232139600077,0.004920317366971479,0.050821940104166664,0.0,0.0,0.018385,4.0,0.915,-0.007283350268456464,0.36847350125511485,-0.0005094675968090693,2.2753774994536493e-06,5.515417669244016e-07,666855.1565,1.0,656992.8315507813,1.12176296559331e-07,4888.885812137933,5760.0,1.0,,34,,,,,,,,
12.952192556998853,0.007624343927697434,0.09672037760416667,0.0,0.0,0.0183375,4.0,0.9125,-0.006350637544528581,0.37075317837297916,0.0004476992374596496,1.4520520963401395e-06,4.082712834474478e-07,668357.82525,1.0,659819.7379609375,1.12176296559331e-07,3823.828168898477,5760.0,1.0,,35,,,,,,,,
13.022061028999815,0.009822429553120552,0.12333170572916667,0.0,0.0,0.01829,4.0,0.91,-0.007743196474621072,0.3574911958227555,-0.0012049695166448753,1.3183257128919952e-06,3.103922393184651e-07,668087.2937500001,1.0,660520.2461132812,1.12176296559331e-07,3986.6418534547297,5760.0,1.0,,36,,,,,,,,
13.074198641001203,0.006644790327603308,0.07938639322916667,0.0,0.0,0.018242500000000002,4.0,0.9075,-0.004181657937200119,0.3589634833236535,0.002365686115808785,3.950611057253657e-06,1.3041066271313184e-06,667131.8995,1.0,662029.2927695313,1.12176296559331e-07,3078.01405921221,5760.0,1.0,,37,,,,,,,,
12.954981830998804,0.009720648626777498,0.11726888020833333,0.0,0.0,0.018195,4.0,0.905,-0.005738075609163691,0.34656649952133495,0.0005671237595379353,3.687576092185433e-06,4.183460292258208e-07,670524.25,1.0,662268.0557929687,1.12176296559331e-07,4135.074127743753,5760.0,1.0,,38,,,,,,,,
12.938231203999749,0.008565291330645172,0.11405436197916667,0.0,0.0,0.0181475,4.0,0.9025,-0.0023219412153897188,0.34240159454445046,0.0038911704517280063,3.3848604298706655e-06,5.651674849597536e-07,670615.3262499999,1.0,663660.3953359375,1.12176296559331e-07,2916.424399862356,5760.0,1.0,,39,,,,,,,,
12.913432623001427,0.00606517155150262,0.07442220052083333,0.0,0.0,0.0181,4.0,0.9,-0.0031423231751735634,0.33418262749910355,0.0029052900208625942,8.42033216249168e-06,5.012634911594205e-07,669649.3430000001,1.0,664657.3053046875,1.12176296559331e-07,2610.1502800980347,5760.0,1.0,,40,670615.3262499999,670081.88,669585.2735,70000042,665000.9637416668,best_of_k,670081.88,3081.403766908314
12.94225779199951,0.008623381319921464,0.10319010416666667,0.0,0.0,0.0180525,4.0,0.8975,-0.0012539529319231708,0.3331464088211457,0.0047587662120349705,7.277826144994985e-06,1.357095195923345e-06,672829.2675000001,1.0,664842.994265625,1.12176296559331e-07,3157.366987500611,5760.0,1.0,,41,,,,,,,,
12.95644250999976,0.008390777254438339,0.10135904947916667,0.0,0.0,0.018005,4.0,0.895,-0.004039922321680933,0.32600552774965763,0.0018285105955631782,7.91256714668028e-06,1.0109832947099069e-06,671332.3345000001,1.0,664789.8277773438,1.12176296559331e-07,2949.4399403359607,5760.0,1.0,,42,,,,,,,,
13.034106238999811,0.006829572050871017,0.08463541666666667,0.0,0.0,0.0179575,4.0,0.8925,0.00011592778416040043,0.33299255060652894,0.006095193724225585,2.2973391544667265e-06,4.352841651567019e-07,671024.80625,1.0,665963.7918203125,1.12176296559331e-07,2307.985612257399,5760.0,1.0,,43,,,,,,,,
13.32186594400082,0.007852575179034224,0.08846028645833333,0.0,0.0,0.017910000000000002,4.0,0.89,-0.00010604805235440533,0.3419584489117066,0.006018171339140584,9.897574351214189e-07,3.1505517987066395e-07,671118.5722500001,1.0,665056.6682773439,1.12176296559331e-07,3718.129824561419,5760.0,1.0,,44,,,,,,,,
13.03076189499916,0.006738462727904941,0.08186848958333333,0.0,0.0,0.0178625,4.0,0.8875,-0.0029207542344617345,0.33533849318822223,0.0030689672275912017,1.2064438775401716e-06,2.8456566406968403e-07,672020.8377500001,1.0,665118.9417421876,1.12176296559331e-07,2868.0982316647137,5760.0,1.0,,45,,,,,,,,
10.846404289999555,0.02325034077997164,0.19718424479166666,0.0,1.0,0.017815,2.0,0.885,0.005085197510197759,0.320526131739219,0.010794032947160304,1.1988686746159752e-05,2.776308948663579e-07,672084.1287500001,1.0,666279.1766171874,1.12176296559331e-07,3312.829537454506,5760.0,1.0,,46,,,,,,,,
12.835933121999915,0.01073054608180731,0.125244140625,0.0,0.0,0.017767500000000002,4.0,0.8825000000000001,-0.0015072687674546614,0.33730537444353104,0.00448529530937473,3.4108685049716314e-06,3.3579853978930413e-07,672979.60375,1.0,665471.77853125,1.12176296559331e-07,3369.471002243506,5760.0,1.0,,47,,,,,,,,
12.993591800999639,0.011607236025156453,0.12548828125,0.0,1.0,0.01772,4.0,0.88,0.004474743613779235,0.3430062128851811,0.01055245021901404,1.6918712582025819e-06,3.8885268160981923e-07,670451.22,1.0,663977.9995976563,1.12176296559331e-07,3468.6580463116456,5760.0,1.0,,48,,,,,,,,
13.201628693001112,0.007522231770659952,0.09745279947916667,0.0,0.0,0.0176725,4.0,0.8775,-0.002134683027785892,0.34039495637019473,0.0034839167298438647,0.0027340833104799365,0.00024724382467944395,671455.1990000001,1.0,664434.914078125,1.12176296559331e-07,3380.396853203141,5760.0,1.0,,49,,,,,,,,
13.344888411998909,0.009211406138395736,0.10257975260416667,0.0,0.0,0.017625000000000002,4.0,0.875,-0.0017488924301384638,0.32999865896999836,0.0033332403982058167,0.004205033842955193,0.0006271800670750357,670516.3272500001,1.0,664165.6497304688,1.12176296559331e-07,3654.3931660270505,5760.0,1.0,,50,,,,,,,,
12.151241841000228,0.015622913100135824,0.15934244791666666,0.0,1.0,0.0175775,3.0,0.8725,-9.395452474968301e-05,0.3131830170750618,0.005278876297072404,0.00018907948146483654,0.00022647096216132923,672009.65775,1.0,665647.3770390626,1.12176296559331e-07,2997.380074495132,5760.0,1.0,,51,,,,,,,,
13.328309466000064,0.006427594341706329,0.07755533854166667,0.0,0.0,0.01753,4.0,0.87,-0.002109712358408918,0.3144284226000309,0.0033554239004539945,9.14861538679664e-05,7.52903790607699e-05,671605.14475,1.0,664389.7609999999,1.12176296559331e-07,3276.8763041993593,5760.0,1.0,,52,,,,,,,,
13.162623647000146,0.00951321592341022,0.1090087890625,0.0,0.0,0.0174825,4.0,0.8674999999999999,-0.011360880210607624,0.30405750311911106,-0.006048839345263938,6.909098236936491e-06,5.906670651256718e-06,669532.5965000001,1.0,663907.2519765624,1.12176296559331e-07,3539.0714612192946,5760.0,1.0,,53,,,,,,,,
13.198010730000533,0.006958258816060455,0.091552734375,0.0,0.0,0.017435,4.0,0.865,-0.0010460434859851375,0.3132850682983796,0.004415532341226935,2.032900987103403e-06,6.918900824122906e-07,673754.5634999999,1.0,664324.9876132814,1.12176296559331e-07,3487.8565074056924,5760.0,1.0,,54,,,,,,,,
13.119312992001142,0.008103320331429131,0.09513346354166667,0.0,0.0,0.0173875,4.0,0.8625,0.0002078091201838106,0.31738921503225964,0.005725964389663811,1.7873491889493682e-06,5.405030272243039e-07,669652.104,1.0,663449.9013867187,1.12176296559331e-07,3855.6881698744833,5760.0,1.0,,55,,,,,,,,
13.045451570000296,0.006447515469820549,0.07600911458333333,0.0,0.0,0.01734,4.0,0.86,-0.010641385393682867,0.3162236555169026,-0.005158473950965951,2.109890338886089e-06,3.927671391087036e-07,673239.5012500001,1.0,665559.6848632812,1.12176296559331e-07,3260.871969088262,5760.0,1.0,,56,,,,,,,,
13.201974266001343,0.010310402957353896,0.12247721354166667,0.0,0.0,0.017292500000000002,4.0,0.8575,0.004208490039066722,0.3130598124116659,0.009621767598825196,1.3585195996294412e-06,3.458094326447281e-07,671708.94825,1.0,665823.117875,1.12176296559331e-07,2444.789366885198,5760.0,1.0,,57,,,,,,,,
13.137448740999389,0.005858153070827636,0.06953938802083333,0.0,0.0,0.017245,4.0,0.855,-0.006687252384532864,0.32256879347066086,-0.001124886116789033,1.3489191488247343e-06,3.9530487209541815e-07,670660.93325,1.0,663940.036734375,1.12176296559331e-07,3467.789468801954,5760.0,1.0,,58,,,,,,,,
13.323583897999924,0.009410231131672239,0.10347493489583333,0.0,0.0,0.0171975,4.0,0.8525,0.0003959447009644161,0.3260245242466529,0.00600245480503266,1.1908446992947574e-06,3.564057256729332e-07,671238.7490000001,1.0,664437.7485039063,1.12176296559331e-07,3077.6624409449632,5760.0,1.0,,59,,,,,,,,
13.098914662001334,0.005858573116711341,0.0777587890625,0.0,0.0,0.017150000000000002,4.0,0.85,-0.00413664584630169,0.3130671754479408,0.0012321956164669245,1.0637370972214437e-06,3.0847362442187887e-07,672298.238,1.0,666806.5644335938,1.12176296559331e-07,2865.3997180797505,5760.0,1.0,,60,673754.5634999999,673330.7394999999,672343.77375,70000042,666917.3902916667,best_of_k,673330.7394999999,4377.892520760644
13.286710000000312,0.00891546297983344,0.10904947916666667,0.0,0.0,0.0171025,4.0,0.8475,-0.00841939433303196,0.2997363557418187,-0.003293411030123631,1.0554912511414234e-06,3.0357107820104073e-07,673614.5162500001,1.0,667548.1337304688,1.12176296559331e-07,3396.3707465790126,5760.0,1.0,,61,,,,,,,,
13.10977438899863,0.009039111709474431,0.10416666666666667,0.0,0.0,0.017055,4.0,0.845,-0.0015231811557896435,0.2992951689908902,0.003580642689485103,5.340953090164173e-06,2.423894717532941e-07,673647.086,1.0,669263.1150820313,1.12176296559331e-07,2121.034548646463,5760.0,1.0,,62,,,,,,,,
13.10436255499917,0.005872021089696015,0.0716552734375,0.0,0.0,0.017007500000000002,4.0,0.8425,-0.0046509784103060765,0.30164245578149956,0.0004723633367878695,6.70868431621822e-05,2.6681948472884187e-07,673846.942,1.0,668615.3882265625,1.12176296559331e-07,3036.7083487358013,5760.0,1.0,,63,,,,,,,,
13.178785547999723,0.011643359175650403,0.13846842447916666,0.0,0.0,0.01696,4.0,0.84,0.0030377884880484394,0.28591055143624544,0.007784871898669128,0.0010149791275277191,9.229844157114068e-07,674998.26775,1.0,668893.9826523438,1.12176296559331e-07,2582.4539259587523,5760.0,1.0,,64,,,,,,,,
10.983238934999463,0.01854406930215191,0.18017578125,0.0,1.0,0.0169125,2.0,0.8375,0.013662136101629585,0.27914316455523175,0.018218467904565234,0.0016359768010261178,2.1587889437550225e-06,674214.20675,1.0,669739.5992460938,1.12176296559331e-07,2127.7895239922896,5760.0,1.0,,65,,,,,,,,
13.046494183001414,0.006867226256872527,0.07930501302083333,0.0,0.0,0.016865,4.0,0.835,-0.006595840755229195,0.27341819492479164,-0.002034109599965935,0.000481130523127149,2.7069175677259714e-06,673810.5237499999,1.0,670876.1536289062,1.12176296559331e-07,2022.6356130245272,5760.0,1.0,,66,,,,,,,,
13.006328241001029,0.012754025075992104,0.13578287760416666,0.0,0.0,0.0168175,4.0,0.8325,0.0013223658558369304,0.2792564096550147,0.006016500430026402,1.858659195382491e-05,8.029715869994902e-07,674111.4365000001,1.0,670362.640359375,1.12176296559331e-07,1965.8455858778448,5760.0,1.0,,67,,,,,,,,
13.061580215999129,0.00611004125191054,0.08158365885416667,0.0,0.0,0.01677,4.0,0.83,-0.00226116155681666,0.2749176745613416,0.002347445144550875,1.4686453816636913e-05,5.876521595264231e-07,674247.35375,1.0,670266.8001054688,1.12176296559331e-07,1919.5770972475702,5760.0,1.0,,68,,,,,,,,
13.038354636000804,0.007610155298607424,0.093505859375,0.0,0.0,0.0167225,4.0,0.8275,-0.002815259043321324,0.27893464857091504,0.0018488905237366755,2.18163605107217e-06,2.3389715704998557e-07,673866.2992499999,1.0,669973.7367148437,1.12176296559331e-07,2373.254207619071,5760.0,1.0,,69,,,,,,,,
13.022248552999372,0.006952276802621782,0.09130859375,0.0,0.0,0.016675000000000002,4.0,0.825,-0.005817241816354605,0.2828867305070162,-0.0011007729335688055,4.991989960956289e-06,3.36048940082397e-07,674701.8770000001,1.0,670259.5643242188,1.12176296559331e-07,2111.9044950822326,5760.0,1.0,,70,,,,,,,,
13.102923951000776,0.00632408482003181,0.0823974609375,0.0,0.0,0.0166275,4.0,0.8225,-0.0011762869253288954,0.28317332081496716,0.0035307395834630975,1.1801325300098142e-05,5.154142733350872e-07,675043.2572500001,1.0,669796.4398984376,1.12176296559331e-07,2065.7134252706,5760.0,1.0,,71,,,,,,,,
13.160035729999436,0.007872536252155745,0.09944661458333333,0.0,0.0,0.01658,4.0,0.8200000000000001,-0.003326968192898979,0.2739904758830865,0.0012151499298245956,4.862937273012828e-06,3.1459034843805966e-07,674138.9505,1.0,669978.8066875001,1.12176296559331e-07,2449.514060889254,5760.0,1.0,,72,,,,,,,,
13.04400750899913,0.008456869055711044,0.10233561197916667,0.0,0.0,0.016532500000000002,4.0,0.8175,-0.005126830719139737,0.28367050488789874,-0.0004386493916778515,1.2090645200875846e-05,7.845239838507231e-07,674823.61525,1.0,669538.8086054688,1.12176296559331e-07,2970.2438242276785,5760.0,1.0,,73,,,,,,,,
13.155497486000968,0.007209880561276805,0.08793131510416667,0.0,0.0,0.016485,4.0,0.815,-0.0035698554614403597,0.27196473628282547,0.0009021842076132695,9.624664261072742e-05,3.3488723030217216e-06,675325.8169999999,1.0,670696.2253164062,1.12176296559331e-07,2178.155710569961,5760.0,1.0,,74,,,,,,,,
12.975140865999492,0.013496348976332229,0.15559895833333334,0.0,0.0,0.0164375,4.0,0.8125,0.003172585740685463,0.2572679566219449,0.007401024592885126,2.8702045777132903e-06,2.3179462231108042e-07,674466.654,1.0,671204.8999257813,1.12176296559331e-07,1919.106894704289,5760.0,1.0,,75,,,,,,,,
13.080326626999522,0.009467464706782872,0.10453287760416667,0.0,1.0,0.016390000000000002,4.0,0.81,-0.0011107301203689228,0.25486712499211234,0.003066360116160164,9.314786630909566e-07,1.781719859058247e-07,674991.325,1.0,670373.9043632813,1.12176296559331e-07,1986.8518811201918,5760.0,1.0,,76,,,,,,,,
13.155488028000036,0.007559059636453942,0.09501139322916667,0.0,0.0,0.0163425,4.0,0.8075,-0.004859662726327467,0.255366625264287,-0.000686660137337943,2.218924220661241e-06,2.079872315855861e-07,675112.35825,1.0,671026.4506289063,1.12176296559331e-07,1934.4537372000793,5760.0,1.0,,77,,,,,,,,
12.993800690999706,0.007231063066380254,0.09440104166666667,0.0,0.0,0.016295,4.0,0.8049999999999999,-0.0021742376896630353,0.25453600597878295,0.0019715043793742857,1.4991272681896817e-05,8.466319669035253e-07,674032.0009999999,1.0,669887.0510468751,1.12176296559331e-07,2895.152611531297,5760.0,1.0,,78,,,,,,,,
13.121327495000514,0.007418593386925447,0.0953369140625,0.0,0.0,0.0162475,4.0,0.8025,-0.003576361535427471,0.25039810345818597,0.0004165739131470521,0.0006866386217012632,1.3486980409519825e-05,675785.141,1.0,670651.4557304687,1.12176296559331e-07,2968.686620756183,5760.0,1.0,,79,,,,,,,,
13.039774812999894,0.007957779591379222,0.0950927734375,0.0,0.0,0.0162,4.0,0.8,-0.00666542778587124,0.26161620145042735,-0.0024386587901972234,6.981897310254226e-05,8.862212706794992e-06,674929.8052500001,1.0,670711.7053085938,1.12176296559331e-07,1713.1509144411016,5760.0,1.0,,80,675785.141,674928.3700000001,673150.0609999999,70000042,670020.9074666665,best_of_k,674928.3700000001,3040.7471209162795
13.233548324998992,0.00969494516660537,0.11039225260416667,0.0,0.0,0.0161525,4.0,0.7975,-0.0009657112677814439,0.2620574204872052,0.0032206879501851895,0.00042797264300749777,7.37227067422926e-06,675206.816,1.0,670402.9866679688,1.12176296559331e-07,2506.79276326556,5760.0,1.0,,81,,,,,,,,
13.034848109999075,0.007006134367353904,0.08736165364583333,0.0,0.0,0.016105,4.0,0.795,-0.0021953952964395285,0.24392317545910677,0.0017056360472148906,0.00025393825780876494,3.915726182412982e-06,675192.395,1.0,670489.7967851562,1.12176296559331e-07,2384.817483153755,5760.0,1.0,,82,,,,,,,,
12.91075742800058,0.007784833028078235,0.09326171875,0.0,0.0,0.016057500000000002,4.0,0.7925,-0.007130926732012692,0.2314986369262139,-0.003414821820721651,9.151976204435641e-06,5.389588653888685e-07,675364.3307500001,1.0,671013.6121953125,1.12176296559331e-07,2181.082737223573,5760.0,1.0,,83,,,,,,,,
12.927578583001377,0.007937523599442406,0.09623209635416667,0.0,0.0,0.01601,4.0,0.79,0.0010493870722712018,0.22473468724638224,0.0046471472693762434,1.543028812278635e-06,1.7629125803608758e-07,674560.6320000001,1.0,671301.4788476563,1.12176296559331e-07,2207.4009362070833,5760.0,1.0,,84,,,,,,,,
13.115538444000777,0.00658528640390917,0.07877604166666667,0.0,0.0,0.0159625,4.0,0.7875,0.0010314324948315818,0.23297847217569748,0.004750095249619335,1.6882069490501788e-06,1.747950397756881e-07,675078.3675,1.0,670772.68278125,1.12176296559331e-07,2120.966776334588,5760.0,1.0,,85,,,,,,,,
13.111718837999433,0.00833087815893426,0.10282389322916667,0.0,0.0,0.015915,4.0,0.785,0.00197874812874943,0.23167400155216455,0.00566565877913187,8.243185766569164e-07,1.9790659126310098e-07,674091.15275,1.0,669754.22071875,1.12176296559331e-07,1975.8772394484888,5760.0,1.0,,86,,,,,,,,
12.974400774999594,0.008412077569422157,0.10701497395833333,0.0,0.0,0.0158675,4.0,0.7825,-0.0019335335091454908,0.24355560323844352,0.0019305176101624966,4.3840240243990065e-06,2.579180143532274e-07,674644.6085000001,1.0,669868.6949453126,1.12176296559331e-07,2489.5051463908108,5760.0,1.0,,87,,,,,,,,
13.048596395999994,0.008617651204986032,0.10038248697916667,0.0,0.0,0.01582,4.0,0.78,-0.0004830787656828761,0.23284827483197054,0.003197194717358798,2.7741910421023402e-05,1.223808131574818e-06,674324.0517500001,1.0,669610.4177148438,1.12176296559331e-07,2143.58860249107,5760.0,1.0,,88,,,,,,,,
13.329677927000375,0.011151771990019673,0.12760416666666666,0.0,0.0,0.015772500000000002,4.0,0.7775,-0.002383435111066016,0.22281081229448318,0.0011304138170089573,3.1633842940692602e-06,2.3516881316372937e-07,674430.8775000001,1.0,670329.1631601562,1.12176296559331e-07,2470.892790190048,5760.0,1.0,,89,,,,,,,,
11.028760819999661,0.016812275658594444,0.15055338541666666,0.0,1.0,0.015725,2.0,0.775,0.006309003122927,0.22347243254383406,0.009822817907358209,9.36710513599337e-07,3.902119818377514e-07,675543.2705,1.0,671695.0808828125,1.12176296559331e-07,1972.7344670378934,5760.0,1.0,,90,,,,,,,,
13.039591634000317,0.011862266898485055,0.12495930989583333,0.0,1.0,0.0156775,4.0,0.7725,0.00042018582704865065,0.23736870381981134,0.004141402547247708,5.601532606647197e-07,1.5047177059912542e-07,673662.0290000001,1.0,669739.2462890625,1.12176296559331e-07,2171.4140886985833,5760.0,1.0,,91,,,,,,,,
13.168420351999885,0.015538326561606178,0.1676025390625,0.0,0.0,0.01563,4.0,0.77,0.008239371187907333,0.2350908179456989,0.011913602453811714,9.864312418746597e-07,2.7928261066752685e-07,673777.775,1.0,669216.2712617188,1.12176296559331e-07,2452.1939117807406,5760.0,1.0,,92,,,,,,,,
13.210855680999884,0.006280487917441254,0.0792236328125,0.0,0.0,0.015582499999999999,4.0,0.7675,-0.005419433230902844,0.2239943640306592,-0.0019291887098612885,4.899150187753776e-07,1.9789038511556592e-07,674491.9087500001,1.0,671359.0897109376,1.12176296559331e-07,1882.4681987075849,5760.0,1.0,,93,,,,,,,,
13.151852514998609,0.015523392006192202,0.15177408854166666,0.0,0.0,0.015535,4.0,0.765,0.003031699583516456,0.21866157681991658,0.006428504401507477,4.2892388959122246e-07,1.1984094605566042e-07,674535.065,1.0,671723.6363867188,1.12176296559331e-07,1646.5134857591197,5760.0,1.0,,94,,,,,,,,
13.11672033799914,0.008026928078227987,0.09501139322916667,0.0,0.0,0.015487500000000001,4.0,0.7625,-0.00031882293114904314,0.22469916505118212,0.003161076126464953,5.784440032149026e-07,1.4293722649938445e-07,674846.161,1.0,671428.5944179688,1.12176296559331e-07,2459.9938919086394,5760.0,1.0,,95,,,,,,,,
13.145084619000045,0.011374379918076253,0.1329345703125,0.0,0.0,0.01544,4.0,0.76,0.006082524526088188,0.22668311838060617,0.009582263824995607,1.4222761492987956e-06,2.117657057117602e-07,674953.1835,1.0,671491.8155078127,1.12176296559331e-07,1663.338869584638,5760.0,1.0,,96,,,,,,,,
13.256879030001073,0.007519148241650934,0.08687337239583333,0.0,0.0,0.0153925,4.0,0.7575000000000001,-0.0017813095085633297,0.22501605687042078,0.0016819872059083234,1.7481510141692524e-06,1.762349531494086e-07,674035.2145000001,1.0,670708.6818437501,1.12176296559331e-07,1964.558355947695,5760.0,1.0,,97,,,,,,,,
13.136426997001763,0.006830232137872372,0.0867919921875,0.0,0.0,0.015345000000000001,4.0,0.755,-0.002592592078144662,0.22615358823289475,0.0008775704676130166,8.797906438928749e-07,1.5237852194853e-07,674763.6029999999,1.0,671272.985640625,1.12176296559331e-07,2018.7140872423236,5760.0,1.0,,98,,,,,,,,
13.223468453999885,0.008618412444775458,0.09908040364583333,0.0,0.0,0.0152975,4.0,0.7525,0.0033200550387846306,0.21951315986613432,0.006677955486035596,3.783196482013788e-07,1.2830629225746293e-07,675488.963,1.0,671272.0323242188,1.12176296559331e-07,2087.888296043807,5760.0,1.0,,99,,,,,,,,
13.200051017000078,0.006888651192033042,0.0830078125,0.0,0.0,0.01525,4.0,0.75,-0.0034628207116232565,0.20981155708432198,-0.0002633269662813594,5.655709169142634e-07,1.518529041770004e-07,675025.3105000001,1.0,671247.2932226562,1.12176296559331e-07,1901.7191270828282,5760.0,1.0,,100,675785.141,674952.0117500001,673536.03575,70000042,672639.7434833334,best_of_k,674952.0117500001,1586.5514104167173
13.300397474999045,0.007604463726844794,0.08524576822916667,0.0,0.0,0.0152025,4.0,0.7475,-0.0002892914296050246,0.20633843851586184,0.0028474383774058274,5.567033962705636e-07,1.4847605248983578e-07,676231.53725,1.0,672011.4022421876,1.12176296559331e-07,2232.637023697109,5760.0,1.0,,101,,,,,,,,
13.202835720998337,0.01054146931952952,0.10567220052083333,0.0,0.0,0.015155,4.0,0.745,0.0006963412743061781,0.20119714022924504,0.0037453833501785994,3.43176837465838e-07,1.3296746385430916e-07,675972.55525,1.0,672195.05090625,1.12176296559331e-07,2246.0111406124975,5760.0,1.0,,102,,,,,,,,
13.131171470000481,0.008089313458185643,0.09501139322916667,0.0,0.0,0.0151075,4.0,0.7424999999999999,0.0014249720503964152,0.20104727738847336,0.0044621938723139465,3.3718196412735324e-07,1.3185179289128732e-07,676032.9632499998,1.0,672208.1403671876,1.12176296559331e-07,2192.7661105907987,5760.0,1.0,,103,,,,,,,,
13.168693916999473,0.006170095679408405,0.07918294270833333,0.0,0.0,0.01506,4.0,0.74,-0.004435055510839447,0.20474455505609512,-0.0013517014449462295,3.0212349363030927e-07,1.3675293993505497e-07,675529.83625,1.0,672266.1558671875,1.12176296559331e-07,2229.7330082921703,5760.0,1.0,,104,,,,,,,,
13.091368635001345,0.010346291157475207,0.09627278645833333,0.0,1.0,0.015012500000000002,4.0,0.7375,0.0008082442654995248,0.19771944421033064,0.003776321478653699,1.1260938202658128e-06,1.4644354144148034e-07,675281.3827499999,1.0,672168.5922578125,1.12176296559331e-07,1891.603759418774,5760.0,1.0,,105,,,,,,,,
10.079968645999543,0.020111356376825523,0.16243489583333334,0.0,1.0,0.014965,1.0,0.735,-0.0003019545595937719,0.19379324341813722,0.002597982839991649,8.427910837364531e-07,1.8833395050895282e-07,675747.9820000001,1.0,673074.4373984375,1.12176296559331e-07,1824.8162559426123,5760.0,1.0,,106,,,,,,,,
13.162862442000915,0.012719277872141296,0.10921223958333333,0.0,1.0,0.0149175,4.0,0.7324999999999999,0.00521071556431707,0.1914379612232248,0.00806621927767992,1.6571778171936558e-06,2.1345497902558463e-07,675516.5924999999,1.0,672140.4395859375,1.12176296559331e-07,1976.4729742404757,5760.0,1.0,,107,,,,,,,,
13.225128762000168,0.011647266854803698,0.1116943359375,0.0,0.0,0.014870000000000001,4.0,0.73,-9.732788991338263e-05,0.18463343599190316,0.0026479920488782227,1.0903707815164883e-06,1.393312817713858e-07,675893.10425,1.0,671905.1509453125,1.12176296559331e-07,1979.7082089460218,5760.0,1.0,,108,,,,,,,,
13.15576684000007,0.010642467665699465,0.1080322265625,0.0,0.0,0.014822499999999999,4.0,0.7275,0.0031971964441860714,0.17866322056700787,0.005844740032140787,5.224093437542858e-06,3.3927285721565187e-07,675553.2637500002,1.0,671628.5620585938,1.12176296559331e-07,2361.9871749613912,5760.0,1.0,,109,,,,,,,,
13.224516637999841,0.013005816562023634,0.12447102864583333,0.0,0.0,0.014775,4.0,0.725,-0.005699084208269293,0.1795021528378129,-0.0030471706413663924,1.364364422329345e-06,1.8787739201423884e-07,675632.6575000001,1.0,672015.0092929688,1.12176296559331e-07,2056.09220333228,5760.0,1.0,,110,,,,,,,,
13.132504917000915,0.007423525906536573,0.0855712890625,0.0,0.0,0.014727500000000001,4.0,0.7224999999999999,0.000954363063404647,0.17795006465166807,0.0035749033365088203,1.3940276074227616e-06,1.5901402979541976e-07,675883.34125,1.0,672342.5475312499,1.12176296559331e-07,2173.590180434338,5760.0,1.0,,111,,,,,,,,
13.23282170099992,0.007675298555113841,0.08805338541666667,0.0,0.0,0.01468,4.0,0.72,-0.0017031050714043279,0.17586183144400516,0.0008784518189107379,3.2460596225784383e-07,1.2400825151933267e-07,675470.27475,1.0,672389.7003046875,1.12176296559331e-07,1672.8532730286936,5760.0,1.0,,112,,,,,,,,
13.136924447000638,0.011324798809558464,0.11482747395833333,0.0,0.0,0.014632500000000001,4.0,0.7175,0.004955455854845543,0.17288462817668915,0.007485088562437643,3.5962564718753737e-07,1.3201652067825384e-07,675067.1825000001,1.0,672415.3463750001,1.12176296559331e-07,1863.856061202813,5760.0,1.0,,113,,,,,,,,
13.156055577999723,0.01192900053865742,0.12320963541666667,0.0,0.0,0.014585,4.0,0.7150000000000001,0.0030266276541321227,0.1784104472026229,0.0056286362814716995,3.070188470862452e-07,1.5497950552519532e-07,675618.11475,1.0,672562.0740390625,1.12176296559331e-07,1680.8819690387338,5760.0,1.0,,114,,,,,,,,
10.0488349870011,0.029408422628572833,0.16910807291666666,0.0,1.0,0.014537500000000002,1.0,0.7125,0.016007757047191262,0.1718041685720285,0.01850526003787915,2.78086254468235e-07,1.4395422927767262e-07,675276.1045,1.0,672954.6184804689,1.12176296559331e-07,1615.590955394025,5760.0,1.0,,115,,,,,,,,
13.122104365000268,0.013569600368403675,0.12556966145833334,0.0,0.0,0.014490000000000001,4.0,0.71,0.006423499934802142,0.1677483900760611,0.0088530033826828,5.621385653261276e-07,2.229090636814609e-06,675629.0405,1.0,672893.1338046875,1.12176296559331e-07,1759.4706292021488,5760.0,1.0,,116,,,,,,,,
13.222655125999154,0.012757154821883887,0.10213216145833333,0.0,1.0,0.0144425,4.0,0.7075,0.0033596077507051327,0.16393555980175734,0.005713612966549893,6.206058953258283e-06,2.6026756164772753e-05,675743.5345,1.0,672049.3775195312,1.12176296559331e-07,1938.4813328438215,5760.0,1.0,,117,,,,,,,,
12.996432889000062,0.007328132036491297,0.08150227864583333,0.0,0.0,0.014395000000000002,4.0,0.7050000000000001,-0.000507878566471239,0.1642453003053864,0.0018470235518179834,1.552152315772067e-05,1.571434535326451e-05,675261.38425,1.0,671391.9673984374,1.12176296559331e-07,2088.3492532201453,5760.0,1.0,,118,,,,,,,,
13.130345313998987,0.01297436677608251,0.11263020833333333,0.0,0.0,0.014347500000000001,4.0,0.7025,0.005857287966743267,0.1587439284970363,0.00812695465477494,6.413887703023609e-06,1.4541159835346207e-05,675974.778,1.0,671800.432265625,1.12176296559331e-07,2068.2075815004696,5760.0,1.0,,119,,,,,,,,
13.156394186000398,0.009886292226534957,0.10148111979166667,0.0,0.0,0.0143,4.0,0.7,-0.0002326941200105163,0.1583774872124195,0.0020251584355719388,4.612116471847116e-06,1.2968813081215558e-05,674633.37325,1.0,671175.336984375,1.12176296559331e-07,1952.6733995355582,5760.0,1.0,,120,676231.53725,674790.5625,674327.0404999999,70000042,671037.9152249999,best_of_k,674790.5625,1491.7206198374708
13.076963190998868,0.01041953164046087,0.1148681640625,0.0,0.0,0.014252500000000001,4.0,0.6975,0.0021081664744997397,0.16542710891614357,0.00446287290348361,2.3062555622270033e-06,5.6262027007628985e-06,675857.39825,1.0,671131.7197265625,1.12176296559331e-07,2327.6989581462376,5760.0,1.0,,121,,,,,,,,
13.11451396800112,0.01177132445203218,0.1162109375,0.0,0.0,0.014205,4.0,0.6950000000000001,-0.000348848365926339,0.16411657631397247,0.001981735151881973,6.590617473989369e-07,1.2530297652801892e-06,674463.4885000001,1.0,670455.7214179687,1.12176296559331e-07,2452.9604460879477,5760.0,1.0,,122,,,,,,,,
10.96275926799899,0.01570600385700042,0.12581380208333334,0.0,1.0,0.0141575,2.0,0.6925,0.0026331187691539526,0.17068371549248695,0.005049345277560254,3.5458632533883855e-07,3.85640891072588e-07,674854.7884999999,1.0,671534.3513554687,1.12176296559331e-07,2128.0377746378517,5760.0,1.0,,123,,,,,,,,
13.03699875500024,0.013484331980483452,0.11519368489583333,0.0,1.0,0.014110000000000001,4.0,0.69,0.0012652972703411554,0.16118436182538667,0.00353946514466467,2.898432226080179e-07,2.28528763320431e-07,675027.0965000001,1.0,671682.150453125,1.12176296559331e-07,2094.1336482956985,5760.0,1.0,,124,,,,,,,,
10.92881034399943,0.030057706879839923,0.17024739583333334,0.0,1.0,0.0140625,2.0,0.6875,0.02084767194658828,0.171280970176061,0.023256135173141956,5.110945953864151e-07,2.4853278783136073e-07,674835.46675,1.0,670293.832515625,1.12176296559331e-07,3223.148575464182,5760.0,1.0,,125,,,,,,,,
13.058495484001469,0.007633259616947423,0.08732096354166667,0.0,0.0,0.014015,4.0,0.685,0.002398096417891793,0.17207002670814595,0.004809517665610959,3.4403292540711544e-07,2.1137908845503262e-07,675239.5665,1.0,670877.8067304688,1.12176296559331e-07,3023.8109825529264,5760.0,1.0,,126,,,,,,,,
13.082588178000151,0.008769859222714635,0.09391276041666667,0.0,0.0,0.0139675,4.0,0.6825,-0.0012184620427433401,0.15812234487384558,0.0009900021638410788,2.7242437935133995e-07,1.650656849723949e-07,675878.9550000001,1.0,672056.6940117187,1.12176296559331e-07,2219.100228859249,5760.0,1.0,,127,,,,,,,,
13.071206194999831,0.010821068945612447,0.10465494791666667,0.0,0.0,0.01392,4.0,0.6799999999999999,0.0021468840374533706,0.1532835035274426,0.004280498639370005,2.3162795947939685e-07,1.3762487090692352e-07,675863.9342499999,1.0,672748.5518046875,1.12176296559331e-07,2016.1947567745306,5760.0,1.0,,128,,,,,,,,
13.276054343999931,0.008753729921105938,0.09248860677083333,0.0,0.0,0.0138725,4.0,0.6775,-0.0030877622872746238,0.1499498039484024,-0.0010076873877551407,2.5896823233987715e-07,1.5582729240293247e-07,676808.914,1.0,672447.9392578125,1.12176296559331e-07,2332.4164828362823,5760.0,1.0,,129,,,,,,,,
13.004720709999674,0.011471712813848475,0.114501953125,0.0,0.0,0.013825,4.0,0.675,0.003276288337171233,0.15482691085586944,0.005416672346958269,2.2509245696985167e-07,1.5140702321521834e-07,675731.931,1.0,672854.0196640624,1.12176296559331e-07,2167.3312707018736,5760.0,1.0,,130,,,,,,,,
13.006979119998505,0.006646715507182914,0.07804361979166667,0.0,0.0,0.013777500000000002,4.0,0.6725,0.0012471510174994667,0.15385521575808525,0.003366783552337438,2.3793082141546998e-07,1.6738533670235256e-07,676462.893,1.0,672807.5790664062,1.12176296559331e-07,2389.4335459412723,5760.0,1.0,,131,,,,,,,,
11.95009656700131,0.012870128971472796,0.11100260416666667,0.0,1.0,0.01373,3.0,0.6699999999999999,0.004785526938374258,0.14279793285661274,0.006746049815167983,2.1995578020689916e-07,1.4196457579866242e-07,676118.55275,1.0,673407.7933125,1.12176296559331e-07,1747.916424078207,5760.0,1.0,,132,,,,,,,,
12.953408589000901,0.008891577095103761,0.0845947265625,0.0,0.0,0.0136825,4.0,0.6675,0.0002960002384497784,0.1414965040360888,0.00223191682016477,3.160692525483455e-07,1.5573129689509338e-07,675893.18975,1.0,671974.8305820313,1.12176296559331e-07,2345.9898705773617,5760.0,1.0,,133,,,,,,,,
13.134755938001035,0.010442551792948507,0.10502115885416667,0.0,0.0,0.013635000000000001,4.0,0.665,-0.0018557145570715268,0.1416927382039527,7.606473324509959e-05,1.203070718898876e-06,1.6218717124871773e-07,676048.79725,1.0,671196.7901484375,1.12176296559331e-07,2451.6993704193997,5760.0,1.0,,134,,,,,,,,
13.101312961000076,0.006945594601954023,0.0811767578125,0.0,0.0,0.013587499999999999,4.0,0.6625,-0.00166548568571064,0.14396932534873486,0.0002905050932895392,9.76589305719718e-07,1.892248858344677e-07,675882.81175,1.0,672346.1948164064,1.12176296559331e-07,2680.888438135813,5760.0,1.0,,135,,,,,,,,
13.075770805999127,0.009097798809913607,0.08931477864583333,0.0,0.0,0.01354,4.0,0.6599999999999999,-0.0014332767799108599,0.15447727963328362,0.0006582390536398938,2.9689349319757713e-07,1.5450479014707716e-07,675886.721,1.0,672190.0556484375,1.12176296559331e-07,2774.2581469220595,5760.0,1.0,,136,,,,,,,,
13.033543457000633,0.011909731028329892,0.1099853515625,0.0,0.0,0.013492500000000001,4.0,0.6575,0.004064765319829651,0.15215012338012457,0.006117526441812515,3.353127115227987e-07,1.816628190098868e-07,676268.09,1.0,671389.3998671875,1.12176296559331e-07,2992.0239786843804,5760.0,1.0,,137,,,,,,,,
11.870823037999799,0.015552242480528852,0.13427734375,0.0,1.0,0.013445000000000002,3.0,0.655,0.004289177514793765,0.14770825745330918,0.006274900450888608,1.0717451270162808e-06,2.1400311764649712e-07,675970.2427499999,1.0,672364.6148320313,1.12176296559331e-07,2762.9427491799106,5760.0,1.0,,138,,,,,,,,
13.063890632000039,0.011213509538113916,0.101806640625,0.0,0.0,0.013397500000000001,4.0,0.6525000000000001,0.005180613511280778,0.14756824262440205,0.007157413977741574,1.4459745768154637e-06,2.013320375600832e-07,676090.34425,1.0,671411.766890625,1.12176296559331e-07,2947.7261785306296,5760.0,1.0,,139,,,,,,,,
13.150114994999967,0.013530486137218153,0.1220703125,0.0,0.0,0.01335,4.0,0.65,0.003089153004111722,0.1447314894758165,0.005021129167289473,9.64282756162523e-07,1.8563697749366762e-07,676405.2162499999,1.0,671363.4823476563,1.12176296559331e-07,3776.9925065970265,5760.0,1.0,,140,676808.914,675968.0665000001,675507.868,70000042,672996.1499250002,best_of_k,675968.0665000001,2250.1469727621097
13.2105174240005,0.01077303264173679,0.10310872395833333,0.0,0.0,0.013302500000000002,4.0,0.6475,-0.0009351352976712709,0.1425553720134,0.0009609719854779541,1.469454498230031e-06,1.7633938161528326e-07,677045.515,1.0,672688.3989335938,1.12176296559331e-07,3198.0121007319376,5760.0,1.0,,141,,,,,,,,
11.225387586999204,0.013924751396795424,0.107666015625,0.0,1.0,0.013255000000000001,2.0,0.645,0.005763837548632485,0.13874555317064127,0.007602813265596827,2.472756518064519e-07,1.4380728400690637e-07,676233.0594999999,1.0,672964.2357070313,1.12176296559331e-07,2610.7851621533005,5760.0,1.0,,142,,,,,,,,
13.110482034000597,0.013020353146809308,0.11328125,0.0,0.0,0.0132075,4.0,0.6425000000000001,0.004566108710908641,0.13624518256013593,0.00636548173497431,2.9424669722999397e-07,1.112937309718139e-07,676298.1335,1.0,673860.1411953125,1.12176296559331e-07,2062.2934116008487,5760.0,1.0,,143,,,,,,,,
13.536732860999109,0.00886753940479442,0.088623046875,0.0,0.0,0.013160000000000002,4.0,0.64,0.00024650592483036843,0.14258604931334654,0.0021227061515673995,1.5654827757079677e-06,1.5236945275868644e-07,676265.4135,1.0,673508.4139257811,1.12176296559331e-07,2312.3782423548387,5760.0,1.0,,144,,,,,,,,
13.58256915000129,0.013082044356754826,0.11336263020833333,0.0,0.0,0.013112500000000001,4.0,0.6375,0.007043715847733741,0.15630574462314448,0.009093009716404291,1.8157231842508281e-06,1.6781633889924782e-07,675951.28,1.0,672033.1091015625,1.12176296559331e-07,3337.470085763704,5760.0,1.0,,145,,,,,,,,
11.341265294999175,0.01349144897055036,0.101806640625,0.0,1.0,0.013065,2.0,0.635,0.00764745087750877,0.14230424538254738,0.009506553527899086,4.4020967907935454e-07,1.1674123889804378e-07,676641.3825,1.0,673023.7902226562,1.12176296559331e-07,2449.790348157443,5760.0,1.0,,146,,,,,,,,
10.249466365999979,0.023485904675908387,0.13151041666666666,0.0,1.0,0.013017500000000001,1.0,0.6325000000000001,0.019178829931964476,0.14372283716996512,0.021049670642241836,1.8817253177871862e-07,1.0573830640699573e-07,677036.859,1.0,673951.1026757812,1.12176296559331e-07,1693.3217956594558,5760.0,1.0,,147,,,,,,,,
13.315700340999683,0.01385235860410224,0.1162109375,0.0,0.0,0.01297,4.0,0.63,0.0060747360524449805,0.14625080799063048,0.007971534660706917,1.851542448250143e-07,1.1197658933426169e-07,676389.04125,1.0,672870.303828125,1.12176296559331e-07,1998.7060603026498,5760.0,1.0,,148,,,,,,,,
13.12914262599952,0.006782698549310832,0.078857421875,0.0,0.0,0.0129225,4.0,0.6275,-0.002992064667826829,0.14261058097084364,-0.0011492861861673493,4.909408263623997e-07,1.1528169944578319e-07,676040.73875,1.0,673216.4784414063,1.12176296559331e-07,1869.6336480946293,5760.0,1.0,,149,,,,,,,,
11.234195469998667,0.01635366812600599,0.11222330729166667,0.0,1.0,0.012875000000000001,2.0,0.625,0.00903756446011054,0.13165978683779636,0.010731788895403346,7.771378377559776e-06,2.3753650838879517e-07,676657.9875,1.0,672403.3167109375,1.12176296559331e-07,2722.866101420706,5760.0,1.0,,150,,,,,,,,
13.103035943000577,0.010494718628857905,0.1031494140625,0.0,0.0,0.0128275,4.0,0.6225,-0.0010945525064016692,0.13801944628357887,0.0006755612654766688,2.4789269822041624e-06,1.6530975388562297e-07,675565.0147500001,1.0,671805.4219179687,1.12176296559331e-07,2573.302355550092,5760.0,1.0,,151,,,,,,,,
13.048984404000294,0.010688060411969976,0.0997314453125,0.0,0.0,0.01278,4.0,0.62,0.004151766246650368,0.14755346439778805,0.0060363971861079335,9.697601295618105e-06,2.638841453498723e-07,676199.83375,1.0,672446.6814179688,1.12176296559331e-07,2127.0756158140784,5760.0,1.0,,152,,,,,,,,
10.096024018001117,0.023937934543937445,0.13395182291666666,0.0,1.0,0.0127325,1.0,0.6174999999999999,0.015884591965004802,0.1445210687816143,0.017724498640745878,1.4063936054261224e-06,1.3453095408048435e-07,675790.19375,1.0,672596.2929101562,1.12176296559331e-07,2392.529283304812,5760.0,1.0,,153,,,,,,,,
13.155275700000857,0.01075340443640016,0.10257975260416667,0.0,0.0,0.012685,4.0,0.615,0.005123528630065266,0.13501168554648757,0.006836014799773693,2.817572228863696e-07,2.1712468430597673e-07,675753.10825,1.0,673040.5880742187,1.12176296559331e-07,1642.9520798493984,5760.0,1.0,,154,,,,,,,,
13.320311399000275,0.01096722568036057,0.09521484375,0.0,0.0,0.0126375,4.0,0.6125,-0.0009215401902717227,0.13781113596633077,0.000819837887926648,1.1657905689688164e-06,1.8813026410787378e-07,675826.458,1.0,672231.4892578125,1.12176296559331e-07,1798.5793065243984,5760.0,1.0,,155,,,,,,,,
13.121733250000034,0.009168623878698176,0.08984375,0.0,0.0,0.01259,4.0,0.61,0.0013076674100981716,0.13747612154111266,0.003038129594642669,2.915029715389039e-06,1.4155867811282974e-07,674801.8585,1.0,672158.5933242188,1.12176296559331e-07,1955.0347098068808,5760.0,1.0,,156,,,,,,,,
13.227482682999835,0.007407951188118507,0.07283528645833333,0.0,0.0,0.012542500000000002,4.0,0.6074999999999999,-0.0016605949470734533,0.13069977813089886,-2.1499096571157377e-05,1.2918949604904621e-06,1.5389867602522145e-07,676108.44975,1.0,672988.07734375,1.12176296559331e-07,1849.7389437536642,5760.0,1.0,,157,,,,,,,,
12.983856059001482,0.014616993180728363,0.10245768229166667,0.0,1.0,0.012495,4.0,0.605,0.0015223376249196008,0.127850205792735,0.0031194042530842125,3.4619456640664716e-06,1.5103877067564517e-07,675757.8345,1.0,672602.5193359375,1.12176296559331e-07,2390.3081774953557,5760.0,1.0,,158,,,,,,,,
12.999374888000602,0.009516185394507678,0.08292643229166667,0.0,0.0,0.0124475,4.0,0.6025,0.004143307816169302,0.12077696792160471,0.005646385165164247,2.248398266679885e-06,1.3895662280087132e-07,676331.315,1.0,672980.7054726563,1.12176296559331e-07,1712.6807900027818,5760.0,1.0,,159,,,,,,,,
12.86056439099957,0.012506643952898836,0.09716796875,0.0,0.0,0.012400000000000001,4.0,0.6,0.003299473851560227,0.12008357762048642,0.004787994577782229,3.885655792087069e-06,2.54615746412649e-07,675476.9960000002,1.0,672620.3220937499,1.12176296559331e-07,1605.7272986217463,5760.0,1.0,,160,677045.515,675142.5795,675522.1385,70000042,672399.7706833333,best_of_k,675142.5795,1449.0503909214701
13.015770269999848,0.011006938152907727,0.08548990885416667,0.0,0.0,0.012352499999999999,4.0,0.5974999999999999,0.008202180380370313,0.12476300292958815,0.00973072525812313,0.00011651132365209094,1.8767849271720631e-06,675807.123,1.0,672355.299890625,1.12176296559331e-07,2174.6736410861226,5760.0,1.0,,161,,,,,,,,
12.872683301000507,0.010770490429422352,0.08671061197916667,0.0,1.0,0.012305,4.0,0.595,0.006425629178314314,0.12029440607875586,0.007881135699183991,0.00019743750045601396,9.944129635582518e-06,675360.1817499999,1.0,672427.3444375,1.12176296559331e-07,2021.1013767493516,5760.0,1.0,,162,,,,,,,,
12.897668532001262,0.01145021108580598,0.09029134114583333,0.0,0.0,0.012257500000000001,4.0,0.5925,0.00589119045616826,0.11048447387292981,0.007242063264129683,1.2150174538779387e-05,4.352031047390644e-06,676345.8995,1.0,672597.7827382812,1.12176296559331e-07,1560.9759813336539,5760.0,1.0,,163,,,,,,,,
13.04287691600075,0.01688778960184815,0.1121826171875,0.0,1.0,0.012210000000000002,4.0,0.5900000000000001,0.004330953939643223,0.11977977957576513,0.005785264753891776,7.276068157816933e-05,1.8481146408788618e-06,676076.1057500001,1.0,672452.9555351563,1.12176296559331e-07,2508.2513816122055,5760.0,1.0,,164,,,,,,,,
12.103126176998558,0.014444203381167931,0.09564887152777778,0.0,1.0,0.012162500000000001,3.0,0.5875,0.0009030733102311691,0.12157012749877241,0.00238109871538149,2.9781337968554708e-06,5.465740853496628e-07,676518.1070000002,1.0,672857.46921875,1.12176296559331e-07,2307.5378872375472,5760.0,1.0,,165,,,,,,,,
12.86529622299895,0.009632346668998556,0.07747395833333333,0.0,0.0,0.012115,4.0,0.585,0.001450060044589918,0.11836014548316598,0.00288390198450846,4.064800946205575e-07,1.0125121141513205e-07,676880.747,1.0,673375.668859375,1.12176296559331e-07,1993.5866552769105,5760.0,1.0,,166,,,,,,,,
11.972475231999852,0.015191621114758568,0.09423828125,0.0,1.0,0.0120675,3.0,0.5825,0.0035314250853843987,0.1194163088997205,0.0049723864843448,4.468549990279927e-07,1.0064905669398487e-07,676297.2232499999,1.0,673753.8708671876,1.12176296559331e-07,1853.7967405609386,5760.0,1.0,,167,,,,,,,,
12.924552220998521,0.012371246518644815,0.08756510416666667,0.0,1.0,0.012020000000000001,4.0,0.5800000000000001,0.0027596469638713947,0.11494885959352057,0.004141117135683696,4.2626297602765817e-07,3.456981446288883e-07,676807.5742499998,1.0,674754.223703125,1.12176296559331e-07,1354.302136289425,5760.0,1.0,,168,,,,,,,,
11.09289145999901,0.019635055781691335,0.09431966145833333,0.0,1.0,0.0119725,2.0,0.5775,0.009989229360750565,0.11456881215174992,0.011360363685525954,1.1173898203746073e-06,8.580728714235875e-07,676995.87225,1.0,673774.7984140625,1.12176296559331e-07,2726.7938792662426,5760.0,1.0,,169,,,,,,,,
12.973132413000712,0.011188728645114073,0.0838623046875,0.0,0.0,0.011925000000000002,4.0,0.575,-0.003755813445119808,0.11282557218025129,-0.002410540396037201,5.651350623026019e-07,2.3180000452427407e-07,676400.2660000001,1.0,673632.751859375,1.12176296559331e-07,2184.1451829043317,5760.0,1.0,,170,,,,,,,,
13.018075010000757,0.012910713851548886,0.09537760416666667,0.0,0.0,0.011877500000000001,4.0,0.5725,-0.0013005694333211675,0.11578770633786917,7.461804004075627e-05,2.2959361138200998e-07,1.1628023773487446e-07,676424.7555,1.0,673506.329328125,1.12176296559331e-07,2152.4903715947157,5760.0,1.0,,171,,,,,,,,
10.957177314001456,0.013689264393178746,0.083984375,0.0,1.0,0.01183,2.0,0.5700000000000001,0.0014919357636244968,0.11699212125192086,0.002875878087555369,2.2496192345992463e-07,1.0370621102614071e-07,676411.7732500001,1.0,673682.3627499999,1.12176296559331e-07,2114.329682793698,5760.0,1.0,,172,,,,,,,,
12.945576409998466,0.00986048366758041,0.0799560546875,0.0,0.0,0.011782500000000001,4.0,0.5675,0.006987347558606416,0.11930553428828716,0.008392994660728922,2.0715201702140954e-07,9.897403696612628e-08,676463.8017499999,1.0,673761.2801054688,1.12176296559331e-07,2111.1813470120846,5760.0,1.0,,173,,,,,,,,
12.917883854999673,0.012011583654384594,0.0970458984375,0.0,0.0,0.011735,4.0,0.565,0.003232187358662486,0.11891494908680518,0.0046274947429386275,4.159495314108123e-07,2.3550213527438282e-07,676422.3732500001,1.0,672807.4703046875,1.12176296559331e-07,3174.3232710569796,5760.0,1.0,,174,,,,,,,,
12.913930499000344,0.011810406166963125,0.08841959635416667,0.0,0.0,0.0116875,4.0,0.5625,0.005621520151180448,0.12301183041806023,0.00705914474868526,2.5465853248363146e-07,1.0185329690770573e-07,677172.9990000001,1.0,673908.8154765626,1.12176296559331e-07,2017.1892352299553,5760.0,1.0,,175,,,,,,,,
11.89962362299957,0.01784182509355661,0.10845269097222222,0.0,1.0,0.011640000000000001,3.0,0.56,-0.0008587231471513709,0.12222039120064841,0.0005638392693880531,2.2687606460181087e-07,1.1939574622803977e-07,676825.8177499999,1.0,673065.2901718749,1.12176296559331e-07,2750.3722782333657,5760.0,1.0,,176,,,,,,,,
10.9871285549998,0.015696628271446873,0.09090169270833333,0.0,1.0,0.0115925,2.0,0.5575,0.00383991170868588,0.12742821841190258,0.005317049178605278,2.2472299754383585e-07,1.0385249253156796e-07,676237.34925,1.0,673391.2883164063,1.12176296559331e-07,2557.400427178251,5760.0,1.0,,177,,,,,,,,
13.110447757000657,0.0067869150249559125,0.0662841796875,0.0,0.0,0.011545,4.0,0.5549999999999999,0.0024442979799156697,0.12592256783197323,0.003898007630292947,2.002953213657103e-07,9.25688771561776e-08,676533.08175,1.0,673623.9807460937,1.12176296559331e-07,2134.530241767707,5760.0,1.0,,178,,,,,,,,
12.966371848999188,0.010168872053327505,0.07307942708333333,0.0,0.0,0.0114975,4.0,0.5525,0.0005103532554736981,0.125941407866776,0.0019582864673187337,2.549375883731386e-07,1.0581026751073826e-07,676247.88975,1.0,673290.3683554687,1.12176296559331e-07,2460.974849458305,5760.0,1.0,,179,,,,,,,,
12.857785967000382,0.009618342218648953,0.0810546875,0.0,0.0,0.01145,4.0,0.55,0.003386292589614944,0.12921034265309572,0.004865656015075122,1.832689653369357e-07,1.5342787662575574e-07,675888.1715,1.0,673101.0606601562,1.12176296559331e-07,2283.861822660675,5760.0,1.0,,180,677172.9990000001,676068.9732499999,675069.998,70000042,673640.4426083334,best_of_k,676068.9732499999,1801.5353124683052
13.129009319000033,0.010362541984553294,0.08402506510416667,0.0,0.0,0.011402500000000001,4.0,0.5475,-0.001151411726217096,0.1271241814829409,0.0002969655712756018,4.72786665225063e-07,2.2173978503718197e-06,676626.1799999998,1.0,672683.8151093749,1.12176296559331e-07,2119.4436271528903,5760.0,1.0,,181,,,,,,,,
13.268781206999847,0.010852844987918312,0.08247884114583333,0.0,0.0,0.011355,4.0,0.5449999999999999,1.7555637896293774e-05,0.12262545013800263,0.0013447628589347005,2.2989598484457474e-05,0.00012581072812167804,676907.0835,1.0,673724.5218046876,1.12176296559331e-07,2052.298730422884,5760.0,1.0,,182,,,,,,,,
12.120890096000949,0.01685440237310508,0.09326171875,0.0,1.0,0.0113075,3.0,0.5425,0.00958670474938117,0.12309806938800547,0.009619802805698581,0.010187960762651629,0.0006800750822245997,676904.6499999999,1.0,674429.6550703126,1.12176296559331e-07,1107.5751310715304,5760.0,1.0,,183,,,,,,,,
13.068447507999736,0.009303991881703647,0.08349609375,0.0,0.0,0.011260000000000001,4.0,0.54,-0.00012865414100815542,0.13626415965457758,0.0011074848007410765,0.0028190322351899035,3.2583325198250655e-05,676866.0915,1.0,673550.1450273438,1.12176296559331e-07,1813.92848647585,5760.0,1.0,,184,,,,,,,,
13.100811797999995,0.012970254540656848,0.09326171875,0.0,0.0,0.0112125,4.0,0.5375,-0.004705078453601648,0.1349715436808765,-0.003231858281651512,0.0003844122622851387,3.4145186920871615e-06,675799.7235,1.0,672842.725203125,1.12176296559331e-07,2333.7555935902433,5760.0,1.0,,185,,,,,,,,
13.107866065000053,0.008185337845740529,0.0706787109375,0.0,0.0,0.011165,4.0,0.5349999999999999,-0.0002548028132878244,0.1288758657562236,0.001182348350994289,4.196716730575645e-06,2.6560927063693876e-06,676833.11075,1.0,673829.7278593751,1.12176296559331e-07,1876.847954013798,5760.0,1.0,,186,,,,,,,,
13.079163209000399,0.009377415449610757,0.0772705078125,0.0,0.0,0.0111175,4.0,0.5325,0.003217030014639022,0.12557800890256962,0.004612816342463096,9.303376321175468e-07,4.669305043355128e-07,676064.83875,1.0,673832.4535820312,1.12176296559331e-07,1912.699911083263,5760.0,1.0,,187,,,,,,,,
13.029014183999607,0.010910661277497033,0.08894856770833333,0.0,0.0,0.011070000000000002,4.0,0.53,-0.00015821920048135021,0.1292153795560201,0.0012719608882131677,8.424192886972529e-07,2.9989930479719834e-07,675973.69475,1.0,673383.9146132813,1.12176296559331e-07,1828.8829160745734,5760.0,1.0,,188,,,,,,,,
12.985589958001583,0.010630331739472846,0.08939615885416667,0.0,0.0,0.011022500000000001,4.0,0.5275000000000001,0.0006348550887196325,0.13621959943945208,0.0021360841928981245,9.467890175566632e-07,3.121029710229095e-07,675958.7597500001,1.0,672728.0758984375,1.12176296559331e-07,2663.7666455928547,5760.0,1.0,,189,,,,,,,,
12.991816525000104,0.011159517387568485,0.08561197916666667,0.0,0.0,0.010975,4.0,0.525,0.0013680423338276644,0.13680247822776437,0.002869215483466784,8.28656638418579e-07,3.03107540252275e-07,676033.5959999999,1.0,672574.8014492188,1.12176296559331e-07,2449.1767376056378,5760.0,1.0,,190,,,,,,,,
13.059410875999674,0.007599681169570734,0.07137044270833333,0.0,0.0,0.010927500000000001,4.0,0.5225,0.0012483264533026766,0.14399121422320604,0.0028215660713613033,8.073410313613749e-07,2.878833287311977e-07,675875.1070000001,1.0,672989.2444179688,1.12176296559331e-07,1968.2647034153197,5760.0,1.0,,191,,,,,,,,
13.247359233999305,0.011086601691204123,0.088623046875,0.0,0.0,0.01088,4.0,0.52,0.001923067354558346,0.1437236744289597,0.0034865496951776245,8.451084359724822e-07,2.938244995457732e-07,676253.067,1.0,672352.9779140626,1.12176296559331e-07,2668.994249163334,5760.0,1.0,,192,,,,,,,,
13.120937159999812,0.011422197766175183,0.08658854166666667,0.0,0.0,0.0108325,4.0,0.5175000000000001,0.0036834722850471735,0.1357509333950778,0.005153780376228194,7.495799299780023e-07,2.7715354633528477e-07,676348.1005,1.0,672374.5256015626,1.12176296559331e-07,2875.397455291669,5760.0,1.0,,193,,,,,,,,
12.96900981500039,0.009804875759679513,0.08060709635416667,0.0,0.0,0.010785000000000001,4.0,0.515,-0.0004980520946749797,0.1317611800817152,0.0009227836950837324,7.520789336486663e-07,2.659373305273031e-07,675998.6135000001,1.0,671942.545140625,1.12176296559331e-07,3442.152999076393,5760.0,1.0,,194,,,,,,,,
13.093762082000467,0.00987052605826951,0.08317057291666667,0.0,0.0,0.0107375,4.0,0.5125,0.0005579834711776736,0.1337718851864338,0.0019941902234374234,6.971871885734041e-07,1.9741889841403312e-07,675959.0385000001,1.0,673274.8885546876,1.12176296559331e-07,2063.1620424132025,5760.0,1.0,,195,,,,,,,,
13.165535559999626,0.008549290951729441,0.0828857421875,0.0,0.0,0.010690000000000002,4.0,0.51,0.0002173335039212058,0.13713472678015629,0.0016831354975389938,7.118720960856232e-07,1.941371706356184e-07,675741.64575,1.0,673128.3699765624,1.12176296559331e-07,2227.953449242444,5760.0,1.0,,196,,,,,,,,
12.98062381499949,0.006956321378917589,0.0693359375,0.0,0.0,0.010642500000000001,4.0,0.5075000000000001,-0.0029955693632170246,0.13151208823546767,-0.0015961364260874689,7.602574522517594e-07,2.1718039100449005e-07,676350.11775,1.0,671773.4049804688,1.12176296559331e-07,3608.660079757206,5760.0,1.0,,197,,,,,,,,
13.053046880999318,0.00929776078070669,0.07950846354166667,0.0,0.0,0.010595,4.0,0.505,-0.0014859365570979814,0.13613514959191284,-4.375479572142164e-05,6.831192097915088e-07,2.0361085528719514e-07,677110.36575,1.0,672369.9305390625,1.12176296559331e-07,3454.907880814755,5760.0,1.0,,198,,,,,,,,
13.094341580001128,0.008162125244173998,0.078369140625,0.0,0.0,0.010547500000000001,4.0,0.5025,-0.005169268644143206,0.13372031195710102,-0.0037591770912210145,1.356548760137836e-06,3.757025777891461e-07,676799.7807499999,1.0,673081.3195781249,1.12176296559331e-07,3530.4372771805806,5760.0,1.0,,199,,,,,,,,
13.078070878998915,0.008317639818415046,0.0733642578125,0.0,0.0,0.0105,4.0,0.5,-0.0028772789458647217,0.13248698397849998,-0.0014863139658700675,7.318477640202067e-07,1.4993635503538863e-07,676315.0474999999,1.0,673925.9637148438,1.12176296559331e-07,1965.6560463997669,5760.0,1.0,,200,677172.9990000001,676255.4652499999,675417.8945,70000042,673656.9080833333,best_of_k,676255.4652499999,2618.9874633761674
13.121737380999548,0.013233182008358805,0.09663899739583333,0.0,0.0,0.010452500000000002,4.0,0.49750000000000005,0.00405876790076339,0.12790067742268244,0.005395515317407747,5.642330395498144e-07,1.5500968479168856e-07,676314.909,1.0,673368.362125,1.12176296559331e-07,2244.1778812574626,5760.0,1.0,,201,,,,,,,,
13.080946256999596,0.01195332575783444,0.08707682291666667,0.0,0.0,0.010405000000000001,4.0,0.495,0.0007411431591511549,0.12332669366151094,0.0020242209235827127,5.480319392366558e-07,1.6386939686678184e-07,676574.24775,1.0,673648.249953125,1.12176296559331e-07,2055.928446459368,5760.0,1.0,,202,,,,,,,,
13.041463662000751,0.006535958605430399,0.06376139322916667,0.0,0.0,0.010357500000000002,4.0,0.49250000000000005,-0.006069857719315526,0.12019126008575161,-0.00482509129991134,5.308635800579017e-07,1.2328195797550734e-07,676615.867,1.0,674281.4858515625,1.12176296559331e-07,1694.3282767266467,5760.0,1.0,,203,,,,,,,,
13.019238012000642,0.005457324178375226,0.0589599609375,0.0,0.0,0.01031,4.0,0.49,0.0016281776831116683,0.12000108836218715,0.002865233128735175,6.155403990959485e-07,1.8825255769054175e-07,677289.42,1.0,673946.0539726563,1.12176296559331e-07,2144.0417948453523,5760.0,1.0,,204,,,,,,,,
13.091401505998874,0.01009262557393716,0.08247884114583333,0.0,0.0,0.0102625,4.0,0.48750000000000004,-0.0002318177866982296,0.12045328039675951,0.0010041769516343872,9.274194638919653e-07,1.2773221177061109e-07,676243.6867500001,1.0,674047.52109375,1.12176296559331e-07,1699.8257628327895,5760.0,1.0,,205,,,,,,,,
13.040701408999666,0.007411127616554343,0.07149251302083333,0.0,0.0,0.010215,4.0,0.485,-0.00028122266303398646,0.12462534088020523,0.0009914808809602012,2.650063187559226e-06,1.5809449926962316e-07,676342.6240000001,1.0,672198.1703398437,1.12176296559331e-07,2831.3906956119786,5760.0,1.0,,206,,,,,,,,
13.016672482999638,0.0069040727442673715,0.06632486979166667,0.0,0.0,0.010167500000000001,4.0,0.48250000000000004,0.004567262173319857,0.12650206809242567,0.005853200253720085,2.070080470299255e-06,1.2889107174155848e-07,676027.5105,1.0,673106.1175507812,1.12176296559331e-07,1820.764538459715,5760.0,1.0,,207,,,,,,,,
13.072212753999338,0.005169393004810748,0.058512369791666664,0.0,0.0,0.01012,4.0,0.48,-0.0011783736699726433,0.13177402690052986,0.00015506356915769479,4.657155384298524e-07,1.3840117037607533e-07,675919.0785000001,1.0,673133.7179921875,1.12176296559331e-07,2032.2874934804502,5760.0,1.0,,208,,,,,,,,
12.993965953999577,0.009413897574025517,0.08638509114583333,0.0,0.0,0.010072500000000002,4.0,0.47750000000000004,-0.004454015346709639,0.12739504516745606,-0.0031709574589816234,4.898733951819167e-07,1.5972010499372877e-07,675923.5105000001,1.0,672013.2742304688,1.12176296559331e-07,2759.610835104224,5760.0,1.0,,209,,,,,,,,
13.105073531000016,0.008775699248265786,0.07987467447916667,0.0,0.0,0.010025000000000001,4.0,0.475,-0.0007774078718891057,0.12622436260183653,0.00048785236625311274,5.175588283871472e-07,1.7434463176850082e-07,675819.7292500001,1.0,672790.97909375,1.12176296559331e-07,3023.823398346028,5760.0,1.0,,210,,,,,,,,
13.344353779999437,0.008188223214043925,0.07881673177083333,0.0,0.0,0.009977500000000002,4.0,0.47250000000000003,-0.0023990987829165533,0.12127322827776273,-0.0011892383724140625,5.620233078929004e-07,1.739812436341026e-07,676216.5735000002,1.0,672611.8526953125,1.12176296559331e-07,3826.385002004802,5760.0,1.0,,211,,,,,,,,
13.314595249999911,0.010615439384613031,0.08610026041666667,0.0,0.0,0.00993,4.0,0.47,0.005436694077313102,0.11923755425959826,0.0066206263727508485,3.7388129806951537e-07,1.1792577758740208e-07,676728.51975,1.0,673820.3294882813,1.12176296559331e-07,1760.2417327256373,5760.0,1.0,,212,,,,,,,,
13.297033580000061,0.0076056723652679166,0.078125,0.0,0.0,0.0098825,4.0,0.4675,-0.0008755322196520865,0.1229816338357826,0.00033974441854904097,3.619572013964974e-07,1.0642769524930411e-07,676565.04825,1.0,673711.6945507813,1.12176296559331e-07,2203.127019567123,5760.0,1.0,,213,,,,,,,,
13.369911939000303,0.006381586230418179,0.059163411458333336,0.0,0.0,0.009835,4.0,0.46499999999999997,-0.00356802105185731,0.11625850852578878,-0.0024247138450543084,3.707371624509885e-07,1.1646245286674646e-07,676621.939,1.0,673645.0016796875,1.12176296559331e-07,2468.2415342778136,5760.0,1.0,,214,,,,,,,,
13.308733412999572,0.006070158361884144,0.0665283203125,0.0,0.0,0.009787500000000001,4.0,0.4625,0.0006446110734638447,0.1254360326565802,0.0018722186796367168,4.177139274474939e-07,1.12554099077992e-07,676843.6299999999,1.0,673693.9808476563,1.12176296559331e-07,2213.4794680178934,5760.0,1.0,,215,,,,,,,,
13.271046763000413,0.007012347188720014,0.06966145833333333,0.0,0.0,0.00974,4.0,0.45999999999999996,-0.004248998979164753,0.12115124116341273,-0.00306908159594362,3.625178219834879e-07,1.1911250770898126e-07,676825.9677500001,1.0,673654.0080234376,1.12176296559331e-07,2174.3985575492757,5760.0,1.0,,216,,,,,,,,
13.14941736900073,0.009706503013148904,0.07930501302083333,0.0,0.0,0.009692500000000001,4.0,0.4575,-9.72128060917991e-05,0.11622116016224027,0.001029108165918539,3.5153138059721795e-07,2.3572128219721358e-07,677251.046,1.0,674468.2997382812,1.12176296559331e-07,1746.0216920717687,5760.0,1.0,,217,,,,,,,,
13.237145240000245,0.011884697147858484,0.0921630859375,0.0,0.0,0.009644999999999999,4.0,0.45499999999999996,0.0020344268220166364,0.12183252923811476,0.003209389299930384,3.910387746941524e-07,1.4585864086906022e-07,676410.5395000001,1.0,673073.50203125,1.12176296559331e-07,2526.3237607482956,5760.0,1.0,,218,,,,,,,,
13.217496958999618,0.007918412215076387,0.07194010416666667,0.0,0.0,0.0095975,4.0,0.4525,-0.0030353196537665403,0.12468078080564737,-0.0018387975578662008,3.579199443493053e-07,1.308185977322296e-07,676711.14875,1.0,673217.6308554688,1.12176296559331e-07,2972.5094782195624,5760.0,1.0,,219,,,,,,,,
13.344124380999347,0.00889110896969214,0.08268229166666667,0.0,0.0,0.00955,4.0,0.44999999999999996,-0.00422377817206628,0.13051705388352275,-0.0029774552482801178,4.435735257620384e-07,1.41649688867318e-07,677363.574,1.0,672507.7127187499,1.12176296559331e-07,2894.813058853841,5760.0,1.0,,220,677363.574,676164.7884999999,676592.9817499999,70000042,673325.3976833333,best_of_k,676164.7884999999,1916.8293618755376
13.282004557000619,0.011623091787138643,0.090576171875,0.0,0.0,0.0095025,4.0,0.4475,0.004492124079357988,0.12538277947654328,0.005683430780967076,3.3676828555447475e-07,2.1963832619320556e-07,676439.30675,1.0,673791.9758632813,1.12176296559331e-07,2137.462994341465,5760.0,1.0,,221,,,,,,,,
13.061407880999468,0.007502030229564601,0.06925455729166667,0.0,0.0,0.009455,4.0,0.44499999999999995,0.0027781292034584717,0.12765590272222957,0.003984952874210042,4.066906870529389e-07,2.443573142348517e-07,676776.7265,1.0,674264.0186445313,1.12176296559331e-07,1855.7364836195914,5760.0,1.0,,222,,,,,,,,
13.148526132999905,0.0069974432384090806,0.0657958984375,0.0,0.0,0.009407500000000001,4.0,0.4425,-0.00045069860546694446,0.1289419511643549,0.0007622049597557634,4.42546449856233e-07,1.4706385279931547e-07,677163.2112499999,1.0,673915.4548242188,1.12176296559331e-07,2235.600821029986,5760.0,1.0,,223,,,,,,,,
13.157782181000584,0.008376894494479833,0.0772705078125,0.0,0.0,0.00936,4.0,0.43999999999999995,-0.001239437692371818,0.12872638630991182,-3.464313340373337e-05,3.3178877541691537e-07,1.0223288704480638e-07,676695.5017499998,1.0,673895.1616640624,1.12176296559331e-07,2384.9297261362894,5760.0,1.0,,224,,,,,,,,
13.105617073999383,0.011873466326505877,0.08662923177083333,0.0,0.0,0.009312500000000001,4.0,0.4375,0.003509710581662754,0.13023170564944545,0.004722387238871306,3.689158762180493e-07,1.3942632663225632e-07,675751.43875,1.0,672904.1891679687,1.12176296559331e-07,2258.537445073234,5760.0,1.0,,225,,,,,,,,
13.007039229001748,0.008338734170441361,0.06494140625,0.0,0.0,0.009265000000000002,4.0,0.43500000000000005,0.004035285196247666,0.131593502437075,0.005254405744684239,3.322541441974636e-07,1.191476048193844e-07,675766.62675,1.0,673293.9685039062,1.12176296559331e-07,1843.690167439526,5760.0,1.0,,226,,,,,,,,
13.034461031998944,0.008407754784760376,0.07804361979166667,0.0,0.0,0.0092175,4.0,0.4325,-0.0015589955146424472,0.1289780018851161,-0.00037031836109235883,3.0336219995300934e-07,2.947374538505206e-07,676211.2307500001,1.0,673604.6741171875,1.12176296559331e-07,1439.726913501056,5760.0,1.0,,227,,,,,,,,
13.051668187999894,0.008358144431743616,0.07047526041666667,0.0,0.0,0.009170000000000001,4.0,0.43000000000000005,0.00239385012537241,0.1310692581658562,0.0035939685573490956,7.052811703545103e-07,3.4311365038064423e-06,676014.00875,1.0,673344.1053476562,1.12176296559331e-07,1597.9244686790673,5760.0,1.0,,228,,,,,,,,
13.020073990999663,0.005265891207576108,0.054402669270833336,0.0,0.0,0.0091225,4.0,0.4275,-0.0018114227168553043,0.12879951748376092,-0.0006365693698171526,5.750235452239849e-07,1.2643925032899497e-07,676673.956,1.0,673870.0477148438,1.12176296559331e-07,1456.6194566325385,5760.0,1.0,,229,,,,,,,,
13.014363480000611,0.009440046349482145,0.0831298828125,0.0,0.0,0.009075000000000001,4.0,0.42500000000000004,-0.0033463869949628133,0.14003909720728794,-0.0020756795711349696,8.121996550869426e-07,1.3203585084535044e-07,676662.55725,1.0,673509.0306250001,1.12176296559331e-07,2030.4689541820912,5760.0,1.0,,230,,,,,,,,
13.029430574999424,0.004404717069216228,0.046630859375,0.0,0.0,0.0090275,4.0,0.4225,-0.0012181341856679258,0.14448876741031805,8.43542511574924e-05,1.4929083243705085e-05,7.817875693483245e-07,675912.7287499999,1.0,673620.3296171876,1.12176296559331e-07,1865.2210471000021,5760.0,1.0,,231,,,,,,,,
13.06205848099853,0.005854467221070081,0.06595865885416667,0.0,0.0,0.008980000000000002,4.0,0.42000000000000004,-0.007283993647433817,0.14707293640822172,-0.005965556658338755,4.508068831417707e-06,3.6543823282997323e-06,677069.60575,1.0,673701.5231679687,1.12176296559331e-07,1654.919927167762,5760.0,1.0,,232,,,,,,,,
13.109552773999894,0.007697496699014057,0.07633463541666667,0.0,0.0,0.008932500000000001,4.0,0.4175,0.0001468897486726443,0.141922394434611,0.001374331923822562,2.2578943442634152e-05,7.604296054915712e-05,676683.64425,1.0,673745.1797109374,1.12176296559331e-07,2148.9524282482835,5760.0,1.0,,233,,,,,,,,
13.119097943999805,0.01022927011460221,0.08500162760416667,0.0,0.0,0.008885,4.0,0.41500000000000004,0.001935257387231104,0.1521657599757115,0.0032636603767362735,8.672485559912957e-06,4.544518386021915e-05,676448.1257499999,1.0,672231.2027070313,1.12176296559331e-07,3267.040088232431,5760.0,1.0,,234,,,,,,,,
13.294043302999853,0.00783729575535593,0.0802001953125,0.0,0.0,0.0088375,4.0,0.4125,-0.004713274283858482,0.1445764418070515,-0.003436641263154646,1.3381087894022887e-06,1.8542986944443858e-06,676500.408,1.0,672823.688796875,1.12176296559331e-07,2471.5127598197914,5760.0,1.0,,235,,,,,,,,
13.182384208001167,0.008008085239756232,0.0738525390625,0.0,0.0,0.008790000000000001,4.0,0.41000000000000003,0.003383514859403173,0.1450134872769316,0.004658005006300907,3.2904057493491717e-07,2.9106505561316e-07,676637.3989999999,1.0,672383.3794609376,1.12176296559331e-07,3498.687181797537,5760.0,1.0,,236,,,,,,,,
13.19402337899919,0.00665955930404986,0.07035319010416667,0.0,0.0,0.0087425,4.0,0.4075,-0.00037157627715108293,0.13934401515871286,0.0008465124604602655,2.922800076040251e-07,1.9439738085935687e-07,676580.3152500001,1.0,673329.4065,1.12176296559331e-07,2552.644944755931,5760.0,1.0,,237,,,,,,,,
13.078252627999973,0.00877776081324555,0.08256022135416667,0.0,0.0,0.008695000000000001,4.0,0.405,-0.00119466645992361,0.14215509640052915,4.125143944596251e-05,3.2067218243743884e-07,1.7621551240409872e-07,675884.82975,1.0,672819.1293789062,1.12176296559331e-07,2162.4305112745565,5760.0,1.0,,238,,,,,,,,
13.151006007999968,0.005430400087789167,0.0523681640625,0.0,0.0,0.0086475,4.0,0.40249999999999997,-0.0016714523650686413,0.1414095088839531,-0.00044872563254709047,2.947752862543969e-07,1.6487888239898515e-07,675926.36425,1.0,672696.8190820311,1.12176296559331e-07,2429.65259873221,5760.0,1.0,,239,,,,,,,,
13.103218074000324,0.006890170167025644,0.0721435546875,0.0,0.0,0.008600000000000002,4.0,0.4,-0.0006873084688171124,0.14136654806012908,0.0005283318654013177,2.972015972583601e-07,1.6482798503858476e-07,676213.58275,1.0,672515.8293789063,1.12176296559331e-07,2403.1134707349647,5760.0,1.0,,240,677363.574,675844.6865000001,673933.8074999999,70000042,673092.3941583335,best_of_k,675844.6865000001,1738.2834905039279
13.10139481599981,0.008610178352682851,0.07808430989583333,0.0,0.0,0.0085525,4.0,0.39749999999999996,0.0011994348121030878,0.13801987391586104,0.002379741024924442,2.882558766496383e-07,1.5955191183062803e-07,674989.63425,1.0,672408.5680781249,1.12176296559331e-07,2006.920796894139,5760.0,1.0,,241,,,,,,,,
13.101637750998634,0.0041405916660247994,0.045084635416666664,0.0,0.0,0.008505,4.0,0.395,-0.006524405575570806,0.13660521898418665,-0.0053626683171993745,2.405147062252884e-07,1.321611270791815e-07,675873.9085,1.0,673152.8953203126,1.12176296559331e-07,1844.3676244684561,5760.0,1.0,,242,,,,,,,,
13.054840800999955,0.007286581749212928,0.07218424479166667,0.0,0.0,0.0084575,4.0,0.39249999999999996,-0.0042309742760456475,0.13755681660647193,-0.00306768685792728,2.5998262831450347e-07,1.4614466821901337e-07,675864.5492499999,1.0,673109.7476679687,1.12176296559331e-07,1806.040026108348,5760.0,1.0,,243,,,,,,,,
13.061213037000925,0.005278473666597468,0.06315104166666667,0.0,0.0,0.00841,4.0,0.39,0.006257374753962115,0.1342049672578772,0.007385950768366456,2.4295868901920886e-07,1.2795491185120986e-07,676547.1827499999,1.0,672995.8447695313,1.12176296559331e-07,2046.9687524180865,5760.0,1.0,,244,,,,,,,,
13.208267609001268,0.0063788512464573914,0.063720703125,0.0,0.0,0.0083625,4.0,0.38749999999999996,0.0010668293204313766,0.13168757517511645,0.0021679701555209854,2.453429726045897e-07,1.4348671702653823e-07,676361.27475,1.0,673501.7643359376,1.12176296559331e-07,2092.8530783979454,5760.0,1.0,,245,,,,,,,,
12.924947367000641,0.0069846704209339805,0.0733642578125,0.0,0.0,0.008315000000000001,4.0,0.385,-0.0018645821170745573,0.13835541686664024,-0.0007142540610705813,2.430263548921137e-07,1.462553106771717e-07,676580.2885,1.0,673049.2134257812,1.12176296559331e-07,2151.2645600217515,5760.0,1.0,,246,,,,,,,,
13.122237119998317,0.008164470028229212,0.07491048177083333,0.0,0.0,0.0082675,4.0,0.38249999999999995,9.371929869909461e-05,0.13390317357455692,0.0012006801941121619,2.7938963054197075e-07,1.1173661181492396e-07,676139.50275,1.0,673712.8337421876,1.12176296559331e-07,1839.4474477482697,5760.0,1.0,,247,,,,,,,,
13.133485529999234,0.00549223473596309,0.0592041015625,0.0,0.0,0.008220000000000002,4.0,0.38,-0.00321213779776978,0.1291858566304048,-0.002150315558537841,3.0457987628314714e-07,1.1026203964685048e-07,676353.8147499999,1.0,673589.5602929688,1.12176296559331e-07,1628.369334855331,5760.0,1.0,,248,,,,,,,,
13.250534140999662,0.006785383372819827,0.06437174479166667,0.0,0.0,0.0081725,4.0,0.37749999999999995,0.0026500362898029075,0.12617529757941762,0.003681102990716075,4.876398618236522e-07,1.0426820828968175e-07,676574.5595,1.0,673865.4530507812,1.12176296559331e-07,1413.717203875281,5760.0,1.0,,249,,,,,,,,
13.14870285699908,0.00886576628787831,0.07718912760416667,0.0,0.0,0.008125,4.0,0.375,0.003095448117771108,0.1285798791795969,0.004140087364551921,2.0746575450184915e-07,1.0338506495344291e-07,676169.94575,1.0,674013.7400625,1.12176296559331e-07,1421.3169389494067,5760.0,1.0,,250,,,,,,,,
12.997448484000415,0.00614954230938262,0.058430989583333336,0.0,0.0,0.008077500000000001,4.0,0.37250000000000005,-0.0009720165689941496,0.12643724276373783,4.921151169886192e-05,1.9599324089606776e-07,9.715221530962974e-08,676693.43975,1.0,673897.5282617187,1.12176296559331e-07,1437.609612790502,5760.0,1.0,,251,,,,,,,,
13.105050890999337,0.005797193705802783,0.0511474609375,0.0,0.0,0.00803,4.0,0.37,0.005846715221802394,0.11717800470069051,0.006787595067483683,1.652600237396958e-07,8.685237344134104e-08,676282.8865,1.0,674293.5321640626,1.12176296559331e-07,1295.7473512458794,5760.0,1.0,,252,,,,,,,,
13.028624774000491,0.0071345767452536775,0.0625,0.0,0.0,0.007982500000000002,4.0,0.36750000000000005,-0.004604982568707783,0.12392070734252532,-0.003615850922263538,1.9704280311098424e-07,9.198419359535137e-08,676905.85875,1.0,674208.0256875,1.12176296559331e-07,1532.7480988494003,5760.0,1.0,,253,,,,,,,,
13.0421613540002,0.0060083433127147146,0.059529622395833336,0.0,0.0,0.007935000000000001,4.0,0.365,-0.004109072873689001,0.12068105768412352,-0.0031515427690465003,2.3284400837061034e-07,1.0311774663781155e-07,676540.7665,1.0,673894.8047109374,1.12176296559331e-07,2052.68536153128,5760.0,1.0,,254,,,,,,,,
13.019695519999004,0.004287594390916638,0.045857747395833336,0.0,0.0,0.007887500000000002,4.0,0.36250000000000004,-0.0034551660877089794,0.12479940724248688,-0.0024708757797876992,1.8553646767098067e-07,9.265406723339235e-08,676681.139,1.0,674451.1252421875,1.12176296559331e-07,1567.7692991995073,5760.0,1.0,,255,,,,,,,,
12.970002822001334,0.007034477971804638,0.062215169270833336,0.0,0.0,0.00784,4.0,0.36,-0.0011536055923594783,0.11503457324579358,-0.000251798036818703,2.237986373998524e-07,8.26849507381174e-08,676908.5665,1.0,673945.7620664062,1.12176296559331e-07,2096.5241014524013,5760.0,1.0,,256,,,,,,,,
12.979399929001374,0.006973294424824417,0.06563313802083333,0.0,0.0,0.007792500000000001,4.0,0.35750000000000004,0.0008787895142935062,0.11143099407975872,0.0017470521464323003,2.0223499556474658e-07,8.589305133810399e-08,677237.10525,1.0,674586.5876601563,1.12176296559331e-07,1452.0584163184649,5760.0,1.0,,257,,,,,,,,
12.984868440000355,0.008131730687940339,0.06376139322916667,0.0,0.0,0.007745,4.0,0.355,-0.005900097265111981,0.106986654146264,-0.005071657913504168,1.1490847911706699e-06,1.1430735706123112e-07,677608.1825,1.0,673852.9965898439,1.12176296559331e-07,2802.611896216702,5760.0,1.0,,258,,,,,,,,
13.072932189001222,0.004562676399170111,0.048990885416666664,0.0,0.0,0.007697500000000001,4.0,0.35250000000000004,0.0008914251842118878,0.10621775143469374,0.0017089021663802366,8.726023557059648e-07,9.406678265951503e-08,676805.1757499999,1.0,674695.7584374999,1.12176296559331e-07,1934.9711839906734,5760.0,1.0,,259,,,,,,,,
13.007272887,0.007112905640193882,0.062296549479166664,0.0,0.0,0.0076500000000000005,4.0,0.35,0.002625592014131447,0.10159849872191747,0.0034012225029679635,1.5602241269618844e-05,7.486425820009875e-08,677006.821,1.0,674811.6261328126,1.12176296559331e-07,2057.0232955857937,5760.0,1.0,,260,677608.1825,676748.31975,676330.58275,70000042,673485.666525,best_of_k,676748.31975,3091.6505092289553
13.17253835000156,0.007313847978366539,0.0572509765625,0.0,0.0,0.007602500000000002,4.0,0.34750000000000003,0.0005031443336823335,0.11036385347445805,0.001306494096449266,0.00035640845029168605,1.0125256085421104e-07,677281.5495,1.0,674949.0441484374,1.12176296559331e-07,1730.700425655415,5760.0,1.0,,261,,,,,,,,
13.106622941999376,0.006653043516659333,0.0614013671875,0.0,0.0,0.007555000000000001,4.0,0.345,0.001557645916667146,0.10896507231518626,0.002380108392875021,7.2363496463149586e-06,8.929191519513324e-08,676938.77625,1.0,674358.1973710938,1.12176296559331e-07,2193.495808463923,5760.0,1.0,,262,,,,,,,,
13.013086588000078,0.0064616420325667905,0.059895833333333336,0.0,0.0,0.007507500000000002,4.0,0.3425,-0.00027617595211874385,0.11559097748249769,0.0005915498768445104,3.0215509768301746e-07,8.612896262860659e-08,677240.8482499999,1.0,674130.8734492187,1.12176296559331e-07,2362.587047151834,5760.0,1.0,,263,,,,,,,,
13.036422015999051,0.005562820357833213,0.052286783854166664,0.0,0.0,0.00746,4.0,0.33999999999999997,0.001242887090484146,0.10896412360792358,0.002055696134145061,2.5730601205253834e-07,7.50854365350051e-08,676721.74375,1.0,674151.1832890625,1.12176296559331e-07,2002.405278129776,5760.0,1.0,,264,,,,,,,,
12.963028181000482,0.008465252865183478,0.065673828125,0.0,0.0,0.007412500000000001,4.0,0.3375,-0.0007938300768728368,0.11258911217252414,4.0664909950767956e-05,2.6466206056359926e-07,9.067583439659188e-08,676849.8985,1.0,674032.7583125001,1.12176296559331e-07,2068.9815215555013,5760.0,1.0,,265,,,,,,,,
12.8979846000002,0.007193429710847947,0.06343587239583333,0.0,0.0,0.007365,4.0,0.33499999999999996,0.00013776095390009382,0.1094052226593097,0.0009434724343009293,2.0340654020382468e-07,7.537795928177123e-08,677218.5897499999,1.0,674571.9983554687,1.12176296559331e-07,1528.2403204624038,5760.0,1.0,,266,,,,,,,,
12.988230118000502,0.007963519999369359,0.06266276041666667,0.0,0.0,0.007317500000000001,4.0,0.3325,-0.001876978329770888,0.11236424682041009,-0.0010548038796211283,1.8228402313506345e-07,6.645776018388005e-08,677074.18075,1.0,674695.3251093751,1.12176296559331e-07,1527.7109947103331,5760.0,1.0,,267,,,,,,,,
13.067879779000577,0.005811543663488313,0.051839192708333336,0.0,0.0,0.00727,4.0,0.32999999999999996,-0.0003485506858851295,0.10664288296053807,0.0004266782198101282,1.9180335305198545e-07,9.198217165717892e-08,676972.30275,1.0,674244.6556640626,1.12176296559331e-07,2040.7365019778802,5760.0,1.0,,268,,,,,,,,
13.064628663001713,0.00725940669629684,0.0653076171875,0.0,0.0,0.0072225000000000015,4.0,0.3275,-0.002661651210170627,0.11217407090589404,-0.001851531696350624,1.9372001277181047e-07,7.644954439870825e-08,677234.1587500001,1.0,674537.6980234375,1.12176296559331e-07,2096.8566624272694,5760.0,1.0,,269,,,,,,,,
13.031466517000808,0.007207910964401283,0.06327311197916667,0.0,0.0,0.007174999999999999,4.0,0.32499999999999996,-0.003688068084253852,0.11220047328000267,-0.002883083225848774,1.7174079787925697e-07,7.30190750826883e-08,677210.8322500001,1.0,675107.3833710938,1.12176296559331e-07,1441.0653459057735,5760.0,1.0,,270,,,,,,,,
12.969013255000391,0.007038148697271633,0.059163411458333336,0.0,0.0,0.0071275,4.0,0.3225,0.004923181710182689,0.11400333466008306,0.0057356731267645955,1.871191631271548e-07,9.6975052136609e-08,677247.63275,1.0,674446.8865507812,1.12176296559331e-07,2686.3270822079385,5760.0,1.0,,271,,,,,,,,
13.154477197998858,0.009784175072127255,0.0736083984375,0.0,0.0,0.0070799999999999995,4.0,0.31999999999999995,0.0003455575448848928,0.11375428891430299,0.001150870870333165,1.9424924217285403e-07,9.565718217530161e-08,676634.07075,1.0,673688.6588476563,1.12176296559331e-07,2611.893613807739,5760.0,1.0,,272,,,,,,,,
13.047056428998985,0.00588763307435632,0.0577392578125,0.0,0.0,0.0070325000000000006,4.0,0.3175,-0.002974409408731541,0.1074752874361972,-0.00221864104969427,1.5660438605162122e-07,7.184020889283715e-08,676996.92675,1.0,674586.3904179689,1.12176296559331e-07,1455.2767083284564,5760.0,1.0,,273,,,,,,,,
13.042008070999145,0.006714829791841718,0.059163411458333336,0.0,0.0,0.006985,4.0,0.31499999999999995,-0.0013148353464202955,0.102143751612554,-0.0006014112732373178,1.6321085608931676e-07,6.801663195628767e-08,676808.126,1.0,674543.8036015625,1.12176296559331e-07,1537.5797322647354,5760.0,1.0,,274,,,,,,,,
12.905797035999058,0.004576848327512077,0.048583984375,0.0,0.0,0.006937500000000001,4.0,0.3125,0.0009788168439020712,0.10959121352061629,0.0017390551899249356,1.5509852158146487e-07,7.167892102089013e-08,676698.7187500001,1.0,674725.8522617188,1.12176296559331e-07,1594.7699852684407,5760.0,1.0,,275,,,,,,,,
12.972971638000672,0.009613452526537003,0.06876627604166667,0.0,0.0,0.006890000000000002,4.0,0.31000000000000005,0.0073734658350682976,0.1099149437310795,0.008130734058795497,1.4497825236621983e-07,6.294419511535902e-08,676513.456,1.0,675103.2236953126,1.12176296559331e-07,1034.4255926866647,5760.0,1.0,,276,,,,,,,,
13.115728482000122,0.009079629441354578,0.0689697265625,0.0,0.0,0.006842500000000001,4.0,0.3075,0.004015553943948665,0.1143781952559948,0.00479814171558246,1.4102813553999263e-07,6.160820046711517e-08,676509.0634999999,1.0,674502.1810351562,1.12176296559331e-07,1348.7319479189957,5760.0,1.0,,277,,,,,,,,
12.902969775999736,0.006813480077350202,0.053304036458333336,0.0,0.0,0.006795000000000002,4.0,0.30500000000000005,-0.001105929841287434,0.11795884293193619,-0.00030444662358301383,1.442162954982488e-07,6.458628898364793e-08,676169.5535000002,1.0,674455.4885078126,1.12176296559331e-07,1562.6888949189508,5760.0,1.0,,278,,,,,,,,
12.894996621000246,0.004241002910324217,0.047648111979166664,0.0,0.0,0.0067475,4.0,0.3025,-0.0035153497932090736,0.11775402522956331,-0.0027208571943144,1.6094690380441534e-07,7.376618071930352e-08,676578.9464999998,1.0,674158.4190703125,1.12176296559331e-07,1833.3181016306035,5760.0,1.0,,279,,,,,,,,
13.0175205430005,0.007291153055120958,0.06791178385416667,0.0,0.0,0.006700000000000001,4.0,0.30000000000000004,0.00010187320731347427,0.11386395851150155,0.0008647087961435318,1.5233476939139715e-07,7.519325266140224e-08,676618.9905,1.0,674178.7758476563,1.12176296559331e-07,1920.6192416127417,5760.0,1.0,,280,677608.1825,676508.858,676441.5255,70000042,673967.4824916667,best_of_k,676508.858,2393.6359593649054
13.074185866000334,0.00451908875159764,0.046834309895833336,0.0,0.0,0.0066525,4.0,0.2975,-0.0030625038246701783,0.1165042311574022,-0.0022875130331764617,1.59203923821849e-07,7.568918825029414e-08,676495.13325,1.0,673978.4119375001,1.12176296559331e-07,2285.5738196075336,5760.0,1.0,,281,,,,,,,,
12.986114612000165,0.0049911002279259264,0.047119140625,0.0,0.0,0.0066050000000000015,4.0,0.29500000000000004,-0.00043768367807691294,0.1156593047392865,0.000326196556367601,1.4549063420687958e-07,6.98708451836912e-08,676500.0447499999,1.0,674051.8286171874,1.12176296559331e-07,2159.814234933127,5760.0,1.0,,282,,,,,,,,
13.016561460000958,0.006532155280486525,0.058553059895833336,0.0,0.0,0.006557500000000001,4.0,0.2925,-0.003396665365774728,0.1128455923559765,-0.002656725603931894,1.4677183853469464e-07,6.156105869514761e-08,676754.8032500001,1.0,674244.9881406251,1.12176296559331e-07,1886.728999933769,5760.0,1.0,,283,,,,,,,,
13.061805339000784,0.006144856408354826,0.061482747395833336,0.0,0.0,0.006510000000000002,4.0,0.29000000000000004,0.0011466595460660756,0.11318504096319278,0.0018834422420089443,1.7020522058430743e-07,7.036917626379591e-08,676679.462,1.0,674549.6072148439,1.12176296559331e-07,1869.5969076171582,5760.0,1.0,,284,,,,,,,,
13.071615177999774,0.006995292744250037,0.06787109375,0.0,0.0,0.0064624999999999995,4.0,0.2875,-0.005136052745607837,0.11515829091270764,-0.004391905715844284,1.5864013303001911e-07,9.541098755505573e-08,677330.1215,1.0,673872.4540234376,1.12176296559331e-07,2499.8290354061232,5760.0,1.0,,285,,,,,,,,
13.06521732300098,0.008033100440419124,0.07466634114583333,0.0,0.0,0.0064150000000000006,4.0,0.28500000000000003,1.70142933105429e-06,0.11838085732112329,0.0007610472772891322,1.8924004407949724e-07,9.660080986980309e-08,676928.98775,1.0,673246.8457773437,1.12176296559331e-07,2781.4275905446084,5760.0,1.0,,286,,,,,,,,
13.086795704999531,0.006921052265776477,0.059895833333333336,0.0,0.0,0.0063675,4.0,0.2825,-0.001220574632801193,0.1102766680220763,-0.000518438445093731,1.427592228135192e-07,7.194569873192336e-08,676800.1602500001,1.0,674803.6833164063,1.12176296559331e-07,1876.2301860126618,5760.0,1.0,,287,,,,,,,,
12.947741643998597,0.004795386691209084,0.0545654296875,0.0,0.0,0.006320000000000001,4.0,0.28,-0.002300990527146496,0.1206920590872566,-0.0015382793014092992,1.577500012099146e-07,9.365564116829243e-08,676344.5985000001,1.0,673574.3114609375,1.12176296559331e-07,2836.374384866629,5760.0,1.0,,288,,,,,,,,
13.0859878809988,0.007712570567188474,0.0673828125,0.0,0.0,0.0062725,4.0,0.27749999999999997,-0.0013899657302924122,0.11626965568090479,-0.0006607209118859222,1.5309416697325182e-07,8.321871651043959e-08,676749.7232499999,1.0,674154.7932929688,1.12176296559331e-07,2476.675311584064,5760.0,1.0,,289,,,,,,,,
12.954928446999475,0.005956436335206187,0.059529622395833336,0.0,0.0,0.006225000000000001,4.0,0.275,-0.002320617320947349,0.11595170153304935,-0.0015988736025368173,1.458436318380052e-07,8.237991592589348e-08,676823.226,1.0,674351.4861328125,1.12176296559331e-07,2164.4727150867056,5760.0,1.0,,290,,,,,,,,
12.874680783999793,0.008899994886936232,0.07523600260416667,0.0,0.0,0.006177500000000001,4.0,0.27249999999999996,-0.001010332940495573,0.1140409071619312,-0.0003058900668596228,1.3180061767907128e-07,6.278515833161673e-08,676766.458,1.0,674841.78146875,1.12176296559331e-07,1833.5709634803363,5760.0,1.0,,291,,,,,,,,
12.982031546000144,0.007297595928927573,0.06290690104166667,0.0,0.0,0.006130000000000002,4.0,0.27,-0.0022893761500502783,0.11721547677492102,-0.0015708832070231438,1.0481646188035636e-07,5.469444630534781e-08,676928.11225,1.0,675211.879796875,1.12176296559331e-07,1582.9021276407086,5760.0,1.0,,292,,,,,,,,
12.828670869001144,0.004715947742928013,0.049112955729166664,0.0,0.0,0.006082499999999999,4.0,0.26749999999999996,0.002184205484809354,0.11582603910937905,0.0028886766328165927,1.1598485579374558e-07,5.6948754896997876e-08,677058.4955,1.0,675084.4354453125,1.12176296559331e-07,1793.7547889041791,5760.0,1.0,,293,,,,,,,,
12.931379879000815,0.006135428832446148,0.06498209635416667,0.0,0.0,0.006035,4.0,0.265,0.0003898488588068479,0.11499261219675343,0.0010837902470181386,1.0903627186327942e-07,5.568495464736145e-08,677359.2517499999,1.0,675376.9624179688,1.12176296559331e-07,1714.2555067696624,5760.0,1.0,,294,,,,,,,,
13.035010417999729,0.0053260158383636735,0.051188151041666664,0.0,0.0,0.0059875,4.0,0.26249999999999996,-0.006027620513729441,0.11347338107104103,-0.005348233855329454,1.0368286999333047e-07,4.8773197554770796e-08,677356.6529999999,1.0,675283.6812890626,1.12176296559331e-07,1603.599680077549,5760.0,1.0,,295,,,,,,,,
12.864209065999603,0.005767524184193462,0.0567626953125,0.0,0.0,0.005940000000000001,4.0,0.26,6.785610094084404e-05,0.11544357147067785,0.0007535486947745085,1.1898228861421482e-07,6.071801972318269e-08,677233.1042500001,1.0,674766.5602382813,1.12176296559331e-07,2078.7192688890955,5760.0,1.0,,296,,,,,,,,
13.003114981998806,0.004822533446713351,0.056193033854166664,0.0,0.0,0.0058925,4.0,0.25749999999999995,0.000678489450365305,0.11361710820347071,0.0013479227394176025,1.4793658239161309e-07,8.142517105014235e-08,676881.6415,1.0,674260.9666054687,1.12176296559331e-07,2201.321025215775,5760.0,1.0,,297,,,,,,,,
12.902874266999788,0.004855205047230508,0.054239908854166664,0.0,0.0,0.005845000000000001,4.0,0.255,-0.001530434972664807,0.11332859362786014,-0.0008680857523965339,2.6057030725705016e-07,6.160643469440193e-08,677262.6082499999,1.0,674584.210578125,1.12176296559331e-07,2369.997982774064,5760.0,1.0,,298,,,,,,,,
12.88448041599986,0.005941805113252485,0.062744140625,0.0,0.0,0.005797500000000001,4.0,0.25249999999999995,-0.0007115669892906832,0.10986435351272424,-7.47419932546715e-05,7.781548564030535e-07,7.124130115461942e-08,677349.5674999999,1.0,674548.2995976562,1.12176296559331e-07,2270.2704336952215,5760.0,1.0,,299,,,,,,,,
12.967668818000675,0.006923337321495637,0.0679931640625,0.0,0.0,0.005750000000000002,4.0,0.25,0.0015842565165561002,0.10794551329066356,0.002204872027505189,3.763230950563449e-07,6.731066171106193e-08,676885.17975,1.0,674204.3895703125,1.12176296559331e-07,2244.5875519541505,5760.0,1.0,,300,677608.1825,677075.687,676685.6547500001,70000042,674239.6175166667,best_of_k,677075.687,2404.329857870888
12.96202645700032,0.005911562603917749,0.0521240234375,0.0,0.0,0.005702500000000001,4.0,0.24750000000000005,-0.002015021194286722,0.10402058142547806,-0.001421913708327338,3.610410225599973e-07,6.706804193494047e-08,677486.4655,1.0,675006.3384921874,1.12176296559331e-07,2174.1477163030036,5760.0,1.0,,301,,,,,,,,
12.86266225899999,0.006151543463298974,0.065673828125,0.0,0.0,0.005655,4.0,0.245,0.0025133351494635767,0.1029887495872875,0.0030956655682530254,3.779278214821602e-07,6.61456319347072e-08,677268.247,1.0,674373.7052695313,1.12176296559331e-07,2106.1637259870026,5760.0,1.0,,302,,,,,,,,
12.905381519000002,0.006102312906174727,0.06514485677083333,0.0,0.0,0.005607500000000001,4.0,0.24250000000000005,0.00015495386226878813,0.1023771104713281,0.0007289505301741883,4.021654490908115e-07,8.444798297683558e-08,677086.7447500001,1.0,674194.3140664063,1.12176296559331e-07,2823.588664392592,5760.0,1.0,,303,,,,,,,,
12.888691369000298,0.007628764235657097,0.06734212239583333,0.0,0.0,0.005560000000000001,4.0,0.24,-0.0021076786894506463,0.09423308089996378,-0.0015839241871920724,8.416604108478035e-07,1.9488849067883507e-07,677411.5710000001,1.0,675293.7357265626,1.12176296559331e-07,2148.928396971529,5760.0,1.0,,304,,,,,,,,
12.845048226001381,0.0054362274531740695,0.053670247395833336,0.0,0.0,0.005512500000000002,4.0,0.23750000000000004,0.0032633945180956894,0.09366783965379,0.003779335665361335,3.6566908200678463e-06,7.369388506835624e-08,677045.786,1.0,675416.3747695312,1.12176296559331e-07,1912.691377549437,5760.0,1.0,,305,,,,,,,,
12.911362164999446,0.00526923831057502,0.0517578125,0.0,0.0,0.005465000000000001,4.0,0.235,0.0006719696260309623,0.09312217185894649,0.001180839123359571,1.256463302290456e-07,6.134380433249949e-08,677489.669,1.0,675579.5550195314,1.12176296559331e-07,1932.4276835096641,5760.0,1.0,,306,,,,,,,,
13.018543280999438,0.00543174711856409,0.055419921875,0.0,0.0,0.005417500000000002,4.0,0.23250000000000004,0.00045136902190279216,0.09689264884218574,0.0009762225672602654,3.3393143924106045e-07,5.724050085772111e-08,677175.245,1.0,675472.05859375,1.12176296559331e-07,1886.5587330261983,5760.0,1.0,,307,,,,,,,,
12.932854276999933,0.004259122305484198,0.045613606770833336,0.0,0.0,0.00537,4.0,0.22999999999999998,-0.0028521927791492394,0.09661985204244654,-0.002333779164473526,4.134707400016424e-06,4.422788698240273e-08,677332.0369999999,1.0,675544.8007421875,1.12176296559331e-07,1433.5691806417763,5760.0,1.0,,308,,,,,,,,
13.191236885999388,0.005633850586794627,0.051676432291666664,0.0,0.0,0.005322500000000001,4.0,0.22750000000000004,-0.004015227023046464,0.09054130455479026,-0.0035359124303795397,2.5675313228094392e-05,4.832562431703972e-08,677099.80325,1.0,675496.2898125,1.12176296559331e-07,1601.6417361646295,5760.0,1.0,,309,,,,,,,,
12.86110483199991,0.004779980595837212,0.0416259765625,0.0,0.0,0.005275,4.0,0.22499999999999998,-0.002899268498974076,0.08442318843056758,-0.0024540981200213232,1.300106753809871e-06,6.389332181851633e-08,677491.68025,1.0,675732.7627968751,1.12176296559331e-07,1668.095438615849,5760.0,1.0,,310,,,,,,,,
12.793568765999225,0.006110718363440053,0.048095703125,0.0,0.0,0.005227500000000001,4.0,0.22250000000000003,0.00024008243538749716,0.0868289250259598,0.0006936740052575866,2.5224251315828874e-06,1.0777343987615022e-07,677409.5602499999,1.0,676214.9309296875,1.12176296559331e-07,602.364880968242,5760.0,1.0,,311,,,,,,,,
12.917621038001016,0.005058744546355835,0.0482177734375,0.0,0.0,0.005180000000000001,4.0,0.21999999999999997,0.0011652846648454822,0.08373115351423621,0.0015989067517997075,8.287013605704866e-07,4.420868619329591e-08,677149.24825,1.0,675748.9469843749,1.12176296559331e-07,1425.9088762776184,5760.0,1.0,,312,,,,,,,,
12.865170727000077,0.00350408841798829,0.0364990234375,0.0,0.0,0.005132500000000002,4.0,0.21750000000000003,-0.0053527131161293555,0.0847273482941091,-0.004917895178853844,1.71961592521086e-07,5.439963398264543e-08,677473.3454999999,1.0,675599.2706367187,1.12176296559331e-07,1672.8173951561164,5760.0,1.0,,313,,,,,,,,
13.079299463999632,0.010169048621416247,0.060994466145833336,0.0,0.0,0.005085000000000001,4.0,0.21499999999999997,0.00421458326006056,0.08532712515443563,0.004648395872209221,5.628863696630996e-07,3.8616728481599694e-08,677487.68825,1.0,676087.4391328125,1.12176296559331e-07,883.7419255771275,5760.0,1.0,,314,,,,,,,,
12.784887371999503,0.0030197022776216422,0.031901041666666664,0.0,0.0,0.005037500000000002,4.0,0.21250000000000002,0.0004023982807363306,0.08746609759206574,0.0008429759085023155,1.0404701248726649e-07,4.494276647134162e-08,677301.8175,1.0,675769.8092499999,1.12176296559331e-07,1362.0226236056367,5760.0,1.0,,315,,,,,,,,
12.888679781999599,0.004939753919946573,0.047526041666666664,0.0,0.0,0.00499,4.0,0.20999999999999996,-0.00018451119346233705,0.08806952166681488,0.0002549213143841674,1.0043593290376407e-07,5.001096610908936e-08,677469.8130000001,1.0,675714.4462148438,1.12176296559331e-07,1374.83868566845,5760.0,1.0,,316,,,,,,,,
12.898261853000804,0.00513514341400878,0.048055013020833336,0.0,0.0,0.004942500000000001,4.0,0.20750000000000002,-0.009222532384834873,0.08485721191391349,-0.008803178905509412,1.2262848292365902e-07,8.14116494958957e-08,677108.5037499999,1.0,674700.1741679688,1.12176296559331e-07,3687.7636802334086,5760.0,1.0,,317,,,,,,,,
12.86584867700003,0.005632519468539006,0.0509033203125,0.0,0.0,0.004895,4.0,0.20499999999999996,-0.0005270906525159565,0.08573380593831341,-0.00010745794861577451,1.0082701917824011e-07,4.845817858090129e-08,677692.6175,1.0,675681.792984375,1.12176296559331e-07,1553.8970553275358,5760.0,1.0,,318,,,,,,,,
12.731282603999716,0.005834066947500105,0.0484619140625,0.0,0.0,0.004847500000000001,4.0,0.2025,-0.00014365609483017275,0.08839622900510828,0.0002848019163745145,1.585520137403762e-07,5.4548619917345796e-08,677449.485,1.0,675529.657328125,1.12176296559331e-07,2085.06545816564,5760.0,1.0,,319,,,,,,,,
12.882608158999574,0.0038633388770297947,0.040771484375,0.0,0.0,0.0048000000000000004,4.0,0.19999999999999996,-0.005290827428325429,0.08709027711302042,-0.004872837850901608,1.2112768077443548e-07,6.323004705007425e-08,677414.88825,1.0,675551.8250976562,1.12176296559331e-07,3122.9438245650786,5760.0,1.0,,320,677692.6175,677515.74175,676278.4595000001,70000042,676441.6259499999,best_of_k,677515.74175,589.7011165432888
12.996452604000297,0.003285295585859179,0.038167317708333336,0.0,0.0,0.0047525000000000015,4.0,0.1975,0.00026105691116147983,0.08502159841979544,0.0006650893289285401,1.3660042149273485e-07,3.766341331405224e-08,677398.93625,1.0,676202.931734375,1.12176296559331e-07,1060.7025528329486,5760.0,1.0,,321,,,,,,,,
12.902005897998606,0.004487782971409615,0.0416259765625,0.0,0.0,0.004704999999999999,4.0,0.19499999999999995,0.0021695061374581806,0.08550877620776494,0.0025717869866639376,1.5568047532591814e-07,4.455262669900151e-08,677631.108,1.0,676062.2085664063,1.12176296559331e-07,1434.845524667377,5760.0,1.0,,322,,,,,,,,
12.983981904000757,0.006840243659704963,0.048543294270833336,0.0,0.0,0.0046575,4.0,0.1925,-0.001451771859137807,0.08378747416039307,-0.0010615606248999636,1.091482795996986e-07,3.675949367121234e-08,677465.398,1.0,675998.9670195312,1.12176296559331e-07,1092.1110762580859,5760.0,1.0,,323,,,,,,,,
12.986667623999892,0.005544555073962935,0.047200520833333336,0.0,0.0,0.0046099999999999995,4.0,0.18999999999999995,-0.0026787698079715483,0.08423941660051544,-0.0022904553625267,8.765761982942877e-08,4.0869286103510184e-08,677134.4697499999,1.0,675939.8136171876,1.12176296559331e-07,1304.7322893007229,5760.0,1.0,,324,,,,,,,,
12.834266841000499,0.0039856982305839965,0.0439453125,0.0,0.0,0.004562500000000001,4.0,0.1875,0.003886244880656401,0.08002887091909845,0.004251341975759715,7.893657002118933e-08,5.354314769334678e-08,677060.7089999999,1.0,675659.1626757812,1.12176296559331e-07,1335.3706015548617,5760.0,1.0,,325,,,,,,,,
12.873922848999428,0.0034682397284389785,0.037434895833333336,0.0,0.0,0.004515000000000002,4.0,0.18500000000000005,-0.004843002772759064,0.08123100502416492,-0.004476277041248977,1.0409505494616648e-07,4.459117675104096e-08,677245.2670000001,1.0,675648.6703125,1.12176296559331e-07,1288.9420175678397,5760.0,1.0,,326,,,,,,,,
12.952942996000274,0.0045411773171508685,0.047281901041666664,0.0,0.0,0.004467500000000001,4.0,0.1825,-0.0012271383457118645,0.08473977384467919,-0.0008485975752895077,1.3978100958193332e-07,4.032239135180286e-08,677272.46175,1.0,675629.8126289062,1.12176296559331e-07,1203.1507964724299,5760.0,1.0,,327,,,,,,,,
12.777125638000143,0.002325558840918044,0.029012044270833332,0.0,0.0,0.004420000000000002,4.0,0.18000000000000005,-0.0012953217519680038,0.08146013629933198,-0.0009353086837412169,1.2610617098710955e-07,5.65775692222085e-08,677382.87225,1.0,675618.2834335938,1.12176296559331e-07,2065.09010290841,5760.0,1.0,,328,,,,,,,,
12.830381867999677,0.003859780844019648,0.040242513020833336,0.0,0.0,0.004372500000000001,4.0,0.1775,-0.001509319282680129,0.08346690485874812,-0.0011444062110967934,2.3325052067590946e-07,4.4703891477482216e-08,677369.629,1.0,675903.3760429687,1.12176296559331e-07,1248.5180021914837,5760.0,1.0,,329,,,,,,,,
12.860363734998828,0.0036072709948105817,0.040690104166666664,0.0,0.0,0.0043250000000000025,4.0,0.17500000000000004,0.001623749267309904,0.0840859020439287,0.001987391345513364,8.373358872937331e-08,4.238979759800069e-08,677397.0920000001,1.0,675910.178890625,1.12176296559331e-07,1152.8304253788363,5760.0,1.0,,330,,,,,,,,
12.803556705999654,0.003623701231845189,0.032674153645833336,0.0,0.0,0.0042775,4.0,0.1725,-0.006998412898004365,0.08629961979265015,-0.00662929725755627,7.845603944289792e-08,4.713014852460636e-08,677438.90625,1.0,675378.8349140624,1.12176296559331e-07,1744.2269329222745,5760.0,1.0,,331,,,,,,,,
13.013875119999284,0.0045822646461601835,0.0450439453125,0.0,0.0,0.004230000000000001,4.0,0.17000000000000004,-0.001015336948815578,0.082849881456544,-0.0006649187222744027,1.4057987500019445e-07,4.520828963035702e-08,677220.765,1.0,675610.123109375,1.12176296559331e-07,1645.0363786818345,5760.0,1.0,,332,,,,,,,,
13.03348314700088,0.005960052750500229,0.0491943359375,0.0,0.0,0.004182500000000002,4.0,0.16749999999999998,-0.005547707284373852,0.08553399750962853,-0.005190009843014802,1.720029632797567e-07,6.257645683109085e-08,677213.9477499999,1.0,675025.9041523437,1.12176296559331e-07,3281.7647482893235,5760.0,1.0,,333,,,,,,,,
12.899771423999482,0.006541545845417811,0.053995768229166664,0.0,0.0,0.004135,4.0,0.16500000000000004,-0.001958175669036185,0.08658573248734076,-0.0016001856808240216,1.714197789641029e-07,5.074365209504587e-08,677196.76025,1.0,675809.10196875,1.12176296559331e-07,1201.6036357524783,5760.0,1.0,,334,,,,,,,,
13.028063515001122,0.005156164871247408,0.045939127604166664,0.0,0.0,0.004087500000000001,4.0,0.16249999999999998,-0.00442125649836574,0.08677386476968725,-0.004066607390996069,1.4274180563470887e-07,4.946806268317042e-08,677203.89975,1.0,675414.7305117188,1.12176296559331e-07,1570.1697253038244,5760.0,1.0,,335,,,,,,,,
12.907938734999334,0.005236836708111999,0.052734375,0.0,0.0,0.004040000000000002,4.0,0.16000000000000003,-0.005061245805336512,0.09012606677909692,-0.004697184932107727,1.1026475184768476e-07,7.429056821569209e-08,677178.77975,1.0,674931.9448046875,1.12176296559331e-07,3772.659147713965,5760.0,1.0,,336,,,,,,,,
12.937053714000285,0.0043778928023433155,0.048909505208333336,0.0,0.0,0.0039924999999999995,4.0,0.15749999999999997,0.0009100193665290135,0.09268204386656483,0.0012800244245833408,7.56416234833542e-08,4.109982783736162e-08,677610.1257499999,1.0,675912.8454257813,1.12176296559331e-07,1471.6504817783991,5760.0,1.0,,337,,,,,,,,
12.864596446999712,0.005396510520464896,0.052408854166666664,0.0,0.0,0.003945000000000001,4.0,0.15500000000000003,0.0024167725083922655,0.09526992791021864,0.002792566684850802,2.0987733935958394e-07,5.0999236611559695e-08,677420.21325,1.0,675674.4868046875,1.12176296559331e-07,2040.719541712717,5760.0,1.0,,338,,,,,,,,
12.896475616000316,0.0028266180561331566,0.032470703125,0.0,0.0,0.0038975000000000017,4.0,0.15249999999999997,0.0016348569673330833,0.09276684715102117,0.0019963523178982237,3.5923912600210883e-07,5.537810632283424e-08,677641.66175,1.0,675655.5164960937,1.12176296559331e-07,2211.144027131124,5760.0,1.0,,339,,,,,,,,
13.130419510000138,0.00371331553105847,0.038777669270833336,0.0,0.0,0.0038500000000000027,4.0,0.15000000000000002,-0.004155206954237656,0.09363931401943167,-0.0037947403034195304,1.507561095219027e-07,5.811082763133394e-08,677462.46775,1.0,675716.4218437499,1.12176296559331e-07,2330.71262545656,5760.0,1.0,,340,677692.6175,677084.71575,676937.773,70000042,675686.401425,best_of_k,677084.71575,2162.576676640375
13.121120843999961,0.004713867099781055,0.049275716145833336,0.0,0.0,0.0038025000000000003,4.0,0.14749999999999996,0.00031343321218931425,0.09256437063838045,0.0006653696182183921,9.731922127424279e-08,6.066281417934268e-08,677009.69975,1.0,675595.366375,1.12176296559331e-07,2852.1449801904455,5760.0,1.0,,341,,,,,,,,
12.986304012998517,0.004781193291516199,0.041951497395833336,0.0,0.0,0.0037550000000000014,4.0,0.14500000000000002,-0.002756460934809487,0.09707016637548804,-0.002392003768666958,1.0992279412628629e-07,6.078904705534664e-08,677468.78425,1.0,675591.1990507813,1.12176296559331e-07,1748.7169281243368,5760.0,1.0,,342,,,,,,,,
12.992432637000093,0.004270189000332418,0.046712239583333336,0.0,0.0,0.003707499999999999,4.0,0.14249999999999996,-0.005820241700348561,0.09608909006540974,-0.005464026500703767,9.626507265399671e-08,5.098112746774556e-08,677156.8855000001,1.0,675554.80815625,1.12176296559331e-07,2036.806990467149,5760.0,1.0,,343,,,,,,,,
12.909350039999481,0.0025275854941355647,0.02734375,0.0,0.0,0.00366,4.0,0.14,-0.0014779366119910264,0.09767950217549999,-0.0011204605689272285,7.631710493190742e-08,4.703388116015598e-08,677296.7205000002,1.0,675378.6830078126,1.12176296559331e-07,1769.4550517432267,5760.0,1.0,,344,,,,,,,,
12.988649680999515,0.003162896853306544,0.0416259765625,0.0,0.0,0.003612500000000001,4.0,0.13749999999999996,-0.0008580698073880436,0.09183107735589147,-0.0005263675605723014,9.618258693204022e-08,5.545881383757963e-08,677763.42525,1.0,675727.9056601563,1.12176296559331e-07,1525.7052021709983,5760.0,1.0,,345,,,,,,,,
13.049883255998793,0.0027106935376650654,0.0306396484375,0.0,0.0,0.003565000000000002,4.0,0.135,-0.004164992349008874,0.09454748003433149,-0.003827961734108006,7.97560848475598e-08,4.549302830743803e-08,677363.6865,1.0,675352.9553164062,1.12176296559331e-07,2082.7365328814954,5760.0,1.0,,346,,,,,,,,
13.09526202699999,0.003945018426747993,0.040201822916666664,0.0,0.0,0.0035175,4.0,0.13249999999999995,-0.005609228416991148,0.09055323417608936,-0.00529073648309956,6.820380837879725e-08,4.427252497940515e-08,677274.5077500001,1.0,675910.787671875,1.12176296559331e-07,1562.6074528779275,5760.0,1.0,,347,,,,,,,,
12.923900428999332,0.0030703235606779344,0.031005859375,0.0,0.0,0.003470000000000001,4.0,0.13,-0.0002908332389779389,0.09073757209504645,2.40035781947275e-05,6.270341290637305e-08,3.2422754999335744e-08,677322.36975,1.0,676118.800734375,1.12176296559331e-07,960.0279721959926,5760.0,1.0,,348,,,,,,,,
13.013790160999633,0.003668850287188737,0.03515625,0.0,0.0,0.0034224999999999985,4.0,0.12749999999999995,-0.004036793339764699,0.09489343284318845,-0.0037120539345778525,7.402573916811168e-08,5.1419123699621615e-08,677288.988,1.0,675399.1493398438,1.12176296559331e-07,1909.8169645025628,5760.0,1.0,,349,,,,,,,,
13.123713621000206,0.002416442871738885,0.0262451171875,0.0,0.0,0.0033749999999999995,4.0,0.125,-0.0003967451387628292,0.0902048636538287,-9.233109691801171e-05,6.613217677179743e-08,4.108517244934736e-08,677134.151,1.0,675721.1802617188,1.12176296559331e-07,1909.725156139074,5760.0,1.0,,350,,,,,,,,
13.041808524998487,0.0027323625975744412,0.031290690104166664,0.0,0.0,0.0033275000000000006,4.0,0.12250000000000005,-0.001084576128050685,0.08538874130075176,-0.000800496277709802,3.3848877027213103e-07,3.59046716062276e-08,677131.0902500001,1.0,675855.2953007813,1.12176296559331e-07,1283.0953084013352,5760.0,1.0,,351,,,,,,,,
13.157460602000356,0.00384434712032089,0.038981119791666664,0.0,0.0,0.0032800000000000017,4.0,0.12,0.002132271314621903,0.08723333617672324,0.002418178909768661,2.040881788308487e-06,2.6978524710526603e-08,677584.03,1.0,676230.3785273437,1.12176296559331e-07,620.54815305002,5760.0,1.0,,352,,,,,,,,
12.99892916600038,0.0026410021346237045,0.0272216796875,0.0,0.0,0.0032325000000000027,4.0,0.11750000000000005,-0.0004100578419941788,0.0854581599123776,-0.00013384427681254843,8.786245494126395e-08,4.233898306023794e-08,677244.236,1.0,675485.4981953126,1.12176296559331e-07,2005.2165851434831,5760.0,1.0,,353,,,,,,,,
13.06975902999875,0.0035662290235147034,0.037516276041666664,0.0,0.0,0.0031850000000000003,4.0,0.11499999999999999,-0.003941840910253329,0.08570790647839506,-0.0036688951562003544,8.252881178449911e-08,5.131348938351247e-08,677557.814,1.0,675391.4841054687,1.12176296559331e-07,2045.6693190896008,5760.0,1.0,,354,,,,,,,,
12.948617111998828,0.0030155421918607317,0.032063802083333336,0.0,0.0,0.0031375000000000014,4.0,0.11250000000000004,-0.0026881413881104286,0.08600218966603279,-0.002418332665304964,5.587019587712424e-08,3.530993497591339e-08,677531.1670000001,1.0,675996.3567421875,1.12176296559331e-07,1392.3954402942743,5760.0,1.0,,355,,,,,,,,
12.976712310999574,0.0027031328403002894,0.027913411458333332,0.0,0.0,0.003089999999999999,4.0,0.10999999999999999,-0.002340010721430493,0.08590740415578087,-0.0020745817746501416,6.024591396129135e-08,3.708859641626816e-08,677440.0864999999,1.0,675776.8634335938,1.12176296559331e-07,1571.4588239846498,5760.0,1.0,,356,,,,,,,,
12.996254080999279,0.004820920765268966,0.041097005208333336,0.0,0.0,0.0030425,4.0,0.10750000000000004,-0.00387007607302318,0.08437581950177749,-0.003613389291179677,6.322347741634833e-08,3.987786097633025e-08,677524.1745,1.0,675974.4413320313,1.12176296559331e-07,1708.7468097498872,5760.0,1.0,,357,,,,,,,,
12.950936264998745,0.004147939279694886,0.0379638671875,0.0,0.0,0.002995000000000001,4.0,0.10499999999999998,-0.0023249137725542823,0.08369754658391078,-0.0020742640966394297,7.481859006415921e-08,3.379456958718663e-08,677740.1959999999,1.0,676168.8276367188,1.12176296559331e-07,1312.1279241231819,5760.0,1.0,,358,,,,,,,,
12.955375726000057,0.00260374003846664,0.030802408854166668,0.0,0.0,0.002947500000000002,4.0,0.10250000000000004,0.0026506895701459143,0.08290333797534306,0.002895022878268113,9.544804346894864e-08,2.9667311570354588e-08,677771.505,1.0,676148.7650429688,1.12176296559331e-07,976.9285761021291,5760.0,1.0,,359,,,,,,,,
13.039573861000463,0.002689795638919653,0.0301513671875,0.0,0.0,0.0029,4.0,0.09999999999999998,-0.001045061008577856,0.08347278585036595,-0.0008030168052452306,1.1675628545463705e-07,3.0455333773401115e-08,677293.8042499999,1.0,676240.2159804688,1.12176296559331e-07,1030.214592378982,5760.0,1.0,,360,677771.505,677728.5515,676735.4242499999,70000042,676355.3046833333,best_of_k,677728.5515,715.8505551684481
13.081319470999006,0.0026737443258753046,0.024129231770833332,0.0,0.0,0.002852500000000001,4.0,0.09750000000000003,-0.001763998841245969,0.08257376309484243,-0.0015284776745829731,5.225527914080411e-08,2.9766348127087856e-08,677109.988,1.0,676264.4522460937,1.12176296559331e-07,801.5626833694323,5760.0,1.0,,361,,,,,,,,
13.04887294999935,0.002059579661969716,0.022786458333333332,0.0,0.0,0.002805000000000002,4.0,0.09499999999999997,0.0028982441278155116,0.07987902934352557,0.0031222791876643896,6.344776104505456e-08,3.717319951856979e-08,677680.3532499999,1.0,676192.3715742187,1.12176296559331e-07,1119.9195166864813,5760.0,1.0,,362,,,,,,,,
12.983434981000755,0.0024309005372439665,0.025838216145833332,0.0,0.0,0.002757500000000003,4.0,0.09250000000000003,0.0014632468579899676,0.07822945853695273,0.0016789302802256618,1.2747279187763638e-07,4.243998756129722e-08,677455.8324999999,1.0,676095.57215625,1.12176296559331e-07,1342.428693054067,5760.0,1.0,,363,,,,,,,,
13.16486291000001,0.0026554999640211463,0.031209309895833332,0.0,0.0,0.0027100000000000006,4.0,0.08999999999999997,-0.005668917845468968,0.07825644547119737,-0.005456871585920453,9.17775545191309e-08,3.820860091282204e-08,677086.01625,1.0,676131.2237148437,1.12176296559331e-07,1067.4004823216287,5760.0,1.0,,364,,,,,,,,
13.09819856499962,0.001954645563576681,0.023356119791666668,0.0,0.0,0.0026625000000000017,4.0,0.08750000000000002,0.0005732553181587718,0.07756434412052234,0.0007797286962158978,1.0555373042286931e-07,6.175140780199466e-08,677439.6715,1.0,676221.5611562501,1.12176296559331e-07,1011.4394440351043,5760.0,1.0,,365,,,,,,,,
13.178329362999648,0.0036687562654454573,0.0374755859375,0.0,0.0,0.0026149999999999993,4.0,0.08499999999999996,0.001618687821367833,0.07708741305395961,0.0018202089122496545,4.912000122203608e-07,2.6671045372239632e-08,677739.13375,1.0,676678.2648554686,1.12176296559331e-07,715.8816287845199,5760.0,1.0,,366,,,,,,,,
13.019010122001418,0.0020776823512278497,0.022542317708333332,0.0,0.0,0.0025675000000000003,4.0,0.08250000000000002,-0.0021677864533558022,0.07691190927289426,-0.0019703482248587534,1.368299360482439e-07,3.8000326145019393e-08,677326.84025,1.0,675905.9313554687,1.12176296559331e-07,1542.7366198665563,5760.0,1.0,,367,,,,,,,,
13.269230978999985,0.002527474835612035,0.020426432291666668,0.0,0.0,0.0025200000000000014,4.0,0.07999999999999996,-0.003556226428675776,0.07713966351002455,-0.003361858534238612,6.64615194730563e-08,3.500853285043348e-08,677613.76925,1.0,676182.7891328125,1.12176296559331e-07,1316.2407131209359,5760.0,1.0,,368,,,,,,,,
13.24116776200026,0.004292281762294199,0.036865234375,0.0,0.0,0.0024725000000000025,4.0,0.07750000000000001,-0.004143310440971011,0.07628769737978776,-0.003954713155205051,8.419112370224487e-08,3.178649358540989e-08,677861.6665,1.0,676480.374421875,1.12176296559331e-07,939.4155760336382,5760.0,1.0,,369,,,,,,,,
13.13828344600006,0.001675518172608766,0.02099609375,0.0,0.0,0.002425,4.0,0.07499999999999996,-0.0048282735418373095,0.07545288217564423,-0.004645334498491138,9.736157761489987e-08,4.9381837508022386e-08,677981.08575,1.0,675745.1090234375,1.12176296559331e-07,2600.265210053531,5760.0,1.0,,370,,,,,,,,
13.150247133999073,0.0023828446743815825,0.0264892578125,0.0,0.0,0.002377500000000001,4.0,0.07250000000000001,-0.004542137845722512,0.07941398195301493,-0.004353360660995047,7.818631705032904e-08,4.2574400227479714e-08,677958.9637500001,1.0,675913.9393984375,1.12176296559331e-07,1707.4936607620991,5760.0,1.0,,371,,,,,,,,
13.176919748000728,0.0019044432580509845,0.020222981770833332,0.0,0.0,0.0023299999999999987,4.0,0.06999999999999995,0.001620096812985139,0.07840981210271518,0.0018027625143683206,1.0528588216078087e-07,3.6854128970809086e-08,677639.12575,1.0,676534.5099296875,1.12176296559331e-07,1016.4028471946067,5760.0,1.0,,372,,,,,,,,
13.002609463999761,0.0018311662824999075,0.020711263020833332,0.0,0.0,0.0022825,4.0,0.0675,-0.005178100444027223,0.07575518963858485,-0.005005266924854368,5.884254804892445e-07,3.838807083322848e-08,678019.0795,1.0,676528.48328125,1.12176296559331e-07,1519.8859675691629,5760.0,1.0,,373,,,,,,,,
13.152728863999073,0.0017602644159827225,0.017130533854166668,0.0,0.0,0.002235000000000001,4.0,0.06499999999999995,-0.003809081489938156,0.07454944821074605,-0.0036425370102127395,5.787811739506784e-07,3.144814582819085e-08,677905.94175,1.0,676492.81421875,1.12176296559331e-07,1054.8859567224383,5760.0,1.0,,374,,,,,,,,
13.022573739999643,0.002707791163023406,0.024373372395833332,0.0,0.0,0.002187500000000002,4.0,0.0625,-0.008723412873223424,0.07376308335612218,-0.00856208015466109,9.049384560218716e-08,3.065616035099102e-08,677880.1595000001,1.0,676611.2212031251,1.12176296559331e-07,723.2755103849457,5760.0,1.0,,375,,,,,,,,
13.134284351999668,0.0013192698033890338,0.016194661458333332,0.0,0.0,0.002140000000000003,4.0,0.06000000000000005,0.0021622332133119926,0.07753564898545544,0.002328126080101356,1.880528491445451e-07,2.8823471572477406e-08,678010.4110000001,1.0,676518.877609375,1.12176296559331e-07,878.765133541601,5760.0,1.0,,376,,,,,,,,
13.212927803000639,0.0019178210483611717,0.021565755208333332,0.0,0.0,0.0020925000000000006,4.0,0.057499999999999996,0.0011193558093509637,0.0772511678126951,0.0012809702796706308,1.950709114980261e-07,2.8039393991837375e-08,678016.7325,1.0,676768.65459375,1.12176296559331e-07,716.4812694370274,5760.0,1.0,,377,,,,,,,,
13.136123505999421,0.0011721342658953897,0.0120849609375,0.0,0.0,0.0020450000000000017,4.0,0.05500000000000005,-0.00734980778361205,0.07757102884352207,-0.007191199537677069,6.4042162017941e-08,3.582682113941379e-08,678143.2697500001,1.0,676264.6962070311,1.12176296559331e-07,1494.2672156751103,5760.0,1.0,,378,,,,,,,,
13.362564193999788,0.0014799996715737507,0.014119466145833334,0.0,0.0,0.0019974999999999993,4.0,0.05249999999999999,-0.0015137300069909543,0.07685944756182532,-0.0013602286150368552,5.896125165882893e-08,3.810294013639748e-08,678013.30975,1.0,676333.8910429687,1.12176296559331e-07,1337.0441594097986,5760.0,1.0,,379,,,,,,,,
13.131703539000227,0.001737844197729525,0.019490559895833332,0.0,0.0,0.0019500000000000003,4.0,0.050000000000000044,-0.0006432285548119884,0.08025228433931868,-0.0004867561316738526,5.0583717807010466e-08,2.8602555657286644e-08,677780.32575,1.0,676730.0429179687,1.12176296559331e-07,803.0651383167008,5760.0,1.0,,380,678143.2697500001,677897.3257500001,677807.4137500001,70000042,676851.3171999998,best_of_k,677897.3257500001,609.5432099258396
13.359423464999054,0.001572232496982906,0.018595377604166668,0.0,0.0,0.0019025000000000014,4.0,0.04749999999999999,-0.003008764007972786,0.07739218169202407,-0.0028615511934428164,5.8160682714358813e-08,3.90859904442209e-08,677913.0182500001,1.0,676695.013265625,1.12176296559331e-07,1047.3682791697997,5760.0,1.0,,381,,,,,,,,
13.005152081999768,0.0014965492961588704,0.0169677734375,0.0,0.0,0.0018550000000000025,4.0,0.04500000000000004,-0.0037504148291797415,0.07395676422553758,-0.0036132491465347507,5.692270906484017e-08,3.70282805158458e-08,678058.1930000001,1.0,676510.3901367188,1.12176296559331e-07,1216.188011952254,5760.0,1.0,,382,,,,,,,,
13.053770603000885,0.0012881298037730933,0.015909830729166668,0.0,0.0,0.0018075,4.0,0.04249999999999998,-0.0027983198227351145,0.07770414929836988,-0.0026578918332234025,5.589578562966343e-08,3.3242501455236585e-08,678105.5097500001,1.0,676691.7165273437,1.12176296559331e-07,875.5108628156951,5760.0,1.0,,383,,,,,,,,
12.975213483001426,0.0012032636138125479,0.015625,0.0,0.0,0.0017600000000000011,4.0,0.040000000000000036,-0.003658014964457834,0.07453997697060306,-0.00352684398725008,4.9114299960351104e-08,2.93843907724541e-08,678029.46775,1.0,676622.5509375,1.12176296559331e-07,1001.8711202254102,5760.0,1.0,,384,,,,,,,,
13.08069665399853,0.0012109499184589367,0.014119466145833334,0.0,0.0,0.0017124999999999987,4.0,0.03749999999999998,0.0013608038013141293,0.07178258034400642,0.00148370557387049,6.460938088241146e-08,3.978625932414085e-08,678240.85725,1.0,676615.8884492187,1.12176296559331e-07,1495.9777566987468,5760.0,1.0,,385,,,,,,,,
13.07615917000112,0.00132193024182925,0.013590494791666666,0.0,0.0,0.0016649999999999998,4.0,0.03500000000000003,-0.0031876363427727483,0.07221636502072215,-0.0030674272954153516,8.943305296327253e-08,4.4099145409444894e-08,678540.0377499999,1.0,676486.0042460938,1.12176296559331e-07,1619.766867749067,5760.0,1.0,,386,,,,,,,,
12.992761553001401,0.0012610732580166466,0.013264973958333334,0.0,0.0,0.0016175000000000009,4.0,0.03249999999999997,0.0008052040284383111,0.07434184825979173,0.0009254292235709727,5.612871678550846e-08,3.401273133511277e-08,678008.02975,1.0,676627.2481953125,1.12176296559331e-07,980.815316652777,5760.0,1.0,,387,,,,,,,,
12.990681053001026,0.001037135158185265,0.0118408203125,0.0,0.0,0.001570000000000002,4.0,0.030000000000000027,0.0006959257758959817,0.07373384883006413,0.000811662544341137,6.181698664065038e-08,3.790427949290631e-08,678263.61375,1.0,676506.5349140626,1.12176296559331e-07,1431.8077550481362,5760.0,1.0,,388,,,,,,,,
13.08072072899995,0.0024312259944660277,0.026611328125,0.0,0.0,0.0015224999999999995,4.0,0.02749999999999997,-0.0009783561284469517,0.07477589696645737,-0.0008645301568321884,5.240073508439025e-08,3.090345697861115e-08,678166.7817500001,1.0,676635.0422265625,1.12176296559331e-07,1015.4661509441844,5760.0,1.0,,389,,,,,,,,
13.06151489900003,0.0022715379952084427,0.025187174479166668,0.0,0.0,0.0014750000000000006,4.0,0.025000000000000022,-0.0004363571545885255,0.07931917758348088,-0.00031938359218960005,5.568422789536953e-08,3.339511163898597e-08,678054.7965,1.0,676607.9776875,1.12176296559331e-07,1341.1919522664402,5760.0,1.0,,390,,,,,,,,
13.093790049000745,0.0011178689001098974,0.0128173828125,0.0,0.0,0.0014275000000000017,4.0,0.022499999999999964,0.005208856034490357,0.0771111900297304,0.005318909980511914,5.2688222081561285e-08,3.521709738644555e-08,678162.43775,1.0,676853.7255117188,1.12176296559331e-07,912.2874040601924,5760.0,1.0,,391,,,,,,,,
13.12219281599937,0.0016158240468939766,0.019246419270833332,0.0,0.0,0.0013800000000000028,4.0,0.020000000000000018,-0.004575720755383372,0.07871528062969446,-0.0044671148449803395,5.0613619591762436e-08,3.1929998015970775e-08,678366.41375,1.0,676820.2817695313,1.12176296559331e-07,891.4985790557488,5760.0,1.0,,392,,,,,,,,
13.097265701000651,0.0024968448800185192,0.031575520833333336,0.0,0.0,0.0013325000000000004,4.0,0.01749999999999996,0.0007963782857890086,0.07860888276870052,0.0009011029324028641,5.076486697674909e-08,3.275955003563998e-08,677774.7497500001,1.0,676511.6578710938,1.12176296559331e-07,1123.0940851183937,5760.0,1.0,,393,,,,,,,,
13.094928004000394,0.0015527769919572165,0.019571940104166668,0.0,0.0,0.0012850000000000014,4.0,0.015000000000000013,-0.00221746579821532,0.0806234572082758,-0.002113893967665111,6.280445393376984e-08,4.496248284802107e-08,678055.3897499999,1.0,676258.7739335938,1.12176296559331e-07,1716.9351552035384,5760.0,1.0,,394,,,,,,,,
13.079889249998814,0.0011234513876843266,0.013264973958333334,0.0,0.0,0.001237499999999999,4.0,0.012499999999999956,-0.0011183877145413135,0.08189744859312971,-0.0010170704869475837,6.520850259761346e-08,4.827681950499615e-08,678157.26975,1.0,676224.1144101563,1.12176296559331e-07,2297.677831266513,5760.0,1.0,,395,,,,,,,,
13.019474861999697,0.0014479545613236648,0.016927083333333332,0.0,0.0,0.00119,4.0,0.010000000000000009,0.0025860325821061756,0.07999408260608713,0.0026811990731706223,6.345562453269338e-08,3.957178148124759e-08,678261.36575,1.0,676476.5637539062,1.12176296559331e-07,1242.3828718657833,5760.0,1.0,,396,,,,,,,,
13.000678589000017,0.0021878602334860866,0.024454752604166668,0.0,0.0,0.0011425000000000012,4.0,0.007499999999999951,-0.005672409618758441,0.08498566302781303,-0.0055753390964431064,5.7421523980139e-08,3.943909702523266e-08,678101.74175,1.0,676433.3411289062,1.12176296559331e-07,1182.9964924697317,5760.0,1.0,,397,,,,,,,,
12.93664838299992,0.001098477239186953,0.0123291015625,0.0,0.0,0.0010950000000000022,4.0,0.0050000000000000044,0.0022278231069018752,0.08087295231719811,0.0023163569470246634,5.186110563215607e-08,3.447150572396159e-08,678173.24575,1.0,676691.7666289062,1.12176296559331e-07,926.249046903316,5760.0,1.0,,398,,,,,,,,
13.197487912000724,0.001961426112757181,0.0201416015625,0.0,0.0,0.0010474999999999998,4.0,0.0024999999999999467,0.00033964586327783763,0.08039276860654354,0.00042382226092740893,7.328769606000189e-08,5.402307505046148e-08,678197.75675,1.0,676263.9616015624,1.12176296559331e-07,2838.3302059853145,5760.0,1.0,,399,,,,,,,,
13.058738670000821,0.0014385199998893465,0.0174560546875,0.0,0.0,0.0010000000000000009,4.0,0.0,0.0023976180576331294,0.07891481307645638,0.0024765097671964518,5.5506602499496203e-08,3.4372548067077936e-08,678607.1725,1.0,676734.2748554687,1.12176296559331e-07,1097.3317185957308,5760.0,1.0,,400,678607.1725,677802.07575,677234.2825000001,70000042,676880.3525666667,best_of_k,677802.07575,513.8225422683065
