elapsed_seconds,optimization_approximate_kl,optimization_clip_fraction,optimization_count_loss,optimization_early_kl_stop,optimization_entropy_coefficient,optimization_epochs_completed,optimization_learning_rate_fraction,optimization_loss,optimization_normalized_entropy,optimization_policy_loss,optimization_q_loss,optimization_value_loss,rollout_best_objective,rollout_feasible_rate,rollout_mean_objective,rollout_reward_scale,rollout_std_objective,rollout_transitions,rollout_vectorized_rollouts,self_imitation_loss,update,validation_archive_best_objective,validation_best_of_k_objective,validation_deterministic_objective,validation_fixed_validation_seed,validation_mean_stochastic_objective,validation_selection_metric,validation_selection_objective,validation_std_stochastic_objective
9.165869568000005,0.005673861049581319,0.0639485679101199,0.0,0.0,0.0199525,4.0,0.9975,-0.017257271986454725,0.7774771139025688,-0.003345006995368749,0.0007720050421994529,0.0030462931748843403,196577.18699999998,1.0,163415.122765625,1.9421566041954998e-07,17302.219477076465,4800.0,1.0,,1,196577.18699999998,214039.63,192415.38199999998,70000042,173379.0606,best_of_k,214039.63,19435.232736452723
7.9315528669999935,0.005472728566383011,0.07073567740153522,0.0,0.0,0.019905,4.0,0.995,-0.02199155567213893,0.7778634846210479,-0.006535179342608899,6.087593674237723e-05,4.181966619398736e-05,236130.56800000003,1.0,171898.420515625,1.9421566041954998e-07,20301.87945427247,4800.0,1.0,,2,,,,,,,,
8.132273783000016,0.006005731740151532,0.09773763045668601,0.0,0.0,0.0198575,4.0,0.9925,-0.0240599958691746,0.776049479842186,-0.008661784930154681,4.013766279058473e-05,1.6355610023310872e-05,240184.371,1.0,178882.07609375002,1.9421566041954998e-07,23027.85012373674,4800.0,1.0,,3,,,,,,,,
8.195012015000032,0.006398060207720846,0.10610351599752903,0.0,0.0,0.01981,4.0,0.99,-0.02621486720163375,0.7682834684848785,-0.01100519773317501,3.502391218717094e-05,1.3047377228758705e-05,242649.90800000002,1.0,186908.25570312503,1.9421566041954998e-07,24181.444071835256,4800.0,1.0,,4,,,,,,,,
8.132248910999976,0.0066213764366693795,0.10436197938397526,0.0,0.0,0.0197625,4.0,0.9875,-0.02625118854921311,0.7628281712532043,-0.011184614815283567,3.202457778570533e-05,1.122972232678876e-05,267293.658,1.0,209442.03734374998,1.9421566041954998e-07,20960.42827709981,4800.0,1.0,,5,,,,,,,,
8.050505370999986,0.006459230172913522,0.09737955760210752,0.0,0.0,0.019715,4.0,0.985,-0.023881070129573346,0.7475116088986397,-0.009152036043815315,2.7611023006102188e-05,1.0791283193611889e-05,272982.4390000001,1.0,220379.677078125,1.9421566041954998e-07,20317.648656567908,4800.0,1.0,,6,,,,,,,,
8.076696662000018,0.007226556679233909,0.1293945314362645,0.0,0.0,0.0196675,4.0,0.9825,-0.024818898597732186,0.7414880052208901,-0.010242300503887237,2.3931114128572517e-05,8.449327458492916e-06,285066.071,1.0,227592.919,1.9421566041954998e-07,20261.564416163274,4800.0,1.0,,7,,,,,,,,
7.958344257000022,0.007864752211025916,0.130908203125,0.0,0.0,0.019620000000000002,4.0,0.98,-0.026221311453264208,0.7243394762277603,-0.012016505014616995,2.3811906430637464e-05,8.705876541625913e-06,291337.90799999994,1.0,242389.14971875004,1.9421566041954998e-07,21726.941413836925,4800.0,1.0,,8,,,,,,,,
8.060084334999999,0.007290836694301106,0.11100260429084301,0.0,0.0,0.0195725,4.0,0.9775,-0.02029884064104408,0.7101450055837631,-0.006406142911873758,2.1965531504974934e-05,8.838533221933176e-06,291060.07899999997,1.0,259628.22000000003,1.9421566041954998e-07,19963.161764051347,4800.0,1.0,,9,,,,,,,,
8.057524848000014,0.007801792805548757,0.13750000074505805,0.0,0.0,0.019525,4.0,0.975,-0.027969948924146594,0.6925497129559517,-0.014453450939618051,1.8914805878011975e-05,7.2897463724075354e-06,313259.212,1.0,271117.67678125,1.9421566041954998e-07,20422.43123940258,4800.0,1.0,,10,,,,,,,,
8.007864601999984,0.0073648084478918465,0.12270507831126451,0.0,0.0,0.019477500000000002,4.0,0.9725,-0.02314399085007608,0.6748261794447898,-0.010005477198865265,1.9932176792281096e-05,6.839720640527958e-06,329901.96200000006,1.0,288055.36462500005,1.9421566041954998e-07,18317.344287902342,4800.0,1.0,,11,,,,,,,,
8.126479987999971,0.006406442756997421,0.07709960974752902,0.0,0.0,0.01943,4.0,0.97,-0.01766900250222534,0.6533554717898369,-0.004980336455628276,1.796688584363437e-05,8.468368343983457e-06,341459.97000000003,1.0,295529.594546875,1.9421566041954998e-07,19665.98040358861,4800.0,1.0,,12,,,,,,,,
7.920942099000001,0.005517746019177139,0.06840820349752903,0.0,0.0,0.0193825,4.0,0.9675,-0.020270408061333,0.6297176003456115,-0.008070342778228223,1.9738703372240707e-05,6.923699777416914e-06,340966.375,1.0,304699.927359375,1.9421566041954998e-07,17294.76939199645,4800.0,1.0,,13,,,,,,,,
7.886684578000029,0.005975669791223481,0.0698567708954215,0.0,0.0,0.019335,4.0,0.965,-0.01448178372811526,0.6222970873117447,-0.0024547790875658394,1.8803123475663595e-05,6.4578171077300794e-06,344499.227,1.0,312468.86240625,1.9421566041954998e-07,16445.457393011988,4800.0,1.0,,14,,,,,,,,
7.987867685000026,0.007140607430483214,0.08253580750897527,0.0,0.0,0.0192875,4.0,0.9625,-0.024112762580625714,0.611037078499794,-0.01233178012771532,1.6011882689781486e-05,5.589013176177104e-06,352902.74700000003,1.0,321362.50867187505,1.9421566041954998e-07,13548.799995613974,4800.0,1.0,,15,,,,,,,,
7.727749741000025,0.006806034143664874,0.07812500074505806,0.0,0.0,0.01924,4.0,0.96,-0.02501152395270765,0.5982902199029922,-0.013504200184252113,1.0333205818824353e-05,5.492562763720343e-06,356630.833,1.0,321113.01868750004,1.9421566041954998e-07,13150.204793636813,4800.0,1.0,,16,,,,,,,,
7.758636959,0.007047458118177019,0.09039713554084301,0.0,0.0,0.0191925,4.0,0.9575,-0.020303024665918202,0.570046852529049,-0.00936609534546733,1.4316578767648024e-05,4.526561679085717e-06,357605.35,1.0,331411.573421875,1.9421566041954998e-07,12702.956340999059,4800.0,1.0,,17,,,,,,,,
7.807349036000005,0.00557345564593561,0.06852213554084301,0.0,0.0,0.019145,4.0,0.955,-0.015198823320679367,0.5582437708973884,-0.004515302367508411,1.52336809605913e-05,5.066059611635865e-06,361758.308,1.0,330405.9145000001,1.9421566041954998e-07,13085.771177385926,4800.0,1.0,,18,,,,,,,,
7.906108377999999,0.005012908164644614,0.05131835942156613,0.0,0.0,0.0190975,4.0,0.9525,-0.01918288627639413,0.5498542726039887,-0.008685253257863224,8.477042240429e-06,4.7234559474418346e-06,365856.50000000006,1.0,335853.994984375,1.9421566041954998e-07,12583.626087280072,4800.0,1.0,,19,,,,,,,,
7.697363689999975,0.005388628010405227,0.06595052108168602,0.0,0.0,0.01905,4.0,0.95,-0.018616680055856705,0.5504700675606727,-0.008133288798853755,8.083509226253226e-06,4.510059784479381e-06,365816.662,1.0,339073.40359375,1.9421566041954998e-07,12246.462726684947,4800.0,1.0,,20,365856.50000000006,368227.844,338511.212,70000042,344526.03366666666,best_of_k,368227.844,10025.505468136622
7.76172911499998,0.005041844947845675,0.053385416883975266,0.0,0.0,0.019002500000000002,4.0,0.9475,-0.010250644804909826,0.5448057875037193,9.915289701893926e-05,1.0302964949460147e-05,3.6894941843002017e-06,361663.677,1.0,338483.670171875,1.9421566041954998e-07,12579.349216443998,4800.0,1.0,,21,,,,,,,,
7.721310182999957,0.004071879934053868,0.043245442770421506,0.0,0.0,0.018955,4.0,0.945,-0.01810031431959942,0.5294088810682297,-0.00806845217011869,1.2527408853202359e-05,3.6610508573176047e-06,364413.826,1.0,344273.3381875,1.9421566041954998e-07,9659.259047444699,4800.0,1.0,,22,,,,,,,,
7.692173853999975,0.00435284677951131,0.04345703143626452,0.0,0.0,0.0189075,4.0,0.9425,-0.013528455630876124,0.533932663500309,-0.0034365114523097874,1.539113322905905e-05,3.697124520840589e-06,368081.715,1.0,346523.560359375,1.9421566041954998e-07,13500.709118581002,4800.0,1.0,,23,,,,,,,,
7.638667839999982,0.005501114999060519,0.06767578143626451,0.0,0.0,0.018860000000000002,4.0,0.94,-0.01776376428315416,0.5281110614538193,-0.007806048670317978,7.724117301677324e-06,3.3711138769376703e-06,372855.887,1.0,349980.133953125,1.9421566041954998e-07,10297.991960468824,4800.0,1.0,,24,,,,,,,,
7.758746603000077,0.004564471830963157,0.06163736989255995,0.0,0.0,0.0188125,4.0,0.9375,-0.011554010130930692,0.5144695356488228,-0.0018780711339786648,8.005418658285635e-06,3.435787567696025e-06,370304.511,1.0,352736.70917187503,1.9421566041954998e-07,12282.33233862868,4800.0,1.0,,25,,,,,,,,
7.746081107000009,0.006399510698975064,0.07392578152939677,0.0,0.0,0.018765,4.0,0.935,-0.015160134714096784,0.5086115591228009,-0.005618744110688567,1.2525428678600292e-05,2.906249159195795e-06,379316.38000000006,1.0,355343.2875625,1.9421566041954998e-07,9080.44381837338,4800.0,1.0,,26,,,,,,,,
7.901800756999933,0.003983072866685688,0.045247395895421504,0.0,0.0,0.0187175,4.0,0.9325,-0.014090565277729183,0.5092023201286793,-0.004562542808707803,1.421392794327403e-05,3.1000470812614367e-06,382050.35199999996,1.0,359780.58770312497,1.9421566041954998e-07,8968.043971959225,4800.0,1.0,,27,,,,,,,,
7.870738287999984,0.004682008730014786,0.05343424496240914,0.0,0.0,0.01867,4.0,0.9299999999999999,-0.0144895710516721,0.5099508710205555,-0.004971108573954552,8.703233152118629e-06,2.9007023272242805e-06,384468.826,1.0,362137.8104375,1.9421566041954998e-07,11357.798006973217,4800.0,1.0,,28,,,,,,,,
7.785834717999933,0.005112987701431848,0.05688476575305686,0.0,0.0,0.0186225,4.0,0.9275,-0.013978082104586065,0.49808996394276617,-0.004704478662461042,7.781211411383993e-06,2.598279621679467e-06,385164.444,1.0,364399.294,1.9421566041954998e-07,9651.377021500082,4800.0,1.0,,29,,,,,,,,
7.887989960000027,0.0028174611354188526,0.02560221366584301,0.0,0.0,0.018575,4.0,0.925,-0.016719602386001498,0.5006310224533081,-0.00742228867020458,6.289285659022426e-06,2.5564119027876584e-06,388363.44999999995,1.0,368926.718515625,1.9421566041954998e-07,9570.14211374246,4800.0,1.0,,30,,,,,,,,
7.69235336600002,0.0050258080329513176,0.06002604204695672,0.0,0.0,0.018527500000000002,4.0,0.9225,-0.01517899394966662,0.49411781802773475,-0.006025649607181549,4.691101833032008e-06,1.907786926835797e-06,389187.78699999995,1.0,372421.11278125003,1.9421566041954998e-07,7995.544669489236,4800.0,1.0,,31,,,,,,,,
7.718039696999995,0.003942168067442253,0.050374349020421504,0.0,0.0,0.01848,4.0,0.92,-0.018219981051515788,0.4731843493878841,-0.009476978704333306,4.675957018207555e-06,1.952921536485519e-06,390021.9,1.0,373793.57609374996,1.9421566041954998e-07,9559.656464603742,4800.0,1.0,,32,,,,,,,,
7.7338662139999315,0.005091345639084466,0.07070312555879354,0.0,0.0,0.0184325,4.0,0.9175,-0.012396511423867195,0.4690072663128376,-0.0037528524990193546,4.473253460446358e-06,1.7401036728870168e-06,391664.274,1.0,376857.16721875,1.9421566041954998e-07,7964.20059143255,4800.0,1.0,,33,,,,,,,,
7.693927540000004,0.004008639926905744,0.049365234468132256,0.0,0.0,0.018385,4.0,0.915,-0.010714523564092814,0.464227470010519,-0.0021810820791870354,4.866419379823128e-06,1.7872881329594748e-06,399166.341,1.0,379305.44140625,1.9421566041954998e-07,8046.529567216282,4800.0,1.0,,34,,,,,,,,
7.771325996999963,0.004592711315490305,0.06442057322710752,0.0,0.0,0.0183375,4.0,0.9125,-0.012637271312996745,0.45328193008899687,-0.004326458467403427,4.331717792638301e-06,1.621126187956179e-06,399196.681,1.0,384112.598546875,1.9421566041954998e-07,8070.565816074767,4800.0,1.0,,35,,,,,,,,
7.779328086000078,0.0024539305435610005,0.023942057322710753,0.0,0.0,0.01829,4.0,0.91,-0.011977614928036928,0.4478083446621895,-0.003788513131439686,5.896874245081562e-06,1.4467150379005035e-06,399138.581,1.0,386505.50928125,1.9421566041954998e-07,7217.370287411061,4800.0,1.0,,36,,,,,,,,
7.807056405000026,0.004043803852982819,0.04464518235763535,0.0,0.0,0.018242500000000002,4.0,0.9075,-0.009882454806938768,0.4325030080974102,-0.001993948081508279,6.334201862046029e-06,1.593246017250749e-06,398225.87,1.0,386327.01823437505,1.9421566041954998e-07,7029.302692060941,4800.0,1.0,,37,,,,,,,,
7.758743060000029,0.0043342087126802655,0.04786783866584301,0.0,0.0,0.018195,4.0,0.905,-0.012873818480875343,0.4339476369321346,-0.00497947190888226,4.529125345698049e-06,1.7551788687342195e-06,405294.45599999995,1.0,389250.825078125,1.9421566041954998e-07,7466.2846822169195,4800.0,1.0,,38,,,,,,,,
7.605383793999977,0.005277212907094509,0.06440429706126452,0.0,0.0,0.0181475,4.0,0.9025,-0.014740899216849356,0.44129753932356836,-0.006733552226796747,4.872593831350969e-06,1.2257951752303597e-06,403783.267,1.0,391353.90371875,1.9421566041954998e-07,6004.303017891993,4800.0,1.0,,39,,,,,,,,
7.639863974000036,0.003676262794760987,0.05172526063397527,0.0,0.0,0.0181,4.0,0.9,-0.014899441867601126,0.43506099879741666,-0.007025715045165271,3.327179496181998e-06,1.0900275697167672e-06,400282.29500000004,1.0,390973.913125,1.9421566041954998e-07,5639.262391664808,4800.0,1.0,,40,405294.45599999995,405874.02,396205.22000000003,70000042,395235.5213,best_of_k,405874.02,6686.314082001707
7.684803318999911,0.0035241623903857545,0.03776041679084301,0.0,0.0,0.0180525,4.0,0.8975,-0.011341279943007977,0.4313069924712181,-0.0035561442840844394,3.291594953225285e-06,1.4098369433668268e-06,403821.203,1.0,393470.60825000005,1.9421566041954998e-07,6983.352816875494,4800.0,1.0,,41,,,,,,,,
7.616898852999952,0.004747663286980242,0.059391276072710754,0.0,0.0,0.018005,4.0,0.895,-0.016248787217773498,0.4271318167448044,-0.00855946090305224,4.818623455093984e-06,1.400798848294471e-06,404320.638,1.0,393160.26428124995,1.9421566041954998e-07,7033.435630805943,4800.0,1.0,,42,,,,,,,,
7.636581428999989,0.0047436422813916575,0.06251627616584302,0.0,0.0,0.0179575,4.0,0.8925,-0.014892880641855299,0.4222078874707222,-0.007312441943213344,7.56332936475701e-06,1.2051804205270856e-06,404460.73400000005,1.0,393010.88665625,1.9421566041954998e-07,6945.210254053138,4800.0,1.0,,43,,,,,,,,
7.708084128999985,0.004421784298028797,0.048274739738553764,0.0,0.0,0.017910000000000002,4.0,0.89,-0.00915576801635325,0.4133248023688793,-0.0017542862333357334,5.308742828447066e-06,1.2687816266065966e-06,404684.2,1.0,394958.338546875,1.9421566041954998e-07,6284.869580249508,4800.0,1.0,,44,,,,,,,,
7.8052451720000136,0.005684901389759034,0.07366536501795054,0.0,0.0,0.0178625,4.0,0.8875,-0.010865270951762795,0.40199184864759446,-0.0036899411701597274,3.562937678225353e-06,9.786357989582938e-06,408145.75800000003,1.0,397070.67609375005,1.9421566041954998e-07,6184.292126777859,4800.0,1.0,,45,,,,,,,,
7.629783212999996,0.004908280941890553,0.06258138036355376,0.0,0.0,0.017815,4.0,0.885,-0.010035390849225223,0.4097967281937599,-0.0027358580846339464,3.084116434592943e-06,1.3747124725682624e-06,409297.489,1.0,398700.92434375,1.9421566041954998e-07,4602.298183826768,4800.0,1.0,,46,,,,,,,,
7.675998701000026,0.004371683689532802,0.05201822933740914,0.0,0.0,0.017767500000000002,4.0,0.8825000000000001,-0.012540659098885954,0.4044661492109299,-0.005355245701503008,4.237519709704429e-06,1.0298112641748959e-06,409561.869,1.0,398262.14234375,1.9421566041954998e-07,6043.009255280541,4800.0,1.0,,47,,,,,,,,
7.73606714899995,0.0039823210652684795,0.057275390811264516,0.0,0.0,0.01772,4.0,0.88,-0.014600788743700832,0.3985495738685131,-0.007539464742876589,4.809178778941714e-06,9.892587414128684e-07,410798.90299999993,1.0,399992.221828125,1.9421566041954998e-07,5889.73056349438,4800.0,1.0,,48,,,,,,,,
7.775690039999972,0.0053105911327293144,0.06665039081126452,0.0,0.0,0.0176725,4.0,0.8775,-0.011310204793699086,0.37984624132514,-0.0045982434181496504,3.4440474507846375e-06,1.0536521898529828e-06,408904.427,1.0,398838.96728125005,1.9421566041954998e-07,6012.566980982059,4800.0,1.0,,49,,,,,,,,
7.6981860140000435,0.0026437727239681406,0.030859375093132257,0.0,0.0,0.017625000000000002,4.0,0.875,-0.011042833811370657,0.37561875879764556,-0.0044232332264073195,2.2216249021767e-06,9.153631154390496e-07,409942.358,1.0,401052.77506250003,1.9421566041954998e-07,5432.863326745683,4800.0,1.0,,50,,,,,,,,
7.600516416999994,0.0049382395896827806,0.07399088586680591,0.0,0.0,0.0175775,4.0,0.8725,-0.012557470635510982,0.3644124694168568,-0.0061531702522188425,3.009453430991016e-06,1.716552462482923e-06,412406.787,1.0,402649.2653125,1.9421566041954998e-07,4613.015362234985,4800.0,1.0,,51,,,,,,,,
7.800164725000059,0.004589390842011198,0.05159505209885538,0.0,0.0,0.01753,4.0,0.87,-0.010004127025604248,0.3676313452422619,-0.003560359519906342,3.810483724464575e-06,8.568301858247196e-07,411620.98600000003,1.0,404406.722046875,1.9421566041954998e-07,4852.174143051409,4800.0,1.0,,52,,,,,,,,
7.898764661999962,0.004931899113580584,0.05970052117481828,0.0,0.0,0.0174825,4.0,0.8674999999999999,-0.013520893885288387,0.3597653992474079,-0.007232006127014756,2.034310304566134e-06,1.015093307898951e-06,412166.742,1.0,404475.0163125,1.9421566041954998e-07,4169.2086381222925,4800.0,1.0,,53,,,,,,,,
7.751473350999959,0.0037871506967348976,0.04492187512805686,0.0,0.0,0.017435,4.0,0.865,-0.009511691506486387,0.35358658581972124,-0.0033477409277111294,2.5975264861699545e-06,1.1428627317400242e-06,411933.7529999999,1.0,403949.04390625004,1.9421566041954998e-07,4471.802123804475,4800.0,1.0,,54,,,,,,,,
7.675426966000032,0.0040255066196550615,0.05151367206126452,0.0,0.0,0.0173875,4.0,0.8625,-0.008078063459834084,0.3497432082891464,-0.0019975217175669966,2.919663208444945e-06,6.522798301489274e-07,413414.205,1.0,405628.239484375,1.9421566041954998e-07,4460.77189564896,4800.0,1.0,,55,,,,,,,,
7.89940161100003,0.003312159824417904,0.04155273463111371,0.0,0.0,0.01734,4.0,0.86,-0.004154214076697827,0.3497361555695534,0.00190961800981313,2.046429429469754e-06,7.767229007527021e-07,415720.549,1.0,406235.05195312505,1.9421566041954998e-07,4052.605378105558,4800.0,1.0,,56,,,,,,,,
7.968281408000053,0.0034297038451768457,0.03487955739255995,0.0,0.0,0.017292500000000002,4.0,0.8575,-0.002157069178065285,0.34384468346834185,0.003788287239149213,1.744769772926702e-06,8.072081001841979e-07,414095.8790000001,1.0,405372.44915625,1.9421566041954998e-07,4874.8860354967765,4800.0,1.0,,57,,,,,,,,
7.793410810999944,0.00383918046427425,0.047574870055541396,0.0,0.0,0.017245,4.0,0.855,-0.011945771891623736,0.3456621661782265,-0.005986162112094462,7.65516357148499e-06,1.1381663995280178e-06,417316.662,1.0,405658.561640625,1.9421566041954998e-07,4634.705047281314,4800.0,1.0,,58,,,,,,,,
7.852592560000062,0.004635918475105427,0.06339518241584301,0.0,0.0,0.0171975,4.0,0.8525,-0.008898119098739698,0.3486368328332901,-0.002911664848215878,6.473546727647772e-06,1.716155620385962e-05,413414.874,1.0,405809.237875,1.9421566041954998e-07,4770.12044815158,4800.0,1.0,,59,,,,,,,,
7.9480695040000455,0.004311746251187287,0.049967448227107525,0.0,0.0,0.017150000000000002,4.0,0.85,-0.008290050714276732,0.34014746993780137,-0.0024588458240032197,5.662324446120692e-06,3.5144244392881776e-06,414374.42299999995,1.0,405792.002,1.9421566041954998e-07,4869.824185067692,4800.0,1.0,,60,417316.662,413685.51,403513.287,70000042,407726.5132,best_of_k,413685.51,3414.6677866659884
7.946878679000065,0.0030136366811348127,0.03334960954962298,0.0,0.0,0.0171025,4.0,0.8475,-0.009519483346957713,0.32927133738994596,-0.003888646938139573,2.9533626445754636e-06,4.6263479731578626e-07,414664.006,1.0,407934.46715625003,1.9421566041954998e-07,3656.263574623148,4800.0,1.0,,61,,,,,,,,
7.906086307999999,0.004688615837949328,0.058642578311264515,0.0,0.0,0.017055,4.0,0.845,-0.012236667214892805,0.3219230443239212,-0.006746689323335886,1.8330258683363355e-06,4.7209931111069634e-07,413570.17600000004,1.0,408281.52931250003,1.9421566041954998e-07,3034.551381708623,4800.0,1.0,,62,,,,,,,,
7.8777824420000115,0.003771110001252964,0.04305013039847836,0.0,0.0,0.017007500000000002,4.0,0.8425,-0.015196793456561863,0.32020445317029955,-0.009751550084911288,1.6649242553512522e-06,9.331834014858486e-07,415120.591,1.0,407937.581125,1.9421566041954998e-07,3896.8035675166907,4800.0,1.0,,63,,,,,,,,
7.823097159999975,0.004298445137101226,0.05465494804084301,0.0,0.0,0.01696,4.0,0.84,-0.012306597811402753,0.3204713337123394,-0.0068719151022378355,1.894780916700256e-06,6.413074522981787e-07,416553.22400000005,1.0,408058.64209375,1.9421566041954998e-07,3518.0958636403584,4800.0,1.0,,64,,,,,,,,
7.928510183999947,0.004231789498589933,0.056201172154396774,0.0,0.0,0.0169125,4.0,0.8375,-0.012056729884352534,0.317945322394371,-0.0066802173387259245,1.968747992009412e-06,1.0813628719574808e-06,415002.73199999996,1.0,407985.606375,1.9421566041954998e-07,3795.4381649284574,4800.0,1.0,,65,,,,,,,,
7.7497313230001055,0.004139199589553754,0.044938151293899865,0.0,0.0,0.016865,4.0,0.835,-0.0070058962213806805,0.3131390191614628,-0.0017253656405955553,1.6817626118381668e-06,7.814865298882979e-07,414962.68200000003,1.0,408179.890421875,1.9421566041954998e-07,3206.206203750107,4800.0,1.0,,66,,,,,,,,
7.8318762810000635,0.0036002088541863485,0.03902994792442769,0.0,0.0,0.0168175,4.0,0.8325,-0.010037629108410329,0.3169703856110573,-0.004707640242850175,2.4124101457800863e-06,8.395770670688308e-07,414968.262,1.0,407607.733390625,1.9421566041954998e-07,4303.222564758696,4800.0,1.0,,67,,,,,,,,
7.747251128000016,0.004527763681835495,0.055192057427484544,0.0,0.0,0.01677,4.0,0.83,-0.01179568311199546,0.31536412611603737,-0.006508423050399869,1.1332790876394938e-05,5.261224387709262e-07,415095.663,1.0,409040.49353125,1.9421566041954998e-07,3557.904264563022,4800.0,1.0,,68,,,,,,,,
7.765082483000015,0.0034034320357022806,0.036067708395421505,0.0,0.0,0.0167225,4.0,0.8275,-0.010432418726850301,0.3118752256035805,-0.005217977229040116,4.40595431427937e-06,9.032752160464952e-07,416178.864,1.0,409077.25039062503,1.9421566041954998e-07,3228.1215067703065,4800.0,1.0,,69,,,,,,,,
7.759156224000094,0.004408613953273743,0.05013020834885538,0.0,0.0,0.016675000000000002,4.0,0.825,-0.006763820111518726,0.3126666620373726,-0.0015510764555074275,1.4383034127263273e-06,1.65809028089825e-06,414344.175,1.0,409057.90104687505,1.9421566041954998e-07,3407.848177931151,4800.0,1.0,,70,,,,,,,,
7.784669614999984,0.0050172723713330925,0.06077473983168602,0.0,0.0,0.0166275,4.0,0.8225,-0.00787524067563936,0.31428840607404707,-0.002650482999160886,1.7595152897342814e-06,1.7933912495493586e-06,414232.689,1.0,408843.37634375005,1.9421566041954998e-07,3491.7081416940614,4800.0,1.0,,71,,,,,,,,
7.814822736999986,0.0037182918284088375,0.041292317863553765,0.0,0.0,0.01658,4.0,0.8200000000000001,-0.009623017662670463,0.30754308849573136,-0.004524382064118981,1.4288966170283857e-06,5.715185075416684e-07,415826.56700000004,1.0,409741.446234375,1.9421566041954998e-07,3181.7489800494195,4800.0,1.0,,72,,,,,,,,
7.895245238999905,0.00447853420919273,0.05611979176755995,0.0,0.0,0.016532500000000002,4.0,0.8175,-0.00939837790792808,0.3046545505523682,-0.004362339922226966,1.0840094347486228e-06,1.1086727234044247e-06,415934.163,1.0,409132.60956250003,1.9421566041954998e-07,3794.6434172948766,4800.0,1.0,,73,,,,,,,,
7.902890748999994,0.0039023622928652914,0.04272460956126452,0.0,0.0,0.016485,4.0,0.815,-0.008408727287314833,0.3021480321884155,-0.003430311568081379,1.0229748866663612e-06,4.7846981146904e-06,416040.155,1.0,409926.13603125,1.9421566041954998e-07,3534.777253014248,4800.0,1.0,,74,,,,,,,,
7.851073421000024,0.0034345081949140877,0.03219401049427688,0.0,0.0,0.0164375,4.0,0.8125,-0.005352517060237006,0.2981085292994976,-0.00045307736145332455,1.0804967871536064e-06,1.2224168983721029e-06,416631.23099999997,1.0,409737.13348437496,1.9421566041954998e-07,3908.1038608619415,4800.0,1.0,,75,,,,,,,,
7.818292637000013,0.0032419827970443294,0.03294270848855376,0.0,0.0,0.016390000000000002,4.0,0.81,-0.005599130532937124,0.3035533130168915,-0.0006255205604247749,8.514884189025907e-06,1.555245118112225e-06,416372.708,1.0,409058.096390625,1.9421566041954998e-07,4023.191975771714,4800.0,1.0,,76,,,,,,,,
7.752941411999927,0.00403316221490968,0.062434895988553764,0.0,0.0,0.0163425,4.0,0.8075,-0.008672953979112209,0.2975547112524509,-0.003811053978279233,1.8242985404981482e-06,1.4120214316903913e-06,418460.23799999995,1.0,409281.222859375,1.9421566041954998e-07,4731.020576507099,4800.0,1.0,,77,,,,,,,,
7.986588525000002,0.0035178561200154947,0.05030924491584301,0.0,0.0,0.016295,4.0,0.8049999999999999,-0.015418535261414946,0.2954101860523224,-0.0106069274013862,1.6626357080440357e-06,3.870707291042663e-06,416797.98199999996,1.0,410612.858421875,1.9421566041954998e-07,3090.558588102198,4800.0,1.0,,78,,,,,,,,
7.785104666000052,0.0033040275651728735,0.036181640718132256,0.0,0.0,0.0162475,4.0,0.8025,-0.007292716123629361,0.2952184848487377,-0.0025189640116877856,1.173300327650395e-06,4.538448637845249e-05,416785.333,1.0,410523.69315625005,1.9421566041954998e-07,3251.321533586605,4800.0,1.0,,79,,,,,,,,
7.7207313989999875,0.0035583229648182167,0.03852539075305685,0.0,0.0,0.0162,4.0,0.8,-0.0056138212908990685,0.29744369462132453,-0.00079634222202003,1.0988223877461678e-06,1.9979107250378545e-06,418120.24199999997,1.0,410788.53640625,1.9421566041954998e-07,3794.439948163248,4800.0,1.0,,80,418460.23799999995,415958.2849999999,402016.823,70000042,410405.2423333333,best_of_k,415958.2849999999,2777.0556156603393
7.813775747000022,0.0039388503297232095,0.04392903646221384,0.0,0.0,0.0161525,4.0,0.7975,-0.008064858469879255,0.28878853619098666,-0.0034005580702796577,8.818677372346429e-07,5.365321534611667e-07,416135.659,1.0,411191.022640625,1.9421566041954998e-07,2745.6488363287244,4800.0,1.0,,81,,,,,,,,
7.780283933999954,0.003970914549427107,0.04659830750897527,0.0,0.0,0.016105,4.0,0.795,-0.006552024860866368,0.2877824708819389,-0.0019175819819793106,9.754734563216515e-07,3.927817743942796e-07,417916.82,1.0,411086.3324375,1.9421566041954998e-07,3077.027963475705,4800.0,1.0,,82,,,,,,,,
7.798921997000093,0.0035777914701611733,0.04080403656698763,0.0,0.0,0.016057500000000002,4.0,0.7925,-0.009074971359223128,0.2821840763092041,-0.004544046649243683,8.528616156411317e-07,3.2268538419089055e-07,417148.573,1.0,411468.56365625,1.9421566041954998e-07,3034.571317205684,4800.0,1.0,,83,,,,,,,,
7.764676684000051,0.002673230470099952,0.020638020930346102,0.0,0.0,0.01601,4.0,0.79,-0.007491595286410302,0.2819469776004553,-0.002977884723804891,7.708908952963612e-07,3.673776866719436e-07,417259.535,1.0,411256.62007812504,1.9421566041954998e-07,3067.8905568852215,4800.0,1.0,,84,,,,,,,,
7.8636705919999486,0.0033714966848492622,0.043717448075767606,0.0,0.0,0.0159625,4.0,0.7875,-0.0065891506092157215,0.2840421974658966,-0.0020553733920678496,7.544016931149145e-07,3.4181194834559393e-07,417073.428,1.0,411263.80195312505,1.9421566041954998e-07,3163.6812636660507,4800.0,1.0,,85,,,,,,,,
7.753958367999985,0.0037531261856202035,0.0510091146454215,0.0,0.0,0.015915,4.0,0.785,-0.006204506009817123,0.28182651922106744,-0.001719522854546085,8.443618483511272e-07,4.0303531747554187e-07,416589.841,1.0,411578.904921875,1.9421566041954998e-07,3317.6267074631187,4800.0,1.0,,86,,,,,,,,
7.802930557999957,0.0030888371198670938,0.02924804703798145,0.0,0.0,0.0158675,4.0,0.7825,-0.00663604378933087,0.28183257952332497,-0.002164324396289885,9.476565566046701e-07,3.28039746833042e-07,416632.705,1.0,412139.08087500004,1.9421566041954998e-07,2524.990511249867,4800.0,1.0,,87,,,,,,,,
7.703750858999911,0.002580736513482407,0.02428385419771075,0.0,0.0,0.01582,4.0,0.78,-0.009299876110162586,0.2813385136425495,-0.004849344678223133,1.0065328979180777e-06,2.8641513942773146e-07,418198.97500000003,1.0,411894.95134375,1.9421566041954998e-07,2810.638397629415,4800.0,1.0,,88,,,,,,,,
7.66750817500008,0.0035073027829639614,0.03784179706126452,0.0,0.0,0.015772500000000002,4.0,0.7775,-0.009644809842575342,0.2864063300192356,-0.005127934273332357,1.3353706563634659e-06,6.692557342091731e-07,417140.913,1.0,410961.34665625,1.9421566041954998e-07,3684.425434282662,4800.0,1.0,,89,,,,,,,,
7.778674662000185,0.0041401104594115164,0.059033203218132255,0.0,0.0,0.015725,4.0,0.775,-0.010774459037929774,0.27822173982858656,-0.006400159664917737,1.9061937649667016e-06,1.093082902769993e-06,418268.20999999996,1.0,411886.412890625,1.9421566041954998e-07,3166.0255366318806,4800.0,1.0,,90,,,,,,,,
7.704172384000003,0.0038583233748795466,0.05460611991584301,0.0,0.0,0.0156775,4.0,0.7725,-0.005365384486503899,0.2791836589574814,-0.0009888408589176834,1.3964134211619239e-06,4.3706305774549037e-07,417321.213,1.0,411457.30378125,1.9421566041954998e-07,3228.4539784711415,4800.0,1.0,,91,,,,,,,,
7.73847137100006,0.0038335028424626217,0.05356445325305685,0.0,0.0,0.01563,4.0,0.77,-0.004137571319006383,0.27692632377147675,0.00019018296152353286,3.9791055357341065e-06,4.1178759175863887e-07,416821.721,1.0,412081.057734375,1.9421566041954998e-07,2867.931985727012,4800.0,1.0,,92,,,,,,,,
7.8313624190000155,0.0027985018154140563,0.030908203218132257,0.0,0.0,0.015582499999999999,4.0,0.7675,-0.010037434415426105,0.27181078866124153,-0.00580252050422132,3.901346332213507e-06,3.7582279048820056e-07,416357.28,1.0,412158.14018750004,1.9421566041954998e-07,2695.114294377469,4800.0,1.0,,93,,,,,,,,
7.850848905999783,0.004062052714289166,0.050195312686264516,0.0,0.0,0.015535,4.0,0.765,-0.007065340870758519,0.2738820068538189,-0.002810816781129688,1.0568310145231407e-06,2.5410352542110106e-07,417200.796,1.0,412033.91384375,1.9421566041954998e-07,2899.1958182104304,4800.0,1.0,,94,,,,,,,,
7.933603339999991,0.0035789887042483315,0.0489583334303461,0.0,0.0,0.015487500000000001,4.0,0.7625,-0.013910419121384621,0.2727733451873064,-0.009686056338250638,9.278390720623974e-07,2.41839289571999e-07,417635.656,1.0,412383.969375,1.9421566041954998e-07,2528.059956637782,4800.0,1.0,,95,,,,,,,,
7.884180327999957,0.004173181671649218,0.05161132821813226,0.0,0.0,0.01544,4.0,0.76,-0.0036722407035995274,0.2676499642431736,0.0004599810965373763,9.168747467924732e-07,4.0410456030315346e-07,417767.05799999996,1.0,411821.41478125,1.9421566041954998e-07,2821.5883500119553,4800.0,1.0,,96,,,,,,,,
7.940917045999868,0.004679324253811501,0.05577799500897527,0.0,0.0,0.0153925,4.0,0.7575000000000001,-0.00810848162509501,0.26890594363212583,-0.003969615686219186,9.73262304171385e-07,3.427970163727423e-07,418751.13999999996,1.0,412439.47917187505,1.9421566041954998e-07,3340.3683203566457,4800.0,1.0,,97,,,,,,,,
7.921375553999951,0.0029424289779854005,0.030664062523283065,0.0,0.0,0.015345000000000001,4.0,0.755,-0.007407035952201113,0.26092095375061036,-0.0034035822085570545,1.8947982027839316e-06,3.769815265286525e-07,418137.433,1.0,413205.217828125,1.9421566041954998e-07,2746.6732576573977,4800.0,1.0,,98,,,,,,,,
7.859625902000062,0.004118568071862683,0.05133463549427688,0.0,0.0,0.0152975,4.0,0.7525,-0.007604977738810703,0.26314568109810355,-0.003579900274053216,2.159631549147889e-06,3.550175190270011e-07,417629.243,1.0,412993.484515625,1.9421566041954998e-07,2408.1150623753383,4800.0,1.0,,99,,,,,,,,
7.895431529000007,0.002845653594704345,0.028401692723855378,0.0,0.0,0.01525,4.0,0.75,-0.0007017877011094243,0.2586879521608353,0.003241516783600673,1.2899787350306723e-06,3.114862622766168e-06,416686.775,1.0,412520.90835937497,1.9421566041954998e-07,2331.228508115684,4800.0,1.0,,100,418751.13999999996,416393.474,408492.6209999999,70000042,413063.33096666663,best_of_k,416393.474,2374.4884897617003
7.964000220999878,0.0019735460278752725,0.024641927145421506,0.0,0.0,0.0152025,4.0,0.7475,-0.009040770150022581,0.2617411933839321,-0.0050655486760661,7.024845245950928e-07,7.656623789387141e-06,419535.275,1.0,413120.31340625003,1.9421566041954998e-07,2625.1319180627597,4800.0,1.0,,101,,,,,,,,
8.077163444000007,0.004314060599426739,0.053629557322710755,0.0,0.0,0.015155,4.0,0.745,-0.007174566405592486,0.2634116876870394,-0.0031829615356400607,8.014214749607618e-07,6.375718619722193e-07,417221.587,1.0,412208.344015625,1.9421566041954998e-07,3022.2222639752526,4800.0,1.0,,102,,,,,,,,
8.152448523999965,0.0029507379251299424,0.029606119822710754,0.0,0.0,0.0151075,4.0,0.7424999999999999,-0.0034607053734362126,0.260789292678237,0.00047875760355964303,9.714157954476831e-07,6.289172205242721e-07,417274.711,1.0,412884.80237499997,1.9421566041954998e-07,2833.804364436624,4800.0,1.0,,103,,,,,,,,
8.011673656999847,0.0048514900641748685,0.0651204427704215,0.0,0.0,0.01506,4.0,0.74,-0.008196826238417998,0.2557438213378191,-0.0043488226307090375,2.6546476462385725e-06,6.465663711097136e-06,418990.424,1.0,413204.7635625,1.9421566041954998e-07,2400.3491359832433,4800.0,1.0,,104,,,,,,,,
8.07636259600008,0.003601297765271738,0.052164713945239784,0.0,0.0,0.015012500000000002,4.0,0.7375,-0.00762939210399054,0.25351356342434883,-0.0038287266506813467,1.1235533452236269e-05,8.167735096975547e-06,418901.878,1.0,413114.790296875,1.9421566041954998e-07,2309.1035167698556,4800.0,1.0,,105,,,,,,,,
7.990101234000122,0.0033773560775443912,0.04062500009313226,0.0,0.0,0.014965,4.0,0.735,-0.005021988146472723,0.2496381789445877,-0.0012865218566730618,1.8063638663079473e-06,3.770701376026864e-07,417934.40699999995,1.0,413044.3885625,1.9421566041954998e-07,2557.9387349459,4800.0,1.0,,106,,,,,,,,
7.930054705999964,0.0037914551270660014,0.04350585953798145,0.0,0.0,0.0149175,4.0,0.7324999999999999,-0.010181376460241153,0.2511090014129877,-0.006435658619739115,7.164160386707863e-07,2.5813355648551805e-07,418112.79299999995,1.0,413121.54846874997,1.9421566041954998e-07,3004.989061247381,4800.0,1.0,,107,,,,,,,,
7.74485123799991,0.003253064674208872,0.03821614602347836,0.0,0.0,0.014870000000000001,4.0,0.73,-0.009107973426580429,0.2516430526971817,-0.005366216602851637,6.29593048984134e-07,2.2499106115958513e-07,418975.519,1.0,413736.68092187494,1.9421566041954998e-07,2599.3843470194643,4800.0,1.0,,108,,,,,,,,
7.795118494999997,0.0019503488598274997,0.016259765671566128,0.0,0.0,0.014822499999999999,4.0,0.7275,-0.003672865516273305,0.25271500162780286,7.278455886989832e-05,6.154364413646363e-07,3.122961942381153e-07,418470.385,1.0,412865.570078125,1.9421566041954998e-07,2874.3009655886212,4800.0,1.0,,109,,,,,,,,
7.8440718030001335,0.002338629838777706,0.02086588544771075,0.0,0.0,0.014775,4.0,0.725,-0.00030294761527329685,0.25503572821617126,0.0034649408829864115,5.431308686354441e-07,4.1879821992552025e-07,418403.421,1.0,413689.330484375,1.9421566041954998e-07,2422.293455596024,4800.0,1.0,,110,,,,,,,,
7.810869001000128,0.0023304486006964,0.020393880270421504,0.0,0.0,0.014727500000000001,4.0,0.7224999999999999,-0.003954735782463104,0.25669030509889124,-0.00017452032770961523,6.576241119660153e-07,2.5172492996716754e-07,418209.647,1.0,414116.70107812504,1.9421566041954998e-07,2339.4698896067516,4800.0,1.0,,111,,,,,,,,
7.668765967999889,0.0034321353014092892,0.0463704427704215,0.0,0.0,0.01468,4.0,0.72,-0.004777204047422856,0.2517471231520176,-0.0010822090320289136,1.5342938212370428e-06,9.982412745301872e-07,418739.71699999995,1.0,413876.180859375,1.9421566041954998e-07,2597.8422547120267,4800.0,1.0,,112,,,,,,,,
7.699088720999953,0.004475873112096451,0.05234375031432137,0.0,0.0,0.014632500000000001,4.0,0.7175,-0.008409392891917378,0.2497341025620699,-0.0047557231155224144,6.195983253576287e-07,1.0054654147495512e-06,418777.84,1.0,413347.7905625,1.9421566041954998e-07,2968.97048560587,4800.0,1.0,,113,,,,,,,,
7.742579442000078,0.003944429254624992,0.053694661625195296,0.0,0.0,0.014585,4.0,0.7150000000000001,-0.006966428406303749,0.24779547937214375,-0.0033525891514727844,4.343388475547272e-07,4.2841730767406717e-07,418391.08200000005,1.0,413969.024921875,1.9421566041954998e-07,2549.2628178208633,4800.0,1.0,,114,,,,,,,,
7.744948440000144,0.002500053915719036,0.027913411462213843,0.0,0.0,0.014537500000000002,4.0,0.7125,-0.007323673967039213,0.24886996150016785,-0.00370609019882977,1.7559162230895708e-06,3.7542630160203316e-07,419329.122,1.0,413874.186921875,1.9421566041954998e-07,3052.9644454265895,4800.0,1.0,,115,,,,,,,,
7.555478499999936,0.002799287134257611,0.037630208430346104,0.0,0.0,0.014490000000000001,4.0,0.71,-0.007293632021173835,0.25240127742290497,-0.003636576293502003,1.1237447210987738e-06,2.52663375732709e-07,418643.28099999996,1.0,414079.06315625,1.9421566041954998e-07,2632.2226710624236,4800.0,1.0,,116,,,,,,,,
7.515187661000027,0.004388100041251164,0.045800781436264516,0.0,0.0,0.0144425,4.0,0.7075,-0.0037041238392703235,0.2537686664611101,-3.937233705073595e-05,8.002804285922593e-07,4.449011225204913e-07,418240.02,1.0,414004.7651875,1.9421566041954998e-07,2455.3602099177892,4800.0,1.0,,117,,,,,,,,
7.669947341999887,0.003348817938240245,0.03559570343932137,0.0,0.0,0.014395000000000002,4.0,0.7050000000000001,-0.006596512644318864,0.24730031229555607,-0.0030369337007869037,1.1841730540140816e-06,3.8148593901610183e-07,419323.54000000004,1.0,413778.95496875,1.9421566041954998e-07,3569.3760995532934,4800.0,1.0,,118,,,,,,,,
7.609677397000041,0.004847720355610363,0.06236979207023978,0.0,0.0,0.014347500000000001,4.0,0.7025,-0.010253392084268852,0.24859130196273327,-0.0066870552022010084,6.911550727295435e-07,5.144463372630526e-07,419089.66300000006,1.0,413531.408890625,1.9421566041954998e-07,2829.9154717791753,4800.0,1.0,,119,,,,,,,,
7.651330274999964,0.002724150207359344,0.027522786462213844,0.0,0.0,0.0143,4.0,0.7,-0.008569920301670208,0.24914233684539794,-0.005008324317168444,7.371798865563051e-07,2.131911842795375e-06,418979.60699999996,1.0,414130.631640625,1.9421566041954998e-07,2738.853226140925,4800.0,1.0,,120,419535.275,418677.126,413190.251,70000042,413677.7075333333,best_of_k,418677.126,3118.83460442064
7.696825761999889,0.0031286701472708956,0.04051106771221384,0.0,0.0,0.014252500000000001,4.0,0.6975,-0.0072952000831719484,0.249255283549428,-0.003744034771807492,8.587273285343145e-07,2.5195031305713655e-06,421183.00600000005,1.0,413986.704328125,1.9421566041954998e-07,2740.1210766882486,4800.0,1.0,,121,,,,,,,,
7.613121809999939,0.002910844938014634,0.029736328218132258,0.0,0.0,0.014205,4.0,0.6950000000000001,-0.004016381164547056,0.24687864258885384,-0.0005100260837934911,1.17863242508065e-06,8.765418982648044e-07,417689.352,1.0,413597.99642187497,1.9421566041954998e-07,2653.8846225915877,4800.0,1.0,,122,,,,,,,,
7.654925692999996,0.004657044445048086,0.06051432308740914,0.0,0.0,0.0141575,4.0,0.6925,-0.012440412689466029,0.24517015404999257,-0.008969690592493862,8.300227761992573e-07,3.820582513469617e-07,419610.056,1.0,414040.08285937505,1.9421566041954998e-07,3200.6997525584547,4800.0,1.0,,123,,,,,,,,
7.708693001000029,0.0034117520990548655,0.044433593819849196,0.0,0.0,0.014110000000000001,4.0,0.69,-0.007759274466661736,0.23920475505292416,-0.004384516831487417,1.911515595054425e-06,4.604463949675619e-07,418574.54199999996,1.0,414146.98720312497,1.9421566041954998e-07,2452.3116575689837,4800.0,1.0,,124,,,,,,,,
7.692126212999938,0.00263777450309135,0.02262369793606922,0.0,0.0,0.0140625,4.0,0.6875,-0.005508526595076546,0.24250601530075072,-0.0020985696697607636,1.6540283183985593e-06,2.3770378874132802e-07,418576.502,1.0,414508.66459374997,1.9421566041954998e-07,2266.9971239056313,4800.0,1.0,,125,,,,,,,,
7.701709811000001,0.003399953484768048,0.046289062686264516,0.0,0.0,0.014015,4.0,0.685,-0.008774824714055284,0.24075929187238215,-0.005401100078597665,8.973684849422625e-07,8.541615127199975e-07,419435.155,1.0,414594.8728125,1.9421566041954998e-07,2922.200319268928,4800.0,1.0,,126,,,,,,,,
7.804345392999949,0.0035617950459709393,0.035302734444849194,0.0,0.0,0.0139675,4.0,0.6825,-0.005854284518864006,0.24142544977366925,-0.002483088558074087,5.40300684548356e-07,1.7200702657760303e-06,419249.953,1.0,415070.183203125,1.9421566041954998e-07,1848.0698233598596,4800.0,1.0,,127,,,,,,,,
7.8769629869998425,0.0032657213625498114,0.048160807508975265,0.0,0.0,0.01392,4.0,0.6799999999999999,-0.0066436588240321726,0.2434394832700491,-0.0032555175246670844,5.371103497964213e-07,9.64971227901401e-07,420375.158,1.0,414769.92915625,1.9421566041954998e-07,2372.8338646622947,4800.0,1.0,,128,,,,,,,,
7.731501167000033,0.00264344647875987,0.028710937639698387,0.0,0.0,0.0138725,4.0,0.6775,-0.00359945681411773,0.24037199504673482,-0.0002695477101951838,8.138160850990061e-07,9.139789113987717e-06,420202.228,1.0,414295.714796875,1.9421566041954998e-07,2725.8118331199084,4800.0,1.0,,129,,,,,,,,
7.737727076000056,0.0027490253050928004,0.030419921956490726,0.0,0.0,0.013825,4.0,0.675,-0.009280704514821991,0.2379105892032385,-0.005992182530462742,2.639182710595378e-06,6.553048308433063e-07,418683.125,1.0,413779.11912499997,1.9421566041954998e-07,3425.418094801943,4800.0,1.0,,130,,,,,,,,
7.6993696790000286,0.0036014323675772177,0.04427083355840296,0.0,0.0,0.013777500000000002,4.0,0.6725,-0.0077009702363284305,0.24039759039878844,-0.004389278340386227,1.547166445448056e-06,4.62203591666821e-07,418909.981,1.0,414298.23403125,1.9421566041954998e-07,2451.758546439708,4800.0,1.0,,131,,,,,,,,
7.66349584600016,0.0029493022157112136,0.02685546875,0.0,0.0,0.01373,4.0,0.6699999999999999,-0.006579832715215161,0.23662801794707775,-0.0033310981933027508,6.443344695128417e-07,2.0724497957758102e-07,419679.76700000005,1.0,414713.17401562503,1.9421566041954998e-07,2300.9065850427633,4800.0,1.0,,132,,,,,,,,
7.723138646000052,0.0026157170468650293,0.028499348962213844,0.0,0.0,0.0136825,4.0,0.6675,-0.005938243761193007,0.23527878969907762,-0.002719251741655171,8.6100004281775e-07,2.484027209703754e-07,418324.84800000006,1.0,414798.232171875,1.9421566041954998e-07,2433.8653081187167,4800.0,1.0,,133,,,,,,,,
7.7161625999999615,0.0036399781150976197,0.04609375016298145,0.0,0.0,0.013635000000000001,4.0,0.665,-0.0010694530908949673,0.23341504558920861,0.0021129789995029567,6.648967456612809e-07,2.326057675361426e-07,419675.907,1.0,414683.013734375,1.9421566041954998e-07,2583.7506250438955,4800.0,1.0,,134,,,,,,,,
7.812515077999933,0.003225626263883896,0.04342447929084301,0.0,0.0,0.013587499999999999,4.0,0.6625,-0.006460156731191091,0.23527520075440406,-0.0032635612646117807,8.417420723105806e-07,2.433072904040046e-07,418618.922,1.0,414952.256828125,1.9421566041954998e-07,2312.9630186735117,4800.0,1.0,,135,,,,,,,,
7.825767035000126,0.0018167368878494016,0.013330078136641532,0.0,0.0,0.01354,4.0,0.6599999999999999,-0.0033994374622125178,0.2333411157131195,-0.0002402639016509056,1.5925983333886507e-06,2.1248828048214817e-07,418858.318,1.0,415030.8009375,1.9421566041954998e-07,2644.8955762648907,4800.0,1.0,,136,,,,,,,,
7.808214913999791,0.002771459400537424,0.029541015764698385,0.0,0.0,0.013492500000000001,4.0,0.6575,-0.006891902041388676,0.22882752008736135,-0.0038046666188165544,6.328015302869971e-07,3.1346727240588735e-07,419210.273,1.0,415347.68303125,1.9421566041954998e-07,2320.69819228576,4800.0,1.0,,137,,,,,,,,
7.843964799000105,0.0032460636692121627,0.03632812512805685,0.0,0.0,0.013445000000000002,4.0,0.655,-0.0032343259663321078,0.22968527749180795,-0.00014644248876720666,5.477826405808628e-07,3.607619969869802e-07,419065.59500000003,1.0,414713.537171875,1.9421566041954998e-07,2352.849930759762,4800.0,1.0,,138,,,,,,,,
7.763273372999947,0.0020893676672130825,0.015771484468132257,0.0,0.0,0.013397500000000001,4.0,0.6525000000000001,-0.005819115243502893,0.22811807468533515,-0.0027630872558802367,6.38096861393933e-07,2.397745639370896e-07,418974.867,1.0,415028.9870625,1.9421566041954998e-07,2181.2805953728166,4800.0,1.0,,139,,,,,,,,
7.755593556000122,0.0018296545629709726,0.016715494799427688,0.0,0.0,0.01335,4.0,0.65,-0.004795461386675015,0.22900852076709272,-0.001739336212631315,6.00088011282196e-07,2.156319181167987e-06,418691.456,1.0,415235.567046875,1.9421566041954998e-07,1866.5206633911607,4800.0,1.0,,140,421183.00600000005,418596.43700000003,412778.164,70000042,415483.6009666667,best_of_k,418596.43700000003,1743.6423159052983
7.679044990000193,0.0025681894621811807,0.029980468773283066,0.0,0.0,0.013302500000000002,4.0,0.6475,-0.00806036077265162,0.22790679559111596,-0.0050302565301535655,9.629141089817494e-07,3.060186220693595e-06,419415.301,1.0,414971.35737499996,1.9421566041954998e-07,2732.5136254468525,4800.0,1.0,,141,,,,,,,,
7.762270453999918,0.0018953698599943891,0.010188802087213844,0.0,0.0,0.013255000000000001,4.0,0.645,-0.004849949944764375,0.22587499544024467,-0.0018562080571427942,1.0082627021290592e-06,2.6022952006599096e-07,419341.53799999994,1.0,414909.1579375,1.9421566041954998e-07,2195.103437644828,4800.0,1.0,,142,,,,,,,,
7.85396531299989,0.0027937733189901336,0.03570963549427688,0.0,0.0,0.0132075,4.0,0.6425000000000001,-0.000307102152146399,0.2258048254996538,0.002674942591693252,9.890465832995687e-07,3.465975332517246e-07,420003.71300000005,1.0,415329.72484375,1.9421566041954998e-07,2325.0986335858493,4800.0,1.0,,143,,,,,,,,
7.696139036999966,0.003523932266398333,0.04454752616584301,0.0,0.0,0.013160000000000002,4.0,0.64,-0.005355101398890838,0.22788882963359355,-0.0023562731919810178,6.327017452179007e-07,2.511075905431426e-07,419166.148,1.0,415273.17040625005,1.9421566041954998e-07,2430.290719248147,4800.0,1.0,,144,,,,,,,,
7.827972232000093,0.00335300932492828,0.043391927145421505,0.0,0.0,0.013112500000000001,4.0,0.6375,-0.010358616447774693,0.2244581002742052,-0.007415628805756569,1.247051093855589e-06,1.9016799690518837e-07,419471.70999999996,1.0,414824.46890624997,1.9421566041954998e-07,2256.4313643184405,4800.0,1.0,,145,,,,,,,,
7.619882305999909,0.002342651248909533,0.021516927191987632,0.0,0.0,0.013065,4.0,0.635,-0.008362321252934634,0.2218162387609482,-0.005464473040774465,8.221114860873513e-07,1.982908147013518e-07,418381.59900000005,1.0,415465.68503125,1.9421566041954998e-07,1689.7754046384928,4800.0,1.0,,146,,,,,,,,
7.966399865000085,0.0028550600167363883,0.028710937581490726,0.0,0.0,0.013017500000000001,4.0,0.6325000000000001,-0.0018101689871400594,0.22135623618960382,0.001071146922186017,6.227890736454356e-07,2.5252814772613874e-07,419153.71699999995,1.0,414857.48479687504,1.9421566041954998e-07,2322.029428004359,4800.0,1.0,,147,,,,,,,,
7.978572265000139,0.002229472354520112,0.01575520837213844,0.0,0.0,0.01297,4.0,0.63,-0.006031474750488997,0.2171916238963604,-0.0032147995778359474,9.440099290713988e-07,4.1197040694385124e-07,419999.34699999995,1.0,415443.26331249997,1.9421566041954998e-07,2258.343728626731,4800.0,1.0,,148,,,,,,,,
7.965290287000016,0.0017052203369530617,0.014208984468132258,0.0,0.0,0.0129225,4.0,0.6275,-0.00659175862383563,0.21903897039592266,-0.0037632594467140734,3.4289925039843185e-06,3.378598177761205e-06,419952.967,1.0,415720.04031250003,1.9421566041954998e-07,2340.8277852714473,4800.0,1.0,,149,,,,,,,,
7.9818362929997875,0.00240288554050494,0.02294921879656613,0.0,0.0,0.012875000000000001,4.0,0.625,-0.003907957812771201,0.22084025032818316,-0.0010655050224158912,3.108391206296801e-06,1.1094464269945092e-06,420030.027,1.0,415019.65021875,1.9421566041954998e-07,2657.7701037261486,4800.0,1.0,,150,,,,,,,,
7.957685377999951,0.0016413888952229172,0.011865234386641532,0.0,0.0,0.0128275,4.0,0.6225,-0.00742038204043638,0.21772418953478337,-0.004627895879093557,1.91032421099635e-06,3.6016209072897707e-07,419153.533,1.0,415586.94196875,1.9421566041954998e-07,2167.055811164905,4800.0,1.0,,151,,,,,,,,
7.998658795999972,0.0031714209559140726,0.044352213758975266,0.0,0.0,0.01278,4.0,0.62,-0.0033808950043749063,0.21662904508411884,-0.0006126412539742887,8.726324232100069e-07,3.565284224293919e-07,419593.841,1.0,415475.7975625,1.9421566041954998e-07,2448.333788378632,4800.0,1.0,,152,,,,,,,,
8.054260697000018,0.0032267787915770895,0.04306640625,0.0,0.0,0.0127325,4.0,0.6174999999999999,-0.009627459477633238,0.2190583560615778,-0.006839589716400951,1.0388394855453953e-06,2.3735078283237955e-06,419106.01900000003,1.0,415363.0791875,1.9421566041954998e-07,2262.695057875005,4800.0,1.0,,153,,,,,,,,
8.094763680000142,0.002708527137292549,0.03955078143626452,0.0,0.0,0.012685,4.0,0.615,-0.006448032025946304,0.21815661005675793,-0.003681646625045687,7.502445491525123e-07,1.7126720230464799e-06,419182.10400000005,1.0,416090.72918749996,1.9421566041954998e-07,1839.5091789574808,4800.0,1.0,,154,,,,,,,,
8.109744879000118,0.003005226043751463,0.034130859375,0.0,0.0,0.0126375,4.0,0.6125,-0.003955951938405633,0.21907175481319427,-0.0011878216406330465,9.111342656353826e-07,5.966073647556413e-07,419720.716,1.0,415185.27696875,1.9421566041954998e-07,2552.9503218590717,4800.0,1.0,,155,,,,,,,,
7.988890459999993,0.003555849360418506,0.03891601575305685,0.0,0.0,0.01259,4.0,0.61,-0.00025115665630437434,0.21819336004555226,0.002495599491521716,1.7475538989231154e-06,2.459842175284166e-07,420708.118,1.0,415930.910890625,1.9421566041954998e-07,2587.765350486158,4800.0,1.0,,156,,,,,,,,
7.992890001999967,0.002792720815341454,0.02849934914847836,0.0,0.0,0.012542500000000002,4.0,0.6074999999999999,-0.006123710761312395,0.21822459883987905,-0.0033871973399072887,4.240540334876641e-06,2.890675276034926e-07,420467.599,1.0,415503.44184375,1.9421566041954998e-07,2252.075712437876,4800.0,1.0,,157,,,,,,,,
8.137596778999978,0.0024595537630375474,0.020491536462213845,0.0,0.0,0.012495,4.0,0.605,-0.006242566055152565,0.21789444498717786,-0.0035203581559471787,2.354367481416375e-06,2.950256327238776e-07,420624.7139999999,1.0,415854.99240625,1.9421566041954998e-07,2440.597479828817,4800.0,1.0,,158,,,,,,,,
8.06308735100015,0.003267127517028712,0.03950195317156613,0.0,0.0,0.0124475,4.0,0.6025,-0.0028146272292360664,0.21503856927156448,-0.00013831639080308378,7.787860532459944e-07,6.075153404339062e-07,419225.323,1.0,415411.56385937496,1.9421566041954998e-07,2137.6000062242574,4800.0,1.0,,159,,,,,,,,
8.113012176000211,0.0019255115505075083,0.018391927133779972,0.0,0.0,0.012400000000000001,4.0,0.6,-0.0025853741681203246,0.21400975696742536,6.77815951348748e-05,3.400238198025818e-06,4.5005656339469625e-07,419519.751,1.0,415810.866421875,1.9421566041954998e-07,2352.3103222792497,4800.0,1.0,,160,421183.00600000005,418822.12500000006,415323.279,70000042,415172.9454,best_of_k,418822.12500000006,2439.312147867828
8.180594063999933,0.0023236725450260566,0.024527994985692202,0.0,0.0,0.012352499999999999,4.0,0.5974999999999999,-0.0036941316677257417,0.21004042141139506,-0.0011001052451319992,2.7330574134509787e-06,4.483630537066574e-07,419351.34699999995,1.0,415570.707765625,1.9421566041954998e-07,2296.4334194257926,4800.0,1.0,,161,,,,,,,,
8.065278800999977,0.0034987586754141376,0.04298502630554139,0.0,0.0,0.012305,4.0,0.595,-0.00017355684540234506,0.21032320000231267,0.0024139459244906904,2.647240562225761e-06,5.181331204084927e-07,419497.33300000004,1.0,415458.0540625,1.9421566041954998e-07,2551.3602969914496,4800.0,1.0,,162,,,,,,,,
8.065602709999894,0.00267795636318624,0.03395182299427688,0.0,0.0,0.012257500000000001,4.0,0.5925,-0.005408060475019738,0.20977664291858672,-0.0028369539300911128,7.109275802719139e-07,3.1951126331364323e-07,419132.417,1.0,415634.48189062503,1.9421566041954998e-07,1964.123953287393,4800.0,1.0,,163,,,,,,,,
8.059170614000095,0.0029258212714921685,0.02864583341870457,0.0,0.0,0.012210000000000002,4.0,0.5900000000000001,-0.005856614088406787,0.2087312325835228,-0.0033081620349548757,7.243952097724105e-07,1.687562278362975e-07,419998.44299999997,1.0,415730.20774999994,1.9421566041954998e-07,1650.1718256272568,4800.0,1.0,,164,,,,,,,,
8.12203600099997,0.0027048145013395695,0.0271321615553461,0.0,0.0,0.012162500000000001,4.0,0.5875,-0.00535713872523047,0.21235352233052254,-0.00277476015035063,2.371231344966418e-06,2.682183971813856e-07,420052.573,1.0,415677.005734375,1.9421566041954998e-07,2674.600225175443,4800.0,1.0,,165,,,,,,,,
8.15704486300001,0.0027844549797009675,0.026969401142559947,0.0,0.0,0.012115,4.0,0.585,-0.007579615019494668,0.21056843213737012,-0.00502967145293951,1.5743150783009696e-06,1.8717289385961066e-06,420498.054,1.0,415632.01334375003,1.9421566041954998e-07,2717.204401412815,4800.0,1.0,,166,,,,,,,,
8.09302942599993,0.0021092895680340008,0.018603515694849193,0.0,0.0,0.0120675,4.0,0.5825,-0.0025352406810270622,0.20890165194869043,-1.4619319699704647e-05,5.809293853076269e-07,4.827215484226599e-07,419878.345,1.0,415475.12903125,1.9421566041954998e-07,2462.6995351886394,4800.0,1.0,,167,,,,,,,,
8.048733506999952,0.0020747715629113373,0.01700846361927688,0.0,0.0,0.012020000000000001,4.0,0.5800000000000001,-0.0067212453577667475,0.20556987598538398,-0.004250460653565824,6.300213716059489e-07,2.0493170609370283e-07,418974.457,1.0,415804.132296875,1.9421566041954998e-07,2110.1840303707186,4800.0,1.0,,168,,,,,,,,
8.10229007199996,0.00210045535932295,0.020605468773283064,0.0,0.0,0.0119725,4.0,0.5775,-0.003147143553360365,0.20786259844899177,-0.0006586646602954715,4.379714731328477e-07,2.2403331882969725e-07,418888.86,1.0,415968.57496875,1.9421566041954998e-07,2053.9798901062327,4800.0,1.0,,169,,,,,,,,
8.120807574000082,0.002531152647861745,0.023470052145421506,0.0,0.0,0.011925000000000002,4.0,0.575,-0.004659794879262336,0.20212521366775035,-0.0022496704827062786,7.321572326191017e-07,2.914254778829672e-07,420132.243,1.0,415789.00739062496,1.9421566041954998e-07,2183.0250896875878,4800.0,1.0,,170,,,,,,,,
8.206066632999864,0.0021746624450315723,0.024674479209352285,0.0,0.0,0.011877500000000001,4.0,0.5725,-0.003202273015631363,0.20008415170013905,-0.0008266970864497126,6.741223913309114e-07,1.7128964795887213e-06,419747.79500000004,1.0,416433.24196875,1.9421566041954998e-07,1739.81442858983,4800.0,1.0,,171,,,,,,,,
8.02175583799999,0.0023713739472441377,0.021175130247138442,0.0,0.0,0.01183,4.0,0.5700000000000001,-0.005095984734361991,0.19752995409071444,-0.002759467752184719,1.3075035543153035e-06,2.6281793275018117e-07,420065.546,1.0,416085.13878125,1.9421566041954998e-07,1986.6811778849806,4800.0,1.0,,172,,,,,,,,
8.056440981999913,0.0028272023191675544,0.0364583334652707,0.0,0.0,0.011782500000000001,4.0,0.5675,-0.005958703602664173,0.19702333509922026,-0.003638877288904041,5.386934169848701e-07,3.0948763402705025e-06,419876.688,1.0,416008.109890625,1.9421566041954998e-07,2103.1920248197666,4800.0,1.0,,173,,,,,,,,
8.08253058199989,0.003618221712531522,0.04918619804084301,0.0,0.0,0.011735,4.0,0.565,0.0004606176749803126,0.19848993457853795,0.0027891333680599927,1.23994264384919e-06,1.2798181568740573e-06,420807.276,1.0,415282.912765625,1.9421566041954998e-07,2333.35082571619,4800.0,1.0,,174,,,,,,,,
8.19432748500003,0.0032959163130726666,0.0322916668606922,0.0,0.0,0.0116875,4.0,0.5625,-0.005618171844980679,0.20019350871443747,-0.003278747358126566,7.107833866371038e-07,5.328264720105836e-07,420479.021,1.0,415723.013828125,1.9421566041954998e-07,1928.0404472395783,4800.0,1.0,,175,,,,,,,,
8.140945673000033,0.0036418461619177832,0.057324218982830646,0.0,0.0,0.011640000000000001,4.0,0.56,-0.006995649298187345,0.20028298757970334,-0.004664561420213431,8.093377683593417e-07,2.500883049094682e-07,420036.995,1.0,416120.58625,1.9421566041954998e-07,2336.7534232602766,4800.0,1.0,,176,,,,,,,,
8.091903050999917,0.0028070878790458663,0.03805338551755995,0.0,0.0,0.0115925,4.0,0.5575,-0.005589998955838382,0.2002229530364275,-0.0032690860563889144,5.853284974932648e-07,2.2641143875290483e-07,419947.16500000004,1.0,416286.19776562497,1.9421566041954998e-07,1949.751519059213,4800.0,1.0,,177,,,,,,,,
8.235328662000029,0.0015005321634816936,0.017252604302484542,0.0,0.0,0.011545,4.0,0.5549999999999999,0.00048350727884098886,0.2058280508965254,0.002859640377573669,5.60144660255446e-07,1.9175591887687914e-07,419787.638,1.0,415541.043140625,1.9421566041954998e-07,2217.1507591467907,4800.0,1.0,,178,,,,,,,,
8.067538873999865,0.0016800016906927339,0.016748046944849194,0.0,0.0,0.0114975,4.0,0.5525,0.0016294864879455417,0.20361107364296913,0.003970058064442128,1.0933772870203028e-06,6.739048554749161e-07,419636.68799999997,1.0,415977.105625,1.9421566041954998e-07,2281.0347516310794,4800.0,1.0,,179,,,,,,,,
7.98282970199989,0.002508936493541114,0.022835286462213843,0.0,0.0,0.01145,4.0,0.55,-0.004866859430330805,0.20173134766519069,-0.0025572783895768227,8.418285261768688e-07,3.1741136261587146e-07,419541.454,1.0,415650.113109375,1.9421566041954998e-07,2194.250470412324,4800.0,1.0,,180,421183.00600000005,419872.69600000005,413414.86699999997,70000042,416449.1127,best_of_k,419872.69600000005,1638.149319831714
7.828236737999987,0.0027186121806153096,0.03206380222691223,0.0,0.0,0.011402500000000001,4.0,0.5475,-0.0038262296584434807,0.20089833177626132,-0.0015357078344095498,7.225873595473331e-07,2.978178809343035e-07,420219.308,1.0,415996.07573437504,1.9421566041954998e-07,2148.282363627476,4800.0,1.0,,181,,,,,,,,
7.976606937000042,0.001938090260955505,0.022216796944849192,0.0,0.0,0.011355,4.0,0.5449999999999999,-0.005145181983243674,0.20076262727379798,-0.002865664730779827,5.639905623411323e-07,1.7199554491753588e-07,420231.496,1.0,416083.47468750004,1.9421566041954998e-07,1871.8986237497954,4800.0,1.0,,182,,,,,,,,
8.218346455000074,0.003409421571996063,0.04752604179084301,0.0,0.0,0.0113075,4.0,0.5425,-0.007064075802918524,0.20129557996988295,-0.004788422980345786,1.8903241461032394e-06,6.163574017392648e-07,419503.91599999997,1.0,415927.853171875,1.9421566041954998e-07,2875.1243190452465,4800.0,1.0,,183,,,,,,,,
8.112007849000065,0.002294426276057493,0.022460937569849192,0.0,0.0,0.011260000000000001,4.0,0.54,-0.005911034304881468,0.20101154334843158,-0.003647796728182584,6.94370988441051e-07,1.6638885345088283e-07,419930.929,1.0,415980.17701562494,1.9421566041954998e-07,1972.9623593443916,4800.0,1.0,,184,,,,,,,,
8.12430917000006,0.002457723818952218,0.02469075524713844,0.0,0.0,0.0112125,4.0,0.5375,-0.0032396749302279204,0.1950153771787882,-0.0010548232472501694,6.304008095980862e-07,3.390527185587189e-06,420322.654,1.0,415583.346875,1.9421566041954998e-07,2388.5551181254086,4800.0,1.0,,185,,,,,,,,
8.036726711000028,0.0028559159371070566,0.03769531254656613,0.0,0.0,0.011165,4.0,0.5349999999999999,-0.0063026493153302,0.19804578237235546,-0.004092182841850445,4.4198300130915413e-07,1.3413305584464296e-06,419339.489,1.0,415844.996328125,1.9421566041954998e-07,2145.489962691752,4800.0,1.0,,186,,,,,,,,
8.172791284999903,0.0015724157376098447,0.013655598985496908,0.0,0.0,0.0111175,4.0,0.5325,-0.005213839455973357,0.19635928310453893,-0.003031090856529772,2.0386175652475915e-06,1.4337370473072043e-07,421090.199,1.0,416362.1594375,1.9421566041954998e-07,1788.8151436997796,4800.0,1.0,,187,,,,,,,,
8.007504172000154,0.001921352240606211,0.015006510447710753,0.0,0.0,0.011070000000000002,4.0,0.53,-0.004471897540497594,0.19958968460559845,-0.0022626311518251898,9.890713847937604e-07,1.8495511611149595e-07,420394.597,1.0,416084.18640625,1.9421566041954998e-07,2163.2907779577777,4800.0,1.0,,188,,,,,,,,
8.217336392999869,0.0019956142641603947,0.018131510424427687,0.0,0.0,0.011022500000000001,4.0,0.5275000000000001,-0.0010118598584085703,0.19894748888909816,0.0011808099341578781,1.175773199690866e-06,2.2297207209476254e-07,420322.258,1.0,416718.539109375,1.9421566041954998e-07,1785.8215019545096,4800.0,1.0,,189,,,,,,,,
8.093727571000045,0.0027130447757372166,0.029166666674427688,0.0,0.0,0.010975,4.0,0.525,-0.002209063444752246,0.20029782690107822,-1.099519431591034e-05,1.01660326023989e-06,1.9714763119793587e-07,420192.067,1.0,416473.422640625,1.9421566041954998e-07,2064.8487894302643,4800.0,1.0,,190,,,,,,,,
8.088270830999818,0.0020259507684386334,0.023372395895421505,0.0,0.0,0.010927500000000001,4.0,0.5225,-0.0027166668849531563,0.20213188864290715,-0.0005080904113128782,7.810873086100401e-07,2.839656971787008e-07,420571.642,1.0,416208.819046875,1.9421566041954998e-07,2401.748824430301,4800.0,1.0,,191,,,,,,,,
7.986462614999937,0.0022511196963023393,0.023063151049427688,0.0,0.0,0.01088,4.0,0.52,-0.0033812527370173486,0.20054343342781067,-0.0011996215820545332,9.702996315752443e-07,3.681929463539291e-07,419358.87000000005,1.0,416379.685609375,1.9421566041954998e-07,2160.352044025434,4800.0,1.0,,192,,,,,,,,
8.047470470999997,0.0022753142737201417,0.023518880270421504,0.0,0.0,0.0108325,4.0,0.5175000000000001,-0.003953706310130656,0.19575574919581412,-0.001833338791038841,4.064255591629262e-07,2.3093401111395905e-07,419704.94600000005,1.0,415937.66270312504,1.9421566041954998e-07,2275.988592128093,4800.0,1.0,,193,,,,,,,,
8.034944884999959,0.0022216375538846476,0.022998046944849193,0.0,0.0,0.010785000000000001,4.0,0.515,-0.004190017070504837,0.19519977197051047,-0.0020849361666478218,2.462816439674498e-07,2.479585127446171e-07,419725.742,1.0,416577.394078125,1.9421566041954998e-07,2278.835725348118,4800.0,1.0,,194,,,,,,,,
7.989503445999844,0.0019798464280029295,0.020068359468132256,0.0,0.0,0.0107375,4.0,0.5125,-0.0018288875988218933,0.19225085489451885,0.00023519195383414626,3.8990352102530323e-07,3.4995886828426136e-07,419930.646,1.0,416110.37153125,1.9421566041954998e-07,2241.003475113893,4800.0,1.0,,195,,,,,,,,
7.959713456999907,0.002794834115775302,0.0396321615902707,0.0,0.0,0.010690000000000002,4.0,0.51,-0.005709666007896885,0.19154364727437495,-0.003662317106500268,2.9763838611529535e-07,4.4666453682395966e-07,419852.947,1.0,416311.758734375,1.9421566041954998e-07,1727.5045334439678,4800.0,1.0,,196,,,,,,,,
8.000200584999902,0.0029535017063608395,0.03746744793606922,0.0,0.0,0.010642500000000001,4.0,0.5075000000000001,-0.0019014629651792347,0.19375380240380763,0.0001604478107765317,3.094925631330625e-07,1.6601535755000895e-07,419755.70800000004,1.0,416018.11309374997,1.9421566041954998e-07,1744.5357184322543,4800.0,1.0,,197,,,,,,,,
7.997268335999934,0.003500681673176587,0.043733724090270695,0.0,0.0,0.010595,4.0,0.505,-0.003857442521257326,0.1904616691172123,-0.001839696429669857,4.3662189739279713e-07,3.0258088550283447e-07,420998.998,1.0,416332.33703125,1.9421566041954998e-07,2256.8217076259225,4800.0,1.0,,198,,,,,,,,
8.002921757999957,0.0020765438181115313,0.02213541673263535,0.0,0.0,0.010547500000000001,4.0,0.5025,-0.0030401343770790844,0.19107199385762214,-0.0010249975952319802,2.132734369553191e-07,3.4695867583423025e-07,420213.9909999999,1.0,416233.017296875,1.9421566041954998e-07,1694.161725584027,4800.0,1.0,,199,,,,,,,,
8.067735644000095,0.0025330217176815495,0.025488281319849194,0.0,0.0,0.0105,4.0,0.5,-0.00017300951294600963,0.19315719194710254,0.0018547094077803195,1.1854308088032895e-06,6.254882201517375e-07,419999.25100000005,1.0,416207.916875,1.9421566041954998e-07,2492.5664031918145,4800.0,1.0,,200,421183.00600000005,419150.82700000005,412766.489,70000042,416022.5372,best_of_k,419150.82700000005,2098.949386429989
7.917864765999866,0.002249150731950067,0.026985677145421504,0.0,0.0,0.010452500000000002,4.0,0.49750000000000005,-0.0007204790483228863,0.18940605260431767,0.00125900290440768,1.2893134019975605e-06,3.1073372923628996e-07,420139.5449999999,1.0,416541.256109375,1.9421566041954998e-07,1859.4342392090148,4800.0,1.0,,201,,,,,,,,
7.864563273000158,0.00204406635457417,0.016650390625,0.0,0.0,0.010405000000000001,4.0,0.495,-0.005819138628430665,0.18981183059513568,-0.003844624012708664,1.2967421611165265e-06,6.960870347683113e-07,420585.063,1.0,416861.861984375,1.9421566041954998e-07,1954.2760955083859,4800.0,1.0,,202,,,,,,,,
7.735156181999855,0.001893126515642507,0.01944986979942769,0.0,0.0,0.010357500000000002,4.0,0.49250000000000005,-0.002996078136493452,0.18864442892372607,-0.0010427476954646409,8.791341166158873e-07,9.325723429043364e-07,420051.447,1.0,415933.45703125,1.9421566041954998e-07,2207.594485523465,4800.0,1.0,,203,,,,,,,,
7.62637400299991,0.002525047839662875,0.0348795574856922,0.0,0.0,0.01031,4.0,0.49,-0.0032796080427942797,0.1885176494717598,-0.0013361381210415858,5.355818235130983e-07,1.8703969075772875e-07,420348.4829999999,1.0,416640.5104375,1.9421566041954998e-07,1917.359133866683,4800.0,1.0,,204,,,,,,,,
7.54470776800008,0.003102719734306447,0.04145507840439677,0.0,0.0,0.0102625,4.0,0.48750000000000004,-0.0006293871469097212,0.18673591427505015,0.001286844548303634,5.410858509691252e-07,1.8307041180776195e-07,420095.24600000004,1.0,416261.751234375,1.9421566041954998e-07,2124.6658957151813,4800.0,1.0,,205,,,,,,,,
7.531456572000025,0.0017350591660942882,0.01393229173263535,0.0,0.0,0.010215,4.0,0.485,-0.00319497320742812,0.19034493640065192,-0.0012510939035564662,1.3796003244692656e-06,7.127778971494081e-07,420857.54000000004,1.0,416674.530359375,1.9421566041954998e-07,2350.8821442455715,4800.0,1.0,,206,,,,,,,,
7.580250540999941,0.00265069036395289,0.030159505282063036,0.0,0.0,0.010167500000000001,4.0,0.48250000000000004,0.00047140876995399594,0.1917045723646879,0.002420241921208799,1.4210744190279456e-06,3.616664027816796e-07,419900.136,1.0,416757.86684375,1.9421566041954998e-07,1940.1522339558612,4800.0,1.0,,207,,,,,,,,
7.49310741599993,0.0022452738601714374,0.023893229197710752,0.0,0.0,0.01012,4.0,0.48,-0.0003281661600340158,0.19079596623778344,0.0016024030512198806,1.147264815415383e-06,3.4291900021798936e-07,420103.2,1.0,416403.64981250005,1.9421566041954998e-07,2525.8171554275395,4800.0,1.0,,208,,,,,,,,
7.561807346000023,0.0016863959386682835,0.019661458395421504,0.0,0.0,0.010072500000000002,4.0,0.47750000000000004,-0.005787152529228479,0.18790253438055515,-0.0038952255388721825,1.366908133348943e-06,1.1690161127120292e-06,420950.893,1.0,416622.98190625,1.9421566041954998e-07,2385.3762218654006,4800.0,1.0,,209,,,,,,,,
7.557934115999842,0.0015273882505425717,0.012369791674427689,0.0,0.0,0.010025000000000001,4.0,0.475,0.0007489591371268034,0.18834880031645299,0.0026369573781266807,3.056077332530549e-07,3.362874245738112e-07,420507.274,1.0,416916.99859374994,1.9421566041954998e-07,2087.1107893132744,4800.0,1.0,,210,,,,,,,,
7.712460440999848,0.002141364858835004,0.028808593889698385,0.0,0.0,0.009977500000000002,4.0,0.47250000000000003,-0.0034890168230049313,0.19114201329648495,-0.0015821191482245922,3.544099993035843e-07,3.7240342010136374e-07,420970.936,1.0,416622.6051875,1.9421566041954998e-07,2446.4060152841394,4800.0,1.0,,211,,,,,,,,
7.546859457999972,0.002282532278331928,0.026757812686264516,0.0,0.0,0.00993,4.0,0.47,-0.0011104194330982865,0.18774587363004686,0.0007536997552961111,7.669491001394135e-07,2.4167633441152245e-07,419358.544,1.0,416392.61684375,1.9421566041954998e-07,2155.748723055134,4800.0,1.0,,212,,,,,,,,
7.589826840000114,0.0015141757827223045,0.011881510447710752,0.0,0.0,0.0098825,4.0,0.4675,-0.004215794091578573,0.18570244312286377,-0.002380726917181164,2.4263948219527263e-07,2.266783397431027e-07,419953.632,1.0,416482.07815625006,1.9421566041954998e-07,1879.8183862865142,4800.0,1.0,,213,,,,,,,,
7.462713601999894,0.0016204146941163344,0.019514973973855376,0.0,0.0,0.009835,4.0,0.46499999999999997,-0.001057052769465372,0.18320596516132354,0.0007446170318871736,6.566648671935126e-07,1.9073598398477997e-07,420441.61500000005,1.0,416373.70503125,1.9421566041954998e-07,1945.3741346901538,4800.0,1.0,,214,,,,,,,,
7.444592759999978,0.0017910837777890265,0.012581380316987634,0.0,0.0,0.009787500000000001,4.0,0.4625,-0.0016765572741860523,0.1830741200596094,0.00011502328561618924,9.809979626851372e-07,3.1799458213299656e-07,419755.812,1.0,416202.50221874996,1.9421566041954998e-07,1906.2553967596275,4800.0,1.0,,215,,,,,,,,
7.464157989999876,0.00337688566360157,0.042171224241610614,0.0,0.0,0.00974,4.0,0.45999999999999996,-0.002134373428998515,0.1820148691534996,-0.0003620336530730128,6.715356324349386e-07,8.355134637483275e-07,420559.215,1.0,416351.79968750005,1.9421566041954998e-07,1879.6158928245052,4800.0,1.0,,216,,,,,,,,
7.451851428000282,0.0021904143864958313,0.02486979167442769,0.0,0.0,0.009692500000000001,4.0,0.4575,-0.002492456554318778,0.18092088773846626,-0.0007395539665594697,8.552083862412019e-07,1.1753838027317443e-06,420782.38300000003,1.0,416822.75353125,1.9421566041954998e-07,1990.9190260945936,4800.0,1.0,,217,,,,,,,,
7.663376631000119,0.0020356102191726676,0.024153645895421506,0.0,0.0,0.009644999999999999,4.0,0.45499999999999996,-0.0030841750296531243,0.18150957785546779,-0.0013344580074772239,4.210139761084975e-06,1.0430390695148617e-06,419348.444,1.0,416196.72053125,1.9421566041954998e-07,1949.2326923367584,4800.0,1.0,,218,,,,,,,,
7.765611818000252,0.0015430885250680149,0.013248697947710752,0.0,0.0,0.0095975,4.0,0.4525,-0.002137903810944408,0.18170354403555394,-0.0003942026756703854,8.454766820875648e-07,2.2890108155593226e-07,420546.022,1.0,416426.742078125,1.9421566041954998e-07,2061.5871027983844,4800.0,1.0,,219,,,,,,,,
7.806825473000117,0.001916400730260648,0.015169270895421505,0.0,0.0,0.00955,4.0,0.44999999999999996,-0.0034467057907022537,0.1833848562091589,-0.0016955566126853228,8.806589711696233e-07,1.7622684858054072e-07,420115.548,1.0,416284.73990625003,1.9421566041954998e-07,2275.045204402307,4800.0,1.0,,220,421183.00600000005,419465.47400000005,415835.635,70000042,417179.69263333327,best_of_k,419465.47400000005,1193.4139017738003
7.6812066600000435,0.0031603515380993485,0.03665364587213844,0.0,0.0,0.0095025,4.0,0.4475,-0.007537102437345311,0.18459000214934349,-0.005783540033735335,1.2005798673442313e-06,7.681436162698674e-07,420613.723,1.0,416496.996125,1.9421566041954998e-07,2029.5968099255535,4800.0,1.0,,221,,,,,,,,
7.487880920999942,0.002074739328236319,0.02145182292442769,0.0,0.0,0.009455,4.0,0.44499999999999995,-0.003287724405527115,0.1821695204824209,-0.0015659683151170612,1.023222719709338e-06,1.109030905865893e-06,421769.742,1.0,416554.53328125004,1.9421566041954998e-07,2236.03463204582,4800.0,1.0,,222,,,,,,,,
7.686256592000063,0.002101582793693524,0.020914713572710752,0.0,0.0,0.009407500000000001,4.0,0.4425,-0.0044021172041539105,0.18348581083118914,-0.00267620834056288,1.5645687213350356e-06,1.5525907350877333e-07,420680.93,1.0,416852.206203125,1.9421566041954998e-07,2060.9332919145522,4800.0,1.0,,223,,,,,,,,
7.7411986749998505,0.0021616516620269976,0.02021484379656613,0.0,0.0,0.00936,4.0,0.43999999999999995,-0.003826555228442885,0.18279214017093182,-0.0021157373616006226,4.7249449828257186e-07,1.38531990145907e-07,421384.674,1.0,416886.625578125,1.9421566041954998e-07,1907.0087038435674,4800.0,1.0,,224,,,,,,,,
7.880769577000137,0.0035640168614918368,0.05190429696813226,0.0,0.0,0.009312500000000001,4.0,0.4375,-0.0014286171819549054,0.18469354547560216,0.00029111062176525595,9.588251458581e-07,2.700411130263092e-07,420822.53099999996,1.0,416677.48140625004,1.9421566041954998e-07,2278.1388927018133,4800.0,1.0,,225,,,,,,,,
7.6621395990000565,0.0020485535977059046,0.01842447919771075,0.0,0.0,0.009265000000000002,4.0,0.43500000000000005,-0.003482210132642649,0.18139067515730858,-0.0018019009148702025,1.381864542082667e-06,2.740290289793279e-07,421003.53300000005,1.0,416723.30062500003,1.9421566041954998e-07,1855.2899909982425,4800.0,1.0,,226,,,,,,,,
7.72899633399993,0.0016954524064203725,0.015592447924427688,0.0,0.0,0.0092175,4.0,0.4325,-0.0038264319446170703,0.1813184253871441,-0.0021552702412009237,2.91723211987005e-07,2.2406974693467417e-07,420768.90599999996,1.0,416973.87090624997,1.9421566041954998e-07,1952.7034270790505,4800.0,1.0,,227,,,,,,,,
7.971909721999964,0.002028186533425469,0.0188313803402707,0.0,0.0,0.009170000000000001,4.0,0.43000000000000005,-0.008881856061634608,0.1836645644158125,-0.007197767641628161,2.488587508508999e-07,1.8199773492710848e-07,421211.89,1.0,416985.1405625,1.9421566041954998e-07,2167.2532559900524,4800.0,1.0,,228,,,,,,,,
7.759238043000096,0.0016137849335791544,0.013297526049427688,0.0,0.0,0.0091225,4.0,0.4275,-0.00036004024441353976,0.18412565253674984,0.001319492282345891,3.2777139260531383e-07,2.408708684953353e-07,420513.97099999996,1.0,417103.099890625,1.9421566041954998e-07,2065.1571264121976,4800.0,1.0,,229,,,,,,,,
7.773702551000042,0.0021254789491649715,0.022770182404201478,0.0,0.0,0.009075000000000001,4.0,0.42500000000000004,-0.00445570430601947,0.18481959514319896,-0.0027786273742094634,4.032146907917422e-07,2.423547554641914e-07,420691.104,1.0,417011.135859375,1.9421566041954998e-07,1914.832294121616,4800.0,1.0,,230,,,,,,,,
7.828011526999944,0.001632362437521806,0.013020833430346102,0.0,0.0,0.0090275,4.0,0.4225,-0.006563988749985583,0.18390263020992278,-0.004904571792576462,9.18753848822007e-07,1.3447382492870474e-06,420271.16000000003,1.0,416659.551078125,1.9421566041954998e-07,1770.9656897505402,4800.0,1.0,,231,,,,,,,,
7.784932878999825,0.0015184477117145434,0.011848958337213843,0.0,0.0,0.008980000000000002,4.0,0.42000000000000004,-0.004738218677812256,0.18291583172976972,-0.0030960327014327048,8.729229740822575e-07,6.217788758533515e-07,421242.934,1.0,417112.325265625,1.9421566041954998e-07,1889.1558316957978,4800.0,1.0,,232,,,,,,,,
7.924527429000136,0.0017063717183191328,0.017740885517559944,0.0,0.0,0.008932500000000001,4.0,0.4175,-0.0019673334929393603,0.18224600479006767,-0.0003396287211216986,6.091150812181923e-07,2.9289218694827923e-07,420532.55700000003,1.0,416318.601625,1.9421566041954998e-07,2423.203695160172,4800.0,1.0,,233,,,,,,,,
8.03839445299991,0.001777358484105207,0.02018229173263535,0.0,0.0,0.008885,4.0,0.41500000000000004,-0.001149764315050561,0.18132362626492976,0.00046113735297694804,7.549787365945804e-07,1.6789402828010226e-07,420699.136,1.0,416920.861453125,1.9421566041954998e-07,1975.0988898279554,4800.0,1.0,,234,,,,,,,,
7.967224161000104,0.0030117802991298957,0.040250651095993815,0.0,0.0,0.0088375,4.0,0.4125,-0.006977088398707565,0.18005757145583628,-0.005386072634428274,1.0600171130192848e-06,2.741946586226618e-07,422240.477,1.0,416824.719734375,1.9421566041954998e-07,2048.42434164929,4800.0,1.0,,235,,,,,,,,
8.001426642000297,0.0010477389841980767,0.011230468878056853,0.0,0.0,0.008790000000000001,4.0,0.41000000000000003,0.00013654071954078973,0.17918321751058103,0.0017113644164055586,6.888753052436414e-07,2.5644702894567217e-07,420543.99799999996,1.0,416697.039921875,1.9421566041954998e-07,1864.1463331526065,4800.0,1.0,,236,,,,,,,,
7.9472592810002425,0.0016256413822702599,0.013004557322710752,0.0,0.0,0.0087425,4.0,0.4075,-0.004429844644619152,0.17893350049853324,-0.002865670427127043,7.497618042862087e-07,1.5339649905854458e-07,420026.784,1.0,417325.45478125,1.9421566041954998e-07,1481.8703743009148,4800.0,1.0,,237,,,,,,,,
7.910195694999857,0.001988334977068007,0.023404948029201476,0.0,0.0,0.008695000000000001,4.0,0.405,0.0015386738057713955,0.17743608616292478,0.003081339574418962,7.52560734795793e-07,1.3043489222042126e-07,421282.254,1.0,417169.175578125,1.9421566041954998e-07,1898.7109724055467,4800.0,1.0,,238,,,,,,,,
7.899845957999787,0.0033773250441299753,0.04207356774713844,0.0,0.0,0.0086475,4.0,0.40249999999999997,-0.008005533785035369,0.17592091895639897,-0.0064848316833376884,2.477610910744943e-06,6.536512625388014e-07,421230.8599999999,1.0,416875.452390625,1.9421566041954998e-07,2331.9939688367053,4800.0,1.0,,239,,,,,,,,
7.966512289999628,0.0010991318355081602,0.0076171875,0.0,0.0,0.008600000000000002,4.0,0.4,-0.00294627399998717,0.1771074913442135,-0.0014232793590053916,2.5817308859643615e-07,2.0859964813269017e-07,421398.229,1.0,417182.48071875,1.9421566041954998e-07,1911.8039529650964,4800.0,1.0,,240,422240.477,420881.961,416523.049,70000042,416992.6653666667,best_of_k,420881.961,1448.1920523957874
8.035890180000024,0.0012550589523016241,0.011035156273283064,0.0,0.0,0.0085525,4.0,0.39749999999999996,-0.0029325681418413295,0.17839212380349637,-0.001407045591622591,3.039845694274845e-07,2.9082946184644243e-07,421060.5250000001,1.0,416830.275109375,1.9421566041954998e-07,2099.336022103347,4800.0,1.0,,241,,,,,,,,
8.083809534000011,0.00201277173764538,0.016487630316987634,0.0,0.0,0.008505,4.0,0.395,-0.0022907843784196304,0.17828029431402684,-0.0007747097522951662,2.143694242562333e-07,3.554696146323977e-07,420548.25,1.0,417177.139875,1.9421566041954998e-07,1865.4499750101493,4800.0,1.0,,242,,,,,,,,
7.972143277000214,0.0018444918270688504,0.01985677102347836,0.0,0.0,0.0084575,4.0,0.39249999999999996,-0.003374501335201785,0.17603934109210967,-0.0018858241382986307,3.2969007328631507e-07,2.847318256726794e-07,420683.984,1.0,416728.60109375,1.9421566041954998e-07,2028.6154514382197,4800.0,1.0,,243,,,,,,,,
8.02740758400023,0.0011880110541824251,0.008398437511641533,0.0,0.0,0.00841,4.0,0.39,-0.0002632127841934562,0.1756704792380333,0.0012140593025833368,3.8732294846965944e-07,1.563298681617198e-07,421567.059,1.0,416542.612890625,1.9421566041954998e-07,2078.9531098753046,4800.0,1.0,,244,,,,,,,,
8.056794987999638,0.00164121319539845,0.015738932299427688,0.0,0.0,0.0083625,4.0,0.38749999999999996,-0.0021032663848018275,0.1754027672111988,-0.0006365792127326131,3.640148090511275e-07,1.6329190337671663e-07,421308.14499999996,1.0,417031.8791875,1.9421566041954998e-07,2026.2144056757656,4800.0,1.0,,245,,,,,,,,
7.976038629999948,0.0016161528139491566,0.009960937523283064,0.0,0.0,0.008315000000000001,4.0,0.385,-0.005933601413562428,0.17614508457481862,-0.004469074530061334,2.9568159902737535e-07,1.7975349955179354e-07,420854.708,1.0,417125.75971875,1.9421566041954998e-07,2547.5557504741682,4800.0,1.0,,246,,,,,,,,
7.936047637000229,0.001886696190922521,0.013069661520421504,0.0,0.0,0.0082675,4.0,0.38249999999999995,-0.0030444927979260683,0.17938667237758638,-0.001561890251468867,4.152552222080885e-07,8.709331041245604e-07,419785.93700000003,1.0,416721.32028125,1.9421566041954998e-07,2060.4244337262785,4800.0,1.0,,247,,,,,,,,
7.889977265000198,0.0024934789864346383,0.02856445328798145,0.0,0.0,0.008220000000000002,4.0,0.38,-0.003970077718258835,0.17730692885816096,-0.0025128630339168014,2.420113016654568e-07,4.483218942752387e-07,421021.605,1.0,417033.42332812503,1.9421566041954998e-07,1878.981705523503,4800.0,1.0,,248,,,,,,,,
7.959505371999967,0.001036099178600125,0.006591796909924596,0.0,0.0,0.0081725,4.0,0.37749999999999995,-1.6801818856038152e-05,0.17749350368976594,0.0014335382962599396,8.536490298638455e-07,2.803055561884094e-07,420475.35,1.0,417125.802109375,1.9421566041954998e-07,2313.5777606490346,4800.0,1.0,,249,,,,,,,,
7.960102911999911,0.0016164285800186918,0.01708984379656613,0.0,0.0,0.008125,4.0,0.375,-0.0006930066185304895,0.17663512453436853,0.0007419284549541772,1.4038276020755803e-06,1.7002568721835588e-07,420930.63399999996,1.0,417149.14599999995,1.9421566041954998e-07,1987.5016091788943,4800.0,1.0,,250,,,,,,,,
8.032734567000261,0.0020431023876881227,0.02187500010477379,0.0,0.0,0.008077500000000001,4.0,0.37250000000000005,-0.008317458460805938,0.17797659300267696,-0.006880147138144821,2.129547313245439e-06,1.6412889198846868e-07,420599.67500000005,1.0,416929.26853125007,1.9421566041954998e-07,1967.545176380194,4800.0,1.0,,251,,,,,,,,
7.788421508000283,0.002180383444647305,0.027164713572710754,0.0,0.0,0.00803,4.0,0.37,-0.003948069550096989,0.17687135562300682,-0.0025284002535045148,1.0278317880363375e-06,1.0099327663937173e-06,420251.092,1.0,417013.63790624996,1.9421566041954998e-07,2205.582983612417,4800.0,1.0,,252,,,,,,,,
8.011490659000174,0.0013388076156843453,0.004915364587213844,0.0,0.0,0.007982500000000002,4.0,0.36750000000000005,-0.000649992810213007,0.17440668120980263,0.0007419619476422667,3.13420741449022e-07,4.294955331829442e-07,420974.36000000004,1.0,417064.432984375,1.9421566041954998e-07,2191.8721428670137,4800.0,1.0,,253,,,,,,,,
7.909576074000142,0.0011911501711438176,0.01114908860763535,0.0,0.0,0.007935000000000001,4.0,0.365,-0.0005888276500627398,0.17335396632552147,0.0007864374434575439,2.2435931136044473e-06,1.4880771335157305e-07,419938.15800000005,1.0,416646.9673125,1.9421566041954998e-07,1955.1781043706749,4800.0,1.0,,254,,,,,,,,
7.84284500800004,0.002201451701694168,0.027050781343132258,0.0,0.0,0.007887500000000002,4.0,0.36250000000000004,-0.00197551806923002,0.1754888527095318,-0.0005914558190852403,3.539747368108692e-07,1.4148567615279716e-07,420303.833,1.0,417220.677171875,1.9421566041954998e-07,1313.8559784240247,4800.0,1.0,,255,,,,,,,,
7.773771095000029,0.0018388326367130502,0.014388020930346102,0.0,0.0,0.00784,4.0,0.36,-0.005983994153211825,0.17899244278669357,-0.004580958280712366,7.14854263250686e-07,3.8636229788835407e-07,421013.857,1.0,417153.18909374997,1.9421566041954998e-07,2162.324720665901,4800.0,1.0,,256,,,,,,,,
7.8274017540002205,0.001889812308945693,0.024267578125,0.0,0.0,0.007792500000000001,4.0,0.35750000000000004,-0.004683951538754627,0.17626361213624478,-0.0033105080015957355,1.871062382363675e-07,1.425571205970755e-07,421019.25899999996,1.0,417360.955421875,1.9421566041954998e-07,2008.7800246934435,4800.0,1.0,,257,,,,,,,,
7.683449888999803,0.0019181192183168605,0.01446940106106922,0.0,0.0,0.007745,4.0,0.355,-0.004530394790344871,0.17572026140987873,-0.0031695567653514446,1.733030771333688e-07,1.9587020485545282e-07,420741.993,1.0,416905.506734375,1.9421566041954998e-07,1737.2191992237408,4800.0,1.0,,258,,,,,,,,
7.626139888000125,0.0017989549116464332,0.016129557299427687,0.0,0.0,0.007697500000000001,4.0,0.35250000000000004,-0.00626585116260685,0.174983037635684,-0.004919024033006281,1.639713035572754e-07,1.7617015046766937e-07,421202.51399999997,1.0,416724.97378125,1.9421566041954998e-07,1932.307886046217,4800.0,1.0,,259,,,,,,,,
7.703824888999861,0.002354096696944907,0.029524739657063037,0.0,0.0,0.0076500000000000005,4.0,0.35,-0.0010776742594316602,0.17431760020554066,0.0002557454630732536,2.9094889644198927e-07,1.6140884362414454e-07,420766.299,1.0,417419.45065625,1.9421566041954998e-07,1532.1107779411943,4800.0,1.0,,260,422240.477,420611.59500000003,415968.983,70000042,417600.4027666666,best_of_k,420611.59500000003,1625.499628720968
7.951236786999743,0.0023061517160385845,0.022119140718132257,0.0,0.0,0.007602500000000002,4.0,0.34750000000000003,-0.0007473550591384992,0.17464029490947724,0.0005801898660138249,1.8265333778799686e-07,2.7944077451991234e-07,421135.90400000004,1.0,416717.48532812495,1.9421566041954998e-07,2168.490648337468,4800.0,1.0,,261,,,,,,,,
7.687213892000273,0.0014408700866624714,0.013769531284924596,0.0,0.0,0.007555000000000001,4.0,0.345,-0.0026248333088005893,0.1753566201776266,-0.0013001684099435806,7.220753300174465e-07,1.6517117273906479e-07,420479.839,1.0,417070.11635937507,1.9421566041954998e-07,1717.45653038119,4800.0,1.0,,262,,,,,,,,
7.526115300999663,0.00216772872954607,0.01936848962213844,0.0,0.0,0.007507500000000002,4.0,0.3425,-0.003493085200898349,0.17710561081767082,-0.002163577824831009,2.2826789543017866e-07,1.8009402733554225e-07,421698.20600000006,1.0,417318.220921875,1.9421566041954998e-07,1524.6843382591842,4800.0,1.0,,263,,,,,,,,
7.658060367999951,0.002437289120280184,0.02265625,0.0,0.0,0.00746,4.0,0.33999999999999997,-0.006294729516957887,0.17248095832765103,-0.005008143489249051,2.583382098464426e-07,1.9265914001920238e-07,420287.29799999995,1.0,416818.4301875,1.9421566041954998e-07,1859.7484892060586,4800.0,1.0,,264,,,,,,,,
7.769134101999953,0.0020649352081818506,0.02316080735763535,0.0,0.0,0.007412500000000001,4.0,0.3375,0.00046925829665269705,0.17059690058231353,0.0017337030149064958,3.390735454189553e-07,1.4171364455251022e-07,420861.05500000005,1.0,417368.859609375,1.9421566041954998e-07,1942.4572775444917,4800.0,1.0,,265,,,,,,,,
7.616794585000207,0.0018350013415329158,0.01521809899713844,0.0,0.0,0.007365,4.0,0.33499999999999996,-0.0020020059222588316,0.17011837475001812,-0.0007491610595025122,2.2599173963300245e-07,1.0881426781850223e-07,419599.82499999995,1.0,417145.61209375,1.9421566041954998e-07,1717.3874376714898,4800.0,1.0,,266,,,,,,,,
7.622973768000065,0.0014109555748291313,0.010725911532063037,0.0,0.0,0.007317500000000001,4.0,0.3325,-0.0021981629775837063,0.17155270986258983,-0.0009429448982700706,1.7888248127206907e-07,2.0140611614039017e-07,420761.89499999996,1.0,416761.27396875,1.9421566041954998e-07,2109.6733741473636,4800.0,1.0,,267,,,,,,,,
7.6945473640003,0.0012602561648236588,0.00939127606106922,0.0,0.0,0.00727,4.0,0.32999999999999996,0.00016182257677428425,0.16911341957747936,0.0013910914305597544,1.6252810368655447e-07,3.388738718967943e-07,420687.548,1.0,416918.57889062504,1.9421566041954998e-07,1883.0576957243968,4800.0,1.0,,268,,,,,,,,
7.741124696000043,0.0013245510461274534,0.01396484375,0.0,0.0,0.0072225000000000015,4.0,0.3275,-0.004830497862712946,0.171239535138011,-0.0035938396933488546,2.343806736249121e-07,1.9236166188818514e-07,420606.30700000003,1.0,417060.43626562494,1.9421566041954998e-07,1729.086211401284,4800.0,1.0,,269,,,,,,,,
7.753195609000159,0.0014742117084097118,0.01194661472691223,0.0,0.0,0.007174999999999999,4.0,0.32499999999999996,-0.002342047623824328,0.16919352039694785,-0.0011282705585472287,2.2327744346739565e-07,3.289049175236869e-07,419847.176,1.0,417041.55001562496,1.9421566041954998e-07,1891.362685297659,4800.0,1.0,,270,,,,,,,,
7.832126303000223,0.0012598897330462933,0.008333333360496908,0.0,0.0,0.0071275,4.0,0.3225,-0.0008740655553992838,0.1661994319409132,0.0003104393370449543,1.942172724866964e-07,1.239889252602211e-07,420669.153,1.0,416731.7621406249,1.9421566041954998e-07,1645.6399418056915,4800.0,1.0,,271,,,,,,,,
7.7806450749999385,0.0012060375913279131,0.01017252610763535,0.0,0.0,0.0070799999999999995,4.0,0.31999999999999995,-0.001079012632544618,0.16741238459944724,0.00010589974699541927,1.7932076534776797e-07,6.985258295344465e-07,420600.642,1.0,416928.5708125,1.9421566041954998e-07,1672.7919327602342,4800.0,1.0,,272,,,,,,,,
7.8398321679997025,0.0018484813888790085,0.017350260482635348,0.0,0.0,0.0070325000000000006,4.0,0.3175,-0.0004460860218387097,0.1669702261686325,0.0007279663346707821,3.4370649615311777e-07,2.6345985340014975e-07,420330.578,1.0,417317.61328125,1.9421566041954998e-07,1731.9483125705967,4800.0,1.0,,273,,,,,,,,
7.792983684000319,0.0012206378960399888,0.007779947924427688,0.0,0.0,0.006985,4.0,0.31499999999999995,-0.0038509206671733407,0.16752078533172607,-0.002680993895046413,5.841396301775604e-07,2.957590069740945e-07,420481.0,1.0,417203.33328125,1.9421566041954998e-07,2163.169573517311,4800.0,1.0,,274,,,,,,,,
7.842288762999942,0.0012033865612465888,0.01064453125,0.0,0.0,0.006937500000000001,4.0,0.3125,-0.0022123599803308023,0.16998489312827586,-0.0010331870522350072,3.041383159541056e-07,1.3339714115545577e-07,420785.379,1.0,416508.913078125,1.9421566041954998e-07,2124.487759980083,4800.0,1.0,,275,,,,,,,,
7.759508104999895,0.002390799386193976,0.030029296909924598,0.0,0.0,0.006890000000000002,4.0,0.31000000000000005,-0.003220872627571225,0.16933714635670186,-0.0020542480051517487,1.996539483073434e-07,1.761389015086934e-07,421061.436,1.0,417409.953859375,1.9421566041954998e-07,1578.058371129948,4800.0,1.0,,276,,,,,,,,
7.717930866000188,0.0010312631871784105,0.006542968784924596,0.0,0.0,0.006842500000000001,4.0,0.3075,-5.201652820687741e-05,0.16867372654378415,0.0011019965226296336,4.837659112411074e-07,1.766875795894407e-07,421194.771,1.0,417272.80748437496,1.9421566041954998e-07,2143.974696418585,4800.0,1.0,,277,,,,,,,,
7.902190611000151,0.001099957995756995,0.004638671875,0.0,0.0,0.006795000000000002,4.0,0.30500000000000005,-0.004518949671182782,0.16968330927193165,-0.0033661275636404754,3.168295393152221e-07,2.88937351911045e-07,420908.934,1.0,417210.36384375,1.9421566041954998e-07,2008.1970557695565,4800.0,1.0,,278,,,,,,,,
7.8250400319998334,0.0012285346758289962,0.01285807293606922,0.0,0.0,0.0067475,4.0,0.3025,-0.0019167698454111814,0.16767759211361408,-0.000785577273927629,4.7465929107204376e-07,3.2837403001195754e-07,420625.544,1.0,417377.927296875,1.9421566041954998e-07,1624.588706953713,4800.0,1.0,,279,,,,,,,,
7.714739245000146,0.0011074959358666093,0.007373046886641532,0.0,0.0,0.006700000000000001,4.0,0.30000000000000004,-0.0009696267312392593,0.16806935779750348,0.00015632713912054895,2.2935647017163774e-07,1.7748229215186483e-07,420160.537,1.0,417021.68378125003,1.9421566041954998e-07,1844.7287926915953,4800.0,1.0,,280,422240.477,421314.73399999994,415078.923,70000042,417691.05223333335,best_of_k,421314.73399999994,1673.3956385935385
7.801990339999975,0.0008231856205384247,0.004215494822710752,0.0,0.0,0.0066525,4.0,0.2975,-0.0012817488168366253,0.16649370230734348,-0.00017424398101866244,1.9044915013921582e-07,1.5074494381650537e-07,420430.693,1.0,417474.227578125,1.9421566041954998e-07,1679.126279139028,4800.0,1.0,,281,,,,,,,,
7.6724364930000775,0.0027805032761534674,0.037190755270421504,0.0,0.0,0.0066050000000000015,4.0,0.29500000000000004,-0.004250778327696025,0.1663198210299015,-0.0031523658661171796,2.1297480223836374e-07,2.1749636509582614e-07,420782.77,1.0,417257.652875,1.9421566041954998e-07,1897.401533591971,4800.0,1.0,,282,,,,,,,,
7.761411978000069,0.0008362191845662891,0.004817708348855376,0.0,0.0,0.006557500000000001,4.0,0.2925,-0.002258691118913703,0.16462892778217791,-0.001179311133455485,3.124989994773841e-07,2.847780809389633e-07,421465.314,1.0,417123.6285,1.9421566041954998e-07,1932.744327692671,4800.0,1.0,,283,,,,,,,,
7.766207241999837,0.0010441193036967889,0.006445312534924597,0.0,0.0,0.006510000000000002,4.0,0.29000000000000004,-0.0049079632706707345,0.16688512079417706,-0.0038216722750803456,2.3327303679820944e-07,2.1622446908509118e-07,420070.20999999996,1.0,416999.69365625,1.9421566041954998e-07,1850.7229816745048,4800.0,1.0,,284,,,,,,,,
7.712377044999812,0.0007573776871140581,0.004296875023283064,0.0,0.0,0.0064624999999999995,4.0,0.2875,-0.0006516856548842043,0.1654278054833412,0.00041731407400220634,1.618678393100481e-07,1.228707931844042e-07,421097.30600000004,1.0,417461.1790625,1.9421566041954998e-07,1841.7643265086535,4800.0,1.0,,285,,,,,,,,
7.704597144000218,0.0013995119341416284,0.013118489645421505,0.0,0.0,0.0064150000000000006,4.0,0.28500000000000003,-0.0030792977835517378,0.1658810146152973,-0.0020152878132648766,1.9764143637246435e-07,1.9429715951702066e-07,420535.593,1.0,417285.14410937496,1.9421566041954998e-07,1847.5109113389174,4800.0,1.0,,286,,,,,,,,
7.811431479000021,0.0008697880490217358,0.008382161462213844,0.0,0.0,0.0063675,4.0,0.2825,-0.00407952485838905,0.16697873882949352,-0.003016439499333501,1.573568905399725e-07,2.7218952158847287e-07,420678.619,1.0,417347.11334375,1.9421566041954998e-07,1849.0378146187245,4800.0,1.0,,287,,,,,,,,
7.840868856999805,0.0008659969927975908,0.004117838549427688,0.0,0.0,0.006320000000000001,4.0,0.28,0.0003120395034784451,0.1665331579744816,0.0013643553480505942,1.6991143390043816e-07,3.1325404385995627e-07,420516.6429999999,1.0,417346.512625,1.9421566041954998e-07,1953.2471090488605,4800.0,1.0,,288,,,,,,,,
7.833918121999886,0.0015098900883458554,0.012434895848855376,0.0,0.0,0.0062725,4.0,0.27749999999999997,-0.0011043930018786341,0.1658263135701418,-6.432132795453072e-05,1.4508440528970823e-07,1.1861862549977787e-07,421513.33999999997,1.0,417980.211921875,1.9421566041954998e-07,1692.7151906233807,4800.0,1.0,,289,,,,,,,,
7.939243842000451,0.0011645614766166545,0.008740234398283064,0.0,0.0,0.006225000000000001,4.0,0.275,-0.005539016710827127,0.1659429233521223,-0.004506120120640844,1.632065918855119e-07,1.6447701156607764e-07,421560.9149999999,1.0,417399.99600000004,1.9421566041954998e-07,1868.461279749746,4800.0,1.0,,290,,,,,,,,
7.839894263999668,0.001742507932067383,0.019905599020421504,0.0,0.0,0.006177500000000001,4.0,0.27249999999999996,-0.0035942517075454815,0.16884193010628223,-0.002551322360523045,1.9284677907904779e-07,1.4507697478904902e-07,420885.961,1.0,417684.269875,1.9421566041954998e-07,1661.5083344333789,4800.0,1.0,,291,,,,,,,,
7.591354322999905,0.0017109705207985827,0.01272786462213844,0.0,0.0,0.006130000000000002,4.0,0.27,-0.004529834550339729,0.16745962761342525,-0.0035033996216952802,1.902322885882768e-07,1.4667351706521002e-07,420992.66500000004,1.0,417348.026421875,1.9421566041954998e-07,2027.5346817342156,4800.0,1.0,,292,,,,,,,,
7.480298515999948,0.0012928833253681659,0.012613932322710752,0.0,0.0,0.006082499999999999,4.0,0.26749999999999996,-0.00405253806966357,0.16541478633880616,-0.0030464989133179186,1.6758540706263146e-07,1.5862835240909589e-07,421285.431,1.0,417439.77351562504,1.9421566041954998e-07,1612.136447850596,4800.0,1.0,,293,,,,,,,,
7.79342355100016,0.0018956940410134848,0.016536458337213844,0.0,0.0,0.006035,4.0,0.265,-0.004095341273932717,0.1667238160967827,-0.003089248447213322,1.5351814006692165e-07,1.4080882841938093e-07,421274.17300000007,1.0,417119.34112500004,1.9421566041954998e-07,1676.5110244494808,4800.0,1.0,,294,,,,,,,,
7.735168235000401,0.0021938256249995902,0.029215495043899864,0.0,0.0,0.0059875,4.0,0.26249999999999996,-0.004221297486219555,0.16358436457812786,-0.0032419097842648625,1.6721552125176232e-07,1.1404712303431097e-07,421156.732,1.0,417471.02921875,1.9421566041954998e-07,1834.6008485136776,4800.0,1.0,,295,,,,,,,,
7.571964776000186,0.0009738885881233727,0.004833984375,0.0,0.0,0.005940000000000001,4.0,0.26,-0.0067345660470891746,0.16281765438616275,-0.0057676118332892655,1.63782893380926e-07,3.3326457540283625e-07,420972.36299999995,1.0,417384.789234375,1.9421566041954998e-07,1831.1112625355013,4800.0,1.0,,296,,,,,,,,
7.736844536999797,0.0019613374359323645,0.02683919289847836,0.0,0.0,0.0058925,4.0,0.25749999999999995,-0.007095625947113149,0.16515939868986607,-0.006122498842887581,1.371357029711362e-07,1.2153537518599932e-07,421031.574,1.0,417573.2653125,1.9421566041954998e-07,1799.6470774661498,4800.0,1.0,,297,,,,,,,,
7.70577812800002,0.0008887047282769345,0.0033365885727107527,0.0,0.0,0.005845000000000001,4.0,0.255,-0.0003148546820739284,0.16520786471664906,0.0006506766425445676,4.041744094962496e-07,1.3688833675473688e-07,421321.276,1.0,417557.25946875,1.9421566041954998e-07,1920.8428020652782,4800.0,1.0,,298,,,,,,,,
7.668303552999987,0.0012513756122643827,0.012646484421566129,0.0,0.0,0.005797500000000001,4.0,0.25249999999999995,0.002460527567018289,0.16624429784715175,0.003424055175855756,1.7009203684636987e-06,2.0734947749900812e-07,420519.823,1.0,417146.55757812504,1.9421566041954998e-07,1673.575144213984,4800.0,1.0,,299,,,,,,,,
7.662587268999687,0.0011170545963977928,0.010286458407063038,0.0,0.0,0.005750000000000002,4.0,0.25,-0.0007218973012641072,0.16309860870242118,0.0002158402930945158,2.421550931330785e-07,1.1015091523347565e-07,421402.04000000004,1.0,417277.176546875,1.9421566041954998e-07,1638.7760509677269,4800.0,1.0,,300,422240.477,420018.74100000004,414675.14600000007,70000042,417382.5844,best_of_k,420018.74100000004,1513.62288351181
7.6872866909998265,0.00220805766293779,0.028662109561264516,0.0,0.0,0.005702500000000001,4.0,0.24750000000000005,-0.005529706565721426,0.16434962563216687,-0.004592589614912867,1.5999972156066633e-07,1.414410863986859e-07,420448.80799999996,1.0,416944.68884375005,1.9421566041954998e-07,1825.729318399446,4800.0,1.0,,301,,,,,,,,
7.620168374000059,0.0011399434195482172,0.007910156261641533,0.0,0.0,0.005655,4.0,0.245,-0.0017167268611956387,0.16279175505042076,-0.0007963280891999603,1.7092265203189072e-07,3.4337710879128737e-07,421368.74900000007,1.0,416975.380921875,1.9421566041954998e-07,1980.582662070289,4800.0,1.0,,302,,,,,,,,
7.670109651000075,0.0012863478914368898,0.00919596356106922,0.0,0.0,0.005607500000000001,4.0,0.24250000000000005,-0.003248515768791549,0.162459222599864,-0.0023376068915240467,2.36753432147907e-07,1.152759676159576e-07,419969.39700000006,1.0,417157.21721875,1.9421566041954998e-07,1696.1634694014278,4800.0,1.0,,303,,,,,,,,
7.635651985000095,0.0012602964794496073,0.011946614587213845,0.0,0.0,0.005560000000000001,4.0,0.24,-0.0037125165050383656,0.1629529394209385,-0.002806667936965823,2.777087935612599e-07,2.843616456971176e-07,420858.833,1.0,417142.123,1.9421566041954998e-07,2409.639505797076,4800.0,1.0,,304,,,,,,,,
7.7550983659998565,0.0016274763125693425,0.01552734375,0.0,0.0,0.005512500000000002,4.0,0.23750000000000004,-0.00201746387174353,0.1637028630822897,-0.0011152413557283581,4.903730072669533e-07,2.815006576284418e-07,419879.605,1.0,417331.10684375,1.9421566041954998e-07,1824.9375619096431,4800.0,1.0,,305,,,,,,,,
7.6773977630000445,0.0012110694908187725,0.007812500034924596,0.0,0.0,0.005465000000000001,4.0,0.235,0.0018465010478394106,0.16538730040192604,0.0027502735145390035,1.7420930618072816e-07,1.0375533907591716e-07,420607.2,1.0,417226.60440624994,1.9421566041954998e-07,1618.744195109303,4800.0,1.0,,306,,,,,,,,
7.626162378999652,0.0016140848441864365,0.017968750081490726,0.0,0.0,0.005417500000000002,4.0,0.23250000000000004,-0.007785084279021248,0.1641295447945595,-0.006895997701212764,1.3831088683247116e-07,1.4237867507205237e-07,420995.20300000004,1.0,417347.60903125,1.9421566041954998e-07,1862.3896683567195,4800.0,1.0,,307,,,,,,,,
7.514765215999887,0.0011820193307357841,0.012613932299427689,0.0,0.0,0.00537,4.0,0.22999999999999998,-0.003822193178348243,0.1646314810961485,-0.0029382222215645014,2.5199525204300245e-07,1.5013506100558515e-07,420606.85,1.0,416724.04939062503,1.9421566041954998e-07,2187.6641074961894,4800.0,1.0,,308,,,,,,,,
7.618539396000415,0.00204962405259721,0.024039713595993818,0.0,0.0,0.005322500000000001,4.0,0.22750000000000004,0.0011739032896002754,0.16049655638635157,0.0020280762459151448,1.3901170703434218e-07,1.1272667315154194e-07,419949.864,1.0,417228.098203125,1.9421566041954998e-07,1789.7351327227036,4800.0,1.0,,309,,,,,,,,
7.688447507000092,0.0010499157477170229,0.008024088549427688,0.0,0.0,0.005275,4.0,0.22499999999999998,-0.0015811538032721728,0.16346944235265254,-0.0007189748110249638,1.679788804054283e-07,2.1164711050403184e-07,421285.58600000007,1.0,416861.84921875,1.9421566041954998e-07,2078.150980466578,4800.0,1.0,,310,,,,,,,,
7.734380457000043,0.0007840839149139356,0.003694661462213844,0.0,0.0,0.005227500000000001,4.0,0.22250000000000003,-0.0006285215771640651,0.16298263296484947,0.00022338704438880087,1.593253911025272e-07,1.3393249034265864e-07,420912.72699999996,1.0,417528.3905,1.9421566041954998e-07,1962.188532765456,4800.0,1.0,,311,,,,,,,,
7.58261997999989,0.0007189959040260873,0.005664062511641532,0.0,0.0,0.005180000000000001,4.0,0.21999999999999997,0.0018907616438809782,0.1601219493895769,0.0027201154152862728,1.6502113169281075e-07,1.2299710210328386e-07,421076.55299999996,1.0,417409.083859375,1.9421566041954998e-07,1927.5974578117584,4800.0,1.0,,312,,,,,,,,
7.736274073999994,0.001128366298507899,0.00748697918606922,0.0,0.0,0.005132500000000002,4.0,0.21750000000000003,0.0011700390954501928,0.1606815692037344,0.001994625324732624,1.7467331332454704e-07,1.8883943422309813e-07,421287.321,1.0,417395.53157812497,1.9421566041954998e-07,1667.0182943323593,4800.0,1.0,,313,,,,,,,,
7.669197375000294,0.0009061004791874438,0.009977213572710752,0.0,0.0,0.005085000000000001,4.0,0.21499999999999997,-0.0007151690369937569,0.15893098823726176,9.293048060499132e-05,1.1859107775791245e-07,1.0482059238370312e-07,420869.519,1.0,417418.232375,1.9421566041954998e-07,1578.1509373313909,4800.0,1.0,,314,,,,,,,,
7.577146286999778,0.0008870923978975042,0.005924479186069221,0.0,0.0,0.005037500000000002,4.0,0.21250000000000002,-0.00025912560959113763,0.15873544104397297,0.0005404237890616059,1.3773809293127215e-07,1.337725930028455e-07,420917.292,1.0,417466.72717187495,1.9421566041954998e-07,1624.7285293916527,4800.0,1.0,,315,,,,,,,,
7.536935379999704,0.0014386264083441347,0.00978190106106922,0.0,0.0,0.00499,4.0,0.20999999999999996,-0.0032986864331178366,0.15834723487496377,-0.0025085828732699157,1.13746791896574e-07,7.615550945416771e-08,421434.219,1.0,417367.72546875,1.9421566041954998e-07,1367.4077724521446,4800.0,1.0,,316,,,,,,,,
7.5477519249998295,0.0014382907742401586,0.01741536462213844,0.0,0.0,0.004942500000000001,4.0,0.20750000000000002,-0.006361253198701888,0.16137612499296666,-0.005563717964105308,1.3302398613745935e-07,1.0601517921315918e-07,421249.827,1.0,417368.731703125,1.9421566041954998e-07,1639.3091300642702,4800.0,1.0,,317,,,,,,,,
7.697735878000003,0.0013165520620532333,0.01188151043606922,0.0,0.0,0.004895,4.0,0.20499999999999996,-0.0015059501078212635,0.16298287883400916,-0.0007082404335960746,1.6262914694920028e-07,1.507655333909952e-07,421256.694,1.0,417405.565921875,1.9421566041954998e-07,2060.2658740155853,4800.0,1.0,,318,,,,,,,,
7.6389974509997955,0.001096826415596297,0.010839843819849194,0.0,0.0,0.004847500000000001,4.0,0.2025,0.00014567407924914733,0.16312634758651257,0.0009362728334963322,3.035015959440557e-07,2.5131872085637495e-07,421295.403,1.0,417397.1625,1.9421566041954998e-07,2043.0945459085217,4800.0,1.0,,319,,,,,,,,
7.719321319999835,0.00172872985349386,0.01969401049427688,0.0,0.0,0.0048000000000000004,4.0,0.19999999999999996,-0.0060740123641153335,0.1629889313131571,-0.005292345373891294,2.091115280933309e-07,1.3172344569767348e-06,421594.243,1.0,416889.345484375,1.9421566041954998e-07,2082.3667305901286,4800.0,1.0,,320,422240.477,420883.03500000003,415022.571,70000042,417904.72296666674,best_of_k,420883.03500000003,1618.096399283293
7.533780738000132,0.0007399986343443743,0.0064941406599245965,0.0,0.0,0.0047525000000000015,4.0,0.1975,-0.003329902318364475,0.16186381839215755,-0.0025608093186747284,1.3477850870913244e-07,3.018012813882365e-07,420650.95399999997,1.0,417226.28201562504,1.9421566041954998e-07,1835.2663417867109,4800.0,1.0,,321,,,,,,,,
7.612832556000285,0.0013408885191893206,0.013557942712213843,0.0,0.0,0.004704999999999999,4.0,0.19499999999999995,-0.0023686818167334422,0.16212330423295498,-0.0016059691784903406,1.5562826529702534e-07,1.241713428967728e-07,421273.13800000004,1.0,417335.25375000003,1.9421566041954998e-07,2079.6621902223756,4800.0,1.0,,322,,,,,,,,
7.694443578999653,0.0010833422697032803,0.011116536508779973,0.0,0.0,0.0046575,4.0,0.1925,-0.003425427753245458,0.1614386137574911,-0.002673607529141009,2.0152258848327164e-07,1.1942166153744437e-07,420408.49,1.0,417082.88353124994,1.9421566041954998e-07,2008.015651947293,4800.0,1.0,,323,,,,,,,,
7.601761516999886,0.000575666461372748,0.0025065104244276883,0.0,0.0,0.0046099999999999995,4.0,0.18999999999999995,0.002232058154186234,0.16177175752818584,0.0029777324118185787,1.6956757278308033e-07,1.5395428611952867e-07,420643.37700000004,1.0,417248.17259375006,1.9421566041954998e-07,2029.1179671609266,4800.0,1.0,,324,,,,,,,,
7.662098619999597,0.0009063153876923025,0.006152343784924597,0.0,0.0,0.004562500000000001,4.0,0.1875,0.0030872292511048725,0.1630947582423687,0.0038312620832584797,4.0812632366993286e-07,9.279044146381921e-08,421522.55199999997,1.0,417108.235421875,1.9421566041954998e-07,1839.9439428520188,4800.0,1.0,,325,,,,,,,,
7.683126322999669,0.0013103061501169577,0.014534505235496908,0.0,0.0,0.004515000000000002,4.0,0.18500000000000005,0.0007557867938885465,0.16174142807722092,0.0014859912917017937,1.4081490498085714e-07,8.732667513555726e-08,420459.218,1.0,417404.528140625,1.9421566041954998e-07,1605.3308140478055,4800.0,1.0,,326,,,,,,,,
7.922168864000014,0.0007756919450912392,0.005273437511641532,0.0,0.0,0.004467500000000001,4.0,0.1825,-0.0026692807441577315,0.1628059446811676,-0.001942013471852988,1.605012181826737e-07,1.0387442426207371e-07,420723.74000000005,1.0,417447.39453125,1.9421566041954998e-07,1866.5828847510184,4800.0,1.0,,327,,,,,,,,
7.780274708999968,0.0016200049460167066,0.015332031296566129,0.0,0.0,0.004420000000000002,4.0,0.18000000000000005,-0.0033983348359470254,0.16287309341132641,-0.002678554388694465,1.8076796006738505e-07,2.010120768503043e-07,419916.329,1.0,417021.47801562503,1.9421566041954998e-07,1957.811723770612,4800.0,1.0,,328,,,,,,,,
7.855091599999923,0.0011318060860503465,0.012630208360496909,0.0,0.0,0.004372500000000001,4.0,0.1775,-0.003256751404842362,0.16032536067068576,-0.0025558075169101356,1.4441393538788816e-07,1.2751013525047484e-07,421253.292,1.0,417666.8704375,1.9421566041954998e-07,1777.3732979019983,4800.0,1.0,,329,,,,,,,,
7.600922160000209,0.0009634517795348074,0.007112630212213844,0.0,0.0,0.0043250000000000025,4.0,0.17500000000000004,1.604186836630106e-05,0.16208891458809377,0.0007170162978582084,1.2357477814362027e-07,9.620611596261597e-08,420188.92500000005,1.0,417313.737890625,1.9421566041954998e-07,1707.6086194217187,4800.0,1.0,,330,,,,,,,,
7.676079587000004,0.0013544955480028875,0.01180013024713844,0.0,0.0,0.0042775,4.0,0.1725,0.001188927877228707,0.16214550621807575,0.0018824361264705657,1.3582332751838068e-07,1.1155242169991198e-07,420198.48600000003,1.0,417320.61003125005,1.9421566041954998e-07,1858.2499696043371,4800.0,1.0,,331,,,,,,,,
7.878794998000103,0.0006411489797756076,0.002197265625,0.0,0.0,0.004230000000000001,4.0,0.17000000000000004,-0.002165423595579341,0.1609197374433279,-0.0014847962884232402,1.422160083919266e-07,9.731322254680208e-08,420930.422,1.0,416969.52939062496,1.9421566041954998e-07,1932.4406437193065,4800.0,1.0,,332,,,,,,,,
7.818671388999974,0.0007919687122921459,0.005354817723855376,0.0,0.0,0.004182500000000002,4.0,0.16749999999999998,-0.0022806471504736693,0.15965721048414708,-0.0016130228526890279,6.249793088386469e-07,1.58616533951772e-07,420509.693,1.0,417021.210546875,1.9421566041954998e-07,2213.6366668249607,4800.0,1.0,,333,,,,,,,,
7.8307616979996055,0.0012476057765525184,0.012353515694849193,0.0,0.0,0.004135,4.0,0.16500000000000004,0.000780148919147905,0.15882665403187274,0.0014368354575708508,1.724176604156469e-07,8.961246589223038e-08,420275.542,1.0,417367.989234375,1.9421566041954998e-07,1620.2938957196973,4800.0,1.0,,334,,,,,,,,
7.809121203999894,0.0016150694253155961,0.017708333395421504,0.0,0.0,0.004087500000000001,4.0,0.16249999999999998,-0.0010821785894222558,0.15807383842766284,-0.0004361005499958992,1.0715124290072709e-07,7.588227504129464e-08,420423.76800000004,1.0,417254.798265625,1.9421566041954998e-07,1622.4890774585963,4800.0,1.0,,335,,,,,,,,
7.702396391999628,0.001402058539679274,0.01695963544771075,0.0,0.0,0.004040000000000002,4.0,0.16000000000000003,0.0013925855499110184,0.1576574631035328,0.0020294707617722453,1.0484703238944348e-07,8.069095942531135e-08,420287.35500000004,1.0,416948.2216875,1.9421566041954998e-07,1819.1620300974323,4800.0,1.0,,336,,,,,,,,
7.579949549000048,0.0006334877849440091,0.002962239587213844,0.0,0.0,0.0039924999999999995,4.0,0.15749999999999997,0.0026009954628534613,0.15902286246418953,0.0032358446856960653,1.1023341635052475e-07,7.723459294339818e-08,421533.09400000004,1.0,417398.572921875,1.9421566041954998e-07,1644.4646744393656,4800.0,1.0,,337,,,,,,,,
7.386418479999975,0.0007257071023559547,0.005615234375,0.0,0.0,0.003945000000000001,4.0,0.15500000000000003,-0.001712157650035806,0.15932132825255393,-0.0010837211972102522,2.786598816584274e-07,1.1681922504891417e-07,420773.95700000005,1.0,417058.78518750006,1.9421566041954998e-07,2226.8722824166675,4800.0,1.0,,338,,,,,,,,
7.490845524000179,0.0006858814251245349,0.007731119822710753,0.0,0.0,0.0038975000000000017,4.0,0.15249999999999997,0.0008837047964334488,0.1585375428199768,0.0015015368117019534,1.269778062251703e-07,1.1037934175561758e-07,421621.56799999997,1.0,417561.01756249997,1.9421566041954998e-07,1888.7688970503568,4800.0,1.0,,339,,,,,,,,
7.607197459999952,0.0006256025653783581,0.005078125023283064,0.0,0.0,0.0038500000000000027,4.0,0.15000000000000002,-0.003985368432768155,0.16010086834430695,-0.0033690318232402205,1.3352713157388507e-07,7.634561347558133e-08,420581.275,1.0,417117.4841875,1.9421566041954998e-07,1680.832495997472,4800.0,1.0,,340,422240.477,420242.759,417485.89,70000042,417796.3735333334,best_of_k,420242.759,1255.133092805692
7.59356135400003,0.0011916727613424881,0.012060546898283064,0.0,0.0,0.0038025000000000003,4.0,0.14749999999999996,-0.0018654460815014317,0.16060832999646663,-0.0012547795195132494,1.031675992635428e-07,7.332114000391244e-08,420571.461,1.0,417453.668921875,1.9421566041954998e-07,1509.8366587225623,4800.0,1.0,,341,,,,,,,,
7.541853102000005,0.0010818259630468673,0.011051432357635348,0.0,0.0,0.0037550000000000014,4.0,0.14500000000000002,-0.0008625944457890001,0.1607174016535282,-0.0002591441385447979,9.469766677483449e-08,6.87994710979467e-08,420766.58,1.0,417322.155703125,1.9421566041954998e-07,1490.8709382420582,4800.0,1.0,,342,,,,,,,,
7.558446804999676,0.0006125989413703792,0.0029947916744276883,0.0,0.0,0.003707499999999999,4.0,0.14249999999999996,-6.143209902802483e-05,0.15947608314454556,0.0005297654657624662,1.291758453092484e-07,9.352833796327786e-08,421314.15499999997,1.0,417368.654609375,1.9421566041954998e-07,1939.8528280014448,4800.0,1.0,,343,,,,,,,,
7.756738771000073,0.0005455430204165168,0.002457682299427688,0.0,0.0,0.00366,4.0,0.14,-0.0012152699157013558,0.15959771648049353,-0.0006312483106739819,1.5010938536619278e-07,1.817831657646707e-07,420499.241,1.0,417115.53099999996,1.9421566041954998e-07,2167.3828287804336,4800.0,1.0,,344,,,,,,,,
7.549040003999835,0.0009441752561542671,0.008756510436069221,0.0,0.0,0.003612500000000001,4.0,0.13749999999999996,-0.0066049325745552775,0.1595224618911743,-0.006028752750717103,1.8544419333466067e-07,1.5167920270897638e-07,420755.461,1.0,417044.345015625,1.9421566041954998e-07,2367.423599456395,4800.0,1.0,,345,,,,,,,,
7.631412336000267,0.00015917543501018372,0.0,0.0,0.0,0.003565000000000002,4.0,0.135,0.0016582276613917202,0.15818855501711368,0.0022220891201868652,1.8088432280904953e-07,1.2453886242269618e-07,420838.52599999995,1.0,417110.02509375,1.9421566041954998e-07,2323.7156570953866,4800.0,1.0,,346,,,,,,,,
7.750548011000319,0.0005230059386576614,0.005013020837213844,0.0,0.0,0.0035175,4.0,0.13249999999999995,-0.0015053085531690157,0.1578126098960638,-0.0009502472355961799,9.769044790886028e-08,6.88987227270843e-08,421274.252,1.0,417695.2020625,1.9421566041954998e-07,1479.189331855401,4800.0,1.0,,347,,,,,,,,
7.631366909999997,0.0011037173186196013,0.00987955736927688,0.0,0.0,0.003470000000000001,4.0,0.13,-0.00018039733404293657,0.15771740451455116,0.0003668308723717928,1.0482432646341522e-07,8.303050869074013e-08,420763.211,1.0,417356.782171875,1.9421566041954998e-07,1703.3208511056753,4800.0,1.0,,348,,,,,,,,
7.61633665599993,0.0002925563551571031,0.001318359375,0.0,0.0,0.0034224999999999985,4.0,0.12749999999999995,-0.002935321994300466,0.15840249173343182,-0.002393236302305013,1.0165303176989937e-07,7.313598766600649e-08,421340.027,1.0,417451.53825,1.9421566041954998e-07,1574.341582468377,4800.0,1.0,,349,,,,,,,,
7.6262257280000085,0.0009502071974566206,0.008121744834352285,0.0,0.0,0.0033749999999999995,4.0,0.125,8.378410711884499e-08,0.15851293914020062,0.0005350049817934632,1.223347284806664e-07,9.481040859071755e-08,420596.488,1.0,417866.225578125,1.9421566041954998e-07,1823.8464243720296,4800.0,1.0,,350,,,,,,,,
7.625402066000333,0.0013515684971935117,0.014306640671566128,0.0,0.0,0.0033275000000000006,4.0,0.12250000000000005,-0.000508757539500948,0.15773788280785084,1.607035519555211e-05,9.367186661890515e-08,7.10443600837607e-08,421455.68100000004,1.0,418065.65159375,1.9421566041954998e-07,1542.3230129958272,4800.0,1.0,,351,,,,,,,,
7.717226718999882,0.0007855372601625277,0.006201171886641532,0.0,0.0,0.0032800000000000017,4.0,0.12,-0.003655217004416045,0.15738051645457746,-0.003139059486420592,1.0660600509027063e-07,7.957590089091582e-08,420642.40800000005,1.0,417577.987796875,1.9421566041954998e-07,1726.9216213114355,4800.0,1.0,,352,,,,,,,,
7.6689725389996966,0.000804404664086178,0.0051432291744276885,0.0,0.0,0.0032325000000000027,4.0,0.11750000000000005,-0.0010472394322277978,0.15931872613728046,-0.0005323006771504879,1.2552902841633796e-07,9.238180513904126e-08,420034.997,1.0,417339.165875,1.9421566041954998e-07,1712.7726878549126,4800.0,1.0,,353,,,,,,,,
7.744827202999659,0.0008986900164018152,0.008544921886641531,0.0,0.0,0.0031850000000000003,4.0,0.11499999999999999,-0.005469021569297183,0.1583905179053545,-0.004964593797922134,1.3206674331911472e-07,6.615337859727788e-08,421486.072,1.0,417585.56510937505,1.9421566041954998e-07,1740.9097459514858,4800.0,1.0,,354,,,,,,,,
7.66802929700043,0.00036542951420415193,0.0017415364622138441,0.0,0.0,0.0031375000000000014,4.0,0.11250000000000004,-0.00022286301827989519,0.15931536965072154,0.0002769285114482045,1.419810377711883e-07,9.403372018823574e-08,420204.979,1.0,416778.8425,1.9421566041954998e-07,1892.1298254039527,4800.0,1.0,,355,,,,,,,,
7.487398501999905,0.0006525398064695764,0.003466796875,0.0,0.0,0.003089999999999999,4.0,0.10999999999999999,-0.002740042193909176,0.15834268294274806,-0.0022508268710225822,1.2715365400595146e-07,1.0133387640109959e-07,420924.953,1.0,417577.2625625,1.9421566041954998e-07,2070.446669574998,4800.0,1.0,,356,,,,,,,,
7.469550517000243,0.0017415632493793965,0.022477213654201477,0.0,0.0,0.0030425,4.0,0.10750000000000004,-0.0016024098265916109,0.15819092579185962,-0.0011211821576580406,1.1574638509870283e-07,1.1236706001227504e-07,421232.57,1.0,417869.817171875,1.9421566041954998e-07,1822.966894532015,4800.0,1.0,,357,,,,,,,,
7.57916137500024,0.00021325981974769094,0.000618489587213844,0.0,0.0,0.002995000000000001,4.0,0.10499999999999998,-0.004335113771958277,0.15858629569411278,-0.0038602004293352365,1.8259486882499233e-07,6.834174381964431e-08,421150.55600000004,1.0,417565.66174999997,1.9421566041954998e-07,1734.8175182792397,4800.0,1.0,,358,,,,,,,,
7.614477203999741,0.000327750184942488,0.001350911462213844,0.0,0.0,0.002947500000000002,4.0,0.10250000000000004,-0.0015569745031825733,0.15986621528863906,-0.0010858226160053164,1.0289868246360356e-07,8.639162398793588e-08,420736.009,1.0,417541.06476562505,1.9421566041954998e-07,1844.4720344466652,4800.0,1.0,,359,,,,,,,,
7.631148098999802,0.00036739514143846463,0.00029296875,0.0,0.0,0.0029,4.0,0.09999999999999998,0.0013688772800378502,0.16111062951385974,0.0018360361224040388,1.0854169332219499e-07,1.0226491848897013e-07,420898.125,1.0,417469.572359375,1.9421566041954998e-07,1715.1019357204725,4800.0,1.0,,360,422240.477,421170.83800000005,416828.589,70000042,417798.3548666667,best_of_k,421170.83800000005,1898.9778523796754
