elapsed_seconds,optimization_approximate_kl,optimization_clip_fraction,optimization_count_loss,optimization_early_kl_stop,optimization_entropy_coefficient,optimization_epochs_completed,optimization_learning_rate_fraction,optimization_loss,optimization_normalized_entropy,optimization_policy_loss,optimization_q_loss,optimization_value_loss,rollout_best_objective,rollout_feasible_rate,rollout_mean_objective,rollout_reward_scale,rollout_std_objective,rollout_transitions,rollout_vectorized_rollouts,self_imitation_loss,update,validation_archive_best_objective,validation_best_of_k_objective,validation_deterministic_objective,validation_fixed_validation_seed,validation_mean_stochastic_objective,validation_selection_metric,validation_selection_objective,validation_std_stochastic_objective
6.97376748100001,0.01447470104903914,0.24755859375,0.0,1.0,0.0199525,2.0,0.9975,-0.0071567760314792395,0.7089093402028084,-0.00839474453823641,0.08211422950262204,0.014342117035994306,12357.85975,1.0,6797.249507812499,3.0885971425766316e-06,2295.437138734682,1920.0,1.0,,1,12357.85975,13978.6685,0.0,70000042,8788.558925000001,best_of_k,13978.6685,2334.0516925742936
3.915952508999993,0.009653689956394373,0.17419433873146772,0.0,0.0,0.019905,4.0,0.995,-0.021529863704927266,0.7380926609039307,-0.009608520311303437,0.017280946452956414,0.0020845942499363446,14746.117000000002,1.0,8167.6751015625,3.0885971425766316e-06,2285.5757867223824,1920.0,1.0,,2,,,,,,,,
5.924150011000023,0.010779531636217143,0.12186686228960752,0.0,1.0,0.0198575,4.0,0.9925,-0.022506529581733048,0.7498646154999733,-0.008055157028138638,0.002222017609710747,0.0004337245502483711,15639.53575,1.0,9010.288425781251,3.0885971425766316e-06,2517.8707171543706,1920.0,1.0,,3,,,,,,,,
4.1662738009999885,0.012987556421042731,0.1430121553130448,0.0,1.0,0.01981,3.0,0.99,-0.021914015679309767,0.7369626561800638,-0.0074207486274341745,0.0004008526981730635,0.00013175613670076322,19765.437749999997,1.0,12525.3299609375,3.0885971425766316e-06,3076.4484605632674,1920.0,1.0,,4,,,,,,,,
3.543676876999996,0.012727390426637916,0.13753255332509676,0.0,1.0,0.0197625,3.0,0.9875,-0.025983120081946254,0.7273692538340887,-0.011658615743120512,0.00025340982513929095,4.957850357338126e-05,22957.08775,1.0,14851.5753359375,3.0885971425766316e-06,2994.7407169823327,1920.0,1.0,,5,,,,,,,,
3.4794148739999855,0.012573253790227076,0.1890190988779068,0.0,1.0,0.019715,3.0,0.985,-0.024742873540769022,0.6828954070806503,-0.011323517964531979,0.00014098141703774067,5.965810426763104e-05,26027.60025,1.0,18375.03094921875,3.0885971425766316e-06,3687.1738934263203,1920.0,1.0,,6,,,,,,,,
5.316096287000022,0.011493756212682152,0.1743706613779068,0.0,1.0,0.0196675,3.0,0.9825,-0.026928245089948177,0.6645156939824423,-0.013889374056210121,0.0001027611585110814,4.042974281522523e-05,27096.392750000003,1.0,19855.068140625,3.0885971425766316e-06,3543.2371495779967,1920.0,1.0,,7,,,,,,,,
3.7552536199999906,0.00932240228394221,0.1572672538459301,0.0,0.0,0.019620000000000002,4.0,0.98,-0.024286686268169433,0.6277971640229225,-0.011995567881967872,9.459565853831009e-05,3.360445032285497e-05,29864.529250000003,1.0,22857.04556640625,3.0885971425766316e-06,2812.7324024437908,1920.0,1.0,,8,,,,,,,,
3.155621229000019,0.016208522094530053,0.2731119804084301,0.0,1.0,0.0195725,2.0,0.9775,-0.02332265325821936,0.5711387917399406,-0.012165628606453538,7.986506261659088e-05,2.7204511980016832e-05,29625.9815,1.0,24081.820339843754,3.0885971425766316e-06,3129.5023110751613,1920.0,1.0,,9,,,,,,,,
3.7283642440000335,0.007418706467433367,0.1060384118463844,0.0,0.0,0.019525,4.0,0.975,-0.02019093098351732,0.5321503207087517,-0.009819281171076,7.031590939732268e-05,2.3107635229280277e-05,31823.391250000004,1.0,25995.67088671875,3.0885971425766316e-06,2307.0251311551224,1920.0,1.0,,10,,,,,,,,
5.353491636000001,0.007394487256533466,0.11222330899909139,0.0,0.0,0.019477500000000002,4.0,0.9725,-0.017422747157979757,0.5087502021342516,-0.007533000432886183,6.94688012572442e-05,2.4977632733680366e-05,29628.04475,1.0,26908.871253906254,3.0885971425766316e-06,2017.980271836666,1920.0,1.0,,11,,,,,,,,
4.283293044000004,0.008612117973825661,0.1188964860048145,0.0,0.0,0.01943,4.0,0.97,-0.019024517998332158,0.47355190478265285,-0.009838585217949003,5.6511485354349134e-05,1.9060991007791017e-05,32118.331000000006,1.0,27992.1734765625,3.0885971425766316e-06,2180.4615912191043,1920.0,1.0,,12,,,,,,,,
3.7961594870000113,0.0079431858175667,0.11214192898478359,0.0,0.0,0.0193825,4.0,0.9675,-0.01669463043799624,0.43842983059585094,-0.008207604609197006,4.301899753045291e-05,1.3076888478735782e-05,32689.572500000002,1.0,29267.6150234375,3.0885971425766316e-06,1530.5351441049854,1920.0,1.0,,13,,,,,,,,
5.827221734000034,0.006812628173065605,0.10034179827198386,0.0,0.0,0.019335,4.0,0.965,-0.014811229455517605,0.4112298097461462,-0.006871024495922029,4.36376474226563e-05,1.3117635660364613e-05,32747.864500000003,1.0,29865.2414296875,3.0885971425766316e-06,1366.908998817655,1920.0,1.0,,14,,,,,,,,
3.803619356000013,0.003908668351868982,0.048665364971384406,0.0,0.0,0.0192875,4.0,0.9625,-0.009783582529053092,0.400878494605422,-0.0020588530460372567,3.0505475592690345e-05,8.327085424753022e-06,32403.521750000004,1.0,30524.04012890625,3.0885971425766316e-06,1070.1801734498467,1920.0,1.0,,15,,,,,,,,
3.72891750499997,0.004789831069501815,0.051228841533884406,0.0,0.0,0.01924,4.0,0.96,-0.013505752547644079,0.3854344021528959,-0.00609738240018487,2.4812302058307978e-05,9.812838470679708e-06,32831.25975,1.0,30368.577863281254,3.0885971425766316e-06,1421.4173697348547,1920.0,1.0,,16,,,,,,,,
4.779346586999964,0.005028336302530079,0.06396484421566129,0.0,0.0,0.0191925,4.0,0.9575,-0.008503957942593843,0.36998366564512253,-0.001408258976880461,2.0150047589595488e-05,6.394862793968059e-06,32464.378,1.0,30723.092882812503,3.0885971425766316e-06,844.227547282671,1920.0,1.0,,17,,,,,,,,
4.112355351000019,0.00823478175652781,0.11246744793606922,0.0,0.0,0.019145,4.0,0.955,-0.011056006187573075,0.35557615384459496,-0.004254214058164507,2.1462699805852026e-05,7.134715900747324e-06,33210.07225,1.0,31080.9416171875,3.0885971425766316e-06,929.4831718458898,1920.0,1.0,,18,,,,,,,,
3.718574227999966,0.004534754761152726,0.05558268236927688,0.0,0.0,0.0190975,4.0,0.9525,-0.008972699346486479,0.3604613412171602,-0.0020936731016263366,1.6431286383067345e-05,6.48320767027144e-06,33403.933750000004,1.0,31245.0863359375,3.0885971425766316e-06,1037.4660219109653,1920.0,1.0,,19,,,,,,,,
3.831814823000002,0.005332711766186549,0.0624186199856922,0.0,0.0,0.01905,4.0,0.95,-0.009522392851067707,0.34710683673620224,-0.002914273412898183,1.4369030793659476e-05,5.657395121261288e-06,33404.11525,1.0,31310.45894140625,3.0885971425766316e-06,925.9105184323843,1920.0,1.0,,20,33404.11525,33546.4625,32767.719250000002,70000042,31663.141766666668,best_of_k,33546.4625,949.7908971319945
4.274289827000018,0.00718341286346913,0.09220377751626074,0.0,0.0,0.019002500000000002,4.0,0.9475,-0.010071383221657015,0.3366977833211422,-0.0036776812630705535,1.4762967396109161e-05,5.8441448231860704e-06,33452.81275,1.0,31392.46325,3.0885971425766316e-06,898.4915542960281,1920.0,1.0,,21,,,,,,,,
3.908954891999997,0.005493900194778689,0.08101399801671505,0.0,0.0,0.018955,4.0,0.945,-0.007938864961033687,0.35072549991309643,-0.0012955855345353484,1.6238804391832673e-05,6.1979284851076955e-06,33432.81975,1.0,31527.60453125,3.0885971425766316e-06,1027.451603951931,1920.0,1.0,,22,,,,,,,,
3.8449381419999895,0.007931620751378432,0.09334309992846102,0.0,0.0,0.0189075,4.0,0.9425,-0.008206029160646722,0.3156153615564108,-0.0022430975805036724,1.6231401787081268e-05,5.884896523866701e-06,33563.06175,1.0,31658.43378125,3.0885971425766316e-06,864.8276710802354,1920.0,1.0,,23,,,,,,,,
5.250277955999991,0.005436907017383419,0.07759602926671505,0.0,0.0,0.018860000000000002,4.0,0.94,-0.008454597962554544,0.3156631588935852,-0.0025148243876174092,8.525409930371097e-05,1.0217276496859995e-05,33838.4865,1.0,31792.925109375,3.0885971425766316e-06,1059.6362565237018,1920.0,1.0,,24,,,,,,,,
3.790151857000012,0.0077609123186448414,0.10225423239171505,0.0,0.0,0.0188125,4.0,0.9375,-0.007094199623679742,0.29371247440576553,-0.0015769649180583656,4.779640397600815e-05,6.903320610263108e-06,33772.73375,1.0,32159.706699218754,3.0885971425766316e-06,741.1136705644359,1920.0,1.0,,25,,,,,,,,
3.819412134000004,0.00911728805851908,0.10925293061882257,0.0,0.0,0.018765,4.0,0.935,-0.006095405551604927,0.28541383147239685,-0.0007458189502358437,3.272374391372068e-05,5.865116946779381e-06,33755.67025,1.0,32429.950804687498,3.0885971425766316e-06,759.6376590626252,1920.0,1.0,,26,,,,,,,,
5.441230636,0.010032043179080574,0.10567220178199932,0.0,0.0,0.0187175,4.0,0.9325,-0.004097470053238794,0.259206086397171,0.000748498656321317,3.093656829378233e-05,5.2536722705553984e-06,34066.034250000004,1.0,32608.711722656248,3.0885971425766316e-06,742.2259745253359,1920.0,1.0,,27,,,,,,,,
3.8107312380000167,0.009666425049317695,0.09313964952889364,0.0,0.0,0.01867,4.0,0.9299999999999999,-0.006294520484516397,0.2559891790151596,-0.001520308607723564,1.8769667576634674e-05,6.458019413457805e-06,33797.823000000004,1.0,31883.97934375,3.0885971425766316e-06,926.5611390016597,1920.0,1.0,,28,,,,,,,,
2.8134720969999876,0.022312088253784168,0.1474609375,0.0,1.0,0.0186225,1.0,0.9275,-0.001472081639803946,0.2607779875397682,0.003381288144737482,1.1117698477391968e-05,3.7139020605536643e-06,33716.52450000001,1.0,32265.332078125004,3.0885971425766316e-06,682.5529267805763,1920.0,1.0,,29,,,,,,,,
3.9061522229999923,0.004634004465287944,0.06022135470993817,0.0,0.0,0.018575,4.0,0.925,-0.009966755809728056,0.27150809951126575,-0.004929693532176316,3.38040888436808e-05,5.6402893733320525e-06,33895.367750000005,1.0,32397.661328125003,3.0885971425766316e-06,762.2915195708829,1920.0,1.0,,30,,,,,,,,
5.505000640999981,0.0051775234804836145,0.06848144624382257,0.0,0.0,0.018527500000000002,4.0,0.9225,-0.0020963528950233012,0.2558558816090226,0.002634203468915075,6.298253839531753e-05,7.029998229768353e-06,34157.040250000005,1.0,32785.21579296875,3.0885971425766316e-06,684.5014174672476,1920.0,1.0,,31,,,,,,,,
3.8524024219999546,0.0049502330050472665,0.07543945359066129,0.0,0.0,0.01848,4.0,0.92,-0.005118897519423626,0.2541790483519435,-0.0013472423306666315,0.007166603900259361,0.000417827629007661,33803.8455,1.0,32657.15246484375,3.0885971425766316e-06,636.8578427730672,1920.0,1.0,,32,,,,,,,,
3.8609383680000064,0.008341559361724649,0.08614095114171505,0.0,0.0,0.0184325,4.0,0.9175,-0.004452006600331515,0.23839839175343513,-0.0026356245507486165,0.018955995412397897,0.0013645931403516443,33727.553,1.0,32583.89701953125,3.0885971425766316e-06,787.5408360155943,1920.0,1.0,,33,,,,,,,,
5.988087582000048,0.010869391225298841,0.09436035342514515,0.0,1.0,0.018385,4.0,0.915,-0.0018986300274264067,0.22730415221303701,0.0018955205450765789,0.002605180618047598,0.00024863635189831257,33869.0615,1.0,32606.061585937503,3.0885971425766316e-06,769.7706632092443,1920.0,1.0,,34,,,,,,,,
4.064965406999988,0.011084916528659505,0.10339355561882257,0.0,0.0,0.0183375,4.0,0.9125,-0.004588754381984472,0.2152140149846673,-0.0007412865525111556,0.0007059440495140734,5.684951003104288e-05,34261.7275,1.0,33170.7967890625,3.0885971425766316e-06,652.8279282206272,1920.0,1.0,,35,,,,,,,,
3.8430758940000374,0.032512999273137666,0.1597086605615914,0.0,1.0,0.01829,4.0,0.91,0.001549743436044082,0.21092231571674347,0.005306642657767924,0.0005262766021587595,9.648361151448626e-05,34122.868500000004,1.0,32772.872796875,3.0885971425766316e-06,711.8059315939998,1920.0,1.0,,36,,,,,,,,
5.228713484000025,0.0041015451096200195,0.046915690414607525,0.0,0.0,0.018242500000000002,4.0,0.9075,-0.003316715097753331,0.21963055431842804,0.0006092104595154524,0.0004239481160084324,7.658145543132377e-05,34277.27525,1.0,33211.1036875,3.0885971425766316e-06,483.48598859430047,1920.0,1.0,,37,,,,,,,,
4.152063443999964,0.00835714170062829,0.07368977935402654,0.0,0.0,0.018195,4.0,0.905,-0.005057529866462573,0.21751877386122942,-0.001115805353038013,3.8072891925367e-05,2.444573212301293e-05,33954.74450000001,1.0,32711.6986875,3.0885971425766316e-06,802.864926086426,1920.0,1.0,,38,,,,,,,,
2.851205569000001,0.027541876790564856,0.1477864608168602,0.0,1.0,0.0181475,1.0,0.9025,-0.0007104577380232513,0.22055744007229805,0.0032861055806279182,1.7864397705125157e-05,8.433412062913703e-06,34226.5125,1.0,33332.119257812505,3.0885971425766316e-06,503.6955754297718,1920.0,1.0,,39,,,,,,,,
3.269398572,0.01673471894434897,0.1100260429084301,0.0,1.0,0.0181,2.0,0.9,-0.001961090601980686,0.2057585697621107,0.0017539525870233774,1.6745021639508195e-05,1.50231467159756e-05,34348.161250000005,1.0,33051.17289453125,3.0885971425766316e-06,703.9987343156048,1920.0,1.0,,40,34348.161250000005,34167.95525,33483.75125,70000042,33191.70539166667,best_of_k,34167.95525,740.0844035600951
4.863951069999985,0.010390192259819742,0.09741210984066129,0.0,1.0,0.0180525,4.0,0.8975,-0.009388109654537402,0.19899211451411247,-0.005800331593491137,1.1875247196257988e-05,6.678640659174562e-06,34063.851,1.0,32909.50721484375,3.0885971425766316e-06,822.055043283025,1920.0,1.0,,41,,,,,,,,
4.281267454000044,0.010863536528859186,0.09867350361309946,0.0,1.0,0.018005,4.0,0.895,-0.0016344826726708561,0.2004902670159936,0.0019722181605175138,1.0325278708478436e-05,4.1880956160866845e-06,34048.026750000005,1.0,33142.41663671875,3.0885971425766316e-06,695.6181985849926,1920.0,1.0,,42,,,,,,,,
3.9519524650000335,0.01073163055252735,0.08146158908493817,0.0,0.0,0.0179575,4.0,0.8925,0.001315179921220988,0.18276605289429426,0.004593630786985159,1.007888909043686e-05,5.125436132402683e-06,34107.61925,1.0,33123.617343750004,3.0885971425766316e-06,775.0031186960434,1920.0,1.0,,43,,,,,,,,
5.422745060000011,0.006188277077512794,0.06660970160737634,0.0,0.0,0.017910000000000002,4.0,0.89,-0.005540641912375577,0.17914458643645048,-0.002334942400921136,8.594306507347937e-06,3.84086105498227e-06,34024.016,1.0,33205.38722265625,3.0885971425766316e-06,526.4002442746211,1920.0,1.0,,44,,,,,,,,
3.915775755000027,0.010092883966990485,0.09191894577816129,0.0,1.0,0.0178625,4.0,0.8875,0.0002241848414996639,0.17370219714939594,0.0033246315724682063,7.5298719650618295e-06,3.1099756370167597e-06,34009.847,1.0,33384.2471015625,3.0885971425766316e-06,347.49779661273834,1920.0,1.0,,45,,,,,,,,
3.815784709999946,0.006447362365747722,0.06754557369276881,0.0,0.0,0.017815,4.0,0.885,0.0012453578528948128,0.17147781420499086,0.0042981026927009225,6.7591106471809326e-06,2.9108922063869613e-06,33952.8205,1.0,33476.490488281255,3.0885971425766316e-06,322.5163853330641,1920.0,1.0,,46,,,,,,,,
5.63907408700004,0.01010227117816953,0.0855712890625,0.0,0.0,0.017767500000000002,4.0,0.8825000000000001,-0.0020099175526411273,0.17148570250719786,0.0010346685303375125,6.998011400582982e-06,3.1718036268557626e-06,34394.96925,1.0,33403.3137734375,3.0885971425766316e-06,482.28639410455276,1920.0,1.0,,47,,,,,,,,
3.8985710489999974,0.009609543581461821,0.06762695359066129,0.0,0.0,0.01772,4.0,0.88,-0.0010464610968483612,0.1601365888491273,0.0017888692382257432,7.220731191637242e-06,3.1367058284104132e-06,34281.51325,1.0,33395.76550390625,3.0885971425766316e-06,514.3471650332192,1920.0,1.0,,48,,,,,,,,
3.5878954589999807,0.024615969119546815,0.12478298624046147,0.0,1.0,0.0176725,3.0,0.8775,0.005146047701903929,0.16943950081864992,0.008138453025215616,6.49609933134343e-06,2.7293612750630323e-06,34232.40425,1.0,33546.18740234375,3.0885971425766316e-06,393.6993253598389,1920.0,1.0,,49,,,,,,,,
3.403215318999969,0.0408697309536592,0.1749674528837204,0.0,1.0,0.017625000000000002,1.0,0.875,0.017185529228299856,0.17318149283528328,0.0202356637455523,7.03786304256937e-06,2.967116813579196e-06,34366.489,1.0,33607.9645859375,3.0885971425766316e-06,480.6630575216398,1920.0,1.0,,50,,,,,,,,
5.109291181000003,0.008924647561798338,0.0810139982495457,0.0,0.0,0.0175775,4.0,0.8725,-0.004600439453497529,0.17387415003031492,-0.001546206302009523,7.481919737983844e-06,2.58329259850143e-06,34125.241,1.0,33396.058375,3.0885971425766316e-06,326.4021025502033,1920.0,1.0,,51,,,,,,,,
3.878854342000011,0.010146837480220938,0.10957845160737634,0.0,0.0,0.01753,4.0,0.87,-0.0016918407054618,0.17661423329263926,0.0014016252825967968,8.168190504420636e-06,3.530558103648218e-06,34260.119,1.0,33353.09361328126,3.0885971425766316e-06,719.4432883553465,1920.0,1.0,,52,,,,,,,,
3.828559884000015,0.014647007077542185,0.10591634223237634,0.0,0.0,0.0174825,4.0,0.8674999999999999,0.002340795355848968,0.15877592656761408,0.005114143365062773,7.721579464714523e-06,3.3601019708839885e-06,34185.52025,1.0,33496.7798359375,3.0885971425766316e-06,546.0853046955633,1920.0,1.0,,53,,,,,,,,
5.687572578000015,0.012771624547752936,0.0941162109375,0.0,1.0,0.017435,4.0,0.865,0.0020003867321065627,0.16843422502279282,0.004935115633998066,7.037708513735197e-06,2.435525956911988e-06,34179.142,1.0,33531.647484375004,3.0885971425766316e-06,397.8301103382339,1920.0,1.0,,54,,,,,,,,
3.856770133999987,0.006682514955599572,0.06778971431776881,0.0,0.0,0.0173875,4.0,0.8625,-0.003545719082467258,0.1621213685721159,-0.000728919287212193,8.032365826693422e-06,2.5644848022920996e-06,34237.972,1.0,33461.10850390625,3.0885971425766316e-06,602.9234346901012,1920.0,1.0,,55,,,,,,,,
3.5334211589999995,0.015269999973403022,0.10058593812088172,0.0,1.0,0.01734,3.0,0.86,0.004640675460298856,0.14459413662552834,0.00714550563134253,1.0739404122735626e-05,2.71770452779189e-06,34274.619249999996,1.0,33423.211414062505,3.0885971425766316e-06,558.9944759791058,1920.0,1.0,,56,,,,,,,,
4.176556306000009,0.01921876324255815,0.09016927145421505,0.0,1.0,0.017292500000000002,3.0,0.8575,-0.007500879873987287,0.14090570931633314,-0.005066308464544515,7.049988577515857e-06,2.6715858704543885e-06,34220.7885,1.0,33404.4060234375,3.0885971425766316e-06,579.9176063974056,1920.0,1.0,,57,,,,,,,,
3.6750010829999837,0.025150379640024312,0.1337890625,0.0,1.0,0.017245,1.0,0.855,0.002882005413994193,0.13674451410770416,0.005238551995716989,6.101721623963385e-06,2.004882389883278e-06,34223.354999999996,1.0,33732.89258203125,3.0885971425766316e-06,255.20435754905833,1920.0,1.0,,58,,,,,,,,
3.8077404359999605,0.014161993367892478,0.10290527436882257,0.0,0.0,0.0171975,4.0,0.8525,0.006452181230997667,0.1299263583496213,0.008684886211995035,6.32927230981295e-06,2.1403983794243686e-06,34136.764,1.0,33678.344125,3.0885971425766316e-06,412.94405660912764,1920.0,1.0,,59,,,,,,,,
2.798963957000012,0.02934122414853846,0.12353515625,0.0,1.0,0.017150000000000002,1.0,0.85,0.004274935810826719,0.12500176392495632,0.006416891003027558,6.0530735481734155e-06,2.4392240334236703e-06,34253.44075,1.0,33579.834398437495,3.0885971425766316e-06,476.639337186378,1920.0,1.0,,60,34394.96925,34140.14325,33631.727249999996,70000042,33634.406208333334,best_of_k,34140.14325,234.4093330893197
5.548140488000001,0.0059558724026516074,0.06363932369276881,0.0,0.0,0.0171025,4.0,0.8475,-0.00017059431411325932,0.126324909273535,0.0019884863486367976,5.141853790746609e-06,1.7539266181643143e-06,34097.8415,1.0,33574.302609375,3.0885971425766316e-06,268.7667476206972,1920.0,1.0,,61,,,,,,,,
3.825094421000017,0.010520110163355412,0.08736165372829419,0.0,0.0,0.017055,4.0,0.845,0.0006958115554880351,0.12096414715051651,0.002757160342298448,6.18895012394205e-06,2.1520170463418253e-06,34173.491,1.0,33530.602964843754,3.0885971425766316e-06,449.1739269921124,1920.0,1.0,,62,,,,,,,,
3.8117482950000294,0.008290573100040888,0.0689697276102379,0.0,0.0,0.017007500000000002,4.0,0.8425,-0.0004560620291158557,0.11947267642244697,0.0015743568073958158,5.375599954504651e-06,1.95103059752455e-06,34113.1135,1.0,33559.129054687495,3.0885971425766316e-06,376.58486113135666,1920.0,1.0,,63,,,,,,,,
4.522307902000023,0.009029553299782833,0.08418782614171505,0.0,0.0,0.01696,4.0,0.84,-0.001285569480387494,0.10830664867535233,0.0005499901963048615,4.355183392590334e-06,1.772284257128831e-06,34244.41175000001,1.0,33666.796171875,3.0885971425766316e-06,297.38371220328514,1920.0,1.0,,64,,,,,,,,
4.360025197000027,0.00924477809893176,0.07047526072710752,0.0,0.0,0.0169125,4.0,0.8375,-0.0034061232436215505,0.10983088333159685,-0.0015498806751566008,4.469870532375353e-06,1.6525399217925951e-06,34226.82025,1.0,33640.77367578125,3.0885971425766316e-06,328.01019453441,1920.0,1.0,,65,,,,,,,,
3.835610661999965,0.010783071685267487,0.0925699882209301,0.0,0.0,0.016865,4.0,0.835,-0.0022220868631848134,0.1075612623244524,-0.0004099069628864527,6.045668015985939e-06,2.4724703706624496e-06,34257.0875,1.0,33575.785707031246,3.0885971425766316e-06,574.3790289805214,1920.0,1.0,,66,,,,,,,,
3.8823158849999686,0.009840149855946834,0.08996582066174597,0.0,0.0,0.0168175,4.0,0.8325,-0.0021274194004945457,0.11548019107431173,-0.0001866714155767113,4.694894300882879e-06,1.7416937438952118e-06,34172.54625,1.0,33782.33375390625,3.0885971425766316e-06,283.9843532113013,1920.0,1.0,,67,,,,,,,,
4.687830308000002,0.012417151239958457,0.095703125,0.0,1.0,0.01677,2.0,0.83,0.0016686392482370138,0.1183694526553154,0.0036521635483950377,5.364000287499948e-06,1.9887841062882217e-06,34293.805,1.0,33637.452351562504,3.0885971425766316e-06,298.2234452440848,1920.0,1.0,,68,,,,,,,,
3.1309779309999612,0.02413532053765266,0.098388671875,0.0,1.0,0.0167225,2.0,0.8275,0.009743245784193277,0.12665771879255772,0.011859751306474209,4.8514230570617656e-06,2.0852972681950632e-06,34318.473,1.0,33737.389968749994,3.0885971425766316e-06,351.4745092464488,1920.0,1.0,,69,,,,,,,,
2.728447813999992,0.03173917805935389,0.1131184920668602,0.0,1.0,0.016675000000000002,1.0,0.825,0.0020077251829206944,0.1285171564668417,0.004149269545450807,5.17936405231012e-06,1.9236178445680707e-06,34317.10475,1.0,33718.75177734375,3.0885971425766316e-06,279.9281189176876,1920.0,1.0,,70,,,,,,,,
2.7382798680000633,0.024385365228624778,0.08447265625,0.0,1.0,0.0166275,1.0,0.8225,0.0008956333622336388,0.12316513061523438,0.0029419452184811234,4.820282129003317e-06,2.2693889434322045e-06,34148.22175,1.0,33711.65615625,3.0885971425766316e-06,322.4125229904405,1920.0,1.0,,71,,,,,,,,
4.362937475000081,0.022870476830632924,0.0904947929084301,0.0,1.0,0.01658,1.0,0.8200000000000001,0.0025638032821007073,0.12249604053795338,0.004593515302985907,4.966238861925376e-06,1.5514477809119853e-06,34212.925,1.0,33714.70635546875,3.0885971425766316e-06,156.7482461573216,1920.0,1.0,,72,,,,,,,,
3.070097007999948,0.025139895465144946,0.0699869804084301,0.0,1.0,0.016532500000000002,1.0,0.8175,0.015532017219811678,0.12397839315235615,0.017580308485776186,4.52789959126676e-06,1.860592647062731e-06,34356.27725,1.0,33732.50608203125,3.0885971425766316e-06,263.23315279713876,1920.0,1.0,,73,,,,,,,,
2.8114465950000067,0.029129588221906033,0.0940755233168602,0.0,1.0,0.016485,1.0,0.815,0.0039794715121388435,0.12459308095276356,0.006031652679666877,4.598355303642165e-06,2.5524882687477657e-06,34306.66725,1.0,33666.040281249996,3.0885971425766316e-06,213.32526689546225,1920.0,1.0,,74,,,,,,,,
2.7806477960000393,0.03220999950838177,0.0763346366584301,0.0,1.0,0.0164375,1.0,0.8125,0.01634655985981226,0.12326642125844955,0.01837091613560915,5.283563041302841e-06,2.6145237370656105e-06,34338.915499999996,1.0,33683.52491796875,3.0885971425766316e-06,409.728387237218,1920.0,1.0,,75,,,,,,,,
3.3850962969999046,0.028266060164753526,0.1077473983168602,0.0,1.0,0.016390000000000002,1.0,0.81,-0.0012673800811171532,0.13045950792729855,0.0008690673857927322,5.701017130377295e-06,2.4260382360807853e-06,34236.142250000004,1.0,33622.9778203125,3.0885971425766316e-06,219.89163246983,1920.0,1.0,,76,,,,,,,,
5.100043945999914,0.0064842618888434345,0.07430013176053762,0.0,0.0,0.0163425,4.0,0.8075,-0.0028290576592553407,0.1285677314735949,-0.0007292924565263093,4.709520510459697e-06,1.7635718094766162e-06,34229.911250000005,1.0,33700.988750000004,3.0885971425766316e-06,376.49949703648537,1920.0,1.0,,77,,,,,,,,
3.117986506999955,0.015438797571277973,0.10506184957921505,0.0,1.0,0.016295,2.0,0.8049999999999999,0.010551387211307883,0.12238664086908102,0.012544103898108006,6.45941082666468e-06,1.8564429353773448e-06,34134.49975,1.0,33750.38632421875,3.0885971425766316e-06,236.72288909754545,1920.0,1.0,,78,,,,,,,,
2.7709702839999863,0.032499896064791756,0.1095377616584301,0.0,1.0,0.0162475,1.0,0.8025,-0.0010446473024785519,0.12878070026636124,0.001046495046466589,4.78658637348417e-06,1.4858292445296684e-06,34365.429,1.0,33708.68928125,3.0885971425766316e-06,316.57205798856313,1920.0,1.0,,79,,,,,,,,
4.021555023000019,0.02240911570110408,0.14643012235562006,0.0,1.0,0.0162,3.0,0.8,0.0011059819953516126,0.13595838037629923,0.0033063211012631655,7.221526440541008e-06,2.9288868669633907e-06,34361.432499999995,1.0,33683.9262421875,3.0885971425766316e-06,420.84544026477295,1920.0,1.0,,80,34394.96925,34019.172,33552.3805,70000042,33648.97808333333,best_of_k,34019.172,170.14733821788317
3.3278802529999894,0.017226730271914903,0.10449218843132257,0.0,1.0,0.0161525,2.0,0.7975,0.0018802334379870445,0.13695423398166895,0.004090940114110708,4.597278120854753e-06,1.9708476202140446e-06,34075.669,1.0,33591.386570312505,3.0885971425766316e-06,207.27209139343404,1920.0,1.0,,81,,,,,,,,
3.8881193589999157,0.012715891412909741,0.09183756588026881,0.0,0.0,0.016105,4.0,0.795,-0.0010792305693030357,0.13719261344522238,0.0011289477697573602,4.717754734429036e-06,1.673266943669205e-06,34108.522750000004,1.0,33579.236437499996,3.0885971425766316e-06,288.9422672062788,1920.0,1.0,,82,,,,,,,,
3.854101753000009,0.006203399310436453,0.029012044775299728,0.0,0.0,0.016057500000000002,4.0,0.7925,-0.0016142148233484477,0.13658785168081522,0.0005780311184935272,4.090162150305332e-06,1.209748887731621e-06,34344.21925,1.0,33761.5398828125,3.0885971425766316e-06,258.28721539995405,1920.0,1.0,,83,,,,,,,,
5.338325270000041,0.007797704245675163,0.059895833721384406,0.0,0.0,0.01601,4.0,0.79,-0.0014276425499701872,0.13953283056616783,0.0008051269978750497,4.241527292947467e-06,1.453491130121165e-06,34314.95925,1.0,33684.89125,3.0885971425766316e-06,395.6088229775334,1920.0,1.0,,84,,,,,,,,
3.4997415100000353,0.013681495382797948,0.06841362888614337,0.0,1.0,0.0159625,3.0,0.7875,0.007752748128647606,0.13430768934388956,0.009895561883846918,4.551457664092595e-06,1.2369113970104688e-06,34369.501000000004,1.0,33809.140648437504,3.0885971425766316e-06,235.77749967921872,1920.0,1.0,,85,,,,,,,,
3.8202702469999394,0.00513907859438234,0.057454427413176745,0.0,0.0,0.015915,4.0,0.785,-0.004621180196409114,0.13766591623425484,-0.0024315902846865356,5.682648492211229e-06,1.5915676243594135e-06,34266.16675,1.0,33677.4789453125,3.0885971425766316e-06,239.9175354616597,1920.0,1.0,,86,,,,,,,,
5.365308388000017,0.008667684443594226,0.07393391989171505,0.0,0.0,0.0158675,4.0,0.7825,-0.0029528308514272794,0.13873759843409061,-0.0007525875407736748,4.49989657624883e-06,1.4516623352278657e-06,34196.081750000005,1.0,33685.002113281254,3.0885971425766316e-06,372.8684931781468,1920.0,1.0,,87,,,,,,,,
3.490630101000079,0.014865919809589437,0.09082031436264515,0.0,1.0,0.01582,3.0,0.78,-0.0021145650340865054,0.14029763266444206,0.00010303454473614693,1.0368098135889644e-05,1.7434580949308536e-06,34059.21875,1.0,33498.63733984376,3.0885971425766316e-06,263.1970512377943,1920.0,1.0,,88,,,,,,,,
3.445385652000027,0.012422625798914547,0.1053602434694767,0.0,1.0,0.015772500000000002,3.0,0.7775,0.0008588262911265095,0.13907179050147533,0.0030484088541318974,2.4426968934676552e-05,2.9677672443995107e-06,34172.2935,1.0,33633.931328125,3.0885971425766316e-06,362.32312197073065,1920.0,1.0,,89,,,,,,,,
3.9187767580000354,0.006204839557341302,0.050415039382642135,0.0,0.0,0.015725,4.0,0.775,-0.0022236489166971296,0.13925179606303573,-3.637120244093239e-05,7.970742132101805e-06,3.3196677904356875e-06,34243.2505,1.0,33636.484628906255,3.0885971425766316e-06,265.9891770472065,1920.0,1.0,,90,,,,,,,,
4.690796321999983,0.020409600135408823,0.0699869804084301,0.0,1.0,0.0156775,2.0,0.7725,0.008663225453346968,0.1401329766958952,0.010858879890292883,4.734295174557701e-06,1.6130978508499538e-06,34228.28325,1.0,33743.095234374996,3.0885971425766316e-06,192.6930278554198,1920.0,1.0,,91,,,,,,,,
2.8211048299999675,0.02389616111938153,0.06640625,0.0,1.0,0.01563,1.0,0.77,-0.0017229157965630293,0.14017929136753082,0.00046688318252563477,4.804222044185735e-06,1.4447755773971949e-06,34245.001,1.0,33637.0808046875,3.0885971425766316e-06,190.07753407331322,1920.0,1.0,,92,,,,,,,,
3.875695692000022,0.007056558634857879,0.05952962301671505,0.0,0.0,0.015582499999999999,4.0,0.7675,-0.0012805402075173333,0.1394560020416975,0.0008915310027077794,4.2406966542785085e-06,1.155121580609375e-06,34406.69975,1.0,33732.09786328125,3.0885971425766316e-06,249.52695842848323,1920.0,1.0,,93,,,,,,,,
3.251699723999991,0.03051302672176348,0.0869140625,0.0,1.0,0.015535,1.0,0.765,0.00040366689790971577,0.13608179986476898,0.0025167351122945547,4.260274977241352e-06,1.0731269526331744e-06,34217.02225,1.0,33683.639109375,3.0885971425766316e-06,222.585281461086,1920.0,1.0,,94,,,,,,,,
5.466670935000025,0.011551576672815145,0.07108561205677688,0.0,0.0,0.015487500000000001,4.0,0.7625,-0.0016736738325562328,0.13500943640246987,0.00041638042966951616,4.097373007994065e-06,9.88834798931748e-07,34111.380000000005,1.0,33767.277812500004,3.0885971425766316e-06,296.1742694635867,1920.0,1.0,,95,,,,,,,,
3.4847673179999674,0.019062661654241236,0.06982421999176343,0.0,1.0,0.01544,3.0,0.76,0.002891814374985794,0.131262036661307,0.004917601938359439,3.915605873316963e-06,1.0137326427184234e-06,34059.07525,1.0,33678.19286328125,3.0885971425766316e-06,391.03568684577033,1920.0,1.0,,96,,,,,,,,
2.8113079349999452,0.03246253840293889,0.08528645895421505,0.0,1.0,0.0153925,1.0,0.7575000000000001,0.003174958750605583,0.13558295741677284,0.005260976497083902,4.366513962850149e-06,1.0115679458522209e-06,34258.12175,1.0,33655.210160156246,3.0885971425766316e-06,230.55214800848606,1920.0,1.0,,97,,,,,,,,
3.737544197000034,0.016891776231815925,0.08959961123764515,0.0,1.0,0.015345000000000001,2.0,0.755,0.00705653615295887,0.13411647826433182,0.009113324995269068,4.6110093308016076e-06,1.535909206040742e-06,34222.6835,1.0,33658.93478515625,3.0885971425766316e-06,452.85454734786845,1920.0,1.0,,98,,,,,,,,
4.0393357070000775,0.02416223894203995,0.05794270895421505,0.0,1.0,0.0152975,1.0,0.7525,0.002526308235246688,0.1331378109753132,0.004561691544950008,4.847636319027515e-06,1.6135319356180844e-06,34288.32000000001,1.0,33636.704609374996,3.0885971425766316e-06,460.61450306407465,1920.0,1.0,,99,,,,,,,,
3.8069895639999913,0.019695910953863915,0.08650716161355376,0.0,1.0,0.01525,4.0,0.75,0.003307263890746981,0.13571947067975998,0.005375771899707615,4.657843348354618e-06,1.4967941410759522e-06,34272.02725,1.0,33590.43109765625,3.0885971425766316e-06,455.0251752023254,1920.0,1.0,,100,34406.69975,34117.8255,33871.56925,70000042,33745.0225,best_of_k,34117.8255,346.7545278033207
3.838219726000034,0.01233979001214891,0.09623209666460752,0.0,1.0,0.0152025,4.0,0.7475,0.004397060882183723,0.13122131675481796,0.00638906576205045,1.850227528166215e-05,2.0740414861109002e-06,34142.956,1.0,33797.40590625,3.0885971425766316e-06,178.75159642726004,1920.0,1.0,,101,,,,,,,,
5.724880594999945,0.014465651476562869,0.06372070359066129,0.0,1.0,0.015155,4.0,0.745,-0.0007492894073948264,0.12846552673727274,0.001191252376884222,4.818435911602137e-05,3.0699230890718354e-06,34044.516,1.0,33507.66978515625,3.0885971425766316e-06,391.6708307702147,1920.0,1.0,,102,,,,,,,,
3.854471457000045,0.01838125499705967,0.11694336065556854,0.0,1.0,0.0151075,4.0,0.7424999999999999,3.209205169696361e-05,0.1388961197808385,0.00212685763835907,2.954730717874554e-05,1.305219875291641e-06,34144.449,1.0,33576.08821484375,3.0885971425766316e-06,363.01804644066254,1920.0,1.0,,103,,,,,,,,
3.4728821060000428,0.01281520858424301,0.05756293423473835,0.0,1.0,0.01506,3.0,0.74,0.005681603370855252,0.13804203209777674,0.007754704138884942,5.152315990623416e-05,1.3198448508925746e-06,34110.30575,1.0,33593.28744140625,3.0885971425766316e-06,375.80327402335,1920.0,1.0,,104,,,,,,,,
4.921798087999946,0.011464700036469821,0.07584635447710752,0.0,0.0,0.015012500000000002,4.0,0.7375,0.0018893642991315573,0.12988285068422556,0.0038212711115193088,0.00017343486439358458,1.2313803594565798e-06,34173.445250000004,1.0,33758.887332031256,3.0885971425766316e-06,280.99627098274664,1920.0,1.0,,105,,,,,,,,
3.708958769999981,0.008091209926760712,0.045193143344173826,0.0,1.0,0.014965,3.0,0.735,0.003474099066806957,0.12597672392924628,0.005352386351053913,6.392372006303049e-05,1.124817051352996e-06,34178.84500000001,1.0,33794.50812890625,3.0885971425766316e-06,179.19556600357618,1920.0,1.0,,106,,,,,,,,
3.4419392070000185,0.015864913023070432,0.07600911520421505,0.0,1.0,0.0149175,3.0,0.7324999999999999,0.002253596263471991,0.1222782526165247,0.004066128535972287,0.00010258933332352171,2.5894540935193313e-06,34202.89175,1.0,33495.720640625004,3.0885971425766316e-06,604.3281389817246,1920.0,1.0,,107,,,,,,,,
3.0968063480000865,0.019122197865272028,0.06974283885210752,0.0,1.0,0.014870000000000001,2.0,0.73,0.012450809037545696,0.11941719148308039,0.014106953633017838,0.0011778287298511714,3.6108388883349107e-06,34194.524,1.0,33824.283097656255,3.0885971425766316e-06,330.02939957618094,1920.0,1.0,,108,,,,,,,,
5.793425509000031,0.015389065005429359,0.10449218843132257,0.0,0.0,0.014822499999999999,4.0,0.7275,0.005481224965478759,0.1174263134598732,0.006564530951436609,0.006506404056096926,1.3211241551402964e-05,34138.269,1.0,33702.32685546875,3.0885971425766316e-06,428.54397275664377,1920.0,1.0,,109,,,,,,,,
3.86781935099998,0.006984627420472123,0.061279297107830644,0.0,0.0,0.014775,4.0,0.725,-0.0016011187253752723,0.11670152470469475,4.517519846558571e-05,0.000771047858052043,1.732137469900863e-06,34225.77850000001,1.0,33789.640546875,3.0885971425766316e-06,242.7173045082812,1920.0,1.0,,110,,,,,,,,
3.8401762369999233,0.0069181287487509735,0.0508219402981922,0.0,0.0,0.014727500000000001,4.0,0.7224999999999999,0.0019500073249218985,0.11158619727939367,0.0034174856555182487,0.0017439369670455562,3.028618529299365e-06,34371.38575,1.0,33775.337499999994,3.0885971425766316e-06,328.44358214512016,1920.0,1.0,,111,,,,,,,,
4.275026038999954,0.013536750430508468,0.08241102518513799,0.0,1.0,0.01468,3.0,0.72,0.00567123806104064,0.10422330101331075,0.006710090674459934,0.004855096005485393,1.1271816589442096e-05,34309.969750000004,1.0,33782.43213281251,3.0885971425766316e-06,380.7253857362977,1920.0,1.0,,112,,,,,,,,
5.001379093000082,0.010316191925916485,0.06416829477529973,0.0,1.0,0.014632500000000001,4.0,0.7175,-0.0010546683261054568,0.10369241517037153,-0.00010527478298172355,0.00562702565764539,1.0366802094097238e-05,34166.76325,1.0,33721.463179687504,3.0885971425766316e-06,282.1997561874025,1920.0,1.0,,113,,,,,,,,
3.8927594649999264,0.008487212085086071,0.05794270907063037,0.0,0.0,0.014585,4.0,0.7150000000000001,0.0003067442448809743,0.1047067902982235,0.0014254633570089936,0.003976325752319099,2.1595545572239416e-05,34250.676,1.0,33870.781460937505,3.0885971425766316e-06,243.3645260781308,1920.0,1.0,,114,,,,,,,,
4.085429772999987,0.007401957960944117,0.04703776084352285,0.0,0.0,0.014537500000000002,4.0,0.7125,0.0030748229764867574,0.10616421746090055,0.004494569671805948,0.0011123935080377123,2.475308102134477e-05,34210.14750000001,1.0,33835.06566015625,3.0885971425766316e-06,365.3038030396424,1920.0,1.0,,115,,,,,,,,
5.685243688000014,0.0093655177963754,0.056274414295330644,0.0,0.0,0.014490000000000001,4.0,0.71,0.004449975771422032,0.10961003042757511,0.005876600393094122,0.0012736533518591386,6.851863516388335e-05,34149.581,1.0,33873.921484375,3.0885971425766316e-06,224.03744470909186,1920.0,1.0,,116,,,,,,,,
3.605196308000018,0.026387887533928733,0.07671441075702508,0.0,1.0,0.0144425,3.0,0.7075,0.008379327783283467,0.11045124443868796,0.009864690946415067,0.000935892573276457,3.247900305799097e-05,34170.587250000004,1.0,33886.3134765625,3.0885971425766316e-06,258.79510427728377,1920.0,1.0,,117,,,,,,,,
3.920509915000025,0.005360298502630201,0.047281901352107525,0.0,0.0,0.014395000000000002,4.0,0.7050000000000001,0.0015460727154277265,0.11149339377880096,0.0030362326942849904,0.0010975336291494386,1.0067694105941882e-05,33796.6185,1.0,33510.996824218746,3.0885971425766316e-06,170.3458875633786,1920.0,1.0,,118,,,,,,,,
5.380542201000026,0.008705162403131794,0.07857259176671505,0.0,0.0,0.014347500000000001,4.0,0.7025,0.0015959514494170435,0.10395444137975574,0.002573400968685746,0.00509389123544679,9.294886702093663e-06,33858.431,1.0,33470.68092578126,3.0885971425766316e-06,291.98878829852384,1920.0,1.0,,119,,,,,,,,
3.6808126099999754,0.017515552721799093,0.08078342063042025,0.0,1.0,0.0143,3.0,0.7,0.0040942184180797385,0.10528672114014626,0.005308651404144864,0.0028949710649612825,3.342362551469099e-06,33906.77475,1.0,33561.05853515625,3.0885971425766316e-06,339.7053133411982,1920.0,1.0,,120,34406.69975,33887.3455,33738.5505,70000042,33593.820191666666,best_of_k,33887.3455,180.48909295206934
4.057464438000011,0.025212787197514075,0.10705566499382257,0.0,1.0,0.014252500000000001,4.0,0.6975,0.004047176757012494,0.10436371760442853,0.005476560560055077,0.000562487806291756,3.623309382305706e-06,33968.61,1.0,33589.0047734375,3.0885971425766316e-06,230.7466835843937,1920.0,1.0,,121,,,,,,,,
5.349526276000006,0.009497154055964074,0.07906087348237634,0.0,0.0,0.014205,4.0,0.6950000000000001,0.0023722188489045948,0.10342590557411313,0.003805202024523169,0.00035293524581447855,1.7766989159895274e-06,34038.635500000004,1.0,33555.958617187505,3.0885971425766316e-06,219.58200129695405,1920.0,1.0,,122,,,,,,,,
3.8403942349999625,0.009788912219676149,0.04139539931202307,0.0,1.0,0.0141575,3.0,0.6925,0.004028284180094488,0.1057835469643275,0.005508051050128415,0.00017352546327250215,1.0221836343286366e-06,33817.818,1.0,33508.779945312504,3.0885971425766316e-06,210.03202965054126,1920.0,1.0,,123,,,,,,,,
3.6107490890000236,0.012127367696052715,0.0796440973257025,0.0,1.0,0.014110000000000001,3.0,0.69,-0.0040220516578604775,0.10935161945720513,-0.0025273008116831384,0.0004779973184364887,8.017150179284727e-07,33847.160749999995,1.0,33439.0634609375,3.0885971425766316e-06,222.38192814434663,1920.0,1.0,,124,,,,,,,,
3.6702801860000136,0.011244030572972482,0.04871961815903584,0.0,1.0,0.0140625,3.0,0.6875,0.0008619027600313226,0.10946751323839028,0.002386680105701089,0.0001421914887487219,7.806975759194756e-07,34112.583,1.0,33479.75980078125,3.0885971425766316e-06,200.0363061572361,1920.0,1.0,,125,,,,,,,,
5.253525717999992,0.023049573655309057,0.06353081638614337,0.0,1.0,0.014015,3.0,0.685,-0.0018971419679777075,0.10950084465245406,-0.00037265553449591,9.757752877703751e-05,8.200633014136353e-07,34102.78275,1.0,33327.67764453126,3.0885971425766316e-06,198.6938742011584,1920.0,1.0,,126,,,,,,,,
3.9330495299999484,0.004614695242487699,0.05244954442605376,0.0,0.0,0.0139675,4.0,0.6825,-0.0007313557143788785,0.11289615463465452,0.0008365047979168594,8.686759966280988e-05,6.594690837857797e-07,34035.5535,1.0,33589.58140625,3.0885971425766316e-06,172.84347180628967,1920.0,1.0,,127,,,,,,,,
3.9469670309999856,0.01612263396614111,0.07796223973855376,0.0,1.0,0.01392,4.0,0.6799999999999999,0.006145208091766108,0.11207724967971444,0.007699350516304548,5.637499842237048e-05,6.697659280519019e-07,33879.7185,1.0,33558.42298828125,3.0885971425766316e-06,181.62158750311366,1920.0,1.0,,128,,,,,,,,
5.595700756000042,0.007497373623031933,0.046630859724245965,0.0,0.0,0.0138725,4.0,0.6775,0.00698077266861219,0.10925455950200558,0.008494043431710452,2.0083366592871243e-05,7.097162892932829e-07,33998.883250000006,1.0,33668.43823046875,3.0885971425766316e-06,171.57467446262515,1920.0,1.0,,129,,,,,,,,
2.957619797999996,0.022135824569147644,0.06477864645421505,0.0,1.0,0.013825,1.0,0.675,0.0012121046893298626,0.10844830051064491,0.0027099973522126675,1.081305254047038e-05,6.478462495351778e-07,34135.00625,1.0,33685.496648437496,3.0885971425766316e-06,186.89661583778496,1920.0,1.0,,130,,,,,,,,
3.8927066200000127,0.006502010203305986,0.0447184246731922,0.0,0.0,0.013777500000000002,4.0,0.6725,-0.004704583341663238,0.1098819742910564,-0.0031917515443637967,7.297280930629313e-06,6.76553501222088e-07,34093.00225,1.0,33780.4230703125,3.0885971425766316e-06,192.21641656582102,1920.0,1.0,,131,,,,,,,,
3.501732371000003,0.010622349948211726,0.06808810805281003,0.0,1.0,0.01373,3.0,0.6699999999999999,-0.0030818152396629253,0.1112589097271363,-0.0015556968282908201,1.1529682296895771e-05,6.271502617967902e-07,34212.82000000001,1.0,33776.8023984375,3.0885971425766316e-06,194.33110712385724,1920.0,1.0,,132,,,,,,,,
5.343059065000034,0.013822492708079892,0.08642578241415322,0.0,0.0,0.0136825,4.0,0.6675,-0.0028631457535084337,0.11124343378469348,-0.0013421534677036107,7.58202534711927e-06,6.758205906010062e-07,34218.689750000005,1.0,33845.27520703125,3.0885971425766316e-06,177.8157619791063,1920.0,1.0,,133,,,,,,,,
3.847254090999968,0.006072424328422699,0.046793620102107525,0.0,0.0,0.013635000000000001,4.0,0.665,0.00129807540361071,0.1090453127399087,0.002783493371680379,8.316988655110436e-06,1.1665952968087367e-06,34235.68350000001,1.0,33925.648484375,3.0885971425766316e-06,189.08362252236375,1920.0,1.0,,134,,,,,,,,
3.763000635000026,0.007154257370814321,0.057820638408884406,0.0,0.0,0.013587499999999999,4.0,0.6625,-0.0002802415401674807,0.10766184283420444,0.001180480234324932,1.136445808924691e-05,1.993642744224644e-06,34164.129,1.0,33926.607183593755,3.0885971425766316e-06,154.85004612300128,1920.0,1.0,,135,,,,,,,,
5.0919838020000725,0.015025398807191928,0.06689453187088172,0.0,1.0,0.01354,3.0,0.6599999999999999,0.008037791276971499,0.10406242621441682,0.00940408076470097,0.0001941261922790242,4.660690668364017e-05,34267.38575,1.0,33924.1179921875,3.0885971425766316e-06,207.7571171369887,1920.0,1.0,,136,,,,,,,,
3.931037032000063,0.007505301493086591,0.060953776352107525,0.0,0.0,0.013492500000000001,4.0,0.6575,-0.0030844927532598376,0.09897893434390426,-0.0018250409630127251,0.00020789597351722477,0.00011046568690176173,34220.76975,1.0,33841.663984375,3.0885971425766316e-06,377.80624624796025,1920.0,1.0,,137,,,,,,,,
3.869961361000037,0.005259072915123397,0.052693685283884406,0.0,0.0,0.013445000000000002,4.0,0.655,-0.0038596190133830532,0.09243767987936735,-0.002626353729283437,6.134560662474087e-05,6.8493545164471925e-06,34164.329,1.0,33922.1948828125,3.0885971425766316e-06,199.3481567119382,1920.0,1.0,,138,,,,,,,,
4.124473615999932,0.007257453969547356,0.04882812569849193,0.0,0.0,0.013397500000000001,4.0,0.6525000000000001,0.0014530441694660112,0.09152353927493095,0.002677670643606689,8.613111873501111e-06,1.397493605281852e-06,34256.36975,1.0,33860.9485859375,3.0885971425766316e-06,308.30748991373946,1920.0,1.0,,139,,,,,,,,
5.064129712999943,0.009815720886610535,0.059773763408884406,0.0,0.0,0.01335,4.0,0.65,-0.0028425257187336683,0.08615725580602884,-0.0016935105668380857,7.055510693021461e-06,9.548111243873336e-07,34271.732,1.0,33888.631625,3.0885971425766316e-06,319.314746885888,1920.0,1.0,,140,34406.69975,34268.684250000006,33715.625,70000042,33842.65120833334,best_of_k,34268.684250000006,223.9611888409573
3.8661218329999656,0.016986601493570674,0.06738281296566129,0.0,1.0,0.013302500000000002,4.0,0.6475,0.001190299190056976,0.08433614112436771,0.0023112448798201513,4.6063182708167005e-06,9.493957797701569e-07,34235.68350000001,1.0,33860.04449609375,3.0885971425766316e-06,316.75302452061567,1920.0,1.0,,141,,,,,,,,
4.150750802000061,0.005974136741066616,0.04996744845993817,0.0,0.0,0.013255000000000001,4.0,0.645,-0.0036264137452235445,0.09056904539465904,-0.0024265347165055573,3.0781208408825478e-06,6.11569721087335e-07,34217.92975,1.0,33957.9507578125,3.0885971425766316e-06,169.25304940018563,1920.0,1.0,,142,,,,,,,,
4.984211325999922,0.004726813033386179,0.05013020895421505,0.0,0.0,0.0132075,4.0,0.6425000000000001,-3.4505719668231905e-05,0.09260093327611685,0.001187924160149123,3.266217078135014e-06,5.418666937373473e-07,34313.21275,1.0,34042.96448828126,3.0885971425766316e-06,141.94821264999467,1920.0,1.0,,143,,,,,,,,
3.8125979160000725,0.013255851153253673,0.08345540380105376,0.0,0.0,0.013160000000000002,4.0,0.64,-0.005183119414141402,0.08969143871217966,-0.004003462148830295,3.0909901482800706e-06,7.454823283126188e-07,34267.38575,1.0,33996.723343749996,3.0885971425766316e-06,253.82949834061188,1920.0,1.0,,144,,,,,,,,
2.8317648349999445,0.021093379309519378,0.07373046875,0.0,1.0,0.013112500000000001,1.0,0.6375,0.011666778940707445,0.08811570331454277,0.012821588781662285,3.113200591542409e-06,5.910136025022439e-07,34259.82575,1.0,34026.15645703125,3.0885971425766316e-06,166.7223936697234,1920.0,1.0,,145,,,,,,,,
4.581695927999931,0.022553842704354565,0.07552083395421505,0.0,1.0,0.013065,2.0,0.635,0.012388049333821982,0.08919620048254728,0.013552605523727834,4.3686856656677264e-06,7.094562661791315e-07,34258.46825,1.0,33901.019609375,3.0885971425766316e-06,240.0683995215071,1920.0,1.0,,146,,,,,,,,
3.2224071020000338,0.02683486144867686,0.05517578125,0.0,1.0,0.013017500000000001,1.0,0.6325000000000001,0.001333727705059573,0.08628139831125736,0.002456121612340212,3.946696836010233e-06,7.596918720764734e-07,34240.577750000004,1.0,33787.3348046875,3.0885971425766316e-06,226.93415415220832,1920.0,1.0,,147,,,,,,,,
3.9291541989999814,0.012878545232140937,0.05033365893177688,0.0,0.0,0.01297,4.0,0.63,-0.0035897442357963882,0.08931082859635353,-0.0024321332457475364,3.659704660208263e-06,7.69366941710814e-07,34280.77775000001,1.0,33963.95946875001,3.0885971425766316e-06,214.44518628774927,1920.0,1.0,,148,,,,,,,,
3.878300093000007,0.007469709409374303,0.04207356821279973,0.0,0.0,0.0129225,4.0,0.6275,0.003113283120910637,0.08861320186406374,0.004257490625604987,4.109719384359778e-06,9.708714507894456e-07,34325.956,1.0,33999.81912109375,3.0885971425766316e-06,269.7466835018554,1920.0,1.0,,149,,,,,,,,
4.774124026999971,0.02301578602575205,0.03857421875,0.0,1.0,0.012875000000000001,1.0,0.625,0.020507426001131535,0.08859598636627197,0.021646752022206783,5.287734666126198e-06,1.6374231393001537e-06,34266.98575000001,1.0,34043.33848046875,3.0885971425766316e-06,175.15065802860258,1920.0,1.0,,150,,,,,,,,
3.8332567070000323,0.013661120605402033,0.07641601655632257,0.0,0.0,0.0128275,4.0,0.6225,-0.003298040624940768,0.08902057306841016,-0.0021575570426648483,3.44451436262716e-06,2.165495462946865e-06,34257.10575000001,1.0,33875.94323046875,3.0885971425766316e-06,247.54180085269957,1920.0,1.0,,151,,,,,,,,
2.871325445000025,0.02349487651630966,0.0812174491584301,0.0,1.0,0.01278,1.0,0.62,0.011086581740528345,0.0879328977316618,0.012208566535264254,3.1467508847526915e-06,2.9659597089448653e-06,34280.77775000001,1.0,34023.35330468751,3.0885971425766316e-06,197.4658885058665,1920.0,1.0,,152,,,,,,,,
3.8269491089999974,0.025430352285439994,0.07910156331490725,0.0,1.0,0.0127325,4.0,0.6174999999999999,-0.000858582672663033,0.08585218945518136,0.00023333239369094372,4.93865680084582e-06,1.4070205551774961e-06,34285.819,1.0,33919.5458046875,3.0885971425766316e-06,386.2190462280189,1920.0,1.0,,153,,,,,,,,
4.723913154000002,0.021340820147294437,0.09602864738553762,0.0,1.0,0.012685,2.0,0.615,0.005616639391519129,0.0889210244640708,0.006742808502167463,1.2769963745995483e-05,1.0343409613255972e-06,34312.604250000004,1.0,34012.422218750005,3.0885971425766316e-06,256.5543735532713,1920.0,1.0,,154,,,,,,,,
3.235986046999983,0.015681656238257347,0.04630533931776881,0.0,1.0,0.0126375,2.0,0.6125,-0.0001884147059172392,0.09172633662819862,0.0009676560293883085,2.4633446287225524e-05,1.3156632263644497e-06,34310.88175000001,1.0,33804.1537734375,3.0885971425766316e-06,271.39700674089596,1920.0,1.0,,155,,,,,,,,
3.851892625000005,0.007687126450214521,0.05159505223855376,0.0,0.0,0.01259,4.0,0.61,-0.0009923103061737493,0.08852052642032504,0.00011289294343441725,8.414971171077923e-05,1.7105116931759312e-06,34279.77775000001,1.0,34050.445921875,3.0885971425766316e-06,151.43015717388982,1920.0,1.0,,156,,,,,,,,
4.269268889000045,0.01900079707373929,0.05962456623092294,0.0,1.0,0.012542500000000002,3.0,0.6074999999999999,-7.310659081364672e-05,0.08523040637373924,0.0009663197367141644,0.0002351911812183971,1.2113311735599078e-05,34293.793750000004,1.0,33890.507203125,3.0885971425766316e-06,253.058244392927,1920.0,1.0,,157,,,,,,,,
4.748593348999975,0.00475405464367995,0.029988607042469084,0.0,0.0,0.012495,4.0,0.605,-0.002706696541281417,0.08719237241894007,-0.0016367140924558043,0.00015834912977652493,7.302407105669317e-06,34279.77775000001,1.0,34058.11381640626,3.0885971425766316e-06,150.44106318958293,1920.0,1.0,,158,,,,,,,,
3.8264700639999774,0.007303773605151775,0.03413899801671505,0.0,0.0,0.0124475,4.0,0.6025,-0.00011861820530612022,0.08880098769441247,0.0009533847332932055,0.00017690508849455,3.131468461958775e-05,34330.29225,1.0,34017.028300781254,3.0885971425766316e-06,328.737476583039,1920.0,1.0,,159,,,,,,,,
3.9660752309999907,0.03660658908396641,0.0664876310620457,0.0,1.0,0.012400000000000001,4.0,0.6,5.9719663113355637e-05,0.08211132511496544,0.0010007454548031092,6.128553033590833e-05,0.00014205179417103864,34285.07375,1.0,34045.0505703125,3.0885971425766316e-06,195.7451102756723,1920.0,1.0,,160,34406.69975,33889.086749999995,33687.22875,70000042,33670.45318333333,best_of_k,33889.086749999995,126.90636366718877
4.5311729329999935,0.0231115550038119,0.07686360739171505,0.0,1.0,0.012352499999999999,4.0,0.5974999999999999,0.011656400602078065,0.07942658802494407,0.0126208396977745,6.137804183481421e-05,2.107878686885556e-05,33955.2395,1.0,33628.34806640625,3.0885971425766316e-06,164.08114314182225,1920.0,1.0,,161,,,,,,,,
2.8508250559999624,0.04630144966543526,0.0641276054084301,0.0,1.0,0.012305,1.0,0.595,0.02206882508471608,0.08132616057991982,0.02306708414107561,1.1646598636616545e-05,2.591463641010705e-06,33867.15700000001,1.0,33662.9792265625,3.0885971425766316e-06,143.97742249778244,1920.0,1.0,,162,,,,,,,,
3.8920232599999736,0.011153439520064978,0.06457519612740725,0.0,0.0,0.012257500000000001,4.0,0.5925,-0.0018026816760539077,0.08325937995687127,-0.0007859999313950539,1.6666120274066998e-05,4.4096535170012885e-06,33768.334500000004,1.0,33323.965660156246,3.0885971425766316e-06,189.45748760439085,1920.0,1.0,,163,,,,,,,,
5.872226767000029,0.006375718922431162,0.06774902483448386,0.0,0.0,0.012210000000000002,4.0,0.5900000000000001,0.0007607153529534116,0.08286137320101261,0.0017662433092482388,2.8536741467632964e-05,6.71162084131538e-06,33862.50875,1.0,33390.10003125,3.0885971425766316e-06,350.69326366458756,1920.0,1.0,,164,,,,,,,,
3.88307961299995,0.005939206709857814,0.041951497783884406,0.0,0.0,0.012162500000000001,4.0,0.5875,-0.003436478495132178,0.08240807289257646,-0.002436619746731594,1.3313947960114092e-05,2.197862347230739e-06,33966.68925,1.0,33370.328296875,3.0885971425766316e-06,223.9925779586949,1920.0,1.0,,165,,,,,,,,
3.9868940169999405,0.012351325053888473,0.05814615893177688,0.0,0.0,0.012115,4.0,0.585,0.008991946662717965,0.08224216476082802,0.009986567834857851,1.0238038953502837e-05,1.4385192272925451e-06,33887.069,1.0,33405.207500000004,3.0885971425766316e-06,343.97880050245755,1920.0,1.0,,166,,,,,,,,
4.29609722400005,0.034794274857290475,0.0867513045668602,0.0,1.0,0.0120675,1.0,0.5825,0.011538579943589866,0.08221985027194023,0.012529928237199783,4.283137798211101e-06,8.233720478756368e-07,33862.39975,1.0,33594.37136328126,3.0885971425766316e-06,162.98997453972035,1920.0,1.0,,167,,,,,,,,
4.485425536999969,0.005531953517124322,0.05448405002243817,0.0,0.0,0.012020000000000001,4.0,0.5800000000000001,0.0011468916200101376,0.08028236171230674,0.002110828412696719,3.913676508204844e-06,1.3302810870641224e-06,34208.27725000001,1.0,33651.44587890625,3.0885971425766316e-06,240.97298165156383,1920.0,1.0,,168,,,,,,,,
3.2706928159999507,0.01626275948085265,0.06542968796566129,0.0,1.0,0.0119725,2.0,0.5775,0.003395984815142583,0.08290513791143894,0.004387702094390988,2.942643334336026e-06,1.1430205404394655e-06,34161.481250000004,1.0,33720.965984375005,3.0885971425766316e-06,202.81204594568243,1920.0,1.0,,169,,,,,,,,
3.9236954840000635,0.012336142552097584,0.08528645941987634,0.0,0.0,0.011925000000000002,4.0,0.575,-0.0027746319101424888,0.08198938984423876,-0.0017976954695768654,3.126329545466433e-06,9.482877949551494e-07,34140.62525,1.0,33651.654171875,3.0885971425766316e-06,278.14664348053157,1920.0,1.0,,170,,,,,,,,
5.457176537000009,0.0323766491543059,0.06803385478754838,0.0,1.0,0.011877500000000001,3.0,0.5725,-2.1453558777769406e-05,0.08132068316141765,0.0009434877817208568,3.010386365076556e-06,1.287821916662324e-06,34248.107500000006,1.0,33816.58525390625,3.0885971425766316e-06,308.2276550292192,1920.0,1.0,,171,,,,,,,,
3.9121824039999638,0.004832167334466675,0.03487141942605376,0.0,0.0,0.01183,4.0,0.5700000000000001,-0.0029244366887724027,0.08304576063528657,-0.001942854723893106,2.697045303534651e-06,1.159391846528024e-06,34279.77775000001,1.0,33967.33753125,3.0885971425766316e-06,315.6863214451146,1920.0,1.0,,172,,,,,,,,
3.9416950940000106,0.0030659252474301013,0.027791341475676745,0.0,0.0,0.011782500000000001,4.0,0.5675,7.866413216106594e-05,0.08344632107764482,0.0010612835467327386,2.195879638122733e-06,7.325472193286942e-07,34281.347250000006,1.0,34082.07972265625,3.0885971425766316e-06,123.11320406789709,1920.0,1.0,,173,,,,,,,,
5.116280703999905,0.012932248608702679,0.057373047806322575,0.0,1.0,0.011735,4.0,0.565,-0.0016648766759317368,0.08632256230339408,-0.0006524416094180197,2.3162092901429787e-06,6.565233334754339e-07,34273.14400000001,1.0,34003.355734375,3.0885971425766316e-06,225.18718700482643,1920.0,1.0,,174,,,,,,,,
4.016537552999921,0.006096685156453674,0.039550781570142135,0.0,0.0,0.0116875,4.0,0.5625,-0.0033525693143019453,0.0875636306591332,-0.0023296173312701285,1.991356661790178e-06,4.96344451761388e-07,34296.578250000006,1.0,34087.30213671875,3.0885971425766316e-06,150.30221234844214,1920.0,1.0,,175,,,,,,,,
3.306714720999935,0.02337139173981484,0.072998046875,0.0,1.0,0.011640000000000001,2.0,0.56,0.0340563032659702,0.09207012224942446,0.035127475624904037,2.3110904123768705e-06,5.840819738978098e-07,34250.10575,1.0,34020.83971875001,3.0885971425766316e-06,216.95344187484366,1920.0,1.0,,176,,,,,,,,
2.9129827229999137,0.04094457006848984,0.0794270858168602,0.0,1.0,0.0115925,1.0,0.5575,0.0021046039182692766,0.09036657959222794,0.003151479992084205,3.0796937267041358e-06,7.815100104835437e-07,34276.91375000001,1.0,33857.087625,3.0885971425766316e-06,265.32873822419435,1920.0,1.0,,177,,,,,,,,
5.799047816999973,0.022692373826810552,0.08288574358448386,0.0,1.0,0.011545,4.0,0.5549999999999999,-0.0029616844549309462,0.08893760340288281,-0.0019354597316123545,2.2370791441517213e-06,6.717850062898378e-07,34277.513750000006,1.0,34083.200640625,3.0885971425766316e-06,185.97566838138334,1920.0,1.0,,178,,,,,,,,
3.2370735970000624,0.01789835800852302,0.0499674491584301,0.0,1.0,0.0114975,2.0,0.5525,0.0003517136792652309,0.08881084527820349,0.0013720614952035248,2.9548216105013125e-06,9.192989693929121e-07,34213.261000000006,1.0,33813.86837109375,3.0885971425766316e-06,211.26338320042845,1920.0,1.0,,179,,,,,,,,
2.952800109000009,0.03837095877310048,0.08056640625,0.0,1.0,0.01145,1.0,0.55,0.014218746684491634,0.0915376041084528,0.015265931142494082,3.2714664826016815e-06,1.1857021888772579e-06,34313.74575000001,1.0,34019.524753906255,3.0885971425766316e-06,346.9112554647128,1920.0,1.0,,180,34406.69975,34279.77775000001,34218.508,70000042,33779.16819166667,best_of_k,34279.77775000001,498.4688724030594
4.781913508999992,0.01149270220118126,0.06184895918704569,0.0,0.0,0.011402500000000001,4.0,0.5475,-0.0006458808784373105,0.08862211927771568,0.00036305515095591545,4.128851543327983e-06,2.3292590753953846e-06,34367.26025,1.0,33716.91344140626,3.0885971425766316e-06,555.1538069901596,1920.0,1.0,,181,,,,,,,,
4.176612115000012,0.02046115017845788,0.07666015687088172,0.0,1.0,0.011355,3.0,0.5449999999999999,-0.00413832749472931,0.08350796066224575,-0.0031908131980647645,2.571016883242313e-06,9.207256586781417e-07,34296.05775000001,1.0,34066.29074609375,3.0885971425766316e-06,290.5029049342422,1920.0,1.0,,182,,,,,,,,
2.9069869909999397,0.029813821789758777,0.0665690116584301,0.0,1.0,0.0113075,1.0,0.5425,0.016868936363607645,0.08509471081197262,0.01783026522025466,3.6425545886231703e-06,1.0382428285993228e-06,34317.41150000001,1.0,33935.634617187505,3.0885971425766316e-06,362.9897204806539,1920.0,1.0,,183,,,,,,,,
3.869318825999926,0.012327947480965662,0.0852457694709301,0.0,0.0,0.011260000000000001,4.0,0.54,-0.0028386035046423785,0.08347958978265524,-0.0018996851285919547,3.619595972281786e-06,1.3988473384074496e-06,34299.227999999996,1.0,33882.99893359375,3.0885971425766316e-06,471.90031858541715,1920.0,1.0,,184,,,,,,,,
5.16779778199998,0.012401565836981376,0.03385416668606922,0.0,1.0,0.0112125,2.0,0.5375,0.008486118982546031,0.08262891881167889,0.00941192894242704,3.320912156823397e-06,6.677690578271722e-07,34334.452000000005,1.0,34105.216953125004,3.0885971425766316e-06,229.25262515691708,1920.0,1.0,,185,,,,,,,,
3.956497605000095,0.007987061836484344,0.06640625069849193,0.0,0.0,0.011165,4.0,0.5349999999999999,-0.0014308596873888746,0.08001963701099157,-0.000538324486115016,5.273510964798334e-06,7.12835348082308e-07,34295.44575,1.0,33941.76314453126,3.0885971425766316e-06,209.31811959397857,1920.0,1.0,,186,,,,,,,,
4.00442448299998,0.0068299696253859565,0.04345703183207661,0.0,0.0,0.0111175,4.0,0.5325,6.295507773756981e-05,0.08055609185248613,0.0009579542092978954,2.6325554358663794e-06,6.403438099766845e-07,34291.03850000001,1.0,33983.9405078125,3.0885971425766316e-06,206.95536149501797,1920.0,1.0,,187,,,,,,,,
4.7674235169999974,0.010200089187950567,0.05839030025526881,0.0,0.0,0.011070000000000002,4.0,0.53,0.003230302274459973,0.07994526252150536,0.004114495823159814,3.1530195343520973e-06,9.688984548006374e-07,34294.8995,1.0,34012.10784375,3.0885971425766316e-06,313.18567252535615,1920.0,1.0,,188,,,,,,,,
4.423543026000061,0.011062319772804585,0.0471598309231922,0.0,0.0,0.011022500000000001,4.0,0.5275000000000001,0.0013145790944690816,0.0790686053223908,0.002185595534683671,2.298690290558625e-06,5.759721943832119e-07,34296.69150000001,1.0,34080.06791796876,3.0885971425766316e-06,185.11395563643924,1920.0,1.0,,189,,,,,,,,
3.8931423359999826,0.011665754874584877,0.055989583663176745,0.0,0.0,0.010975,4.0,0.525,-0.00017356408352497965,0.08108299924060702,0.0007157234067562968,2.225723974902394e-06,7.518938431871902e-07,34281.92225,1.0,34056.2160078125,3.0885971425766316e-06,270.9351078895776,1920.0,1.0,,190,,,,,,,,
3.868435833000035,0.010421190655385715,0.08276367234066129,0.0,0.0,0.010927500000000001,4.0,0.5225,0.006679556448943913,0.07481559738516808,0.007496638310840353,1.982831150826314e-06,5.345097910947061e-07,34297.05775000001,1.0,34134.3489765625,3.0885971425766316e-06,164.10126945088,1920.0,1.0,,191,,,,,,,,
5.3844672909999645,0.010637555125061482,0.06587727926671505,0.0,0.0,0.01088,4.0,0.52,0.0038010723801562563,0.07491563074290752,0.004615651734638959,1.936399733892813e-06,6.198258510892174e-07,34288.897750000004,1.0,34077.405734375,3.0885971425766316e-06,223.28962813472347,1920.0,1.0,,192,,,,,,,,
3.896231311000065,0.006378769077620916,0.044189453445142135,0.0,0.0,0.0108325,4.0,0.5175000000000001,0.00010021353955380619,0.07116573071107268,0.0008706238586455584,1.909904369767901e-06,6.024225491785273e-07,34277.8755,1.0,34113.98850781251,3.0885971425766316e-06,209.5725759218643,1920.0,1.0,,193,,,,,,,,
3.1963601609998022,0.02211435966720643,0.08797200582921505,0.0,1.0,0.010785000000000001,2.0,0.515,0.001625468605197966,0.072663189843297,0.002408773696515709,1.6423267368281813e-06,4.070930934574335e-07,34288.897750000004,1.0,34182.86261328125,3.0885971425766316e-06,82.61133301354806,1920.0,1.0,,194,,,,,,,,
4.898777038000162,0.03229741373392869,0.07194010525320967,0.0,1.0,0.0107375,3.0,0.5125,0.026715728842342894,0.0681387900064389,0.027446906703213852,1.8960673173751275e-06,5.468394258893264e-07,34297.05775000001,1.0,34142.0751640625,3.0885971425766316e-06,196.66584269075383,1920.0,1.0,,195,,,,,,,,
3.8973703909998676,0.021699871142213095,0.07519531358654301,0.0,1.0,0.010690000000000002,3.0,0.51,0.006726000906686143,0.07508363574743271,0.00752783896556745,3.213851755390351e-06,9.697227388490621e-07,34273.98575000001,1.0,33760.01829296875,3.0885971425766316e-06,221.95236394461105,1920.0,1.0,,196,,,,,,,,
3.9076269180000054,0.010907225339575888,0.04471842502243817,0.0,1.0,0.010642500000000001,4.0,0.5075000000000001,0.0006437792908400297,0.0762668198440224,0.0014547138707712293,3.212930096196942e-06,8.255700230108687e-07,34291.03850000001,1.0,33915.27795703125,3.0885971425766316e-06,204.03874030871424,1920.0,1.0,,197,,,,,,,,
3.8481909770000584,0.004766993088875182,0.028808593982830644,0.0,0.0,0.010595,4.0,0.505,-0.0011761488858610392,0.07429305976256728,-0.0003896169946528971,2.4827519098380435e-06,7.086258833055581e-07,34268.56175,1.0,33991.755531250004,3.0885971425766316e-06,182.14982989885195,1920.0,1.0,,198,,,,,,,,
5.348813705000111,0.010588910961153886,0.05326334682467859,0.0,0.0,0.010547500000000001,4.0,0.5025,-0.0038661065918859094,0.07443657238036394,-0.003081561822909862,2.2019456338284726e-06,7.09825624056748e-07,34250.87375,1.0,34034.377421875004,3.0885971425766316e-06,218.7936227363349,1920.0,1.0,,199,,,,,,,,
3.1494142460001058,0.01949038990470342,0.08186848973855376,0.0,1.0,0.0105,2.0,0.5,0.006172349734697491,0.0725215645506978,0.006933249998837709,2.283296396399237e-06,6.979190203537655e-07,34269.16175,1.0,34031.34790625,3.0885971425766316e-06,234.1269071334479,1920.0,1.0,,200,34406.69975,34273.38575,34250.87375,70000042,34035.4441,best_of_k,34273.38575,319.03093591580654
3.5643552259998614,0.014369330051778206,0.0786675347480923,0.0,1.0,0.010452500000000002,3.0,0.49750000000000005,0.002376383480926355,0.06918168812990189,0.003098705861096581,2.8727794377421865e-06,1.0228477738867998e-06,34310.88175000001,1.0,34062.044046875,3.0885971425766316e-06,331.9761510826797,1920.0,1.0,,201,,,,,,,,
5.485243688999844,0.02372923594104274,0.0654839410757025,0.0,1.0,0.010405000000000001,3.0,0.495,0.0005702615405122439,0.06542179236809413,0.0012496575557937224,3.919977018540521e-06,1.850715667236121e-06,34273.98575000001,1.0,33868.634441406255,3.0885971425766316e-06,495.4530080876833,1920.0,1.0,,202,,,,,,,,
3.8304247799999303,0.006277043127845161,0.03910319064743817,0.0,0.0,0.010357500000000002,4.0,0.49250000000000005,-0.0009031505032908171,0.06407171720638871,-0.00024280714569613338,1.957590619383609e-06,6.16673064968154e-06,34276.3315,1.0,34093.51128125,3.0885971425766316e-06,198.27675508276195,1920.0,1.0,,203,,,,,,,,
3.1799791250000453,0.014165528171915298,0.05607096431776881,0.0,1.0,0.01031,2.0,0.49,0.007632427383214235,0.06291494285687804,0.008279930392745882,3.6237856022580672e-06,1.5744397927619502e-06,34273.98575000001,1.0,34147.71914843751,3.0885971425766316e-06,176.19652354620206,1920.0,1.0,,204,,,,,,,,
4.227784677000045,0.017890713337521902,0.053304036700865254,0.0,1.0,0.0102625,4.0,0.48750000000000004,0.011246899506659247,0.06472185417078435,0.011909043474588543,4.622041281265865e-06,3.205070555623024e-06,34313.571500000005,1.0,34142.058964843745,3.0885971425766316e-06,141.8821639993502,1920.0,1.0,,205,,,,,,,,
4.229271364999931,0.023805867676287562,0.06640625,0.0,1.0,0.010215,2.0,0.485,0.013411957421340048,0.06514063198119402,0.014075931161642075,4.404416017678159e-06,1.9966642952340408e-06,34313.571500000005,1.0,34089.299828125004,3.0885971425766316e-06,279.39436940483716,1920.0,1.0,,206,,,,,,,,
3.8338260139998965,0.005171475782006496,0.035319010814419016,0.0,0.0,0.010167500000000001,4.0,0.48250000000000004,-0.0013233266945462674,0.06358700571581721,-0.000677448813803494,2.832573201771993e-06,7.202354659341381e-07,34291.0595,1.0,34077.09148828126,3.0885971425766316e-06,175.11370197018914,1920.0,1.0,,207,,,,,,,,
3.9090135760000067,0.008897422306592517,0.04073079477529973,0.0,0.0,0.01012,4.0,0.48,0.0008252168481703848,0.06955692451447248,0.0015282268868759274,3.906810349008083e-06,1.030865160345229e-06,34325.531500000005,1.0,34105.77201953126,3.0885971425766316e-06,186.06394586739998,1920.0,1.0,,208,,,,,,,,
5.599243963000163,0.01925511949365344,0.07059733138885349,0.0,1.0,0.010072500000000002,4.0,0.47750000000000004,-0.002994877810124308,0.07103400048799813,-0.002280062879435718,2.7872878050061445e-06,7.910579711278842e-07,34336.09825,1.0,34183.38871875,3.0885971425766316e-06,71.1687979058685,1920.0,1.0,,209,,,,,,,,
3.9618620579999515,0.010033633190065672,0.05952962290029973,0.0,0.0,0.010025000000000001,4.0,0.475,0.006727838248480111,0.06865818798542023,0.007414389809127897,2.915180814966334e-06,2.9095841327375638e-06,34319.86325,1.0,33868.78395703125,3.0885971425766316e-06,201.36042646789636,1920.0,1.0,,210,,,,,,,,
2.8707917930000804,0.02129163748367091,0.0646158866584301,0.0,1.0,0.009977500000000002,1.0,0.47250000000000003,0.011464608833193779,0.0702568395063281,0.012164829298853874,3.232367362215882e-06,8.84455587879529e-07,34246.68075,1.0,33905.632249999995,3.0885971425766316e-06,258.3129008449581,1920.0,1.0,,211,,,,,,,,
3.252203543000178,0.015764444391706434,0.04939778661355376,0.0,1.0,0.00993,2.0,0.47,-0.005335302208550274,0.07147979363799095,-0.004626271314918995,3.235991954397832e-06,8.804783178106845e-07,34320.2755,1.0,33967.2588515625,3.0885971425766316e-06,305.3581485123589,1920.0,1.0,,212,,,,,,,,
5.150818424000136,0.011068975764805108,0.05251736162851254,0.0,1.0,0.0098825,3.0,0.4675,-0.0011676291372471799,0.06837124470621347,-0.0004925704949224988,2.9758606577464284e-06,6.448077556342469e-07,34331.70375,1.0,34084.268718750005,3.0885971425766316e-06,211.84221507908669,1920.0,1.0,,213,,,,,,,,
3.8703069560001495,0.013473882174487528,0.07120768306776881,0.0,1.0,0.009835,4.0,0.46499999999999997,-0.0030176018335623667,0.06914374884217978,-0.0023388180416077375,7.14498358433957e-06,1.0608799030364935e-06,34317.99925,1.0,34088.51462109375,3.0885971425766316e-06,330.06437739985154,1920.0,1.0,,214,,,,,,,,
3.229522545000009,0.018723950322652172,0.0875651054084301,0.0,1.0,0.009787500000000001,2.0,0.4625,0.004171186359599233,0.07404682785272598,0.004894861718639731,6.758425030284343e-06,7.632658594047825e-07,34347.03925,1.0,34102.10517578125,3.0885971425766316e-06,248.97718135163768,1920.0,1.0,,215,,,,,,,,
4.720946149000156,0.00544972116864173,0.039998372667469084,0.0,0.0,0.00974,4.0,0.45999999999999996,0.004565105511574075,0.06969003798440099,0.005243270832579583,3.218867121290714e-06,5.88483494823322e-07,34338.4195,1.0,34173.9971484375,3.0885971425766316e-06,198.43986593451197,1920.0,1.0,,216,,,,,,,,
3.8598769299999276,0.020757955480128487,0.05574544332921505,0.0,1.0,0.009692500000000001,2.0,0.4575,0.03963471110910177,0.06859178841114044,0.040298995561897755,2.611540210750718e-06,5.544427779113903e-07,34301.672000000006,1.0,34175.3322734375,3.0885971425766316e-06,190.14603248262205,1920.0,1.0,,217,,,,,,,,
3.5503083670000706,0.018874716265112095,0.05740017397329211,0.0,1.0,0.009644999999999999,3.0,0.45499999999999996,0.010726844794893017,0.06661561255653699,0.011368579308812818,4.659769994456535e-06,6.154486082247482e-07,34348.90325,1.0,34122.37087500001,3.0885971425766316e-06,225.25947420549565,1920.0,1.0,,218,,,,,,,,
3.84689513599983,0.01079633045415207,0.07275390671566129,0.0,1.0,0.0095975,4.0,0.4525,0.004640119266696274,0.06769384141080081,0.005288402084261179,1.0867798366120951e-05,6.449991367674102e-07,34349.50325,1.0,34128.351953125006,3.0885971425766316e-06,231.7437826154264,1920.0,1.0,,219,,,,,,,,
5.767184133000001,0.0055601813456647164,0.04366048192605376,0.0,0.0,0.00955,4.0,0.44999999999999996,0.003361503258929588,0.06727575534023345,0.004000421322416514,3.2356388118159884e-05,6.602266466870788e-07,34349.50325,1.0,34126.02793359375,3.0885971425766316e-06,262.90214652907684,1920.0,1.0,,220,34406.69975,34307.036250000005,34243.91825000001,70000042,34087.97170833334,best_of_k,34307.036250000005,222.12940675402808
3.9237917739999375,0.007446048136053207,0.049519857158884406,0.0,0.0,0.0095025,4.0,0.4475,-0.0021782449548481964,0.06625213427469134,-0.0015511428064201027,2.1002909619483034e-05,7.165487510008006e-07,34329.65700000001,1.0,34116.43266406251,3.0885971425766316e-06,202.67897708529247,1920.0,1.0,,221,,,,,,,,
3.8350341530001515,0.005382361385052548,0.032470703357830644,0.0,0.0,0.009455,4.0,0.44499999999999995,0.006098990426835371,0.0658421446569264,0.0067160573962610215,4.394111758188046e-05,2.152887610407106e-06,34331.25950000001,1.0,34072.526714843756,3.0885971425766316e-06,390.4799264217612,1920.0,1.0,,222,,,,,,,,
6.072047431999863,0.008443218963385846,0.03906250011641532,0.0,1.0,0.009407500000000001,4.0,0.4425,0.001346156161162071,0.06496075424365699,0.0019501230271998793,6.567355815434439e-05,1.1675940072564117e-06,34331.25950000001,1.0,34171.20116796876,3.0885971425766316e-06,280.0651996216696,1920.0,1.0,,223,,,,,,,,
3.6232591059999777,0.01026944805448693,0.0480143230718871,0.0,1.0,0.00936,3.0,0.43999999999999995,-0.00012939702719449997,0.07053669138501088,0.0005133017742385467,0.0001683265414461251,1.3859428520390793e-06,34320.07675,1.0,34018.20748046874,3.0885971425766316e-06,468.7709089911584,1920.0,1.0,,224,,,,,,,,
2.90462274000015,0.020403589699554914,0.1023763045668602,0.0,1.0,0.009312500000000001,1.0,0.4375,0.02114869380602613,0.07565254159271717,0.021819642512127757,0.00033117472048616037,8.974436838116162e-07,34333.308750000004,1.0,34060.02748828125,3.0885971425766316e-06,360.17187107598244,1920.0,1.0,,225,,,,,,,,
4.517888727000127,0.0070039909165373615,0.06555175804533064,0.0,0.0,0.009265000000000002,4.0,0.43500000000000005,0.0010207343002548441,0.0730620042886585,0.0016860530304256827,0.00011197152576869485,8.057199991640118e-07,34324.5565,1.0,34112.3028203125,3.0885971425766316e-06,320.02927258222604,1920.0,1.0,,226,,,,,,,,
4.734452117999808,0.01670735955766034,0.0734456388745457,0.0,1.0,0.0092175,4.0,0.4325,0.001432514050975442,0.07249661302193999,0.0020905538112856448,9.773390991085762e-05,8.474610453390596e-07,34325.531500000005,1.0,34065.092921875,3.0885971425766316e-06,317.6942570606686,1920.0,1.0,,227,,,,,,,,
3.8667474419999053,0.010143623041191319,0.04996744845993817,0.0,0.0,0.009170000000000001,4.0,0.43000000000000005,0.007632944507349748,0.06805077660828829,0.008254264947026968,2.3350540828914745e-05,7.397914956186469e-07,34331.25950000001,1.0,34095.194410156255,3.0885971425766316e-06,392.6327966746508,1920.0,1.0,,228,,,,,,,,
3.9311816889999136,0.009430803766125706,0.06477864598855376,0.0,0.0,0.0091225,4.0,0.4275,0.005260260804789141,0.06733125261962414,0.005867404746823013,6.298950435734696e-05,1.5728378990331748e-06,34358.682250000005,1.0,34086.2822265625,3.0885971425766316e-06,209.80692673865036,1920.0,1.0,,229,,,,,,,,
5.56328673500002,0.016713222105597225,0.07458496186882257,0.0,1.0,0.009075000000000001,4.0,0.42500000000000004,0.004479104449274018,0.07033296977169812,0.005114700354170054,1.962492105178626e-05,1.4254646387712455e-06,34346.47675,1.0,33990.80231640625,3.0885971425766316e-06,341.3012678491196,1920.0,1.0,,230,,,,,,,,
3.8680559219999395,0.01027718613576667,0.06909179707872681,0.0,1.0,0.0090275,4.0,0.4225,0.003654640750028193,0.07126650912687182,0.00429551608976908,4.758910236546399e-06,4.015451715133622e-06,34332.17525,1.0,34098.366230468746,3.0885971425766316e-06,222.62303674943453,1920.0,1.0,,231,,,,,,,,
3.8538452349998806,0.009571586244909724,0.051839193096384406,0.0,0.0,0.008980000000000002,4.0,0.42000000000000004,0.0039031979686114937,0.06865063402801752,0.004518764733802527,3.971251757661776e-06,1.0393257561247538e-06,34326.447250000005,1.0,34104.5272578125,3.0885971425766316e-06,193.17077743681952,1920.0,1.0,,232,,,,,,,,
5.170484457999919,0.009130176870068377,0.056803386037548385,0.0,1.0,0.008932500000000001,3.0,0.4175,0.0072847441673123585,0.06661536172032356,0.007873750446985165,2.9549482765863406e-05,6.162330076146342e-06,34328.62275,1.0,34207.75554687501,3.0885971425766316e-06,107.15876625010165,1920.0,1.0,,233,,,,,,,,
3.8887171679998573,0.009635038778752048,0.05952962301671505,0.0,0.0,0.008885,4.0,0.41500000000000004,0.0043704827257897705,0.06515311682596803,0.0049389522755518556,1.1185397283952625e-05,1.859579875684858e-05,34349.50325,1.0,34125.238625,3.0885971425766316e-06,194.83326533389112,1920.0,1.0,,234,,,,,,,,
3.874331661000042,0.008225134615253538,0.05285644589457661,0.0,0.0,0.0088375,4.0,0.4125,-0.0004670948546845466,0.06495700194500387,8.277066808659583e-05,2.950678748447899e-06,4.779312955172088e-05,34331.25950000001,1.0,34176.26985546875,3.0885971425766316e-06,156.30353523162566,1920.0,1.0,,235,,,,,,,,
4.493919088999974,0.008871184195310633,0.0579833984375,0.0,0.0,0.008790000000000001,4.0,0.41000000000000003,0.004324711291701533,0.0651566251181066,0.004849587654462084,3.1404109961385984e-06,9.507204774905631e-05,34348.90325,1.0,34116.0592265625,3.0885971425766316e-06,232.5493021836473,1920.0,1.0,,236,,,,,,,,
4.618490221000002,0.014661429267421866,0.06420898507349193,0.0,0.0,0.0087425,4.0,0.4075,0.000589103794482071,0.06716493098065257,0.0011639756266959012,2.774683608208761e-06,2.4079539755916812e-05,34349.50325,1.0,34030.831394531255,3.0885971425766316e-06,343.6421377207209,1920.0,1.0,,237,,,,,,,,
3.932505878000029,0.006315244154388111,0.047159831039607525,0.0,0.0,0.008695000000000001,4.0,0.405,0.005461386681417935,0.06631869240663946,0.006030254269717261,2.483060896452116e-06,1.504970410692863e-05,34370.591250000005,1.0,34173.88805078125,3.0885971425766316e-06,192.1201595480855,1920.0,1.0,,238,,,,,,,,
3.901148318999958,0.00907173182129739,0.06262207077816129,0.0,0.0,0.0086475,4.0,0.40249999999999997,-0.0014749621695955284,0.06544127035886049,-0.0009132527047768235,1.7416309816553621e-06,8.040998725533655e-06,34348.90325,1.0,34222.328597656255,3.0885971425766316e-06,88.84013515686904,1920.0,1.0,,239,,,,,,,,
5.512169380000159,0.007793830068040464,0.05362955783493817,0.0,0.0,0.008600000000000002,4.0,0.4,0.0038918880018172786,0.06757996464148164,0.004469501960556954,1.991150533342534e-06,6.746914387179004e-06,34332.17525,1.0,34114.63030078125,3.0885971425766316e-06,204.04927138643805,1920.0,1.0,,240,34406.69975,34313.571500000005,34267.076,70000042,34191.52258333333,best_of_k,34313.571500000005,126.79889573404142
3.9160106980000364,0.008003729565366768,0.028238932412932627,0.0,0.0,0.0085525,4.0,0.39749999999999996,-0.0021300987427821383,0.06083386321552098,-0.0016107467818073928,1.75464585794316e-06,1.5083056155162922e-06,34348.90325,1.0,34195.832152343755,3.0885971425766316e-06,182.55228240161364,1920.0,1.0,,241,,,,,,,,
3.902053412999976,0.01708057018541827,0.08007812546566129,0.0,1.0,0.008505,3.0,0.395,0.004061703589589645,0.0594951386253039,0.004567140208867689,2.026084170362689e-06,7.343718001114515e-07,34325.22,1.0,34194.048375,3.0885971425766316e-06,219.37435852951978,1920.0,1.0,,242,,,,,,,,
4.259701036000024,0.038364733112494775,0.08203125,0.0,1.0,0.0084575,1.0,0.39249999999999996,0.011843867599964142,0.05959714762866497,0.012347382493317127,2.5184413630086055e-06,5.520032857475599e-07,34390.53775,1.0,34162.260375,3.0885971425766316e-06,201.865746394528,1920.0,1.0,,243,,,,,,,,
3.892510699000013,0.007032391564200324,0.05611165426671505,0.0,0.0,0.00841,4.0,0.39,0.0009547646332066506,0.06090320856310427,0.0014662815374322236,2.6344664121324968e-06,8.311307482244956e-07,34350.312,1.0,33927.323101562506,3.0885971425766316e-06,255.68587567896697,1920.0,1.0,,244,,,,,,,,
3.6296058469999934,0.02602908733708868,0.0630425348257025,0.0,1.0,0.0083625,3.0,0.38749999999999996,0.005812927265651524,0.06126528543730577,0.006324719365996619,2.1303420301895435e-06,6.514098771503996e-07,34348.90325,1.0,33983.80123828125,3.0885971425766316e-06,219.26044937580804,1920.0,1.0,,245,,,,,,,,
4.6567716590000146,0.008088606350350247,0.0642903654370457,0.0,0.0,0.008315000000000001,4.0,0.385,-0.004447083061677404,0.0632090363651514,-0.00392198417102918,2.041950459386044e-06,5.593843059870096e-07,34332.17525,1.0,34168.126714843755,3.0885971425766316e-06,200.1090097321709,1920.0,1.0,,246,,,,,,,,
4.261011467000117,0.009299322523377285,0.0438639324856922,0.0,0.0,0.0082675,4.0,0.38249999999999995,0.008031683712033555,0.05814918200485408,0.008511858351994306,2.4320568599023318e-06,6.608274105701639e-07,34348.90325,1.0,34171.90896875,3.0885971425766316e-06,260.28315121792787,1920.0,1.0,,247,,,,,,,,
3.8252337199999147,0.008768673451472253,0.07466634223237634,0.0,0.0,0.008220000000000002,4.0,0.38,0.008983974352304358,0.059644974302500486,0.009473133308347315,6.990722681621264e-06,8.463184428819659e-07,34331.25950000001,1.0,34057.202574218754,3.0885971425766316e-06,287.2967503883876,1920.0,1.0,,248,,,,,,,,
3.927114673999995,0.0036968539070905138,0.03601074230391532,0.0,0.0,0.0081725,4.0,0.37749999999999995,-8.084150613285601e-05,0.05933685088530183,0.0004020571359433234,1.712246850615884e-05,6.371446392705593e-07,34346.308000000005,1.0,34185.604257812505,3.0885971425766316e-06,155.67517725907587,1920.0,1.0,,249,,,,,,,,
5.41637452100008,0.0049307794286619355,0.03747558611212298,0.0,0.0,0.008125,4.0,0.375,0.0026343628123868257,0.05513195274397731,0.0030816499638604,3.7990478318761234e-06,5.599620127583194e-07,34364.86325,1.0,34204.58253125,3.0885971425766316e-06,175.96118244677476,1920.0,1.0,,250,,,,,,,,
3.8482735810000577,0.012855930253033776,0.07507324311882257,0.0,0.0,0.008077500000000001,4.0,0.37250000000000005,0.0064271655573975295,0.06179669825360179,0.0069257641735021025,3.1843853420809864e-06,4.922792786743457e-07,34348.90325,1.0,34197.1953984375,3.0885971425766316e-06,151.68193550422544,1920.0,1.0,,251,,,,,,,,
3.9867312900000798,0.0065680426865242225,0.04471842490602285,0.0,0.0,0.00803,4.0,0.37,0.0005551037029363215,0.05898687755689025,0.0010281720315106213,2.7556110637760867e-06,6.398536704921298e-07,34369.99125000001,1.0,34084.2962578125,3.0885971425766316e-06,214.18456661981338,1920.0,1.0,,252,,,,,,,,
5.809414780999987,0.005010860525144878,0.03548177098855376,0.0,0.0,0.007982500000000002,4.0,0.36750000000000005,-0.0006288224831223488,0.05571712180972099,-0.00018711958546191454,1.4495744693476809e-05,3.2187458849364248e-06,34348.90325,1.0,34165.67269140625,3.0885971425766316e-06,177.34745518876514,1920.0,1.0,,253,,,,,,,,
3.867365232000111,0.004386414551282414,0.03393554734066129,0.0,0.0,0.007935000000000001,4.0,0.365,0.003018373012309894,0.05833095218986273,0.003479960549157113,6.762790050629519e-06,1.1845269511923107e-06,34366.62500000001,1.0,34119.63149609376,3.0885971425766316e-06,228.1958228648368,1920.0,1.0,,254,,,,,,,,
3.5844382560001122,0.017822134315721883,0.061252170552810035,0.0,1.0,0.007887500000000002,3.0,0.36250000000000004,0.00903066744407018,0.057915108588834606,0.009486770257353783,2.849983748850112e-06,8.348916319770675e-07,34334.44,1.0,34123.398199218755,3.0885971425766316e-06,259.34250708320775,1920.0,1.0,,255,,,,,,,,
3.858140919000107,0.016710568642565704,0.05314127681776881,0.0,1.0,0.00784,2.0,0.36,0.029329184559173882,0.054091055411845446,0.029752081085462123,2.180203892976351e-06,1.9186314332841903e-06,34334.44,1.0,34174.71986328125,3.0885971425766316e-06,319.10003328876456,1920.0,1.0,,256,,,,,,,,
4.918889478999972,0.012512157905069543,0.07194010517559946,0.0,0.0,0.007792500000000001,4.0,0.35750000000000004,0.0022090509737608954,0.05819476186297834,0.0026567978493403643,2.134835838774052e-06,1.1044387662195732e-05,34363.46325,1.0,34128.45309765625,3.0885971425766316e-06,272.5052988793419,1920.0,1.0,,257,,,,,,,,
3.819306987000118,0.014471248527392788,0.06213378952816129,0.0,1.0,0.007745,4.0,0.355,0.0022583582958759507,0.057373053627088666,0.0026848418747249525,2.313905625328516e-06,3.52791369238048e-05,34349.31975,1.0,33952.4896328125,3.0885971425766316e-06,240.59214637282605,1920.0,1.0,,258,,,,,,,,
3.8700012279998646,0.008021823734321032,0.04549153664265759,0.0,0.0,0.007697500000000001,4.0,0.35250000000000004,0.0043451947003632085,0.054944641422480345,0.004762030537676765,2.2234600720594244e-06,1.1756045449118346e-05,34375.348000000005,1.0,34060.705546875004,3.0885971425766316e-06,218.5377342826101,1920.0,1.0,,259,,,,,,,,
5.628925582000193,0.009705399852677488,0.045166015857830644,0.0,0.0,0.0076500000000000005,4.0,0.35,0.008519813432940282,0.05249770125374198,0.00891963712638244,2.186959910943642e-06,3.1297207812031047e-06,34376.57525,1.0,34154.28338671875,3.0885971425766316e-06,244.289812563421,1920.0,1.0,,260,34406.69975,34348.90325,34325.22,70000042,34208.72583333334,best_of_k,34348.90325,133.544099433036
3.1973192169998583,0.01663008081766293,0.0323893241584301,0.0,1.0,0.007602500000000002,2.0,0.34750000000000003,0.017624950647586957,0.05053785443305969,0.01800828252453357,1.952797944682061e-06,1.3732157952972557e-06,34375.348000000005,1.0,34220.220031250006,3.0885971425766316e-06,159.13997906869713,1920.0,1.0,,261,,,,,,,,
3.8410172429998966,0.012790618266611986,0.07836914155632257,0.0,1.0,0.007555000000000001,4.0,0.345,0.0017857085840660147,0.05649435194209218,0.0022114107268862426,2.4836280445583725e-06,1.7284907052328435e-06,34325.531500000005,1.0,33892.43533203125,3.0885971425766316e-06,206.4868719194381,1920.0,1.0,,262,,,,,,,,
6.301005311999916,0.015140632532684606,0.06929524801671505,0.0,1.0,0.007507500000000002,4.0,0.3425,0.003194035620253999,0.05951346433721483,0.0036400261451490223,2.619352741817238e-06,1.0877705918233005e-06,34309.03925,1.0,33816.667390625,3.0885971425766316e-06,185.06219741423448,1920.0,1.0,,263,,,,,,,,
3.467826665000075,0.00930706544220783,0.05620659732570251,0.0,1.0,0.00746,3.0,0.33999999999999997,-0.0018403120338916779,0.05484557089706262,-0.0014318241737782955,2.205078914130354e-06,8.793108226730814e-07,34363.48,1.0,34059.98896875,3.0885971425766316e-06,241.61346392793763,1920.0,1.0,,264,,,,,,,,
3.916813169000079,0.01782689366864254,0.06066894577816129,0.0,1.0,0.007412500000000001,4.0,0.3375,0.005858587450347841,0.05591108580119908,0.006272403465118259,2.4239812290716145e-06,7.650647795287568e-07,34346.308000000005,1.0,33902.1674921875,3.0885971425766316e-06,277.2908482961723,1920.0,1.0,,265,,,,,,,,
5.251113233000069,0.004780377049584672,0.043823243118822575,0.0,0.0,0.007365,4.0,0.33499999999999996,-0.004364176100352779,0.055162321077659726,-0.003958454995881766,1.997931072139636e-06,7.003844189057418e-07,34375.348000000005,1.0,34003.31130468749,3.0885971425766316e-06,190.96998567816613,1920.0,1.0,,266,,,,,,,,
4.123034044000178,0.008771542090070028,0.039062500232830644,0.0,0.0,0.007317500000000001,4.0,0.3325,-0.00032446976547362283,0.051935950294137,5.4595788242295384e-05,1.968710996891332e-06,1.5571639195854914e-06,34375.348000000005,1.0,34126.15941015625,3.0885971425766316e-06,284.08817763610654,1920.0,1.0,,267,,,,,,,,
3.8137139620000653,0.00845763343127004,0.055175781599245965,0.0,0.0,0.00727,4.0,0.32999999999999996,0.004635216842871159,0.05384586891159415,0.005022660247050226,2.174103315155662e-06,7.598240435058301e-06,34399.03125000001,1.0,34269.242042968755,3.0885971425766316e-06,128.05489947881958,1920.0,1.0,,268,,,,,,,,
3.2322629610000604,0.022728763000738894,0.05476888082921505,0.0,1.0,0.0072225000000000015,2.0,0.3275,0.0069113228091737255,0.05194021621719003,0.007280211895704269,2.2358823912327352e-06,1.205145440508204e-05,34417.588,1.0,34278.4470078125,3.0885971425766316e-06,166.84492363397771,1920.0,1.0,,269,,,,,,,,
4.900385141000015,0.024898614901381677,0.08268229197710752,0.0,1.0,0.007174999999999999,2.0,0.32499999999999996,0.0009257773635908961,0.058430731762200594,0.0013399604940786958,2.3598588825279876e-06,9.644467240832455e-06,34185.26,1.0,33863.36449218751,3.0885971425766316e-06,161.8862794454891,1920.0,1.0,,270,,,,,,,,
3.2467927499999405,0.02540840309008985,0.08365885447710752,0.0,1.0,0.0071275,2.0,0.3225,0.018233296927064657,0.05952964350581169,0.018655889900401235,2.4798102629119967e-06,2.9121919453700684e-06,34407.29525,1.0,33988.72366015625,3.0885971425766316e-06,293.3452549407426,1920.0,1.0,,271,,,,,,,,
3.565802276999875,0.01743892317298427,0.08002387235562007,0.0,1.0,0.0070799999999999995,3.0,0.31999999999999995,-0.005943948868662119,0.05408982994655768,-0.005565713858231902,1.9700322866356146e-06,9.050222497345809e-06,34406.79125,1.0,34214.90042968751,3.0885971425766316e-06,250.0829384397688,1920.0,1.0,,272,,,,,,,,
6.944371629999978,0.013021810103147402,0.06335449265316129,0.0,1.0,0.0070325000000000006,4.0,0.3175,0.006917604128830135,0.059241381008177996,0.007330935448408127,2.363573230468319e-06,6.095507302461556e-06,34399.03125000001,1.0,34131.481015625,3.0885971425766316e-06,341.26973117136777,1920.0,1.0,,273,,,,,,,,
3.968952274000003,0.006975344588987298,0.04541015671566129,0.0,0.0,0.006985,4.0,0.31499999999999995,0.001317058216955047,0.05636454001069069,0.0017090755281969905,1.7910559080291932e-06,3.0193486502128053e-06,34399.631250000006,1.0,34230.40955859376,3.0885971425766316e-06,163.4643378637021,1920.0,1.0,,274,,,,,,,,
2.883189816999902,0.06514060586975745,0.0958658866584301,0.0,1.0,0.006937500000000001,1.0,0.3125,0.04499540105462074,0.056400309316813946,0.04538609506562352,2.1103812741785077e-06,7.47034562209592e-07,34399.631250000006,1.0,34154.155039062505,3.0885971425766316e-06,225.06261806193694,1920.0,1.0,,275,,,,,,,,
3.4983187590000853,0.010388531394937672,0.06591796906044085,0.0,1.0,0.006890000000000002,3.0,0.31000000000000005,0.004227108593719701,0.06487032709022363,0.004673271129528682,3.086678987074265e-06,9.714178759168135e-07,34307.291750000004,1.0,33871.218417968754,3.0885971425766316e-06,275.4630025206572,1920.0,1.0,,276,,,,,,,,
5.838171768999928,0.00862768203678499,0.05537923239171505,0.0,1.0,0.006842500000000001,4.0,0.3075,-0.0005111961800139397,0.0660322424955666,-6.0133752413094044e-05,2.9596863697634035e-06,9.349006404590909e-07,34236.16375,1.0,33903.2388828125,3.0885971425766316e-06,326.2890807715997,1920.0,1.0,,277,,,,,,,,
3.755040898000061,0.007892454001712679,0.05623372457921505,0.0,0.0,0.006795000000000002,4.0,0.30500000000000005,0.0018592022279335652,0.06258317362517118,0.00228390064148698,2.388389845009442e-06,6.313013400927048e-07,34359.96725,1.0,33978.21307421875,3.0885971425766316e-06,234.75645827361873,1920.0,1.0,,278,,,,,,,,
3.898302077999915,0.007709003195188302,0.053914388408884406,0.0,0.0,0.0067475,4.0,0.3025,-0.003044174169190228,0.058992421720176935,-0.0026465808041393757,2.1416239590621444e-06,4.880295918496813e-07,34399.03125000001,1.0,34153.67175390625,3.0885971425766316e-06,166.03709596663117,1920.0,1.0,,279,,,,,,,,
4.8259529970000585,0.012333990112018967,0.051052517568071686,0.0,1.0,0.006700000000000001,3.0,0.30000000000000004,-0.00011788463840881984,0.05493464476118485,0.00024976969386140507,1.7624130161190503e-06,4.611656810501093e-07,34399.631250000006,1.0,34228.3228046875,3.0885971425766316e-06,176.9691209346526,1920.0,1.0,,280,34417.588,34359.167250000006,34202.020000000004,70000042,34228.03047500001,best_of_k,34359.167250000006,99.38756468629425
3.5678390709999803,0.017126065649778848,0.0505099828975896,0.0,1.0,0.0066525,3.0,0.2975,0.0024770813373227916,0.05342648892352978,0.002832157847781976,1.4602650537653972e-06,3.9489989944740955e-07,34399.631250000006,1.0,34208.67262500001,3.0885971425766316e-06,97.7315670271588,1920.0,1.0,,281,,,,,,,,
3.7862325730000066,0.010295253338487242,0.09452311275526881,0.0,0.0,0.0066050000000000015,4.0,0.29500000000000004,0.0011856171859108144,0.05862062284722924,0.00157225855946308,2.0301458008020745e-06,6.898496600626913e-07,34343.775250000006,1.0,33965.800800781246,3.0885971425766316e-06,220.78113560068329,1920.0,1.0,,282,,,,,,,,
5.2861936750000496,0.007694515197187002,0.05069986986927688,0.0,0.0,0.006557500000000001,4.0,0.2925,-0.0020362561335787177,0.06352547649294138,-0.0016201708349399269,1.97036320770394e-06,5.731024153021735e-07,34399.631250000006,1.0,34024.464164062505,3.0885971425766316e-06,216.7067739345948,1920.0,1.0,,283,,,,,,,,
4.100382616999923,0.002475546452158639,0.021728515974245965,0.0,0.0,0.006510000000000002,4.0,0.29000000000000004,0.0020559752483677585,0.06065655080601573,0.0024503643144271336,1.7960210882961292e-06,6.120933875308765e-07,34376.57525,1.0,34155.54932421875,3.0885971425766316e-06,242.81476077569107,1920.0,1.0,,284,,,,,,,,
3.7589879940001083,0.004934430359744724,0.031209310051053762,0.0,0.0,0.0064624999999999995,4.0,0.2875,-0.0018227880464110058,0.05434213881380856,-0.0014720062499691267,1.6466953951521646e-06,4.778569202557037e-07,34462.452,1.0,34240.68190234376,3.0885971425766316e-06,122.299552801762,1920.0,1.0,,285,,,,,,,,
3.8206178529999306,0.008430445202625592,0.04951985739171505,0.0,0.0,0.0064150000000000006,4.0,0.28500000000000003,0.005459822350530885,0.056233369279652834,0.005819952639285475,1.8359915827659279e-06,8.459426013018856e-07,34399.631250000006,1.0,34164.29409375001,3.0885971425766316e-06,179.10050814823492,1920.0,1.0,,286,,,,,,,,
5.424896794000006,0.003086710581797547,0.026855468793655746,0.0,0.0,0.0063675,4.0,0.2825,-0.0018750875078694662,0.05861901049502194,-0.0015027465706225485,1.7612362768204548e-06,1.477309016451045e-06,34441.27125,1.0,34145.2169921875,3.0885971425766316e-06,192.43998241892078,1920.0,1.0,,287,,,,,,,,
3.882251050999912,0.004274526132794776,0.03792317770421505,0.0,0.0,0.006320000000000001,4.0,0.28,0.000985244757430337,0.0559407917317003,0.0013381470926105976,1.738228213810089e-06,9.402394773871947e-07,34388.20725000001,1.0,34094.19646484375,3.0885971425766316e-06,216.7257147740171,1920.0,1.0,,288,,,,,,,,
3.8395322960000158,0.0026622017922370844,0.02502441433898639,0.0,0.0,0.0062725,4.0,0.27749999999999997,-0.0017443120013922453,0.05346469767391682,-0.001409426738973707,1.8373129933024757e-06,5.768528659189087e-07,34399.631250000006,1.0,34149.73321875,3.0885971425766316e-06,207.27904967764275,1920.0,1.0,,289,,,,,,,,
5.954828608000071,0.001747524850280513,0.024291992420330644,0.0,0.0,0.006225000000000001,4.0,0.275,0.00042476144153624773,0.05214241216890514,0.0007489036943297833,1.5911650663724686e-06,5.697356133538278e-07,34399.03125000001,1.0,34151.3789140625,3.0885971425766316e-06,195.88168440575862,1920.0,1.0,,290,,,,,,,,
3.8227912920001472,0.008893062240472815,0.058715821243822575,0.0,0.0,0.006177500000000001,4.0,0.27249999999999996,0.002358082594582811,0.05202972004190087,0.0026790868723765016,1.6526103721048457e-06,4.869293341869252e-07,34399.03125000001,1.0,34139.705046875,3.0885971425766316e-06,197.23704294718266,1920.0,1.0,,291,,,,,,,,
4.037284202000137,0.005616510696725641,0.044270833721384406,0.0,0.0,0.006130000000000002,4.0,0.27,0.0013990434381412342,0.05073122913017869,0.0017095853108912706,1.7037939343822472e-06,5.389874182526455e-07,34441.27125,1.0,34055.532859375,3.0885971425766316e-06,208.62154830314705,1920.0,1.0,,292,,,,,,,,
4.786661272000174,0.004266077956488701,0.03393554699141532,0.0,0.0,0.006082499999999999,4.0,0.26749999999999996,0.0010625234208418988,0.04905858286656439,0.0013605200219899416,1.6639346824831591e-06,4.7024151683672244e-07,34366.32725,1.0,34013.609675781256,3.0885971425766316e-06,192.13186910146212,1920.0,1.0,,293,,,,,,,,
4.397297210999795,0.007197666362205979,0.032430013292469084,0.0,0.0,0.006035,4.0,0.265,-0.0060230806993786246,0.0487193854060024,-0.005729443626478314,1.5053600606051987e-06,4.663614134869931e-07,34325.22,1.0,33972.90090625,3.0885971425766316e-06,104.48487859507841,1920.0,1.0,,294,,,,,,,,
3.8541405179998947,0.008029009465175818,0.033406575850676745,0.0,0.0,0.0059875,4.0,0.26249999999999996,0.0025887170486385003,0.05394054180942476,0.0029112440533936024,1.7142662116498286e-06,5.412627803735859e-07,34392.50325,1.0,34101.074875000006,3.0885971425766316e-06,204.9266010950107,1920.0,1.0,,295,,,,,,,,
2.87693980500012,0.020591817608121232,0.04182942770421505,0.0,1.0,0.005940000000000001,1.0,0.26,0.004749161656945944,0.05019330233335495,0.0050467452965676785,1.876001249456749e-06,7.526527667778282e-07,34375.348000000005,1.0,34104.12450390625,3.0885971425766316e-06,310.21660546800325,1920.0,1.0,,296,,,,,,,,
5.693468719999828,0.0015548117817196783,0.014444987085880712,0.0,0.0,0.0058925,4.0,0.25749999999999995,-0.0014570622297469527,0.045506536262109876,-0.001189272035844624,1.4525696556688672e-06,4.2472703043472393e-07,34446.628,1.0,34293.65381250001,3.0885971425766316e-06,87.32552888633069,1920.0,1.0,,297,,,,,,,,
3.225914010999986,0.015077771546412322,0.03531901049427688,0.0,1.0,0.005845000000000001,2.0,0.255,2.8976588509976864e-05,0.04983290517702699,0.0003198558697476983,1.506900943581968e-06,4.86855384451701e-07,34399.03125000001,1.0,34300.46871484375,3.0885971425766316e-06,149.2193566242769,1920.0,1.0,,298,,,,,,,,
3.8649339730000065,0.0019391726844499857,0.01851399743463844,0.0,0.0,0.005797500000000001,4.0,0.25249999999999995,0.0022879294701851904,0.04139406839385629,0.002527572854887694,1.3612165474796711e-06,4.039751146933668e-07,34404.15125,1.0,34286.827882812504,3.0885971425766316e-06,121.48985055245497,1920.0,1.0,,299,,,,,,,,
4.494492513000068,0.008395459982502018,0.03971354220993817,0.0,0.0,0.005750000000000002,4.0,0.25,0.006075934517866699,0.04421468824148178,0.006329699564957991,1.4825377050442512e-06,6.425692014033757e-07,34393.90325,1.0,34288.1834296875,3.0885971425766316e-06,219.139362624798,1920.0,1.0,,300,34462.452,34364.86325,33960.02825,70000042,34063.191175,best_of_k,34364.86325,189.54719102158043
3.970059273000061,0.009331983686820422,0.036946614854969084,0.0,0.0,0.005702500000000001,4.0,0.24750000000000005,0.004179051073151641,0.04701670166105032,0.004446754930540919,1.4546558659844777e-06,5.257411466175199e-07,34399.03125000001,1.0,34091.42742578125,3.0885971425766316e-06,195.02562200010246,1920.0,1.0,,301,,,,,,,,
4.108943798999917,0.012452203061522837,0.037882487289607525,0.0,0.0,0.005655,4.0,0.245,0.0046375897309189895,0.04558452870696783,0.004895011818007333,1.3267489364920948e-06,4.5220334499163073e-07,34399.03125000001,1.0,34061.581933593756,3.0885971425766316e-06,182.41233055279338,1920.0,1.0,,302,,,,,,,,
5.063820388000067,0.0076094181401966665,0.04459635459352285,0.0,0.0,0.005607500000000001,4.0,0.24250000000000005,-0.0006632180884480476,0.04903758084401488,-0.0003886464983224869,1.4164046078235515e-06,5.296998253356833e-07,34395.36725,1.0,34066.597367187496,3.0885971425766316e-06,245.13443764926458,1920.0,1.0,,303,,,,,,,,
4.1471971490000215,0.011051841311170207,0.04793294356204569,0.0,0.0,0.005560000000000001,4.0,0.24,0.0043719117529690266,0.04882013238966465,0.004642921703634784,1.6587591673555835e-06,5.267263780694975e-07,34465.18325,1.0,34141.8106328125,3.0885971425766316e-06,241.27338059779436,1920.0,1.0,,304,,,,,,,,
3.8603945689999364,0.016918910279327903,0.050496419658884406,0.0,1.0,0.005512500000000002,4.0,0.23750000000000004,-0.0006849045457784086,0.047954725567251444,-0.0004209720646031201,1.7419253524053602e-06,4.869850567246203e-07,34399.631250000006,1.0,34050.824867187504,3.0885971425766316e-06,205.276640774027,1920.0,1.0,,305,,,,,,,,
3.2085228159999133,0.012642005636593012,0.03865559911355376,0.0,1.0,0.005465000000000001,2.0,0.235,-0.0004259944507793989,0.04834845382720232,-0.00016217127267736942,1.67137169171383e-06,4.6982563972619573e-07,34393.90325,1.0,34065.567726562505,3.0885971425766316e-06,190.64195589604245,1920.0,1.0,,306,,,,,,,,
5.520741595000118,0.005775369880474557,0.033121745102107525,0.0,0.0,0.005417500000000002,4.0,0.23250000000000004,0.0020844365644734353,0.04949968680739403,0.0023521913099102676,1.6978816645973893e-06,4.811798124393363e-07,34401.83425,1.0,34128.89848046875,3.0885971425766316e-06,205.9371535311829,1920.0,1.0,,307,,,,,,,,
3.5003836050000245,0.02423904619132126,0.046006944961845875,0.0,1.0,0.00537,3.0,0.22999999999999998,0.010671271510849087,0.045139675959944725,0.010913187922445408,1.7334701188550146e-06,6.217876062919458e-07,34399.631250000006,1.0,34297.07293359375,3.0885971425766316e-06,120.5746950069784,1920.0,1.0,,308,,,,,,,,
3.884646567000118,0.01836480175814792,0.04772949265316129,0.0,1.0,0.005322500000000001,4.0,0.22750000000000004,0.006377524070558138,0.04367096512578428,0.006609438656596467,1.8073454910449982e-06,6.870162074790187e-07,34399.03125000001,1.0,34112.7381171875,3.0885971425766316e-06,212.69849336685317,1920.0,1.0,,309,,,,,,,,
5.216134115999921,0.012377896879179673,0.04972330771852285,0.0,1.0,0.005275,4.0,0.22499999999999998,-0.000982652789389249,0.04762019356712699,-0.0007318546558963135,1.5002387812046436e-06,4.967956712675914e-07,34393.90325,1.0,34060.76085546875,3.0885971425766316e-06,170.52789440340797,1920.0,1.0,,310,,,,,,,,
3.933787670999891,0.0067839256965385175,0.0353190106106922,0.0,0.0,0.005227500000000001,4.0,0.22250000000000003,0.004502093681367114,0.05113788531161845,0.004769021717947908,1.4780619750354163e-06,4.934916439935932e-07,34399.631250000006,1.0,34102.51345703125,3.0885971425766316e-06,213.8666807538268,1920.0,1.0,,311,,,,,,,,
3.879388304000031,0.005122833613528499,0.032145182602107525,0.0,0.0,0.005180000000000001,4.0,0.21999999999999997,-0.0003749718889594078,0.052567615639418364,-0.00010310683865100145,1.629501511501985e-06,5.468466781621828e-07,34466.64725,1.0,34123.94891796875,3.0885971425766316e-06,255.47460004701463,1920.0,1.0,,312,,,,,,,,
3.8569327929999417,0.02891608249049682,0.06277126756807168,0.0,1.0,0.005132500000000002,3.0,0.21750000000000003,0.013813011619883278,0.05308889877051115,0.014085098169744015,1.7117326744179688e-06,4.4283272397175705e-07,34459.48725,1.0,34122.64244921875,3.0885971425766316e-06,193.24815325673583,1920.0,1.0,,313,,,,,,,,
4.744725646999996,0.01581677608347339,0.0704752616584301,0.0,1.0,0.005085000000000001,3.0,0.21499999999999997,0.005255854882610341,0.05590948400398096,0.005539608498414357,2.269433328668432e-06,6.377654955258549e-07,34343.939750000005,1.0,33940.968730468754,3.0885971425766316e-06,227.8951230616221,1920.0,1.0,,314,,,,,,,,
2.9206842309999956,0.03301840359193875,0.08837890625,0.0,1.0,0.005037500000000002,1.0,0.21250000000000002,0.012226195423863828,0.05437643267214298,0.01249932125210762,2.6869402631746198e-06,1.052588601169191e-06,34349.50325,1.0,33857.6033828125,3.0885971425766316e-06,395.51308411587604,1920.0,1.0,,315,,,,,,,,
3.888361315000111,0.005981633707410339,0.04435221367748454,0.0,0.0,0.00499,4.0,0.20999999999999996,0.00022559179342351854,0.051377357449382544,0.00048152386443689466,1.7073647597953823e-06,5.417203858826269e-07,34395.36725,1.0,34092.216609375006,3.0885971425766316e-06,210.96835296720457,1920.0,1.0,,316,,,,,,,,
4.905837728000051,0.009874495914679926,0.04231770895421505,0.0,0.0,0.004942500000000001,4.0,0.20750000000000002,0.009409203228642582,0.0495948102325201,0.00965385718154721,1.854808338919156e-06,5.650701062620556e-07,34465.18325,1.0,34252.75876171875,3.0885971425766316e-06,239.0498230046735,1920.0,1.0,,317,,,,,,,,
4.223233224000069,0.004954293380954766,0.028930664295330644,0.0,0.0,0.004895,4.0,0.20499999999999996,-0.002308908704435453,0.048915248131379485,-0.0020701035391539335,2.797958401856704e-06,7.105248798211505e-07,34415.707500000004,1.0,34265.881554687505,3.0885971425766316e-06,309.46923366012516,1920.0,1.0,,318,,,,,,,,
3.825025971000059,0.0064270206661323215,0.032104492594953626,0.0,0.0,0.004847500000000001,4.0,0.2025,0.0031371831573778763,0.046761080622673035,0.0033634802093729377,1.8227492830646952e-06,3.9004149421373313e-07,34465.18325,1.0,34286.60794921876,3.0885971425766316e-06,281.6931148925648,1920.0,1.0,,319,,,,,,,,
3.8810102790000656,0.003913155547479619,0.03466796886641532,0.0,0.0,0.0048000000000000004,4.0,0.19999999999999996,-0.0025707306631375104,0.04444106458686292,-0.0023579725821036845,2.007700587114414e-06,7.175840970319314e-07,34392.50325,1.0,33984.43151953125,3.0885971425766316e-06,281.86646617532404,1920.0,1.0,,320,34466.64725,34399.03125000001,34010.15625000001,70000042,34145.3471,best_of_k,34399.03125000001,213.64553324708533
4.311952897000083,0.0032234983373875536,0.025960286788176745,0.0,0.0,0.0047525000000000015,4.0,0.1975,0.0008421924139838666,0.0469156785402447,0.001064639596734196,1.767820009490606e-06,6.8466651015342e-07,34470.31125,1.0,34075.683539062506,3.0885971425766316e-06,300.0576019650627,1920.0,1.0,,321,,,,,,,,
4.1466418569998496,0.0029802320944831706,0.026814778801053762,0.0,0.0,0.004704999999999999,4.0,0.19499999999999995,-0.001961590959581372,0.04766704048961401,-0.0017380014760419726,2.157542709824156e-06,9.367174982344295e-07,34459.48725,1.0,34002.530078125,3.0885971425766316e-06,400.83147168189055,1920.0,1.0,,322,,,,,,,,
3.9653088410000237,0.00409611074413796,0.02982584643177688,0.0,0.0,0.0046575,4.0,0.1925,0.0036771387240150943,0.04513226356357336,0.0038866504910402,2.131937783644844e-06,9.589650318275744e-07,34470.31125,1.0,34108.514734375,3.0885971425766316e-06,385.6367178026812,1920.0,1.0,,323,,,,,,,,
4.9836005710001245,0.006572683566538728,0.028523763234261423,0.0,0.0,0.0046099999999999995,4.0,0.18999999999999995,0.0072587927570566535,0.044419486075639725,0.007463153509888798,1.6703208203239228e-06,4.928307966167722e-07,34417.588,1.0,34203.80747265625,3.0885971425766316e-06,214.6543723982532,1920.0,1.0,,324,,,,,,,,
3.8130706029999146,0.004213345799646717,0.024658203241415322,0.0,0.0,0.004562500000000001,4.0,0.1875,-0.0015161498013185337,0.04524718318134546,-0.001310147184995003,1.7395571845213453e-06,5.268168976613197e-07,34433.3775,1.0,34174.426925781256,3.0885971425766316e-06,239.91455318116618,1920.0,1.0,,325,,,,,,,,
3.8322387929999877,0.0023229375825142284,0.017130534048192203,0.0,0.0,0.004515000000000002,4.0,0.18500000000000005,-0.002215461398009211,0.04378439486026764,-0.002018287661485374,1.6658864083751723e-06,6.946821926590019e-07,34399.03125000001,1.0,34216.226718750004,3.0885971425766316e-06,272.032481242574,1920.0,1.0,,326,,,,,,,,
5.81875021299993,0.0023384203838325845,0.022501627827296034,0.0,0.0,0.004467500000000001,4.0,0.1825,-0.0022327217739075422,0.04644469334743917,-0.002025886147748679,2.003713717613209e-06,9.120703019505072e-07,34484.84725,1.0,34126.429265625,3.0885971425766316e-06,451.1377436047895,1920.0,1.0,,327,,,,,,,,
3.8192079929999636,0.00537191981938534,0.025146484607830644,0.0,0.0,0.004420000000000002,4.0,0.18000000000000005,0.0034309695765841752,0.04318652558140457,0.003621492607635446,1.5028955573370695e-06,4.2109003217660756e-07,34470.31125,1.0,34279.03840234375,3.0885971425766316e-06,165.21443858013336,1920.0,1.0,,328,,,,,,,,
3.8340132169998924,0.002701872642262515,0.018839518394088373,0.0,0.0,0.004372500000000001,4.0,0.1775,-1.8349011952523142e-05,0.04459490370936692,0.00017615432443562895,1.7518131016913685e-06,6.245663257686829e-07,34465.18325,1.0,34203.20864453125,3.0885971425766316e-06,285.14097486028794,1920.0,1.0,,329,,,,,,,,
4.7984351190000325,0.0023656014491226784,0.01224772140267305,0.0,0.0,0.0043250000000000025,4.0,0.17500000000000004,-5.281553603708744e-05,0.04122495953924954,0.00012508573126979172,1.4530249714539423e-06,5.028612459767601e-07,34437.905,1.0,34263.936906250005,3.0885971425766316e-06,181.5393333911648,1920.0,1.0,,330,,,,,,,,
4.196963731000096,0.013741313470946537,0.024943033946328796,0.0,1.0,0.0042775,4.0,0.1725,0.005830517446156591,0.04124617180787027,0.00600657076574862,1.3955796305253898e-06,4.740822401316791e-07,34514.271250000005,1.0,34341.697066406254,3.0885971425766316e-06,104.934362582633,1920.0,1.0,,331,,,,,,,,
3.1925279359998058,0.013866726339941238,0.04020182369276881,0.0,1.0,0.004230000000000001,2.0,0.17000000000000004,0.00867168908007443,0.04477195208892226,0.008859964553266764,2.7199844510050752e-06,1.6768099158070982e-06,34366.32725,1.0,33837.891496093755,3.0885971425766316e-06,320.80600378271356,1920.0,1.0,,332,,,,,,,,
3.8270476840000356,0.006930738822328308,0.047281901352107525,0.0,0.0,0.004182500000000002,4.0,0.16749999999999998,-0.003669656773126917,0.046102180844172835,-0.003477894759271294,2.614446614757071e-06,1.597668131125829e-06,34370.591250000005,1.0,34029.93587890625,3.0885971425766316e-06,265.8294822495925,1920.0,1.0,,333,,,,,,,,
5.680208576999803,0.008311438400454563,0.05623372457921505,0.0,0.0,0.004135,4.0,0.16500000000000004,-0.0048560495815763716,0.05021858704276383,-0.004648957634344697,2.3131094906148064e-06,6.619863093249023e-07,34364.497,1.0,33886.858121093755,3.0885971425766316e-06,260.22989077398904,1920.0,1.0,,334,,,,,,,,
3.782149505999996,0.009633536008955446,0.054565429920330644,0.0,0.0,0.004087500000000001,4.0,0.16249999999999998,0.008344520960235968,0.0533172485884279,0.00856181354902219,2.5831194250258704e-06,7.664552903463573e-07,34400.4895,1.0,34020.871039062506,3.0885971425766316e-06,277.01261414690555,1920.0,1.0,,335,,,,,,,,
3.9462453589999313,0.0032963106656644925,0.024536133161745965,0.0,0.0,0.004040000000000002,4.0,0.16000000000000003,-0.0010104807879542932,0.052450107876211405,-0.0007990702870301902,1.89562671693011e-06,5.966591540840227e-07,34399.0175,1.0,34083.987121093756,3.0885971425766316e-06,251.15544025657223,1920.0,1.0,,336,,,,,,,,
5.307550228999844,0.0026973971198440694,0.02233886758040171,0.0,0.0,0.0039924999999999995,4.0,0.15749999999999997,0.0008469974272884429,0.05128092411905527,0.0010512598091736436,1.8749200094703156e-06,5.786321501943803e-07,34447.19225,1.0,34066.1924296875,3.0885971425766316e-06,257.18486943852747,1920.0,1.0,,337,,,,,,,,
3.927124921000086,0.0019105125934153477,0.015625000174622983,0.0,0.0,0.003945000000000001,4.0,0.15500000000000003,-0.00090774055570364,0.049202307127416134,-0.0007140626548789442,1.5488473437130779e-06,5.40529605075335e-07,34495.85525,1.0,34190.188136718745,3.0885971425766316e-06,233.60072202135552,1920.0,1.0,,338,,,,,,,,
3.8071611720001783,0.00646910515271415,0.03198242234066129,0.0,0.0,0.0038975000000000017,4.0,0.15249999999999997,0.004525924494373612,0.051914290292188525,0.00472786498721689,1.5771637933426064e-06,4.760259102454256e-07,34513.47125,1.0,34238.86853515626,3.0885971425766316e-06,189.6453557048518,1920.0,1.0,,339,,,,,,,,
4.048664857000176,0.0009590628752658148,0.009440104331588373,0.0,0.0,0.0038500000000000027,4.0,0.15000000000000002,-0.0009725119452923536,0.046408084919676185,-0.000794233608758077,1.482240470807028e-06,4.896911267593396e-07,34465.18325,1.0,34239.141878906245,3.0885971425766316e-06,227.8136618674888,1920.0,1.0,,340,34514.271250000005,34446.628,34010.15625000001,70000042,34277.68449166667,best_of_k,34446.628,128.56742832907554
3.8755728159999308,0.006512530311310272,0.029500325734261423,0.0,0.0,0.0038025000000000003,4.0,0.14749999999999996,0.0004789777667610906,0.046707635279744864,0.0006559028988704085,2.309496338170902e-06,8.989081798915777e-07,34406.37075,1.0,34142.45777734375,3.0885971425766316e-06,381.17127341003567,1920.0,1.0,,341,,,,,,,,
3.7732428150000032,0.0006758534221678048,0.006551106809638441,0.0,0.0,0.0037550000000000014,4.0,0.14500000000000002,-0.00019422092009335756,0.041466264287009835,-3.883405588567257e-05,1.2950410521739286e-06,3.775056462984594e-07,34460.28725,1.0,34317.43412890626,3.0885971425766316e-06,118.91600170649637,1920.0,1.0,,342,,,,,,,,
4.533378409999841,0.002170364222893184,0.019775390741415322,0.0,0.0,0.003707499999999999,4.0,0.14249999999999996,0.00048516762763028964,0.0435609114356339,0.0006463151075877249,1.3812679711122655e-06,4.3299340468649916e-07,34446.628,1.0,34232.93183203125,3.0885971425766316e-06,169.95165180792,1920.0,1.0,,343,,,,,,,,
4.706111565000128,0.0033445856488434345,0.021036784048192203,0.0,0.0,0.00366,4.0,0.14,-0.001992402132600546,0.04625216918066144,-0.0018234318704344332,1.2933359840872072e-06,3.667815011709763e-07,34447.055250000005,1.0,34317.8537109375,3.0885971425766316e-06,122.96876084767406,1920.0,1.0,,344,,,,,,,,
3.752341248999983,0.006439301553724519,0.0296223959303461,0.0,0.0,0.003612500000000001,4.0,0.13749999999999996,0.0007069451003189897,0.04871974955312908,0.0008825545664876699,1.7912631022909409e-06,4.228899950220466e-07,34441.56,1.0,34237.1218828125,3.0885971425766316e-06,181.34941524091798,1920.0,1.0,,345,,,,,,,,
3.8305157100000997,0.0019708290334872203,0.01835123699856922,0.0,0.0,0.003565000000000002,4.0,0.135,0.00017911085160449147,0.049742879113182425,0.00035588974424172193,1.8506110563976108e-06,7.390005549723355e-07,34500.612,1.0,34208.6549375,3.0885971425766316e-06,335.87954318067705,1920.0,1.0,,346,,,,,,,,
5.700026008000123,0.007603321618473657,0.029093424614984542,0.0,0.0,0.0035175,4.0,0.13249999999999995,0.003877342289342778,0.042805920355021954,0.0040274704224430025,1.6151684008036682e-06,5.606856614548406e-07,34417.588,1.0,34232.8079921875,3.0885971425766316e-06,256.8043566970853,1920.0,1.0,,347,,,,,,,,
3.9158372560000316,0.004750579938297861,0.02372233096684795,0.0,0.0,0.003470000000000001,4.0,0.13,0.0014543142169713974,0.04262680257670581,0.0016019255272112787,1.2812237599746368e-06,3.5105470885810064e-07,34423.15575,1.0,34334.655609375004,3.0885971425766316e-06,101.87560742751165,1920.0,1.0,,348,,,,,,,,
3.8012477800000397,0.003361574049856486,0.027628580894088373,0.0,0.0,0.0034224999999999985,4.0,0.12749999999999995,0.0004663251165766269,0.048048765398561954,0.0006303809932433069,1.7778116969680013e-06,4.280811580770205e-07,34475.161,1.0,34298.79248046875,3.0885971425766316e-06,146.97203161766237,1920.0,1.0,,349,,,,,,,,
5.014291484999831,0.01237083029640118,0.03666178420826327,0.0,1.0,0.0033749999999999995,4.0,0.125,0.019568894913390977,0.04954968602396548,0.019735693465918303,1.9687282559743835e-06,4.67843701557058e-07,34483.44725,1.0,34311.39444140626,3.0885971425766316e-06,122.59462467584683,1920.0,1.0,,350,,,,,,,,
4.068013906000033,0.01174672053552861,0.05904134130105376,0.0,1.0,0.0033275000000000006,4.0,0.12250000000000005,0.002229532583442051,0.048499431693926454,0.002390387700870633,2.2607493974646786e-06,6.026056649233169e-07,34500.612,1.0,34066.6979921875,3.0885971425766316e-06,217.45347793303685,1920.0,1.0,,351,,,,,,,,
3.7656260840001323,0.0033516802394260026,0.026367187732830644,0.0,0.0,0.0032800000000000017,4.0,0.12,0.004162211436778307,0.05111865280196071,0.004329344752477482,2.3119798342463582e-06,6.097379561254002e-07,34393.90325,1.0,34126.25843359375,3.0885971425766316e-06,268.4950579088403,1920.0,1.0,,352,,,,,,,,
3.828962881000052,0.00267791558291286,0.0316162109375,0.0,0.0,0.0032325000000000027,4.0,0.11750000000000005,0.0009154423823929392,0.048915756633505225,0.0010730374633567408,1.9607580981073625e-06,6.585855203411484e-07,34446.628,1.0,34070.23903125,3.0885971425766316e-06,260.71698027056016,1920.0,1.0,,353,,,,,,,,
5.284236961000033,0.003221567070680109,0.034993489971384406,0.0,0.0,0.0031850000000000003,4.0,0.11499999999999999,0.0012926532072015107,0.04649948491714895,0.0014401540101971477,1.989763788401433e-06,8.021009918479649e-07,34465.18325,1.0,34094.91675390625,3.0885971425766316e-06,329.909197656324,1920.0,1.0,,354,,,,,,,,
3.867801929000052,0.0014196615241619526,0.01595052084303461,0.0,0.0,0.0031375000000000014,4.0,0.11250000000000004,0.0010820599272847176,0.04393301112577319,0.0012195092276670039,1.4054133572471983e-06,4.985655603917394e-07,34446.628,1.0,34229.97062109376,3.0885971425766316e-06,189.48565477754914,1920.0,1.0,,355,,,,,,,,
3.745233275999908,0.002996509856419749,0.01859537768177688,0.0,0.0,0.003089999999999999,4.0,0.10999999999999999,0.00029854300373699516,0.044996274169534445,0.0004371099639683962,1.340726406340309e-06,6.740979134889358e-07,34489.97525,1.0,34174.38132421875,3.0885971425766316e-06,190.5769034704567,1920.0,1.0,,356,,,,,,,,
5.538953865999929,0.0010483428883532042,0.008463541758828796,0.0,0.0,0.0030425,4.0,0.10750000000000004,0.0013391849570325576,0.04628913872875273,0.001479628321249038,1.4983320397732314e-06,4.840035430220269e-07,34479.15125,1.0,34284.13278515625,3.0885971425766316e-06,173.5385785962502,1920.0,1.0,,357,,,,,,,,
3.779573639000091,0.009416282975799106,0.042561849346384406,0.0,0.0,0.002995000000000001,4.0,0.10499999999999998,0.0051831397286150604,0.041731050005182624,0.005307737592374906,1.7661300262261648e-06,4.2050990600728255e-07,34524.29525,1.0,34318.306355468754,3.0885971425766316e-06,124.02654158965716,1920.0,1.0,,358,,,,,,,,
3.4116777179999644,0.01034923397704309,0.036892361318071686,0.0,1.0,0.002947500000000002,3.0,0.10250000000000004,-0.0033612264475474754,0.04115461620191733,-0.0032402381766587496,1.566332106979947e-06,3.1736910462617135e-07,34500.612,1.0,34358.598984375,3.0885971425766316e-06,51.406821944611536,1920.0,1.0,,359,,,,,,,,
4.200248635999969,0.00724516540642739,0.0362955731106922,0.0,0.0,0.0029,4.0,0.09999999999999998,-0.0017130130872828886,0.040808261604979634,-0.0015950644883560017,1.5831646607011862e-06,4.749143673876688e-07,34393.90325,1.0,34065.362464843754,3.0885971425766316e-06,169.4390505689025,1920.0,1.0,,360,34524.29525,34399.03125000001,34010.15625000001,70000042,34087.92931666667,best_of_k,34399.03125000001,179.95475101080973
3.9241449710000325,0.009482680320324732,0.043050130450865254,0.0,0.0,0.002852500000000001,4.0,0.09750000000000003,0.003746736629636871,0.038557058200240135,0.0038563634734600782,1.2890601723825057e-06,4.560183022306319e-07,34463.78325,1.0,34127.271828125,3.0885971425766316e-06,191.50586446899013,1920.0,1.0,,361,,,,,,,,
3.8574650279999787,0.0046139891317960036,0.031575521221384406,0.0,0.0,0.002805000000000002,4.0,0.09499999999999997,-0.0023841928923502564,0.039234209107235074,-0.0022744597808923572,1.194100839541079e-06,3.984490533071039e-07,34393.90325,1.0,34041.8473046875,3.0885971425766316e-06,177.2606485648132,1920.0,1.0,,362,,,,,,,,
4.209427699999878,0.00452481320035325,0.03023274801671505,0.0,0.0,0.002757500000000003,4.0,0.09250000000000003,0.004641504772735061,0.03996074805036187,0.004751217318698764,1.6086975733742293e-06,6.367822109609733e-07,34399.03125000001,1.0,34014.643714843754,3.0885971425766316e-06,299.2732654723254,1920.0,1.0,,363,,,,,,,,
4.910091391000151,0.0022940175299694943,0.02083333364862483,0.0,0.0,0.0027100000000000006,4.0,0.08999999999999997,-0.0005761736838394427,0.03942612512037158,-0.00046980485785752535,1.6218566969428139e-06,6.271894115172927e-07,34434.759999999995,1.0,34179.38263671876,3.0885971425766316e-06,299.1989918826163,1920.0,1.0,,364,,,,,,,,
3.726621303999991,0.0036329253145677143,0.035888672107830644,0.0,0.0,0.0026625000000000017,4.0,0.08750000000000002,0.004226456600008532,0.040324315428733826,0.004333389108069241,1.5254911147621897e-06,5.567079668367114e-07,34457.569,1.0,34178.285675781255,3.0885971425766316e-06,271.0866631791917,1920.0,1.0,,365,,,,,,,,
3.7708673590000217,0.001052016470705297,0.01159667971660383,0.0,0.0,0.0026149999999999993,4.0,0.08499999999999996,-0.0017825654467742424,0.038699029362760484,-0.001681779744103551,1.4622496422589393e-06,5.327637335739155e-07,34437.905,1.0,34224.8082890625,3.0885971425766316e-06,244.08446755387268,1920.0,1.0,,366,,,,,,,,
5.705363381000097,0.002950215368036524,0.026000976722571068,0.0,0.0,0.0025675000000000003,4.0,0.08250000000000002,-0.0012547704682219774,0.03832712839357555,-0.0011567252804525197,1.4342036749326326e-06,4.3219969292351834e-07,34500.612,1.0,34301.5928671875,3.0885971425766316e-06,178.9134041406383,1920.0,1.0,,367,,,,,,,,
3.7650267650001297,0.0006794393871754068,0.0062255859375,0.0,0.0,0.0025200000000000014,4.0,0.07999999999999996,0.00026134192012250423,0.036801750073209405,0.00035379198379814625,1.2005205078935433e-06,3.399996622022172e-07,34488.744000000006,1.0,34336.88924609375,3.0885971425766316e-06,85.3818005153164,1920.0,1.0,,368,,,,,,,,
3.7606525020000845,0.0018498102138213568,0.018107096548192203,0.0,0.0,0.0024725000000000025,4.0,0.07750000000000001,0.00042897104867734015,0.0405917267780751,0.000528950709849596,1.3778421958932086e-06,4.91289956272567e-07,34488.744000000006,1.0,34214.92396484375,3.0885971425766316e-06,211.9194750467492,1920.0,1.0,,369,,,,,,,,
4.75190252099992,0.0006220570423458582,0.005330403699190356,0.0,0.0,0.002425,4.0,0.07499999999999996,-0.002838772241375409,0.036674220697022974,-0.0027502537705004215,1.4586153440632188e-06,5.401703244700684e-07,34500.612,1.0,34285.77130859376,3.0885971425766316e-06,239.53704591760226,1920.0,1.0,,370,,,,,,,,
4.2630102119999265,0.0006951091053188918,0.00398763021803461,0.0,0.0,0.002377500000000001,4.0,0.07250000000000001,-0.0005650474122376181,0.034197325352579355,-0.0004842009220737964,1.5084433968581834e-06,6.137920074422709e-07,34484.84725,1.0,34265.5434609375,3.0885971425766316e-06,286.39691433813215,1920.0,1.0,,371,,,,,,,,
3.8053141929999583,0.0006281044076761333,0.00419108074856922,0.0,0.0,0.0023299999999999987,4.0,0.06999999999999995,0.0024213504875660874,0.03547921485733241,0.002503732408513315,1.0942882795461628e-06,3.508230292936787e-07,34483.44725,1.0,34325.69515625,3.0885971425766316e-06,117.91228729767857,1920.0,1.0,,372,,,,,,,,
3.783308993999981,0.001686245476225423,0.010660807412932627,0.0,0.0,0.0022825,4.0,0.0675,0.0020378901390358806,0.033887661062180996,0.00211494107497856,1.2241761950804175e-06,3.4988284447479145e-07,34524.29525,1.0,34336.22969140625,3.0885971425766316e-06,116.27351547020601,1920.0,1.0,,373,,,,,,,,
5.325665557000093,0.00020854883447185557,0.0020751953270519152,0.0,0.0,0.002235000000000001,4.0,0.06499999999999995,0.0004047805559821427,0.033219785313121974,0.00047865958185866475,1.2770265840345019e-06,4.796890795688569e-07,34491.889,1.0,34316.16353125,3.0885971425766316e-06,216.28017572826244,1920.0,1.0,,374,,,,,,,,
3.7632724529998995,0.001784236390623306,0.014607747551053762,0.0,0.0,0.002187500000000002,4.0,0.0625,0.0012506309722084552,0.0340064603369683,0.0013246258604340255,1.270603505076906e-06,5.34875018942671e-07,34500.612,1.0,34316.444550781256,3.0885971425766316e-06,227.68829659764998,1920.0,1.0,,375,,,,,,,,
3.7997844129999976,0.000698568233715946,0.009155273481155746,0.0,0.0,0.002140000000000003,4.0,0.06000000000000005,-0.003631169280197355,0.03705026570241898,-0.003552223468432203,1.2498796237991883e-06,4.3376356195778953e-07,34463.78325,1.0,34229.11715234375,3.0885971425766316e-06,194.95403100654443,1920.0,1.0,,376,,,,,,,,
5.266466456999979,0.0005323855284604662,0.005696614622138441,0.0,0.0,0.0020925000000000006,4.0,0.057499999999999996,0.0008140718855429441,0.03489010420162231,0.0008867706637829542,1.1458406419251332e-06,3.8891555398379296e-07,34500.612,1.0,34270.494078125004,3.0885971425766316e-06,169.4009414435602,1920.0,1.0,,377,,,,,,,,
3.8438328400000046,0.0006654342905374477,0.006062825661501847,0.0,0.0,0.0020450000000000017,4.0,0.05500000000000005,-0.0008532411884516478,0.03607353870756924,-0.0007798090809956193,1.2303729377549644e-06,4.296814015702921e-07,34500.612,1.0,34258.89750781251,3.0885971425766316e-06,198.82766200460782,1920.0,1.0,,378,,,,,,,,
3.781217430999959,0.0010254316514188844,0.00895182296517305,0.0,0.0,0.0019974999999999993,4.0,0.05249999999999999,-0.002888965649617603,0.034783520037308335,-0.0028198102372698486,1.2496534367301138e-06,4.006050851046439e-07,34489.97525,1.0,34266.76443359375,3.0885971425766316e-06,191.98856568504524,1920.0,1.0,,379,,,,,,,,
3.839713189999884,0.000825069609287965,0.0054931640916038305,0.0,0.0,0.0019500000000000003,4.0,0.050000000000000044,-0.0007270993082784116,0.03457773011177778,-0.0006599892512895167,1.237738928239196e-06,3.8569107374542e-07,34484.84725,1.0,34304.957636718755,3.0885971425766316e-06,163.98852985792297,1920.0,1.0,,380,34524.29525,34500.612,34375.348000000005,70000042,34330.2865,best_of_k,34500.612,104.43428939856605
4.0440169720000085,0.0008973709581177047,0.007731119840173051,0.0,0.0,0.0019025000000000014,4.0,0.04749999999999999,0.0010406668297946453,0.034448711201548576,0.0011059052194468677,1.1921257012659225e-06,3.629230942436834e-07,34519.16725,1.0,34303.6127421875,3.0885971425766316e-06,154.50328120031614,1920.0,1.0,,381,,,,,,,,
3.771921259999999,0.0006088832091304397,0.004597981824190356,0.0,0.0,0.0018550000000000025,4.0,0.04500000000000004,0.0012957134385942481,0.03501587733626366,0.001360375143121928,1.1535489079506078e-06,3.55544315766565e-07,34399.03125000001,1.0,34303.43134765625,3.0885971425766316e-06,142.2509937642111,1920.0,1.0,,382,,,,,,,,
4.285502207999798,0.0005987107317562135,0.0076904297166038305,0.0,0.0,0.0018075,4.0,0.04249999999999998,-0.00034525361843407154,0.030687634949572384,-0.0002900929539464414,1.1682809457624899e-06,3.8078358777227095e-07,34517.767250000004,1.0,34329.62376953126,3.0885971425766316e-06,155.2951176216421,1920.0,1.0,,383,,,,,,,,
4.9670885230000295,0.0003648453052615963,0.003662109375,0.0,0.0,0.0017600000000000011,4.0,0.040000000000000036,-0.00034074165887432173,0.033381550339981914,-0.00028229167219251394,1.2115601677464838e-06,3.614547186003847e-07,34470.31125,1.0,34325.714125,3.0885971425766316e-06,132.02931223118733,1920.0,1.0,,384,,,,,,,,
3.805068531000188,0.001203424926261576,0.009724934978294186,0.0,0.0,0.0017124999999999987,4.0,0.03749999999999998,-0.003141417557344539,0.03140380640979856,-0.0030879161204211414,1.1260764622988972e-06,3.3010989142212566e-07,34500.612,1.0,34355.28730078126,3.0885971425766316e-06,92.04030323580331,1920.0,1.0,,385,,,,,,,,
3.4972172190000492,0.008464421494385496,0.03021918407951792,0.0,1.0,0.0016649999999999998,3.0,0.03500000000000003,0.00037625018740072846,0.0336998567606012,0.0004320190249321361,1.2676326169488068e-06,4.295562566388374e-07,34524.29525,1.0,34352.4629765625,3.0885971425766316e-06,156.80049998745628,1920.0,1.0,,386,,,,,,,,
5.589533375999963,0.0042413847818405515,0.0328776043606922,0.0,0.0,0.0016175000000000009,4.0,0.03249999999999997,-0.0009776928418432362,0.03573713917285204,-0.0009202768123941496,1.3973480861295684e-06,4.983844856809583e-07,34399.03125000001,1.0,34069.7309921875,3.0885971425766316e-06,200.25142143915065,1920.0,1.0,,387,,,,,,,,
3.8066615790000924,0.001996751005036046,0.0201416015625,0.0,0.0,0.001570000000000002,4.0,0.030000000000000027,-0.000657302452964359,0.03558142390102148,-0.0006019791471771896,1.7847022775185906e-06,7.200852110145206e-07,34519.16725,1.0,34100.164980468755,3.0885971425766316e-06,336.51262650350304,1920.0,1.0,,388,,,,,,,,
3.7690634059999866,0.002289502071270988,0.023640950908884406,0.0,0.0,0.0015224999999999995,4.0,0.02749999999999997,0.004537069529760629,0.03620389336720109,0.004591825301758945,1.3711332229604523e-06,4.551339838343438e-07,34524.29525,1.0,34194.538453125,3.0885971425766316e-06,222.44961867327638,1920.0,1.0,,389,,,,,,,,
4.374019779000037,0.000590857485981644,0.010253906337311491,0.0,0.0,0.0014750000000000006,4.0,0.025000000000000022,-0.0036602797845262103,0.03657088289037347,-0.003606684214901179,1.2451081019548838e-06,4.4339227578404916e-07,34500.612,1.0,34215.265605468754,3.0885971425766316e-06,222.23435748783928,1920.0,1.0,,390,,,,,,,,
4.5967102049999085,0.0006012114207436525,0.008951823037932627,0.0,0.0,0.0014275000000000017,4.0,0.022499999999999964,-0.0051377453419263475,0.0372236369876191,-0.005084977601654828,1.4500311493748086e-06,4.472840569036407e-07,34500.612,1.0,34221.3321171875,3.0885971425766316e-06,226.82007944010846,1920.0,1.0,,391,,,,,,,,
3.831804750999936,0.0006362953474532418,0.008626302224001847,0.0,0.0,0.0013800000000000028,4.0,0.020000000000000018,-0.0015476466214749962,0.03480588295497,-0.0014999505947344005,1.2814415626394293e-06,4.1790168481270484e-07,34470.31125,1.0,34219.94399609375,3.0885971425766316e-06,330.9543499415996,1920.0,1.0,,392,,,,,,,,
3.8277029479997964,0.0005999868313324441,0.00728352865553461,0.0,0.0,0.0013325000000000004,4.0,0.01749999999999996,-0.0022695540683344007,0.03606628114357591,-0.0022218244266696274,1.2245222578144421e-06,4.1392758909353233e-07,34524.29525,1.0,34264.19056250001,3.0885971425766316e-06,193.38100672545457,1920.0,1.0,,393,,,,,,,,
5.575397042000077,0.0005339173914880035,0.006632487027673051,0.0,0.0,0.0012850000000000014,4.0,0.015000000000000013,-0.002485182718373835,0.037386749987490475,-0.0024375286302529275,1.3818471060744741e-06,4.981675960635812e-07,34524.89525,1.0,34240.276234375,3.0885971425766316e-06,247.22126713019364,1920.0,1.0,,394,,,,,,,,
3.7895830190000197,0.0006477689662318653,0.00809733077767305,0.0,0.0,0.001237499999999999,4.0,0.012499999999999956,0.0013485772360581905,0.03556943766307086,0.0013922156067565084,1.3554306121932314e-06,4.862552795970032e-07,34500.612,1.0,34259.56069140625,3.0885971425766316e-06,231.67871914276571,1920.0,1.0,,395,,,,,,,,
3.7485503200000494,0.0002786342846530232,0.0019531250145519152,0.0,0.0,0.00119,4.0,0.010000000000000009,0.002258811793581117,0.03446084482129663,0.002299524552654475,1.1157048049881269e-06,3.691236134528708e-07,34500.612,1.0,34323.101902343755,3.0885971425766316e-06,154.87399476636415,1920.0,1.0,,396,,,,,,,,
5.104643851999981,0.0004280778403984442,0.0046386719041038305,0.0,0.0,0.0011425000000000012,4.0,0.007499999999999951,-0.0002332294825464487,0.03249843814410269,-0.00019639093079604208,1.128154551111038e-06,3.561358585812968e-07,34481.361000000004,1.0,34329.0970390625,3.0885971425766316e-06,143.3404246471858,1920.0,1.0,,397,,,,,,,,
3.8832086320001054,0.000310511721643536,0.002848307296517305,0.0,0.0,0.0010950000000000022,4.0,0.0050000000000000044,-0.00015243780217133462,0.032711106119677424,-0.0001169242023024708,1.2212416962142925e-06,3.661987921788068e-07,34513.47125,1.0,34358.01590625,3.0885971425766316e-06,134.89870061892674,1920.0,1.0,,398,,,,,,,,
3.9312576419999914,0.0006067597067644925,0.005208333415794186,0.0,0.0,0.0010474999999999998,4.0,0.0024999999999999467,-0.0014970034462749027,0.03288324235472828,-0.0014628354692831635,1.0405791961431987e-06,3.4689958816613853e-07,34446.628,1.0,34330.93348046875,3.0885971425766316e-06,128.7327936388671,1920.0,1.0,,399,,,,,,,,
3.883570832000032,0.0014847542535143532,0.010823567732586525,0.0,0.0,0.0010000000000000009,4.0,0.0,0.004204754717648029,0.03473531233612448,0.004239207570208237,1.1126071299827345e-06,3.428299972796367e-07,34466.292,1.0,34332.55448046875,3.0885971425766316e-06,128.30452888861979,1920.0,1.0,,400,34524.89525,34524.29525,34375.348000000005,70000042,34332.86415000001,best_of_k,34524.29525,186.35554399824534
