elapsed_seconds,optimization_approximate_kl,optimization_clip_fraction,optimization_count_loss,optimization_early_kl_stop,optimization_entropy_coefficient,optimization_epochs_completed,optimization_learning_rate_fraction,optimization_loss,optimization_normalized_entropy,optimization_policy_loss,optimization_q_loss,optimization_value_loss,rollout_best_objective,rollout_feasible_rate,rollout_mean_objective,rollout_reward_scale,rollout_std_objective,rollout_transitions,rollout_vectorized_rollouts,self_imitation_loss,update,validation_archive_best_objective,validation_best_of_k_objective,validation_deterministic_objective,validation_fixed_validation_seed,validation_mean_stochastic_objective,validation_selection_metric,validation_selection_objective,validation_std_stochastic_objective
3.9910429639999165,0.013513893420167733,0.12160644680261612,1.3438456505537033,0.0,0.0199525,4.0,0.9975,0.05647310439962894,0.7081284932792187,-0.005332976194040384,0.04156883028554148,0.009171696699922904,14577.390000000001,1.0,7883.47219140625,3.0885971425766316e-06,2702.0165888065985,1856.0,1.0,,1,14577.390000000001,12910.05325,0.0,70000042,9021.90155,best_of_k,12910.05325,1973.1959487529177
3.762469635000116,0.016391781110238906,0.17399088541666666,0.8583915481964747,1.0,0.019905,3.0,0.995,0.012660919222980738,0.7330405513445536,-0.01625835328983764,0.0013966160161847558,0.0009024093199817192,14900.163499999999,1.0,9581.8141875,3.0885971425766316e-06,2370.969697955039,1856.0,1.0,,2,,,,,,,,
5.033150672999909,0.013628774283764264,0.18694661557674408,0.8544254998366038,1.0,0.0198575,3.0,0.9925,0.01143752341158688,0.7435550143321356,-0.016719203248309594,0.0008684647558159971,0.00022749710524294642,17353.54625,1.0,11195.65805859375,3.0885971425766316e-06,2697.4279094592766,1856.0,1.0,,3,,,,,,,,
3.8220010389995878,0.011160170302900951,0.1744628909509629,0.8562876582145691,0.0,0.01981,4.0,0.99,0.013672736822627485,0.7126526981592178,-0.015114876555344381,0.0005532963259611279,7.109926900739083e-05,22894.065,1.0,14915.980996093751,3.0885971425766316e-06,3219.610260246185,1856.0,1.0,,4,,,,,,,,
3.5215112290002253,0.016689030298342306,0.2733072911699613,0.8521585216124853,1.0,0.0197625,3.0,0.9875,0.01025874811845521,0.7162810017665228,-0.01823211065493524,0.00010379294447678451,5.6110690972370016e-05,24351.825249999998,1.0,17071.96930078125,3.0885971425766316e-06,3190.6384778409742,1856.0,1.0,,5,,,,,,,,
4.594393350000246,0.013091008452344491,0.19003906597693762,0.8659327775239944,1.0,0.019715,3.0,0.985,0.016840670024976134,0.6723933120568594,-0.013225677066657227,8.82420511819267e-05,3.423326127934464e-05,24078.23875,1.0,18835.021812500003,3.0885971425766316e-06,2641.4545825236996,1856.0,1.0,,6,,,,,,,,
3.733352811000259,0.011529451992828399,0.2027669275800387,0.8532925645510355,1.0,0.0196675,3.0,0.9825,0.019201126725723345,0.6251805275678635,-0.011194399693825593,8.404545102772924e-05,3.646183995442698e-05,26772.343,1.0,21579.7864375,3.0885971425766316e-06,2644.9073692234074,1856.0,1.0,,7,,,,,,,,
3.338394041000356,0.009955897456772314,0.15696614608168602,0.8464759935935339,1.0,0.019620000000000002,3.0,0.98,0.0245970346344014,0.5913606832424799,-0.006149364499530445,8.267837256425992e-05,3.3653237551334314e-05,28863.589,1.0,22901.86208203125,3.0885971425766316e-06,2648.059483415004,1856.0,1.0,,8,,,,,,,,
3.369872485000087,0.011318411338531101,0.1900716150800387,0.8210103462139765,1.0,0.0195725,3.0,0.9775,0.012253083754330873,0.5236106316248575,-0.018567458881686132,7.775156154821161e-05,2.1239476154732984e-05,30299.850749999998,1.0,25006.731816406253,3.0885971425766316e-06,2429.3065132156366,1856.0,1.0,,9,,,,,,,,
5.380784394999864,0.012164626791976238,0.18186848858992258,0.796540896097819,1.0,0.019525,3.0,0.975,0.021218854002654552,0.48253603279590607,-0.00920385013644894,6.625790410907939e-05,2.1098733668623026e-05,30314.530500000004,1.0,25534.165078125,3.0885971425766316e-06,2233.7413812537584,1856.0,1.0,1.968851089477539,10,,,,,,,,
3.3892265740000767,0.009704355732537806,0.13948567832509676,0.7677472035090128,1.0,0.019477500000000002,3.0,0.9725,0.027385003864765167,0.44346919904152554,-0.0023772832937538624,5.132651525248851e-05,1.4930527337734626e-05,30179.713249999997,1.0,26941.173574218752,3.0885971425766316e-06,1566.6532576268708,1856.0,1.0,,11,,,,,,,,
3.5981717989998288,0.007834723670384847,0.1121826171875,0.7223670743405819,0.0,0.01943,4.0,0.97,0.02203385846223682,0.41936035454273224,-0.005949999438598752,5.2962999916417175e-05,1.67586345583004e-05,30656.71225,1.0,27636.3425234375,3.0885971425766316e-06,1616.4653514240294,1856.0,1.0,,12,,,,,,,,
3.7254262219998964,0.008024154263694072,0.10554199246689677,0.6897622905671597,0.0,0.0193825,4.0,0.9675,0.01956333249108866,0.3904871288686991,-0.007365988858509809,3.774293384140037e-05,1.2097899457330641e-05,30736.46025,1.0,27942.265156250003,3.0885971425766316e-06,1487.3207158540765,1856.0,1.0,,13,,,,,,,,
5.055538787999922,0.006965394584767637,0.0989257819019258,0.6513600051403046,0.0,0.019335,4.0,0.965,0.01891564278048463,0.36510210298001766,-0.006602449779165909,3.282258364833979e-05,1.211795353128764e-05,32350.41775,1.0,28144.366320312503,3.0885971425766316e-06,1606.2964205895657,1856.0,1.0,,14,,,,,,,,
3.625486768999963,0.005002887548471335,0.06735839892644435,0.6223250404000282,0.0,0.0192875,4.0,0.9625,0.011052023823140189,0.3410739619284868,-0.013491695164702833,2.2649530137641705e-05,7.330190300081085e-06,32056.471999999998,1.0,28737.9170546875,3.0885971425766316e-06,1167.6038871206474,1856.0,1.0,,15,,,,,,,,
3.5897310089999337,0.003533175111442688,0.03356933608301915,0.5875365883111954,0.0,0.01924,4.0,0.96,0.01765339419944212,0.3227619044482708,-0.0055199199268827215,2.3118467652238905e-05,8.222410087910248e-06,31389.36175,1.0,29022.083375000002,3.0885971425766316e-06,1179.6648596398848,1856.0,1.0,,16,,,,,,,,
4.908925523000107,0.004356753917363676,0.04916992213111371,0.5455993711948395,0.0,0.0191925,4.0,0.9575,0.01870067830896005,0.31528970785439014,-0.002536041080020368,2.2772405600335333e-05,1.134250692302885e-05,31764.464500000002,1.0,29451.645578125004,3.0885971425766316e-06,1292.6710428851534,1856.0,1.0,,17,,,,,,,,
3.8695604059998914,0.007319528943298792,0.08981933584436774,0.5133137218654156,0.0,0.019145,4.0,0.955,0.014164584688842297,0.2990025170147419,-0.005782053631264716,2.1371742377596092e-05,6.435286564965281e-06,31625.010250000003,1.0,29502.48033203125,3.0885971425766316e-06,1160.7878399025926,1856.0,1.0,,18,,,,,,,,
3.677640465999957,0.009113469949625141,0.12211914104409516,0.47609821893274784,0.0,0.0190975,4.0,0.9525,0.019481687020743266,0.28120366111397743,0.001040077673678752,3.329149700448397e-05,7.312376112622587e-06,32127.707750000005,1.0,29661.41721875,3.0885971425766316e-06,1129.7939253654417,1856.0,1.0,,19,,,,,,,,
4.185291001000223,0.003375482392129925,0.04353027360048145,0.44374964386224747,0.0,0.01905,4.0,0.95,0.01665789118851535,0.26320957764983177,-0.0005227914080023766,4.8729817535786424e-05,4.93708526505543e-06,32573.207000000006,1.0,29957.3430703125,3.0885971425766316e-06,918.6898726692002,1856.0,1.0,1.4085592031478882,20,32573.207000000006,33385.91325,31108.948000000004,70000042,31333.62519166667,best_of_k,33385.91325,667.5927759339129
3.917857081999955,0.004446514507435495,0.054443359607830644,0.40460306219756603,0.0,0.019002500000000002,4.0,0.9475,0.013491228077327833,0.2605936983600259,-0.0017915555508807302,2.37030720313669e-05,4.384550322811265e-06,32231.782750000002,1.0,30162.259558593752,3.0885971425766316e-06,884.8849417958925,1856.0,1.0,,21,,,,,,,,
3.687536500999613,0.004626484371328843,0.06337890634313226,0.37941904552280903,0.0,0.018955,4.0,0.945,0.011644414975307882,0.24786561075598001,-0.002636532997712493,6.249325480212065e-05,4.077741991181938e-06,31870.648750000004,1.0,30395.222253906253,3.0885971425766316e-06,683.7180047803778,1856.0,1.0,,22,,,,,,,,
4.042203849000089,0.00558200824616506,0.054150390496943146,0.35696372389793396,0.0,0.0189075,4.0,0.9425,0.010451256181113422,0.2555320393294096,-0.002575069389422424,6.400702494602228e-05,6.420238321425131e-06,32848.848,1.0,30616.556238281253,3.0885971425766316e-06,976.7886859585253,1856.0,1.0,,23,,,,,,,,
5.025726426999881,0.006105460962203324,0.07890625076834112,0.3461580965667963,0.0,0.018860000000000002,4.0,0.94,0.006840382033260539,0.2451417427510023,-0.0058799188991542906,0.00031516531367969947,8.504922618612909e-06,32636.641500000005,1.0,30653.806625000005,3.0885971425766316e-06,836.5888141018545,1856.0,1.0,,24,,,,,,,,
3.692539535999913,0.005294100413038905,0.06413574260659516,0.3413106556981802,0.0,0.0188125,4.0,0.9375,0.009022621205076575,0.26086822897195816,-0.0031616163323633373,0.0002212981805769232,8.316698171029202e-06,33222.501,1.0,30728.135640625005,3.0885971425766316e-06,871.4197151321744,1856.0,1.0,,25,,,,,,,,
3.6084275079997497,0.01148000042962849,0.1470947281923145,0.3252310026437044,0.0,0.018765,4.0,0.935,0.015335630072513595,0.2557181706652045,0.003819496836513281,0.00045819933768598275,1.4628321878262796e-05,33023.6975,1.0,30911.42480859375,3.0885971425766316e-06,932.7361955986796,1856.0,1.0,,26,,,,,,,,
4.92690258399989,0.007978805806033051,0.09865722665563226,0.32649155519902706,0.0,0.0187175,4.0,0.9325,0.012074148777173832,0.2339152479544282,0.00010466267121955752,0.00018437491593203958,9.558550488009132e-06,33304.70725000001,1.0,30949.169125000004,3.0885971425766316e-06,975.5124410558409,1856.0,1.0,,27,,,,,,,,
3.7092648070001815,0.0035383621990376923,0.03945312509313226,0.3065680582076311,0.0,0.01867,4.0,0.9299999999999999,0.013617127580801025,0.24167012888938189,0.002794690473820083,3.0474050959128363e-05,5.9350570325023e-06,33372.74800000001,1.0,31205.614226562502,3.0885971425766316e-06,952.2753042317861,1856.0,1.0,,28,,,,,,,,
3.560735714999737,0.007924757051910092,0.09899902390316129,0.29323808290064335,0.0,0.0186225,4.0,0.9275,0.008532254316378385,0.22854647412896156,-0.0018876479589380324,0.00010492756013036342,7.223858091265356e-06,33128.46175,1.0,31014.346582031252,3.0885971425766316e-06,1116.373361547492,1856.0,1.0,,29,,,,,,,,
2.9651432880000357,0.0288239636763592,0.29736328125,0.2867017462849617,1.0,0.018575,1.0,0.925,0.028679403360001743,0.25510749965906143,0.01907729171216488,2.5571844389560283e-05,6.1768016621499555e-06,33991.43025,1.0,31419.717015625,3.0885971425766316e-06,1042.7270327359504,1856.0,1.0,1.196149468421936,30,,,,,,,,
5.6130012359999455,0.006625410187609759,0.08320312551222742,0.29721507988870144,0.0,0.018527500000000002,4.0,0.9225,0.008601930778240785,0.2589490208774805,-0.001471044510253705,6.1020865246064204e-05,7.592824459834446e-06,33232.3255,1.0,31074.49228125,3.0885971425766316e-06,1009.4506708011511,1856.0,1.0,,31,,,,,,,,
3.987612655999783,0.012541176264164733,0.1725830091163516,0.27470286563038826,0.0,0.01848,4.0,0.92,0.007193996163550764,0.24761819373816252,-0.002031701384112239,0.0005738224435845041,1.8313199916519807e-05,33360.481250000004,1.0,31218.26473828125,3.0885971425766316e-06,1059.5075739294923,1856.0,1.0,,32,,,,,,,,
3.767328273000203,0.004347515474762531,0.05903320305515081,0.287142563611269,0.0,0.0184325,4.0,0.9175,0.005669203703291714,0.23934353422373533,-0.004349925089627504,0.0006491237129466754,1.757591419959681e-05,33706.87125,1.0,31638.010519531254,3.0885971425766316e-06,1058.4625265004681,1856.0,1.0,,33,,,,,,,,
4.835263385999951,0.00885137368749156,0.1263427739031613,0.27296609804034233,0.0,0.018385,4.0,0.915,0.008912641380447894,0.2333014439791441,-0.0005007842555642128,0.00046087095950042567,1.656132582184e-05,33588.28125,1.0,31425.25598046875,3.0885971425766316e-06,1066.2289775194843,1856.0,1.0,,34,,,,,,,,
4.093378121999649,0.009189625089049969,0.1433837916702032,0.27138145081698895,0.0,0.0183375,4.0,0.9125,0.004233505722368136,0.23527961410582066,-0.005120351997902617,0.000852482899745155,2.7952505632811153e-05,33861.89125,1.0,31361.827558593748,3.0885971425766316e-06,1226.8053561492177,1856.0,1.0,,35,,,,,,,,
3.743830895999963,0.010556721063551322,0.1282470702426508,0.26201217994093895,1.0,0.01829,4.0,0.91,0.010456984033226036,0.21348724327981472,0.0012024176758131944,0.0005082124845330327,1.5633657199032314e-05,33938.23375,1.0,31695.832933593752,3.0885971425766316e-06,925.6419139460555,1856.0,1.0,,36,,,,,,,,
3.7132378859996606,0.006019988106856999,0.08593750023283064,0.24568154104053974,0.0,0.018242500000000002,4.0,0.9075,0.00709315569838509,0.1988812405616045,-0.001572540873894468,6.805028669987223e-05,5.812257924731057e-06,33753.271250000005,1.0,31702.141054687505,3.0885971425766316e-06,879.8840263839418,1856.0,1.0,,37,,,,,,,,
5.22609331600006,0.009561377646718938,0.12924804678186774,0.2444242862984538,0.0,0.018195,4.0,0.905,0.011937810137169436,0.19200880359858274,0.0032010247523430735,6.772393942355848e-05,4.796655716177156e-06,33152.982500000006,1.0,31681.14598046875,3.0885971425766316e-06,830.6472181449075,1856.0,1.0,,38,,,,,,,,
3.500086736999947,0.014584618243816294,0.15302734356373549,0.23199262097477913,1.0,0.0181475,3.0,0.9025,0.014939488843083382,0.17903119325637817,0.006570350650387506,0.00014934784773383095,7.0806448775329045e-06,33682.68275,1.0,31702.502199218754,3.0885971425766316e-06,979.374081371218,1856.0,1.0,,39,,,,,,,,
4.019261052999809,0.008917001116003576,0.12116699252510443,0.23478977289050817,0.0,0.0181,4.0,0.9,0.014663077483419329,0.17386767361313105,0.006058462429791689,9.269025485991733e-05,5.722875513924919e-06,34096.1215,1.0,31770.63916015625,3.0885971425766316e-06,827.2902586027482,1856.0,1.0,1.0190975666046143,40,34096.1215,34034.380999999994,32784.57375,70000042,33090.817675000006,best_of_k,34034.380999999994,654.0684837580316
5.417895396999938,0.007785636334432411,0.10595703194849193,0.2440579617395997,0.0,0.0180525,4.0,0.8975,0.008378560276469216,0.1860124571248889,-0.000604751636274159,0.0012489977862060186,2.7008328373767654e-05,33888.17975,1.0,31906.3777265625,3.0885971425766316e-06,997.5497218863281,1856.0,1.0,,41,,,,,,,,
3.9147738050000953,0.005797516987968265,0.08249511691974476,0.24506027158349752,0.0,0.018005,4.0,0.895,0.012927914329338819,0.18077239394187927,0.003849933622404933,0.0006971663057129263,2.011416984259995e-05,33762.72825,1.0,31839.57099609375,3.0885971425766316e-06,999.5812483836024,1856.0,1.0,,42,,,,,,,,
3.469267668000157,0.013890501063144711,0.13652343838475645,0.23888469487428665,1.0,0.0179575,2.0,0.8925,0.01348622387740761,0.17402195185422897,0.004658612444472965,5.675803004123736e-05,5.401337318744481e-06,34056.19475,1.0,31803.228082031248,3.0885971425766316e-06,954.4063804020237,1856.0,1.0,,43,,,,,,,,
5.461717974000294,0.006917283781888273,0.09082031296566129,0.2377184946089983,0.0,0.017910000000000002,4.0,0.89,0.010889127035625279,0.16579426266252995,0.0019671516492962837,2.2635354639533034e-05,6.326227264707995e-06,34293.536,1.0,31497.576414062503,3.0885971425766316e-06,1175.3928991791404,1856.0,1.0,,44,,,,,,,,
3.8315056540000114,0.010285026826153398,0.12041015643626451,0.23563195578753948,0.0,0.0178625,4.0,0.8875,0.013225932183559053,0.17583313211798668,0.004581497574690729,1.264233526399039e-05,4.783490382465061e-06,33810.075,1.0,31942.841425781247,3.0885971425766316e-06,963.153043570823,1856.0,1.0,,45,,,,,,,,
3.7693079680002484,0.010786608623561733,0.14301757980138063,0.226789484731853,0.0,0.017815,4.0,0.885,0.013038734439760447,0.16840844508260489,0.004696518532000482,7.517736833051458e-06,4.370749167037502e-06,34112.61775,1.0,32048.064566406254,3.0885971425766316e-06,1025.7057841107778,1856.0,1.0,,46,,,,,,,,
4.326122797000153,0.012784812435825188,0.15573730412870646,0.2294610170647502,0.0,0.017767500000000002,4.0,0.8825000000000001,0.012359093059785664,0.16833458933979273,0.003874645277392119,5.694221016483425e-06,3.422727303359352e-06,34185.11350000001,1.0,32153.641324218752,3.0885971425766316e-06,919.7530285333831,1856.0,1.0,,47,,,,,,,,
4.753317599000184,0.005263450560448746,0.06914062541909516,0.22749983333051205,0.0,0.01772,4.0,0.88,0.003855432601994835,0.15941269788891077,-0.004696553980465978,5.056959793137139e-06,2.5635298186443833e-06,33983.070999999996,1.0,32241.8544921875,3.0885971425766316e-06,838.9283276391901,1856.0,1.0,,48,,,,,,,,
3.8690848490000462,0.005095325085449076,0.06813964853063226,0.23377382196485996,0.0,0.0176725,4.0,0.8775,0.012263366836123168,0.16022026538848877,0.0034039877937175333,6.400853536092654e-06,3.0795335135280766e-06,33569.00875,1.0,32141.647921875003,3.0885971425766316e-06,717.2650489173393,1856.0,1.0,,49,,,,,,,,
4.339459496000018,0.005350368872313993,0.07434082147665322,0.22831961698830128,0.0,0.017625000000000002,4.0,0.875,0.009789348696358502,0.1598713006824255,0.0011886751744896173,7.211960820541208e-06,3.4065617739997833e-06,33830.5955,1.0,32116.84828515625,3.0885971425766316e-06,982.4670481226617,1856.0,1.0,0.931911826133728,50,,,,,,,,
5.128276984999957,0.015129912049322533,0.15852864707509676,0.23407081266244253,1.0,0.0175775,3.0,0.8725,0.016426161009197433,0.155730323245128,0.0074576799136896925,6.898192017009326e-06,3.1984828486505044e-06,33949.60175,1.0,32138.955535156252,3.0885971425766316e-06,860.5706707246898,1856.0,1.0,,51,,,,,,,,
3.749167648999901,0.014129912823165114,0.13791504013352096,0.23602169752120972,0.0,0.01753,4.0,0.87,0.011690448212902993,0.15536357648670673,0.0026087464939337224,2.5447305688430788e-05,3.1896253602781144e-06,33903.08475,1.0,32316.7875,3.0885971425766316e-06,778.6457546161473,1856.0,1.0,,52,,,,,,,,
4.020768738999777,0.011487857067294271,0.1172363287769258,0.24688054341822863,0.0,0.0174825,4.0,0.8674999999999999,0.0032170253398362547,0.16441368777304888,-0.006256902532186359,2.172775776898561e-05,4.179822354899443e-06,34278.73375,1.0,32193.625644531254,3.0885971425766316e-06,945.6239712495602,1856.0,1.0,,53,,,,,,,,
5.477179824999894,0.009542316210257695,0.10671386821195483,0.24216117151081562,0.0,0.017435,4.0,0.865,0.009833892327151261,0.16321390122175217,0.0005689922145393211,6.512452557672077e-06,3.6471856219577603e-06,33905.51225000001,1.0,32166.44101171875,3.0885971425766316e-06,863.9100887612502,1856.0,1.0,,54,,,,,,,,
4.206703996000215,0.008228538579601263,0.10058593843132257,0.2367138657718897,0.0,0.0173875,4.0,0.8625,0.009563171508489177,0.14515049662441015,0.0002489910111762583,8.994700834819014e-06,2.7835802143272304e-06,34238.939,1.0,32294.34641015625,3.0885971425766316e-06,816.4446096124032,1856.0,1.0,,55,,,,,,,,
4.030069350999838,0.014775152313816875,0.1303710942156613,0.22777137532830238,0.0,0.01734,4.0,0.86,0.021357707388233393,0.13628271920606494,0.012329329183558002,9.821339091331538e-06,3.939679302789045e-06,34319.6065,1.0,32526.270136718747,3.0885971425766316e-06,736.2760432209536,1856.0,1.0,,56,,,,,,,,
3.6527885380000953,0.027971961358787212,0.16464843600988388,0.23406273499131203,1.0,0.017292500000000002,1.0,0.8575,0.035039915004745126,0.13174720667302608,0.02561127976514399,1.8625474694999866e-05,3.7530395502471947e-06,34546.180250000005,1.0,32470.9641328125,3.0885971425766316e-06,855.9662379052913,1856.0,1.0,,57,,,,,,,,
5.342550661000132,0.010774928841527753,0.08310546958819032,0.22127627860754728,1.0,0.017245,4.0,0.855,0.014173950243275613,0.12844861764460802,0.005311659086146392,9.791582999696402e-05,7.563518522601953e-06,33721.51775,1.0,32019.966566406252,3.0885971425766316e-06,839.6439227598216,1856.0,1.0,,58,,,,,,,,
3.167565612999624,0.030758964569656655,0.1784179713577032,0.22257601283490658,1.0,0.0171975,2.0,0.8525,0.015005126449977979,0.1401999369263649,0.006250327220186591,0.00026201944820059,2.1771371450540755e-05,33925.56025,1.0,32283.652609375,3.0885971425766316e-06,891.0569130565293,1856.0,1.0,,59,,,,,,,,
3.028377438000007,0.020059008763041675,0.15283203125,0.2452395036816597,1.0,0.017150000000000002,1.0,0.85,0.02656655851751566,0.14011479914188385,0.01665089698508382,0.00039063134045136394,3.5187657886126544e-05,34136.3295,1.0,32444.02431640625,3.0885971425766316e-06,905.5669638087928,1856.0,1.0,0.652777910232544,60,34546.180250000005,34335.47,34048.54325,70000042,33772.801175,best_of_k,34335.47,472.0837634056639
5.536665312999958,0.00817896653846617,0.07995605515316129,0.23234565183520317,0.0,0.0171025,4.0,0.8475,0.013189758639782667,0.13448961777612567,0.003865170059725642,4.0148615767066076e-05,6.797694794613562e-06,34232.11075,1.0,32510.735609375,3.0885971425766316e-06,942.8609619826684,1856.0,1.0,,61,,,,,,,,
3.690038278999964,0.01217756047465457,0.09645996079780161,0.23313975892961025,0.0,0.017055,4.0,0.845,0.015094575777766295,0.12730890838429332,0.005597382318228483,9.052472222492725e-05,4.812809692111841e-06,34196.921,1.0,32609.33898828125,3.0885971425766316e-06,726.4414987902679,1856.0,1.0,,62,,,,,,,,
3.735515367000062,0.006007329623983537,0.07023925799876451,0.23299181181937456,0.0,0.017007500000000002,4.0,0.8425,0.008078088430920616,0.11903580743819475,-0.0018719471845543012,0.002852090233858462,7.947356158410912e-05,34400.49775,1.0,32543.77206640625,3.0885971425766316e-06,898.6401792047324,1856.0,1.0,,63,,,,,,,,
4.232261648000076,0.01013456754671438,0.10026855580508709,0.22651531640440226,0.0,0.01696,4.0,0.84,0.012929705262649804,0.10661212634295225,0.001933789415488718,0.012906092513730982,0.00037536339300459076,34538.16275,1.0,32623.62278125,3.0885971425766316e-06,765.3672794279646,1856.0,1.0,,64,,,,,,,,
4.515956313000061,0.006569735653414455,0.06689453171566129,0.22851815074682236,0.0,0.0169125,4.0,0.8375,0.008967960369773209,0.10269504459574819,-0.0008393095340579748,0.0010265768787576235,3.106811074360394e-05,34438.12350000001,1.0,32746.539851562502,3.0885971425766316e-06,787.0063927025184,1856.0,1.0,,65,,,,,,,,
3.7331037920002927,0.006895446248492476,0.06484375044237822,0.22885757219046354,0.0,0.016865,4.0,0.835,0.013719207898247987,0.0916132740676403,0.003782334490097128,0.0003263304793961197,1.2839641897244292e-05,34163.665,1.0,32737.95158984375,3.0885971425766316e-06,741.0283674678778,1856.0,1.0,,66,,,,,,,,
3.710846968000169,0.011001381190979487,0.09072265680879354,0.2324123429134488,0.0,0.0168175,4.0,0.8325,0.011619619006523862,0.09201216837391257,0.0015154812135733664,0.0002545188018530098,1.096654682442022e-05,34549.8755,1.0,32583.946750000003,3.0885971425766316e-06,766.7555510622877,1856.0,1.0,,67,,,,,,,,
5.731065706000209,0.009896784594474184,0.09304199228063226,0.23518497124314308,0.0,0.01677,4.0,0.83,0.01726917750784196,0.0926866834051907,0.007040213327854872,0.0002020193982730234,7.739208214729842e-06,34588.0675,1.0,32800.5617578125,3.0885971425766316e-06,713.0440288147701,1856.0,1.0,,68,,,,,,,,
3.343039077999947,0.026564054249604396,0.1324869804084301,0.2391365480919679,1.0,0.0167225,3.0,0.8275,0.021757421500903245,0.08722515093783538,0.011190054705366492,0.0005880729037623192,2.0708520006943825e-05,34326.932,1.0,32625.98055859375,3.0885971425766316e-06,879.2469296534268,1856.0,1.0,,69,,,,,,,,
3.0213585819997206,0.06300393269958704,0.16572266072034836,0.22384734824299812,1.0,0.016675000000000002,1.0,0.825,0.05893638706766069,0.09083756431937218,0.049214308615773916,0.0003724597540895047,1.4358705129779992e-05,34618.3075,1.0,32700.140425781254,3.0885971425766316e-06,815.5527016666147,1856.0,1.0,0.39972683787345886,70,,,,,,,,
2.7623110199997427,0.043266047911572514,0.15253906324505806,0.22652839869260788,1.0,0.0166275,1.0,0.8225,0.021869893418624997,0.08907283283770084,0.011969559825956821,0.00045942665747134015,1.8057740248877963e-05,34530.610250000005,1.0,32650.098050781253,3.0885971425766316e-06,856.7073863051206,1856.0,1.0,,71,,,,,,,,
5.120377832000031,0.025294770620784373,0.13727213690678278,0.22917640830079714,1.0,0.01658,3.0,0.8200000000000001,0.024296724625552695,0.09586281950275104,0.01436296760221012,0.0005382625986385392,2.1031920861484348e-05,34264.9955,1.0,32712.052519531248,3.0885971425766316e-06,782.1461016692848,1856.0,1.0,,72,,,,,,,,
2.7063285140002336,0.027151585490230445,0.125,0.24450570344924927,1.0,0.016532500000000002,1.0,0.8175,0.01355022587813437,0.09450268745422363,0.002834282349795103,0.000439855123659072,1.8073038006605202e-05,34228.66725,1.0,32745.3929609375,3.0885971425766316e-06,693.8793244670377,1856.0,1.0,,73,,,,,,,,
3.7530202180000742,0.006826634937624476,0.08146972814574838,0.2365722544491291,0.0,0.016485,4.0,0.815,0.009624183468986303,0.09940476855263114,-0.0005886463331989944,0.00013581724158484576,1.864408696405917e-05,34416.52775,1.0,32699.46688671875,3.0885971425766316e-06,769.2557082203634,1856.0,1.0,,74,,,,,,,,
2.771893910000017,0.02263431451154929,0.126953125,0.22636418789625168,1.0,0.0164375,1.0,0.8125,0.020159437030088156,0.09770293906331062,0.010432848241180182,8.729023215892084e-05,1.1282989817118505e-05,34185.073500000006,1.0,32697.153046875,3.0885971425766316e-06,873.2288356557965,1856.0,1.0,,75,,,,,,,,
4.524876962000235,0.025066466263126586,0.1376953125,0.23481788113713264,1.0,0.016390000000000002,1.0,0.81,0.022405452677048743,0.09581193141639233,0.012218274641782045,0.00010170804512199538,1.2937793655964924e-05,34187.03375,1.0,32493.164621093754,3.0885971425766316e-06,841.7802076557487,1856.0,1.0,,76,,,,,,,,
3.4209779349998826,0.024300649097085625,0.1209309898937742,0.23883141204714775,1.0,0.0163425,3.0,0.8075,0.01807708909230617,0.09776749648153782,0.007728455976272623,2.942327402403559e-05,3.7679905631193833e-06,34520.57125,1.0,32725.969777343755,3.0885971425766316e-06,755.5406674053753,1856.0,1.0,,77,,,,,,,,
3.7600989999996273,0.004649294126139125,0.05109863297548145,0.24495494831353426,0.0,0.016295,4.0,0.8049999999999999,0.012448804394807667,0.10086828749626875,0.0018424034060444683,8.326888007559319e-06,2.93798464667816e-06,34308.491500000004,1.0,32726.412789062502,3.0885971425766316e-06,805.9406431487885,1856.0,1.0,,78,,,,,,,,
3.736222072000146,0.005257863181498124,0.06501464918255806,0.23624310456216335,0.0,0.0162475,4.0,0.8025,0.013063633698038757,0.09620901569724083,0.0028120679780840874,5.659724166662272e-06,4.00180657322835e-06,34400.217500000006,1.0,32794.73793359375,3.0885971425766316e-06,710.6659656064203,1856.0,1.0,,79,,,,,,,,
5.369644738000261,0.007043072273035023,0.07709961012005806,0.2338165119290352,0.0,0.0162,4.0,0.8,0.014064028451684862,0.09611848182976246,0.003928408754291013,5.410534981820092e-06,2.7439803460538315e-06,34251.69775000001,1.0,32669.210695312504,3.0885971425766316e-06,740.825349359074,1856.0,1.0,0.41483211517333984,80,34618.3075,34409.64925,34219.2975,70000042,33937.203025,best_of_k,34409.64925,406.3644834168138
3.8336389340001915,0.006099428383578243,0.06667480478063226,0.2291971305385232,0.0,0.0161525,4.0,0.7975,0.01105789837311022,0.09237448824569583,0.0010883541108341888,5.099286767062949e-06,2.5125917204604775e-06,34247.05775,1.0,32758.208843750002,3.0885971425766316e-06,772.0662834136892,1856.0,1.0,,81,,,,,,,,
3.1164824000002227,0.014144205653650488,0.10400390671566129,0.23846443556249142,1.0,0.016105,2.0,0.795,0.020349763275589794,0.0942881042137742,0.009942857665009797,5.354440872906707e-06,3.31337290049305e-06,34241.35400000001,1.0,32758.82862109375,3.0885971425766316e-06,730.8013700811563,1856.0,1.0,,82,,,,,,,,
5.525783679000142,0.00795835716328952,0.06472167989704758,0.23246470000594854,0.0,0.016057500000000002,4.0,0.7925,0.012594864005222917,0.09218109538778663,0.0024495251127518713,5.995982746753725e-06,3.4036176828067255e-06,34290.177,1.0,32648.0159609375,3.0885971425766316e-06,805.4766238624061,1856.0,1.0,,83,,,,,,,,
3.337814062000234,0.012264808606535857,0.07998046899835269,0.22398790965477625,1.0,0.01601,3.0,0.79,0.013663866945231954,0.09610704643030961,0.004001405788585544,4.875084414379671e-06,2.5036348271593547e-06,34253.065500000004,1.0,32794.92359375,3.0885971425766316e-06,618.9853983680227,1856.0,1.0,,84,,,,,,,,
3.716423637999924,0.006079984794936877,0.06564941443502903,0.2212841399013996,0.0,0.0159625,4.0,0.7875,0.012819590665458236,0.09548631217330694,0.0032779599423520267,5.01110994832743e-06,2.2460204434082698e-06,34090.89750000001,1.0,32551.961500000005,3.0885971425766316e-06,748.6281171688046,1856.0,1.0,,85,,,,,,,,
4.607105999999931,0.007384472508007889,0.06640625011641532,0.21692915074527264,0.0,0.015915,4.0,0.785,0.014907275792211294,0.09336678078398108,0.005545348161831498,4.533824821351118e-06,1.8965326802344862e-06,33884.5425,1.0,32642.509871093753,3.0885971425766316e-06,735.8308697714156,1856.0,1.0,,86,,,,,,,,
3.7884628050001083,0.015651359739213905,0.08430989583333333,0.20908413579066595,1.0,0.0158675,3.0,0.7825,0.01764037456208219,0.09136442840099335,0.008634574012830853,4.209233073500703e-06,1.7956611202407657e-06,34032.784250000004,1.0,32597.99358984375,3.0885971425766316e-06,744.4398258864389,1856.0,1.0,,87,,,,,,,,
3.6513359970003876,0.009006961196014629,0.07504882841021754,0.221678520552814,0.0,0.01582,4.0,0.78,0.014676592516480014,0.09096986800432205,0.0050306886550970376,3.597999409521435e-06,1.5208696311219683e-06,33929.44275,1.0,32620.29690234375,3.0885971425766316e-06,680.0746151871505,1856.0,1.0,,88,,,,,,,,
2.997778274999746,0.017045782309736524,0.1103515625,0.22453919984400272,1.0,0.015772500000000002,2.0,0.7775,0.015082724974490702,0.09583866409957409,0.00536602025385946,4.411269884485591e-06,1.8368357785902845e-06,34003.567,1.0,32428.442148437498,3.0885971425766316e-06,838.3321877401135,1856.0,1.0,,89,,,,,,,,
5.583325508000144,0.014455316815443098,0.09233398537617177,0.2244942244142294,1.0,0.015725,4.0,0.775,0.019691253241035156,0.09341097017750144,0.009933794615790248,4.783079560866099e-06,2.3125173171933966e-06,34530.84925000001,1.0,32695.7972578125,3.0885971425766316e-06,810.3313056159864,1856.0,1.0,0.7908725142478943,90,,,,,,,,
3.727010297999641,0.007943368612785662,0.07216796930879354,0.24549260642379522,0.0,0.0156775,4.0,0.7725,0.009758894600963686,0.09831603849306703,-0.0010064966045320034,5.387443383142454e-05,5.3446659180167444e-05,34085.77375,1.0,32472.3367265625,3.0885971425766316e-06,846.3253186314081,1856.0,1.0,,91,,,,,,,,
3.7186867350001194,0.008064192105706525,0.06198730459436774,0.25658957846462727,0.0,0.01563,4.0,0.77,0.017189237172715366,0.09797440934926271,0.005874182813386142,3.231244957646595e-05,2.7367911783926502e-05,33992.1905,1.0,32360.71372265625,3.0885971425766316e-06,723.1610493675619,1856.0,1.0,,92,,,,,,,,
4.266863391999777,0.006026752588148554,0.0698486331384629,0.2402486726641655,0.0,0.015582499999999999,4.0,0.7675,0.012938478757860139,0.08965013269335032,0.002318243874469772,1.770697033975921e-05,6.006378910683452e-06,34094.554000000004,1.0,32594.183628906252,3.0885971425766316e-06,793.2320418567549,1856.0,1.0,,93,,,,,,,,
3.9916716499997165,0.0211623522600064,0.1023111982891957,0.23820054779450098,1.0,0.015535,3.0,0.765,0.018800012631497037,0.083154221996665,0.008176546543836594,2.5273162350458733e-05,5.423587547663071e-06,34470.10225,1.0,32683.420046875,3.0885971425766316e-06,714.5830170276193,1856.0,1.0,,94,,,,,,,,
3.4635065709999253,0.014933149269182877,0.08336588585128386,0.2207522764801979,1.0,0.015487500000000001,3.0,0.7625,0.01718498448220392,0.08536857801179092,0.007454304412628214,0.00013396100310577216,3.630123804517401e-06,34447.69,1.0,32699.743621093745,3.0885971425766316e-06,828.7951612523797,1856.0,1.0,,95,,,,,,,,
2.6816868000000795,0.061737976638994496,0.16318359225988388,0.22853169590234756,1.0,0.01544,1.0,0.76,0.03413074812851846,0.0919702835381031,0.02410552918445319,0.0001682306492511998,3.6687643500954437e-06,34358.4435,1.0,32731.46271484375,3.0885971425766316e-06,761.1180096562423,1856.0,1.0,,96,,,,,,,,
4.16161183200029,0.01618155326120056,0.09117838554084301,0.21553823972741762,1.0,0.0153925,3.0,0.7575000000000001,0.00488497691306596,0.08461589552462101,-0.004608785888801019,0.00014586757583856524,9.428656767340726e-06,34368.4495,1.0,32374.1234453125,3.0885971425766316e-06,742.9699514435893,1856.0,1.0,,97,,,,,,,,
4.297793037000247,0.009097448999170865,0.08093261765316129,0.2306042043492198,0.0,0.015345000000000001,4.0,0.755,0.015273711876943707,0.08386962255463004,0.004949331196257845,5.443962371032285e-05,0.000151410071026703,34219.2975,1.0,32508.119828125004,3.0885971425766316e-06,742.0610144153716,1856.0,1.0,,98,,,,,,,,
2.659947054999975,0.020139097402108064,0.09023437462747097,0.20864413306117058,1.0,0.0152975,1.0,0.7525,0.020208581001497805,0.07972312904894352,0.010965412016957998,1.9781477135438763e-05,5.7101009360849275e-05,34527.948000000004,1.0,32831.174285156245,3.0885971425766316e-06,747.090680316337,1856.0,1.0,,99,,,,,,,,
3.9563533219998135,0.010124418889503772,0.08059081993997097,0.19599093310534954,0.0,0.01525,4.0,0.75,0.014601216884329915,0.07838321663439274,0.0059700910351239145,1.123857330753708e-05,5.159904554830064e-05,34579.842,1.0,32839.8760234375,3.0885971425766316e-06,779.0910384336726,1856.0,1.0,0.4396621286869049,100,34618.3075,34566.8355,34035.159250000004,70000042,34129.388575000004,best_of_k,34566.8355,320.76108616246773
3.7941968400000405,0.03464220986364808,0.10107421875,0.19670704379677773,1.0,0.0152025,1.0,0.7475,0.02250048134010285,0.07918132655322552,0.013861584942787886,1.0791163504109136e-05,1.2438934220426745e-05,34573.995500000005,1.0,32820.47945703125,3.0885971425766316e-06,724.6809649026145,1856.0,1.0,,101,,,,,,,,
3.3002279540000927,0.01658484837869878,0.08541666685293119,0.1975195730725924,1.0,0.015155,3.0,0.745,0.018961435183882713,0.07258127257227898,0.010172974745122096,1.4749367286034007e-05,2.1950683390059567e-05,34422.10575,1.0,32939.0369296875,3.0885971425766316e-06,615.2804418875963,1856.0,1.0,,102,,,,,,,,
3.9773334319997957,0.006763725226456074,0.055224609561264515,0.19833359122276306,0.0,0.0151075,4.0,0.7424999999999999,0.015555765305180103,0.07561772083863616,0.006762785531464033,2.3761722331983037e-05,3.263725996305311e-05,34481.611750000004,1.0,32808.296144531254,3.0885971425766316e-06,746.4501059375119,1856.0,1.0,,103,,,,,,,,
4.272441102999892,0.009418319468153413,0.06005859421566129,0.19056867435574532,0.0,0.01506,4.0,0.74,0.012405806890456006,0.0715607525780797,0.003945082426071167,1.0193839699468299e-05,1.7951314006836583e-05,34493.746250000004,1.0,32964.474703125,3.0885971425766316e-06,702.647158778197,1856.0,1.0,,104,,,,,,,,
4.2851478179995866,0.005439352760923555,0.057983398670330644,0.20084209833294153,0.0,0.015012500000000002,4.0,0.7375,0.0070107163628563285,0.07331676268950105,-0.0019427967017691117,7.401659033234864e-06,2.2669666321917248e-05,34083.759,1.0,32803.79642578125,3.0885971425766316e-06,660.6601957655847,1856.0,1.0,,105,,,,,,,,
3.7078493270000763,0.009353818763372601,0.07077636756002903,0.19856446888297796,0.0,0.014965,4.0,0.735,0.009472855628700927,0.07523308880627155,0.0006562390190083534,7.5064115208078874e-06,2.7012305118034874e-05,34195.4815,1.0,32722.12982421875,3.0885971425766316e-06,740.9231431854035,1856.0,1.0,,106,,,,,,,,
3.6991685100001632,0.009804697431682996,0.08088378957472742,0.19839138723909855,0.0,0.0149175,4.0,0.7324999999999999,0.015653505572117865,0.07394091691821814,0.006790204934077337,2.3935213192771698e-05,8.870191035725838e-05,34362.450000000004,1.0,32818.211125,3.0885971425766316e-06,712.3057073435833,1856.0,1.0,,107,,,,,,,,
4.760911314000168,0.017223541056694103,0.07485351618379354,0.19966138154268265,1.0,0.014870000000000001,2.0,0.73,0.01122111571021378,0.07249188236892223,0.002197715686634183,0.00010877910744966357,0.00021481200542439183,34490.35525,1.0,32934.19173046875,3.0885971425766316e-06,717.266552621286,1856.0,1.0,,108,,,,,,,,
3.668103917999815,0.005397484322564594,0.05432128976099193,0.20542897004634142,0.0,0.014822499999999999,4.0,0.7275,0.01671542230178602,0.07248845603317022,0.00728997983969748,0.00015932312606992127,0.00042504348496663624,34117.86325,1.0,32838.6153359375,3.0885971425766316e-06,742.1688141926302,1856.0,1.0,,109,,,,,,,,
3.9981395459999476,0.010703828694133222,0.0772949222009629,0.20015679765492678,0.0,0.014775,4.0,0.725,0.019288195035187528,0.07435696292668581,0.010221126489341259,9.078881562629704e-05,0.00029754789466096554,34573.995500000005,1.0,32870.082683593755,3.0885971425766316e-06,740.6235336669882,1856.0,1.0,0.413263738155365,110,,,,,,,,
3.2819524620003904,0.05913501290183376,0.15615234524011612,0.2016083039343357,1.0,0.014727500000000001,1.0,0.7224999999999999,0.033269971929257736,0.07684723287820816,0.0243001370690763,1.0752648108791618e-05,4.022727523533831e-05,34276.674999999996,1.0,32883.82758984375,3.0885971425766316e-06,800.690998609774,1856.0,1.0,,111,,,,,,,,
4.476029133000338,0.013937779506117446,0.07089843756208818,0.20096471657355627,1.0,0.01468,3.0,0.72,0.01894263286764423,0.06876720332851012,0.00986333416464428,5.2870370457943254e-06,8.007291917995947e-05,34573.995500000005,1.0,32817.99777734375,3.0885971425766316e-06,764.6535695843068,1856.0,1.0,,112,,,,,,,,
3.6563670450000245,0.004273641751829871,0.04428710968932137,0.20002175495028496,0.0,0.014632500000000001,4.0,0.7175,0.011378558454453014,0.06912283203564584,0.0023497619840782136,1.6262329637584116e-05,7.504329522589614e-05,34541.10800000001,1.0,32806.69079296875,3.0885971425766316e-06,693.8110222206006,1856.0,1.0,,113,,,,,,,,
3.673982502999934,0.00454748330604815,0.04597167985048145,0.19740393199026585,0.0,0.014585,4.0,0.7150000000000001,0.0066801288921851665,0.07396299159154296,-0.0021285713592078537,9.977212044987027e-06,3.251260991987692e-05,34323.85825,1.0,32761.86658984375,3.0885971425766316e-06,797.8294191892846,1856.0,1.0,,114,,,,,,,,
4.868173375999959,0.009698154597053588,0.06313476606737822,0.1979826996102929,0.0,0.014537500000000002,4.0,0.7125,0.014345457500894554,0.07395196100696921,0.0055130221880972385,6.0129915198103845e-06,1.5550847066947426e-05,34573.995500000005,1.0,32824.650867187505,3.0885971425766316e-06,735.1963096778046,1856.0,1.0,,115,,,,,,,,
3.4694135009999627,0.011785224738360967,0.06565755295256774,0.18058848132689795,1.0,0.014490000000000001,3.0,0.71,0.017246427130885422,0.06647938707222541,0.0091775042625765,5.5382625797998726e-06,4.461979472125677e-06,34568.51425000001,1.0,33042.62291796875,3.0885971425766316e-06,694.8481334442072,1856.0,1.0,,116,,,,,,,,
2.7220267550001154,0.03594696672791997,0.10468750074505806,0.1786104515194893,1.0,0.0144425,1.0,0.7075,0.017109722830355167,0.06700737774372101,0.009144993033260107,5.509982088369725e-06,2.821007882403137e-06,34231.2175,1.0,32962.96334375,3.0885971425766316e-06,689.9790560263149,1856.0,1.0,,117,,,,,,,,
3.399406974000158,0.010030162815553467,0.05771484381208817,0.18699829652905464,1.0,0.014395000000000002,3.0,0.7050000000000001,0.01172518648672849,0.06010550446808338,0.0032374025710547962,7.071093326279272e-06,4.761023490118532e-06,34519.701,1.0,32926.080015625004,3.0885971425766316e-06,826.2443897664416,1856.0,1.0,,118,,,,,,,,
4.953383860000031,0.009957216389658186,0.0597412115894258,0.1879905890673399,0.0,0.014347500000000001,4.0,0.7025,0.010375950132583966,0.05855114385485649,0.0018135191057808697,9.451604569221672e-06,4.036656250150372e-06,34422.10575,1.0,32685.5666796875,3.0885971425766316e-06,849.3682501685499,1856.0,1.0,,119,,,,,,,,
3.946523096999954,0.010407662595589784,0.054809570545330644,0.18184365332126617,0.0,0.0143,4.0,0.7,0.01184398983605206,0.054319259943440557,0.003525211592204869,2.1595641015892397e-05,2.403840412057434e-06,34422.10575,1.0,32929.8418828125,3.0885971425766316e-06,626.0748192445686,1856.0,1.0,0.5120345950126648,120,34618.3075,34573.995500000005,34422.10575,70000042,34343.456216666666,best_of_k,34573.995500000005,308.1907262527587
3.690121549000196,0.009025207199648833,0.04882812569849193,0.1752547798678279,0.0,0.014252500000000001,4.0,0.6975,0.010215034628345165,0.0496872728690505,0.002142089855624363,0.00016885671610111785,2.976037222879313e-06,34422.10575,1.0,32913.35466796875,3.0885971425766316e-06,627.0216769260899,1856.0,1.0,,121,,,,,,,,
4.7695459719998325,0.006047949941276443,0.05607910139951855,0.19214728940278292,0.0,0.014205,4.0,0.6950000000000001,0.010834728193003684,0.0488074729219079,0.0019127814448438585,6.356994481393485e-05,3.0679200051508815e-06,34422.10575,1.0,32787.724281250004,3.0885971425766316e-06,680.0569271187884,1856.0,1.0,,122,,,,,,,,
3.500825688000077,0.017745436039305673,0.08559570438228548,0.19177800603210926,1.0,0.0141575,2.0,0.6925,0.017430094958399422,0.04906635731458664,0.008533227839507163,1.3493887422555417e-05,2.547212190506798e-06,34329.74575,1.0,32867.2560078125,3.0885971425766316e-06,690.2707460162162,1856.0,1.0,,123,,,,,,,,
2.7042046689998642,0.06048269967561737,0.13837890699505806,0.19404423609375954,1.0,0.014110000000000001,1.0,0.69,0.05073982011526823,0.055587900802493095,0.0418196776881814,7.981741191542824e-06,2.9485511845450674e-06,34357.46575,1.0,32686.997183593754,3.0885971425766316e-06,780.8927323733361,1856.0,1.0,,124,,,,,,,,
3.3366284600001563,0.014699408245983628,0.07151692733168602,0.21667415524522463,1.0,0.0140625,3.0,0.6875,0.016228737513301894,0.0531357911725839,0.0061401006144781905,6.699187906633597e-06,2.9621922408296086e-06,34028.95925,1.0,32092.618511718752,3.0885971425766316e-06,875.4655958232016,1856.0,1.0,,125,,,,,,,,
4.82815433199994,0.010940499998831399,0.05876464885659516,0.19279698561877012,0.0,0.014015,4.0,0.685,0.01476054651720915,0.047233019256964326,0.005780644074548036,5.587784244198701e-06,2.9315113607708554e-06,34294.269,1.0,32585.204,3.0885971425766316e-06,669.2508724327331,1856.0,1.0,,126,,,,,,,,
3.7300532720000774,0.007598355384828892,0.0482177734375,0.18015922978520393,0.0,0.0139675,4.0,0.6825,0.011585990141611546,0.03995622578077018,0.003134285030682804,5.140549660609395e-06,2.636313460868678e-06,34181.49525,1.0,32900.688507812505,3.0885971425766316e-06,696.2284410494856,1856.0,1.0,,127,,,,,,,,
3.6527307100000144,0.0038710022957104684,0.041455078637227416,0.1702595567330718,0.0,0.01392,4.0,0.6799999999999999,0.011022641105228104,0.04006403801031411,0.003065753437113017,3.703651884734427e-06,2.4635166795405894e-06,34225.48975,1.0,32640.761449218753,3.0885971425766316e-06,844.9163274105257,1856.0,1.0,,128,,,,,,,,
2.6822396110001137,0.022316529264912788,0.07832031324505806,0.17013124004006386,1.0,0.0138725,1.0,0.6775,0.009992888779379427,0.04540077690035105,0.002115055453032255,3.6107370533500216e-06,1.4627339055550692e-06,34357.46575,1.0,32772.90538671875,3.0885971425766316e-06,765.7689791136906,1856.0,1.0,,129,,,,,,,,
5.124696064000091,0.03138034464028294,0.06088867224752903,0.16186472214758396,1.0,0.013825,2.0,0.675,0.009059687523404136,0.04317208379507065,0.0015622582868672907,3.304463774611577e-06,1.4329546473845767e-06,34514.077000000005,1.0,32622.557515625,3.0885971425766316e-06,770.3399373716555,1856.0,1.0,0.5692747831344604,130,,,,,,,,
3.74225874800004,0.011187651316056701,0.06142578145954758,0.17108135297894478,1.0,0.013777500000000002,4.0,0.6725,0.01050785391998943,0.047501948894932866,0.0026070659223478287,4.266844925382429e-06,1.5031868301207396e-06,34092.458000000006,1.0,32794.03634765625,3.0885971425766316e-06,691.146610147037,1856.0,1.0,,131,,,,,,,,
3.776877744000103,0.015586907501344172,0.07424316462129354,0.16740521881729364,1.0,0.01373,4.0,0.6699999999999999,0.018745569250313565,0.04231224465183914,0.010954800789477304,4.544058768374271e-06,2.0003512162247716e-06,34043.71475,1.0,32685.5561015625,3.0885971425766316e-06,713.8041588398968,1856.0,1.0,,132,,,,,,,,
4.019039565000185,0.018710629302224408,0.07454427083333333,0.16058607151110968,1.0,0.0136825,3.0,0.6675,0.01488373444105188,0.04108127144475778,0.007375734392553568,0.00018792527303427656,4.399542964013866e-05,34171.479250000004,1.0,32683.8565859375,3.0885971425766316e-06,708.276602328923,1856.0,1.0,,133,,,,,,,,
4.827572960999987,0.009341640432289466,0.044409180292859674,0.16213406156748533,0.0,0.013635000000000001,4.0,0.665,0.011905753228347749,0.03708247025497258,0.004247083939844742,0.0003299577904272155,4.917847084584537e-05,34417.4415,1.0,32850.52521875,3.0885971425766316e-06,682.8080197493883,1856.0,1.0,,134,,,,,,,,
3.6871112110002286,0.006836210691808731,0.046240234514698386,0.160128484480083,0.0,0.013587499999999999,4.0,0.6625,0.013410500541795045,0.040819025598466396,0.0058702032547444105,1.3260126380032489e-05,0.00017435089677064752,34519.701,1.0,32808.44978515625,3.0885971425766316e-06,712.4501551368501,1856.0,1.0,,135,,,,,,,,
3.69849709600021,0.01052348216884269,0.058837890625,0.1660645017400384,0.0,0.01354,4.0,0.6599999999999999,0.013727887417189777,0.043617417803034186,0.005952756502665579,1.706222312236605e-05,0.00012155754706100197,34543.821,1.0,32921.060695312495,3.0885971425766316e-06,706.0040139143276,1856.0,1.0,,136,,,,,,,,
5.5585086310002225,0.01602163234491627,0.0689941409509629,0.16929282248020172,1.0,0.013492500000000001,4.0,0.6575,0.008399133832426742,0.0476534569170326,0.0005288555985316634,1.8258181484043234e-05,9.355002296729253e-05,34526.133,1.0,32948.329441406255,3.0885971425766316e-06,801.4030582060881,1856.0,1.0,,137,,,,,,,,
3.04599680299998,0.030738279740432972,0.05776367196813226,0.16567890904843807,1.0,0.013445000000000002,2.0,0.655,0.01134735718369484,0.048678562976419926,0.0037123552756384015,4.460517402549158e-06,1.0187568534547609e-05,34543.821,1.0,32768.57235546874,3.0885971425766316e-06,820.232746868699,1856.0,1.0,,138,,,,,,,,
2.997880097000234,0.018373271304270133,0.041015625,0.16193329356610775,1.0,0.013397500000000001,2.0,0.6525000000000001,0.01789917999121826,0.04536491632461548,0.010408249916508794,4.306684900257096e-06,3.2196055315125705e-06,34457.38575,1.0,32951.9307578125,3.0885971425766316e-06,718.4342050677758,1856.0,1.0,,139,,,,,,,,
3.132254964999902,0.027932467485840107,0.07783203199505806,0.1669851876795292,1.0,0.01335,1.0,0.65,0.026602675672620535,0.042817212641239166,0.01882327115163207,4.177614414402342e-06,2.677136592410534e-06,34400.49775,1.0,33079.0812578125,3.0885971425766316e-06,603.3257033648132,1856.0,1.0,0.43252032995224,140,34618.3075,34556.3075,34422.10575,70000042,34145.43265,best_of_k,34556.3075,264.82562460847555
4.5278026979999595,0.009740323783155702,0.055541992420330644,0.16586692351847887,0.0,0.013302500000000002,4.0,0.6475,0.01380578480893746,0.04254526481963694,0.006076532183215022,4.14506004631221e-06,2.9014387408210496e-06,34544.251500000006,1.0,33051.59370703125,3.0885971425766316e-06,648.5424628602415,1856.0,1.0,,141,,,,,,,,
3.6959263430003375,0.014593789219887299,0.0791015625,0.16682094894349575,0.0,0.013255000000000001,4.0,0.645,0.014669523137854412,0.04327123146504164,0.006899390842590947,4.873368737889905e-06,4.315936777743445e-06,34422.10575,1.0,32884.255234375,3.0885971425766316e-06,765.0459544163543,1856.0,1.0,,142,,,,,,,,
3.023437137000201,0.018454167176699343,0.07285156287252903,0.15812300145626068,1.0,0.0132075,2.0,0.6425000000000001,0.014470753842033446,0.04129330115392804,0.0071070712292566895,5.347849594272702e-06,4.755859492888703e-06,34394.38575,1.0,32877.54646874999,3.0885971425766316e-06,722.4904633749738,1856.0,1.0,,143,,,,,,,,
5.075053450999803,0.01235333465461963,0.05559082061517984,0.17116659600287676,0.0,0.013160000000000002,4.0,0.64,0.015270864125341177,0.04695577174425125,0.007328719599172473,4.098108789207799e-06,2.685231471843963e-06,34549.5235,1.0,33037.82009375,3.0885971425766316e-06,666.7032280838132,1856.0,1.0,,144,,,,,,,,
3.714985229999911,0.01673730409682861,0.06879882817156613,0.17173366155475378,1.0,0.013112500000000001,4.0,0.6375,0.021508953141164966,0.04896366083994508,0.01356252795085311,4.014769103832805e-06,2.7549472747523396e-06,34550.826250000006,1.0,33032.22737890625,3.0885971425766316e-06,691.7385981116025,1856.0,1.0,,145,,,,,,,,
2.689081740000347,0.031070023451491124,0.06708984449505806,0.17874925583600998,1.0,0.013065,1.0,0.635,0.014490550616756082,0.04213486798107624,0.0061017777770757675,4.137871087550593e-06,2.7757317582199903e-06,34542.66625,1.0,33076.13561328125,3.0885971425766316e-06,753.9204994543807,1856.0,1.0,,146,,,,,,,,
3.3069418489999407,0.01245455339168681,0.04322916688397527,0.17084632565577826,1.0,0.013017500000000001,3.0,0.6325000000000001,0.012191454918744663,0.04003808926790953,0.004167654590370755,4.949077795875685e-06,4.369648403705166e-06,34396.89275,1.0,32858.7643203125,3.0885971425766316e-06,712.3541385726214,1856.0,1.0,,147,,,,,,,,
5.217577469999924,0.011334628239059915,0.051822916915019356,0.1738834554950396,1.0,0.01297,3.0,0.63,0.01382024361131092,0.04206020633379618,0.005669629395318528,4.994371806787967e-06,2.9245837254165963e-06,34573.995500000005,1.0,32828.86780078125,3.0885971425766316e-06,785.8046354491709,1856.0,1.0,,148,,,,,,,,
2.9323325430000295,0.018844488640070267,0.05952148465439677,0.16677655465900898,1.0,0.0129225,2.0,0.6275,0.01990166585892439,0.04558057431131601,0.012150459922850132,7.248994336350734e-06,1.335413941205843e-06,34429.66575,1.0,33108.78751953125,3.0885971425766316e-06,665.2521614307861,1856.0,1.0,,149,,,,,,,,
3.999085061999722,0.009462008929602916,0.06799316452816129,0.17788816150277853,0.0,0.012875000000000001,4.0,0.625,0.012202890000480693,0.048994833836331964,0.003937992354622111,5.804572793977059e-06,1.4338819696035898e-06,34381.20975,1.0,32972.501613281245,3.0885971425766316e-06,737.5241022529885,1856.0,1.0,0.3218127489089966,150,,,,,,,,
3.8697988479998457,0.009765100980203556,0.05578613351099193,0.1703674728050828,0.0,0.0128275,4.0,0.6225,0.010366503236582503,0.05197516665793955,0.0025138270284514874,3.86461799450899e-06,1.252280036112552e-06,34344.07875,1.0,32988.63721093751,3.0885971425766316e-06,675.9567086117929,1856.0,1.0,,151,,,,,,,,
5.000010553000266,0.013839309064067606,0.08566894545219839,0.17358014918863773,1.0,0.01278,4.0,0.62,0.0147703816764988,0.05410811607725918,0.006781710806535557,4.264910558049451e-06,1.4755234190033661e-06,34350.4,1.0,32938.25005859375,3.0885971425766316e-06,687.0979100431721,1856.0,1.0,,152,,,,,,,,
3.129059610999775,0.021861737179548868,0.087890625,0.16318870522081852,1.0,0.0127325,2.0,0.6174999999999999,0.013476232532411814,0.0527352225035429,0.005987177137285471,3.858339795215215e-06,1.3684420423487609e-06,34422.10575,1.0,33012.43691796875,3.0885971425766316e-06,764.5692462698289,1856.0,1.0,,153,,,,,,,,
2.7231735059999664,0.02595664413513532,0.06767578236758709,0.16386225074529648,1.0,0.012685,1.0,0.615,0.012818172574043274,0.04893028363585472,0.005244435044005513,4.0925148709902714e-06,1.7925591180301126e-06,34357.46575,1.0,33063.6451796875,3.0885971425766316e-06,757.1463417758677,1856.0,1.0,,154,,,,,,,,
3.4515225969998937,0.01264351692766752,0.06328125018626451,0.17085044272243977,1.0,0.0126375,2.0,0.6125,0.0139787393854931,0.04428467992693186,0.005993901751935482,5.111388134082517e-06,2.9037732076631073e-06,34422.10575,1.0,32886.679179687504,3.0885971425766316e-06,826.0427529995162,1856.0,1.0,,155,,,,,,,,
4.87393092100001,0.0042502185773898304,0.03271484399738256,0.16589904204010963,0.0,0.01259,4.0,0.61,0.01339398164418526,0.0422307203989476,0.005629478284390643,3.7685699112444127e-06,1.71680258631568e-06,34422.10575,1.0,33120.9300859375,3.0885971425766316e-06,650.7350592596976,1856.0,1.0,,156,,,,,,,,
3.4279590070000268,0.010459797560808207,0.05162760429084301,0.17203926046689352,1.0,0.012542500000000002,3.0,0.6074999999999999,0.008335999145250147,0.046292117796838284,0.0003132810816168785,4.110647125799005e-06,1.9269123280688896e-06,34375.821,1.0,33088.03279296875,3.0885971425766316e-06,755.586633268888,1856.0,1.0,,157,,,,,,,,
3.027804140999706,0.015092480932494823,0.0294433597009629,0.16942773014307022,1.0,0.012495,2.0,0.605,0.01466693848487921,0.04381742933765054,0.006741569726727903,5.918052551123765e-06,1.779235972776405e-06,34519.701,1.0,33087.2648984375,3.0885971425766316e-06,738.0140589895279,1856.0,1.0,,158,,,,,,,,
3.517819147999944,0.021883846325124523,0.08330078236758709,0.1731186844408512,1.0,0.0124475,1.0,0.6025,0.02344327885657549,0.053757200948894024,0.015454956330358982,6.262250508370926e-06,1.8057901627344108e-06,34550.826250000006,1.0,33053.367167968754,3.0885971425766316e-06,866.2134401333815,1856.0,1.0,,159,,,,,,,,
4.571985356999903,0.022975475013438995,0.06743164081126451,0.1814163587987423,1.0,0.012400000000000001,2.0,0.6,0.011175610088685062,0.05187593214213848,0.0027464712620712817,5.523401995333188e-06,2.0585412983109563e-06,34415.48125,1.0,32906.62950390625,3.0885971425766316e-06,816.8170063261498,1856.0,1.0,0.33317285776138306,160,34618.3075,34612.15675,34543.821,70000042,34253.942050000005,best_of_k,34612.15675,225.57220899352455
3.4421134600002006,0.015549286691917056,0.0712239583954215,0.17294905334711075,1.0,0.012352499999999999,3.0,0.5974999999999999,0.0111342558132795,0.049612365663051605,0.0030980975522349277,6.884890221196353e-06,1.7065129990593657e-06,34588.9875,1.0,33112.62349609375,3.0885971425766316e-06,673.2083466604108,1856.0,1.0,,161,,,,,,,,
3.774065694000001,0.008299949172211996,0.06718749983701855,0.19394203461706638,0.0,0.012305,4.0,0.595,0.016881240720977075,0.05271062860265374,0.007831446680938825,5.585749065062373e-06,1.475644126003317e-06,34612.15675,1.0,33034.51753515625,3.0885971425766316e-06,737.1163832414637,1856.0,1.0,,162,,,,,,,,
5.195103101999848,0.008439921935796235,0.0578857425134629,0.1972517315298319,0.0,0.012257500000000001,4.0,0.5925,0.012364018468360882,0.05045505054295063,0.0031184567196760327,4.202139265885307e-06,2.0146660020259333e-06,34612.15675,1.0,33048.14503515625,3.0885971425766316e-06,730.5155747072018,1856.0,1.0,,163,,,,,,,,
3.7440528140000424,0.007508287608501973,0.052368164295330644,0.18753843382000923,0.0,0.012210000000000002,4.0,0.5900000000000001,0.012990008224733174,0.04998351586982608,0.004221995506668463,3.8805534927632834e-06,2.0036350605323605e-06,34556.00475,1.0,33134.64492968751,3.0885971425766316e-06,702.0662365482975,1856.0,1.0,,164,,,,,,,,
3.428983903000244,0.016754065181364314,0.07740885516007741,0.1958755118151506,1.0,0.012162500000000001,3.0,0.5875,0.01229661920418342,0.05175755421320597,0.003131250385195017,3.6705924344460072e-06,1.4556469902042106e-06,34556.00475,1.0,33029.09334765625,3.0885971425766316e-06,706.9573469347628,1856.0,1.0,,165,,,,,,,,
5.230990166000083,0.0075325553690248626,0.05012207065010443,0.1830322090536356,0.0,0.012115,4.0,0.585,0.009121686416619923,0.05118935857899487,0.000589224451687187,3.500243920484536e-06,1.3196160679740387e-06,34556.00475,1.0,33212.16173046875,3.0885971425766316e-06,694.5659066072093,1856.0,1.0,,166,,,,,,,,
3.796445265999864,0.003870967927024793,0.03767089877510443,0.18435965664684772,0.0,0.0120675,4.0,0.5825,0.011093185952631757,0.04819796630181372,0.0024556744101573713,3.7718282044352236e-06,1.5597492080132724e-06,34653.877250000005,1.0,33111.217753906254,3.0885971425766316e-06,764.4201753246758,1856.0,1.0,,167,,,,,,,,
3.755065390999789,0.003690720196416919,0.03637695315410383,0.1776556009426713,0.0,0.012020000000000001,4.0,0.5800000000000001,0.00223958159040194,0.04778547212481499,-0.00607010634848848,4.196985202042924e-06,1.7387399253721014e-06,34438.8435,1.0,33166.3706328125,3.0885971425766316e-06,707.2608154359253,1856.0,1.0,,168,,,,,,,,
3.3451068399999713,0.02583249051571812,0.07290039118379354,0.18492631055414677,1.0,0.0119725,2.0,0.5775,0.015428268059622496,0.049922946374863386,0.006778261711588129,4.329777880229813e-06,1.9180214536618223e-06,34612.15675,1.0,33108.45998828125,3.0885971425766316e-06,801.7423811343284,1856.0,1.0,,169,,,,,,,,
5.448998693000249,0.007746646319517936,0.05681152385659516,0.16977349389344454,0.0,0.011925000000000002,4.0,0.575,0.005990180041408166,0.04869856056757271,-0.0019187199359294027,3.4340206980232324e-06,1.2232184189997497e-06,34549.5235,1.0,33141.564359375,3.0885971425766316e-06,702.1613905358812,1856.0,1.0,0.3931742012500763,170,,,,,,,,
3.719677789999878,0.005256432013094781,0.05175781267462298,0.1714742360636592,0.0,0.011877500000000001,4.0,0.5725,0.009962746844394132,0.05671579949557781,0.0020615313660528045,3.6463905388472995e-06,1.5615074531183382e-06,34556.00475,1.0,33005.05832421876,3.0885971425766316e-06,766.7456172916634,1856.0,1.0,,171,,,,,,,,
3.077180445999602,0.014493803346113054,0.08657226618379354,0.1742288265377283,1.0,0.01183,2.0,0.5700000000000001,0.011526436835993081,0.06045898236334324,0.003529292531311512,3.397541121330505e-06,1.1868293370298488e-06,34556.00475,1.0,33016.3047421875,3.0885971425766316e-06,733.2629140764741,1856.0,1.0,,172,,,,,,,,
4.2812999580000906,0.01539433430104964,0.07534179743379354,0.19793156161904335,1.0,0.011782500000000001,2.0,0.5675,0.023100187361706048,0.06371170049533248,0.013953175395727158,3.904154510792068e-06,1.4513766615209533e-06,34556.00475,1.0,33108.336050781254,3.0885971425766316e-06,764.0204066174025,1856.0,1.0,,173,,,,,,,,
4.244399234999946,0.012077053631713852,0.0771484375,0.1912598954513669,0.0,0.011735,4.0,0.565,0.009269275513361208,0.06693217856809497,0.0004906932590529323,3.840461772597337e-06,1.3058751591188411e-06,34601.3555,1.0,32931.46834765625,3.0885971425766316e-06,785.9969312944455,1856.0,1.0,,174,,,,,,,,
3.6964408199996797,0.009670288447082953,0.07436523435171694,0.1874134400859475,0.0,0.0116875,4.0,0.5625,0.008570730969950091,0.06810245756059885,-4.9827503971755505e-06,3.849665361599364e-06,1.2093639796262323e-06,34398.19675,1.0,33004.3000625,3.0885971425766316e-06,754.2664392432528,1856.0,1.0,,175,,,,,,,,
3.059440130999974,0.013048475374056068,0.06518554803915322,0.19179676473140717,1.0,0.011640000000000001,2.0,0.56,0.012690674178884365,0.06533662136644125,0.0038602770073339343,3.505387297764173e-06,1.4548409268400064e-06,34531.8355,1.0,32935.00592578125,3.0885971425766316e-06,765.626966625418,1856.0,1.0,,176,,,,,,,,
5.464905798000018,0.004579728502498881,0.043725585914216936,0.19434050004929304,0.0,0.0115925,4.0,0.5575,0.013718369038542733,0.06371971848420799,0.004739046431495808,3.4609057451007175e-06,1.2449494519728432e-06,34598.202,1.0,33145.56452734375,3.0885971425766316e-06,726.8395842341586,1856.0,1.0,,177,,,,,,,,
3.6316518389999146,0.016050606709601567,0.08066406263969839,0.18617494869977236,1.0,0.011545,4.0,0.5549999999999999,0.011674421257339418,0.061868350487202406,0.0030785773997195065,4.294831754236839e-06,1.8768597556118038e-06,34556.00475,1.0,33177.658585937505,3.0885971425766316e-06,683.8167902434953,1856.0,1.0,,178,,,,,,,,
3.668181645000004,0.010146986547244552,0.07031250058207661,0.18486764281988144,1.0,0.0114975,4.0,0.5525,0.014217242773156613,0.06665405817329884,0.005739029962569475,3.946583873926102e-06,1.5823705510342734e-06,34149.962,1.0,32799.111953125,3.0885971425766316e-06,780.7216324416655,1856.0,1.0,,179,,,,,,,,
4.63975164500016,0.003578062183461128,0.04299316450487822,0.18603403493762016,0.0,0.01145,4.0,0.55,0.01427359355147928,0.06497319461777806,0.00571491860318929,3.443835964844766e-06,1.145656405299178e-06,34449.28200000001,1.0,32849.327718750006,3.0885971425766316e-06,686.2211088131447,1856.0,1.0,0.464996337890625,180,34653.877250000005,34574.53,34078.0695,70000042,34102.1564,best_of_k,34574.53,220.5948562385687
3.754034989000047,0.009074338377395463,0.08356933610048145,0.1894515659660101,0.0,0.011402500000000001,4.0,0.5475,0.014273421198595315,0.0686172703281045,0.005582348152529448,3.4902921441926082e-06,1.10721861545926e-06,34409.05825,1.0,32883.357980468754,3.0885971425766316e-06,762.56968548314,1856.0,1.0,,181,,,,,,,,
3.6747405680002885,0.009127660135444415,0.07871093787252903,0.18469626922160387,0.0,0.011355,4.0,0.5449999999999999,0.008495309739373624,0.07027763314545155,5.74612058699131e-05,3.538057370633396e-06,1.3680456518727624e-06,34501.09275,1.0,32956.48425,3.0885971425766316e-06,742.0227784127127,1856.0,1.0,,182,,,,,,,,
3.975956490000044,0.009550016759813929,0.09113769512623549,0.18628983944654465,0.0,0.0113075,4.0,0.5425,0.011216317801881814,0.0694556599482894,0.0026860847137868404,3.6896377082484832e-06,1.4848800304889664e-06,34370.48475,1.0,32883.573976562504,3.0885971425766316e-06,793.9143145806863,1856.0,1.0,,183,,,,,,,,
4.626402655999755,0.006172553519999013,0.06562500051222742,0.1855588937178254,0.0,0.011260000000000001,4.0,0.54,0.009680138537078165,0.07079955493099988,0.001198404519527685,3.5030618192877228e-06,1.2844757364405268e-06,34180.905,1.0,32924.75094921875,3.0885971425766316e-06,725.6684716757277,1856.0,1.0,,184,,,,,,,,
3.6642091730000175,0.009092460622682097,0.08364257868379354,0.18716092128306627,0.0,0.0112125,4.0,0.5375,0.012287411140277982,0.07102144788950682,0.0037248539738357067,3.0038984561997495e-06,1.07804424231972e-06,34188.877,1.0,32860.00208984375,3.0885971425766316e-06,700.600402867066,1856.0,1.0,,185,,,,,,,,
3.616320635000193,0.009531441933223306,0.07524414150975645,0.19507781881839037,0.0,0.011165,4.0,0.5349999999999999,0.010454731294885278,0.068871098337695,0.0014687912771478295,4.129869026314736e-06,1.164764150018982e-06,34538.31675,1.0,32855.12940625,3.0885971425766316e-06,726.2642284543019,1856.0,1.0,,186,,,,,,,,
5.459636440000395,0.013172410255503308,0.10412597702816129,0.1869584619998932,1.0,0.0111175,4.0,0.5325,0.020289187945309095,0.0717263980768621,0.011737679480575025,3.8762122613889005e-06,1.2305798691158998e-06,34301.1925,1.0,32802.7401875,3.0885971425766316e-06,719.9697543835717,1856.0,1.0,,187,,,,,,,,
3.742820493999716,0.007259173385865125,0.07299804699141532,0.1905960189178586,0.0,0.011070000000000002,4.0,0.53,0.01439031357949716,0.07495414465665817,0.005688295292202383,6.220112169330605e-06,2.673909953898601e-06,34206.38025,1.0,32536.9378828125,3.0885971425766316e-06,892.5319058051243,1856.0,1.0,,188,,,,,,,,
3.6710816259997046,0.015399039833063455,0.09699707012623549,0.19200256373733282,1.0,0.011022500000000001,4.0,0.5275000000000001,0.01565323388786055,0.07521031284704804,0.006880373024614528,1.0829249703192545e-05,1.309810848226789e-06,34148.068250000004,1.0,32736.8199140625,3.0885971425766316e-06,743.5363300623125,1856.0,1.0,,189,,,,,,,,
4.750302195999666,0.0068570408317967235,0.06269531301222742,0.18185377959161997,0.0,0.010975,4.0,0.525,0.005753483172156848,0.07854267442598939,-0.002479527553077787,1.7380603225092273e-05,1.177715283517955e-06,34102.923,1.0,32644.28588671875,3.0885971425766316e-06,757.7533600186525,1856.0,1.0,0.5835598707199097,190,,,,,,,,
4.250591174999954,0.011060851372210578,0.09914550837129354,0.18635197915136814,0.0,0.010927500000000001,4.0,0.5225,0.014100105545367114,0.07256720587611198,0.0055734008201397955,1.3398958913057868e-05,1.4891257293925264e-06,34196.662000000004,1.0,32644.9902734375,3.0885971425766316e-06,815.8247342816476,1856.0,1.0,,191,,,,,,,,
3.6653160579999167,0.0065427050596440495,0.06992187490686774,0.18097666557878256,0.0,0.01088,4.0,0.52,0.012850566126871854,0.07276412565261126,0.004592245299136266,5.930147835897515e-06,1.1355049451822197e-06,33975.128500000006,1.0,32669.736117187498,3.0885971425766316e-06,671.0185573912951,1856.0,1.0,,192,,,,,,,,
3.732513868999831,0.0036245169230824104,0.04501953150611371,0.17848969157785177,0.0,0.0108325,4.0,0.5175000000000001,0.014223669291823171,0.07491381652653217,0.006108215777203441,1.7871759865784043e-05,1.3679518460207873e-06,34204.36625,1.0,32709.53537890625,3.0885971425766316e-06,714.0749027615481,1856.0,1.0,,193,,,,,,,,
5.042204695000237,0.01120670774731991,0.07701822929084301,0.18409508342544237,1.0,0.010785000000000001,3.0,0.515,0.013101661655430993,0.07559621209899585,0.0047007024598618346,0.00010672163072437495,1.6751911099769738e-06,34016.8135,1.0,32773.791203125,3.0885971425766316e-06,726.4219785213851,1856.0,1.0,,194,,,,,,,,
3.629714434000107,0.014507241705800311,0.0881591800134629,0.18823391385376453,1.0,0.0107375,4.0,0.5125,0.018981192988576367,0.07217631372623146,0.010057405714178458,0.002820305216715724,1.010668349010757e-05,34556.00475,1.0,32994.61844921875,3.0885971425766316e-06,698.8070367115914,1856.0,1.0,,195,,,,,,,,
3.6277089509999314,0.008745666763140036,0.06818847730755806,0.19268896896392107,0.0,0.010690000000000002,4.0,0.51,0.01477360783610493,0.0742981662042439,0.002224147319793701,0.03636483266018331,0.00014555143030747786,34432.54025,1.0,32966.7775703125,3.0885971425766316e-06,706.1405666700815,1856.0,1.0,,196,,,,,,,,
4.379169807999915,0.005877626562298843,0.05229492182843387,0.19938329979777336,0.0,0.010642500000000001,4.0,0.5075000000000001,0.017681399127468467,0.08067276561632752,0.0057131690555252135,0.027797475375336944,0.00015575437817005877,34224.068250000004,1.0,32845.7620703125,3.0885971425766316e-06,772.301524436848,1856.0,1.0,,197,,,,,,,,
4.205635450000045,0.007826107102719249,0.07431640638969839,0.1927119391039014,0.0,0.010595,4.0,0.505,0.013987834714498604,0.07621450908482075,0.003505265794501611,0.014374543889061897,0.0004340200061392352,34245.67425,1.0,32911.17117578125,3.0885971425766316e-06,695.0080572362904,1856.0,1.0,,198,,,,,,,,
3.638698765999834,0.004141725184631184,0.048144532018341124,0.20040521398186684,0.0,0.010547500000000001,4.0,0.5025,0.013153236512152944,0.0780035825446248,0.0022533913142979145,0.01510695761135139,0.0003832631762179517,34092.59,1.0,32803.1508515625,3.0885971425766316e-06,698.2903677512608,1856.0,1.0,,199,,,,,,,,
4.174408268000207,0.0074590234620330875,0.07145996124017984,0.18583656568080187,0.0,0.0105,4.0,0.5,0.013666613318491727,0.07397579262033105,0.004536386462859809,0.005929828250373248,4.4320318409063475e-05,34078.0695,1.0,32758.535597656257,3.0885971425766316e-06,734.3681647550791,1856.0,1.0,0.6252389550209045,200,34653.877250000005,34365.904500000004,34078.0695,70000042,34020.00508333334,best_of_k,34365.904500000004,226.22044858997012
4.219971475999955,0.009106170376494305,0.08269042987376451,0.19458948634564877,0.0,0.010452500000000002,4.0,0.49750000000000005,0.015825403737835586,0.0670160420704633,0.006569675024366006,0.0012270346960576717,0.0002080700459146101,34224.61125,1.0,32789.2374453125,3.0885971425766316e-06,758.794648414234,1856.0,1.0,,201,,,,,,,,
3.6559062450000965,0.007574993818330711,0.056274414295330644,0.1880356092005968,0.0,0.010405000000000001,4.0,0.495,0.011592740716878325,0.06484064599499106,0.0028303620929364115,0.00023471135148156463,2.3585903036860145e-05,34078.0695,1.0,32739.84355078125,3.0885971425766316e-06,702.2698187884572,1856.0,1.0,,202,,,,,,,,
3.7420095249999576,0.007807962107328592,0.06018066412070766,0.18312770407646894,0.0,0.010357500000000002,4.0,0.49250000000000005,0.007952067709993571,0.06432074378244579,-0.0005533051444217563,4.307178687668056e-05,2.176519618757311e-05,34107.41875,1.0,32747.077816406254,3.0885971425766316e-06,727.7426839473271,1856.0,1.0,,203,,,,,,,,
5.429743708999922,0.012346471064610398,0.07229003915563226,0.18219652492552996,1.0,0.01031,4.0,0.49,0.014294102642452344,0.06463232031092048,0.005842022132128477,2.1347119627534994e-05,1.2959848469051849e-05,34049.029500000004,1.0,32717.143714843754,3.0885971425766316e-06,679.6535443173584,1856.0,1.0,,204,,,,,,,,
3.6793620410003314,0.0061125100847228,0.05654296884313226,0.18937248829752207,0.0,0.0102625,4.0,0.48750000000000004,0.014975932950619608,0.06652101804502308,0.006187137507367879,9.376711858521958e-06,3.8093741636657796e-06,33754.74025,1.0,32589.785042968753,3.0885971425766316e-06,658.8415584652483,1856.0,1.0,,205,,,,,,,,
3.648217387999921,0.012578526545386381,0.06970214878674597,0.1908030454069376,1.0,0.010215,4.0,0.485,0.012411604373482987,0.065909557742998,0.003538842953275889,1.2996125036579542e-05,9.151636824356046e-06,34071.58825,1.0,32646.14600390625,3.0885971425766316e-06,747.3323754154375,1856.0,1.0,,206,,,,,,,,
4.108795606000058,0.014367782844821875,0.06376953236758709,0.1883079558610916,1.0,0.010167500000000001,2.0,0.48250000000000004,0.0034974286681972444,0.06656756345182657,-0.005252625443972647,2.188162136462779e-05,1.8588995203572267e-05,34071.58825,1.0,32718.95633203125,3.0885971425766316e-06,811.3359567843459,1856.0,1.0,,207,,,,,,,,
4.294270788000176,0.007844523000528625,0.05866699223406613,0.18119396455585957,0.0,0.01012,4.0,0.48,0.014955677383113652,0.06116044241935015,0.006485732912551612,4.298552718751125e-05,4.9782118651364726e-05,34228.570250000004,1.0,32725.974996093748,3.0885971425766316e-06,755.8598088853588,1856.0,1.0,,208,,,,,,,,
3.7616114200000084,0.007187594168090783,0.05756835965439677,0.1782471090555191,0.0,0.010072500000000002,4.0,0.47750000000000004,0.009978717745980248,0.06200500298291445,0.0016699828556738794,3.829669509514133e-05,3.4190235780329203e-05,34099.159250000004,1.0,32791.231453125,3.0885971425766316e-06,728.305242745295,1856.0,1.0,,209,,,,,,,,
4.401156184999763,0.01705702242933782,0.0896484381519258,0.17401560954749584,1.0,0.010025000000000001,4.0,0.475,0.010676031801267527,0.057252657832577825,0.0025265298318117857,4.784409404123835e-05,3.5789533740171464e-05,34087.58,1.0,32804.16113671875,3.0885971425766316e-06,723.7695392190903,1856.0,1.0,0.6553967595100403,210,,,,,,,,
5.078369197000029,0.0050469636998293765,0.038696289411745965,0.17349991016089916,0.0,0.009977500000000002,4.0,0.47250000000000003,0.008574957348173484,0.05921066948212683,0.0004828074470424326,2.0569547302784486e-05,1.1743796811458651e-05,34074.780249999996,1.0,32722.401734375,3.0885971425766316e-06,698.2078129358634,1856.0,1.0,,211,,,,,,,,
2.733672306000244,0.02469505587642118,0.09990234300494194,0.17060790210962296,1.0,0.00993,1.0,0.47,0.01752643776126206,0.05451458413153887,0.009528995957225561,2.6432117010699585e-05,1.1462664190275973e-05,34078.0695,1.0,32738.32233203125,3.0885971425766316e-06,676.0606661454597,1856.0,1.0,,212,,,,,,,,
3.7665564449998783,0.004637774506861092,0.047802734770812094,0.16836710833013058,0.0,0.0098825,4.0,0.4675,0.008914823447412346,0.053217969834804535,0.0010193382622674108,1.1417957466619555e-05,3.827749196716468e-06,33708.51975,1.0,32372.090375,3.0885971425766316e-06,788.1213261321786,1856.0,1.0,,213,,,,,,,,
3.7390009539999483,0.01563107217825177,0.0797363284509629,0.16811939887702465,1.0,0.009835,2.0,0.46499999999999997,0.015941327554173768,0.05927263060584664,0.008116655983030796,8.982809617918974e-06,1.4992959194159994e-06,33872.0665,1.0,32337.8321015625,3.0885971425766316e-06,813.6135975067396,1856.0,1.0,,214,,,,,,,,
4.089403224000307,0.011358865859882883,0.06967773498035967,0.17100081406533718,1.0,0.009787500000000001,2.0,0.4625,0.00208269408904016,0.0627778829075396,-0.005854663206264377,7.832640733340668e-06,1.9410822602594635e-06,34071.58825,1.0,32458.7675625,3.0885971425766316e-06,785.675275359776,1856.0,1.0,,215,,,,,,,,
3.049543643999641,0.013735544273167477,0.06337890680879354,0.17019092291593552,1.0,0.00974,2.0,0.45999999999999996,0.006845207361038774,0.0607534977607429,-0.0010740184225142002,7.385613173482852e-06,1.36168839048878e-06,34078.0695,1.0,32518.4222734375,3.0885971425766316e-06,704.7234269679798,1856.0,1.0,,216,,,,,,,,
3.6860304209999413,0.007441262194891607,0.05341796902939677,0.17138021811842918,0.0,0.009692500000000001,4.0,0.4575,0.009799264109460637,0.05960237211547792,0.0018066613702103496,6.404820055649907e-06,1.2936956395037669e-06,34039.182,1.0,32514.08296875,3.0885971425766316e-06,799.3162279320119,1856.0,1.0,,217,,,,,,,,
4.427923554999779,0.009355097667615553,0.07456054771319032,0.17292567901313305,0.0,0.009644999999999999,4.0,0.45499999999999996,0.014763631741516292,0.05747701204381883,0.0066704098717309535,7.237654813252448e-06,1.158612271012771e-06,34421.152500000004,1.0,32754.134898437504,3.0885971425766316e-06,730.396217498281,1856.0,1.0,,218,,,,,,,,
4.1915628219999235,0.0072229629412383645,0.0582519534509629,0.17063453141599894,0.0,0.0095975,4.0,0.4525,0.004017534345621243,0.05750117520801723,-0.003963455790653825,6.360077605904735e-06,9.907433522471365e-07,34266.80425,1.0,32610.52272265625,3.0885971425766316e-06,754.1121809871067,1856.0,1.0,,219,,,,,,,,
4.055513490999601,0.0072005031950901355,0.06936035212129354,0.1689794110134244,0.0,0.00955,4.0,0.44999999999999996,0.009246487563359551,0.06276468909345567,0.0013957100454717875,6.5692639736880665e-06,1.1058720090773022e-06,34014.7095,1.0,32488.748535156257,3.0885971425766316e-06,759.0721777473402,1856.0,1.0,0.621567964553833,220,34653.877250000005,34627.274,34078.0695,70000042,34002.523100000006,best_of_k,34627.274,191.5599705062319
3.6612183019997246,0.023926401404594344,0.10175781324505806,0.17707762122154236,1.0,0.0095025,1.0,0.4475,0.015205867355689406,0.05869373120367527,0.006908360170200467,6.029043788657873e-06,1.5204759051812289e-06,34224.068250000004,1.0,32722.819804687504,3.0885971425766316e-06,802.4459513983876,1856.0,1.0,,221,,,,,,,,
4.600407342999915,0.0038094922362681416,0.04011230485048145,0.1659824764356017,0.0,0.009455,4.0,0.44499999999999995,0.00395366352313431,0.052908011712133884,-0.003846290535875596,4.784560829307338e-06,1.1941624862288336e-06,34206.38025,1.0,32867.97075390625,3.0885971425766316e-06,637.3133597652455,1856.0,1.0,,222,,,,,,,,
4.004096853000192,0.005537212760664545,0.05793457094114274,0.16791960783302784,0.0,0.009407500000000001,4.0,0.4425,0.006522082087030867,0.05884484248235822,-0.0013213084312155843,4.893949480333504e-06,1.0074314076291557e-06,34435.4645,1.0,32930.807687500004,3.0885971425766316e-06,719.8519463038853,1856.0,1.0,,223,,,,,,,,
3.6435958060001212,0.005077979218047091,0.05783691426040605,0.1700751045718789,0.0,0.00936,4.0,0.43999999999999995,0.009620643919333816,0.06451225839555264,0.0017197515699081123,5.1369741811413405e-06,9.157809870430356e-07,34078.6125,1.0,32880.1089375,3.0885971425766316e-06,665.7977653979609,1856.0,1.0,,224,,,,,,,,
5.5736162009998225,0.005796399262223417,0.0577636722009629,0.1757226139307022,0.0,0.009312500000000001,4.0,0.4375,0.00439467894466361,0.06363228149712086,-0.0038000729109626263,5.393392555674836e-06,1.3141118344606184e-06,34601.66775,1.0,33029.01009765625,3.0885971425766316e-06,830.7829324923174,1856.0,1.0,,225,,,,,,,,
3.6888801609998154,0.0033862949804550624,0.039331054547801614,0.17497260123491287,0.0,0.009265000000000002,4.0,0.43500000000000005,0.009071575215784833,0.06248171627521515,0.0009004875901155174,5.3100178547538235e-06,1.638377902679622e-06,34576.9315,1.0,33070.21081640625,3.0885971425766316e-06,762.6334798855805,1856.0,1.0,,226,,,,,,,,
3.621194368000033,0.004992270323846526,0.03977050824323669,0.18106110207736492,0.0,0.0092175,4.0,0.4325,0.00621877370213042,0.06225390615873039,-0.0022618051734752953,5.303588977767504e-06,1.6369169699714803e-06,34579.26925,1.0,33150.56191796875,3.0885971425766316e-06,668.8023033550398,1856.0,1.0,,227,,,,,,,,
4.6354559139999765,0.008161547403496172,0.06071777385659516,0.1744418265298009,0.0,0.009170000000000001,4.0,0.43000000000000005,0.010705477994633839,0.05839286092668772,0.0025177703355439007,4.981580900675908e-06,1.1619021691444686e-06,34633.802,1.0,33226.54692187501,3.0885971425766316e-06,785.6778221725477,1856.0,1.0,,228,,,,,,,,
4.126668969000093,0.004317514547921064,0.04645996098406613,0.18190652783960104,0.0,0.0091225,4.0,0.4275,0.00543670856859535,0.06584577751345932,-0.003059334456338547,5.593678110926703e-06,1.6696623106327024e-06,34634.802,1.0,32984.31936328125,3.0885971425766316e-06,860.8695657697352,1856.0,1.0,,229,,,,,,,,
3.9430222559999493,0.0072134218479718015,0.061279297107830644,0.17416039388626814,0.0,0.009075000000000001,4.0,0.42500000000000004,0.0066432757885195315,0.057698313845321536,-0.0015422888682223856,5.377063899913992e-06,1.2389224366415874e-06,34579.9895,1.0,33159.145941406256,3.0885971425766316e-06,709.871378405274,1856.0,1.0,0.25220251083374023,230,,,,,,,,
3.684738959999777,0.009427595371157338,0.04833984363358468,0.16803253907710314,0.0,0.0090275,4.0,0.4225,0.015403217359562404,0.051990182138979435,0.007469927339116111,4.257134321505873e-06,1.1567255882027894e-06,34549.5235,1.0,33298.91783593751,3.0885971425766316e-06,623.2387914213683,1856.0,1.0,,231,,,,,,,,
5.263747670000157,0.007046325134108855,0.055810547433793545,0.17763097491115332,0.0,0.008980000000000002,4.0,0.42000000000000004,0.012681559601332992,0.053470245096832514,0.004279198619769886,4.6757332938796026e-06,1.0137996611092603e-06,34601.66775,1.0,33174.54225,3.0885971425766316e-06,727.8553342455812,1856.0,1.0,,232,,,,,,,,
3.6299307489998682,0.006624095722624901,0.04768066410906613,0.1693923259153962,0.0,0.008932500000000001,4.0,0.4175,0.0144403405211051,0.048462236765772104,0.006402479368261993,4.727794106429428e-06,1.3207729736564033e-06,34634.802,1.0,33264.523292968755,3.0885971425766316e-06,694.7914725063487,1856.0,1.0,,233,,,,,,,,
3.725630426999942,0.0047429370647016356,0.03884277364704758,0.16866993438452482,0.0,0.008885,4.0,0.41500000000000004,0.007760676337056793,0.04994673514738679,-0.00023025240807328373,5.077105100781409e-06,1.4033691577708396e-06,34634.802,1.0,33210.34689453125,3.0885971425766316e-06,725.6797671540526,1856.0,1.0,,234,,,,,,,,
4.839129473999947,0.002565402254489868,0.024243164574727416,0.16610617749392986,0.0,0.0088375,4.0,0.4125,0.006943976492038928,0.04598648031242192,-0.0009558270685374737,4.223954078952374e-06,9.537731351372258e-07,34607.39575,1.0,33300.08722265625,3.0885971425766316e-06,637.9839475431953,1856.0,1.0,,235,,,,,,,,
3.883597398999882,0.004929936186560013,0.04272460949141532,0.16731819044798613,0.0,0.008790000000000001,4.0,0.41000000000000003,0.011197806816198863,0.0486895777285099,0.003258986122091301,4.10903518854866e-06,9.621583778596232e-07,34629.074,1.0,33244.3369375,3.0885971425766316e-06,761.0266267152242,1856.0,1.0,,236,,,,,,,,
3.7454885890001606,0.0021497719892487055,0.026416015840368345,0.1645975075662136,0.0,0.0087425,4.0,0.4075,0.004923934138787445,0.04768042708747089,-0.002889920593588613,3.93948944577005e-06,8.62334889717431e-07,34556.00475,1.0,33302.90932421875,3.0885971425766316e-06,670.8089365873118,1856.0,1.0,,237,,,,,,,,
3.6815765199999078,0.004237945835129153,0.03103027364704758,0.15956214629113674,0.0,0.008695000000000001,4.0,0.405,0.011551875562872738,0.047291360795497894,0.003984134818892926,3.7084204933535148e-06,9.22131334846199e-07,34633.802,1.0,33284.821484375,3.0885971425766316e-06,655.4060121326334,1856.0,1.0,,238,,,,,,,,
5.1457660429996395,0.004444548969200213,0.04235839890316129,0.1590985171496868,0.0,0.0086475,4.0,0.40249999999999997,0.007537808734923601,0.04617363563738763,-1.8784136045724154e-05,3.8365747769830705e-06,1.1377881321550376e-06,34556.00475,1.0,33299.18722265625,3.0885971425766316e-06,598.4880608561166,1856.0,1.0,,239,,,,,,,,
3.96609797300016,0.00934375733599424,0.05417480506002903,0.1699051922187209,0.0,0.008600000000000002,4.0,0.4,0.0030033005750738084,0.04798353696241975,-0.005080625996924937,4.293937919896962e-06,1.7868321720015956e-06,34629.074,1.0,33161.520796875004,3.0885971425766316e-06,603.2262548043535,1856.0,1.0,0.2359371930360794,240,34653.877250000005,34634.802,34556.00475,70000042,34370.69095,best_of_k,34634.802,221.9837586716977
3.098100051000074,0.010864984430121183,0.042187499813735485,0.15479371137917042,1.0,0.0085525,2.0,0.39749999999999996,0.009851940616499633,0.04746295977383852,0.0025173304602503777,3.945537230265472e-06,9.160086449355731e-07,34633.802,1.0,33180.29737500001,3.0885971425766316e-06,734.7529602712783,1856.0,1.0,,241,,,,,,,,
5.392994724000346,0.006278781349021045,0.04411621124017984,0.16827584616839886,0.0,0.008505,4.0,0.395,0.014214712187822443,0.050596768502146006,0.006230257044080645,4.285405054815783e-06,1.1183379555745887e-06,34549.5235,1.0,33225.8230703125,3.0885971425766316e-06,734.7544615499736,1856.0,1.0,,242,,,,,,,,
4.041401343999951,0.0033419113559780556,0.03315429692156613,0.16308833379298449,0.0,0.0084575,4.0,0.39249999999999996,0.0076573153182835085,0.046098675578832626,-0.0001080303336493671,3.660424482632152e-06,8.859919091719348e-07,34633.802,1.0,33290.404371093755,3.0885971425766316e-06,715.8374307355813,1856.0,1.0,,243,,,,,,,,
3.6240475940003307,0.0028842696861026695,0.029882812581490725,0.15972628258168697,0.0,0.00841,4.0,0.39,0.009389110637130216,0.04691255558282137,0.0017966183659154922,3.5577912314010973e-06,7.120858676046282e-07,34600.9145,1.0,33282.726640625,3.0885971425766316e-06,702.4439324708549,1856.0,1.0,,244,,,,,,,,
4.878870712999742,0.009123922235175996,0.052563476958312094,0.153350499458611,0.0,0.0083625,4.0,0.38749999999999996,0.010596137166430708,0.04508916917257011,0.003304942772956565,3.242676257286803e-06,8.066710854848225e-07,34438.8435,1.0,33306.294191406254,3.0885971425766316e-06,645.478836072963,1856.0,1.0,,245,,,,,,,,
2.7712563760001103,0.029202253086594965,0.08037109300494194,0.16861193999648094,1.0,0.008315000000000001,1.0,0.385,0.03492767293937504,0.04760054498910904,0.026892052963376045,3.6492103845375823e-06,9.134056853099537e-07,34618.859500000006,1.0,33269.477390625,3.0885971425766316e-06,717.9918238404748,1856.0,1.0,,246,,,,,,,,
3.6514064670000153,0.012684559955889796,0.07287597679533064,0.16668875515460968,1.0,0.0082675,4.0,0.38249999999999995,0.006839368637884036,0.048797691240906715,-0.001092455699108541,3.5764825838668912e-06,9.276886814291174e-07,34579.9895,1.0,33079.72241015625,3.0885971425766316e-06,700.53475420337,1856.0,1.0,,247,,,,,,,,
3.644109756999569,0.004952278101775676,0.05375976592767984,0.1678698370233178,0.0,0.008220000000000002,4.0,0.38,0.010559680114965886,0.05016885115765035,0.0025777659525374474,3.68329583011473e-06,8.823758506082413e-07,34549.5235,1.0,33269.47240625,3.0885971425766316e-06,719.6326121026802,1856.0,1.0,,248,,,,,,,,
5.471797353999591,0.00756219847809092,0.05830078152939677,0.16412635799497366,0.0,0.0081725,4.0,0.37749999999999995,0.012329290620982647,0.05314291827380657,0.004556412692181766,3.624384589784313e-06,1.0161073475956073e-06,34576.9315,1.0,33277.32546484375,3.0885971425766316e-06,695.3683292620573,1856.0,1.0,,249,,,,,,,,
3.960495033999905,0.0030981613905893823,0.038452148728538305,0.16775229386985302,0.0,0.008125,4.0,0.375,0.005886790619115345,0.05715731089003384,-0.002037108992226422,3.2522618909069934e-06,7.25198677997696e-07,34634.802,1.0,33293.287398437504,3.0885971425766316e-06,705.6549244310694,1856.0,1.0,0.25775596499443054,250,,,,,,,,
3.6794242129999475,0.010066904071511118,0.06757812551222742,0.167658481746912,0.0,0.008077500000000001,4.0,0.37250000000000005,0.01385912238038145,0.05634439829736948,0.005930547515163198,3.280046911413592e-06,8.864703175959221e-07,34600.9145,1.0,33299.50133593751,3.0885971425766316e-06,627.1680854436684,1856.0,1.0,,251,,,,,,,,
4.4948638449996,0.00330039322587794,0.04367675818502903,0.17036825604736805,0.0,0.00803,4.0,0.37,0.00683012479566969,0.0589817650616169,-0.0012155448785051703,3.6733845121261766e-06,1.0270900077102851e-06,34556.00475,1.0,33231.2792734375,3.0885971425766316e-06,742.2658000796199,1856.0,1.0,,252,,,,,,,,
4.185372055000244,0.00482294287377627,0.03388671902939677,0.17274911515414715,0.0,0.007982500000000002,4.0,0.36750000000000005,0.010250520339468494,0.058103294344618917,0.002076071919873357,3.381183901751683e-06,9.293133054200098e-07,34634.802,1.0,33245.60160156251,3.0885971425766316e-06,708.1234336278435,1856.0,1.0,,253,,,,,,,,
3.6622889310001483,0.0028925390763561154,0.03278808610048145,0.1788378357887268,0.0,0.007935000000000001,4.0,0.365,0.00705983424995793,0.06311320164240897,-0.0013820044696331024,3.2258482178804115e-06,8.566330578219095e-07,34501.09275,1.0,33210.42929687501,3.0885971425766316e-06,713.6019800686933,1856.0,1.0,,254,,,,,,,,
3.6863594290002766,0.004167345026829139,0.034301758161745965,0.18086752202361822,0.0,0.007887500000000002,4.0,0.36250000000000004,0.010348996904212981,0.06310311798006296,0.0018025992612820119,3.2835333811931378e-06,8.381399254631106e-07,34509.0405,1.0,33226.60327734375,3.0885971425766316e-06,678.4463160328052,1856.0,1.0,,255,,,,,,,,
5.338445657000193,0.0032887170772983865,0.034545898670330644,0.17706895805895329,0.0,0.00784,4.0,0.36,0.00373364012921229,0.06359444139525294,-0.004621910804416984,3.0887530186873846e-06,7.499187972825894e-07,34578.9755,1.0,33301.404484375,3.0885971425766316e-06,636.2429527399637,1856.0,1.0,,256,,,,,,,,
3.6200355119999585,0.002208576038048804,0.025878906424622983,0.17912039253860712,0.0,0.007792500000000001,4.0,0.35750000000000004,0.00987028464442119,0.0669492136221379,0.0014351921163324732,3.7257574234672575e-06,8.018998336467575e-07,34607.39575,1.0,33256.95219140625,3.0885971425766316e-06,726.5674546058491,1856.0,1.0,,257,,,,,,,,
3.598895812000137,0.005395104053722122,0.03496093756984919,0.1734721027314663,0.0,0.007745,4.0,0.355,0.010447985681821592,0.0615414516068995,0.002250318939331919,3.3141293442895403e-06,7.374981123575708e-07,34582.41275,1.0,33303.30531640625,3.0885971425766316e-06,667.2461902506487,1856.0,1.0,,258,,,,,,,,
4.405995523000001,0.004230879964644885,0.027075195335783064,0.17173904739320278,0.0,0.007697500000000001,4.0,0.35250000000000004,0.01053900076658465,0.06134894164279103,0.002423592930426821,3.210983436474635e-06,7.333872105164119e-07,34633.802,1.0,33297.82061328125,3.0885971425766316e-06,718.8619931973195,1856.0,1.0,,259,,,,,,,,
4.3162723489999735,0.0033003562864113434,0.03103027364704758,0.16638408694416285,0.0,0.0076500000000000005,4.0,0.35,0.003832814662018791,0.06080274656414986,-0.004021934335469268,3.272396952525014e-06,7.191110356075114e-07,34639.971750000004,1.0,33318.405343750004,3.0885971425766316e-06,651.1886898832631,1856.0,1.0,0.3095382750034332,260,34653.877250000005,34634.802,34224.068250000004,70000042,34340.478975000005,best_of_k,34634.802,257.4677156311495
3.6202095379999264,0.006882996881099501,0.054321289295330644,0.1755159916356206,0.0,0.007602500000000002,4.0,0.34750000000000003,4.21596341766417e-05,0.07082541729323566,-0.00819600303657353,3.6767532378689793e-06,8.90106004902691e-07,34667.0135,1.0,33224.00891796875,3.0885971425766316e-06,705.5524987438687,1856.0,1.0,,261,,,,,,,,
4.119748400999924,0.0023291996728556086,0.02941894534160383,0.18096526991575956,0.0,0.007555000000000001,4.0,0.345,0.005186159425647929,0.07193182734772563,-0.0033193980052601546,3.545614831068633e-06,7.667661172661155e-07,34437.226,1.0,33230.988398437505,3.0885971425766316e-06,666.8823368980592,1856.0,1.0,,262,,,,,,,,
4.433875805999833,0.006411675903503777,0.06220703129656613,0.18162075616419315,0.0,0.007507500000000002,4.0,0.3425,0.01005246859494946,0.07226349064148962,0.0015130433603189886,4.185192111094693e-06,9.726802119303102e-07,34485.411,1.0,33214.33675,3.0885971425766316e-06,755.4170441879473,1856.0,1.0,,263,,,,,,,,
3.6370848459996523,0.002752270700881354,0.031591797014698386,0.18625346291810274,0.0,0.00746,4.0,0.33999999999999997,0.007786105314153247,0.07398414565250278,-0.0009757808002177626,4.205751324093399e-06,1.4270555510620397e-06,34515.13875,1.0,33169.69623828125,3.0885971425766316e-06,688.0270818264551,1856.0,1.0,,264,,,,,,,,
3.607681221999883,0.00501127413450142,0.04304199235048145,0.1820472776889801,0.0,0.007412500000000001,4.0,0.3375,0.008487667568260804,0.07160803792066872,-8.503708522766829e-05,3.564401779954096e-06,1.5589929915904577e-06,34459.442,1.0,33199.4208984375,3.0885971425766316e-06,690.79289274965,1856.0,1.0,,265,,,,,,,,
5.390228293000291,0.004600795714903683,0.05834960984066129,0.17633466143161058,0.0,0.007365,4.0,0.33499999999999996,0.012745405081659555,0.06668822234496474,0.004419048549607396,3.3239317076549924e-06,8.987977615504406e-07,34585.954,1.0,33268.1562421875,3.0885971425766316e-06,657.7611355814588,1856.0,1.0,,266,,,,,,,,
3.6659035689999655,0.009421778200456643,0.07121582073159516,0.178036124445498,0.0,0.007317500000000001,4.0,0.3325,0.00665585562819615,0.06907129823230207,-0.001741268002660945,3.1651172065494393e-06,8.583554524932424e-07,34556.00475,1.0,33226.46419140625,3.0885971425766316e-06,713.0625705968921,1856.0,1.0,,267,,,,,,,,
3.762163861999852,0.005261041441595893,0.04902343754656613,0.17638002708554268,0.0,0.00727,4.0,0.32999999999999996,0.008851287104334915,0.06825690157711506,0.0005278353346511722,2.9821511020600155e-06,7.600800024931686e-07,34576.4325,1.0,33248.47762890625,3.0885971425766316e-06,711.8954528939681,1856.0,1.0,,268,,,,,,,,
4.373325971000213,0.005030439419632771,0.055517578264698386,0.184358193539083,0.0,0.0072225000000000015,4.0,0.3275,0.005022375349653885,0.07041510799899697,-0.00368777519906871,3.4708545655348644e-06,9.338846282958002e-07,34601.3555,1.0,33136.47118750001,3.0885971425766316e-06,807.3381315323059,1856.0,1.0,,269,,,,,,,,
4.615598417000001,0.003895985086778353,0.04003906261641532,0.17910769116133451,0.0,0.007174999999999999,4.0,0.32499999999999996,0.011995082459179685,0.06631549308076501,0.0035147194867022336,3.165936206528386e-06,9.508023381954445e-07,34634.802,1.0,33265.737910156255,3.0885971425766316e-06,717.9131284400949,1856.0,1.0,0.28288733959198,270,,,,,,,,
3.624089552999976,0.006838610071543627,0.05380859412252903,0.17795404326170683,0.0,0.0071275,4.0,0.3225,0.01175449724541977,0.06655086460523307,0.0033305472024949268,2.785946804806372e-06,6.202677305111592e-07,34613.688500000004,1.0,33271.033457031255,3.0885971425766316e-06,703.0822309376431,1856.0,1.0,,271,,,,,,,,
3.688328662999993,0.004643241459511671,0.03674316467368044,0.17726127617061138,0.0,0.0070799999999999995,4.0,0.31999999999999995,0.01005100535985548,0.06478127557784319,0.0016460190527141094,2.6394089331915893e-06,6.185117769064163e-07,34610.682,1.0,33310.16514453125,3.0885971425766316e-06,663.1005921366269,1856.0,1.0,,272,,,,,,,,
5.204606038999827,0.005889356407044133,0.028540039202198386,0.1715247593820095,0.0,0.0070325000000000006,4.0,0.3175,0.008817366237053648,0.06000883411616087,0.0006625598180107772,2.568799381208464e-06,6.470926372514896e-07,34634.802,1.0,33337.07905859375,3.0885971425766316e-06,638.6409307711037,1856.0,1.0,,273,,,,,,,,
3.6140710839999883,0.0024517037500384475,0.027758789248764515,0.171669558621943,0.0,0.006985,4.0,0.31499999999999995,0.007499375824409071,0.05709449597634375,-0.0006860906141810119,3.0876325638473645e-06,9.698820520043228e-07,34634.802,1.0,33259.26154296876,3.0885971425766316e-06,699.5760700872157,1856.0,1.0,,274,,,,,,,,
3.6385378290001427,0.0035545567843193737,0.019531250116415322,0.16597080137580633,0.0,0.006937500000000001,4.0,0.3125,0.007799001497915015,0.053993385285139084,-0.00012578134192153811,2.7132331297252676e-06,1.100802617060026e-06,34607.39575,1.0,33306.08864453125,3.0885971425766316e-06,642.1402838107488,1856.0,1.0,,275,,,,,,,,
4.592275751000216,0.0024860560152966116,0.020141601678915322,0.16634147427976131,0.0,0.006890000000000002,4.0,0.31000000000000005,0.0062257172976387665,0.055608918657526374,-0.0017087507294490933,2.384227933305283e-06,6.024233059065409e-07,34577.651750000005,1.0,33325.53193359375,3.0885971425766316e-06,720.6162617639756,1856.0,1.0,,276,,,,,,,,
3.8709338189996743,0.005407565322165908,0.04074707080144435,0.16684473678469658,0.0,0.006842500000000001,4.0,0.3075,0.009837873643846251,0.05879638413898647,0.001897239897516556,2.725072022258246e-06,8.770024670923249e-07,34633.802,1.0,33290.703289062505,3.0885971425766316e-06,668.1070377926765,1856.0,1.0,,277,,,,,,,,
3.584236823000083,0.002985303304924969,0.020507812689174898,0.17682107165455818,0.0,0.006795000000000002,4.0,0.30500000000000005,0.006879712746012956,0.059299581684172153,-0.0015591971459798515,3.1404512697008613e-06,9.652430676965196e-07,34436.4645,1.0,33266.34086328125,3.0885971425766316e-06,669.8509508952217,1856.0,1.0,,278,,,,,,,,
3.6710022419997586,0.00421719815677335,0.034375000395812094,0.16680530738085508,0.0,0.0067475,4.0,0.3025,0.014116227965132566,0.05549620953388512,0.0061497901333495975,3.0439565250617306e-06,6.575053355106775e-07,34545.346000000005,1.0,33319.19698828125,3.0885971425766316e-06,688.0663819276815,1856.0,1.0,,279,,,,,,,,
5.637411557999712,0.0029313679294666883,0.03164062512223609,0.17632430791854858,0.0,0.006700000000000001,4.0,0.30000000000000004,0.006952760420972481,0.06191859138198197,-0.0014494058559648693,3.451486620065225e-06,9.193628436321433e-07,34606.78925,1.0,33284.35928125,3.0885971425766316e-06,702.8235227609102,1856.0,1.0,0.3155173659324646,280,34667.0135,34634.802,34576.4325,70000042,34382.761516666666,best_of_k,34634.802,258.19426893516214
3.6711709329997575,0.0021226609489382042,0.020629882958019152,0.17592193558812141,0.0,0.0066525,4.0,0.2975,0.008167985186446458,0.059216381749138236,-0.00023512983898399398,3.721446049098631e-06,1.165392855995151e-06,34553.0745,1.0,33328.21008203125,3.0885971425766316e-06,675.7845217113163,1856.0,1.0,,281,,,,,,,,
3.7719571220000034,0.004115417310076808,0.022875976690556854,0.17635047994554043,0.0,0.0066050000000000015,4.0,0.29500000000000004,0.007597756484756246,0.05692633171565831,-0.0008468283776892349,5.2091408804244566e-06,5.0759907495034895e-06,34649.0085,1.0,33281.594582031255,3.0885971425766316e-06,757.741031326943,1856.0,1.0,,282,,,,,,,,
5.352661920999708,0.0032042329638350964,0.02766113297548145,0.1722282012924552,0.0,0.006557500000000001,4.0,0.2925,0.00555317184443993,0.055990291526541114,-0.0027049981872551143,6.907163424330065e-06,2.645090624042723e-05,34576.4325,1.0,33237.70216015625,3.0885971425766316e-06,706.0500792623038,1856.0,1.0,,283,,,,,,,,
3.7161368430001858,0.00667135089469717,0.03503417980391532,0.17012805305421352,0.0,0.006510000000000002,4.0,0.29000000000000004,0.004457521950826049,0.05720289493910968,-0.0037205134285613894,8.073538992903195e-06,8.643373653072217e-05,34649.0085,1.0,33328.1754375,3.0885971425766316e-06,724.5252246689676,1856.0,1.0,,284,,,,,,,,
3.7560069060000387,0.010059213764018082,0.07470703125,0.18153983540832996,0.0,0.0064624999999999995,4.0,0.2875,0.02014370239339769,0.05880259117111564,0.011310794681776315,3.7944048614235726e-06,0.0002710976932576159,34541.1125,1.0,33252.37029687501,3.0885971425766316e-06,749.4390853438089,1856.0,1.0,,285,,,,,,,,
4.793687365000096,0.008100535775755091,0.04560546961147338,0.18458488304167986,0.0,0.0064150000000000006,4.0,0.28500000000000003,0.004413134709466249,0.06146498373709619,-0.004796743392944336,1.937382893402173e-05,0.0007459888807943571,34575.4325,1.0,33151.24774609375,3.0885971425766316e-06,746.9952734062434,1856.0,1.0,,286,,,,,,,,
3.859602306999932,0.0020887717858588672,0.024707031378056854,0.18263048212975264,0.0,0.0063675,4.0,0.2825,0.007408954610582441,0.06270884070545435,-0.0016560654621571302,1.8585698782658255e-05,0.0006618691507185304,34737.9545,1.0,33216.068109375,3.0885971425766316e-06,762.0506137596634,1856.0,1.0,,287,,,,,,,,
3.723397139000099,0.00589122039197143,0.04558105499017984,0.18538892176002264,0.0,0.006320000000000001,4.0,0.28,0.009951243897376116,0.06127370009198785,0.0007990584708750248,1.1714458082678902e-05,0.0005376348262160491,34573.50875,1.0,33263.58465234375,3.0885971425766316e-06,728.5857071649223,1856.0,1.0,,288,,,,,,,,
3.6540102959997967,0.0023680866254629507,0.03354492224752903,0.17366639617830515,0.0,0.0062725,4.0,0.27749999999999997,0.012773553899023682,0.06430273223668337,0.004434492613654584,6.4441231444334335e-06,0.00011687080839806185,34649.0085,1.0,33287.22184765625,3.0885971425766316e-06,735.931622418823,1856.0,1.0,,289,,,,,,,,
5.388603756000066,0.0062615571743371845,0.04797363327816129,0.1793752033263445,0.0,0.006225000000000001,4.0,0.275,0.009912237779644784,0.07376194698736072,0.0013994096079841256,5.255046673369179e-06,5.4184338935669984e-06,34638.834500000004,1.0,33339.216820312504,3.0885971425766316e-06,717.5805397154835,1856.0,1.0,0.31840914487838745,290,,,,,,,,
3.6427901889996974,0.0020124933557852387,0.029467773463693447,0.18133742082864046,0.0,0.006177500000000001,4.0,0.27249999999999996,0.010051737728645094,0.07690168311819434,0.001458847473259084,3.0056263824462803e-06,1.5562942223823484e-06,34648.0085,1.0,33307.05478515626,3.0885971425766316e-06,699.0407468017179,1856.0,1.0,,291,,,,,,,,
3.67216102600014,0.0038148916173028624,0.02580566401593387,0.18228277284651995,0.0,0.006130000000000002,4.0,0.27,0.008818862617772538,0.07493293797597289,0.00016289594350382686,3.4651201872293313e-06,1.6397009972024534e-06,34708.18525,1.0,33211.422578125,3.0885971425766316e-06,746.6410000084975,1856.0,1.0,,292,,,,,,,,
4.962784293999903,0.0038664811873445615,0.04243164078798145,0.18154802732169628,0.0,0.006082499999999999,4.0,0.26749999999999996,0.006828737998148426,0.07341390801593661,-0.0018031887884717435,3.7113923809783955e-06,1.3877003937068366e-06,34580.815500000004,1.0,33261.462203125004,3.0885971425766316e-06,770.5188949661991,1856.0,1.0,,293,,,,,,,,
3.33501582100007,0.011677088365921406,0.06881510404249032,0.1790934590001901,1.0,0.006035,3.0,0.265,0.019104807773449767,0.07447812457879384,0.010598329089892408,7.0191446942165685e-06,1.1591621860892094e-06,34513.049750000006,1.0,33257.80571093751,3.0885971425766316e-06,697.1059272863783,1856.0,1.0,,294,,,,,,,,
3.621265626999957,0.011439069187478168,0.07812500069849193,0.1803140826523304,0.0,0.0059875,4.0,0.26249999999999996,0.010874120191147085,0.07625926844775677,0.002312210690433858,2.2825094433187587e-05,1.0506923899811227e-06,34575.4325,1.0,33329.20086328125,3.0885971425766316e-06,639.3940230518273,1856.0,1.0,,295,,,,,,,,
3.6580757699998685,0.0061150963571510175,0.05270996142644435,0.1837190231308341,0.0,0.005940000000000001,4.0,0.26,0.007531201699748635,0.08024879032745957,-0.0011844099385598383,5.58864047093266e-05,1.4970736330610634e-06,34723.459,1.0,33239.2271015625,3.0885971425766316e-06,735.8897215786129,1856.0,1.0,,296,,,,,,,,
5.219611620000251,0.0059490277339318,0.056298828683793545,0.18575009517371655,0.0,0.0058925,4.0,0.25749999999999995,0.011822548869531602,0.07889168756082654,0.0029973022174090147,2.0872066414767687e-05,1.0465533648584824e-06,34797.359500000006,1.0,33291.0692109375,3.0885971425766316e-06,718.2495557125342,1856.0,1.0,,297,,,,,,,,
3.6401299019998987,0.009517276539897424,0.07165527378674597,0.18369415495544672,0.0,0.005845000000000001,4.0,0.255,0.010286670069035608,0.08079281216487288,0.0015706100093666464,3.05824164712476e-05,1.0548820164046901e-06,34655.1775,1.0,33320.2817890625,3.0885971425766316e-06,696.5972498155103,1856.0,1.0,,298,,,,,,,,
3.6062949120000667,0.0033961488603715395,0.03361816413234919,0.17953947000205517,0.0,0.005797500000000001,4.0,0.25249999999999995,0.007965738695929758,0.07684578187763691,-0.0005685517971869558,2.3592291086060868e-05,9.422670501635366e-07,34713.8365,1.0,33334.30815234376,3.0885971425766316e-06,743.9170448129531,1856.0,1.0,,299,,,,,,,,
5.312376633999975,0.003517374881663926,0.03857421875,0.18239970970898867,0.0,0.005750000000000002,4.0,0.25,0.008799495015409775,0.07203660253435373,9.181088535115123e-05,1.2162568026496956e-05,1.3845393738165512e-06,34617.2315,1.0,33249.77634375,3.0885971425766316e-06,793.0413938441025,1856.0,1.0,0.37294822931289673,300,34797.359500000006,34892.6475,34649.0085,70000042,34456.557258333334,best_of_k,34892.6475,225.25739791934404
3.7386372210003174,0.005474957430076088,0.04804687562864274,0.17532621510326862,0.0,0.005702500000000001,4.0,0.24750000000000005,0.011519964082253864,0.07361527415923774,0.003172618569806218,3.26778558701335e-06,9.967637524255224e-07,34735.6955,1.0,33365.83708984376,3.0885971425766316e-06,719.8637001051546,1856.0,1.0,,301,,,,,,,,
3.648231637000208,0.0050951777592924685,0.044287109514698386,0.17826332058757544,0.0,0.005655,4.0,0.245,0.006288602548011113,0.07635417906567454,-0.0021936395787633955,3.4428553732368528e-06,1.0296207193505325e-06,34749.03325,1.0,33325.544109375,3.0885971425766316e-06,732.2747094690641,1856.0,1.0,,302,,,,,,,,
5.037204603999726,0.00882963294333905,0.0381103518884629,0.1708419006317854,0.0,0.005607500000000001,4.0,0.24250000000000005,0.007370883955445606,0.07093570264987648,-0.0007745558395981789,3.490333426725556e-06,1.5357184608433272e-06,34861.284250000004,1.0,33330.95623828126,3.0885971425766316e-06,719.033958328123,1856.0,1.0,,303,,,,,,,,
3.9183062189999873,0.0035209077916125153,0.027001953218132257,0.17078594770282507,0.0,0.005560000000000001,4.0,0.24,0.00575477241363842,0.07312004268169403,-0.0023787591417203657,2.8912301388572814e-06,9.85040138345994e-07,34715.992000000006,1.0,33376.8375,3.0885971425766316e-06,682.9940036687819,1856.0,1.0,,304,,,,,,,,
3.6827055210001163,0.003247461178231603,0.029589843994472176,0.1666100975126028,0.0,0.005512500000000002,4.0,0.23750000000000004,0.004331577947596088,0.07220371952280402,-0.003601860938942991,3.584623797792119e-06,1.196449161966484e-06,34890.6105,1.0,33330.89820703125,3.0885971425766316e-06,744.6466164248363,1856.0,1.0,,305,,,,,,,,
3.720969098000296,0.005861489878419945,0.04682617180515081,0.17270445730537176,0.0,0.005465000000000001,4.0,0.235,0.00544635239202762,0.07403195789083838,-0.002785031741950661,3.070170237151615e-06,8.757483058730031e-07,34883.647750000004,1.0,33324.744195312494,3.0885971425766316e-06,740.6932046822511,1856.0,1.0,,306,,,,,,,,
5.251052944000094,0.005363787027967248,0.034472656494472176,0.1766913589090109,0.0,0.005417500000000002,4.0,0.23250000000000004,0.009502555083599873,0.0758628137409687,0.0010782391327666119,2.5299975234815975e-06,9.625267765045464e-07,34649.0085,1.0,33347.893359375,3.0885971425766316e-06,637.926265529529,1856.0,1.0,,307,,,,,,,,
3.75231278199999,0.002048814326988335,0.027587890974245965,0.17253085132688284,0.0,0.00537,4.0,0.22999999999999998,0.004968273293343373,0.07551517663523555,-0.0032535515492781997,2.9133518069102138e-06,1.0151083849052611e-06,34843.8315,1.0,33351.93040625,3.0885971425766316e-06,705.9954693693936,1856.0,1.0,,308,,,,,,,,
3.8150130640001407,0.006499373713184653,0.04155273444484919,0.1764503512531519,0.0,0.005322500000000001,4.0,0.22750000000000004,0.012263808173884172,0.07197287166491151,0.003823543811449781,2.7974762417670718e-06,1.0868842821309954e-06,34829.32925,1.0,33314.62797265625,3.0885971425766316e-06,690.8645421197563,1856.0,1.0,,309,,,,,,,,
5.3490800269996726,0.00381750434556416,0.03334960942447651,0.16917838715016842,0.0,0.005275,4.0,0.22499999999999998,0.011878488265210763,0.0769550004042685,0.0038247857009992003,2.62825568597691e-06,9.149370825412007e-07,34649.5515,1.0,33310.8390859375,3.0885971425766316e-06,713.1268963886914,1856.0,1.0,0.24316248297691345,310,,,,,,,,
3.7352892339999926,0.0042817191040747105,0.04025878934771754,0.16839729342609644,0.0,0.005227500000000001,4.0,0.22250000000000003,0.009554336502333172,0.08396631572395563,0.001572661567479372,2.7050379998172502e-06,9.479568134906913e-07,34785.76125,1.0,33314.12191796875,3.0885971425766316e-06,745.8924089162408,1856.0,1.0,,311,,,,,,,,
3.6919261739999456,0.002479018616787343,0.022607422040891834,0.1680593639612198,0.0,0.005180000000000001,4.0,0.21999999999999997,0.01115580921759829,0.08029569080099463,0.00316814463440096,2.340214010132513e-06,7.874791982942497e-07,34883.647750000004,1.0,33388.904679687505,3.0885971425766316e-06,690.4685662546041,1856.0,1.0,,312,,,,,,,,
3.8991616900002555,0.005470196252165493,0.05402832035906613,0.1728032073006034,0.0,0.005132500000000002,4.0,0.21750000000000003,0.010016880842158571,0.08871295535936952,0.00183133760583587,2.5341785701016306e-06,8.964896593965932e-07,34855.96000000001,1.0,33389.032890625,3.0885971425766316e-06,675.4878817385861,1856.0,1.0,,313,,,,,,,,
4.871808745999715,0.0032403930626099253,0.035180664039216936,0.16997260972857475,0.0,0.005085000000000001,4.0,0.21499999999999997,0.011275229015154764,0.08877099258825183,0.0032272192183882,2.996821450551579e-06,9.59559486091166e-07,34650.25875,1.0,33380.70860546875,3.0885971425766316e-06,698.7719645282626,1856.0,1.0,,314,,,,,,,,
3.749006301999998,0.0041618536025946895,0.035961913905339316,0.16387233510613441,0.0,0.005037500000000002,4.0,0.21250000000000002,0.012340639947069576,0.08512115711346269,0.004575160070089623,2.4269852545444337e-06,8.376438351831439e-07,34672.9275,1.0,33409.2373515625,3.0885971425766316e-06,713.745446334378,1856.0,1.0,,315,,,,,,,,
3.6663727879999897,0.003665593420825175,0.029272461135406047,0.16898253560066223,0.0,0.00499,4.0,0.20999999999999996,0.006192267872393131,0.08243584167212248,-0.0018465297762304544,3.0024204278333855e-06,1.4488125401612706e-06,34818.841250000005,1.0,33321.61473828125,3.0885971425766316e-06,742.4526149584535,1856.0,1.0,,316,,,,,,,,
5.328373687999829,0.00614277090228299,0.05214843759313226,0.17116261832416058,0.0,0.004942500000000001,4.0,0.20750000000000002,0.015211579848255496,0.08161060139536858,0.0070561126922257245,2.6482457755605537e-06,8.637606931927166e-07,34648.0085,1.0,33348.169914062506,3.0885971425766316e-06,657.8161525660713,1856.0,1.0,,317,,,,,,,,
3.772711934999734,0.005285463300637616,0.05444335984066129,0.18254146166145802,0.0,0.004895,4.0,0.20499999999999996,0.006860921159386635,0.08245504833757877,-0.0018632403807714581,2.8931493574191336e-06,8.32518804116944e-07,34620.5115,1.0,33229.01807421875,3.0885971425766316e-06,717.7051067064803,1856.0,1.0,,318,,,,,,,,
3.722936274999938,0.001996347831147105,0.023681640741415322,0.1718004010617733,0.0,0.004847500000000001,4.0,0.2025,0.0025591342709958553,0.08255111519247293,-0.005631407257169485,2.7419680179718853e-06,8.279888525919432e-07,34746.99625,1.0,33354.726578125,3.0885971425766316e-06,725.7871113093603,1856.0,1.0,,319,,,,,,,,
4.693580437000037,0.0032594704345196845,0.03293457068502903,0.16604978032410145,0.0,0.0048000000000000004,4.0,0.19999999999999996,0.0014743514475412667,0.08733500307425857,-0.006409671506844461,2.69517316553447e-06,9.454244889184338e-07,34631.2635,1.0,33376.00185546875,3.0885971425766316e-06,635.5670453736446,1856.0,1.0,0.28262898325920105,320,34890.6105,34768.3475,34649.0085,70000042,34424.302350000005,best_of_k,34768.3475,246.7905529744868
3.827897333999772,0.0037845359623362995,0.04316406254656613,0.18736015260219574,0.0,0.0047525000000000015,4.0,0.1975,0.005932325089816004,0.0925343381240964,-0.0029966370202600956,2.941234598097253e-06,8.59253049156905e-07,34516.4965,1.0,33212.0847578125,3.0885971425766316e-06,690.8213259855137,1856.0,1.0,,321,,,,,,,,
3.6662613029998283,0.004970383633482456,0.04780273447977379,0.18021215684711933,0.0,0.004704999999999999,4.0,0.19499999999999995,0.014076511753955856,0.08698274847120047,0.0054743094951845706,3.0131896124885316e-06,1.0920345445697421e-06,34590.90675,1.0,33213.538921875,3.0885971425766316e-06,710.5321660156037,1856.0,1.0,,322,,,,,,,,
4.303862575000039,0.006591344145288502,0.04072265652939677,0.1761922212317586,0.0,0.0046575,4.0,0.1925,0.00726421737272176,0.08318206714466214,-0.001158735503850039,2.7772505433176775e-06,9.68887377439387e-07,34649.0085,1.0,33268.7013671875,3.0885971425766316e-06,780.9163387331897,1856.0,1.0,,323,,,,,,,,
4.478181535999738,0.0042585676277351325,0.0342041018884629,0.18126950226724148,0.0,0.0046099999999999995,4.0,0.18999999999999995,0.005010718479752541,0.08402234967797995,-0.003666028962470591,2.514195713843037e-06,7.263627388454097e-07,34515.0005,1.0,33243.04194140625,3.0885971425766316e-06,682.7941941293118,1856.0,1.0,,324,,,,,,,,
3.792082045999905,0.005945042539730494,0.04990234394790605,0.17870636004954576,0.0,0.004562500000000001,4.0,0.1875,0.010654591278580483,0.08479133201763034,0.0021054413518868387,2.632332389396197e-06,8.581624619807826e-07,34514.3525,1.0,33163.341433593756,3.0885971425766316e-06,725.615458647611,1856.0,1.0,,325,,,,,,,,
3.7912234680002257,0.0036397758442028305,0.03793945349752903,0.1743188202381134,0.0,0.004515000000000002,4.0,0.18500000000000005,0.013872752329916693,0.08171595726162195,0.005525117710931227,2.5693987737440693e-06,7.671357984406768e-07,34649.0085,1.0,33281.120761718754,3.0885971425766316e-06,654.2971930216964,1856.0,1.0,,326,,,,,,,,
5.491386235999926,0.0026086504554871937,0.01752929703798145,0.17536245845258236,0.0,0.004467500000000001,4.0,0.1825,0.004693719973147381,0.07808551751077175,-0.003726251714397222,2.6302900693053743e-06,8.647166431785536e-07,34649.0085,1.0,33247.67777734375,3.0885971425766316e-06,716.4887233393649,1856.0,1.0,,327,,,,,,,,
3.7447079759999724,0.002900979946870663,0.022607421968132257,0.17365380842238665,0.0,0.004420000000000002,4.0,0.18000000000000005,0.009867411514278501,0.08018163312226534,0.0015384958242066205,2.589042360057192e-06,7.379836297616293e-07,34645.5515,1.0,33278.929769531256,3.0885971425766316e-06,708.4958632857808,1856.0,1.0,,328,,,,,,,,
3.7870725430002494,0.002017043028626375,0.021411132911453024,0.17263274174183607,0.0,0.004372500000000001,4.0,0.1775,0.0071534454909851775,0.08123163366690278,-0.001123614638345316,2.3622299920589285e-06,7.44264148977436e-07,34580.801,1.0,33225.3306875,3.0885971425766316e-06,733.9441119302477,1856.0,1.0,,329,,,,,,,,
5.35956782600033,0.00501508677903395,0.037719726940849796,0.1801102301105857,0.0,0.0043250000000000025,4.0,0.17500000000000004,0.01225828147289576,0.0869317976757884,0.003628139675129205,2.6872571226022046e-06,6.829280820852546e-07,34651.6005,1.0,33159.87873046875,3.0885971425766316e-06,726.7787084188155,1856.0,1.0,0.3210326135158539,330,,,,,,,,
3.7147051520000787,0.003300378185620012,0.034960937686264515,0.17560362443327904,0.0,0.0042775,4.0,0.1725,0.011330568144330755,0.09020258439704776,0.0029353026184253395,3.1464585958929092e-06,1.2220236804694196e-06,34513.9525,1.0,33127.60054296875,3.0885971425766316e-06,788.5563500054803,1856.0,1.0,,331,,,,,,,,
3.775247934000163,0.0027980548206478772,0.028125000186264515,0.18015117477625608,0.0,0.004230000000000001,4.0,0.17000000000000004,0.0072706194696365856,0.08647767594084144,-0.0013717978144995868,2.6814711233669186e-06,7.820606420239073e-07,34519.3525,1.0,33198.784656250005,3.0885971425766316e-06,691.778763262734,1856.0,1.0,,332,,,,,,,,
3.739402528000028,0.004974503162523902,0.03500976588111371,0.17557985614985228,0.0,0.004182500000000002,4.0,0.16749999999999998,0.007104760326910764,0.0912908986210823,-0.0012932848912896588,3.1325877216659137e-06,1.1271600079965083e-06,34764.736000000004,1.0,33073.150191406254,3.0885971425766316e-06,821.0236041738679,1856.0,1.0,,333,,,,,,,,
5.007360642000094,0.003283174482029416,0.026684570315410383,0.17693149019032717,0.0,0.004135,4.0,0.16500000000000004,0.006848001547041349,0.09356240183115005,-0.0016123487730510533,2.605314577408535e-06,7.924668992131956e-07,34843.464,1.0,33170.81197265626,3.0885971425766316e-06,739.3146272629463,1856.0,1.0,,334,,,,,,,,
3.7628761679998206,0.0021019507288055905,0.023950195478391834,0.18477662280201912,0.0,0.004087500000000001,4.0,0.16249999999999998,0.008827003155602142,0.09080462483689189,-4.1338964365422726e-05,2.536153090204607e-06,8.418951331634617e-07,34744.999500000005,1.0,33268.152398437494,3.0885971425766316e-06,732.3152214666145,1856.0,1.0,,335,,,,,,,,
3.7017110580000008,0.002415734255357904,0.025878906482830644,0.1748502692207694,0.0,0.004040000000000002,4.0,0.16000000000000003,0.006506801255454775,0.08682221081107855,-0.00188600888941437,3.4196759202131943e-06,1.430939128965747e-06,34888.351500000004,1.0,33162.88911328126,3.0885971425766316e-06,843.4961236941272,1856.0,1.0,,336,,,,,,,,
5.330536923000182,0.0016659059466732629,0.020581054966896772,0.1749425856396556,0.0,0.0039924999999999995,4.0,0.15749999999999997,0.007000902405707166,0.0855846875347197,-0.0014052952465135604,2.92901025034098e-06,9.445287609821662e-07,34590.90675,1.0,33206.86257421876,3.0885971425766316e-06,755.3975839532218,1856.0,1.0,,337,,,,,,,,
3.853230464000262,0.0027745494461095532,0.030322265811264515,0.1752435239031911,0.0,0.003945000000000001,4.0,0.15500000000000003,0.007485289010219276,0.08075827034190297,-0.0009590507834218442,2.6252684648397917e-06,9.833265082193066e-07,34891.247500000005,1.0,33246.456046875,3.0885971425766316e-06,674.520925928269,1856.0,1.0,,338,,,,,,,,
3.879904151000119,0.0028488571214424496,0.025292968784924597,0.17339135985821486,0.0,0.0038975000000000017,4.0,0.15249999999999997,0.01186983339721337,0.08156895032152534,0.0035173853393644094,2.74826665247474e-06,1.0402808747755898e-06,34682.42525,1.0,33265.163421875,3.0885971425766316e-06,820.3718732038525,1856.0,1.0,,339,,,,,,,,
4.736998119999953,0.005281048285516121,0.05378417973406613,0.1752179181203246,0.0,0.0038500000000000027,4.0,0.15000000000000002,0.007977653993293643,0.08718317933380604,-0.0004483435768634081,3.0032414883862657e-06,9.125704956147729e-07,34547.71475,1.0,33172.12268359375,3.0885971425766316e-06,798.6943744929129,1856.0,1.0,0.25176501274108887,340,34891.247500000005,34878.60125,34649.0085,70000042,34572.87445833334,best_of_k,34878.60125,160.72686500708156
3.801244482000129,0.0017382902303602066,0.02062988287070766,0.17284209933131933,0.0,0.0038025000000000003,4.0,0.14749999999999996,0.007896688563050702,0.081257579382509,-0.0004371511749923229,2.459615075167676e-06,9.408584595860248e-07,34868.224,1.0,33338.474281250004,3.0885971425766316e-06,677.2503895741551,1856.0,1.0,,341,,,,,,,,
3.71610151699997,0.002680554026360582,0.03151855483883992,0.169176216237247,0.0,0.0037550000000000014,4.0,0.14500000000000002,0.004970468900864944,0.0767539981752634,-0.0032007310073822737,2.481053655856158e-06,7.034844990982947e-07,34649.0085,1.0,33284.61530078125,3.0885971425766316e-06,703.9123542833605,1856.0,1.0,,342,,,,,,,,
4.249125425999864,0.004310690003990203,0.04177246161270887,0.17658194433897734,0.0,0.003707499999999999,4.0,0.14249999999999996,0.00989824629505165,0.08116001216694713,0.00136929606742342,2.7193509879452904e-06,9.62911794744059e-07,34519.0195,1.0,33212.0123046875,3.0885971425766316e-06,704.9760359120369,1856.0,1.0,,343,,,,,,,,
4.633932194000408,0.0014698392947440908,0.017724609468132257,0.1700646299868822,0.0,0.00366,4.0,0.14,0.007766278591589071,0.07982975197955966,-0.00044539428199641407,2.5803037857485833e-06,7.20373328988444e-07,34836.435000000005,1.0,33288.280074218754,3.0885971425766316e-06,731.21831594782,1856.0,1.0,,344,,,,,,,,
3.7248208470000463,0.0016531857982560183,0.02321777342876885,0.16866609640419483,0.0,0.003612500000000001,4.0,0.13749999999999996,0.006818614740041085,0.077012546826154,-0.0013371577952057123,2.591439596244527e-06,8.324659042102667e-07,34777.0395,1.0,33224.98699609375,3.0885971425766316e-06,779.5976027692265,1856.0,1.0,,345,,,,,,,,
3.8779060719998597,0.0019613982639183902,0.019409179803915322,0.170627118088305,0.0,0.003565000000000002,4.0,0.135,0.010422388702863827,0.07548358803614974,0.0021595298894681036,2.6651445779179994e-06,6.716378173621251e-07,34707.938,1.0,33320.05780078125,3.0885971425766316e-06,727.4334899241055,1856.0,1.0,,346,,,,,,,,
5.536025542000061,0.003012965849563898,0.030786132847424597,0.17197169084101915,0.0,0.0035175,4.0,0.13249999999999995,0.004866712057264522,0.07617843570187688,-0.0034645667765289545,2.6609405665567465e-06,7.729586570803804e-07,34782.3995,1.0,33312.53223046875,3.0885971425766316e-06,673.1890239882041,1856.0,1.0,,347,,,,,,,,
3.742660669000088,0.0029599375354241175,0.022753906348953024,0.17015371471643448,0.0,0.003470000000000001,4.0,0.13,0.010585138195892796,0.07320792088285089,0.002330961637198925,2.2651395283901365e-06,5.929860122932951e-07,34621.60225,1.0,33353.1272265625,3.0885971425766316e-06,674.203650481486,1856.0,1.0,,348,,,,,,,,
3.775045819999832,0.00241427271934036,0.028662109631113708,0.16799987200647593,0.0,0.0034224999999999985,4.0,0.12749999999999995,0.010680034665710991,0.07226449204608798,0.002526762575143948,2.3532727624342442e-06,7.364492269346101e-07,34750.6425,1.0,33312.57080859375,3.0885971425766316e-06,753.0794247539916,1856.0,1.0,,349,,,,,,,,
5.398605622000105,0.0018271936080518358,0.0174560546875,0.17102254182100296,0.0,0.0033749999999999995,4.0,0.125,0.004781123061547987,0.06981804920360446,-0.0035349962126929313,2.2626755225019224e-06,8.048541673133514e-07,34888.690500000004,1.0,33329.34930078125,3.0885971425766316e-06,716.1396623095175,1856.0,1.0,0.23119741678237915,350,,,,,,,,
3.798251591999815,0.002221142377362817,0.022363281532307155,0.1627968167886138,0.0,0.0033275000000000006,4.0,0.12250000000000005,0.007145320312702097,0.06984364544041455,-0.0007627888990100473,2.3769896912995137e-06,8.699539435497172e-07,34756.375,1.0,33392.38205859375,3.0885971425766316e-06,609.8114911335019,1856.0,1.0,,351,,,,,,,,
3.7257361270003457,0.007086482237799174,0.03964843787252903,0.16558145266026258,0.0,0.0032800000000000017,4.0,0.12,0.007179431999247754,0.06933045899495482,-0.0008730283007025719,2.591291689668651e-06,1.0638054526168617e-06,34615.121,1.0,33359.205324218754,3.0885971425766316e-06,645.8489118729422,1856.0,1.0,,352,,,,,,,,
3.7534489760000724,0.0024170909032417143,0.030615234281867743,0.16265339497476816,0.0,0.0032325000000000027,4.0,0.11750000000000005,0.006443188976845704,0.06653038691729307,-0.001475140976253897,2.4091936410286507e-06,9.564206990830826e-07,34906.1115,1.0,33316.0801875,3.0885971425766316e-06,698.425580107793,1856.0,1.0,,353,,,,,,,,
5.161864572000013,0.001096519572341137,0.012500000069849193,0.15905150771141052,0.0,0.0031850000000000003,4.0,0.11499999999999999,0.009518619131995365,0.06537268683314323,0.0017736482550390065,2.191972455989344e-06,7.760336515616473e-07,34649.0085,1.0,33368.007750000004,3.0885971425766316e-06,658.5903342662999,1856.0,1.0,,354,,,,,,,,
3.808459413000037,0.004379695169363984,0.03923339885659516,0.1639029709622264,0.0,0.0031375000000000014,4.0,0.11250000000000004,0.002053970383713022,0.06635719793848693,-0.005933916036156006,2.826855137527673e-06,1.3006701564677314e-06,34893.247500000005,1.0,33315.07030078125,3.0885971425766316e-06,783.3330206546125,1856.0,1.0,,355,,,,,,,,
3.742496527000185,0.0034408818612341463,0.039770507952198386,0.1641928032040596,0.0,0.003089999999999999,4.0,0.10999999999999999,0.005631641899526585,0.06653538928367198,-0.0023730701068416238,2.299876953770763e-06,8.714633139561556e-07,34615.121,1.0,33360.332273437496,3.0885971425766316e-06,699.860303459296,1856.0,1.0,,356,,,,,,,,
5.509982511000089,0.002058760152257477,0.020629882928915322,0.16454829182475805,0.0,0.0030425,4.0,0.10750000000000004,0.00859721810411429,0.061331652104854584,0.0005558053380809724,2.254069862317465e-06,7.499653982279142e-07,34883.647750000004,1.0,33379.1646171875,3.0885971425766316e-06,734.5274672861472,1856.0,1.0,,357,,,,,,,,
3.7841182050001407,0.002837560060305222,0.017675781302386895,0.16506268829107285,0.0,0.002995000000000001,4.0,0.10499999999999998,0.005725641894969158,0.05966167990118265,-0.0023493868648074567,2.0918885539344956e-06,7.428499309014569e-07,34669.99725,1.0,33388.29866796875,3.0885971425766316e-06,648.9224133737524,1856.0,1.0,,358,,,,,,,,
3.725642975000028,0.0026793403887754863,0.013354492170037702,0.16280302684754133,0.0,0.002947500000000002,4.0,0.10250000000000004,0.00860458187162294,0.05835436377674341,0.000635961041552946,1.910128524684751e-06,5.549566459706057e-07,34635.6635,1.0,33347.39365625,3.0885971425766316e-06,696.1746949082419,1856.0,1.0,,359,,,,,,,,
4.82161932300005,0.0012734515490997467,0.011914062546566129,0.16453323047608137,0.0,0.0029,4.0,0.09999999999999998,0.006562160750036128,0.05767322424799204,-0.0014977043610997498,1.9038114942304674e-06,5.298626852834332e-07,34634.802,1.0,33377.391324218755,3.0885971425766316e-06,680.9293031735368,1856.0,1.0,0.296586275100708,360,34906.1115,34651.2005,34649.0085,70000042,34533.26404166667,best_of_k,34651.2005,133.31485044111963
3.8168306170000506,0.001987247108461432,0.01667480479227379,0.16110242065042257,0.0,0.002852500000000001,4.0,0.09750000000000003,0.0073622078489279374,0.05718620074912906,-0.0005303379730321467,2.0322563756280942e-06,6.896889210850077e-07,34583.196,1.0,33384.36326953125,3.0885971425766316e-06,626.7914957705617,1856.0,1.0,,361,,,,,,,,
3.7363201550001577,0.0023441661020537907,0.02416992190410383,0.1612175963819027,0.0,0.002805000000000002,4.0,0.09499999999999997,0.005259770099655725,0.060764705296605825,-0.0026311269612051547,1.975899458273034e-06,5.292770275389103e-07,34651.2005,1.0,33435.5593828125,3.0885971425766316e-06,657.1591024438981,1856.0,1.0,,362,,,,,,,,
4.378222231000109,0.0005588310708244393,0.0064697265625,0.16307624708861113,0.0,0.002757500000000003,4.0,0.09250000000000003,0.006356596932164393,0.058128372533246875,-0.001637378241866827,1.996500934353662e-06,5.0472182344663e-07,34615.60225,1.0,33430.654675781254,3.0885971425766316e-06,656.4390687978475,1856.0,1.0,,363,,,,,,,,
4.518186933999914,0.003999127370333255,0.029052734520519152,0.16191675327718258,0.0,0.0027100000000000006,4.0,0.08999999999999997,0.008588007887738058,0.059442380676046014,0.0006527754012495279,2.0222195544761234e-06,5.634654201003286e-07,34812.12925,1.0,33395.835359375,3.0885971425766316e-06,694.0757463358848,1856.0,1.0,,364,,,,,,,,
3.7786302150002484,0.004149299758941183,0.05119628895772621,0.1633212361484766,0.0,0.0026625000000000017,4.0,0.08750000000000002,0.0015903353778412566,0.06454459740780294,-0.006404478219337761,2.241121229928922e-06,7.557424304138749e-07,34577.216,1.0,33366.99061328125,3.0885971425766316e-06,715.3135650671134,1856.0,1.0,,365,,,,,,,,
3.785545531000025,0.0008200022574254007,0.00839843750873115,0.17022864427417517,0.0,0.0026149999999999993,4.0,0.08499999999999996,0.008543842268409207,0.06248043407686055,0.00019527430413290858,2.18253744321828e-06,6.066444093733026e-07,34721.826,1.0,33313.1548125,3.0885971425766316e-06,732.0677871677352,1856.0,1.0,,366,,,,,,,,
5.500454765000086,0.0015806893464063165,0.014233398556825705,0.1671871840953827,0.0,0.0025675000000000003,4.0,0.08250000000000002,0.007028210791759193,0.0626448979601264,-0.0011709211394190788,2.284052854406582e-06,7.694064549923496e-07,34649.0085,1.0,33306.21194140625,3.0885971425766316e-06,737.5908987096677,1856.0,1.0,,367,,,,,,,,
3.760664160000033,0.0017621718431453104,0.014941406305297278,0.15977963712066412,0.0,0.0025200000000000014,4.0,0.07999999999999996,0.010025655828940216,0.06148849264718592,0.0021911482326686382,2.0260739574951003e-06,5.49225990909008e-07,34649.0085,1.0,33430.840375,3.0885971425766316e-06,667.8054845552227,1856.0,1.0,,368,,,,,,,,
3.826525124999989,0.0012042640244214198,0.011938476585783064,0.15545368287712336,0.0,0.0024725000000000025,4.0,0.07750000000000001,0.009456322541154805,0.06220475910231471,0.0018369602330494672,2.0952458541501073e-06,5.398504576703544e-07,34651.5515,1.0,33416.34341015625,3.0885971425766316e-06,664.6190430672682,1856.0,1.0,,369,,,,,,,,
5.474513421999745,0.0018738373215079207,0.019580078253056854,0.16181557346135378,0.0,0.002425,4.0,0.07499999999999996,0.009846407192526385,0.06568424869328737,0.0019144188263453543,2.1047191154366374e-06,5.667852143176333e-07,34649.5515,1.0,33423.72869921875,3.0885971425766316e-06,691.0222980545992,1856.0,1.0,0.27402275800704956,370,,,,,,,,
3.7749236479999126,0.0010670556837730771,0.010839843831490725,0.16356431879103184,0.0,0.002377500000000001,4.0,0.07250000000000001,0.011016242497134954,0.06363725964911282,0.002988825202919543,2.0704606171761952e-06,5.838207215447255e-07,34617.2805,1.0,33375.353640625006,3.0885971425766316e-06,657.6347589174967,1856.0,1.0,,371,,,,,,,,
3.8124959739998303,0.0013764565260911965,0.016845703314174898,0.16457699052989483,0.0,0.0023299999999999987,4.0,0.06999999999999995,0.008283755312731955,0.06292914249934256,0.00020108434546273202,1.8124527727536588e-06,5.293686111684792e-07,34890.247500000005,1.0,33427.046628906246,3.0885971425766316e-06,652.0230713233288,1856.0,1.0,,372,,,,,,,,
3.9081051810003373,0.002232374547157079,0.029370117496000603,0.17079156264662743,0.0,0.0022825,4.0,0.0675,0.008483819025059347,0.06508816359564662,9.225151734426618e-05,2.2389261147282014e-06,6.573150024280494e-07,34807.1675,1.0,33351.290550781254,3.0885971425766316e-06,700.4923706074818,1856.0,1.0,,373,,,,,,,,
5.07264126400014,0.0011629170000979627,0.009179687505820766,0.16653488390147686,0.0,0.002235000000000001,4.0,0.06499999999999995,0.00921169648427167,0.06301303673535585,0.0010252277133986354,2.127868214074624e-06,6.920136499388718e-07,34750.6425,1.0,33359.250320312494,3.0885971425766316e-06,719.4437829717548,1856.0,1.0,,374,,,,,,,,
3.763773382999716,0.001705434908865655,0.023730469052679837,0.16361127234995365,0.0,0.002187500000000002,4.0,0.0625,0.004067801979545038,0.06593887391500175,-0.003968975099269301,1.988934940300169e-06,5.121858048795502e-07,34803.56775,1.0,33413.387855468754,3.0885971425766316e-06,695.3041996360114,1856.0,1.0,,375,,,,,,,,
3.783987396000157,0.0007464395584699801,0.010766601728391834,0.16764276567846537,0.0,0.002140000000000003,4.0,0.06000000000000005,0.0044072463060729206,0.06808314262889326,-0.0038297315477393568,2.087664718430915e-06,6.556141087799006e-07,34715.423500000004,1.0,33363.81602734375,3.0885971425766316e-06,706.1576718129527,1856.0,1.0,,376,,,,,,,,
5.553551984000023,0.0020176875773492142,0.03288574233010877,0.16959615424275398,0.0,0.0020925000000000006,4.0,0.057499999999999996,0.007203172910521971,0.06738634570501745,-0.001136110702645965,1.9007367200174485e-06,5.829564546644406e-07,34611.679749999996,1.0,33390.8625,3.0885971425766316e-06,697.0776796065028,1856.0,1.0,,377,,,,,,,,
3.746831449000183,0.0009771773157414287,0.0070800781541038305,0.1649704072624445,0.0,0.0020450000000000017,4.0,0.05500000000000005,0.004085587583176675,0.06901507847942412,-0.0040226668934337795,2.7821950183692934e-06,1.1839387390466527e-06,34649.0085,1.0,33285.039671875,3.0885971425766316e-06,874.7026045363039,1856.0,1.0,,378,,,,,,,,
3.7633999740000945,0.0012191940178372107,0.013989257742650807,0.16544232796877623,0.0,0.0019974999999999993,4.0,0.05249999999999999,0.010074926110974047,0.0687519134953618,0.0019396227435208857,1.9684875596226448e-06,6.428207726116852e-07,34835.798,1.0,33400.47840234375,3.0885971425766316e-06,702.1772522135615,1856.0,1.0,,379,,,,,,,,
4.933171997000045,0.0020211494754214243,0.02534179706708528,0.16486496105790138,0.0,0.0019500000000000003,4.0,0.050000000000000044,0.006441208941396326,0.06801891908980906,-0.0016699106199666858,2.043928951422913e-06,6.0707503379831e-07,34750.6425,1.0,33415.159703125,3.0885971425766316e-06,674.0901434506275,1856.0,1.0,0.21103300154209137,380,34906.1115,34892.6475,34649.0085,70000042,34578.00459166667,best_of_k,34892.6475,179.99483980715132
