elapsed_seconds,optimization_approximate_kl,optimization_clip_fraction,optimization_count_loss,optimization_early_kl_stop,optimization_entropy_coefficient,optimization_epochs_completed,optimization_learning_rate_fraction,optimization_loss,optimization_normalized_entropy,optimization_policy_loss,optimization_q_loss,optimization_value_loss,rollout_best_objective,rollout_feasible_rate,rollout_mean_objective,rollout_reward_scale,rollout_std_objective,rollout_transitions,rollout_vectorized_rollouts,self_imitation_loss,update,validation_archive_best_objective,validation_best_of_k_objective,validation_deterministic_objective,validation_fixed_validation_seed,validation_mean_stochastic_objective,validation_selection_metric,validation_selection_objective,validation_std_stochastic_objective
4.776002612999946,0.005982858128845692,0.07656250024835269,0.0,0.0,0.0199525,4.0,0.9975,-0.012072145783652862,0.7973821659882864,-0.0029691323482741914,0.04377461547301209,0.0048585852346150205,44468.92799999999,1.0,32347.661687499996,1.98233933883036e-06,4363.845981488507,2880.0,1.0,,1,44468.92799999999,42033.299999999996,0.0,70000042,34167.057466666665,best_of_k,42033.299999999996,4274.7716691631595
4.723881772999448,0.0078046216804068536,0.10756835931291182,0.0,0.0,0.019905,4.0,0.995,-0.022059108518684905,0.7917945856849352,-0.006670710931454475,0.001465377296578178,0.00045147442839758395,41404.032,1.0,33477.4026875,1.98233933883036e-06,4355.278252063756,2880.0,1.0,,2,,,,,,,,
4.090688903000228,0.012960885651409626,0.18688151116172472,0.0,1.0,0.0198575,2.0,0.9925,-0.021086502044151228,0.7784247448047003,-0.005723159512854181,0.0002871652225924966,0.00013102196438315636,48731.083999999995,1.0,36879.960999999996,1.98233933883036e-06,5707.010718519635,2880.0,1.0,,3,,,,,,,,
4.73433150999972,0.009502516263940683,0.1330566412458817,0.0,0.0,0.01981,4.0,0.99,-0.02627180702984333,0.7583168844381968,-0.011309272648456195,0.00026878192905617954,6.56895419221352e-05,49217.12,1.0,41283.1290625,1.98233933883036e-06,4592.90968289908,2880.0,1.0,,4,,,,,,,,
4.756264116000239,0.008762087216988826,0.14218750052774945,0.0,0.0,0.0197625,4.0,0.9875,-0.02302433647370587,0.7349125494559606,-0.00853259589833518,0.00012874828401739555,3.8186757137737004e-05,58646.94,1.0,43833.875875000005,1.98233933883036e-06,5177.907051742719,2880.0,1.0,,5,,,,,,,,
4.754869335999501,0.009892431349726394,0.1495605477442344,0.0,0.0,0.019715,4.0,0.985,-0.025086237195258338,0.706418347855409,-0.011183204866635302,9.873250110103982e-05,2.8263096358690138e-05,57390.536,1.0,47933.9486875,1.98233933883036e-06,4294.732015890896,2880.0,1.0,,6,,,,,,,,
4.736764069999481,0.007141264669674759,0.11183268297463655,0.0,0.0,0.0196675,4.0,0.9825,-0.01823498244630173,0.6848593031366667,-0.004786898576033612,8.049762542820342e-05,2.6674112026133418e-05,60169.96,1.0,51530.49075,1.98233933883036e-06,3521.4016417296734,2880.0,1.0,,7,,,,,,,,
4.7540416390002065,0.008181204999952266,0.12778320303186774,0.0,0.0,0.019620000000000002,4.0,0.98,-0.01782604221565028,0.6480252693096796,-0.005128643397862713,6.417611287664234e-05,2.0878853092654026e-05,61122.572,1.0,53378.710250000004,1.98233933883036e-06,3070.7769151194348,2880.0,1.0,,8,,,,,,,,
4.77205923099973,0.010325207510807862,0.11448567717646559,0.0,0.0,0.0195725,4.0,0.9775,-0.0205497476272285,0.6306568831205368,-0.008219466311857104,4.659824238236373e-05,1.7181590161878073e-05,61541.44400000001,1.0,55526.035625,1.98233933883036e-06,3184.1543367835293,2880.0,1.0,,9,,,,,,,,
4.757778673999383,0.005877922657721986,0.07631835931291182,0.0,0.0,0.019525,4.0,0.975,-0.018558014746910583,0.6047992557287216,-0.006762497282276551,3.9309779822360724e-05,1.8514869755866432e-05,62756.80000000001,1.0,57065.308625,1.98233933883036e-06,3042.9776382254454,2880.0,1.0,,10,,,,,,,,
4.724237972999617,0.006901110289618373,0.08663737044359247,0.0,0.0,0.019477500000000002,4.0,0.9725,-0.017269809963181615,0.5933644597729048,-0.005721309513319284,2.729283710323216e-05,1.2051290847618171e-05,64084.808,1.0,58520.678125000006,1.98233933883036e-06,2294.3182424791216,2880.0,1.0,,11,,,,,,,,
4.731099229999927,0.011061100691828566,0.13396809886520109,0.0,0.0,0.01943,4.0,0.97,-0.017539407262423385,0.5789883409937223,-0.0062973058472077055,2.3868003078556892e-05,1.051049548550509e-05,65538.584,1.0,60060.1495,1.98233933883036e-06,2338.8415118245525,2880.0,1.0,,12,,,,,,,,
4.731422214999839,0.008158666814172951,0.08649088560681169,0.0,0.0,0.0193825,4.0,0.9675,-0.01620200202645113,0.5634275128444036,-0.005288322756920631,2.0476722511375556e-05,9.81238929398387e-06,64301.744000000006,1.0,61189.306375,1.98233933883036e-06,1959.8669732152373,2880.0,1.0,,13,,,,,,,,
4.741703955000048,0.009621522093463378,0.11980794292564194,0.0,0.0,0.019335,4.0,0.965,-0.010180853850518664,0.5301808280249437,6.536553458621104e-05,1.6584144987064064e-05,6.33754658944478e-06,65528.088,1.0,62664.4064375,1.98233933883036e-06,1695.604303035886,2880.0,1.0,,14,,,,,,,,
4.717167627999515,0.01037361218186561,0.11487630180393656,0.0,0.0,0.0192875,4.0,0.9625,-0.010504965204745531,0.4994449205696583,-0.0008763118918674687,1.511890798155946e-05,5.759112809755607e-06,67453.764,1.0,63549.1723125,1.98233933883036e-06,1450.8966731842597,2880.0,1.0,,15,,,,,,,,
4.765417487000377,0.008126011549999626,0.09518229185293119,0.0,0.0,0.01924,4.0,0.96,-0.01844040995153288,0.4819378505150477,-0.009173079840062806,1.8626686899854878e-05,6.584161515850913e-06,67351.616,1.0,64226.2928125,1.98233933883036e-06,1637.4322377120184,2880.0,1.0,,16,,,,,,,,
4.711318356999982,0.004196498669140662,0.05008138041011989,0.0,0.0,0.0191925,4.0,0.9575,-0.012345379393082112,0.46495916197697323,-0.0034253671183250844,1.5203088196358294e-05,4.393844221795007e-06,67499.564,1.0,65159.4075625,1.98233933883036e-06,1176.6017908198849,2880.0,1.0,,17,,,,,,,,
4.742525217000548,0.00621145394203874,0.07373046898283064,0.0,0.0,0.019145,4.0,0.955,-0.014441283031677207,0.4298671893775463,-0.006214580809076627,1.0515811709410627e-05,4.1083274216665204e-06,68176.984,1.0,65654.63075000001,1.98233933883036e-06,1224.91171911548,2880.0,1.0,,18,,,,,,,,
4.692508707000343,0.008162208789144643,0.08424479211680591,0.0,0.0,0.0190975,4.0,0.9525,-0.013870435669862976,0.4382476322352886,-0.00550337527723362,7.864182578032342e-06,3.173884702315869e-06,68531.46800000001,1.0,66320.70275,1.98233933883036e-06,1043.6936293790618,2880.0,1.0,,19,,,,,,,,
4.698283339000227,0.009391538721198836,0.07482096339420725,0.0,0.0,0.01905,4.0,0.95,-0.006080646261883278,0.4300815400977929,0.002108972752466798,9.276942326626644e-06,5.012861796179398e-06,68777.148,1.0,66315.7164375,1.98233933883036e-06,1367.5242099433049,2880.0,1.0,,20,68777.148,69379.98,69607.13199999998,70000042,66704.79733333334,best_of_k,69379.98,1391.190730939157
4.729538704999868,0.007464554941786143,0.08007812531044085,0.0,0.0,0.019002500000000002,4.0,0.9475,-0.009940911433659494,0.4073319373031457,-0.002323721069842577,0.0007856500640173181,8.91411335525542e-05,68760.12,1.0,66677.318375,1.98233933883036e-06,1499.6708651478698,2880.0,1.0,,21,,,,,,,,
4.852093681000042,0.006773425285549213,0.07975260416666667,0.0,0.0,0.018955,4.0,0.945,-0.011586404929403216,0.39773447687427205,-0.0045829417067579925,0.00377184276241375,0.00031681771599778585,69283.5,1.0,67036.72625,1.98233933883036e-06,1685.7663512163947,2880.0,1.0,,22,,,,,,,,
4.690499093999279,0.0060975433534622425,0.08380533879001935,0.0,0.0,0.0189075,4.0,0.9425,-0.005656443866124998,0.4116014117995898,0.0006893062576030692,0.011222202983844909,0.0006287670948571152,69436.90000000001,1.0,67140.8921875,1.98233933883036e-06,1279.5645952142147,2880.0,1.0,,23,,,,,,,,
4.741854994999812,0.030412396401516162,0.08691406312088172,0.0,1.0,0.018860000000000002,4.0,0.94,0.02086379227694124,0.39912870277961093,0.027883213692499947,0.0028567848861105936,0.0004449366504862458,69265.508,1.0,67332.79875,1.98233933883036e-06,1196.8738225880127,2880.0,1.0,,24,,,,,,,,
4.724824855999941,0.012416422698152019,0.11819661501795053,0.0,1.0,0.0188125,4.0,0.9375,-0.007083063149669518,0.39510541036725044,-9.059909886370103e-05,0.002575713815834509,0.00036576898234367644,61048.136,1.0,55078.73974999999,1.98233933883036e-06,2572.9281840023127,2880.0,1.0,,25,,,,,,,,
4.413594594999267,0.01451874331137838,0.1752170142200258,0.0,1.0,0.018765,3.0,0.935,-0.010520408887209164,0.40631405678060317,-0.002951643377956417,0.00023264488663699012,6.490687671127186e-05,65208.912000000004,1.0,59059.8093125,1.98233933883036e-06,3073.569254778803,2880.0,1.0,,26,,,,,,,,
4.671722891999707,0.012347149432268148,0.10867513033250968,0.0,1.0,0.0187175,4.0,0.9325,-0.012752312099716315,0.39289254943529767,-0.005414984518817316,4.5326973425593074e-05,2.421112647728781e-05,68465.392,1.0,60240.4419375,1.98233933883036e-06,3449.2702561640494,2880.0,1.0,,27,,,,,,,,
4.670206820999738,0.009515620697735963,0.11769205735375483,0.0,0.0,0.01867,4.0,0.9299999999999999,-0.012569283445676168,0.3899623403946559,-0.005301993534279366,2.7178504827437184e-05,2.117974793236499e-05,67078.61600000001,1.0,60857.63525,1.98233933883036e-06,2938.9421303987833,2880.0,1.0,,28,,,,,,,,
4.351197064999724,0.0149305329994402,0.11694878505335914,0.0,1.0,0.0186225,3.0,0.9275,-0.006814059077037705,0.3862980488273833,0.0003565623838868406,3.828160990653689e-05,3.877042233095077e-05,69017.7,1.0,63264.996125,1.98233933883036e-06,2648.976464020486,2880.0,1.0,,29,,,,,,,,
4.693835492999824,0.00867496597735832,0.09490559917564194,0.0,0.0,0.018575,4.0,0.925,-0.007114302599802613,0.38047929232319194,-6.32414788318177e-05,9.182582895543116e-05,1.4319427274737487e-05,69121.304,1.0,66185.7036875,1.98233933883036e-06,1905.5981973076475,2880.0,1.0,,30,,,,,,,,
4.760951333000776,0.007903396874705019,0.08090820349752903,0.0,0.0,0.018527500000000002,4.0,0.9225,-0.015302210522349924,0.3770411362250646,-0.008341957232914865,0.00018919721439184892,1.2913585464957578e-05,69319.468,1.0,66365.999625,1.98233933883036e-06,2285.4101570804232,2880.0,1.0,,31,,,,,,,,
4.705011701999865,0.009440197269820297,0.08181966158250968,0.0,0.0,0.01848,4.0,0.92,-0.008873610873706639,0.37222030634681386,-0.0020056053860268244,6.815588282430933e-05,7.619492843483992e-06,69491.732,1.0,67109.0930625,1.98233933883036e-06,1710.012630735991,2880.0,1.0,,32,,,,,,,,
4.6715829879995,0.007990265080782896,0.09873046888969839,0.0,0.0,0.0184325,4.0,0.9175,-0.010090946782535562,0.3514595391849677,-0.003623514979456862,8.209667657865793e-05,5.272737344815444e-06,69697.40800000001,1.0,67672.0223125,1.98233933883036e-06,1477.7449302125533,2880.0,1.0,,33,,,,,,,,
4.722926407999694,0.008808874971388528,0.09728190132106344,0.0,0.0,0.018385,4.0,0.915,-0.0061536085947106285,0.3407977856695652,0.00010043603833764791,9.417842136372201e-05,4.210387392807509e-06,69530.176,1.0,68142.965125,1.98233933883036e-06,1255.882088927433,2880.0,1.0,,34,,,,,,,,
4.770267343999876,0.00621468839138591,0.07394205732271075,0.0,0.0,0.0183375,4.0,0.9125,-0.003717720372757564,0.3446965590119362,0.0025674276209125915,0.000347016315951502,2.0461391443404864e-06,69436.956,1.0,68413.3466875,1.98233933883036e-06,752.9574622752787,2880.0,1.0,,35,,,,,,,,
4.7007455890006895,0.007876263586998297,0.0835123701641957,0.0,0.0,0.01829,4.0,0.91,-0.009464901367512843,0.3333152284224828,-0.0034072584045740464,0.0003721674527241703,2.951870214928931e-06,69582.09599999999,1.0,68386.888,1.98233933883036e-06,1039.2123541550598,2880.0,1.0,,36,,,,,,,,
4.7440843680005855,0.005043290133471601,0.06319987001673628,0.0,0.0,0.018242500000000002,4.0,0.9075,-0.007588633452542126,0.32381608088811237,-0.0016930200120744605,9.924316414829566e-05,3.3543705247514786e-06,69868.72,1.0,68707.2258125,1.98233933883036e-06,634.0092202322182,2880.0,1.0,,37,,,,,,,,
4.7077377360001265,0.0075825024929751334,0.09866536494034032,0.0,0.0,0.018195,4.0,0.905,-2.947845496237278e-05,0.32507546494404477,0.005880548967979848,3.791646687053193e-05,1.8580676481860792e-06,69592.004,1.0,68642.952875,1.98233933883036e-06,530.7650314713055,2880.0,1.0,,38,,,,,,,,
4.782799227999931,0.005913586741977876,0.07374674500897527,0.0,0.0,0.0181475,4.0,0.9025,-0.00466888677328825,0.3220582033197085,0.0011735800459670525,1.071419349803667e-05,2.0261121704834295e-06,69707.77200000001,1.0,68878.1225,1.98233933883036e-06,481.5799199595552,2880.0,1.0,,39,,,,,,,,
4.36951250400034,0.01284058291801355,0.13760850733766952,0.0,1.0,0.0181,3.0,0.9,0.002360725283829702,0.3152893798218833,0.008065092480844922,7.448942319064776e-06,3.252111260583964e-06,69915.26000000001,1.0,69023.89074999999,1.98233933883036e-06,363.7756626128767,2880.0,1.0,,40,69915.26000000001,69876.63200000001,69258.328,70000042,68800.87133333333,best_of_k,69876.63200000001,648.2444639577124
4.816621912000301,0.006136168871307746,0.0830566409858875,0.0,0.0,0.0180525,4.0,0.8975,-0.007106953378145893,0.3213757189611594,-0.0013122627084764342,1.825133900486738e-05,1.023912457753795e-05,69862.744,1.0,68995.9324375,1.98233933883036e-06,515.3586927034984,2880.0,1.0,,41,,,,,,,,
4.676704409000195,0.005568076526590933,0.08154296921566129,0.0,0.0,0.018005,4.0,0.895,-0.0052444673686598735,0.3209359807272752,0.000518248377678295,3.4932623066197266e-05,2.448641503841979e-05,69863.808,1.0,69051.83575,1.98233933883036e-06,453.71303664754726,2880.0,1.0,,42,,,,,,,,
4.706959860000097,0.006291761965258047,0.08758138034803171,0.0,0.0,0.0179575,4.0,0.8925,-0.005231966924232741,0.3095073141157627,0.00028894391531745595,7.582530427422778e-05,5.8967172596643046e-05,70149.088,1.0,69129.13412500001,1.98233933883036e-06,413.46297629532023,2880.0,1.0,,43,,,,,,,,
4.6879099430007045,0.006742624696926214,0.08424479180636506,0.0,0.0,0.017910000000000002,4.0,0.89,-0.0012949686400437106,0.30455075452725094,0.004063321044668555,0.000313237366147708,0.00012978161538512722,70059.72399999999,1.0,69198.96037500001,1.98233933883036e-06,490.5292048189976,2880.0,1.0,,44,,,,,,,,
4.727851262000513,0.0064499896980123594,0.07338867181291182,0.0,0.0,0.0178625,4.0,0.8875,-0.004706669055546324,0.2892403230071068,0.00041638109056899947,3.1156930162978824e-05,8.078059201466203e-05,70074.65599999999,1.0,69107.58956250001,1.98233933883036e-06,781.1501246747068,2880.0,1.0,,45,,,,,,,,
4.734135172000606,0.007580315825180151,0.09918619841725256,0.0,0.0,0.017815,4.0,0.885,-0.005811888666357845,0.2976130209863186,-0.0007340468776722749,0.00010552074993105028,0.00042716406929343975,70037.71600000001,1.0,69409.2294375,1.98233933883036e-06,418.2035966035974,2880.0,1.0,,46,,,,,,,,
4.7082535529998495,0.010636644990881905,0.10712890637417634,0.0,0.0,0.017767500000000002,4.0,0.8825000000000001,-0.006990860837201278,0.28553492451707524,-0.002054937125649303,0.0001225531242804815,0.0002501245954249498,70285.528,1.0,69368.229875,1.98233933883036e-06,448.0675837672095,2880.0,1.0,,47,,,,,,,,
4.702239655000085,0.011084491775060693,0.09319661480064194,0.0,0.0,0.01772,4.0,0.88,-0.0004017357520448665,0.2776296554754178,0.004471712629310787,7.244440795754296e-05,7.78094205410677e-05,70066.348,1.0,69332.389125,1.98233933883036e-06,521.4643183778107,2880.0,1.0,,48,,,,,,,,
4.70662921299936,0.009202841907002343,0.11525065104554717,0.0,0.0,0.0176725,4.0,0.8775,-0.004432544170413166,0.272022295743227,0.00034729234175756574,1.3734495894368592e-05,5.220696252195012e-05,70123.092,1.0,69414.38399999999,1.98233933883036e-06,395.4406232141569,2880.0,1.0,,49,,,,,,,,
4.67695241399997,0.005070030747447163,0.05979817733168602,0.0,0.0,0.017625000000000002,4.0,0.875,-0.00747451139613986,0.2583160847425461,-0.002924840033908064,1.8520430813850908e-05,2.5956409217542387e-06,70353.736,1.0,69626.59049999999,1.98233933883036e-06,365.98441332828673,2880.0,1.0,,50,,,,,,,,
4.709713598000235,0.010108402668265626,0.1065266936396559,0.0,0.0,0.0175775,4.0,0.8725,-0.003169242467265576,0.24953653725485006,0.0012146673592117925,1.431955126918183e-05,1.7715412875910868e-06,70356.596,1.0,69680.81175,1.98233933883036e-06,362.08693905875367,2880.0,1.0,,51,,,,,,,,
4.713202880000608,0.008736045609111898,0.09485677096139018,0.0,0.0,0.01753,4.0,0.87,-0.0022506286040879786,0.2474368487795194,0.002082102078323563,3.529077179109663e-05,2.6155032249638075e-06,70308.564,1.0,69679.61137500001,1.98233933883036e-06,364.0175518400301,2880.0,1.0,,52,,,,,,,,
4.704794629999924,0.010795533555210568,0.09039713550979893,0.0,0.0,0.0174825,4.0,0.8674999999999999,-0.00014173951543246707,0.23660093980530897,0.003991600591689348,2.048620321678148e-05,1.975359514479654e-06,70359.39600000001,1.0,69849.5914375,1.98233933883036e-06,265.23157262745787,2880.0,1.0,,53,,,,,,,,
4.4157746830005635,0.012427664749945203,0.10687934131258064,0.0,1.0,0.017435,3.0,0.865,-0.0034963819457011092,0.23379450125826728,0.0005787025309271283,5.402375222729461e-06,1.1652379928111461e-06,70321.796,1.0,69756.7311875,1.98233933883036e-06,405.326344056971,2880.0,1.0,,54,,,,,,,,
4.817050984999696,0.006514319175039418,0.0738281253434252,0.0,0.0,0.0173875,4.0,0.8625,-0.008814750666109225,0.2316442628701528,-0.0047887970771019655,6.094662580835575e-06,2.303511346705515e-06,70481.18400000001,1.0,69398.12212500001,1.98233933883036e-06,722.5665343931912,2880.0,1.0,,55,,,,,,,,
4.731346790999851,0.00867561217455659,0.07998046884313226,0.0,0.0,0.01734,4.0,0.86,-0.006838465904972206,0.2263051730891069,-0.0029156428451339402,5.257193151919637e-06,1.5655372228214521e-06,70379.652,1.0,69705.871625,1.98233933883036e-06,490.9084641665507,2880.0,1.0,,56,,,,,,,,
4.376705466999738,0.014026317810122337,0.11369357672002581,0.0,1.0,0.017292500000000002,3.0,0.8575,0.004270228143367503,0.2155753175417582,0.007997036614041362,4.688204032592896e-06,1.1187603566516675e-06,70438.316,1.0,69849.028625,1.98233933883036e-06,348.3593451360389,2880.0,1.0,,57,,,,,,,,
4.389420322999285,0.020012701395899057,0.1497178818616602,0.0,1.0,0.017245,3.0,0.855,0.0038299663509759638,0.21939625756608117,0.007612100698881679,8.083621107996603e-06,1.0913060085234367e-06,70323.296,1.0,69803.046125,1.98233933883036e-06,343.65446463560664,2880.0,1.0,,58,,,,,,,,
4.074604640999496,0.01741438445363504,0.12125651041666667,0.0,1.0,0.0171975,2.0,0.8525,0.00836854767597591,0.21936063716808954,0.012139457006317874,1.0603454105269824e-05,9.710537085538817e-07,70275.1,1.0,69838.698375,1.98233933883036e-06,291.58972373329533,2880.0,1.0,,59,,,,,,,,
4.733976014999826,0.008409537302213721,0.0809895833954215,0.0,0.0,0.017150000000000002,4.0,0.85,-0.0029136945765155056,0.21917799798150858,0.0008415138193716606,3.058555587169091e-05,1.2720601224221657e-06,70262.20000000001,1.0,69674.80193750001,1.98233933883036e-06,466.52080244989804,2880.0,1.0,,60,70481.18400000001,70324.868,70301.144,70000042,69721.96466666667,best_of_k,70324.868,398.5515191498134
4.373969018000025,0.022117783955764025,0.13760850723418924,0.0,1.0,0.0171025,3.0,0.8475,0.005085858076603876,0.21338673763804966,0.00873429042338911,5.361215471566538e-06,9.555852910933836e-07,70241.02,1.0,69767.31650000002,1.98233933883036e-06,345.52929753748975,2880.0,1.0,,61,,,,,,,,
4.745504989999972,0.01049824882647954,0.09682617258901398,0.0,0.0,0.017055,4.0,0.845,-0.0008390137033226589,0.21323703291515508,0.002796682014983768,4.30770777863169e-06,1.2621163042088786e-06,70411.484,1.0,69830.19,1.98233933883036e-06,511.17001880441006,2880.0,1.0,,62,,,,,,,,
4.693034269000236,0.005262552076601423,0.05279947925979892,0.0,0.0,0.017007500000000002,4.0,0.8425,-0.007166377210523933,0.21486508784194788,-0.003513116699953874,6.416067994526505e-06,8.305336223202175e-07,70253.672,1.0,69786.9145625,1.98233933883036e-06,325.58766025094343,2880.0,1.0,,63,,,,,,,,
4.727347572000326,0.0076098396578648435,0.07464192745586236,0.0,0.0,0.01696,4.0,0.84,-0.0016761194662346195,0.21520786980787912,0.0019730433899288378,4.060654977896168e-06,7.128229621381857e-07,70311.25200000001,1.0,69904.12025,1.98233933883036e-06,256.9597417319244,2880.0,1.0,,64,,,,,,,,
4.647261725000135,0.011994118239575377,0.10372721357271075,0.0,0.0,0.0169125,4.0,0.8375,-0.006412931019440293,0.2115615364164114,-0.0028356065352757773,3.2578584618174014e-06,7.678273329740174e-07,70298.88,1.0,69717.82731250001,1.98233933883036e-06,331.65046175646665,2880.0,1.0,,65,,,,,,,,
4.709180670999558,0.003630911494838074,0.04204101562694026,0.0,0.0,0.016865,4.0,0.835,-0.0032749559031799436,0.2054278589785099,0.00018857140094041824,6.050231367756472e-06,8.171465329572433e-07,70452.65600000002,1.0,69937.803875,1.98233933883036e-06,271.513586452842,2880.0,1.0,,66,,,,,,,,
4.692034138999588,0.014843746641417965,0.11284179675082366,0.0,1.0,0.0168175,4.0,0.8325,-0.002104106310677404,0.18946094810962677,0.0010813784586692539,4.473459910059319e-06,6.564723567710947e-07,70419.39600000001,1.0,69953.2004375,1.98233933883036e-06,291.9379260134904,2880.0,1.0,,67,,,,,,,,
4.6808995829997,0.009973650148216015,0.07592773499588172,0.0,0.0,0.01677,4.0,0.83,-0.004009133389142032,0.17556596671541533,-0.001065547636244446,2.805091924074077e-06,7.501132965141247e-07,70307.14000000001,1.0,69823.0666875,1.98233933883036e-06,370.899921921031,2880.0,1.0,,68,,,,,,,,
4.678870349000135,0.005028622448056315,0.06564127607271075,0.0,0.0,0.0167225,4.0,0.8275,-0.00727651502044561,0.17501126664380232,-0.00435050871844093,2.5087602371816806e-06,7.374535944866997e-07,70354.144,1.0,69972.847875,1.98233933883036e-06,243.8268476398457,2880.0,1.0,,69,,,,,,,,
4.7291654789996755,0.012768165082282698,0.09897460974752903,0.0,0.0,0.016675000000000002,4.0,0.825,-0.004807945350573088,0.17453109410901865,-0.0018982428591698408,2.447174201355059e-06,7.168967831224412e-07,70431.28,1.0,69892.700875,1.98233933883036e-06,331.1777636070002,2880.0,1.0,,70,,,,,,,,
4.655808393999905,0.012296088292108228,0.08986002656941612,0.0,0.0,0.0166275,4.0,0.8225,0.0020047085999976844,0.17094900521139303,0.004846661312816043,2.030359614953644e-06,6.00074064512531e-07,70271.444,1.0,69985.49356249999,1.98233933883036e-06,248.95003148183815,2880.0,1.0,,71,,,,,,,,
4.64727592700001,0.010170774684714464,0.09705403695503871,0.0,0.0,0.01658,4.0,0.8200000000000001,0.00307724328013137,0.16536222832898298,0.005818432313390076,1.9923164889708764e-06,6.358676856166312e-07,70315.672,1.0,70010.67537499999,1.98233933883036e-06,262.71684942654497,2880.0,1.0,,72,,,,,,,,
4.748912941000526,0.012183006343548186,0.10626627613479893,0.0,0.0,0.016532500000000002,4.0,0.8175,0.0013969270221423358,0.1631977198024591,0.004094402266976734,2.836631400289965e-06,6.142641950646066e-07,70329.54000000001,1.0,70047.4234375,1.98233933883036e-06,243.92205769863088,2880.0,1.0,,73,,,,,,,,
4.04000705100043,0.013318774494109675,0.12021484350164731,0.0,1.0,0.016485,2.0,0.815,-0.0049520204095946,0.14987928296128908,-0.0024817964682976403,2.566027897425253e-06,5.590617841259397e-07,70363.94,1.0,70093.7645625,1.98233933883036e-06,210.04892675144433,2880.0,1.0,,74,,,,,,,,
4.7046450440002445,0.0067258648632559925,0.07221679715439677,0.0,0.0,0.0164375,4.0,0.8125,0.0012081364014496405,0.156113280604283,0.0037737759218240776,1.9357716306937314e-06,5.579519826900045e-07,70335.18400000001,1.0,70072.8260625,1.98233933883036e-06,214.05442346865016,2880.0,1.0,,75,,,,,,,,
4.745073148999836,0.008215880356146954,0.08881836004244785,0.0,0.0,0.016390000000000002,4.0,0.81,0.0030278327030828223,0.1498189109067122,0.005482913557595263,1.792648594308351e-06,5.442487408894673e-07,70361.96399999999,1.0,70075.52975,1.98233933883036e-06,175.5485584701211,2880.0,1.0,,76,,,,,,,,
4.716013014000055,0.00762287814480563,0.08281250038029005,0.0,0.0,0.0163425,4.0,0.8075,-0.00047005786715696257,0.15668611228466034,0.0020901410607621074,1.75924309075981e-06,5.366158812118252e-07,70339.512,1.0,70097.94487499999,1.98233933883036e-06,189.83498177162582,2880.0,1.0,,77,,,,,,,,
4.070375659999627,0.014902123026937867,0.10957031262417634,0.0,1.0,0.016295,2.0,0.8049999999999999,0.00171039792864273,0.14436220998565355,0.004062296745056908,2.0400955804689147e-06,5.612109390540354e-07,70353.588,1.0,70077.4438125,1.98233933883036e-06,219.40329849096338,2880.0,1.0,,78,,,,,,,,
4.758517514999767,0.015102899230745,0.09560546930879354,0.0,1.0,0.0162475,4.0,0.8025,0.0002289470770241072,0.1344634285196662,0.0024130918548811073,2.3256020303582168e-06,6.344761681968217e-07,70312.288,1.0,69971.44131250001,1.98233933883036e-06,352.0837888032161,2880.0,1.0,,79,,,,,,,,
4.3753174699995725,0.015368632972240448,0.09518229195641147,0.0,1.0,0.0162,3.0,0.8,-0.004630405171256926,0.13913905455006492,-0.002376939118322399,2.5389348492252693e-06,6.645728755453698e-07,70395.868,1.0,69893.6623125,1.98233933883036e-06,353.71431825118793,2880.0,1.0,,80,70481.18400000001,70199.95599999999,70135.8,70000042,69778.70426666667,best_of_k,70199.95599999999,291.47429564690833
4.763794167000015,0.007439023975166492,0.06943359412252903,0.0,0.0,0.0161525,4.0,0.7975,-0.006307534912290673,0.14616643699506918,-0.003947527788113803,6.195106228309062e-06,6.540122257092662e-07,70326.596,1.0,69900.2358125,1.98233933883036e-06,313.75166102542767,2880.0,1.0,,81,,,,,,,,
4.654514286000449,0.006529379000615639,0.07270507848200698,0.0,0.0,0.016105,4.0,0.795,0.0021020917968902117,0.15273570703963438,0.004561022428485255,5.659080519156608e-06,6.238071440141842e-07,70313.012,1.0,70028.080875,1.98233933883036e-06,209.505596629862,2880.0,1.0,,82,,,,,,,,
4.768478646000403,0.010887872219124498,0.09698893269523978,0.0,0.0,0.016057500000000002,4.0,0.7925,0.001429795893879297,0.14283019800980887,0.003716254412817458,6.604047175073902e-05,8.662025502796192e-07,70374.04,1.0,70037.8591875,1.98233933883036e-06,283.94494522634204,2880.0,1.0,,83,,,,,,,,
4.661219098999936,0.008155406164102411,0.06152343778133703,0.0,0.0,0.01601,4.0,0.79,0.002231044122405971,0.1532901848355929,0.004675839678384364,9.003137298198756e-05,7.53664674372582e-07,70416.42400000001,1.0,70040.45425000001,1.98233933883036e-06,260.4159575408874,2880.0,1.0,,84,,,,,,,,
4.720347718000085,0.009146018424265398,0.07301432297875483,0.0,0.0,0.0159625,4.0,0.7875,-0.0016401700074008356,0.15114596858620644,0.000759767834097147,0.00012242293562773435,9.750909507981003e-07,70390.108,1.0,69902.02037500001,1.98233933883036e-06,387.5094831379741,2880.0,1.0,,85,,,,,,,,
4.796318283999426,0.006751942419214174,0.0724609379346172,0.0,0.0,0.015915,4.0,0.785,-0.0006761206896044314,0.15335028991103172,0.0017615144121615838,2.5905731670642734e-05,6.893016220033132e-07,70422.07200000001,1.0,70047.70743750001,1.98233933883036e-06,295.49277179896376,2880.0,1.0,,86,,,,,,,,
4.681644647999747,0.01239722156606149,0.10445963560293119,0.0,0.0,0.0158675,4.0,0.7825,0.0069109335987983895,0.14859465758005777,0.009267463989090174,9.976539217859681e-06,5.950931528294253e-07,70415.82400000001,1.0,70098.828,1.98233933883036e-06,238.824046352121,2880.0,1.0,,87,,,,,,,,
4.059681642000214,0.02852437095134519,0.13844401109963655,0.0,1.0,0.01582,2.0,0.78,0.02151269488967955,0.14487172414859137,0.023803718000029523,5.648366709465336e-06,5.659264085503916e-07,70369.876,1.0,70075.295625,1.98233933883036e-06,247.73949909402683,2880.0,1.0,,88,,,,,,,,
3.730215606999991,0.029757890695085127,0.12148437524835269,0.0,1.0,0.015772500000000002,1.0,0.7775,0.024910488437550764,0.15471204618612924,0.027349536151935656,8.456795948556342e-06,6.028836120700968e-07,70349.004,1.0,69990.1871875,1.98233933883036e-06,299.9401347845777,2880.0,1.0,,89,,,,,,,,
4.750911389999601,0.016362040080518152,0.13118489583333334,0.0,0.0,0.015725,4.0,0.775,0.006593615621871625,0.1461753292630116,0.008882064061860243,9.635002533059378e-05,1.0465728645196275e-06,70383.204,1.0,70039.277,1.98233933883036e-06,280.90030973282967,2880.0,1.0,,90,,,,,,,,
4.715524557000208,0.01085164129229573,0.09995117224752903,0.0,1.0,0.0156775,4.0,0.7725,-0.0029081284980444857,0.14886042972405752,-0.000617586076259613,0.0004246439285680026,1.50293702934808e-06,70370.408,1.0,69959.63175,1.98233933883036e-06,321.10183119057,2880.0,1.0,,91,,,,,,,,
4.735017773000436,0.009644780390469046,0.09814453156044085,0.0,0.0,0.01563,4.0,0.77,0.0008744351119579127,0.1456302379568418,0.003089742094743997,0.0005995274086861476,1.880910164212916e-06,70372.564,1.0,69976.8139375,1.98233933883036e-06,288.6359819357168,2880.0,1.0,,92,,,,,,,,
4.6951116979998915,0.008845152813591994,0.07509765634313226,0.0,0.0,0.015582499999999999,4.0,0.7675,-0.00024251294477532306,0.1488865129649639,0.0020608751413722834,0.00016213318864780982,8.440247209288524e-07,70314.792,1.0,70008.92,1.98233933883036e-06,230.42818131036088,2880.0,1.0,,93,,,,,,,,
4.7314176079999015,0.004319308514823206,0.05527343787252903,0.0,0.0,0.015535,4.0,0.765,-0.0036600659562585256,0.14927639439702034,-0.0013801303187695642,0.0003847910818611429,1.1875341350275903e-06,70346.908,1.0,70088.6971875,1.98233933883036e-06,212.72145233342255,2880.0,1.0,,94,,,,,,,,
4.726424441000745,0.011328709006193094,0.09757486979166667,0.0,0.0,0.015487500000000001,4.0,0.7625,0.002211731179462125,0.13815353500346342,0.004294632167633002,0.0005592910065767379,1.6462291512198135e-06,70321.348,1.0,70090.6954375,1.98233933883036e-06,217.8011977444895,2880.0,1.0,,95,,,,,,,,
4.730151690000639,0.010064276061408842,0.0852864586437742,0.0,0.0,0.01544,4.0,0.76,0.00200355538011839,0.15178310746947923,0.004287827565955619,0.0005841882070853899,1.6807521774353518e-06,70377.064,1.0,70140.13524999999,1.98233933883036e-06,206.2075897122556,2880.0,1.0,,96,,,,,,,,
4.035783737999736,0.012088496043967703,0.10517578137417634,0.0,1.0,0.0153925,2.0,0.7575000000000001,-0.0032971862043874958,0.1486398180325826,-0.0021139252154777446,0.010935655371667963,2.2220557193956363e-05,70479.376,1.0,70142.3313125,1.98233933883036e-06,180.9380596026647,2880.0,1.0,,97,,,,,,,,
4.692210991999673,0.010956653102766722,0.0754720054877301,0.0,1.0,0.015345000000000001,4.0,0.755,-0.00039340976703291136,0.157264598334829,0.0010505011111187439,0.009540194606415753,3.059053886052728e-05,70455.152,1.0,70175.235875,1.98233933883036e-06,146.80039839007523,2880.0,1.0,,98,,,,,,,,
4.702610645000277,0.011810303020562666,0.0712402348096172,0.0,0.0,0.0152975,4.0,0.7525,-0.001479227057037254,0.15685583588977656,-0.0003393709970017274,0.012483750757989279,2.2542131494181678e-05,70307.93599999999,1.0,69527.00675,1.98233933883036e-06,409.2606605971769,2880.0,1.0,,99,,,,,,,,
4.031080615999599,0.011853025760501623,0.08050130245586236,0.0,1.0,0.01525,2.0,0.75,0.0009623670484870672,0.15025943145155907,0.0030247055304547152,0.002209965239065544,1.6241672786539613e-05,70421.04000000001,1.0,70129.114875,1.98233933883036e-06,246.01686049686654,2880.0,1.0,,100,70481.18400000001,70313.084,70273.39600000001,70000042,70052.37800000001,best_of_k,70313.084,267.5591441791256
4.710845223999968,0.006628548896211821,0.0533854168218871,0.0,0.0,0.0152025,4.0,0.7475,-0.0015065578045323491,0.15215257493158182,0.0007572636241093278,0.00040826008300124766,1.690339925630724e-05,70458.04400000001,1.0,70058.33587499999,1.98233933883036e-06,415.02923348781593,2880.0,1.0,,101,,,,,,,,
4.724841429000662,0.010956553698633797,0.10019531256208818,0.0,0.0,0.015155,4.0,0.745,0.001572041495819576,0.1399704044063886,0.003683801623992622,5.298987124054596e-05,8.383527178542257e-06,70449.45199999999,1.0,70158.2685625,1.98233933883036e-06,187.0453455553866,2880.0,1.0,,102,,,,,,,,
4.658535864999976,0.006789435894461349,0.06997070337335269,0.0,0.0,0.0151075,4.0,0.7424999999999999,-0.0007681368539730707,0.12734024630238613,0.0011538487548629444,1.1791930395096037e-05,1.2562244435798675e-06,70541.792,1.0,70204.034125,1.98233933883036e-06,152.28490505950984,2880.0,1.0,,103,,,,,,,,
4.6546989340004075,0.0072711627193105715,0.07288411476959784,0.0,0.0,0.01506,4.0,0.74,-0.0009265297364133099,0.11832522166272004,0.0008545471743370096,5.948346711193153e-06,6.126988717862029e-07,70596.988,1.0,70250.21456250001,1.98233933883036e-06,144.3898155694637,2880.0,1.0,,104,,,,,,,,
4.7327930900000865,0.010678128237486817,0.08331705754001935,0.0,0.0,0.015012500000000002,4.0,0.7375,-0.001433795647850881,0.12018710157523553,0.0003697720045844714,4.670513249038777e-06,5.495523846358689e-07,70361.08,1.0,70219.28068750001,1.98233933883036e-06,83.0353701218765,2880.0,1.0,,105,,,,,,,,
4.689584460999868,0.010972260313186174,0.0839355473096172,0.0,0.0,0.014965,4.0,0.735,0.0017537435584623988,0.11923042591661215,0.0035373534774407744,4.188977423306521e-06,5.089319188300578e-07,70390.996,1.0,70183.66075000001,1.98233933883036e-06,174.62512777357438,2880.0,1.0,,106,,,,,,,,
4.779286757000591,0.007213993977832918,0.07150065153837204,0.0,0.0,0.0149175,4.0,0.7324999999999999,-8.278863970190287e-05,0.11976307692627113,0.0017031407138953607,3.833732478142338e-06,5.049908745983581e-07,70360.164,1.0,70095.62487500001,1.98233933883036e-06,277.4681273366993,2880.0,1.0,,107,,,,,,,,
4.690499123000336,0.004641801189184965,0.047151692803405844,0.0,0.0,0.014870000000000001,4.0,0.73,-0.0003126140994330247,0.11928391487648089,0.0014605950952197115,3.2601045537224613e-06,4.3306065222736834e-07,70453.33200000001,1.0,70228.4250625,1.98233933883036e-06,123.7040783083607,2880.0,1.0,,108,,,,,,,,
4.427927165000256,0.013481001647758402,0.09739583342646559,0.0,1.0,0.014822499999999999,3.0,0.7275,0.005184235879116588,0.1186051182448864,0.006941745238792565,3.0582296201626177e-06,4.176920387837729e-07,70391.36,1.0,70207.4169375,1.98233933883036e-06,113.92710913286186,2880.0,1.0,,109,,,,,,,,
4.686105789000067,0.008271150509244762,0.0748372395367672,0.0,0.0,0.014775,4.0,0.725,0.0001361113196859757,0.12126509317507346,0.0019271711353212595,3.3900309877784216e-06,5.855389701991953e-07,70419.996,1.0,70126.1769375,1.98233933883036e-06,282.84972096481096,2880.0,1.0,,110,,,,,,,,
4.719962832999954,0.0047080503281904384,0.06116536453676721,0.0,0.0,0.014727500000000001,4.0,0.7224999999999999,-0.0019551428752796105,0.12174782839914162,-0.00016262277495115995,3.0468491255912036e-06,4.325028181521399e-07,70409.05200000001,1.0,70212.68650000001,1.98233933883036e-06,123.5197426922118,2880.0,1.0,,111,,,,,,,,
4.339597153999421,0.01711408239659957,0.1065538198583656,0.0,1.0,0.01468,3.0,0.72,0.0018962519243359566,0.1120756794181135,0.003541011828929186,2.77150019832738e-06,4.669590067704929e-07,70414.71199999998,1.0,70152.1035625,1.98233933883036e-06,249.5328371678929,2880.0,1.0,,112,,,,,,,,
4.714196067999183,0.003954089343703042,0.04095052097303172,0.0,0.0,0.014632500000000001,4.0,0.7175,0.0002513477229513228,0.11518982953081529,0.0019364015897735953,2.4339803985640174e-06,4.354324367739082e-07,70415.72,1.0,70183.9781875,1.98233933883036e-06,181.1268257105079,2880.0,1.0,,113,,,,,,,,
4.681640738000169,0.012188953274744563,0.0864908853545785,0.0,1.0,0.014585,4.0,0.7150000000000001,0.0013361588450303923,0.11717101465910673,0.0030446596404848,2.4209925773751215e-06,3.9351737276168325e-07,70399.20800000001,1.0,70232.139125,1.98233933883036e-06,132.02293449713315,2880.0,1.0,,114,,,,,,,,
3.746247425000547,0.028851797998261947,0.14544270932674408,0.0,1.0,0.014537500000000002,1.0,0.7125,0.010868161625694484,0.12366474544008572,0.012665487515429655,2.3771760879753856e-06,4.253840681182434e-07,70445.31999999999,1.0,70169.7773125,1.98233933883036e-06,174.03058194761917,2880.0,1.0,,115,,,,,,,,
4.671665100999235,0.006646129569465605,0.06127929718544086,0.0,0.0,0.014490000000000001,4.0,0.71,-0.001209180656587705,0.11721985011051099,0.0004888956512634953,2.286089994640861e-06,4.209997660116945e-07,70432.712,1.0,70211.22612499999,1.98233933883036e-06,115.04723139208596,2880.0,1.0,,116,,,,,,,,
4.721987490000174,0.009422247540593768,0.07472330750897527,0.0,0.0,0.0144425,4.0,0.7075,0.0015198742961122964,0.11867405039568742,0.003233307545694212,2.5417021258059926e-06,5.247361076025451e-07,70495.644,1.0,70193.81362500001,1.98233933883036e-06,235.47971291038738,2880.0,1.0,,117,,,,,,,,
4.553274932000022,0.020745174144394696,0.1203776045391957,0.0,1.0,0.014395000000000002,3.0,0.7050000000000001,0.00595324548582236,0.1140670809480879,0.007594366143974993,2.23906598269726e-06,1.30282436809163e-06,70529.76800000001,1.0,70214.74575,1.98233933883036e-06,137.59849828372998,2880.0,1.0,,118,,,,,,,,
4.69611773699944,0.006242775164234142,0.06816406268626451,0.0,0.0,0.014347500000000001,4.0,0.7025,0.001668909991470476,0.10889496685316165,0.003230587268869082,1.8082552912801475e-06,1.025734921000776e-06,70457.728,1.0,70216.34487500001,1.98233933883036e-06,159.23777981601708,2880.0,1.0,,119,,,,,,,,
4.7011071870001615,0.009545712552305,0.07999674510210752,0.0,0.0,0.0143,4.0,0.7,0.0032845684472704306,0.12112928399195273,0.00501011882442981,2.0157723999621644e-06,1.2793379707905691e-05,70497.644,1.0,70202.436375,1.98233933883036e-06,154.73131249317018,2880.0,1.0,,120,70596.988,70285.928,70351.01199999999,70000042,70142.988,best_of_k,70285.928,192.65093598803674
4.70614801299962,0.00424544846949478,0.049690755316987634,0.0,0.0,0.014252500000000001,4.0,0.6975,0.0005833427421748638,0.11529645292709272,0.0022044253807204464,1.983444107622745e-06,4.3964315608491233e-05,70431.62000000001,1.0,70230.89962499999,1.98233933883036e-06,102.51931290181072,2880.0,1.0,,121,,,,,,,,
4.6833005239996055,0.00762010788215169,0.07340494822710752,0.0,0.0,0.014205,4.0,0.6950000000000001,-0.0017448369762860239,0.1194426588093241,-5.931721534579992e-05,1.8941946583102738e-06,2.1948005742918515e-05,70490.564,1.0,70212.6754375,1.98233933883036e-06,149.48553472805798,2880.0,1.0,,122,,,,,,,,
4.706665664999491,0.01027097050488616,0.08502604207023978,0.0,0.0,0.0141575,4.0,0.6925,0.0023106816903843233,0.11855315913756688,0.003884882084093988,2.1435868120533996e-06,0.0002080035515821995,70553.364,1.0,70213.4478125,1.98233933883036e-06,166.35082122645218,2880.0,1.0,,123,,,,,,,,
4.716963567999301,0.01002046826276152,0.07700195318708818,0.0,0.0,0.014110000000000001,4.0,0.69,-0.0023197552897424125,0.11730122317870458,-0.0007318093557842076,2.009522546586595e-06,0.0001339472435025376,70505.016,1.0,70200.0134375,1.98233933883036e-06,209.70807316287028,2880.0,1.0,,124,,,,,,,,
4.643283768999936,0.009857680973558066,0.08680013039459784,0.0,0.0,0.0140625,4.0,0.6875,-0.003655305685242638,0.1114231167982022,-0.0023717888398095965,2.5076271394179153e-06,0.0005662383508138191,70386.548,1.0,70183.4899375,1.98233933883036e-06,161.23387481697458,2880.0,1.0,,125,,,,,,,,
4.730340035000154,0.00800784608873073,0.07467447974098225,0.0,0.0,0.014015,4.0,0.685,-0.0002951472027537723,0.11376094135145347,0.0008999352576211095,4.20542384442039e-06,0.0007977129395537,70391.548,1.0,70130.62487500001,1.98233933883036e-06,233.1022420725162,2880.0,1.0,,126,,,,,,,,
4.6969258959998115,0.008204627694794908,0.0602864585040758,0.0,0.0,0.0139675,4.0,0.6825,0.0017673073064846296,0.12667240481823683,0.0033413363077367344,4.228111947668367e-06,0.0003896899710677341,70365.86,1.0,70049.49225000001,1.98233933883036e-06,259.7119394866889,2880.0,1.0,,127,,,,,,,,
4.377556968000135,0.01308870995287887,0.09613715277777778,0.0,1.0,0.01392,3.0,0.6799999999999999,-0.0005722959111962053,0.14203976094722748,0.001344542588210768,3.0670788393965468e-06,0.00012009726303100858,70318.38799999999,1.0,69840.118,1.98233933883036e-06,351.08091909202176,2880.0,1.0,,128,,,,,,,,
4.688527414999953,0.007135981320364711,0.0694010416821887,0.0,0.0,0.0138725,4.0,0.6775,-0.0007418755412800238,0.1619205648700396,0.0014691937734217693,2.071346675810067e-06,6.993288021324891e-05,70323.41200000001,1.0,69968.868625,1.98233933883036e-06,299.51449053778606,2880.0,1.0,,129,,,,,,,,
4.753849876000459,0.004128222373158981,0.0536621098096172,0.0,0.0,0.013825,4.0,0.675,-0.003576922812499106,0.14978358459969363,-0.0015491011096552636,2.0740410207054083e-06,8.545856123494862e-05,70322.32,1.0,69823.388,1.98233933883036e-06,354.8798816867466,2880.0,1.0,,130,,,,,,,,
4.681154439999773,0.009992873106966726,0.08841145876795053,0.0,0.0,0.013777500000000002,4.0,0.6725,0.006594224988172452,0.1630122953404983,0.008825913537293673,1.8151780144156267e-06,2.806317341708109e-05,70357.82400000001,1.0,69832.95575,1.98233933883036e-06,351.0500155375839,2880.0,1.0,,131,,,,,,,,
4.737192995999976,0.00518375515336326,0.05473632815604409,0.0,0.0,0.01373,4.0,0.6699999999999999,-0.0037338407419156283,0.1649517280360063,-0.0014712255021246772,1.6640062341366502e-06,4.011493433135153e-06,70326.064,1.0,69965.5896875,1.98233933883036e-06,276.32153971759493,2880.0,1.0,,132,,,,,,,,
4.688699803999953,0.005387143537518568,0.05651041659681747,0.0,0.0,0.0136825,4.0,0.6675,-0.0008370897072988251,0.1671866582085689,0.0014497258816845715,1.7449080947547675e-06,1.0824636026048513e-06,70442.68800000001,1.0,70013.9865,1.98233933883036e-06,266.90327395191343,2880.0,1.0,,133,,,,,,,,
4.697848826999689,0.008092166366016803,0.07177734390522043,0.0,0.0,0.013635000000000001,4.0,0.665,-0.0026504939693647125,0.1699112212906281,-0.0003343184944242239,1.6777126650898329e-06,7.90469584899256e-07,70463.548,1.0,70051.45925000001,1.98233933883036e-06,259.2441174905183,2880.0,1.0,,134,,,,,,,,
4.72753922100037,0.006249715680799757,0.060579427517950535,0.0,0.0,0.013587499999999999,4.0,0.6625,-0.0023076754538730406,0.1764943227171898,8.993013761937618e-05,1.7390742783618407e-06,6.738002061486744e-07,70274.93600000002,1.0,70038.21475,1.98233933883036e-06,218.57981782506263,2880.0,1.0,,135,,,,,,,,
4.688711869999679,0.004820827637255813,0.043782552102735885,0.0,0.0,0.01354,4.0,0.6599999999999999,-0.0027314866213904074,0.16916467435657978,-0.00044144957792013884,1.468092918344155e-06,6.124740063266169e-07,70400.596,1.0,70050.2729375,1.98233933883036e-06,214.84333420162645,2880.0,1.0,,136,,,,,,,,
4.66360203000022,0.0033079646091209725,0.03831380213766048,0.0,0.0,0.013492500000000001,4.0,0.6575,-0.0029496083734557033,0.16914362025757632,-0.000667909684125334,1.6392497646696331e-06,6.166170483841901e-07,70360.288,1.0,70044.1319375,1.98233933883036e-06,213.55365005835353,2880.0,1.0,,137,,,,,,,,
4.6919664610004475,0.004547687368661475,0.04370117203022043,0.0,0.0,0.013445000000000002,4.0,0.655,-0.002241603574172283,0.17903029235700765,0.0001650194317335263,1.4132285362696468e-06,5.947770749988498e-07,70407.48,1.0,70087.318625,1.98233933883036e-06,173.81214592084694,2880.0,1.0,,138,,,,,,,,
4.735564591999719,0.009133987817525243,0.06134440146464234,0.0,0.0,0.013397500000000001,4.0,0.6525000000000001,-0.004654204569912205,0.17312727433939776,-0.002335170400328934,1.4858260660351637e-06,5.795594428074461e-07,70431.588,1.0,70094.3001875,1.98233933883036e-06,207.86708131090413,2880.0,1.0,,139,,,,,,,,
4.73480263700003,0.004482195179055755,0.05887044277430201,0.0,0.0,0.01335,4.0,0.65,-0.002343018975807354,0.17032353828350702,-6.961073571195205e-05,1.3754690447361402e-06,5.468940737311337e-07,70370.56,1.0,70027.446125,1.98233933883036e-06,157.9385166338006,2880.0,1.0,,140,70596.988,70235.44,70277.62000000001,70000042,70003.11813333334,best_of_k,70235.44,248.6264219667388
4.697258266000063,0.009245159856315391,0.0765950521454215,0.0,0.0,0.013302500000000002,4.0,0.6475,0.0017563289923903842,0.16394593132038912,0.003936783565829198,1.5032591752136189e-06,5.716843484530424e-07,70500.05600000001,1.0,70070.1711875,1.98233933883036e-06,218.50664504218224,2880.0,1.0,,141,,,,,,,,
4.700267201000315,0.006046216592949349,0.06596679696425174,0.0,0.0,0.013255000000000001,4.0,0.645,-0.001153565322359403,0.1621057502925396,0.0009947805277382333,1.152227123194886e-06,5.028378128694536e-07,70371.392,1.0,70109.8839375,1.98233933883036e-06,145.2089039100089,2880.0,1.0,,142,,,,,,,,
4.689385118000246,0.006327286731296529,0.06723632826469839,0.0,0.0,0.0132075,4.0,0.6425000000000001,-0.006452202098444104,0.15950596953431764,-0.0043459609732963145,1.538729193839572e-06,5.600868746569176e-07,70344.016,1.0,70032.073375,1.98233933883036e-06,209.24240450876562,2880.0,1.0,,143,,,,,,,,
4.664703140999336,0.0038683870079694316,0.04622395848855376,0.0,0.0,0.013160000000000002,4.0,0.64,-0.0021096380660310388,0.1536462058623632,-8.803920354694128e-05,1.255828152579852e-06,5.187618998074109e-07,70467.33600000001,1.0,70120.0748125,1.98233933883036e-06,160.37284329287232,2880.0,1.0,,144,,,,,,,,
4.079845987000226,0.014571276600084579,0.06429036473855376,0.0,1.0,0.013112500000000001,2.0,0.6375,-0.0003282964462414384,0.14918570841352144,0.0016275220550596714,1.2314270255349886e-06,5.113043570759146e-07,70401.552,1.0,70147.4428125,1.98233933883036e-06,145.15362179718426,2880.0,1.0,,145,,,,,,,,
4.713933341000484,0.01250816990796011,0.07530924491584301,0.0,1.0,0.013065,4.0,0.635,-0.0007168104639276862,0.15003069676458836,0.0012427122564986348,2.056508729234944e-06,8.446170459327126e-07,70439.76400000001,1.0,69949.46631250001,1.98233933883036e-06,361.54884284685977,2880.0,1.0,,146,,,,,,,,
4.750292814999739,0.011451827192407412,0.08616536498690645,0.0,1.0,0.013017500000000001,4.0,0.6325000000000001,-0.0018626022889899712,0.15575126434365907,0.000164468326450636,1.2672672179784665e-06,5.889236168362307e-07,70463.464,1.0,70167.3346875,1.98233933883036e-06,129.04071673517308,2880.0,1.0,,147,,,,,,,,
4.674329073000081,0.007931982593921324,0.08440755230064194,0.0,0.0,0.01297,4.0,0.63,-0.0029817112954333425,0.14551584795117378,-0.0010949424856031935,1.5656312939427153e-06,8.307679545775196e-07,70431.8,1.0,69943.83812500001,1.98233933883036e-06,400.4912430590527,2880.0,1.0,,148,,,,,,,,
4.833336908999627,0.006004776441841386,0.056396484375,0.0,0.0,0.0129225,4.0,0.6275,-0.008575400211460268,0.1395279603699843,-0.006772773029903571,1.2124843067340407e-06,6.024856418207492e-07,70467.796,1.0,70095.975875,1.98233933883036e-06,342.3326625944181,2880.0,1.0,,149,,,,,,,,
4.732125377000557,0.004934799901093356,0.061767578357830644,0.0,0.0,0.012875000000000001,4.0,0.625,-0.0014875288664673765,0.14586250577121973,0.00039008178282529116,1.1932120216329167e-06,4.998831274842056e-07,70423.112,1.0,70197.741625,1.98233933883036e-06,159.09415922610114,2880.0,1.0,,150,,,,,,,,
4.699206166000295,0.0037865702082247785,0.0455729168606922,0.0,0.0,0.0128275,4.0,0.6225,-0.0005906132379701982,0.14525992857913175,0.0012723725570443396,1.0512043502330926e-06,4.6219493062456724e-07,70481.956,1.0,70246.26375000001,1.98233933883036e-06,111.10854700443987,2880.0,1.0,,151,,,,,,,,
4.683050992000062,0.006341678085542905,0.04490559905146559,0.0,0.0,0.01278,4.0,0.62,-0.0018344121053814888,0.1536183146138986,0.00012838153634220362,1.3317745697349892e-06,6.312854239354238e-07,70545.908,1.0,70144.49356249999,1.98233933883036e-06,314.5345135439191,2880.0,1.0,,152,,,,,,,,
4.758970017999673,0.004409727737462769,0.052262370164195694,0.0,0.0,0.0127325,4.0,0.6174999999999999,-0.003969956926691036,0.15161542656521002,-0.0020398582564666867,1.143030568565943e-06,4.6297677987657454e-07,70517.312,1.0,70292.99156250001,1.98233933883036e-06,136.5504151368967,2880.0,1.0,,153,,,,,,,,
4.651592232999974,0.004255690626450814,0.05167643236927688,0.0,0.0,0.012685,4.0,0.615,-0.0016045652543349813,0.14697828826804957,0.00025939343807597953,2.1906068307468254e-06,4.837124431370891e-07,70500.232,1.0,70232.4731875,1.98233933883036e-06,129.13553881035298,2880.0,1.0,,154,,,,,,,,
4.750542263999705,0.006283730884509471,0.07574869816501935,0.0,0.0,0.0126375,4.0,0.6125,-0.008042702276725322,0.1621432968725761,-0.005994049599394202,1.8958696751762243e-06,4.880173693303883e-07,70583.972,1.0,70236.8178125,1.98233933883036e-06,185.70973999891473,2880.0,1.0,,155,,,,,,,,
4.69398213400018,0.010890389724712199,0.09309895879899462,0.0,0.0,0.01259,4.0,0.61,0.0033559025663028783,0.15881747007369995,0.005354851367883384,3.1084037933245177e-06,5.04500629716631e-07,70535.564,1.0,70197.25362500001,1.98233933883036e-06,190.63560041309069,2880.0,1.0,,156,,,,,,,,
4.720183894000002,0.009068227945438897,0.08636067737825215,0.0,0.0,0.012542500000000002,4.0,0.6074999999999999,-0.0007607044729714593,0.1505873848994573,0.001127343353194495,4.6241122504397936e-06,4.6344137179706496e-07,70526.564,1.0,70172.354,1.98233933883036e-06,161.51398352774157,2880.0,1.0,,157,,,,,,,,
4.691051899999366,0.006903940166618365,0.07929687512417634,0.0,0.0,0.012495,4.0,0.605,0.0010500887680488329,0.1493529975414276,0.0029156990737343826,2.994921165585159e-06,5.112946475094304e-07,70452.81599999999,1.0,70195.1490625,1.98233933883036e-06,213.28489105565134,2880.0,1.0,,158,,,,,,,,
4.687065596999673,0.008136127900797874,0.07093098971139018,0.0,0.0,0.0124475,4.0,0.6025,-0.0020914081445274255,0.1497980859130621,-0.00022759913311650357,5.756598208487655e-06,4.5431216122437945e-07,70501.428,1.0,70217.39743750001,1.98233933883036e-06,167.24084984142996,2880.0,1.0,,159,,,,,,,,
4.372359399000743,0.0146835002491975,0.0955078124275638,0.0,1.0,0.012400000000000001,3.0,0.6,0.002123172032750315,0.1519018610318502,0.004005500801011092,8.939668595707593e-06,7.209954067851262e-07,70539.39199999999,1.0,70035.7640625,1.98233933883036e-06,368.7923855813012,2880.0,1.0,,160,70596.988,70364.80799999999,70283.356,70000042,70092.87920000001,best_of_k,70364.80799999999,246.23070861266092
4.78852170799928,0.007041212942567654,0.06774088577367365,0.0,0.0,0.012352499999999999,4.0,0.5974999999999999,-0.0032516821859947718,0.14873228998233876,-0.001415443994725744,7.4653716547838185e-06,4.6137351124760545e-07,70518.91600000001,1.0,70220.52387500001,1.98233933883036e-06,149.81773287893807,2880.0,1.0,,161,,,,,,,,
4.6905385519994525,0.008540746634632038,0.07216796899835269,0.0,0.0,0.012305,4.0,0.595,0.0020478491593773165,0.14102371347447237,0.0037824059448515377,5.203494114406719e-06,4.3987026998593137e-07,70512.296,1.0,70245.946125,1.98233933883036e-06,146.4463447870392,2880.0,1.0,,162,,,,,,,,
4.692600157000015,0.008035228248142326,0.060856119729578495,0.0,0.0,0.012257500000000001,4.0,0.5925,0.0031352179697326696,0.14122033740083376,0.004865271310942869,7.38536479616414e-06,4.328390600013184e-07,70519.072,1.0,70268.6824375,1.98233933883036e-06,157.23581066445595,2880.0,1.0,,163,,,,,,,,
4.692458326000633,0.009463530921493657,0.09737955794359247,0.0,0.0,0.012210000000000002,4.0,0.5900000000000001,-0.0015011421492090449,0.13495176813254753,0.00014538259711116552,9.950084631782374e-06,4.815808433515182e-07,70517.208,1.0,70258.232,1.98233933883036e-06,124.9556493220692,2880.0,1.0,,164,,,,,,,,
4.709333556999809,0.010277368278669504,0.08177083373690645,0.0,0.0,0.012162500000000001,4.0,0.5875,0.0049516967361948145,0.14029595969865719,0.006657305464614183,4.995701525937572e-06,4.816874863422527e-07,70498.852,1.0,70199.38775,1.98233933883036e-06,158.98426108875483,2880.0,1.0,,165,,,,,,,,
4.658025385000656,0.006439772851687546,0.08419596372793119,0.0,0.0,0.012115,4.0,0.585,0.0002659862123740216,0.14182032458484173,0.00198379997164011,9.163603162202586e-07,4.951592877944222e-07,70535.736,1.0,70182.2398125,1.98233933883036e-06,141.53213388737876,2880.0,1.0,,166,,,,,,,,
4.65747108100004,0.0070874086280430975,0.07449544283250968,0.0,0.0,0.0120675,4.0,0.5825,-0.002303225667371104,0.1302013387903571,-0.0007323435662935177,7.943186683216178e-07,4.856946359173738e-07,70524.61200000001,1.0,70213.3925625,1.98233933883036e-06,131.52734111177713,2880.0,1.0,,167,,,,,,,,
4.744675110000571,0.005281313162413426,0.05761718757761022,0.0,0.0,0.012020000000000001,4.0,0.5800000000000001,-0.0013617705068706225,0.11845376342535019,6.174866575747728e-05,7.529436392890906e-07,4.4029580455647494e-07,70511.568,1.0,70254.5840625,1.98233933883036e-06,104.63757308560965,2880.0,1.0,,168,,,,,,,,
4.6744180260002395,0.012317707606901726,0.08509114594198763,0.0,0.0,0.0119725,4.0,0.5775,0.0016083942997890215,0.11884335459520419,0.003030930762179196,8.629966690894738e-07,4.579724664684666e-07,70526.6,1.0,70204.8004375,1.98233933883036e-06,148.5882551265705,2880.0,1.0,,169,,,,,,,,
4.761547185999916,0.009556635016148599,0.08240559914459784,0.0,0.0,0.011925000000000002,4.0,0.575,0.003933491486047084,0.12432116580506165,0.005415706235604982,7.41965012688676e-07,4.817884070954884e-07,70478.69200000001,1.0,70204.7280625,1.98233933883036e-06,198.9810244413932,2880.0,1.0,,170,,,,,,,,
4.7099026919995595,0.006392505679590006,0.07067057319606344,0.0,0.0,0.011877500000000001,4.0,0.5725,0.0017382174313146,0.13258241023868322,0.0033126784061702588,6.793977765558642e-07,4.375441401786399e-07,70438.54800000001,1.0,70190.5735,1.98233933883036e-06,102.10002806929137,2880.0,1.0,,171,,,,,,,,
4.788320970999848,0.007325415484956466,0.07257487019523978,0.0,0.0,0.01183,4.0,0.5700000000000001,-0.000673930742777884,0.13411417479316393,0.000912253667290012,9.141382856607075e-07,5.884705818933375e-07,70486.54400000001,1.0,70229.764,1.98233933883036e-06,153.75616887624346,2880.0,1.0,,172,,,,,,,,
4.661100524000176,0.008526054016935328,0.08966471394523978,0.0,0.0,0.011782500000000001,4.0,0.5675,-0.0005615238333120942,0.13473747794826826,0.001025689688200752,7.973593127985623e-07,5.014065796634289e-07,70567.128,1.0,70242.28593750001,1.98233933883036e-06,143.25712808442057,2880.0,1.0,,173,,,,,,,,
4.131769532999897,0.013368343720988681,0.09430338566501935,0.0,1.0,0.011735,2.0,0.565,0.004068340795735518,0.14047127465407053,0.005716444614032905,7.732491885311296e-07,4.995570013951086e-07,70516.516,1.0,70209.98818750001,1.98233933883036e-06,153.3879164445984,2880.0,1.0,,174,,,,,,,,
4.690942190999522,0.0077092725308223935,0.0728352867687742,0.0,0.0,0.0116875,4.0,0.5625,-0.0017783182362715404,0.1367423183595141,-0.00018050828172514835,9.210549668144571e-07,5.465866811012651e-07,70446.52,1.0,70161.2894375,1.98233933883036e-06,159.97525239293563,2880.0,1.0,,175,,,,,,,,
4.707096088000071,0.0055927043334425735,0.07003580732271075,0.0,0.0,0.011640000000000001,4.0,0.56,3.3851887565106153e-05,0.1324132103472948,0.0015748039974520605,8.063617092564831e-07,5.146773579175109e-07,70593.704,1.0,70241.41756249999,1.98233933883036e-06,116.92021778250562,2880.0,1.0,,176,,,,,,,,
4.702375713000038,0.008822822749304274,0.07275390648283064,0.0,1.0,0.0115925,4.0,0.5575,0.0012056237319484353,0.1319531323388219,0.002734951674938202,8.150853976947777e-07,5.137660560687133e-07,70435.02,1.0,70184.1396875,1.98233933883036e-06,148.7363647133827,2880.0,1.0,,177,,,,,,,,
4.687303074999363,0.00605282422232752,0.06822916679084301,0.0,0.0,0.011545,4.0,0.5549999999999999,-0.003944095131979945,0.13495139001558223,-0.002386445975086341,8.555417826035713e-07,5.585254794956048e-07,70477.624,1.0,70211.35125,1.98233933883036e-06,150.63864373041045,2880.0,1.0,,178,,,,,,,,
4.690208170000005,0.011593874543905258,0.09278971348733951,0.0,0.0,0.0114975,4.0,0.5525,0.0015592087390056502,0.13578998111188412,0.0031200898035118976,8.316658555903208e-07,5.614905068303718e-07,70520.12,1.0,70214.3780625,1.98233933883036e-06,160.23051636625405,2880.0,1.0,,179,,,,,,,,
4.710494492999715,0.00940887515510743,0.0866373700555414,0.0,0.0,0.01145,4.0,0.55,-0.0013806362791607778,0.1330696198468407,0.00014262918072442213,9.850167496476085e-07,5.650939698398361e-07,70415.372,1.0,70151.7843125,1.98233933883036e-06,158.9703871689696,2880.0,1.0,,180,70596.988,70440.084,70348.31599999999,70000042,70173.18986666668,best_of_k,70440.084,144.31559634720367
4.718645361000199,0.007858088953071274,0.0849121098096172,0.0,0.0,0.011402500000000001,4.0,0.5475,-0.0005149850524806728,0.1258160046612223,0.0009192596965779861,8.548065935087834e-07,5.729830121481427e-07,70541.212,1.0,70191.8543125,1.98233933883036e-06,176.74182749819735,2880.0,1.0,,181,,,,,,,,
4.840355534000082,0.008361391810467467,0.10040690160046022,0.0,0.0,0.011355,4.0,0.5449999999999999,-0.0037633198177597174,0.1320630218833685,-0.002264075582691779,8.141731602980448e-07,5.0122231698424e-07,70425.04,1.0,70192.7624375,1.98233933883036e-06,121.02440921693658,2880.0,1.0,,182,,,,,,,,
4.663694476999808,0.0038823764965248606,0.05328776082023978,0.0,0.0,0.0113075,4.0,0.5425,-0.0025135535009515784,0.12915992364287376,-0.001053429887785266,8.157230174295668e-07,5.420604575571512e-07,70509.06,1.0,70197.136375,1.98233933883036e-06,150.03587911682868,2880.0,1.0,,183,,,,,,,,
4.764001954000378,0.007662524178158492,0.07200520858168602,0.0,0.0,0.011260000000000001,4.0,0.54,-0.0001358262040109063,0.12685472145676613,0.0012922133513105412,7.330746711886604e-07,5.419767710179713e-07,70534.0,1.0,70220.945875,1.98233933883036e-06,127.78562471766728,2880.0,1.0,,184,,,,,,,,
4.6607603630000085,0.010719098538781205,0.10133463594441612,0.0,0.0,0.0112125,4.0,0.5375,0.0006862511994161954,0.1297560821597775,0.0021408202204232416,7.168123872247634e-07,4.971306767724096e-07,70506.168,1.0,70241.408875,1.98233933883036e-06,113.75902953715097,2880.0,1.0,,185,,,,,,,,
4.659836824000195,0.004978781852211493,0.06002604185293118,0.0,0.0,0.011165,4.0,0.5349999999999999,-0.002177034504711628,0.13139914659162363,-0.0007103060294563571,7.76370688034452e-07,5.310653558391701e-07,70468.384,1.0,70181.78400000001,1.98233933883036e-06,154.33915638780675,2880.0,1.0,,186,,,,,,,,
4.668904952000048,0.00479390529411224,0.05602213585128387,0.0,0.0,0.0111175,4.0,0.5325,-0.0015285869206612308,0.1348746639365951,-2.94479929531614e-05,6.76374592482413e-07,5.221018663329838e-07,70490.12400000001,1.0,70218.3941875,1.98233933883036e-06,139.83238000357818,2880.0,1.0,,187,,,,,,,,
4.679383257000154,0.0058557240311832475,0.07189127632106344,0.0,0.0,0.011070000000000002,4.0,0.53,-0.0007962947711348534,0.13546470925211906,0.0007029687597726783,7.517506546150798e-07,5.110431568292976e-07,70526.07200000001,1.0,70259.8114375,1.98233933883036e-06,143.06585275995678,2880.0,1.0,,188,,,,,,,,
4.69205533100012,0.004242171358782798,0.0462402345923086,0.0,0.0,0.011022500000000001,4.0,0.5275000000000001,-0.005598619832502057,0.14049402934809527,-0.004050367201368014,7.18810033125313e-07,5.426220361925971e-07,70420.828,1.0,70218.5531875,1.98233933883036e-06,112.67712534201323,2880.0,1.0,,189,,,,,,,,
4.656258510000043,0.008471568469152166,0.08470052108168602,0.0,0.0,0.010975,4.0,0.525,0.0008223748785288384,0.1371234953403473,0.002326981028697143,7.284826040176995e-07,5.03835677771273e-07,70535.19200000001,1.0,70236.31137499999,1.98233933883036e-06,134.45605111935083,2880.0,1.0,,190,,,,,,,,
4.758716486000594,0.005640728496170293,0.06695963613068064,0.0,0.0,0.010927500000000001,4.0,0.5225,-0.0007044401330252489,0.13665530333916345,0.0007885342735486726,7.052205693488153e-07,5.116234641870202e-07,70525.58399999999,1.0,70265.674375,1.98233933883036e-06,130.07234078142503,2880.0,1.0,,191,,,,,,,,
4.680274310000641,0.02254188174265437,0.11925455772628386,0.0,1.0,0.01088,4.0,0.52,0.005843186231989724,0.13375845613578954,0.007298096626376112,8.727747863683059e-07,5.881747450568279e-07,70567.88,1.0,70220.2803125,1.98233933883036e-06,223.39286389039484,2880.0,1.0,,192,,,,,,,,
3.7937262279992865,0.05297598347533494,0.11959635466337204,0.0,1.0,0.0108325,1.0,0.5175000000000001,-0.004713503100598852,0.13790353015065193,-0.003225054902335008,1.0965057299472392e-05,8.589783571248214e-06,70453.32400000001,1.0,67781.65918750002,1.98233933883036e-06,2038.0270124122724,2880.0,1.0,,193,,,,,,,,
4.655779602999246,0.007336674190203969,0.07496744797875483,0.0,0.0,0.010785000000000001,4.0,0.515,-0.0012968915446739022,0.13165944317976633,0.00011933765684564908,1.328277884245684e-05,4.77836399189376e-06,70539.852,1.0,70267.3945,1.98233933883036e-06,294.35797656042877,2880.0,1.0,,194,,,,,,,,
4.689802810999936,0.00831369932469291,0.1013346357891957,0.0,0.0,0.0107375,4.0,0.5125,0.0005965538051289817,0.1332005156824986,0.0020261946871566274,2.4186832755882883e-06,7.155266151433656e-07,70528.788,1.0,70303.28237500001,1.98233933883036e-06,158.71071420782908,2880.0,1.0,,195,,,,,,,,
4.6910028590000366,0.005553955653643546,0.06549479191501935,0.0,0.0,0.010690000000000002,4.0,0.51,-0.002218308528730025,0.12685852528860173,-0.0008625444024801254,9.146123195099184e-07,5.22978352771967e-07,70532.564,1.0,70301.45387499999,1.98233933883036e-06,148.00841124572744,2880.0,1.0,,196,,,,,,,,
4.703748261999863,0.005226237015449442,0.06508789102857311,0.0,0.0,0.010642500000000001,4.0,0.5075000000000001,-0.00047255974883834523,0.12705179676413536,0.000879273070798566,8.162700808611589e-07,4.699269844365972e-07,70526.3,1.0,70319.62031250002,1.98233933883036e-06,134.89473811328784,2880.0,1.0,,197,,,,,,,,
4.723204827999325,0.007704813125504491,0.08577474020421505,0.0,0.0,0.010595,4.0,0.505,0.001947871098915736,0.12716858802984157,0.0032949236241014055,6.286465179528022e-07,4.7305346602873516e-07,70525.584,1.0,70309.143,1.98233933883036e-06,119.59010213642303,2880.0,1.0,,198,,,,,,,,
4.726953637999941,0.0058603936874230085,0.06510416660845901,0.0,0.0,0.010547500000000001,4.0,0.5025,-0.0013128613160612683,0.13121330303450426,7.08233177041014e-05,5.79721484446812e-07,4.598358328185744e-07,70532.848,1.0,70309.98874999999,1.98233933883036e-06,99.83208936978995,2880.0,1.0,,199,,,,,,,,
4.707922216000043,0.006602689342495675,0.07565104154249032,0.0,0.0,0.0105,4.0,0.5,-0.00012980802178693315,0.13198008419324955,0.001255686782921354,6.409137919642186e-07,4.6437650169650624e-07,70535.048,1.0,70311.906,1.98233933883036e-06,126.51200255114128,2880.0,1.0,,200,70596.988,70470.61600000001,70254.69600000001,70000042,70241.0932,best_of_k,70470.61600000001,126.55066628097929
4.715756837001209,0.005952319232164882,0.0703125,0.0,0.0,0.010452500000000002,4.0,0.49750000000000005,-0.0014038031610349815,0.14127718346814314,7.259094854816794e-05,7.507807211482032e-07,4.621909018472555e-07,70542.0,1.0,70267.59800000001,1.98233933883036e-06,159.4643503388769,2880.0,1.0,,201,,,,,,,,
4.674374786000044,0.005370875122025609,0.07081705774180591,0.0,0.0,0.010405000000000001,4.0,0.495,0.001382053616301467,0.13933054668207964,0.0028314089625685788,1.1880917156759097e-06,5.207399027540305e-07,70573.936,1.0,70318.5191875,1.98233933883036e-06,149.1470390808685,2880.0,1.0,,202,,,,,,,,
4.696688494999762,0.0038294887053780258,0.04458007821813226,0.0,0.0,0.010357500000000002,4.0,0.49250000000000005,-0.0031158038279196867,0.1362208090722561,-0.0017052940869083006,1.3655045947302824e-06,5.210629628512228e-07,70510.116,1.0,70283.3844375,1.98233933883036e-06,166.96609812191963,2880.0,1.0,,203,,,,,,,,
4.630214529999648,0.004731903750022563,0.05852864574020108,0.0,0.0,0.01031,4.0,0.49,-0.0033847562735900283,0.12877685111016035,-0.002057402472322186,7.73598803978833e-07,5.156310910100123e-07,70553.58,1.0,70291.9389375,1.98233933883036e-06,146.09076435429145,2880.0,1.0,,204,,,,,,,,
4.749801257001309,0.006142248055160356,0.0722005208954215,0.0,0.0,0.0102625,4.0,0.48750000000000004,-0.00015995934760818878,0.12707965355366468,0.0011439028894528747,6.91155011149173e-07,4.470057509327792e-07,70566.356,1.0,70306.5915,1.98233933883036e-06,132.57578686641858,2880.0,1.0,,205,,,,,,,,
4.681242058000862,0.0058805065345950425,0.07198893240032096,0.0,0.0,0.010215,4.0,0.485,-0.0025462983661176017,0.13315458968281746,-0.0011864367600840826,6.622793264909888e-07,4.927782827716479e-07,70494.224,1.0,70276.42874999999,1.98233933883036e-06,123.83225560183108,2880.0,1.0,,206,,,,,,,,
4.697794359999534,0.005570913723204285,0.06121419292564193,0.0,0.0,0.010167500000000001,4.0,0.48250000000000004,-0.003122918637624631,0.13011508279790482,-0.0018002795598780115,6.700163860765921e-07,4.786656949325637e-07,70552.528,1.0,70307.23000000001,1.98233933883036e-06,128.55159576994853,2880.0,1.0,,207,,,,,,,,
4.685921182999664,0.005706236872356385,0.049869791992629565,0.0,0.0,0.01012,4.0,0.48,0.0008583944872952998,0.1179954515149196,0.0020522159369041524,6.974720842360208e-07,4.457018908018047e-07,70560.44,1.0,70286.3031875,1.98233933883036e-06,145.84523555841645,2880.0,1.0,,208,,,,,,,,
4.69042217400056,0.006006805754926366,0.07335612007106344,0.0,0.0,0.010072500000000002,4.0,0.47750000000000004,-0.0013524371897801757,0.13048558216542006,-3.840199982126554e-05,5.632438302427545e-07,4.499880444560252e-07,70532.564,1.0,70308.8356875,1.98233933883036e-06,141.95777389650877,2880.0,1.0,,209,,,,,,,,
4.699965204999899,0.007196882375865243,0.07905273457678656,0.0,0.0,0.010025000000000001,4.0,0.475,0.00012638106515320638,0.1297326603283485,0.0014266581371581803,5.980549152203215e-07,4.655358741464018e-07,70609.10800000001,1.0,70310.03150000001,1.98233933883036e-06,149.2964773604843,2880.0,1.0,,210,,,,,,,,
4.698204352000175,0.009366601695849871,0.07872721379195961,0.0,0.0,0.009977500000000002,4.0,0.47250000000000003,0.0032632660634893305,0.12998920399695635,0.004559978105438252,5.434862965595736e-07,4.0166863494543276e-07,70532.992,1.0,70303.534,1.98233933883036e-06,137.7076843244422,2880.0,1.0,,211,,,,,,,,
4.802782863000175,0.005398488448311885,0.05991210943708817,0.0,0.0,0.00993,4.0,0.47,-0.004648877909251799,0.1271539032459259,-0.0033865196940799556,6.150488947772222e-07,4.363784687673918e-07,70576.37999999999,1.0,70306.59125,1.98233933883036e-06,143.67488049216269,2880.0,1.0,,212,,,,,,,,
4.824234178000552,0.0035789104440482333,0.04293619794771075,0.0,0.0,0.0098825,4.0,0.4675,-0.0016415909049101174,0.12411771311114232,-0.0004152689555970331,5.707841737034869e-07,4.2983211182937947e-07,70599.41600000001,1.0,70326.975,1.98233933883036e-06,128.68916282072888,2880.0,1.0,,213,,,,,,,,
4.690994804999718,0.006391521421998429,0.06764322969441612,0.0,0.0,0.009835,4.0,0.46499999999999997,-0.0020658535116429753,0.1153237959370017,-0.0009319073675821224,5.212272130942589e-07,4.2262224653200064e-07,70596.584,1.0,70366.143625,1.98233933883036e-06,102.57167474434542,2880.0,1.0,,214,,,,,,,,
4.6740777129998605,0.003397371285245754,0.038606770928405844,0.0,0.0,0.009787500000000001,4.0,0.4625,-0.006239796144654974,0.12262373852233092,-0.005039853684138507,5.109026552929663e-07,3.713147466536763e-07,70544.708,1.0,70369.1479375,1.98233933883036e-06,103.065252705489,2880.0,1.0,,215,,,,,,,,
4.751275327000258,0.004598615676513873,0.05022786480064193,0.0,0.0,0.00974,4.0,0.45999999999999996,-0.0018948192349247013,0.13322798317919174,-0.0005974257170843581,5.260205545217408e-07,3.896013704244676e-07,70590.11600000001,1.0,70363.6963125,1.98233933883036e-06,106.12311193916555,2880.0,1.0,,216,,,,,,,,
4.631114433999755,0.005032646251493134,0.05678710946813226,0.0,0.0,0.009692500000000001,4.0,0.4575,-0.0005082747860190769,0.1339198729644219,0.0007894854449356595,6.036704813065322e-07,3.95344194714653e-07,70590.448,1.0,70298.4285625,1.98233933883036e-06,140.05757485382182,2880.0,1.0,,217,,,,,,,,
4.716813897000975,0.0038174914031211906,0.044710286582509674,0.0,0.0,0.009644999999999999,4.0,0.45499999999999996,0.0004303848303000753,0.1323785036802292,0.001706924328270058,5.426780198547476e-07,3.9350298190280836e-07,70584.044,1.0,70331.954,1.98233933883036e-06,132.67618915427082,2880.0,1.0,,218,,,,,,,,
4.6940148119992955,0.004550181261341398,0.05141601602857312,0.0,0.0,0.0095975,4.0,0.4525,-0.002221061266027391,0.132792839470009,-0.0009468171241072317,4.939210119421963e-07,3.709800407610449e-07,70548.364,1.0,70379.2435625,1.98233933883036e-06,111.16594234323053,2880.0,1.0,,219,,,,,,,,
4.720764028001213,0.004649845369082565,0.04454752616584301,0.0,0.0,0.00955,4.0,0.44999999999999996,-0.0015216088650049642,0.13514332255969444,-0.00023123055386046568,5.144784142411633e-07,3.7828365388274204e-07,70572.616,1.0,70335.79356250001,1.98233933883036e-06,122.21389625287448,2880.0,1.0,,220,70609.10800000001,70578.008,70519.948,70000042,70320.84866666667,best_of_k,70578.008,108.13116377478136
4.712210996000067,0.009741189875057898,0.08683268244688709,0.0,0.0,0.0095025,4.0,0.4475,-0.000861274126994734,0.13710535938541094,0.0004413280791292588,5.538409588723425e-07,3.71813181724671e-07,70566.82400000001,1.0,70330.369125,1.98233933883036e-06,140.4204392057447,2880.0,1.0,,221,,,,,,,,
4.754689060000601,0.003899978148789766,0.04388020855064193,0.0,0.0,0.009455,4.0,0.44499999999999995,-0.002403304247612444,0.13586739326516786,-0.0011189454550428006,6.591911822321587e-07,4.026340304127037e-07,70597.72,1.0,70302.429125,1.98233933883036e-06,147.64105978261807,2880.0,1.0,,222,,,,,,,,
4.659353914001258,0.005395348018889005,0.05502929693708817,0.0,0.0,0.009407500000000001,4.0,0.4425,-0.002939615495658169,0.1342552804077665,-0.001676880211258928,7.187712185441342e-07,3.987938252218252e-07,70560.088,1.0,70285.85018750001,1.98233933883036e-06,154.69495974163118,2880.0,1.0,,223,,,,,,,,
4.7206906319988775,0.005251478753052652,0.06056315118136505,0.0,0.0,0.00936,4.0,0.43999999999999995,-0.0054137779904219014,0.13099942853053412,-0.004187882276407133,6.435109180339774e-07,3.8848292642038967e-07,70574.592,1.0,70310.24312500001,1.98233933883036e-06,150.82642001398332,2880.0,1.0,,224,,,,,,,,
4.700765248999232,0.0052344279586880775,0.058382161504899464,0.0,0.0,0.009312500000000001,4.0,0.4375,-0.0011447399301687256,0.12803072265038887,4.728177251915137e-05,5.532193133224913e-07,4.1838630693291634e-07,70588.77600000001,1.0,70338.49625,1.98233933883036e-06,198.6366579245561,2880.0,1.0,,225,,,,,,,,
4.709697242000402,0.003751379636620792,0.037109375038805105,0.0,0.0,0.009265000000000002,4.0,0.43500000000000005,-0.003957395795926762,0.12511153146624565,-0.0027985064625681844,6.135076967931733e-07,4.166462765908818e-07,70600.796,1.0,70303.4718125,1.98233933883036e-06,171.21042156573023,2880.0,1.0,,226,,,,,,,,
4.723017483998774,0.007677764137042686,0.06406250029491882,0.0,0.0,0.0092175,4.0,0.4325,0.0005022402328904718,0.12406244315207005,0.001645527547225356,6.35384110362717e-07,3.890970556123345e-07,70668.12,1.0,70332.9666875,1.98233933883036e-06,152.2907531468259,2880.0,1.0,,227,,,,,,,,
4.713745810000546,0.004249235998334673,0.04627278679981828,0.0,0.0,0.009170000000000001,4.0,0.43000000000000005,-0.0004721768345916644,0.11875071624914806,0.000616500600396345,6.845662525734042e-07,3.959634386300574e-07,70603.31599999999,1.0,70358.68193750002,1.98233933883036e-06,174.3016810159783,2880.0,1.0,,228,,,,,,,,
4.727664815998651,0.006598585086370197,0.0691894533423086,0.0,0.0,0.0091225,4.0,0.4275,0.005629301706600624,0.11892936006188393,0.00671398569829762,5.126260849882177e-07,3.9609417967767513e-07,70584.06,1.0,70423.0120625,1.98233933883036e-06,152.47314926158774,2880.0,1.0,,229,,,,,,,,
4.701957467999819,0.007259493198944256,0.0691080732891957,0.0,0.0,0.009075000000000001,4.0,0.42500000000000004,-0.0018995283462572843,0.11426067010809977,-0.0008628516807220876,6.265866853520189e-07,3.5278579346709193e-07,70602.384,1.0,70390.126375,1.98233933883036e-06,122.28048852069406,2880.0,1.0,,230,,,,,,,,
4.671771997000178,0.009972434301744215,0.08219401095993817,0.0,0.0,0.0090275,4.0,0.4225,-0.0006559056006760026,0.11040111693243186,0.0003404989450549086,6.65365864923236e-07,3.5055492020319434e-07,70610.22,1.0,70405.42925000002,1.98233933883036e-06,115.020597796383,2880.0,1.0,,231,,,,,,,,
4.062574374998803,0.025183017452945933,0.07998046899835269,0.0,1.0,0.008980000000000002,2.0,0.42000000000000004,-0.004387448076158762,0.11405157359937827,-0.0033690291068827114,1.0675793760128727e-05,9.394087517951752e-06,70522.2,1.0,67093.164,1.98233933883036e-06,2073.448602195747,2880.0,1.0,,232,,,,,,,,
4.057910577999792,0.043488833092851564,0.07838541641831398,0.0,1.0,0.008932500000000001,2.0,0.4175,-0.005831306645025809,0.10805950251718362,-0.004868301252524058,9.4985548268293e-06,2.573863544815443e-06,70583.644,1.0,69492.920375,1.98233933883036e-06,1297.7495727294074,2880.0,1.0,,233,,,,,,,,
4.666660450000563,0.004196792661484021,0.04488932341337204,0.0,0.0,0.008885,4.0,0.41500000000000004,-0.0010226705150368314,0.11028271292646726,-4.605638484160105e-05,3.045394343340983e-05,4.0423024927349616e-07,70569.776,1.0,70382.7760625,1.98233933883036e-06,107.23701410308784,2880.0,1.0,,234,,,,,,,,
4.712534783000592,0.005421770576504059,0.05144856792564193,0.0,0.0,0.0088375,4.0,0.4125,-0.0017507877006816368,0.10833897658934195,-0.0007948221949239572,1.281111236058526e-05,3.9828437673842626e-07,70617.256,1.0,70411.2318125,1.98233933883036e-06,140.75990005933832,2880.0,1.0,,235,,,,,,,,
4.693677481998748,0.003072566949413158,0.032519531436264515,0.0,0.0,0.008790000000000001,4.0,0.41000000000000003,-0.0018506867830486347,0.11295473668724298,-0.0008582343774226805,2.3329179346850046e-06,3.7285113663187985e-07,70620.772,1.0,70415.651625,1.98233933883036e-06,110.87926688005905,2880.0,1.0,,236,,,,,,,,
4.779510676000427,0.004051188749144785,0.04529622414459785,0.0,0.0,0.0087425,4.0,0.4075,-0.0018483763027082507,0.10762159309039514,-0.0009078222792595625,1.3927260968197668e-06,3.766883753068366e-07,70652.212,1.0,70397.69287500001,1.98233933883036e-06,161.1616811442304,2880.0,1.0,,237,,,,,,,,
4.703886355999202,0.006208402206539176,0.06549479175979893,0.0,0.0,0.008695000000000001,4.0,0.405,-0.0020293908407135555,0.11440366227179766,-0.0010349035292165354,5.602325359177485e-07,3.92412316566985e-07,70620.42,1.0,70432.8355,1.98233933883036e-06,104.99026326641025,2880.0,1.0,,238,,,,,,,,
4.7601815950001765,0.003776510406169109,0.037353515663805105,0.0,0.0,0.0086475,4.0,0.40249999999999997,0.002129011229650738,0.1154602055127422,0.0031272166719039283,5.498794202196677e-07,3.629571085165632e-07,70606.44,1.0,70355.1714375,1.98233933883036e-06,176.814627050292,2880.0,1.0,,239,,,,,,,,
4.370035232001101,0.013534045002112785,0.06423611131807168,0.0,1.0,0.008600000000000002,3.0,0.4,0.0026886225031274888,0.11534265263213052,0.0036803538807564313,4.31578778640566e-07,3.429922056991725e-07,70572.236,1.0,70380.511375,1.98233933883036e-06,118.27113579233622,2880.0,1.0,,240,70668.12,70569.576,70507.856,70000042,70338.26226666666,best_of_k,70569.576,176.51140479620437
4.79463159000079,0.003940329765706944,0.042513020967210956,0.0,0.0,0.0085525,4.0,0.39749999999999996,0.0015029841645931203,0.11542282346636057,0.002489911780382196,4.7138373678497675e-07,3.5742525857547963e-07,70590.852,1.0,70343.393375,1.98233933883036e-06,166.16239495177368,2880.0,1.0,,241,,,,,,,,
4.6770439539996005,0.009475743490232466,0.06223958358168602,0.0,0.0,0.008505,4.0,0.395,-0.0009493131753212462,0.11280913619945447,9.901394757131735e-06,4.5443353731873987e-07,3.6308676124955735e-07,70580.63200000001,1.0,70363.81993750001,1.98233933883036e-06,157.75763290961999,2880.0,1.0,,242,,,,,,,,
4.786149501000182,0.0032672407154071457,0.030647786566987634,0.0,0.0,0.0084575,4.0,0.39249999999999996,-0.004285478867435207,0.10958751911918323,-0.003358870279043913,5.82076455183748e-07,3.39327191530477e-07,70584.664,1.0,70363.47375,1.98233933883036e-06,136.31364777577443,2880.0,1.0,,243,,,,,,,,
4.834388678000323,0.009062866772486208,0.06311848992481828,0.0,0.0,0.00841,4.0,0.39,-0.002980832456766317,0.10582565764586131,-0.0020910851502170167,5.131857427898012e-07,3.9003099416845544e-07,70580.03600000001,1.0,70410.2555,1.98233933883036e-06,103.07873232025074,2880.0,1.0,,244,,,,,,,,
4.723761285000364,0.010364052490331233,0.06360677094198763,0.0,0.0,0.0083625,4.0,0.38749999999999996,0.000626607783487998,0.10281265527009964,0.0014861402839111786,4.4274819188672154e-07,3.8795374379674286e-07,70624.02,1.0,70424.9063125,1.98233933883036e-06,117.99144814308474,2880.0,1.0,,245,,,,,,,,
4.708026460000838,0.005026105126792875,0.048486328295742474,0.0,0.0,0.008315000000000001,4.0,0.385,0.00021488727846493325,0.10047596413642168,0.0010501235956326127,4.0298323374562034e-07,3.6131004084912394e-07,70617.716,1.0,70426.26950000001,1.98233933883036e-06,145.7866871982849,2880.0,1.0,,246,,,,,,,,
4.704423339999266,0.009143214992946014,0.054752604492629565,0.0,0.0,0.0082675,4.0,0.38249999999999995,0.004359848622698337,0.0969178279240926,0.0051608922658488154,4.464780095266481e-07,3.59210352722054e-07,70666.912,1.0,70434.9103125,1.98233933883036e-06,140.86497364818,2880.0,1.0,,247,,,,,,,,
4.71876493200034,0.014117381729496023,0.07011718784148495,0.0,0.0,0.008220000000000002,4.0,0.38,0.001695877998524035,0.09202689211815596,0.0024521048180758953,4.511655914048636e-07,3.780750657729944e-07,70609.05600000001,1.0,70426.95587500001,1.98233933883036e-06,151.13743926633404,2880.0,1.0,,248,,,,,,,,
4.727442642999449,0.0064762788654964725,0.05839843776387473,0.0,0.0,0.0081725,4.0,0.37749999999999995,0.002521031186915934,0.10163441517700751,0.003351420513354242,3.955693408386196e-07,3.579268887203095e-07,70671.948,1.0,70457.21493750002,1.98233933883036e-06,117.38064418430024,2880.0,1.0,,249,,,,,,,,
4.675225822000357,0.004584563478905086,0.041292317832509674,0.0,0.0,0.008125,4.0,0.375,-0.0007289512189648425,0.10051913963009913,8.753262227401137e-05,4.60838175323867e-07,3.7649490280955433e-07,70652.312,1.0,70433.929375,1.98233933883036e-06,151.79786706212147,2880.0,1.0,,250,,,,,,,,
4.7161491450006,0.0025338805377638587,0.027848307431365054,0.0,0.0,0.008077500000000001,4.0,0.37250000000000005,-0.0011885607770333688,0.10041292756795883,-0.0003776921269794305,4.3034836968066276e-07,3.4795944614529617e-07,70652.41200000001,1.0,70431.82056250001,1.98233933883036e-06,114.78510388736738,2880.0,1.0,,251,,,,,,,,
4.663382081000236,0.003077823498945994,0.0370930991290758,0.0,0.0,0.00803,4.0,0.37,0.0006871855875942856,0.09327156096696854,0.001435937825590372,3.9212812078896303e-07,3.586289274437604e-07,70658.712,1.0,70464.4550625,1.98233933883036e-06,147.6366467712928,2880.0,1.0,,252,,,,,,,,
4.620795372999055,0.008179426202938581,0.05405273447589328,0.0,0.0,0.007982500000000002,4.0,0.36750000000000005,-0.0004408672684803605,0.09579009128113587,0.0003235720020408432,3.93141276570456e-07,3.321933010151194e-07,70635.356,1.0,70406.303,1.98233933883036e-06,158.0674574050596,2880.0,1.0,,253,,,,,,,,
4.665857698000764,0.01012191358798494,0.0730143232891957,0.0,0.0,0.007935000000000001,4.0,0.365,0.002683063969016075,0.09201617756237586,0.0034130192167746523,3.6833205167378463e-07,3.1152437311258535e-07,70582.968,1.0,70441.57712500001,1.98233933883036e-06,100.50171521289649,2880.0,1.0,,254,,,,,,,,
4.699167446999127,0.006110970527515747,0.05027669280146559,0.0,0.0,0.007887500000000002,4.0,0.36250000000000004,-0.0015456337326516707,0.094953459687531,-0.0007968905265443027,3.940631903750121e-07,3.259895275202022e-07,70651.168,1.0,70475.11050000001,1.98233933883036e-06,130.28361905185926,2880.0,1.0,,255,,,,,,,,
4.687168923001082,0.01364629295130726,0.07475585971648495,0.0,0.0,0.00784,4.0,0.36,0.0044069700403876295,0.09598148024330537,0.005159225450673451,5.54192143435254e-07,3.683494268121497e-07,70652.41200000001,1.0,70449.397125,1.98233933883036e-06,125.06406809205676,2880.0,1.0,,256,,,,,,,,
4.64824142299949,0.010369553293761177,0.06284179693708818,0.0,0.0,0.007792500000000001,4.0,0.35750000000000004,-0.0022062521117428937,0.10471850850929816,-0.0013904478983022273,4.0594217883456923e-07,3.504137495724535e-07,70652.41200000001,1.0,70422.85675,1.98233933883036e-06,119.65296675359795,2880.0,1.0,,257,,,,,,,,
4.741268957999637,0.004417327800183557,0.04630533861927688,0.0,0.0,0.007745,4.0,0.355,-0.002392510126810521,0.10708238805333774,-0.0015633738366886973,4.603565706418067e-07,3.420567390814237e-07,70645.272,1.0,70393.343875,1.98233933883036e-06,147.91796500082165,2880.0,1.0,,258,,,,,,,,
4.6732332080009655,0.007981035155050146,0.07337239617481828,0.0,0.0,0.007697500000000001,4.0,0.35250000000000004,-0.0013944094728988905,0.09748931198070447,-0.0006442153632330397,5.576957041360705e-07,3.478105566519692e-07,70613.688,1.0,70405.28706249999,1.98233933883036e-06,155.42313667331322,2880.0,1.0,,259,,,,,,,,
4.698897239000871,0.0036290217006656653,0.03844401061845323,0.0,0.0,0.0076500000000000005,4.0,0.35,-0.0007021443549698839,0.09321665298193693,1.075772646193703e-05,5.590679279521282e-07,2.981799932892197e-07,70653.496,1.0,70430.975,1.98233933883036e-06,145.03415656837592,2880.0,1.0,,260,70671.948,70569.576,70630.36,70000042,70339.33653333333,best_of_k,70569.576,138.72529303524695
4.69676842699846,0.004178785621964683,0.04811197907353441,0.0,0.0,0.007602500000000002,4.0,0.34750000000000003,0.0005677090618216122,0.09955127226809661,0.0013243285939097404,4.599856318066031e-07,3.45691957429987e-07,70602.68400000001,1.0,70358.81681250001,1.98233933883036e-06,186.0853701116509,2880.0,1.0,,261,,,,,,,,
4.7081181699995795,0.00479307980761708,0.0380045574468871,0.0,0.0,0.007555000000000001,4.0,0.345,0.0007222828183633586,0.09306685005625089,0.0014251922451270123,4.0967581801017633e-07,3.408015913919371e-07,70645.272,1.0,70435.1305,1.98233933883036e-06,124.7629708737736,2880.0,1.0,,262,,,,,,,,
4.697956309000801,0.004479268308690128,0.04108072964785,0.0,0.0,0.007507500000000002,4.0,0.3425,-0.0001598495194533219,0.09246965187291305,0.0005341586268817385,4.278135747881606e-07,3.3147662511131176e-07,70654.904,1.0,70394.8326875,1.98233933883036e-06,156.32012473215863,2880.0,1.0,,263,,,,,,,,
4.734692370999255,0.005493734133779071,0.05328776050979892,0.0,0.0,0.00746,4.0,0.33999999999999997,-0.0013195003848522902,0.09130273076395194,-0.000638592280059432,4.41361022988455e-07,3.331664532405891e-07,70624.86,1.0,70329.888,1.98233933883036e-06,146.44663872209614,2880.0,1.0,,264,,,,,,,,
4.718655430999206,0.004811677082519357,0.03974609391298145,0.0,0.0,0.007412500000000001,4.0,0.3375,-0.002795057291223202,0.09183941998829444,-0.002114512468703348,4.3322862097738835e-07,3.4205386256758175e-07,70615.464,1.0,70335.70356250001,1.98233933883036e-06,149.86472343936802,2880.0,1.0,,265,,,,,,,,
4.7163193249998585,0.006452708248010215,0.0652018232891957,0.0,0.0,0.007365,4.0,0.33499999999999996,0.0024994562942689904,0.09190652954081695,0.0031761511927470565,4.270362730096622e-07,3.091027297822772e-07,70658.712,1.0,70373.427125,1.98233933883036e-06,141.70047543933742,2880.0,1.0,,266,,,,,,,,
4.740345141999569,0.005824560711819989,0.04402669286355376,0.0,0.0,0.007317500000000001,4.0,0.3325,0.0019996224388402575,0.0911581323792537,0.0026664690891872547,4.283665617776933e-07,3.209340692459743e-07,70614.388,1.0,70385.47575000001,1.98233933883036e-06,145.02766732398842,2880.0,1.0,,267,,,,,,,,
4.81257189399912,0.0022412541681357348,0.02631835942156613,0.0,0.0,0.00727,4.0,0.32999999999999996,-0.005690179668211688,0.08759750767300527,-0.00505353727688392,3.595440946450405e-07,3.0936879014120677e-07,70658.712,1.0,70455.962375,1.98233933883036e-06,129.9646848315316,2880.0,1.0,,268,,,,,,,,
4.698123106998537,0.005542161360305424,0.03872070352857312,0.0,0.0,0.0072225000000000015,4.0,0.3275,0.0004077550644675891,0.08557508575419585,0.0010256351282199223,3.4099428821339944e-07,3.0414827042098597e-07,70658.712,1.0,70454.0331875,1.98233933883036e-06,114.10501982533391,2880.0,1.0,,269,,,,,,,,
4.74914637800066,0.004789220610594687,0.04119466144281129,0.0,0.0,0.007174999999999999,4.0,0.32499999999999996,-0.0004011590499430895,0.08701420264939468,0.0002229603317876657,4.0026709058338383e-07,3.3494206282587885e-07,70661.91200000001,1.0,70408.6111875,1.98233933883036e-06,174.85714921927044,2880.0,1.0,,270,,,,,,,,
4.6880293270005495,0.005985320303201054,0.036311849020421505,0.0,0.0,0.0071275,4.0,0.3225,0.004945028175522263,0.08327897513906161,0.005538394635853668,4.681160312713928e-07,3.1554149752347865e-07,70621.77600000001,1.0,70429.362875,1.98233933883036e-06,143.69780202471676,2880.0,1.0,,271,,,,,,,,
4.74946171099873,0.003586054124752991,0.039029948180541396,0.0,0.0,0.0070799999999999995,4.0,0.31999999999999995,-0.00278058965341188,0.08426004461944103,-0.0021842754601190486,8.109985583833653e-07,3.321303078488806e-07,70644.588,1.0,70427.7599375,1.98233933883036e-06,170.9061509257236,2880.0,1.0,,272,,,,,,,,
4.672493201000179,0.004841558038606308,0.04012044286355376,0.0,0.0,0.0070325000000000006,4.0,0.3175,-0.0044369778673474984,0.08003299248715241,-0.0038743880577385426,8.168598396215051e-07,3.21606567155186e-07,70628.164,1.0,70382.83918750001,1.98233933883036e-06,165.03258324673223,2880.0,1.0,,273,,,,,,,,
4.764399650999621,0.010109661811535867,0.0552571613031129,0.0,0.0,0.006985,4.0,0.31499999999999995,0.0006162290398303109,0.07523108987758557,0.0011415207021248837,4.505835420332005e-07,3.044390955627326e-07,70654.904,1.0,70467.695625,1.98233933883036e-06,156.77127164713335,2880.0,1.0,,274,,,,,,,,
4.799709853999957,0.005746292561525479,0.04236653672220806,0.0,0.0,0.006937500000000001,4.0,0.3125,-0.000914615799653499,0.08351298235356808,-0.0003354184057873984,3.299555402236365e-07,2.8231589096113413e-07,70644.868,1.0,70465.848375,1.98233933883036e-06,113.01507701346506,2880.0,1.0,,275,,,,,,,,
4.654791842998748,0.005032899449967469,0.0562011719836543,0.0,0.0,0.006890000000000002,4.0,0.31000000000000005,-0.0007240313764971992,0.08753056824207306,-0.00012112226492414872,3.5981306349223513e-07,2.8160526828931626e-07,70642.144,1.0,70414.30012500001,1.98233933883036e-06,130.44689628536284,2880.0,1.0,,276,,,,,,,,
4.652077425000243,0.005632163820943485,0.04614257843544086,0.0,0.0,0.006842500000000001,4.0,0.3075,-0.00035418606906508404,0.08039959023396175,0.00019575793218488494,4.2547487547987356e-07,2.947969181358682e-07,70632.632,1.0,70425.591375,1.98233933883036e-06,154.5309859158008,2880.0,1.0,,277,,,,,,,,
4.671829192000587,0.004364894877653569,0.04021809909803172,0.0,0.0,0.006795000000000002,4.0,0.30500000000000005,-0.00033533685685445863,0.07964810884247224,0.00020568643230944872,4.31583279928797e-07,2.8339734766310204e-07,70648.604,1.0,70422.7495625,1.98233933883036e-06,145.40127593769077,2880.0,1.0,,278,,,,,,,,
4.668894104999708,0.004253283322517139,0.04410807299427688,0.0,0.0,0.0067475,4.0,0.3025,0.002838579335123844,0.0816997994358341,0.0033896720657745996,3.4028785359888997e-07,2.8589500544740076e-07,70657.172,1.0,70452.843125,1.98233933883036e-06,117.1515570926593,2880.0,1.0,,279,,,,,,,,
4.684601358001601,0.0038756625581299886,0.035791015795742474,0.0,0.0,0.006700000000000001,4.0,0.30000000000000004,0.00038726756853672367,0.07486668446411689,0.000888699161199232,3.3439422134999103e-07,2.836989665411238e-07,70652.41200000001,1.0,70454.10912499999,1.98233933883036e-06,119.85430746633433,2880.0,1.0,,280,70671.948,70635.356,70624.004,70000042,70440.43853333333,best_of_k,70635.356,144.6697184568426
4.706188846001169,0.0039331280228604255,0.04085286473855376,0.0,0.0,0.0066525,4.0,0.2975,1.945154508575797e-06,0.07623778625080983,0.0005089529052687188,3.114066503921246e-07,2.6627441821839665e-07,70652.41200000001,1.0,70478.8315625,1.98233933883036e-06,102.04018579735548,2880.0,1.0,,281,,,,,,,,
4.713741695000863,0.004616251923531915,0.04456380211437742,0.0,0.0,0.0066050000000000015,4.0,0.29500000000000004,-0.003556824454184001,0.08197487300882737,-0.0030155623292860887,3.368864997336611e-07,2.9794280583435767e-07,70647.36,1.0,70468.18018750001,1.98233933883036e-06,136.40906195782787,2880.0,1.0,,282,,,,,,,,
4.669029443000909,0.004709991888375953,0.05834960945261022,0.0,0.0,0.006557500000000001,4.0,0.2925,-0.0005421811947599053,0.0829001571983099,1.2452170873681705e-06,3.727479302995107e-07,3.067029261671905e-07,70630.36,1.0,70414.8786875,1.98233933883036e-06,158.2342874238315,2880.0,1.0,,283,,,,,,,,
4.695151066998733,0.00315481494665922,0.026595052215270698,0.0,0.0,0.006510000000000002,4.0,0.29000000000000004,-0.00038831149868201464,0.07831210022171338,0.00012131019805868466,3.819988793433519e-07,3.0425791071782743e-07,70630.36,1.0,70421.91081249999,1.98233933883036e-06,187.79893217438584,2880.0,1.0,,284,,,,,,,,
4.643166227999245,0.00283626400535771,0.03471679690604409,0.0,0.0,0.0064624999999999995,4.0,0.2875,-0.00034481481028099853,0.07646545612563689,0.000149164911514769,3.5057772862501224e-07,2.8690169055304676e-07,70648.604,1.0,70475.49562500001,1.98233933883036e-06,121.76332807072691,2880.0,1.0,,285,,,,,,,,
4.750876197998878,0.0033683492947602645,0.03133138032474866,0.0,0.0,0.0064150000000000006,4.0,0.28500000000000003,-0.0009621164596561963,0.0778890394916137,-0.000462641182821244,4.0883445843557337e-07,2.8303667794678705e-07,70630.308,1.0,70468.8435,1.98233933883036e-06,119.4337792471213,2880.0,1.0,,286,,,,,,,,
4.689059745000122,0.004754256971258049,0.05771484427774946,0.0,0.0,0.0063675,4.0,0.2825,-0.0031592099694535136,0.08186804037541151,-0.002638154663145542,8.828901414403845e-07,3.0239176851409866e-07,70649.62800000001,1.0,70424.70525,1.98233933883036e-06,150.08046202600124,2880.0,1.0,,287,,,,,,,,
4.675213350999911,0.004778861456240217,0.050325520957509674,0.0,0.0,0.006320000000000001,4.0,0.28,-0.000920429364972127,0.08255152124911547,-0.00039893327630124986,8.708393342734174e-07,2.845285145269827e-07,70635.12000000001,1.0,70445.5871875,1.98233933883036e-06,132.16733030741784,2880.0,1.0,,288,,,,,,,,
4.918961952000245,0.004588021440819527,0.052164713541666664,0.0,0.0,0.0062725,4.0,0.27749999999999997,-0.0014483298485477765,0.08778257016092539,-0.0008979481644928455,8.004151107835847e-07,3.0823531460555387e-07,70622.54800000001,1.0,70345.288875,1.98233933883036e-06,189.5334477361062,2880.0,1.0,,289,,,,,,,,
4.696902818999661,0.0025399902709371722,0.03398437506984919,0.0,0.0,0.006225000000000001,4.0,0.275,5.788208606342475e-06,0.08708854392170906,0.000547580731411775,1.7689290672251445e-06,3.139424589922631e-07,70645.17199999999,1.0,70349.8299375,1.98233933883036e-06,194.28494795401915,2880.0,1.0,,290,,,,,,,,
4.736922542999309,0.004112478510554259,0.04111328123447796,0.0,0.0,0.006177500000000001,4.0,0.27249999999999996,-0.0010238709025240194,0.09116795659065247,-0.00046087836381047964,4.565916924548219e-07,3.0383524555569846e-07,70623.81599999999,1.0,70418.1605625,1.98233933883036e-06,147.694828682096,2880.0,1.0,,291,,,,,,,,
4.6737287750002,0.008675696270074695,0.054475911582509674,0.0,0.0,0.006130000000000002,4.0,0.27,0.0029989679848464825,0.08210701122879982,0.003502067644149065,3.6882672442099346e-07,3.5898508817429803e-07,70663.47200000001,1.0,70405.2054375,1.98233933883036e-06,186.72176133938896,2880.0,1.0,,292,,,,,,,,
4.728913572998863,0.004289992381624567,0.0478515625,0.0,0.0,0.006082499999999999,4.0,0.26749999999999996,-0.0002596231158046673,0.0873031159862876,0.00027113619338100153,3.7622359864523486e-07,4.4768846881500696e-07,70641.06,1.0,70414.93475,1.98233933883036e-06,159.60803442006883,2880.0,1.0,,293,,,,,,,,
4.67750229199919,0.004984686679866475,0.054720052129899464,0.0,0.0,0.006035,4.0,0.265,-0.0028933823268744163,0.08701630091915528,-0.0023685182677581906,4.345622350854228e-07,4.726384605172977e-07,70599.716,1.0,70391.06275000001,1.98233933883036e-06,146.03734248964525,2880.0,1.0,,294,,,,,,,,
4.728323579000062,0.004065387440884176,0.04606119830471774,0.0,0.0,0.0059875,4.0,0.26249999999999996,0.0006715295809650949,0.0935161883632342,0.0012312424223637208,4.575311519279997e-07,3.397917088439802e-07,70610.888,1.0,70307.0528125,1.98233933883036e-06,194.84931456022724,2880.0,1.0,,295,,,,,,,,
4.696664396000415,0.007046626521817719,0.06066080749345323,0.0,0.0,0.005940000000000001,4.0,0.26,0.003135676864379396,0.08985677206267913,0.0036692473222501576,4.238881826286918e-07,2.719405873818914e-07,70611.216,1.0,70351.66468749999,1.98233933883036e-06,151.63056101847442,2880.0,1.0,,296,,,,,,,,
4.715342632000102,0.002929501630812107,0.023339843843132257,0.0,0.0,0.0058925,4.0,0.25749999999999995,-0.00026198156410828233,0.08662831597030163,0.0002483020070940256,4.0253166370500065e-07,2.662070735700202e-07,70645.344,1.0,70372.44712499999,1.98233933883036e-06,156.09965918359555,2880.0,1.0,,297,,,,,,,,
4.6780600839992985,0.003787937865126878,0.041259765625,0.0,0.0,0.005845000000000001,4.0,0.255,-0.0013513038187132527,0.08181630509595077,-0.000873250911051097,3.5855729170937895e-07,2.5529717480784103e-07,70603.148,1.0,70386.8945,1.98233933883036e-06,147.57826808764838,2880.0,1.0,,298,,,,,,,,
4.745034449999366,0.005177549789853704,0.042399088541666664,0.0,0.0,0.005797500000000001,4.0,0.25249999999999995,-0.0010376728508466233,0.08814726149042447,-0.0005267979965234796,3.461628329167373e-07,2.4822101292916915e-07,70624.004,1.0,70369.579625,1.98233933883036e-06,144.58702958723183,2880.0,1.0,,299,,,,,,,,
4.747828047000439,0.0078944370567721,0.061930339162548385,0.0,0.0,0.005750000000000002,4.0,0.25,0.00023077652925470224,0.09234295257677634,0.0007615738231834257,3.713306083360142e-07,2.74665943322816e-07,70626.816,1.0,70380.7296875,1.98233933883036e-06,149.07772474082844,2880.0,1.0,,300,70671.948,70557.72400000002,70373.064,70000042,70319.51359999999,best_of_k,70557.72400000002,161.81356733755956
4.762931862000187,0.006055550179250228,0.04591471379778037,0.0,0.0,0.005702500000000001,4.0,0.24750000000000005,-0.0005858524285334473,0.08996811509132385,-7.297199529906113e-05,4.0547703032226917e-07,2.451865335946953e-07,70622.68800000001,1.0,70374.62174999999,1.98233933883036e-06,125.69814011327885,2880.0,1.0,,301,,,,,,,,
4.379974200999641,0.010392203034522632,0.0544921877897448,0.0,1.0,0.005655,3.0,0.245,0.0040518424583650715,0.08659149499403106,0.004541350062936544,3.963981735447912e-07,2.550769819562346e-07,70632.572,1.0,70412.0184375,1.98233933883036e-06,133.50332945963817,2880.0,1.0,,302,,,,,,,,
4.754129578001084,0.007099076926048535,0.05919596397628387,0.0,0.0,0.005607500000000001,4.0,0.24250000000000005,0.0004659659316530451,0.08273169491440058,0.0009297030434633294,4.402871489617155e-07,2.7488530562891356e-07,70626.5,1.0,70377.4849375,1.98233933883036e-06,145.47933938491482,2880.0,1.0,,303,,,,,,,,
4.688335609000205,0.005571840316406451,0.045068359545742474,0.0,0.0,0.005560000000000001,4.0,0.24,-0.0010907946610435222,0.08276345487684011,-0.0006307912371994462,3.4663710835047823e-07,2.538068463546021e-07,70630.30399999999,1.0,70418.7125,1.98233933883036e-06,120.9143719362998,2880.0,1.0,,304,,,,,,,,
4.739776522001193,0.008376085907608891,0.0546712241290758,0.0,0.0,0.005512500000000002,4.0,0.23750000000000004,0.0015507110316927235,0.08426992253710826,0.0020150734344497323,4.3501475843754633e-07,2.6334993504425103e-07,70641.42,1.0,70431.8476875,1.98233933883036e-06,142.804342402997,2880.0,1.0,,305,,,,,,,,
4.789004967000437,0.00782696956108945,0.04235026054084301,0.0,0.0,0.005465000000000001,4.0,0.235,0.0020623215047332146,0.08546898545076449,0.0025292099259483316,5.596942417677534e-07,2.8538870762891594e-07,70611.876,1.0,70359.609375,1.98233933883036e-06,209.49095737789997,2880.0,1.0,,306,,,,,,,,
4.732367874001284,0.005477538477862254,0.045442708457509674,0.0,0.0,0.005417500000000002,4.0,0.23250000000000004,-4.029502936949332e-06,0.08625781039396922,0.00046309694880619645,4.844215789982324e-07,2.527326188328516e-07,70612.94,1.0,70394.7708125,1.98233933883036e-06,131.94994141468968,2880.0,1.0,,307,,,,,,,,
4.679835765000462,0.004032693788758479,0.04526367193708817,0.0,0.0,0.00537,4.0,0.22999999999999998,-0.0012588291113691714,0.08766622220476468,-0.0007882223465761248,3.639860809793542e-07,2.4803293226701345e-07,70635.428,1.0,70407.680375,1.98233933883036e-06,133.45261013692945,2880.0,1.0,,308,,,,,,,,
4.691926014000273,0.0053528187903187545,0.05016276061845323,0.0,0.0,0.005322500000000001,4.0,0.22750000000000004,-0.0014236929030933727,0.08803887696315844,-0.0009552967045844222,6.51422404018831e-07,2.5047135861674025e-07,70617.04800000001,1.0,70439.2944375,1.98233933883036e-06,113.96223439942015,2880.0,1.0,,309,,,,,,,,
4.656602253000528,0.004467325901108173,0.04339192722303172,0.0,0.0,0.005275,4.0,0.22499999999999998,7.151551350640754e-05,0.08586490775148074,0.0005242772167548537,5.668276159553898e-07,2.387097950418138e-07,70632.572,1.0,70415.3719375,1.98233933883036e-06,124.3420695872727,2880.0,1.0,,310,,,,,,,,
4.686352837999948,0.0039757978859900804,0.039208984623352684,0.0,0.0,0.005227500000000001,4.0,0.22250000000000003,-0.0006029942524037324,0.08263034621874492,-0.00017120136180892587,3.368856790568013e-07,2.469558750088178e-07,70640.96,1.0,70431.56125,1.98233933883036e-06,137.4114978538466,2880.0,1.0,,311,,,,,,,,
4.704502414999297,0.006705975780884425,0.06748046927774946,0.0,0.0,0.005180000000000001,4.0,0.21999999999999997,0.0005074756724449495,0.085596589371562,0.0009507187254106005,3.7140159984498194e-07,2.1915845553147997e-07,70636.112,1.0,70424.980125,1.98233933883036e-06,133.06282688446376,2880.0,1.0,,312,,,,,,,,
4.680219653000677,0.0024731754141006,0.030875651088232797,0.0,0.0,0.005132500000000002,4.0,0.21750000000000003,0.00069342517235782,0.08431005602081616,0.0011259719613008201,3.461220596060836e-07,2.800585612305895e-07,70612.464,1.0,70447.9864375,1.98233933883036e-06,115.56643636804192,2880.0,1.0,,313,,,,,,,,
4.739271430000372,0.002615512853177885,0.02361653644281129,0.0,0.0,0.005085000000000001,4.0,0.21499999999999997,-0.001440339353090773,0.08021642919629812,-0.0010325937764719129,3.0522980409841693e-07,2.489320317285622e-07,70655.928,1.0,70456.61787500001,1.98233933883036e-06,152.70437559868498,2880.0,1.0,,314,,,,,,,,
4.670178303000284,0.004307916557687956,0.048356119776144624,0.0,0.0,0.005037500000000002,4.0,0.21250000000000002,-0.0004843316273763776,0.07551766435305278,-0.00010406249202787876,3.2809207676602153e-07,2.3534314230744258e-07,70649.62800000001,1.0,70453.306125,1.98233933883036e-06,147.3183479984225,2880.0,1.0,,315,,,,,,,,
4.686461301000236,0.003806393351017808,0.04890950546056653,0.0,0.0,0.00499,4.0,0.20999999999999996,-0.0018061915858803939,0.07920182247956593,-0.0014111169390768434,2.9083138504878053e-07,2.2662243874075708e-07,70655.928,1.0,70469.25118749999,1.98233933883036e-06,110.93008987686693,2880.0,1.0,,316,,,,,,,,
4.671750055000302,0.0044845659188771,0.03268229185293118,0.0,0.0,0.004942500000000001,4.0,0.20750000000000002,-0.004609162716709155,0.0801917848487695,-0.004212960678463181,3.057190222458909e-07,2.3225286227557262e-07,70649.62800000001,1.0,70458.0238125,1.98233933883036e-06,118.70931874210567,2880.0,1.0,,317,,,,,,,,
4.68037348299913,0.00612338896462461,0.06196289090439677,0.0,0.0,0.004895,4.0,0.20499999999999996,-0.0011915721794745575,0.08119270236541827,-0.0007942943484522402,3.340557780025695e-07,2.534460416351673e-07,70654.868,1.0,70399.0958125,1.98233933883036e-06,154.33674869490542,2880.0,1.0,,318,,,,,,,,
4.636718007001036,0.0023853823804529384,0.027718099066987634,0.0,0.0,0.004847500000000001,4.0,0.2025,-0.0001551825456166019,0.08071831768999498,0.0002359421196160838,3.129092262336523e-07,2.516264826131949e-07,70617.82800000001,1.0,70424.4689375,1.98233933883036e-06,116.98320579840089,2880.0,1.0,,319,,,,,,,,
4.749002486998506,0.0015263349244681497,0.015804036501018952,0.0,0.0,0.0048000000000000004,4.0,0.19999999999999996,0.002131275090505369,0.07859581305334966,0.002508382902306039,3.3792235972403734e-07,2.3766112811074436e-07,70654.904,1.0,70468.78237500001,1.98233933883036e-06,119.61380687805017,2880.0,1.0,,320,70671.948,70622.68800000001,70624.004,70000042,70458.83693333334,best_of_k,70622.68800000001,102.86158675389254
4.717647270999805,0.001758181077699798,0.0197753907511166,0.0,0.0,0.0047525000000000015,4.0,0.1975,-0.0007873359427321702,0.07627363751331966,-0.0004249930304164688,2.4701113628585364e-07,2.4627892673360446e-07,70644.868,1.0,70497.2470625,1.98233933883036e-06,116.6737735970289,2880.0,1.0,,321,,,,,,,,
4.747893678000764,0.0038834349155270806,0.03961588547099382,0.0,0.0,0.004704999999999999,4.0,0.19499999999999995,-0.0017425866196087252,0.07670507580041885,-0.001381836812167118,2.7830617573461797e-07,2.390279364069177e-07,70654.708,1.0,70494.12743749999,1.98233933883036e-06,118.24417554760839,2880.0,1.0,,322,,,,,,,,
4.671163560000423,0.004533236715360545,0.03909505228511989,0.0,0.0,0.0046575,4.0,0.1925,0.00177266170552078,0.07642087309310834,0.0021284136843557158,5.453753810040022e-07,2.465800588898522e-07,70672.34,1.0,70490.115,1.98233933883036e-06,120.17598257139447,2880.0,1.0,,323,,,,,,,,
4.774449586000628,0.0027452942013042048,0.02281901054084301,0.0,0.0,0.0046099999999999995,4.0,0.18999999999999995,-0.0009969621654211853,0.07778256976356109,-0.0006385591186699457,4.740744839655993e-07,2.5518265367452386e-07,70652.41200000001,1.0,70439.0355,1.98233933883036e-06,144.41221580167644,2880.0,1.0,,324,,,,,,,,
4.635420530001284,0.0023200513436070955,0.023046875023283064,0.0,0.0,0.004562500000000001,4.0,0.1875,-0.0004658322044027348,0.07774571888148785,-0.00011130662945409615,6.048703274548947e-07,2.5759145276064527e-07,70652.41200000001,1.0,70481.289875,1.98233933883036e-06,110.20457731412381,2880.0,1.0,,325,,,,,,,,
4.699825656998655,0.0019443121321576957,0.022249349024302017,0.0,0.0,0.004515000000000002,4.0,0.18500000000000005,-0.001056041971120673,0.07618051581084728,-0.0007122728663186232,7.130997901801569e-07,2.2933633185099703e-07,70655.11200000001,1.0,70507.71937500002,1.98233933883036e-06,110.12283995888134,2880.0,1.0,,326,,,,,,,,
4.722410959999252,0.0017761372485741351,0.02042643234987433,0.0,0.0,0.004467500000000001,4.0,0.1825,-0.0030762990548585853,0.07582607710113128,-0.0027377534618911645,8.151013268786755e-07,2.525387922484394e-07,70654.904,1.0,70491.814125,1.98233933883036e-06,121.65241277296671,2880.0,1.0,,327,,,,,,,,
4.77803044599932,0.0025368117979572466,0.033138020895421505,0.0,0.0,0.004420000000000002,4.0,0.18000000000000005,-0.0018821964622475207,0.0775883523747325,-0.0015394088113680482,2.9617030842625053e-07,2.473938938152287e-07,70654.904,1.0,70519.641125,1.98233933883036e-06,111.66503966208121,2880.0,1.0,,328,,,,,,,,
4.697307182999793,0.0021983950233940655,0.02609049474510054,0.0,0.0,0.004372500000000001,4.0,0.1775,-0.002955785113348005,0.07908422034233809,-0.002610131981782615,2.8441165393170803e-07,2.2865063146563594e-07,70652.484,1.0,70476.03793750002,1.98233933883036e-06,122.51273733370057,2880.0,1.0,,329,,,,,,,,
4.664040032999765,0.0035243856497496986,0.039713541666666664,0.0,0.0,0.0043250000000000025,4.0,0.17500000000000004,5.520216169922302e-05,0.07803166005760431,0.00039255017569909495,2.844553019798468e-07,2.2091473835435713e-07,70653.168,1.0,70501.3374375,1.98233933883036e-06,114.35824759361907,2880.0,1.0,,330,,,,,,,,
4.693574912000258,0.0021946461420156993,0.024886067879075807,0.0,0.0,0.0042775,4.0,0.1725,-0.003351820162303435,0.07832498631129663,-0.003016935799678322,3.0488910477780945e-07,2.4140701467464015e-07,70644.768,1.0,70490.685875,1.98233933883036e-06,108.13469900075707,2880.0,1.0,,331,,,,,,,,
4.698033253998801,0.0029987993621034548,0.029752604197710752,0.0,0.0,0.004230000000000001,4.0,0.17000000000000004,-0.0033990348395794476,0.07920594078799088,-0.0030641323198021078,2.4508711623146456e-07,2.2779095054659138e-07,70666.656,1.0,70506.4916875,1.98233933883036e-06,104.0249666818141,2880.0,1.0,,332,,,,,,,,
4.6485154229994805,0.014624468744538413,0.055924479539195694,0.0,0.0,0.004182500000000002,4.0,0.16749999999999998,0.0008401643523635963,0.084404398376743,0.0011930337253337104,2.938792806143435e-07,2.4638383836853944e-07,70658.612,1.0,70461.05868750002,1.98233933883036e-06,140.00852193894295,2880.0,1.0,,333,,,,,,,,
4.742091859001448,0.0035713913142293072,0.028873698009798925,0.0,0.0,0.004135,4.0,0.16500000000000004,-0.0016922863045086463,0.07756176063170035,-0.0013717215042561293,2.81175438487935e-07,2.500944156954195e-07,70658.712,1.0,70482.7283125,1.98233933883036e-06,112.91817668627218,2880.0,1.0,,334,,,,,,,,
4.666936779000025,0.003979754061826195,0.029199218765522044,0.0,0.0,0.004087500000000001,4.0,0.16249999999999998,0.0014167795695054035,0.07514072985698779,0.0017236317119871576,2.994484364175302e-07,5.106185489249052e-07,70652.41200000001,1.0,70481.99743750002,1.98233933883036e-06,147.3275469190461,2880.0,1.0,,335,,,,,,,,
4.6670331270015595,0.0019655338498220467,0.021077473977735888,0.0,0.0,0.004040000000000002,4.0,0.16000000000000003,0.00022088280335689584,0.07591680220017831,0.0005274107291673621,2.768788516978778e-07,2.9608968847109435e-07,70635.256,1.0,70489.14962499999,1.98233933883036e-06,113.00267150983305,2880.0,1.0,,336,,,,,,,,
4.852500160001,0.0084087282884866,0.03891601568708817,0.0,0.0,0.0039924999999999995,4.0,0.15749999999999997,-0.0002101899687356005,0.07228880655020475,7.827729374791186e-05,2.7220356753806146e-07,2.3723831906371137e-07,70658.712,1.0,70480.15868749999,1.98233933883036e-06,119.6448515608911,2880.0,1.0,,337,,,,,,,,
4.692256024000017,0.0011983535356800228,0.012613932291666666,0.0,0.0,0.003945000000000001,4.0,0.15500000000000003,-0.0011615887973069523,0.07324453784773748,-0.000872794225870166,2.975327433318853e-07,2.503200402514949e-07,70652.41200000001,1.0,70474.26837500001,1.98233933883036e-06,117.69832092200615,2880.0,1.0,,338,,,,,,,,
4.693232155001169,0.0030815247494804985,0.028906250062088173,0.0,0.0,0.0038975000000000017,4.0,0.15249999999999997,-0.004749751768637604,0.07229245360940695,-0.004468217453298469,2.8940251025251956e-07,3.937414797168988e-07,70658.712,1.0,70484.93368750002,1.98233933883036e-06,121.43784753281054,2880.0,1.0,,339,,,,,,,,
4.657220560000496,0.0033020747117310143,0.03331705749345323,0.0,0.0,0.0038500000000000027,4.0,0.15000000000000002,0.003028776195909207,0.07189427347232898,0.003305307550666233,2.7754571263471917e-07,4.681548701294484e-07,70658.712,1.0,70507.2764375,1.98233933883036e-06,110.78687787846897,2880.0,1.0,,340,70672.34,70641.656,70634.112,70000042,70442.16946666666,best_of_k,70641.656,144.88515883870167
4.6757781649994286,0.003379596246910902,0.038183593889698386,0.0,0.0,0.0038025000000000003,4.0,0.14749999999999996,-0.0009612649349340548,0.07366296059141557,-0.0006816409586463124,3.151915824635883e-07,8.955439554370059e-07,70652.41200000001,1.0,70513.31418750001,1.98233933883036e-06,105.44695505070247,2880.0,1.0,,341,,,,,,,,
4.730103129000781,0.0032472859359889603,0.02970377627449731,0.0,0.0,0.0037550000000000014,4.0,0.14500000000000002,-0.003703374347727125,0.08307291846722364,-0.0033918851016399762,3.504844071263354e-07,8.293648280736458e-07,70639.852,1.0,70444.8353125,1.98233933883036e-06,128.75897696579108,2880.0,1.0,,342,,,,,,,,
4.703781870999592,0.01231294104460782,0.044401041930541396,0.0,0.0,0.003707499999999999,4.0,0.14249999999999996,-0.001466064194877011,0.08490947571893533,-0.0011524327953035633,3.81554623155959e-06,1.5779080939637424e-06,70645.272,1.0,69652.3441875,1.98233933883036e-06,1183.6853984402755,2880.0,1.0,,343,,,,,,,,
4.683136740999544,0.004287646152079105,0.029557291767559946,0.0,0.0,0.00366,4.0,0.14,0.0029794244037475437,0.08115302957594395,0.003275828843470663,2.6962009940234566e-06,6.922848155473579e-07,70658.712,1.0,70389.4185,1.98233933883036e-06,329.07302551751434,2880.0,1.0,,344,,,,,,,,
4.706683215999874,0.005023390122611697,0.043570963898673654,0.0,0.0,0.003612500000000001,4.0,0.13749999999999996,4.783664674808582e-05,0.07898081590731938,0.00033285876270383596,1.3435346950529947e-06,3.228683513138246e-07,70647.36,1.0,70372.89056249999,1.98233933883036e-06,329.0391959374798,2880.0,1.0,,345,,,,,,,,
4.655598770999859,0.003822749145911075,0.023242187618355576,0.0,0.0,0.003565000000000002,4.0,0.135,0.001302498538279906,0.07774848646173875,0.0015795208746567369,4.0727424514367766e-07,2.2110039606578388e-07,70647.36,1.0,70451.1135,1.98233933883036e-06,144.1467257389154,2880.0,1.0,,346,,,,,,,,
4.69761830599964,0.0020006445702165365,0.02872721361927688,0.0,0.0,0.0035175,4.0,0.13249999999999995,-0.0005231305937437961,0.07564932759851217,-0.00025718115891019505,3.496941936020903e-07,2.2493415544981113e-07,70650.292,1.0,70453.949,1.98233933883036e-06,141.4591767136375,2880.0,1.0,,347,,,,,,,,
4.695792231001178,0.004738214285074112,0.03393554718544086,0.0,0.0,0.003470000000000001,4.0,0.13,0.00031882139349666733,0.07664624166985352,0.0005844544696932038,7.356029717205578e-07,5.111012555403249e-07,70651.168,1.0,70309.0635,1.98233933883036e-06,601.5135095895603,2880.0,1.0,,348,,,,,,,,
4.7295247160000145,0.005189623586678256,0.029736328249176342,0.0,0.0,0.0034224999999999985,4.0,0.12749999999999995,-0.003360196111316327,0.07704661724468072,-0.0030966998698810735,6.070796369309998e-07,2.699690112943169e-07,70650.90000000001,1.0,70486.83600000001,1.98233933883036e-06,142.89222202065537,2880.0,1.0,,349,,,,,,,,
4.030162176999511,0.016623553140865017,0.03818359381208817,0.0,1.0,0.0033749999999999995,2.0,0.125,-0.005168175693446149,0.07973081370194753,-0.004900287138298154,2.9230633344923262e-06,1.8200606367220946e-06,70641.42,1.0,69186.951875,1.98233933883036e-06,1229.8295023581463,2880.0,1.0,,350,,,,,,,,
4.7109664479994535,0.005865943928559621,0.03582356780922661,0.0,0.0,0.0033275000000000006,4.0,0.12250000000000005,-0.0013081536975126558,0.07878113506982724,-0.0010469853683995705,4.671798301103536e-06,1.0179276834776374e-06,70648.604,1.0,70375.4880625,1.98233933883036e-06,603.3204031816316,2880.0,1.0,,351,,,,,,,,
4.689092055001311,0.0049694681947585195,0.044563802502428494,0.0,0.0,0.0032800000000000017,4.0,0.12,-0.0052651082611798,0.08108248965193827,-0.0050015710342753055,2.2108521307018236e-05,4.052624629954001e-07,70658.712,1.0,70384.53387500001,1.98233933883036e-06,334.03692005373347,2880.0,1.0,,352,,,,,,,,
4.692342992999329,0.0025854489795165136,0.025992838588232797,0.0,0.0,0.0032325000000000027,4.0,0.11750000000000005,-0.0028190277759373807,0.07676166202872992,-0.002571611121917764,5.957537506873223e-06,2.3975054593468787e-07,70658.712,1.0,70434.30456250001,1.98233933883036e-06,135.65287153220834,2880.0,1.0,,353,,,,,,,,
4.694013284999528,0.0015002574436948635,0.015755208354676142,0.0,0.0,0.0031850000000000003,4.0,0.11499999999999999,-0.0011920937395188957,0.07173671728620927,-0.0009642061583387355,4.760960280236759e-06,2.354279982815418e-07,70658.784,1.0,70483.5155,1.98233933883036e-06,126.3049519031218,2880.0,1.0,,354,,,,,,,,
4.655359007998413,0.0024235732465361557,0.027164713595993817,0.0,0.0,0.0031375000000000014,4.0,0.11250000000000004,-0.0004991526754262546,0.07099398799861471,-0.0002766416873782873,1.18110714690071e-06,2.304766966905921e-07,70658.712,1.0,70472.782,1.98233933883036e-06,154.24094551058633,2880.0,1.0,,355,,,,,,,,
4.685848982000607,0.0034441534929404347,0.038232422094248854,0.0,0.0,0.003089999999999999,4.0,0.10999999999999999,-0.0018327278879345006,0.07426544682433207,-0.0016034447277585666,7.49222902385327e-07,2.443996613976651e-07,70641.656,1.0,70487.31187500001,1.98233933883036e-06,111.15797968425129,2880.0,1.0,,356,,,,,,,,
4.6886370580014045,0.0035277401426962265,0.03188476564052204,0.0,0.0,0.0030425,4.0,0.10750000000000004,0.0007605312372713039,0.07902773469686508,0.0010008212023725112,3.509233946393427e-07,2.3398685004375844e-07,70654.708,1.0,70443.0591875,1.98233933883036e-06,130.52612040541965,2880.0,1.0,,357,,,,,,,,
4.732782990000487,0.0021309289052927247,0.026090494977931183,0.0,0.0,0.002995000000000001,4.0,0.10499999999999998,-0.0016663860017918826,0.07124883774667978,-0.0014531361521221697,2.679708840010638e-07,2.2635951246741115e-07,70651.168,1.0,70450.50431250001,1.98233933883036e-06,119.93447557584217,2880.0,1.0,,358,,,,,,,,
4.717856907000169,0.0014693082145337637,0.018912760463232797,0.0,0.0,0.002947500000000002,4.0,0.10250000000000004,-0.0024112714527291246,0.07053647966434558,-0.0022034954745322466,2.429864759771287e-07,2.121521512539933e-07,70645.98,1.0,70460.7328125,1.98233933883036e-06,120.89244748366043,2880.0,1.0,,359,,,,,,,,
4.667847415999859,0.0024679109192220494,0.033186848973855376,0.0,0.0,0.0029,4.0,0.09999999999999998,-0.0028344005113467574,0.06821726402267814,-0.0026367032745232186,2.596106488302515e-07,2.1426537462806058e-07,70649.17199999999,1.0,70486.15531249999,1.98233933883036e-06,120.21224401772479,2880.0,1.0,,360,70672.34,70637.848,70634.112,70000042,70445.25600000001,best_of_k,70637.848,127.19005512906033
4.734203193000212,0.003163181153164866,0.0303548176792295,0.0,0.0,0.002852500000000001,4.0,0.09750000000000003,-0.0006826582054297129,0.06755859358236194,-0.0004900845427376529,2.7099373471154803e-07,2.201594681376188e-07,70646.61200000001,1.0,70464.127625,1.98233933883036e-06,114.06474153461916,2880.0,1.0,,361,,,,,,,,
4.689359889000116,0.0014008185801988777,0.015543619791666666,0.0,0.0,0.002805000000000002,4.0,0.09499999999999997,0.0008763621153775603,0.0687840514195462,0.0010691651841625571,2.583867590999489e-07,2.201791022097647e-07,70647.36,1.0,70492.4140625,1.98233933883036e-06,128.43147949975472,2880.0,1.0,,362,,,,,,,,
4.664392579001287,0.002291338382444034,0.0234863282336543,0.0,0.0,0.002757500000000003,4.0,0.09250000000000003,-0.0018347551643576783,0.06802955471600096,-0.0016472900363927085,2.5358184174706366e-07,2.0225453075302843e-07,70652.41200000001,1.0,70503.229375,1.98233933883036e-06,108.92748777791982,2880.0,1.0,,363,,,,,,,,
4.731481607001115,0.0010212190463789739,0.01271158856494973,0.0,0.0,0.0027100000000000006,4.0,0.08999999999999997,-0.002337236648600083,0.06830249183500807,-0.0021522761089727283,2.5751893654539043e-07,2.2789478689351958e-07,70654.904,1.0,70478.86450000001,1.98233933883036e-06,150.08928621740333,2880.0,1.0,,364,,,,,,,,
4.673508459000004,0.001220243097729205,0.014860026082412029,0.0,0.0,0.0026625000000000017,4.0,0.08750000000000002,0.0005147193636124333,0.0677332179620862,0.0006949306116439402,2.4166815393300567e-07,2.0811524947816906e-07,70666.328,1.0,70500.77118750001,1.98233933883036e-06,114.07699241560442,2880.0,1.0,,365,,,,,,,,
4.756448692000049,0.002866414540524905,0.024023437639698386,0.0,0.0,0.0026149999999999993,4.0,0.08499999999999996,-0.001758665544912219,0.06962581754972537,-0.0015767281292937696,2.580691204438305e-07,2.1584338701548708e-07,70669.924,1.0,70466.9755,1.98233933883036e-06,132.59899137719768,2880.0,1.0,,366,,,,,,,,
4.685237854000661,0.001185018415223264,0.013395182322710752,0.0,0.0,0.0025675000000000003,4.0,0.08250000000000002,0.0002633017720654607,0.07138560013845563,0.00044645349650333327,2.3001085480700567e-07,2.153201735429396e-07,70738.164,1.0,70537.69737499999,1.98233933883036e-06,103.95297589587805,2880.0,1.0,,367,,,,,,,,
4.840466761999778,0.0010313512320863083,0.013932291699651008,0.0,0.0,0.0025200000000000014,4.0,0.07999999999999996,-0.00024996620292464894,0.07466826712091763,-6.193650187924504e-05,2.712458417875041e-07,2.154495746253815e-07,70654.368,1.0,70465.241625,1.98233933883036e-06,130.37891210759338,2880.0,1.0,,368,,,,,,,,
4.669213582001248,0.002032129514797513,0.019970703249176342,0.0,0.0,0.0024725000000000025,4.0,0.07750000000000001,0.0008902420765177036,0.07109465667357047,0.0010658941076447566,2.456891549466415e-07,2.101704374979363e-07,70655.928,1.0,70473.02712500001,1.98233933883036e-06,110.5228528324998,2880.0,1.0,,369,,,,,,,,
4.732361054000648,0.0017098217795137316,0.015413411466094354,0.0,0.0,0.002425,4.0,0.07499999999999996,-0.0005825542078431075,0.0690687623185416,-0.0004151971321941043,2.563729483521608e-07,2.182360567815067e-07,70658.784,1.0,70493.80050000001,1.98233933883036e-06,125.95678193829117,2880.0,1.0,,370,,,,,,,,
4.627196774999902,0.000758997559993683,0.008284505223855376,0.0,0.0,0.002377500000000001,4.0,0.07250000000000001,0.0019281127121454726,0.06602731238429745,0.0020849684660788625,2.4912522237722595e-07,1.9719245022050322e-07,70663.47200000001,1.0,70508.463625,1.98233933883036e-06,116.14713138670078,2880.0,1.0,,371,,,,,,,,
4.75856555899918,0.002206345059676096,0.020996093827610213,0.0,0.0,0.0023299999999999987,4.0,0.06999999999999995,1.452822471037507e-05,0.06085178426777323,0.00015618659866352877,2.237727739403302e-07,2.0814281083877026e-07,70658.784,1.0,70509.97150000001,1.98233933883036e-06,124.50883992010237,2880.0,1.0,,372,,,,,,,,
4.665659842999958,0.002141983772162348,0.025309244946887095,0.0,0.0,0.0022825,4.0,0.0675,-0.00033806551558276016,0.05885937608157595,-0.00020384074499209723,1.9474043533307395e-07,2.050433280942343e-07,70655.928,1.0,70539.7459375,1.98233933883036e-06,120.77809920054374,2880.0,1.0,,373,,,,,,,,
4.773646301000554,0.0010812421193501602,0.014778645806169758,0.0,0.0,0.002235000000000001,4.0,0.06499999999999995,-0.0028171986656767936,0.058542880384872355,-0.0026864800311159343,2.2556298221824514e-07,2.041283503710171e-07,70658.784,1.0,70503.59449999999,1.98233933883036e-06,117.00726450631124,2880.0,1.0,,374,,,,,,,,
4.692000611999902,0.0013643485641902469,0.0170572916783082,0.0,0.0,0.002187500000000002,4.0,0.0625,-0.0013537121121771634,0.05447379592806101,-0.0012346745352260768,2.278109049550873e-07,2.0191631714775818e-07,70658.712,1.0,70550.7305,1.98233933883036e-06,98.33638160797916,2880.0,1.0,,375,,,,,,,,
4.738329722000344,0.0013102251032250933,0.014453125050446639,0.0,0.0,0.002140000000000003,4.0,0.06000000000000005,-0.000610254482429203,0.053692639184494816,-0.0004954717781705161,2.1474228321475644e-07,1.9653045294868812e-07,70666.328,1.0,70544.01212500001,1.98233933883036e-06,100.23911459597109,2880.0,1.0,,376,,,,,,,,
4.693963706000432,0.0009217983012301071,0.009521484394402554,0.0,0.0,0.0020925000000000006,4.0,0.057499999999999996,-0.0013039562618359923,0.055075603537261486,-0.0011888464214280248,2.8423129450061424e-07,2.156456500775524e-07,70683.46399999999,1.0,70569.674375,1.98233933883036e-06,96.09327425402599,2880.0,1.0,,377,,,,,,,,
4.71705388600094,0.0015072248764530134,0.013085937564028427,0.0,0.0,0.0020450000000000017,4.0,0.05500000000000005,-0.005283201210356007,0.054331487976014614,-0.005172247299924493,3.6127503240853304e-07,2.3546280362533403e-07,70663.47200000001,1.0,70548.46475,1.98233933883036e-06,108.18533921210097,2880.0,1.0,,378,,,,,,,,
4.685774029998356,0.0021148582576036765,0.02701822921517305,0.0,0.0,0.0019974999999999993,4.0,0.05249999999999999,-0.001500481409796824,0.057674844128390156,-0.0013854217152887334,3.1329111630877077e-07,2.3069102302504993e-07,70706.248,1.0,70508.74281250002,1.98233933883036e-06,115.54121809916928,2880.0,1.0,,379,,,,,,,,
4.653881451000416,0.001239400644408306,0.009586588537786156,0.0,0.0,0.0019500000000000003,4.0,0.050000000000000044,0.0017439938965253532,0.05590460356324911,0.0018528838409110904,2.469815871819492e-07,1.991469833484416e-07,70657.76000000001,1.0,70533.266875,1.98233933883036e-06,103.47372566615226,2880.0,1.0,,380,70738.164,70650.392,70647.36,70000042,70534.2072,best_of_k,70650.392,86.04041417783631
4.697785165000823,0.0021341848684339007,0.019042968866415322,0.0,0.0,0.0019025000000000014,4.0,0.04749999999999999,-0.0006789951391207675,0.05403385357931256,-0.0005763131581867734,2.050301096308734e-07,1.9476346698373467e-07,70663.47200000001,1.0,70551.70162499999,1.98233933883036e-06,111.98184886783883,2880.0,1.0,,381,,,,,,,,
4.702562833001139,0.0007128594394695634,0.008040364637660483,0.0,0.0,0.0018550000000000025,4.0,0.04500000000000004,-0.0015872967972730596,0.057564091558257736,-0.0014806585313635878,2.7101402544360553e-07,2.3367940116258978e-07,70660.028,1.0,70497.2045,1.98233933883036e-06,120.82872807925213,2880.0,1.0,,382,,,,,,,,
4.675624950999918,0.0015556263982337744,0.014762369847934073,0.0,0.0,0.0018075,4.0,0.04249999999999998,-0.0002940544703354438,0.053429325576871634,-0.00019762456273989906,3.0247052921576295e-07,2.2753401355638894e-07,70688.21600000001,1.0,70562.84075,1.98233933883036e-06,81.41303695316482,2880.0,1.0,,383,,,,,,,,
4.708305189000384,0.001589267570428395,0.018277994871217135,0.0,0.0,0.0017600000000000011,4.0,0.040000000000000036,0.0006608496284267554,0.055662104239066444,0.0007586926688721481,2.1829556888045923e-07,2.0005036382997332e-07,70655.928,1.0,70524.01574999999,1.98233933883036e-06,105.74373046397336,2880.0,1.0,,384,,,,,,,,
4.652679096998327,0.0015559910752926953,0.01967773454574247,0.0,0.0,0.0017124999999999987,4.0,0.03749999999999998,-0.00232830050905856,0.05249461531639099,-0.00223852009124433,1.930904431901581e-07,1.9408601481529786e-07,70684.488,1.0,70521.24331250001,1.98233933883036e-06,123.94083346007106,2880.0,1.0,,385,,,,,,,,
4.671039392000239,0.0007072119066530528,0.009391276088232795,0.0,0.0,0.0016649999999999998,4.0,0.03500000000000003,-0.0026260298994505624,0.051358814972142376,-0.0025406405135678747,2.1581013894452403e-07,2.0365726705051657e-07,70666.328,1.0,70523.358125,1.98233933883036e-06,123.6985109469164,2880.0,1.0,,386,,,,,,,,
4.678794744000697,0.0012672475422732532,0.0168457032511166,0.0,0.0,0.0016175000000000009,4.0,0.03249999999999997,0.0010733614860024925,0.05055622880657514,0.001155008329078555,2.1554603139387987e-07,2.1317645841160507e-07,70738.408,1.0,70547.350875,1.98233933883036e-06,135.1523837571291,2880.0,1.0,,387,,,,,,,,
4.700137522999285,0.0010265700960493025,0.01409505222303172,0.0,0.0,0.001570000000000002,4.0,0.030000000000000027,-0.00027261745223465067,0.051635893216977514,-0.00019167518864075342,2.0427372149356415e-07,2.112536397665584e-07,70663.47200000001,1.0,70548.43375,1.98233933883036e-06,89.55242804880939,2880.0,1.0,,388,,,,,,,,
4.746346896999967,0.00033940358571271645,0.002832031255820766,0.0,0.0,0.0015224999999999995,4.0,0.02749999999999997,-0.0024062814482022077,0.04800320090726018,-0.0023333093461891017,1.9717629543928675e-07,1.8531856049719408e-07,70658.712,1.0,70556.6735,1.98233933883036e-06,92.68496352024968,2880.0,1.0,,389,,,,,,,,
4.686097517000235,0.0007867008716857526,0.008414713568830242,0.0,0.0,0.0014750000000000006,4.0,0.025000000000000022,-0.00044699848755650845,0.04924252086008588,-0.00037447417465349037,1.768578723471137e-07,1.813450053826197e-07,70658.712,1.0,70573.3283125,1.98233933883036e-06,72.33241757436356,2880.0,1.0,,390,,,,,,,,
4.7691513980007585,0.0012480968822880338,0.017106119834352285,0.0,0.0,0.0014275000000000017,4.0,0.022499999999999964,-0.004354632939794101,0.04952830743665496,-0.0042840513051487505,2.086141825211977e-07,1.9690710099477352e-07,70654.904,1.0,70552.0405,1.98233933883036e-06,111.83711382072481,2880.0,1.0,,391,,,,,,,,
4.674494438999318,0.001191948998590912,0.010660807291666666,0.0,0.0,0.0013800000000000028,4.0,0.020000000000000018,-0.0031602621505347392,0.05182350566610694,-0.003088860617329677,1.8610986174394384e-07,1.9211768235531204e-07,70693.97600000001,1.0,70578.3361875,1.98233933883036e-06,110.76399647997046,2880.0,1.0,,392,,,,,,,,
4.746641635998458,0.001020245081235771,0.011490885527261222,0.0,0.0,0.0013325000000000004,4.0,0.01749999999999996,-0.0011564099477254786,0.051396384524802365,-0.0010880404346001644,2.052169823703783e-07,1.9214226062066095e-07,70668.53600000001,1.0,70562.7000625,1.98233933883036e-06,101.22802536474677,2880.0,1.0,,393,,,,,,,,
4.673459463001564,0.0026485070775379427,0.025569661520421505,0.0,0.0,0.0012850000000000014,4.0,0.015000000000000013,-0.002603798459555643,0.05355485761538148,-0.002535094642856469,1.9466086461269091e-07,1.8986924921193804e-07,70696.072,1.0,70584.21937500002,1.98233933883036e-06,69.1696549225842,2880.0,1.0,,394,,,,,,,,
4.759616092000215,0.0011122745612131741,0.012272135500097647,0.0,0.0,0.001237499999999999,4.0,0.012499999999999956,0.0006437051803610908,0.05641735531389713,0.0007134019785250226,2.140607335832101e-07,1.965557370198212e-07,70658.712,1.0,70544.1890625,1.98233933883036e-06,101.70364102440399,2880.0,1.0,,395,,,,,,,,
4.664576062999913,0.00045741618184062344,0.004606119803308199,0.0,0.0,0.00119,4.0,0.010000000000000009,-0.0017578448945035536,0.05279323955376943,-0.001695133454632014,1.8790960076842111e-07,1.875882655137199e-07,70658.784,1.0,70527.6079375,1.98233933883036e-06,111.88540193763225,2880.0,1.0,,396,,,,,,,,
4.7774397639987,0.000939388088833463,0.014111328113358468,0.0,0.0,0.0011425000000000012,4.0,0.007499999999999951,0.00024066884846736988,0.05048871940622727,0.00029824939944470924,1.764391649080229e-07,1.714639618436801e-07,70663.47200000001,1.0,70560.419375,1.98233933883036e-06,93.10576558467835,2880.0,1.0,,397,,,,,,,,
4.69996906400047,0.0008653253122853736,0.009358723958333334,0.0,0.0,0.0010950000000000022,4.0,0.0050000000000000044,-0.0015928994301551331,0.05276753706857562,-0.0015352374175563455,2.101396994191873e-07,1.9518633820325704e-07,70666.228,1.0,70497.1736875,1.98233933883036e-06,118.68017725130902,2880.0,1.0,,398,,,,,,,,
4.85505063599885,0.0010792219739717741,0.012711588545547178,0.0,0.0,0.0010474999999999998,4.0,0.0024999999999999467,-0.003776186674561662,0.05055364997436603,-0.003723361218969027,2.300009107614187e-07,2.1295752657598163e-07,70663.47200000001,1.0,70554.2535625,1.98233933883036e-06,92.38009549577446,2880.0,1.0,,399,,,,,,,,
4.710046305001015,0.0009809828500995839,0.008089192764600739,0.0,0.0,0.0010000000000000009,4.0,0.0,-0.0002490611223038286,0.048315295949578285,-0.00020085419722211859,1.9491490377276932e-07,1.7784506134432831e-07,70655.928,1.0,70563.07825,1.98233933883036e-06,91.3276326006386,2880.0,1.0,,400,70738.408,70647.36,70651.168,70000042,70563.50613333333,best_of_k,70647.36,91.92599305518542
