elapsed_seconds,optimization_approximate_kl,optimization_clip_fraction,optimization_count_loss,optimization_early_kl_stop,optimization_entropy_coefficient,optimization_epochs_completed,optimization_learning_rate_fraction,optimization_loss,optimization_normalized_entropy,optimization_policy_loss,optimization_q_loss,optimization_value_loss,rollout_best_objective,rollout_feasible_rate,rollout_mean_objective,rollout_reward_scale,rollout_std_objective,rollout_transitions,rollout_vectorized_rollouts,self_imitation_loss,update,validation_archive_best_objective,validation_best_of_k_objective,validation_deterministic_objective,validation_fixed_validation_seed,validation_mean_stochastic_objective,validation_selection_metric,validation_selection_objective,validation_std_stochastic_objective
6.956226833997789,0.012006477714749053,0.15987141927083334,0.0,0.0,0.0199525,4.0,0.9975,-0.011842481209896505,0.8217895117898782,-0.0009662564649867514,0.04490740290445198,0.002059580833398892,219354.75225,1.0,184789.9762421875,9.554170288443626e-07,15157.846832033909,5760.0,1.0,,1,219354.75225,228855.00999999998,0.0,70000042,197794.17327499998,best_of_k,228855.00999999998,14977.396361101613
6.825658922000002,0.01111051723031172,0.1431884765625,0.0,0.0,0.019905,4.0,0.995,-0.012316584800525257,0.8160830078025659,0.0030083038339701793,0.007753370811769855,0.00028781458513549296,227826.95475,1.0,195405.04762109375,9.554170288443626e-07,13992.0269399801,5760.0,1.0,,2,,,,,,,,
6.826882420999027,0.005547971682972275,0.08199055989583333,0.0,0.0,0.0198575,4.0,0.9925,-0.023807364302532125,0.8067459501326084,-0.007899921494148051,0.0007464969661062545,7.573015727757593e-05,228233.76649999997,1.0,206615.06857421875,9.554170288443626e-07,13689.074498439344,5760.0,1.0,,3,,,,,,,,
6.7028858400008176,0.0065820286302672075,0.0916748046875,0.0,0.0,0.01981,4.0,0.99,-0.016715679104284693,0.8038253399233023,-0.0008309668385966992,0.00012934755644285664,5.2266989011210775e-05,231504.71275,1.0,212795.42755859374,9.554170288443626e-07,10509.848988983997,5760.0,1.0,,4,,,,,,,,
6.728521268003533,0.008121826101463133,0.11112467447916667,0.0,0.0,0.0197625,4.0,0.9875,-0.022207572726377595,0.7915275370081266,-0.006600477752120544,9.891960174475874e-05,5.1151322774482345e-05,243606.93625,1.0,218487.01419140626,9.554170288443626e-07,12434.980219175197,5760.0,1.0,,5,,,,,,,,
6.859120454999356,0.0071865812666753,0.09366861979166667,0.0,0.0,0.019715,4.0,0.985,-0.02031735268731912,0.7860121640066305,-0.004869145714716676,8.444889635939035e-05,7.915634258400435e-05,252815.896,1.0,227984.86703124997,9.554170288443626e-07,9735.244423060682,5760.0,1.0,,6,,,,,,,,
6.701616614998784,0.006895583569227408,0.08711751302083333,0.0,0.0,0.0196675,4.0,0.9825,-0.017620975074047845,0.7784398347139359,-0.0023447846566947796,7.745006390299143e-05,5.205987584607404e-05,255285.99575000003,1.0,237118.13829296874,9.554170288443626e-07,10008.123647277394,5760.0,1.0,,7,,,,,,,,
6.894375531999685,0.009327578285592608,0.13863118489583334,0.0,0.0,0.019620000000000002,4.0,0.98,-0.014856888815605393,0.7648165002465248,0.00012105030085270603,6.412337529582146e-05,4.2695644500175454e-05,261719.49174999996,1.0,243942.64209375,9.554170288443626e-07,8950.518656869584,5760.0,1.0,,8,,,,,,,,
6.655315330001031,0.006735431925335433,0.09452311197916667,0.0,0.0,0.0195725,4.0,0.9775,-0.020478867654067773,0.7575228065252304,-0.0056759593814301,5.853830043633934e-05,3.570630356837986e-05,266226.262,1.0,248079.58410937502,9.554170288443626e-07,7876.163431012274,5760.0,1.0,,9,,,,,,,,
6.668869048997294,0.010575708176475018,0.13236490885416666,0.0,0.0,0.019525,4.0,0.975,-0.016738907569864143,0.746412493288517,-0.002188924748528128,5.831330789381658e-05,3.578118541251266e-05,270431.809,1.0,252350.54515625,9.554170288443626e-07,8835.253093485879,5760.0,1.0,,10,,,,,,,,
6.792936780002492,0.005650174673064612,0.06705729166666667,0.0,0.0,0.019477500000000002,4.0,0.9725,-0.019541429607973743,0.7313148578008016,-0.00531051104189828,3.4344525033702666e-05,1.9663845288656983e-05,275133.32875,1.0,258581.4118046875,9.554170288443626e-07,6375.646300761647,5760.0,1.0,,11,,,,,,,,
6.643480720998923,0.009281099056048939,0.1219482421875,0.0,0.0,0.01943,4.0,0.97,-0.02087387894668306,0.717835766573747,-0.006948159386714299,4.64571175295229e-05,3.436863350240552e-05,279896.60774999997,1.0,264368.02135156246,9.554170288443626e-07,8397.867557161115,5760.0,1.0,,12,,,,,,,,
6.62412319500072,0.005812764291476924,0.08024088541666667,0.0,0.0,0.0193825,4.0,0.9675,-0.01905722925827528,0.7122038789093494,-0.00527287910032707,6.524850702286737e-05,2.6832219305106264e-05,278717.69425,1.0,265515.3099570313,9.554170288443626e-07,6911.151166033377,5760.0,1.0,,13,,,,,,,,
6.69872551500157,0.009293733569696391,0.09122721354166667,0.0,0.0,0.019335,4.0,0.965,-0.022384357764773693,0.6923238039016724,-0.009015262616837086,3.4548494227237825e-05,2.7063040268634115e-05,280712.01999999996,1.0,270372.16319140623,9.554170288443626e-07,6122.661959899451,5760.0,1.0,,14,,,,,,,,
6.668837689001521,0.006632989483478013,0.08695475260416667,0.0,0.0,0.0192875,4.0,0.9625,-0.01829985515602554,0.6763347660501798,-0.005298321736821284,3.7968206394604444e-05,7.895350504819969e-05,282365.3,1.0,273697.57223046874,9.554170288443626e-07,5054.876614479477,5760.0,1.0,,15,,,,,,,,
6.645424069996807,0.00751198320358526,0.10188802083333333,0.0,0.0,0.01924,4.0,0.96,-0.015820421647125233,0.6623299655814966,-0.003275955425730596,0.0002380882411140798,0.00034990717521547293,285112.40949999995,1.0,276338.45590234373,9.554170288443626e-07,4524.168715066128,5760.0,1.0,,16,,,,,,,,
6.734119234999525,0.007036881807531851,0.0859375,0.0,0.0,0.0191925,4.0,0.9575,-0.01181252506406357,0.6414624514679114,0.00048215192509815097,5.758282797311646e-05,2.1665296496090985e-05,287692.442,1.0,279029.66914453125,9.554170288443626e-07,4230.166135866383,5760.0,1.0,,17,,,,,,,,
6.609957681001106,0.007985132828859301,0.09379069010416667,0.0,0.0,0.019145,4.0,0.955,-0.01422753322791929,0.6130126590530077,-0.0024980988916164884,1.478348900718629e-05,1.0430203398451946e-05,290926.74799999996,1.0,281120.40426171874,9.554170288443626e-07,4178.45033887654,5760.0,1.0,,18,,,,,,,,
6.652946923000854,0.007510130929100948,0.10416666666666667,0.0,0.0,0.0190975,4.0,0.9525,-0.011370629906499138,0.5982145244876543,4.904102146004637e-05,1.1900787872794657e-05,7.081736545918223e-06,289230.63049999997,1.0,283793.2005507812,9.554170288443626e-07,3083.909929245264,5760.0,1.0,,19,,,,,,,,
7.173462397000549,0.005784232137860575,0.0687255859375,0.0,0.0,0.01905,4.0,0.95,-0.007467825635103509,0.582272951801618,0.003618871317788338,1.8647162846718857e-05,7.47742383092979e-06,292869.12799999997,1.0,285162.175953125,9.554170288443626e-07,3461.250084882573,5760.0,1.0,,20,292869.12799999997,290385.0035,292022.47549999994,70000042,286568.3848333333,best_of_k,290385.0035,2013.6016487032168
6.930444752000767,0.006187436714147528,0.0703125,0.0,0.0,0.019002500000000002,4.0,0.9475,-0.014581490977434441,0.5709791195889314,-0.003734715593357881,9.037198007414796e-06,4.7041953574004465e-06,290745.0405,1.0,286151.50634765625,9.554170288443626e-07,2557.9472839998534,5760.0,1.0,,21,,,,,,,,
7.434917795002548,0.008948478944754848,0.10872395833333333,0.0,0.0,0.018955,4.0,0.945,-0.012761093753700456,0.5528072702387968,-0.002285243885125965,7.3255663626999494e-06,3.758999047439223e-06,291496.20175,1.0,287291.7208632812,9.554170288443626e-07,2120.109670136086,5760.0,1.0,,22,,,,,,,,
7.045743467999273,0.004534862933117741,0.0626220703125,0.0,0.0,0.0189075,4.0,0.9425,-0.011949010096335163,0.5441285079965988,-0.00166311072340856,5.871553383940409e-06,3.2469119256954095e-06,292223.66325,1.0,288223.7406210938,9.554170288443626e-07,2018.1451473744278,5760.0,1.0,,23,,,,,,,,
7.064764882001327,0.008191301972450068,0.08894856770833333,0.0,0.0,0.018860000000000002,4.0,0.94,-0.014668937947135419,0.5359048744042715,-0.00456438452238217,7.890568487785762e-06,3.6460839207090126e-06,293339.302,1.0,287956.38734375,9.554170288443626e-07,2028.4308575245634,5760.0,1.0,,24,,,,,,,,
7.064993337000487,0.011211496227285048,0.11905924479166667,0.0,0.0,0.0188125,4.0,0.9375,-0.010114443954080343,0.5261942141999801,-0.00021853940173362693,8.754664179377869e-06,4.496664004705053e-06,292810.23799999995,1.0,288908.59475390625,9.554170288443626e-07,2238.4376080720954,5760.0,1.0,,25,,,,,,,,
7.1618621589987015,0.005787718463883114,0.070556640625,0.0,0.0,0.018765,4.0,0.935,-0.01440540777790981,0.5210084722687801,-0.00463150593956622,7.215681383362001e-06,4.202572616425944e-06,294556.23449999996,1.0,289581.3674101562,9.554170288443626e-07,2071.4484148411,5760.0,1.0,,26,,,,,,,,
7.308217159999913,0.007387792783750531,0.08585611979166667,0.0,0.0,0.0187175,4.0,0.9325,-0.008201816720732799,0.5082379759599766,0.0013081933526943128,1.4015328844152464e-05,3.0640897155838807e-06,293733.2815,1.0,290133.6292617187,9.554170288443626e-07,1820.1340884779408,5760.0,1.0,,27,,,,,,,,
7.22843478499999,0.004894508104674363,0.0599365234375,0.0,0.0,0.01867,4.0,0.9299999999999999,-0.00791482581795814,0.49888485483825207,0.001397150617170458,5.053660430576201e-06,3.3968762191231385e-06,294220.765,1.0,290264.32418359374,9.554170288443626e-07,1920.5647595659611,5760.0,1.0,,28,,,,,,,,
7.391479342000821,0.0067592529715814935,0.0791015625,0.0,0.0,0.0186225,4.0,0.9275,-0.00958729266615895,0.49360532437761623,-0.0003973229225569715,5.5359249084100765e-06,3.284380942621586e-06,294797.6385,1.0,290875.63187109376,9.554170288443626e-07,2077.76168645462,5760.0,1.0,,29,,,,,,,,
7.610018878996925,0.006662556331624121,0.08646647135416667,0.0,0.0,0.018575,4.0,0.925,-0.005216394056333229,0.4831411087264617,0.0037562676589004695,4.4915062128817835e-06,2.468980772126391e-06,294409.56049999996,1.0,291289.75163671875,9.554170288443626e-07,1619.39815800454,5760.0,1.0,,30,,,,,,,,
7.2900141940008325,0.005218643666012213,0.06376139322916667,0.0,0.0,0.018527500000000002,4.0,0.9225,-0.006851046220011388,0.47206526187558967,0.0018935896223410964,4.273274560281e-06,2.252502227406694e-06,294121.93925,1.0,291730.89151171874,9.554170288443626e-07,1416.334067208084,5760.0,1.0,,31,,,,,,,,
7.1658313240004645,0.006488905715135236,0.076416015625,0.0,0.0,0.01848,4.0,0.92,-0.007943734497530386,0.4599839771787326,0.0005549295456148684,3.615422201619367e-06,2.955436971300666e-06,295047.95825,1.0,292480.04119531246,9.554170288443626e-07,1381.864382337198,5760.0,1.0,,32,,,,,,,,
7.1821096549974754,0.005746375437108024,0.0592041015625,0.0,0.0,0.0184325,4.0,0.9175,-0.009234437883909171,0.4532530891398589,-0.0008838880263889829,2.6697121365752235e-05,2.7352630430262557e-06,295327.459,1.0,292406.9786953125,9.554170288443626e-07,1522.2499055624985,5760.0,1.0,,33,,,,,,,,
7.239444324000942,0.005974101116104673,0.06795247395833333,0.0,0.0,0.018385,4.0,0.915,-0.006212334051573028,0.45700894358257454,0.0021562313583369055,0.00023407797015314222,2.0272567797500567e-05,294802.27499999997,1.0,292281.26247656246,9.554170288443626e-07,1287.3788231726735,5760.0,1.0,,34,,,,,,,,
7.332878770997922,0.005667347526468802,0.059814453125,0.0,0.0,0.0183375,4.0,0.9125,-0.0069462870111844195,0.44205200547973317,0.0010925397121657927,0.00014900915563960856,0.00010480136791575963,294732.18625,1.0,292212.39420312503,9.554170288443626e-07,1273.8881714206523,5760.0,1.0,,35,,,,,,,,
7.221385259999806,0.004628560326333779,0.049519856770833336,0.0,0.0,0.01829,4.0,0.91,-0.0027328748838044703,0.4369300715625286,0.005232371089126294,0.00013319400025579853,2.5770997173898042e-05,295030.279,1.0,292513.97278124996,9.554170288443626e-07,1189.973666552751,5760.0,1.0,,36,,,,,,,,
7.167088410998986,0.0046832760878411745,0.052530924479166664,0.0,0.0,0.018242500000000002,4.0,0.9075,-0.010821264664021632,0.42975039407610893,-0.002992512503017982,8.758537546782463e-06,2.0188533748447906e-05,294091.33074999996,1.0,292486.61255859374,9.554170288443626e-07,905.2138958973134,5760.0,1.0,,37,,,,,,,,
7.210379964002641,0.005998920739026896,0.0709228515625,0.0,0.0,0.018195,4.0,0.905,-0.008326447389360206,0.4232810040314992,-0.0006326840375550091,1.3365472322372321e-05,1.299487482716207e-05,294497.19175,1.0,292395.60176171875,9.554170288443626e-07,1035.5934139885685,5760.0,1.0,,38,,,,,,,,
6.933021839999128,0.010239597111649346,0.11075846354166667,0.0,0.0,0.0181475,4.0,0.9025,-0.0033223511127289385,0.4110559970140457,0.004120978943925972,0.00010941040448149882,1.073483689377023e-05,294600.8075,1.0,292332.351,9.554170288443626e-07,1034.3668477776819,5760.0,1.0,,39,,,,,,,,
7.038218296998821,0.00900798148359172,0.09407552083333333,0.0,0.0,0.0181,4.0,0.9,-0.005517461453564465,0.413714362308383,0.0019659936466875174,1.217116501095461e-05,7.11577955314624e-06,295623.40575,1.0,292870.496671875,9.554170288443626e-07,1069.225650948169,5760.0,1.0,,40,295623.40575,295102.72625,294148.35425000003,70000042,292835.09285,best_of_k,295102.72625,852.1703354608221
7.015548286999547,0.005046307674395696,0.05859375,0.0,0.0,0.0180525,4.0,0.8975,-0.006795351946493611,0.40737998733917874,0.0005566802283283323,2.817647896335984e-06,3.825950595152487e-06,294728.403,1.0,292842.10176171875,9.554170288443626e-07,885.3654721687951,5760.0,1.0,,41,,,,,,,,
6.884243268999853,0.007817808240361046,0.08504231770833333,0.0,0.0,0.018005,4.0,0.895,-0.004883137095021084,0.3981756853560607,0.002283193297140921,1.7458546108647017e-05,2.1544210824231413e-06,295189.91099999996,1.0,292915.2048359375,9.554170288443626e-07,1174.7800203828513,5760.0,1.0,,42,,,,,,,,
6.904249565999635,0.01052618860719829,0.0998263888888889,0.0,1.0,0.0179575,3.0,0.8925,-0.0023164486046880484,0.3944431435730722,0.004764132279281815,1.8711549646215848e-05,1.52062859923616e-06,296037.4945,1.0,293182.64823046874,9.554170288443626e-07,963.5976667067325,5760.0,1.0,,43,,,,,,,,
6.870319858997391,0.008397452538095726,0.09183756510416667,0.0,0.0,0.017910000000000002,4.0,0.89,-0.006277979060541838,0.387095774213473,0.0006537983329811444,3.593809625594228e-06,1.4969121219602737e-06,295672.19175,1.0,293772.47279296874,9.554170288443626e-07,870.5528124750373,5760.0,1.0,,44,,,,,,,,
6.9489473729991005,0.014297952511697076,0.11942545572916667,0.0,1.0,0.0178625,4.0,0.8875,-0.004109327390324324,0.37651576722661656,0.002613560907775536,1.851073042284194e-05,1.5471631797936425e-06,295789.65449999995,1.0,293878.527,9.554170288443626e-07,901.881400800048,5760.0,1.0,,45,,,,,,,,
6.413309589999699,0.013397049692381794,0.1022677951388889,0.0,1.0,0.017815,3.0,0.885,-0.003082371536745793,0.37423331869973075,0.0034773654252704647,0.0009059933527926963,3.325869481171948e-05,295713.0465,1.0,293631.1923710937,9.554170288443626e-07,1278.8061256860533,5760.0,1.0,,46,,,,,,,,
6.8518711470023845,0.010448262675102645,0.0916748046875,0.0,0.0,0.017767500000000002,4.0,0.8825000000000001,-0.0033661454702572278,0.39097680151462555,0.003062071695846195,0.005016043006435211,3.37192859329131e-05,295877.148,1.0,294006.34504296875,9.554170288443626e-07,893.4497250809591,5760.0,1.0,,47,,,,,,,,
6.942827589002263,0.010837473040737677,0.10408528645833333,0.0,0.0,0.01772,4.0,0.88,-0.007197724897802497,0.40785444527864456,-0.0003734274165860067,0.0025389981333319156,0.00029796876564584335,290352.11775000003,1.0,279779.4577070312,9.554170288443626e-07,4922.806155509765,5760.0,1.0,,48,,,,,,,,
6.759706249998999,0.010357646280075036,0.11226399739583333,0.0,0.0,0.0176725,4.0,0.8775,0.0018978550894341122,0.42120176553726196,0.00922478863503784,0.0008896847255831138,5.5572633679427476e-05,295364.867,1.0,288483.84729687497,9.554170288443626e-07,4503.924977653177,5760.0,1.0,,49,,,,,,,,
6.945618314999592,0.011949138776496207,0.07169596354166667,0.0,0.0,0.017625000000000002,4.0,0.875,-0.010388670741425207,0.4213452065984408,-0.0029724225169047713,2.5538444295610436e-05,1.48150942512378e-05,295112.03800000006,1.0,289806.2014218749,9.554170288443626e-07,4147.3678956862395,5760.0,1.0,,50,,,,,,,,
6.304514081002708,0.013061870316353938,0.1203342013888889,0.0,1.0,0.0175775,3.0,0.8725,-0.0073868636326450444,0.4304339099261496,0.0001758363925748401,7.255035623327583e-06,5.05189094231658e-06,296063.45949999994,1.0,291907.61330468743,9.554170288443626e-07,2814.5312417637406,5760.0,1.0,,51,,,,,,,,
6.667448223000974,0.008700232142776562,0.0831298828125,0.0,0.0,0.01753,4.0,0.87,-0.007797197341763725,0.41913846631844837,-0.0004516533129693319,4.611325029676057e-06,2.9838999229999294e-06,295737.71924999997,1.0,292887.35519140627,9.554170288443626e-07,1328.703053778558,5760.0,1.0,,52,,,,,,,,
6.806188784001279,0.0054652679633970065,0.0682373046875,0.0,0.0,0.0174825,4.0,0.8674999999999999,-0.003305559376409898,0.41730873969693977,0.0039884913130663335,4.423522109201865e-06,2.2148549376765914e-06,295556.4885,1.0,293689.9601953125,9.554170288443626e-07,1139.8149622264298,5760.0,1.0,,53,,,,,,,,
6.765672571000323,0.007152627937709137,0.08955891927083333,0.0,0.0,0.017435,4.0,0.865,-0.004852197744185105,0.4053906959791978,0.002214380190707743,5.2951785013040835e-06,1.7583491877341355e-06,295686.90424999996,1.0,293829.35675390624,9.554170288443626e-07,1150.7235205334923,5760.0,1.0,,54,,,,,,,,
6.609734047997335,0.00657868581523265,0.07845052083333333,0.0,0.0,0.0173875,4.0,0.8625,-0.008395464188652113,0.4034073657045762,-0.0013823555879450093,2.8849917299567096e-06,1.696990447423256e-06,296389.35575,1.0,293381.01477343746,9.554170288443626e-07,1270.8641835204583,5760.0,1.0,,55,,,,,,,,
6.883164242997736,0.006217900906146194,0.070556640625,0.0,0.0,0.01734,4.0,0.86,-0.002548330089969871,0.38387364459534484,0.0041070591638951255,2.4842998982421705e-06,1.4637311641270874e-06,295653.42649999994,1.0,293675.34153515624,9.554170288443626e-07,1116.2843356249582,5760.0,1.0,,56,,,,,,,,
6.820449711998663,0.005386892347208534,0.059529622395833336,0.0,0.0,0.017292500000000002,4.0,0.8575,-0.006525558603849883,0.38574529935916263,0.00014414339481542507,2.229958144065828e-06,1.1499083214516759e-06,295481.45075,1.0,294069.1038476562,9.554170288443626e-07,858.7306234608781,5760.0,1.0,,57,,,,,,,,
6.601949179999792,0.008325612885528244,0.09676106770833333,0.0,0.0,0.017245,4.0,0.855,-0.0020918877271469682,0.3766289508591096,0.004402405388342838,1.718450640453284e-06,1.0029608894512876e-06,295927.70249999996,1.0,294270.1906054687,9.554170288443626e-07,887.1323036013243,5760.0,1.0,,58,,,,,,,,
6.680243435999728,0.009872309216007125,0.10750325520833333,0.0,0.0,0.0171975,4.0,0.8525,0.0014728826548283298,0.3770183107505242,0.00795589059513683,1.800542113035893e-06,1.168996256240007e-06,295672.3734999999,1.0,294123.66279296874,9.554170288443626e-07,987.796309517083,5760.0,1.0,,59,,,,,,,,
6.797853157000645,0.010732026438442214,0.11551920572916667,0.0,0.0,0.017150000000000002,4.0,0.85,-0.007044687289938641,0.3719938813398282,-0.0006659567006863654,3.658112558942624e-06,1.198313510049805e-06,295831.3515,1.0,294341.10315234377,9.554170288443626e-07,868.8495318435638,5760.0,1.0,,60,296389.35575,296228.6325,296245.1285,70000042,294165.74504166667,best_of_k,296228.6325,966.2331341672108
7.545246303998283,0.007589951780876921,0.08463541666666667,0.0,0.0,0.0171025,4.0,0.8475,-0.009437618592831617,0.3671200492729743,-0.0031660452756720283,8.597963277641915e-06,1.2474831237341277e-05,295568.7789999999,1.0,294500.5808984375,9.554170288443626e-07,655.5647175002981,5760.0,1.0,,61,,,,,,,,
7.512440390997654,0.009132677652814891,0.09895833333333333,0.0,0.0,0.017055,4.0,0.845,-0.004805608817453806,0.35483961676557857,0.0012421376110675435,1.8246537353642605e-05,4.4354099320761025e-06,296281.55325,1.0,294696.98529296875,9.554170288443626e-07,849.9331671808812,5760.0,1.0,,62,,,,,,,,
7.159209047000331,0.00980107356493439,0.10693359375,0.0,1.0,0.017007500000000002,4.0,0.8425,-0.008242507348768413,0.3453222078581651,-0.0023701146613651267,1.8871321051013485e-06,9.715948614541503e-07,296572.20525,1.0,295010.59975,9.554170288443626e-07,655.0690854996177,5760.0,1.0,,63,,,,,,,,
6.803002675998869,0.005422695471982782,0.0640869140625,0.0,0.0,0.01696,4.0,0.84,-0.0037193895453431955,0.346776540701588,0.0021611772438821695,1.8451519186631533e-06,1.1572581387990037e-06,296131.64199999993,1.0,294739.75807421876,9.554170288443626e-07,682.5907035549161,5760.0,1.0,,64,,,,,,,,
6.81185659899711,0.009096909724272942,0.10734049479166667,0.0,0.0,0.0169125,4.0,0.8375,-0.0047374093846883625,0.351825845738252,0.001212191244121641,1.3170540877164665e-06,1.0444440772990522e-06,296135.2855,1.0,294891.31162890623,9.554170288443626e-07,673.3769394764189,5760.0,1.0,,65,,,,,,,,
6.832480408000265,0.006312137932885283,0.08194986979166667,0.0,0.0,0.016865,4.0,0.835,-0.008151036987934882,0.34168944880366325,-0.0023890926386229694,1.3725176491637587e-06,1.022087920669416e-06,296179.71575,1.0,295115.1205234375,9.554170288443626e-07,672.1737616698305,5760.0,1.0,,66,,,,,,,,
6.9889963360001275,0.007758455064807397,0.0872802734375,0.0,0.0,0.0168175,4.0,0.8325,-0.00152512295365644,0.3307194449007511,0.004036159380727137,1.5483763000645467e-06,8.742965746932896e-07,296282.82924999995,1.0,295157.3385859375,9.554170288443626e-07,611.7166418573304,5760.0,1.0,,67,,,,,,,,
6.822232178998092,0.0067701702791964635,0.07889811197916667,0.0,0.0,0.01677,4.0,0.83,-0.004866263460523139,0.32506698928773403,0.0005839328999475887,3.720417064793461e-06,1.6092762239831397e-06,295989.526,1.0,294754.9869921875,9.554170288443626e-07,844.2502507951514,5760.0,1.0,,68,,,,,,,,
7.105274868001288,0.00831916339181286,0.0994873046875,0.0,0.0,0.0167225,4.0,0.8275,-0.0033693649020278826,0.3134056931982438,0.0018704155033143859,4.208053636508187e-06,1.4508335510754478e-06,296295.95175,1.0,295006.8142109375,9.554170288443626e-07,712.8719497959373,5760.0,1.0,,69,,,,,,,,
6.944708417999209,0.011315751447303532,0.10347493489583333,0.0,0.0,0.016675000000000002,4.0,0.825,-0.0013091552827972919,0.3217048080017169,0.004053975455462933,5.3788517888619936e-06,1.517282438356915e-06,296345.148,1.0,294621.38108984375,9.554170288443626e-07,903.650710271424,5760.0,1.0,,70,,,,,,,,
6.909868241000368,0.00927310647724274,0.11555989583333333,0.0,0.0,0.0166275,4.0,0.8225,-0.004439502100770672,0.3201117105782032,0.0008801190512410054,1.6837488855022304e-05,2.7055354282860358e-06,296163.14749999996,1.0,294796.1877460937,9.554170288443626e-07,774.6549640514663,5760.0,1.0,,71,,,,,,,,
6.185595383998589,0.012700286286417395,0.12312825520833333,0.0,1.0,0.01658,2.0,0.8200000000000001,0.0020161228021606803,0.3149682991206646,0.0072349440306425095,2.014710156572619e-05,2.6773017106999455e-06,296158.70349999995,1.0,294946.93946093746,9.554170288443626e-07,813.6701171541733,5760.0,1.0,,72,,,,,,,,
6.881228809001186,0.011313470090196157,0.12052408854166667,0.0,0.0,0.016532500000000002,4.0,0.8175,-0.0029725025427372507,0.31170362420380116,0.0021734757659335933,6.775095413521133e-05,9.7292434730889e-07,295932.76475,1.0,294785.6429765625,9.554170288443626e-07,774.5286664805853,5760.0,1.0,,73,,,,,,,,
6.842638473000989,0.008196460289279154,0.09733072916666667,0.0,0.0,0.016485,4.0,0.815,-0.00378548577039813,0.30652546013394993,0.0012654222373384982,1.628292980152916e-05,1.0715513075372958e-06,296389.78250000003,1.0,295047.30723828124,9.554170288443626e-07,787.9697467568277,5760.0,1.0,,74,,,,,,,,
6.8712207400021725,0.013901765785703901,0.14310709635416666,0.0,1.0,0.0164375,4.0,0.8125,-0.003460647708076673,0.3073161095380783,0.0015885613684076816,1.6696432079280992e-05,1.2610387116751554e-06,296118.20775000006,1.0,295006.95327734377,9.554170288443626e-07,950.9374850462066,5760.0,1.0,,75,,,,,,,,
6.931649402999028,0.009984325047601791,0.124755859375,0.0,0.0,0.016390000000000002,4.0,0.81,0.0008607300939426447,0.3115789958586295,0.005957631268150483,9.35936736207547e-05,1.0375161103581831e-06,296186.64650000003,1.0,294912.438234375,9.554170288443626e-07,681.9465433440897,5760.0,1.0,,76,,,,,,,,
6.883607535997726,0.01096345497596,0.12325032552083333,0.0,0.0,0.0163425,4.0,0.8075,0.0014650120477502544,0.3146786969155073,0.006604445962390552,2.5076027616440417e-05,1.3902086368015414e-06,296141.54325000005,1.0,294940.01415625,9.554170288443626e-07,765.72780207707,5760.0,1.0,,77,,,,,,,,
6.894601562002208,0.007578301374451257,0.083740234375,0.0,0.0,0.016295,4.0,0.8049999999999999,-0.0011550428753253073,0.3097382790098588,0.003890785805803413,6.620679975810617e-06,1.3890182337661372e-06,296380.0032499999,1.0,295008.5248632812,9.554170288443626e-07,736.6890882476699,5760.0,1.0,,78,,,,,,,,
6.840318303002277,0.007337377353299719,0.08451334635416667,0.0,0.0,0.0162475,4.0,0.8025,-0.0009820144283973302,0.3113256438324849,0.004075579568355654,2.3548634449828873e-06,8.676287208686517e-07,296584.2702499999,1.0,294705.8795351562,9.554170288443626e-07,666.3519225411328,5760.0,1.0,,79,,,,,,,,
6.8230182099978265,0.012118714061216451,0.1326904296875,0.0,0.0,0.0162,4.0,0.8,-0.0068741321059254306,0.30399395897984505,-0.0019501055163952212,1.3723667085704012e-06,1.0760684775827183e-06,296250.08,1.0,294791.59362890624,9.554170288443626e-07,795.4307619930566,5760.0,1.0,,80,296584.2702499999,296385.88399999996,296321.032,70000042,295181.68169999996,best_of_k,296385.88399999996,560.4974618478417
6.992264147997048,0.009318624620694512,0.08805338541666667,0.0,0.0,0.0161525,4.0,0.7975,-0.004214806656818837,0.3095103291173776,0.0007451948573968062,0.0001841236020657296,4.190197947432731e-05,296292.66774999996,1.0,295105.49453125,9.554170288443626e-07,742.694190213589,5760.0,1.0,,81,,,,,,,,
7.0596442480018595,0.015372542315162718,0.1456298828125,0.0,0.0,0.016105,4.0,0.795,-0.001413559351931326,0.31954004615545273,0.0036883556943697235,0.00022875583817949519,4.280361077254232e-05,296592.7992499999,1.0,295160.85319140623,9.554170288443626e-07,675.4649207518246,5760.0,1.0,,82,,,,,,,,
6.127867695999157,0.013893150903944237,0.11409505208333333,0.0,1.0,0.016057500000000002,2.0,0.7925,-0.006374188970463972,0.33313925191760063,-0.0010688283946365118,0.0003687153262887932,1.4304650335361657e-05,296361.13725,1.0,294907.2086171875,9.554170288443626e-07,689.520427840949,5760.0,1.0,,83,,,,,,,,
6.760741957001301,0.006661445305023032,0.08203125,0.0,0.0,0.01601,4.0,0.79,-0.0004038978562069436,0.3438188036282857,0.005075982412866627,0.0001717575922649909,1.496551381781804e-05,296294.2895,1.0,294478.6016796875,9.554170288443626e-07,807.5539313300677,5760.0,1.0,,84,,,,,,,,
6.84966333400007,0.00866113703280765,0.09187825520833333,0.0,0.0,0.0159625,4.0,0.7875,-0.0057506433901532246,0.35386766865849495,-0.00010955234756693244,8.95922011541946e-06,1.3251168345126038e-05,296355.3665,1.0,294807.3458632812,9.554170288443626e-07,722.7571139727492,5760.0,1.0,,85,,,,,,,,
6.8151788909999595,0.005237935384987698,0.049397786458333336,0.0,0.0,0.015915,4.0,0.785,-0.004287659486484093,0.3486225660890341,0.0012471955657626192,1.2051908967691816e-05,2.453806996053724e-05,296236.84225,1.0,294636.95654296875,9.554170288443626e-07,808.8660259847869,5760.0,1.0,,86,,,,,,,,
7.090315708999697,0.005554097576047449,0.059407552083333336,0.0,0.0,0.0158675,4.0,0.7825,-0.006429199051732819,0.355241088817517,-0.000892322976142168,0.00032392439410007984,0.00013503916746534136,296158.01850000006,1.0,294754.02021484374,9.554170288443626e-07,682.2269111242368,5760.0,1.0,,87,,,,,,,,
6.932477697999275,0.00839715505814335,0.0859375,0.0,0.0,0.01582,4.0,0.78,-0.006827514667141561,0.3552477229386568,-0.0012152744457125664,1.9667942770714337e-05,1.1623799551330194e-05,296200.9347499999,1.0,294710.0310742187,9.554170288443626e-07,751.2848929310995,5760.0,1.0,,88,,,,,,,,
6.8224665240013564,0.005791588521484907,0.06949869791666667,0.0,0.0,0.015772500000000002,4.0,0.7775,-0.005718301283195615,0.3445242860664924,-0.00028890495498975116,3.155780312387909e-05,2.9142381142340432e-06,296455.13274999993,1.0,294813.98177343747,9.554170288443626e-07,762.1542539980973,5760.0,1.0,,89,,,,,,,,
6.875691236000421,0.008777004448347725,0.09000651041666667,0.0,0.0,0.015725,4.0,0.775,0.00042637367247759056,0.34241031544903916,0.005808670384188493,1.3699683575415142e-05,1.4708257036015009e-06,296462.77275,1.0,294870.0126562499,9.554170288443626e-07,807.8427751770872,5760.0,1.0,,90,,,,,,,,
6.972935984998912,0.009564711023510123,0.10457356770833333,0.0,0.0,0.0156775,4.0,0.7725,-0.0005840122321387753,0.34513649096091586,0.004825213924050331,2.633942583448364e-06,2.7761002148925704e-06,296069.73324999993,1.0,294627.9045703125,9.554170288443626e-07,1132.1358244948747,5760.0,1.0,,91,,,,,,,,
6.785995007998281,0.008589166260208003,0.0914306640625,0.0,0.0,0.01563,4.0,0.77,-0.005830364733507547,0.34377601742744446,-0.00045868427453873056,4.637593631192279e-06,2.1502310166473157e-06,296476.17600000004,1.0,295069.8746679687,9.554170288443626e-07,584.0746062653491,5760.0,1.0,,92,,,,,,,,
6.768893381002272,0.008845386590110138,0.0867919921875,0.0,0.0,0.015582499999999999,4.0,0.7675,-0.004192713890612747,0.35095927740136784,0.0012754354781160753,1.4753640205829772e-06,1.0521415182059475e-06,296302.9727500001,1.0,294990.4812617187,9.554170288443626e-07,587.6561607920031,5760.0,1.0,,93,,,,,,,,
7.050429702001566,0.006084165535867214,0.07466634114583333,0.0,0.0,0.015535,4.0,0.765,-0.0005086307937745005,0.3426922007153432,0.004814315490269412,1.3736321780773626e-06,1.2792411006046223e-06,296077.86175,1.0,294883.91770703124,9.554170288443626e-07,704.0466900898217,5760.0,1.0,,94,,,,,,,,
6.999930792000669,0.006407659474158815,0.07234700520833333,0.0,0.0,0.015487500000000001,4.0,0.7625,-0.004958233990085621,0.3250642294685046,7.273208272332947e-05,3.004915576809708e-06,6.331477472087954e-06,296746.45324999996,1.0,294885.0086171875,9.554170288443626e-07,874.0886228131159,5760.0,1.0,,95,,,,,,,,
6.893312210999284,0.0069594947732791,0.07157389322916667,0.0,0.0,0.01544,4.0,0.76,-0.004962870700789305,0.32176738791167736,4.2351117978493375e-06,2.1562471962018512e-06,1.5333961383608614e-06,296523.54774999997,1.0,295214.1323085937,9.554170288443626e-07,744.5088462387255,5760.0,1.0,,96,,,,,,,,
6.943576909998228,0.006788193449513831,0.06795247395833333,0.0,0.0,0.0153925,4.0,0.7575000000000001,-0.006435413340417047,0.31467352124551934,-0.0015930258280908067,6.665464359419578e-06,1.1155675245788643e-06,296579.14475,1.0,294967.15898046875,9.554170288443626e-07,744.4804605383767,5760.0,1.0,,97,,,,,,,,
6.966743929002405,0.006890732370569215,0.08524576822916667,0.0,0.0,0.015345000000000001,4.0,0.755,-0.005905154185408416,0.315266956264774,-0.0010679880118307967,1.4136113506424408e-06,9.2749862901087e-07,296289.79475,1.0,295214.41892578127,9.554170288443626e-07,590.2704098085145,5760.0,1.0,,98,,,,,,,,
6.934574396000244,0.013180915707683502,0.12589518229166666,0.0,1.0,0.0152975,4.0,0.7525,0.005961529692285694,0.3186877903838952,0.01083604724650892,1.1939147294507773e-06,9.797940426399994e-07,296554.98825,1.0,295011.3061171875,9.554170288443626e-07,678.7682115503821,5760.0,1.0,,99,,,,,,,,
7.113780120998854,0.004188102509942837,0.049601236979166664,0.0,0.0,0.01525,4.0,0.75,-0.008188631278850758,0.32225593738257885,-0.003275006834883243,2.3515833949735074e-06,1.0871639659626453e-06,296253.7365,1.0,295055.39277734375,9.554170288443626e-07,650.8706084805457,5760.0,1.0,,100,296746.45324999996,296461.745,296206.0905,70000042,295348.2552583333,best_of_k,296461.745,677.3209408256741
6.1666677329994855,0.014801305941849327,0.12443033854166667,0.0,1.0,0.0152025,2.0,0.7475,0.009477219544351101,0.32013772055506706,0.014343319189113876,3.7505693626371794e-06,8.382864725338853e-07,296505.43,1.0,295394.15241406247,9.554170288443626e-07,704.4133347281261,5760.0,1.0,,101,,,,,,,,
6.875456980997114,0.006405417901987676,0.0633544921875,0.0,0.0,0.015155,4.0,0.745,-0.0023647070386990285,0.31230516235033673,0.0023673265532124788,3.435651101095042e-06,1.2152208507624589e-06,296586.4705,1.0,295155.04658203124,9.554170288443626e-07,721.9464683288247,5760.0,1.0,,102,,,,,,,,
7.108711093998863,0.011202311179658864,0.10538736979166667,0.0,1.0,0.0151075,4.0,0.7424999999999999,0.0006991299645354351,0.3016540842751662,0.005255746470841889,1.9037744181105154e-06,8.650180992238651e-07,296211.714,1.0,295139.60364843754,9.554170288443626e-07,554.6317060941477,5760.0,1.0,,103,,,,,,,,
6.844447409002896,0.005920120112326306,0.06758626302083333,0.0,0.0,0.01506,4.0,0.74,-0.00396291915482531,0.2979578065375487,0.0005237419002999862,1.3251732570533175e-06,9.029946805109527e-07,296562.777,1.0,295293.8973359375,9.554170288443626e-07,602.7747003678983,5760.0,1.0,,104,,,,,,,,
6.84956581899678,0.008116015155489245,0.09330240885416667,0.0,0.0,0.015012500000000002,4.0,0.7375,-0.0029184154651981467,0.29362414839367074,0.0014890750656680514,1.220676021299975e-06,8.405781185179725e-07,296525.21525,1.0,295478.4931679687,9.554170288443626e-07,567.949584588455,5760.0,1.0,,105,,,,,,,,
6.843204890999914,0.008115127306761375,0.07963053385416667,0.0,0.0,0.014965,4.0,0.735,-0.003349880178575404,0.2872548246135314,0.0009484396529539177,1.0651040618370189e-06,6.832063898324728e-07,296473.40199999994,1.0,295517.34595703124,9.554170288443626e-07,549.0073974881819,5760.0,1.0,,106,,,,,,,,
7.001860203999968,0.008571353699759735,0.07047526041666667,0.0,0.0,0.0149175,4.0,0.7324999999999999,-0.004717918704651917,0.2863911172995965,-0.00044620188418775797,1.346831089913773e-06,7.76847914589022e-07,296614.4085,1.0,295389.00174999994,9.554170288443626e-07,603.135357428077,5760.0,1.0,,107,,,,,,,,
7.006357432997902,0.006137290806994618,0.07316080729166667,0.0,0.0,0.014870000000000001,4.0,0.73,0.0002668686502147466,0.2793917947759231,0.004420901401317678,1.2864063426339574e-06,7.89981905076805e-07,296507.80525,1.0,295429.0915820313,9.554170288443626e-07,641.8714492030332,5760.0,1.0,,108,,,,,,,,
6.803113529000257,0.010333322985388804,0.1124267578125,0.0,0.0,0.014822499999999999,4.0,0.7275,-0.0018531963287387043,0.2744747331986825,0.0022145159309729934,2.1248277709181216e-06,9.543244760360874e-07,296601.85874999996,1.0,295321.73356640624,9.554170288443626e-07,569.4805928982889,5760.0,1.0,,109,,,,,,,,
6.868588959998306,0.005843015816935804,0.06778971354166667,0.0,0.0,0.014775,4.0,0.725,-0.003292978372580061,0.28304091778894264,0.000881173531524837,7.017656477614764e-05,1.5200951288818487e-06,296290.0215,1.0,294995.5238867187,9.554170288443626e-07,713.4092277235312,5760.0,1.0,,110,,,,,,,,
7.021059501999844,0.008688907238441365,0.10050455729166667,0.0,0.0,0.014727500000000001,4.0,0.7224999999999999,-0.0035166564436318972,0.29170067111651105,0.0007661627799582978,0.00012051826875373688,2.301449553006781e-06,296025.80325,1.0,294726.1172890625,9.554170288443626e-07,701.6904611792886,5760.0,1.0,,111,,,,,,,,
6.863405822998175,0.011618678028753493,0.119873046875,0.0,1.0,0.01468,4.0,0.72,0.0009633373216881106,0.29896524890015524,0.005245787382591516,0.0010323013816559978,6.259831939322187e-06,295949.41475000005,1.0,294931.145953125,9.554170288443626e-07,779.6142380222483,5760.0,1.0,,112,,,,,,,,
6.8526514479999605,0.010680467719794251,0.11429850260416667,0.0,0.0,0.014632500000000001,4.0,0.7175,-0.004817811112540464,0.3172559564312299,-0.0004948413309951624,0.0029080124186293688,5.6954300286330785e-05,296200.90725,1.0,295077.0294140625,9.554170288443626e-07,617.8587425248359,5760.0,1.0,,113,,,,,,,,
6.9444047450015205,0.0061738741205772385,0.07137044270833333,0.0,0.0,0.014585,4.0,0.7150000000000001,-0.00017914044049878916,0.30256628803908825,0.004002646465475361,0.0014833083888940262,0.00016562295877520228,296592.40150000004,1.0,295065.84193749994,9.554170288443626e-07,693.953703681701,5760.0,1.0,,114,,,,,,,,
7.084579968999606,0.004817800433860005,0.057576497395833336,0.0,0.0,0.014537500000000002,4.0,0.7125,-0.0035655936614299812,0.296954828624924,0.0007301968774603059,0.00013275548664637427,1.582889132123455e-05,296270.95149999997,1.0,295136.2246015625,9.554170288443626e-07,738.9451310901735,5760.0,1.0,,115,,,,,,,,
6.7686704820007435,0.009002990770871596,0.1031494140625,0.0,0.0,0.014490000000000001,4.0,0.71,-0.006209085462614894,0.299293536071976,-0.0018741710033888619,1.0590354823610445e-05,1.5793817951248457e-06,296565.40175,1.0,295106.08672656247,9.554170288443626e-07,695.3799639813622,5760.0,1.0,,116,,,,,,,,
6.709991476000141,0.00803003391774837,0.10091145833333333,0.0,0.0,0.0144425,4.0,0.7075,-0.0018931140220956877,0.31466308422386646,0.002650258014909923,3.7228167381423796e-06,1.5547093094407198e-06,296086.01900000003,1.0,294745.1781835938,9.554170288443626e-07,662.136366314008,5760.0,1.0,,117,,,,,,,,
6.784299951999856,0.006869657974069317,0.0811767578125,0.0,0.0,0.014395000000000002,4.0,0.7050000000000001,0.0011430008938380827,0.30719739757478237,0.005564206881293406,2.9268956514746e-06,1.2163582520467269e-06,296042.86425000004,1.0,294900.6396210937,9.554170288443626e-07,702.9478664723844,5760.0,1.0,,118,,,,,,,,
6.883913213998312,0.007760268284376555,0.08931477864583333,0.0,0.0,0.014347500000000001,4.0,0.7025,-0.0033569171015794077,0.30509475494424504,0.0010197468024368088,2.3438427353047095e-06,8.976599694676679e-07,296416.69275,1.0,294993.8365078125,9.554170288443626e-07,750.7366037385817,5760.0,1.0,,119,,,,,,,,
6.884980410002754,0.008795210504710363,0.09488932291666667,0.0,0.0,0.0143,4.0,0.7,0.00035465754141720635,0.30803101509809494,0.004758745722938329,2.2734632144268594e-06,1.0560771291541944e-06,296310.29825,1.0,295111.0746953124,9.554170288443626e-07,769.2990553390872,5760.0,1.0,,120,296746.45324999996,296374.21449999994,295354.85650000005,70000042,295268.018825,best_of_k,296374.21449999994,660.6643774721566
6.8682019709995075,0.008876024221535772,0.09810384114583333,0.0,0.0,0.014252500000000001,4.0,0.6975,-0.003419045388000086,0.30217405532797176,0.0008856052105935911,4.468957944444203e-06,3.2763476814542023e-06,296461.37025,1.0,295048.63966796873,9.554170288443626e-07,725.3784333615087,5760.0,1.0,,121,,,,,,,,
6.800556714999402,0.00740871829475509,0.08683268229166667,0.0,0.0,0.014205,4.0,0.6950000000000001,-0.002133447560481727,0.30153405604263145,0.0021468983807911477,1.5298810176034294e-05,2.8313040800753697e-06,296544.67649999994,1.0,295223.93399609375,9.554170288443626e-07,727.9653104220489,5760.0,1.0,,122,,,,,,,,
6.689135412001633,0.006087804276224536,0.06595865885416667,0.0,0.0,0.0141575,4.0,0.6925,-0.007767756624768178,0.30039983180661994,-0.003616750725389769,0.00022925313495155328,0.000157959284554939,296407.92049999995,1.0,295105.6376953125,9.554170288443626e-07,646.4006846474334,5760.0,1.0,,123,,,,,,,,
6.62003975600237,0.006234777424348674,0.0653076171875,0.0,0.0,0.014110000000000001,4.0,0.69,-0.0025976900457559773,0.2994482759386301,0.0016158063663169742,6.947370573110827e-05,9.543189951462713e-06,296408.2585,1.0,295453.44506249996,9.554170288443626e-07,598.107999773282,5760.0,1.0,,124,,,,,,,,
6.815547919002711,0.006901770507586964,0.0677490234375,0.0,0.0,0.0140625,4.0,0.6875,-0.001988497887699244,0.30046867330869037,0.0022353276726789773,6.751289359859432e-06,1.6800771168353397e-06,296460.79699999996,1.0,295361.7979726562,9.554170288443626e-07,623.5765808083135,5760.0,1.0,,125,,,,,,,,
6.613053097000375,0.0053647734845678014,0.060099283854166664,0.0,0.0,0.014015,4.0,0.685,-0.003206728021420228,0.291478065152963,0.0008773510489845648,3.6511947953954405e-06,1.242237199032085e-06,296533.8785,1.0,295157.1938984375,9.554170288443626e-07,644.7140648661766,5760.0,1.0,,126,,,,,,,,
6.813675837998744,0.007582201821302685,0.08837890625,0.0,0.0,0.0139675,4.0,0.6825,-0.001670741233586644,0.2874985045442979,0.002344222351287802,1.8324751825578762e-06,9.772941519751537e-07,296427.12974999996,1.0,295165.9463554687,9.554170288443626e-07,575.6598349121102,5760.0,1.0,,127,,,,,,,,
6.8317120209976565,0.0042076899044332094,0.0462646484375,0.0,0.0,0.01392,4.0,0.6799999999999999,-0.004297446216999863,0.294530479858319,-0.00019824902604644498,1.5101458951486772e-06,1.0323234983881473e-06,296531.10624999995,1.0,295114.4891914063,9.554170288443626e-07,689.3567046285949,5760.0,1.0,,128,,,,,,,,
6.911616977999074,0.007542497131604857,0.08748372395833333,0.0,0.0,0.0138725,4.0,0.6775,0.0017546642726908128,0.2895425548776984,0.005770713207311928,1.3879705491604e-06,9.82120558508844e-07,296478.2417499999,1.0,295283.64341015625,9.554170288443626e-07,695.8121080770144,5760.0,1.0,,129,,,,,,,,
6.7978904219999094,0.006763316935879023,0.07328287760416667,0.0,0.0,0.013825,4.0,0.675,-0.0035585327956747883,0.2798783592879772,0.00031008988541240495,1.6075857776816822e-06,1.070074183928682e-06,296424.00375,1.0,295346.378171875,9.554170288443626e-07,589.935548746637,5760.0,1.0,,130,,,,,,,,
6.841536734998954,0.0088128662246163,0.091064453125,0.0,0.0,0.013777500000000002,4.0,0.6725,-0.0035982855479232967,0.28665290027856827,0.0003503547632135451,1.6312485797698173e-06,1.1148673095817685e-06,296382.39375,1.0,295354.7830351562,9.554170288443626e-07,640.9583784644425,5760.0,1.0,,131,,,,,,,,
6.991734834999079,0.006781886431175129,0.0791015625,0.0,0.0,0.01373,4.0,0.6699999999999999,-0.0032923430214092755,0.2879710240910451,0.0006601465186880281,5.912933943363896e-06,1.5239341000968427e-06,296275.4589999999,1.0,295200.0860703125,9.554170288443626e-07,752.3820389422812,5760.0,1.0,,132,,,,,,,,
6.977851450999879,0.006757902240982124,0.0750732421875,0.0,0.0,0.0136825,4.0,0.6675,0.004599203894031234,0.29036150065561134,0.008570790193819752,5.48545164965238e-06,1.4727062449537698e-06,296714.17724999995,1.0,295232.2929609375,9.554170288443626e-07,713.7420732658272,5760.0,1.0,,133,,,,,,,,
7.036071711998375,0.007009450081871667,0.081787109375,0.0,0.0,0.013635000000000001,4.0,0.665,-0.0007148947964500015,0.278700141236186,0.0030840935360174626,4.5719685128157534e-06,1.2612947628554139e-06,296897.2335,1.0,295090.78814453125,9.554170288443626e-07,822.6716191888698,5760.0,1.0,,134,,,,,,,,
6.880379573998653,0.0073565934314198484,0.0789794921875,0.0,0.0,0.013587499999999999,4.0,0.6625,-0.0029474060235467428,0.2747219580536087,0.0007839347429883977,6.180196038485519e-06,1.6526428818034826e-06,296762.25925,1.0,295130.83302734373,9.554170288443626e-07,817.5656360753737,5760.0,1.0,,135,,,,,,,,
6.766590371000348,0.005861906489978234,0.06392415364583333,0.0,0.0,0.01354,4.0,0.6599999999999999,0.004017252324653479,0.27274852121869725,0.007708518280802916,1.1298656242312669e-05,1.238041450098611e-06,296797.31125,1.0,295398.4144179687,9.554170288443626e-07,783.582806552467,5760.0,1.0,,136,,,,,,,,
6.841489325997827,0.005920490650169086,0.07161458333333333,0.0,0.0,0.013492500000000001,4.0,0.6575,-0.0014709159537839394,0.2706406507641077,0.0021759038500022143,2.4755354395722406e-05,4.645804139613574e-06,296533.76199999993,1.0,295326.7084140625,9.554170288443626e-07,755.9029259667965,5760.0,1.0,,137,,,,,,,,
6.893100860001141,0.00629201084181356,0.07474772135416667,0.0,0.0,0.013445000000000002,4.0,0.655,-0.0009255403177424645,0.27116142958402634,0.002718576288316399,3.7441946597975098e-06,2.549018624620203e-06,296739.93499999994,1.0,295140.69562890625,9.554170288443626e-07,936.7916644083372,5760.0,1.0,,138,,,,,,,,
6.797901395999361,0.008060373727251621,0.0828857421875,0.0,0.0,0.013397500000000001,4.0,0.6525000000000001,0.0002036580553976819,0.25458848631630343,0.0036137052617656686,2.2062172935951216e-06,1.163823853289614e-06,296629.10024999996,1.0,295495.21765625,9.554170288443626e-07,591.9057496071193,5760.0,1.0,,139,,,,,,,,
6.824516148000839,0.004933121056334737,0.0546875,0.0,0.0,0.01335,4.0,0.65,0.005669940592876325,0.24191470040629307,0.00889890591497533,1.3407740956002574e-06,9.231936424214382e-07,296900.173,1.0,295543.075359375,9.554170288443626e-07,648.0610203086159,5760.0,1.0,,140,296900.173,296700.04274999996,296039.42574999994,70000042,295701.28478333337,best_of_k,296700.04274999996,661.1128283948307
6.898624371999176,0.0049608670427308725,0.056559244791666664,0.0,0.0,0.013302500000000002,4.0,0.6475,0.00016585395011740425,0.2322562374174595,0.0032548606492734202,1.2687730451451291e-06,9.107305404635705e-07,296589.6665,1.0,295620.00480078126,9.554170288443626e-07,657.300519911079,5760.0,1.0,,141,,,,,,,,
6.914920951996464,0.006344307085479765,0.06319173177083333,0.0,0.0,0.013255000000000001,4.0,0.645,0.00032479653115539503,0.236537034312884,0.003459630534052849,1.3960852029981652e-06,6.50344455029502e-07,296942.97675,1.0,295909.3211054687,9.554170288443626e-07,633.5779265123822,5760.0,1.0,,142,,,,,,,,
6.807090105001407,0.008423453509749379,0.07649739583333333,0.0,0.0,0.0132075,4.0,0.6425000000000001,0.005052481055220899,0.22140831096718708,0.007976179535035044,1.3873546341377125e-06,8.255861937792967e-07,296719.1212499999,1.0,295857.54496875,9.554170288443626e-07,581.0884445759561,5760.0,1.0,,143,,,,,,,,
6.861038147999352,0.00966986249841284,0.08186848958333333,0.0,0.0,0.013160000000000002,4.0,0.64,0.004057454289674449,0.22123908127347627,0.006968019200333704,3.998836241692061e-06,1.0831664655578759e-06,296907.3605,1.0,295943.3980820312,9.554170288443626e-07,572.2312585178669,5760.0,1.0,,144,,,,,,,,
6.851051953002752,0.007988247804557128,0.08585611979166667,0.0,0.0,0.013112500000000001,4.0,0.6375,0.0012197346998921905,0.22395513392984867,0.004155614917787413,3.788821193969246e-06,7.044268611385481e-07,296722.05475,1.0,295932.2900625,9.554170288443626e-07,493.97437048880624,5760.0,1.0,,145,,,,,,,,
6.911922282000887,0.004236573838473608,0.046223958333333336,0.0,0.0,0.013065,4.0,0.635,-0.002526743456352657,0.22423072376598915,0.0004021205725924422,3.289728792784293e-06,7.63775689804902e-07,296727.78599999996,1.0,295879.0113242187,9.554170288443626e-07,474.4231466942992,5760.0,1.0,,146,,,,,,,,
6.830458811997232,0.00473237554251682,0.0516357421875,0.0,0.0,0.013017500000000001,4.0,0.6325000000000001,-0.00263603960047476,0.22932196532686552,0.00034870620584115386,1.3746222720101287e-06,6.308449916521871e-07,296666.2,1.0,295913.6897539062,9.554170288443626e-07,438.2976768186077,5760.0,1.0,,147,,,,,,,,
6.948388962999161,0.009721584331903918,0.08662923177083333,0.0,1.0,0.01297,4.0,0.63,-0.00011501350672915578,0.22361034558465084,0.002784476945331941,3.575887119448377e-06,7.568577681619596e-07,296809.0545,1.0,295880.08283203124,9.554170288443626e-07,533.8359925655764,5760.0,1.0,,148,,,,,,,,
6.953142769001715,0.009880652306795431,0.088623046875,0.0,0.0,0.0129225,4.0,0.6275,7.284291738566633e-05,0.222641222178936,0.0029496058414224535,9.115412945940685e-07,4.5367426793063714e-07,296851.91425000003,1.0,296116.59664843744,9.554170288443626e-07,464.8313329516245,5760.0,1.0,,149,,,,,,,,
6.821025983001164,0.006652399075392168,0.07035319010416667,0.0,0.0,0.012875000000000001,4.0,0.625,-0.0025619884205904477,0.22039811157931885,0.0002751876600086689,9.358182756121399e-07,7.12326010917271e-07,296751.49475,1.0,295793.80798828125,9.554170288443626e-07,618.3293784259313,5760.0,1.0,,150,,,,,,,,
6.878266913998232,0.007857824176123055,0.074462890625,0.0,0.0,0.0128275,4.0,0.6225,0.007181851300022875,0.21394525840878487,0.00992574826038132,1.1859434039251937e-06,7.334599393023685e-07,296792.8822500001,1.0,295660.3631835937,9.554170288443626e-07,599.7120630711773,5760.0,1.0,,151,,,,,,,,
6.796705985998415,0.00822868246420209,0.08463541666666667,0.0,0.0,0.01278,4.0,0.62,0.0016412487166235223,0.20942484339078268,0.004317049266925703,2.344574297078831e-06,8.289432133305278e-07,296813.91075000004,1.0,295527.94363671873,9.554170288443626e-07,670.650441923159,5760.0,1.0,,152,,,,,,,,
6.754723994999949,0.006913802748992263,0.0687255859375,0.0,0.0,0.0127325,4.0,0.6174999999999999,-0.0028788596003626785,0.20357774229099354,-0.00028740332345478237,2.331373072668915e-06,7.287603883317691e-07,296604.57575,1.0,295331.2472304687,9.554170288443626e-07,696.9188227554528,5760.0,1.0,,153,,,,,,,,
7.174186545998964,0.006778787571723417,0.0609130859375,0.0,0.0,0.012685,4.0,0.615,0.002845861813208709,0.2008051611483097,0.005392613306563969,1.0371864587928787e-06,7.166906073052814e-07,296715.28400000004,1.0,295613.7812265625,9.554170288443626e-07,663.2533102975768,5760.0,1.0,,154,,,,,,,,
6.833981891999429,0.009376467668820018,0.08036295572916667,0.0,0.0,0.0126375,4.0,0.6125,0.006225608648189033,0.2014441986878713,0.008770895045017824,1.2047223390728352e-06,6.89738579732572e-07,296968.20125000004,1.0,295551.2789570312,9.554170288443626e-07,770.9993430924574,5760.0,1.0,,155,,,,,,,,
6.754685755000537,0.004612448746532512,0.052652994791666664,0.0,0.0,0.01259,4.0,0.61,0.003924635571214215,0.19949247067173323,0.006435775818924109,1.1215395735083196e-06,7.14559921751364e-07,296898.2245,1.0,295615.9611523437,9.554170288443626e-07,697.8920556655743,5760.0,1.0,,156,,,,,,,,
6.817781837002258,0.0096383754304649,0.09256998697916667,0.0,0.0,0.012542500000000002,4.0,0.6074999999999999,0.0028696516528725624,0.18466984760016203,0.005185494422524546,7.957609421775184e-07,5.98843442389807e-07,296991.31525,1.0,295615.8554765625,9.554170288443626e-07,692.8888904562117,5760.0,1.0,,157,,,,,,,,
6.830775636000908,0.004949665330059361,0.055826822916666664,0.0,0.0,0.012495,4.0,0.605,0.0002869891419929142,0.18587822777529558,0.0026091461768373847,8.643337127504461e-07,6.099039069340506e-07,296880.35375,1.0,295873.7622929687,9.554170288443626e-07,629.7817885508531,5760.0,1.0,,158,,,,,,,,
6.797008694997203,0.006351747038327933,0.0645751953125,0.0,0.0,0.0124475,4.0,0.6025,-0.0019766945527711264,0.18670195899903774,0.00034650517045520246,2.1653111931622484e-06,1.1133755191868506e-06,296861.9767499999,1.0,295696.4708125,9.554170288443626e-07,678.5997171257774,5760.0,1.0,,159,,,,,,,,
6.859437388000515,0.006823376982841485,0.07425944010416667,0.0,0.0,0.012400000000000001,4.0,0.6,7.876777575196077e-05,0.1817679206530253,0.002332131155223275,1.1947414328972172e-06,8.788954595218001e-07,296876.36125,1.0,295841.714046875,9.554170288443626e-07,716.6466305861716,5760.0,1.0,,160,296991.31525,296769.5225,296551.04874999996,70000042,295219.7530833333,best_of_k,296769.5225,1515.2154308234014
6.806097336000676,0.0046490667227772065,0.056803385416666664,0.0,0.0,0.012352499999999999,4.0,0.5974999999999999,-0.003762405802262947,0.18496589983503023,-0.001478458851731072,3.2362193493895575e-06,1.0411590523062841e-06,296624.86825,1.0,295598.057125,9.554170288443626e-07,751.3104714729274,5760.0,1.0,,161,,,,,,,,
6.7913397640004405,0.009625324179069139,0.0927734375,0.0,0.0,0.012305,4.0,0.595,0.004560664858824263,0.1845099382723371,0.00682789408407795,2.1106341999181193e-05,2.1102139366272845e-06,296909.17474999995,1.0,295780.1028203125,9.554170288443626e-07,714.5225184127468,5760.0,1.0,,162,,,,,,,,
6.839086415999191,0.004301060282159597,0.052286783854166664,0.0,0.0,0.012257500000000001,4.0,0.5925,-0.0009367750487096297,0.18538192131867012,0.001334711773476253,3.2343367214101213e-06,1.0165893963668775e-06,296995.84874999995,1.0,295488.34054687497,9.554170288443626e-07,745.1087117835318,5760.0,1.0,,163,,,,,,,,
6.815442530998553,0.009934031140195051,0.09224446614583333,0.0,0.0,0.012210000000000002,4.0,0.5900000000000001,0.007899795232030252,0.18329700672378144,0.01013722867355682,2.1691441235797506e-06,8.139301546824148e-07,296683.28175,1.0,295591.18063671875,9.554170288443626e-07,721.9640849885105,5760.0,1.0,,164,,,,,,,,
7.012771464000252,0.0067975821560442755,0.06502278645833333,0.0,0.0,0.012162500000000001,4.0,0.5875,-5.627381809366246e-05,0.1876763536905249,0.002225661611494919,2.6465522751095705e-06,8.259881122777794e-07,296866.62149999995,1.0,295539.1963125,9.554170288443626e-07,830.2463563926651,5760.0,1.0,,165,,,,,,,,
7.093493311000202,0.007565167575497374,0.077392578125,0.0,0.0,0.012115,4.0,0.585,0.004798885158379562,0.1839008762811621,0.007026099832728505,1.86272085874369e-06,1.11547180736693e-06,296867.222,1.0,295426.29528125,9.554170288443626e-07,1239.8100304714515,5760.0,1.0,,166,,,,,,,,
6.092581983997661,0.013594368848619828,0.105712890625,0.0,1.0,0.0120675,2.0,0.5825,0.0036988055799156427,0.18713114596903324,0.0059559309932713704,4.028709748619501e-06,1.3527223382917934e-06,296735.64375000005,1.0,295495.52740234375,9.554170288443626e-07,702.9553191387387,5760.0,1.0,,167,,,,,,,,
6.784091048000846,0.00830322773011479,0.07242838541666667,0.0,0.0,0.012020000000000001,4.0,0.5800000000000001,-0.004537701427276867,0.19642171263694763,-0.002178252014952401,4.112744212155424e-06,2.256427651540586e-06,296486.0707500001,1.0,294877.3461210937,9.554170288443626e-07,1471.1192166919168,5760.0,1.0,,168,,,,,,,,
6.922843569001998,0.009633732679503737,0.09297688802083333,0.0,0.0,0.0119725,4.0,0.5775,-0.001714553026734696,0.2115713550398747,0.0008169341211517652,4.054219256014828e-06,2.2906469207365867e-06,296043.88500000007,1.0,294715.76905078127,9.554170288443626e-07,1085.3453329264305,5760.0,1.0,,169,,,,,,,,
6.724790069001756,0.0090051693211232,0.0921630859375,0.0,0.0,0.011925000000000002,4.0,0.575,0.006944354953399549,0.215268660026292,0.009510294194721306,3.3313292272888853e-06,1.6113328650628016e-06,296102.49974999996,1.0,294570.50698046875,9.554170288443626e-07,886.8871633274225,5760.0,1.0,,170,,,,,,,,
6.9952839219986345,0.004249761870596558,0.050374348958333336,0.0,0.0,0.011877500000000001,4.0,0.5725,-0.006163001349098825,0.2106039933860302,-0.0036622104526031762,1.6155339406983178e-06,9.940545121859639e-07,296032.30724999995,1.0,294860.6994453125,9.554170288443626e-07,774.9518304779848,5760.0,1.0,,171,,,,,,,,
6.8552314230000775,0.0060972299324930646,0.07181803385416667,0.0,0.0,0.01183,4.0,0.5700000000000001,-0.003141963286907412,0.21164292997370163,-0.0006387400790117681,1.343876668613575e-06,7.564873101273406e-07,296080.94899999996,1.0,294873.51725390623,9.554170288443626e-07,730.516178003636,5760.0,1.0,,172,,,,,,,,
6.908576722998987,0.009610393669087594,0.09529622395833333,0.0,0.0,0.011782500000000001,4.0,0.5675,-0.004572604967203612,0.2181655994306008,-0.002021098043769598,0.0001591395087648569,6.232043226361839e-06,296104.21975000005,1.0,294966.6512109375,9.554170288443626e-07,1054.3262035248028,5760.0,1.0,,173,,,,,,,,
6.923204880000412,0.009458399474776039,0.0977783203125,0.0,0.0,0.011735,4.0,0.565,0.0014460565604773972,0.20773545497407517,0.0038442502069907882,0.00035581087402647427,8.001628007292538e-06,296845.1655,1.0,295507.09984375,9.554170288443626e-07,761.351069928684,5760.0,1.0,,174,,,,,,,,
6.834417702000792,0.006086369064481308,0.072509765625,0.0,0.0,0.0116875,4.0,0.5625,-0.0009659990513076385,0.22042876513053974,0.0016011170422037442,7.638812496679748e-05,3.0131222198785204e-06,296303.04325000005,1.0,294889.7290546874,9.554170288443626e-07,774.2737030548748,5760.0,1.0,,175,,,,,,,,
6.790189084000303,0.004142912943886283,0.047648111979166664,0.0,0.0,0.011640000000000001,4.0,0.56,0.004877120314631611,0.21408776411165795,0.007366588475027432,1.7648538351030158e-05,1.4962703348923394e-06,296377.03524999996,1.0,295048.01430078124,9.554170288443626e-07,725.5807249717697,5760.0,1.0,,176,,,,,,,,
6.84456708399739,0.003850510775616082,0.046793619791666664,0.0,0.0,0.0115925,4.0,0.5575,-0.001283208296323816,0.2118718313674132,0.0011673580447677523,1.7302582222100682e-05,7.655567307788639e-06,296509.67825,1.0,295232.7149648437,9.554170288443626e-07,730.3190986924341,5760.0,1.0,,177,,,,,,,,
6.820367457999964,0.009009246874484234,0.09525553385416667,0.0,0.0,0.011545,4.0,0.5549999999999999,0.00038350285224926967,0.21836416702717543,0.0028247415514973304,0.00046210287203507505,6.713008601385202e-05,296403.6034999999,1.0,295037.70574609376,9.554170288443626e-07,662.5228796523963,5760.0,1.0,,178,,,,,,,,
6.851705316999869,0.0066298377205384895,0.07466634114583333,0.0,0.0,0.0114975,4.0,0.5525,-0.003831762219003091,0.23057096668829521,-0.001206107282390197,0.00012115543322958426,2.6437933210369618e-05,296292.4365,1.0,295095.4277695312,9.554170288443626e-07,653.8126326526672,5760.0,1.0,,179,,,,,,,,
6.818533590998413,0.008484572657228759,0.09049479166666667,0.0,0.0,0.01145,4.0,0.55,0.002414496625230337,0.23080420897652706,0.005053673424602796,1.764556139960405e-05,3.5334370641256405e-06,296729.52675,1.0,295044.0183828125,9.554170288443626e-07,812.723971396894,5760.0,1.0,,180,296995.84874999995,296467.54274999996,295196.26824999996,70000042,295040.72381666664,best_of_k,296467.54274999996,793.8439141759117
6.865734808001434,0.005752726829086896,0.0645751953125,0.0,0.0,0.011402500000000001,4.0,0.5475,0.0020046022691531107,0.23130945799251398,0.0046408026343366755,3.5897165370594544e-06,1.894739753538488e-06,296526.06350000005,1.0,294984.23325781245,9.554170288443626e-07,809.9712459694929,5760.0,1.0,,181,,,,,,,,
6.8295781960005115,0.00871286922483705,0.0888671875,0.0,0.0,0.011355,4.0,0.5449999999999999,-0.00015526076216095439,0.2302568011606733,0.0024586504635711512,2.3989202553309497e-06,8.291656487339575e-07,296250.90699999995,1.0,295099.0523476562,9.554170288443626e-07,774.7051415949032,5760.0,1.0,,182,,,,,,,,
6.846564179999405,0.007629862967102478,0.080322265625,0.0,0.0,0.0113075,4.0,0.5425,0.005159502929018345,0.23194386220226684,0.007781743673452486,1.1756761336319717e-06,6.941680924891595e-07,296450.47275,1.0,294900.88484375,9.554170288443626e-07,669.3112909878481,5760.0,1.0,,183,,,,,,,,
6.79151278900099,0.007051024779987832,0.07267252604166667,0.0,0.0,0.011260000000000001,4.0,0.54,-0.003503064542504338,0.2224509734660387,-0.0009986025397665799,6.206480745637085e-07,5.465282217897993e-07,296294.5385,1.0,294761.19331249996,9.554170288443626e-07,597.2474188556916,5760.0,1.0,,184,,,,,,,,
6.843091839000408,0.007972997416800354,0.0819091796875,0.0,0.0,0.0112125,4.0,0.5375,0.005518515395427433,0.22096886454770961,0.00799569528317079,7.304123540071336e-07,7.212681971680013e-07,296120.48075,1.0,295099.9527421875,9.554170288443626e-07,616.3258596431148,5760.0,1.0,,185,,,,,,,,
6.765003100998001,0.005039050066746616,0.055135091145833336,0.0,0.0,0.011165,4.0,0.5349999999999999,-0.0013201434242849548,0.22307484100262323,0.0011700053679912041,9.898794660993342e-07,7.654984131022502e-07,296432.30325,1.0,295068.16006640624,9.554170288443626e-07,685.7863780969518,5760.0,1.0,,186,,,,,,,,
6.895212093000737,0.005286047831759788,0.0596923828125,0.0,0.0,0.0111175,4.0,0.5325,-0.0027532819367479533,0.23207935069998106,-0.00017353458679281175,7.47270764378527e-07,6.393060433633005e-07,296311.86199999996,1.0,295017.6907539062,9.554170288443626e-07,617.5974461573085,5760.0,1.0,,187,,,,,,,,
7.090391619000002,0.005579206665667395,0.0712890625,0.0,0.0,0.011070000000000002,4.0,0.53,-0.00011425301636336371,0.2324135722592473,0.002458190778270364,6.864496568207793e-07,6.114608742298818e-07,296424.49675,1.0,295203.2261601562,9.554170288443626e-07,723.7587961570545,5760.0,1.0,,188,,,,,,,,
6.875509161000082,0.006013905047439039,0.06892903645833333,0.0,0.0,0.011022500000000001,4.0,0.5275000000000001,-0.0009858033129906592,0.23964893134931722,0.0016552719365184505,9.524829470327253e-07,7.201986977160383e-07,296339.6615,1.0,295134.51505078125,9.554170288443626e-07,641.9576616620783,5760.0,1.0,,189,,,,,,,,
7.030123333999654,0.008145639386687739,0.079833984375,0.0,0.0,0.010975,4.0,0.525,0.0003170334578802188,0.23326451114068428,0.0028766457980964333,1.1397541648250353e-06,7.042218742962328e-07,296461.70425,1.0,295150.20993749995,9.554170288443626e-07,776.1025309246676,5760.0,1.0,,190,,,,,,,,
6.746192519000033,0.006661957183193105,0.0733642578125,0.0,0.0,0.010927500000000001,4.0,0.5225,-0.0006699445802951232,0.22985359032948813,0.0018413927755318582,9.97142545126432e-07,5.753886789250373e-07,296412.5544999999,1.0,295254.77925,9.554170288443626e-07,735.24620217461,5760.0,1.0,,191,,,,,,,,
7.14165555299769,0.00553873543200704,0.055216471354166664,0.0,0.0,0.01088,4.0,0.52,0.00014861840948772928,0.23420251129815975,0.0026964004694794617,6.509848968031898e-07,5.51684943654133e-07,296215.14574999997,1.0,295277.83314062504,9.554170288443626e-07,550.6169605630837,5760.0,1.0,,192,,,,,,,,
7.071664500999759,0.0052707697929387605,0.060872395833333336,0.0,0.0,0.0108325,4.0,0.5175000000000001,-0.002528712221343691,0.23122091653446356,-2.4491901664684217e-05,8.820762336843776e-07,7.841836217418555e-07,296239.24575000006,1.0,295099.71107812494,9.554170288443626e-07,730.5528726757619,5760.0,1.0,,193,,,,,,,,
7.094586227001855,0.0033266380269196816,0.039103190104166664,0.0,0.0,0.010785000000000001,4.0,0.515,-0.0038708212766020247,0.23668735225995383,-0.0013186249610347052,8.142336547223294e-07,7.908891911749075e-07,296053.90774999995,1.0,294965.8591796875,9.554170288443626e-07,571.0489931185494,5760.0,1.0,,194,,,,,,,,
7.185679220998281,0.007328077852434944,0.072021484375,0.0,0.0,0.0107375,4.0,0.5125,-0.0002683420752873644,0.22536844915399948,0.0021510893323769173,7.350199536422982e-07,7.764765849553138e-07,296129.355,1.0,294820.9189140625,9.554170288443626e-07,798.8271319867089,5760.0,1.0,,195,,,,,,,,
7.154551487998106,0.0048380616087039625,0.0587158203125,0.0,0.0,0.010690000000000002,4.0,0.51,-0.004663496130281904,0.22491953739275536,-0.002259613014757633,8.182088369797688e-07,8.497077305473036e-07,295770.38775,1.0,294670.20036328124,9.554170288443626e-07,676.0771342419257,5760.0,1.0,,196,,,,,,,,
7.087087067000539,0.006131504046303841,0.058512369791666664,0.0,0.0,0.010642500000000001,4.0,0.5075000000000001,-0.00827558705835448,0.2333990978077054,-0.00579200165035824,6.57130845146033e-07,5.973422396721162e-07,296022.10475,1.0,294907.7555859375,9.554170288443626e-07,523.3952912440125,5760.0,1.0,,197,,,,,,,,
6.93358730899854,0.0050311388404225,0.055745442708333336,0.0,0.0,0.010595,4.0,0.505,-0.0013250730286623973,0.2263387165342768,0.0010725605049325775,8.936672368046553e-07,6.705379149707369e-07,296108.13775,1.0,294921.46401171875,9.554170288443626e-07,648.8048536068133,5760.0,1.0,,198,,,,,,,,
6.769234024002799,0.005558609821794865,0.06473795572916667,0.0,0.0,0.010547500000000001,4.0,0.5025,-0.0016157150676008314,0.22477706459661326,0.0007545260984140137,1.1360991235183822e-06,9.633970492473054e-07,295924.40874999994,1.0,294815.5513828125,9.554170288443626e-07,549.6561008788568,5760.0,1.0,,199,,,,,,,,
6.8022217949983315,0.006278672849778862,0.06807454427083333,0.0,0.0,0.0105,4.0,0.5,-0.003945952824627359,0.20957778735707203,-0.0017463262969007094,2.255524271059054e-06,1.4298773803507932e-06,296095.85299999994,1.0,295033.97450781247,9.554170288443626e-07,693.4737362235173,5760.0,1.0,,200,296995.84874999995,296324.19824999996,295794.55624999997,70000042,295397.9164083333,best_of_k,296324.19824999996,626.5662616760542
6.934537464996538,0.005426496109672978,0.053914388020833336,0.0,0.0,0.010452500000000002,4.0,0.49750000000000005,0.000688708135082076,0.21522289235144854,0.0029292522619167962,5.2687845136271484e-05,7.609309579474181e-06,296477.72075,1.0,295170.6447539063,9.554170288443626e-07,626.3331949294253,5760.0,1.0,,201,,,,,,,,
6.9023260719986865,0.006308587753058721,0.0677490234375,0.0,0.0,0.010405000000000001,4.0,0.495,-0.0005627873664100965,0.2144809483240048,0.0016667320936297376,1.6324297448022662e-05,1.044057672316967e-06,296316.13599999994,1.0,295248.5927734375,9.554170288443626e-07,606.6528956762622,5760.0,1.0,,202,,,,,,,,
6.83981527299693,0.0051689638300255565,0.055460611979166664,0.0,0.0,0.010357500000000002,4.0,0.49250000000000005,-0.004020324524996492,0.21648559936632714,-0.0017786540168647964,1.567259068006403e-06,8.449469035554102e-07,296536.05049999995,1.0,295351.9675429688,9.554170288443626e-07,693.127548412918,5760.0,1.0,,203,,,,,,,,
6.857529296998109,0.007405472720468727,0.0662841796875,0.0,0.0,0.01031,4.0,0.49,-0.0012930504599353299,0.20875286341955265,0.000858795780610914,7.321728290321516e-07,6.447481008346282e-07,296513.99025,1.0,295368.0206796875,9.554170288443626e-07,613.6976634074773,5760.0,1.0,,204,,,,,,,,
6.8441236510007,0.006835073062878412,0.06689453125,0.0,0.0,0.0102625,4.0,0.48750000000000004,0.0014207273173572805,0.2095400638257464,0.0035705720947589725,1.024151416118002e-06,9.158696959351195e-07,296554.9927499999,1.0,295324.9519804687,9.554170288443626e-07,709.4753283604447,5760.0,1.0,,205,,,,,,,,
6.914581028999237,0.006847911051105863,0.07377115885416667,0.0,0.0,0.010215,4.0,0.485,-0.005052243616470757,0.20485027537991604,-0.002960158308269456,9.146777995757324e-07,7.370504716182799e-07,296174.35274999996,1.0,295082.7629414062,9.554170288443626e-07,584.8420148395367,5760.0,1.0,,206,,,,,,,,
6.780465979998553,0.008763371763052419,0.0848388671875,0.0,0.0,0.010167500000000001,4.0,0.48250000000000004,-0.0002878782882665594,0.20862365327775478,0.0018328474834561348,8.422705721026583e-07,7.419508894675649e-07,296446.8555,1.0,295385.8502304687,9.554170288443626e-07,639.6970731653336,5760.0,1.0,,207,,,,,,,,
6.770716474002256,0.003721328432826946,0.043253580729166664,0.0,0.0,0.01012,4.0,0.48,-0.005977471839287318,0.204723180582126,-0.0039061036465379098,8.517132611037445e-07,6.893111859085366e-07,296435.85975000006,1.0,295331.67682421877,9.554170288443626e-07,619.2909652330226,5760.0,1.0,,208,,,,,,,,
6.795973729000252,0.005566472505355098,0.0631103515625,0.0,0.0,0.010072500000000002,4.0,0.47750000000000004,0.001560756526790404,0.20233418295780817,0.003598257821674148,1.0041838827135052e-06,8.192568697514465e-07,296332.40975,1.0,295267.2437109375,9.554170288443626e-07,523.6775627112715,5760.0,1.0,,209,,,,,,,,
6.833448367000528,0.007667085507515973,0.06298828125,0.0,0.0,0.010025000000000001,4.0,0.475,0.0014292058331193402,0.2085288700958093,0.0035191686862769225,9.85177654418597e-07,8.80500798198606e-07,296569.49675,1.0,295251.607734375,9.554170288443626e-07,1011.6100620426602,5760.0,1.0,,210,,,,,,,,
6.8553802050009836,0.00572642852300002,0.052775065104166664,0.0,0.0,0.009977500000000002,4.0,0.47250000000000003,0.0029515785766610256,0.19697155182560286,0.0049164337979163975,7.328748144648974e-07,7.097730450785397e-07,296716.38825,1.0,295363.9538710938,9.554170288443626e-07,702.3806003101486,5760.0,1.0,,211,,,,,,,,
6.806374069998128,0.008157006217516027,0.059814453125,0.0,0.0,0.00993,4.0,0.47,-0.0005292504841539388,0.20535818580538034,0.0015095742613387604,7.654644515279566e-07,6.119056769430623e-07,296655.58475,1.0,295555.15108984377,9.554170288443626e-07,577.8316640972358,5760.0,1.0,,212,,,,,,,,
6.677246289997129,0.007723865007089141,0.05859375,0.0,0.0,0.0098825,4.0,0.4675,0.0005907467930228449,0.2007373453428348,0.002572522673290223,5.125324528639415e-06,2.9968637171862156e-06,296728.87374999997,1.0,295519.6325976562,9.554170288443626e-07,615.4747768083723,5760.0,1.0,,213,,,,,,,,
6.87632414700056,0.006694834528995368,0.061116536458333336,0.0,0.0,0.009835,4.0,0.46499999999999997,0.0015750719224646066,0.18380867472539344,0.0033822099988659224,2.073144427091241e-06,8.256439857727097e-07,296598.38025,1.0,295749.91187109373,9.554170288443626e-07,626.3311697574311,5760.0,1.0,,214,,,,,,,,
6.923998958001903,0.012963195957127027,0.08964029947916667,0.0,0.0,0.009787500000000001,4.0,0.4625,0.006589155794548181,0.18341298929105201,0.008383929069774846,9.419402425455322e-07,5.734986151158713e-07,296581.4875,1.0,295722.94937499997,9.554170288443626e-07,536.6106481137768,5760.0,1.0,,215,,,,,,,,
6.81275456000003,0.01062637264597773,0.0740966796875,0.0,0.0,0.00974,4.0,0.45999999999999996,0.007044035022166402,0.1783953042080005,0.008781205309787765,1.1673245913594126e-06,5.665768500288474e-07,296497.302,1.0,295539.66426171875,9.554170288443626e-07,603.4627426343849,5760.0,1.0,,216,,,,,,,,
6.875634460000583,0.007792874365501727,0.06571451822916667,0.0,0.0,0.009692500000000001,4.0,0.4575,0.0004377613853042324,0.18422996066510677,0.0022161490439126887,4.197216025877045e-05,6.1279521747318695e-06,296568.67274999997,1.0,295807.4321445312,9.554170288443626e-07,538.5044368077488,5760.0,1.0,,217,,,,,,,,
6.851674733999971,0.00948493015797188,0.07779947916666667,0.0,0.0,0.009644999999999999,4.0,0.45499999999999996,0.0016252842857890453,0.19269305498649678,0.0034751386653321483,4.125259655059684e-05,9.08988858820218e-06,296466.1115,1.0,295704.03070703126,9.554170288443626e-07,474.36519073896477,5760.0,1.0,,218,,,,,,,,
6.866079102001095,0.006738191169764225,0.0596923828125,0.0,0.0,0.0095975,4.0,0.4525,-0.0005476005220164856,0.19083503726869822,0.001277150760870427,9.826018493678626e-06,1.161042061662935e-05,296657.4542499999,1.0,295762.1978359375,9.554170288443626e-07,538.6199976082384,5760.0,1.0,,219,,,,,,,,
6.84753424900191,0.005513843798932309,0.046875,0.0,0.0,0.00955,4.0,0.44999999999999996,0.0002767983581482743,0.1797606290007631,0.0019924573813720294,3.297504713136353e-06,1.4495797392063043e-06,296897.8689999999,1.0,295962.90914843744,9.554170288443626e-07,434.2445087710946,5760.0,1.0,,220,296995.84874999995,296462.96975,296295.03625,70000042,295897.0179916666,best_of_k,296462.96975,386.6209694770913
6.87482381800146,0.006856355750642251,0.059855143229166664,0.0,0.0,0.0095025,4.0,0.4475,0.0037415728244620063,0.16869921951244274,0.0053443361636406434,6.937416880958835e-07,4.6363243673871085e-07,296626.93675,1.0,295851.5368125,9.554170288443626e-07,453.3120982748034,5760.0,1.0,,221,,,,,,,,
6.767036129000189,0.011152179717707137,0.070556640625,0.0,0.0,0.009455,4.0,0.44499999999999995,-0.0018121756899442214,0.1610922903443376,-0.0002894055117697765,1.2514762624723137e-06,4.63955244001113e-07,296341.36675000004,1.0,295832.0314765625,9.554170288443626e-07,624.7370106508693,5760.0,1.0,,222,,,,,,,,
6.872207315998821,0.008029180809292788,0.058308919270833336,0.0,0.0,0.009407500000000001,4.0,0.4425,0.0006521723504799107,0.15915213959912458,0.0021466343702437976,2.3027753968563047e-05,9.188254187127617e-07,296393.52075,1.0,295628.3300390625,9.554170288443626e-07,479.1933517733593,5760.0,1.0,,223,,,,,,,,
6.668956507000985,0.006316381238624065,0.0606689453125,0.0,0.0,0.00936,4.0,0.43999999999999995,-0.006050240364857018,0.1627101997534434,-0.004530687185858066,2.8546305936553534e-05,1.119716236767469e-06,296561.35075,1.0,295569.493609375,9.554170288443626e-07,937.7790235521749,5760.0,1.0,,224,,,,,,,,
6.664506831999461,0.0104373814004551,0.07820638020833333,0.0,0.0,0.009312500000000001,4.0,0.4375,-0.002417275410455962,0.17194685091574988,-0.0008225368607478837,5.6005515792397396e-05,1.8316778825540798e-06,296463.87825,1.0,295275.86373828124,9.554170288443626e-07,1443.1852572680534,5760.0,1.0,,225,,,,,,,,
6.73862486500002,0.006459770901225663,0.061442057291666664,0.0,0.0,0.009265000000000002,4.0,0.43500000000000005,0.001858101012961318,0.17447861252973476,0.0034646201335514584,9.242971441381087e-05,1.5641852080250374e-06,296442.25425000006,1.0,295287.24687109375,9.554170288443626e-07,597.6066819971511,5760.0,1.0,,226,,,,,,,,
6.83504092700241,0.008700919560700035,0.06331380208333333,0.0,0.0,0.0092175,4.0,0.4325,-0.0019511244681780227,0.17504672644038996,-0.00034320711468656856,4.7275657858373656e-05,1.696485433910766e-06,296310.78099999996,1.0,295134.59024218743,9.554170288443626e-07,662.4364573614615,5760.0,1.0,,227,,,,,,,,
6.662522198999795,0.006847803585211902,0.06331380208333333,0.0,0.0,0.009170000000000001,4.0,0.43000000000000005,-0.00022945537784835324,0.17502009961754084,0.001369951021236678,4.593948075163704e-05,1.8686447459022777e-06,296325.54475,1.0,295190.3445156249,9.554170288443626e-07,508.8126965350618,5760.0,1.0,,228,,,,,,,,
6.666983261999121,0.006602885950997006,0.06343587239583333,0.0,0.0,0.0091225,4.0,0.4275,-0.0010862659582926426,0.17887835670262575,0.0005416986144458255,2.7215691607314813e-05,2.262952252844267e-06,296206.51675,1.0,295015.6332578125,9.554170288443626e-07,751.6057087050341,5760.0,1.0,,229,,,,,,,,
6.929756895002356,0.010698868046650508,0.093994140625,0.0,0.0,0.009075000000000001,4.0,0.42500000000000004,0.0026829779089894146,0.17068994728227457,0.004231133886302511,2.018484307105458e-06,1.3059614924297118e-06,296336.6185,1.0,295080.1162109375,9.554170288443626e-07,1209.9413703599805,5760.0,1.0,,230,,,,,,,,
6.691462187001889,0.005604849642016537,0.053873697916666664,0.0,0.0,0.0090275,4.0,0.4225,-0.0024029686052623824,0.16859713041534027,-0.0008815156470518559,1.1744102768792193e-06,8.804450194096111e-07,296495.88499999995,1.0,295401.24955468747,9.554170288443626e-07,655.6113161026831,5760.0,1.0,,231,,,,,,,,
6.686299764998694,0.00622189025549839,0.0560302734375,0.0,0.0,0.008980000000000002,4.0,0.42000000000000004,0.0005082483282118725,0.16421454772353172,0.0019821407040581107,1.4276751372221952e-06,1.2224688437830384e-06,296589.54474999994,1.0,295558.8480039062,9.554170288443626e-07,1177.0316367464786,5760.0,1.0,,232,,,,,,,,
6.7589586159992905,0.006916184342117049,0.058837890625,0.0,0.0,0.008932500000000001,4.0,0.4175,-0.0007248611994630968,0.1662290139744679,0.000759276415919885,1.1938991981708114e-06,1.1673734867656549e-06,296596.40499999997,1.0,295341.50853515626,9.554170288443626e-07,1124.087192547219,5760.0,1.0,,233,,,,,,,,
6.671041155001149,0.0064311442377705435,0.0574951171875,0.0,0.0,0.008885,4.0,0.41500000000000004,-0.0014719098204902064,0.1672656179095308,1.3862396978462735e-05,6.122210945610126e-07,6.421372612900692e-07,296789.79275,1.0,295629.096125,9.554170288443626e-07,488.4665731758992,5760.0,1.0,,234,,,,,,,,
6.790571416997409,0.01013492272371271,0.0855712890625,0.0,0.0,0.0088375,4.0,0.4125,0.0012214676098665223,0.1680570412427187,0.0027063143206760287,6.391630667697731e-07,5.869338609206428e-07,296512.101,1.0,295702.1502109375,9.554170288443626e-07,612.3858466161518,5760.0,1.0,,235,,,,,,,,
6.673839208000572,0.007475951419716391,0.058268229166666664,0.0,0.0,0.008790000000000001,4.0,0.41000000000000003,-0.0008414429200153487,0.16689999463657537,0.0006252778500008086,6.644612895456703e-07,5.281051027594685e-07,296642.79275,1.0,295783.52651953127,9.554170288443626e-07,488.86655808130575,5760.0,1.0,,236,,,,,,,,
6.71995491999769,0.006151227594576388,0.057576497395833336,0.0,0.0,0.0087425,4.0,0.4075,0.001772514522599522,0.17037114563087621,0.0032612508124050996,1.2383608331371458e-06,1.218765825446629e-06,296621.49674999993,1.0,295345.6305898437,9.554170288443626e-07,1206.0104118164395,5760.0,1.0,,237,,,,,,,,
6.736731231998419,0.005326447690701268,0.050862630208333336,0.0,0.0,0.008695000000000001,4.0,0.405,0.0001042248186422512,0.16381808991233507,0.001527736506735285,1.2308516659231827e-06,1.5262579443250008e-06,296653.20999999996,1.0,295648.1124140625,9.554170288443626e-07,895.0428389390827,5760.0,1.0,,238,,,,,,,,
6.6394526949989086,0.005751466941243659,0.046346028645833336,0.0,0.0,0.0086475,4.0,0.40249999999999997,2.825332073067936e-05,0.16114006315668425,0.0014210009442952771,1.5006310138214e-06,1.1224254687173623e-06,296834.37675000005,1.0,295850.26100390626,9.554170288443626e-07,951.8228668038935,5760.0,1.0,,239,,,,,,,,
6.795251121002366,0.006128253895440139,0.06315104166666667,0.0,0.0,0.008600000000000002,4.0,0.4,-0.0015722295878125199,0.16265899346520504,-0.00017357885371893644,3.892578822236222e-07,3.556248812467781e-07,296676.858,1.0,296052.10480078124,9.554170288443626e-07,453.3204664803094,5760.0,1.0,,240,296995.84874999995,296677.71650000004,295769.0705,70000042,295662.47278333333,best_of_k,296677.71650000004,775.2172654446654
6.787569371001155,0.008643028772591302,0.059611002604166664,0.0,0.0,0.0085525,4.0,0.39749999999999996,0.0013433905054019608,0.15686065051704645,0.0026846018348199627,5.586300038847488e-07,5.680919888580623e-07,296589.88625,1.0,295848.648296875,9.554170288443626e-07,623.5024206394064,5760.0,1.0,,241,,,,,,,,
6.725317396998435,0.005765048721514177,0.052001953125,0.0,0.0,0.008505,4.0,0.395,-0.0016760979669925291,0.1569638941437006,-0.00034148068031451356,6.280272124570274e-07,5.954265803372513e-07,296711.64625,1.0,295729.1655039062,9.554170288443626e-07,607.3696640925331,5760.0,1.0,,242,,,,,,,,
6.82636645799721,0.0053783062200333616,0.05029296875,0.0,0.0,0.0084575,4.0,0.39249999999999996,-0.0038517660092717656,0.1628688688700398,-0.0024792424034482488,1.4411354820017172e-05,6.996520156121733e-06,296756.3645,1.0,295594.62783984374,9.554170288443626e-07,660.6583290054133,5760.0,1.0,,243,,,,,,,,
6.9209342889989784,0.0056538996286690235,0.050374348958333336,0.0,0.0,0.00841,4.0,0.39,-0.002906620029534679,0.16086680193742117,-0.0015558159502688795,8.2320574653257e-06,2.525297374470862e-06,296687.418,1.0,295661.88134374993,9.554170288443626e-07,481.62777580228027,5760.0,1.0,,244,,,,,,,,
6.778744693998306,0.005889444182685111,0.0584716796875,0.0,0.0,0.0083625,4.0,0.38749999999999996,0.0014036964009089086,0.16491579823195934,0.0027824183828973523,8.83506617791833e-07,5.960887736004376e-07,296564.853,1.0,295789.5605585937,9.554170288443626e-07,414.60915438903737,5760.0,1.0,,245,,,,,,,,
7.420777188999637,0.004688225441592901,0.044148763020833336,0.0,0.0,0.008315000000000001,4.0,0.385,0.0025615248596295714,0.1670299250011643,0.003950042669506122,5.877549528558271e-07,5.541500443702793e-07,296768.698,1.0,295840.70498828124,9.554170288443626e-07,469.6919193281239,5760.0,1.0,,246,,,,,,,,
7.134567478999088,0.0049263743130723014,0.0478515625,0.0,0.0,0.0082675,4.0,0.38249999999999995,0.0011147124168928713,0.17815360923608145,0.002587133591684202,8.251876231213373e-07,7.624899538427599e-07,296717.04075000004,1.0,295749.93362890626,9.554170288443626e-07,842.9402355143014,5760.0,1.0,,247,,,,,,,,
6.975557740999648,0.004245603631716222,0.0394287109375,0.0,0.0,0.008220000000000002,4.0,0.38,0.00011040560396698614,0.17310162913054228,0.001532925428667416,8.97062930012756e-07,5.715905082581685e-07,296742.44625000004,1.0,296085.82046484377,9.554170288443626e-07,480.57568251961413,5760.0,1.0,,248,,,,,,,,
7.588385185001243,0.006877303429064341,0.057047526041666664,0.0,0.0,0.0081725,4.0,0.37749999999999995,0.001685735927215622,0.17801857056717077,0.003140232312337806,8.096006715400487e-07,5.591111798726919e-07,296745.826,1.0,295887.20476171875,9.554170288443626e-07,568.1841253874325,5760.0,1.0,,249,,,,,,,,
7.482706093000161,0.0030011927265150007,0.032389322916666664,0.0,0.0,0.008125,4.0,0.375,-0.005322149202887279,0.1691421034435431,-0.003950229748928298,1.5320934886394372e-05,1.6562056419644478e-06,296577.09475,1.0,295920.78875781246,9.554170288443626e-07,628.6400484075525,5760.0,1.0,,250,,,,,,,,
7.686650144998566,0.006392415028434091,0.05126953125,0.0,0.0,0.008077500000000001,4.0,0.37250000000000005,0.001977093294650937,0.16539796038220325,0.0033118674570384123,4.918871994163965e-06,1.4726040108807108e-06,296586.69550000003,1.0,295719.1704492188,9.554170288443626e-07,879.0101099943132,5760.0,1.0,,251,,,,,,,,
7.689648469000531,0.005929307220261156,0.056681315104166664,0.0,0.0,0.00803,4.0,0.37,-0.0016705899106455036,0.1589488391764462,-0.000395190785638988,2.2823872522318802e-06,1.4622994347253855e-06,296671.31875000003,1.0,295510.6083320312,9.554170288443626e-07,1369.9943168697012,5760.0,1.0,,252,,,,,,,,
7.578919029001554,0.004310306573946339,0.040608723958333336,0.0,0.0,0.007982500000000002,4.0,0.36750000000000005,0.0003347307332054091,0.1619788749764363,0.0016273483779514208,7.0873596177042e-07,6.161418995750031e-07,296640.67725000007,1.0,295692.01671875,9.554170288443626e-07,734.04435318483,5760.0,1.0,,253,,,,,,,,
7.624396846000309,0.0052955963437852915,0.042724609375,0.0,0.0,0.007935000000000001,4.0,0.365,0.00044162600534036756,0.16235452517867088,0.0017296099103987217,6.205686323331369e-07,4.7458530083588357e-07,296662.49549999996,1.0,296022.0172265625,9.554170288443626e-07,406.08733295564554,5760.0,1.0,,254,,,,,,,,
7.330902326997602,0.004658751267318924,0.050455729166666664,0.0,0.0,0.007887500000000002,4.0,0.36250000000000004,-0.003974960830722314,0.16742610714087883,-0.0026548331564602754,9.027060254851449e-07,7.105060255696571e-07,296879.1805,1.0,295868.96466796874,9.554170288443626e-07,789.87213646517,5760.0,1.0,,255,,,,,,,,
7.279229973999463,0.005006729258942262,0.044962565104166664,0.0,0.0,0.00784,4.0,0.36,0.001135957142347858,0.17070535787691674,0.0024733658453139165,3.542271292881575e-06,1.1333759459830617e-06,296611.17225,1.0,295946.2512226562,9.554170288443626e-07,582.7848519560899,5760.0,1.0,,256,,,,,,,,
7.407398831001046,0.005830481139128096,0.0484619140625,0.0,0.0,0.007792500000000001,4.0,0.35750000000000004,-0.00018807754774267474,0.17066047682116428,0.0011337396960395079,5.899173170931249e-05,4.311097027217177e-06,296748.93249999994,1.0,295819.7021171875,9.554170288443626e-07,638.7734952249851,5760.0,1.0,,257,,,,,,,,
7.305598274000658,0.004606389979016967,0.052327473958333336,0.0,0.0,0.007745,4.0,0.355,-0.002964996286512663,0.17317196602622667,-0.0016612715553492308,0.0003143325837224135,1.211788542931913e-05,296895.03525,1.0,296094.27326953126,9.554170288443626e-07,516.209067200672,5760.0,1.0,,258,,,,,,,,
7.305182883999805,0.003348436924473693,0.031209309895833332,0.0,0.0,0.007697500000000001,4.0,0.35250000000000004,-0.003787248599110171,0.17371508882691464,-0.002469181209259356,9.650620972934121e-05,1.8907174326917204e-05,296828.88074999995,1.0,296232.47456249996,9.554170288443626e-07,487.6928968767457,5760.0,1.0,,259,,,,,,,,
7.286186705001455,0.007473265553320137,0.054850260416666664,0.0,0.0,0.0076500000000000005,4.0,0.35,-0.0027228700564592145,0.17127386791010699,-0.0014197651083425928,2.5613535901432744e-05,9.1574530121837e-06,296643.06724999996,1.0,295900.5137148437,9.554170288443626e-07,578.4979082608136,5760.0,1.0,,260,296995.84874999995,296482.80075,296500.97300000006,70000042,295513.25214999996,best_of_k,296482.80075,809.5732345941793
7.3197472899992135,0.0046375147843112545,0.046305338541666664,0.0,0.0,0.007602500000000002,4.0,0.34750000000000003,0.0009144216431498838,0.1839013338709871,0.002311621850822121,3.161174213062168e-06,1.188118523269092e-06,296551.97475,1.0,295352.19239062496,9.554170288443626e-07,678.6413665283189,5760.0,1.0,,261,,,,,,,,
7.1467588569976215,0.006329700076700344,0.054158528645833336,0.0,0.0,0.007555000000000001,4.0,0.345,-0.0035497682911227457,0.17722078412771225,-0.002211411949247122,1.0104837097439183e-06,8.908388255216929e-07,296641.9275,1.0,295594.13553125,9.554170288443626e-07,505.6583805523268,5760.0,1.0,,262,,,,,,,,
6.7897382880000805,0.006477519704882677,0.043741861979166664,0.0,0.0,0.007507500000000002,4.0,0.3425,0.0019776626407595663,0.18442670162767172,0.003361755982041359,8.687194181788982e-07,8.061510143875239e-07,296498.77225,1.0,295535.5260273437,9.554170288443626e-07,749.3924338617553,5760.0,1.0,,263,,,,,,,,
6.833802925000782,0.005030710895274145,0.04638671875,0.0,0.0,0.00746,4.0,0.33999999999999997,0.0007406805574040239,0.17990442148099342,0.002082277031149715,7.709308616673146e-07,8.267038893450263e-07,296723.2185000001,1.0,295513.9141796875,9.554170288443626e-07,817.0961072215492,5760.0,1.0,,264,,,,,,,,
6.844835005002096,0.005000171389838215,0.053385416666666664,0.0,0.0,0.007412500000000001,4.0,0.3375,-0.0007394914949448624,0.1752678519114852,0.0005591937806457281,8.070362760292937e-07,8.139028674728858e-07,296756.31875,1.0,295512.28042187495,9.554170288443626e-07,743.1153029588016,5760.0,1.0,,265,,,,,,,,
6.8255227459994785,0.006100948160262003,0.051920572916666664,0.0,0.0,0.007365,4.0,0.33499999999999996,-0.00023972637912568948,0.18017895116160312,0.001086087916822483,1.9946428769420286e-06,2.009390549062573e-06,296811.31375,1.0,295458.37819531246,9.554170288443626e-07,623.792488693865,5760.0,1.0,,266,,,,,,,,
6.864439267999842,0.005524576188084514,0.05078125,0.0,0.0,0.007317500000000001,4.0,0.3325,-0.004188459817669354,0.17795927729457617,-0.0028868712640057006,1.0464828813875708e-06,1.0478358850226261e-06,296739.5845,1.0,295388.2270859375,9.554170288443626e-07,602.4968228434007,5760.0,1.0,,267,,,,,,,,
6.893432672000927,0.004930158388257648,0.050008138020833336,0.0,0.0,0.00727,4.0,0.32999999999999996,0.000290936091914773,0.1814700641358892,0.0016093239731465776,1.662445817155837e-06,1.4669217325291584e-06,296786.107,1.0,295666.4602617187,9.554170288443626e-07,572.6222710848255,5760.0,1.0,,268,,,,,,,,
6.771175139998377,0.004734868884649283,0.052937825520833336,0.0,0.0,0.0072225000000000015,4.0,0.3275,-0.0020195529723423533,0.18244843681653342,-0.0007028553906517724,3.0904743510973276e-06,1.453630031752103e-06,296956.746,1.0,295608.86421875,9.554170288443626e-07,558.3321049210516,5760.0,1.0,,269,,,,,,,,
6.711189614998148,0.008174496705275184,0.06697591145833333,0.0,0.0,0.007174999999999999,4.0,0.32499999999999996,0.002618183003505692,0.1851681104550759,0.003946381155401468,8.494616956511436e-07,5.964341909248105e-07,296900.26575,1.0,295731.9184960937,9.554170288443626e-07,660.7839731391244,5760.0,1.0,,270,,,,,,,,
6.717436732000351,0.004009032044753742,0.042073567708333336,0.0,0.0,0.0071275,4.0,0.3225,0.002083431725623086,0.18614611277977625,0.003409849926053236,6.505601639616998e-07,5.468901219292851e-07,296804.76424999995,1.0,295631.9404179688,9.554170288443626e-07,613.3301555027352,5760.0,1.0,,271,,,,,,,,
6.690426991001004,0.0051569494874759885,0.052327473958333336,0.0,0.0,0.0070799999999999995,4.0,0.31999999999999995,-0.004748235526979745,0.18742408168812594,-0.0034215714840684086,4.770452465644818e-07,5.025453440055117e-07,296921.26475,1.0,295643.05539062497,9.554170288443626e-07,535.1512830636644,5760.0,1.0,,272,,,,,,,,
7.019094308998319,0.0066656912167673,0.06306966145833333,0.0,0.0,0.0070325000000000006,4.0,0.3175,-0.005169483554103256,0.19399655455102524,-0.003805523917738659,4.966490193917631e-07,5.431790513673226e-07,297032.68324999994,1.0,295644.60957421875,9.554170288443626e-07,653.2860201174567,5760.0,1.0,,273,,,,,,,,
6.759122572999331,0.003984517471205133,0.043863932291666664,0.0,0.0,0.006985,4.0,0.31499999999999995,4.30839366648191e-05,0.1945128890996178,0.0014014682383276522,4.602692940854543e-07,4.844191951273539e-07,296822.05775,1.0,295644.21542968747,9.554170288443626e-07,532.0117486414622,5760.0,1.0,,274,,,,,,,,
6.622597026998847,0.005889956376146681,0.055826822916666664,0.0,0.0,0.006937500000000001,4.0,0.3125,-0.0012900699439342134,0.19376658679296574,5.39180861475567e-05,4.186042552589697e-07,4.5153264357130257e-07,296818.06875000003,1.0,295826.6480429687,9.554170288443626e-07,530.0311792437418,5760.0,1.0,,275,,,,,,,,
6.625018269998691,0.005198086216599525,0.0526123046875,0.0,0.0,0.006890000000000002,4.0,0.31000000000000005,-0.0003215247901001324,0.1970096860701839,0.001035585650242865,4.806897694701698e-07,4.7646933509781775e-07,296791.59825,1.0,295940.9195351563,9.554170288443626e-07,620.9693025506095,5760.0,1.0,,276,,,,,,,,
6.764393008001207,0.004127969664599125,0.043497721354166664,0.0,0.0,0.006842500000000001,4.0,0.3075,-0.0027994324276126767,0.19014135220398506,-0.0014986894190466653,5.159696450836767e-07,4.951921012500785e-07,296824.99075,1.0,295851.964609375,9.554170288443626e-07,588.6498961363664,5760.0,1.0,,277,,,,,,,,
6.709821527998429,0.00566645077681945,0.048543294270833336,0.0,0.0,0.006795000000000002,4.0,0.30500000000000005,-0.0013666967667328815,0.18575069215148687,-0.0001047749537974596,4.523677480013551e-07,4.172203566336445e-07,296920.7085,1.0,296018.561265625,9.554170288443626e-07,653.1720073361311,5760.0,1.0,,278,,,,,,,,
6.6233439080024255,0.0036349508372950368,0.035115559895833336,0.0,0.0,0.0067475,4.0,0.3025,-0.0026230124130961485,0.18300637820114693,-0.0013883751914060365,3.295002718080771e-07,3.310310088266988e-07,296873.723,1.0,296137.754640625,9.554170288443626e-07,487.8330770165674,5760.0,1.0,,279,,,,,,,,
6.7861769659975835,0.0031188791059927703,0.037272135416666664,0.0,0.0,0.006700000000000001,4.0,0.30000000000000004,0.0019492560434931268,0.19011407562841973,0.0032227635383605957,4.1888401192125e-07,4.292869325202749e-07,296886.31824999995,1.0,296027.8782109375,9.554170288443626e-07,611.2090644968664,5760.0,1.0,,280,297032.68324999994,296907.70725000004,296044.8795,70000042,296196.56691666663,best_of_k,296907.70725000004,563.4952898062451
7.094475919002434,0.0028215443029087814,0.031168619791666668,0.0,0.0,0.0066525,4.0,0.2975,-0.003754422718581433,0.18687473920484385,-0.0025115210349516324,6.429253135801597e-07,4.3687816505174243e-07,296808.00375,1.0,296102.8575820312,9.554170288443626e-07,571.0996973569296,5760.0,1.0,,281,,,,,,,,
6.875677294003253,0.003137355888611637,0.033243815104166664,0.0,0.0,0.0066050000000000015,4.0,0.29500000000000004,-0.0025934190562111326,0.1864384055758516,-0.0013622587818341951,9.066533828890518e-07,3.49137055266624e-07,296826.59075,1.0,296133.14898828126,9.554170288443626e-07,454.6614576377414,5760.0,1.0,,282,,,,,,,,
7.000783535997471,0.004898833515956842,0.052775065104166664,0.0,0.0,0.006557500000000001,4.0,0.2925,-0.0043299300693130744,0.17480312877645096,-0.003183913000005608,7.089127530927423e-07,3.6771958337548466e-07,296898.27525,1.0,296152.09018359374,9.554170288443626e-07,486.702286546434,5760.0,1.0,,283,,,,,,,,
6.891972577002889,0.004235599243353742,0.042887369791666664,0.0,0.0,0.006510000000000002,4.0,0.29000000000000004,-0.0023818347011304772,0.17189022153615952,-0.0012630506535060704,4.906110498599977e-07,3.445529213053078e-07,297004.3115,1.0,296105.6812773437,9.554170288443626e-07,611.6810241214522,5760.0,1.0,,284,,,,,,,,
6.848096729001554,0.003604741403250955,0.037760416666666664,0.0,0.0,0.0064624999999999995,4.0,0.2875,-0.002292128158539223,0.16424885299056768,-0.001230874195850144,3.456108584506031e-07,3.388865070045692e-07,296827.30025000003,1.0,296128.11640624993,9.554170288443626e-07,458.54620594751776,5760.0,1.0,,285,,,,,,,,
6.822566905000713,0.004136389103223337,0.045817057291666664,0.0,0.0,0.0064150000000000006,4.0,0.28500000000000003,-0.003807802265024899,0.1663756389170885,-0.0027407505937541523,4.1818308578929947e-07,4.1273945328157424e-07,297043.53674999997,1.0,296047.01545312494,9.554170288443626e-07,652.1139622083219,5760.0,1.0,,286,,,,,,,,
6.929775096999947,0.004882218612086338,0.054280598958333336,0.0,0.0,0.0063675,4.0,0.2825,-0.0038595009076137408,0.16566471631328264,-0.0028049994725733995,1.4763960128523952e-06,4.423439066888098e-07,296962.66024999996,1.0,296118.5915703125,9.554170288443626e-07,595.3789419803035,5760.0,1.0,,287,,,,,,,,
7.1218402449994755,0.004738109425185637,0.0484619140625,0.0,0.0,0.006320000000000001,4.0,0.28,-0.0019270817962630342,0.16704536943385997,-0.0008715720905456692,3.6259880638785563e-07,3.6087241817028826e-07,296921.91875,1.0,296145.8786171875,9.554170288443626e-07,521.8342748250093,5760.0,1.0,,288,,,,,,,,
7.26852404300007,0.0027083091117674485,0.029134114583333332,0.0,0.0,0.0062725,4.0,0.27749999999999997,-0.0016691748169250786,0.15952260962997875,-0.0006719510129187256,7.076929864050878e-06,5.348347083729739e-06,297007.09925,1.0,296217.640390625,9.554170288443626e-07,549.6056057097198,5760.0,1.0,,289,,,,,,,,
7.056573992002086,0.004067113251949195,0.039794921875,0.0,0.0,0.006225000000000001,4.0,0.275,-0.00035473430762067437,0.15787429455667734,0.0006159537782271703,1.634185746723915e-05,2.0890527629546796e-05,296854.11025,1.0,296156.62612499995,9.554170288443626e-07,1070.7856388745788,5760.0,1.0,,290,,,,,,,,
6.966398682001454,0.004144537935644621,0.041463216145833336,0.0,0.0,0.006177500000000001,4.0,0.27249999999999996,-0.003048234599797676,0.16318946238607168,-0.0020410583238117397,1.8456202065901077e-06,1.484295372241225e-06,297017.87025,1.0,296266.7283007812,9.554170288443626e-07,915.6244599698914,5760.0,1.0,,291,,,,,,,,
7.0564591600013955,0.0031942820472371145,0.027994791666666668,0.0,0.0,0.006130000000000002,4.0,0.27,0.0014467025102931075,0.17167552715788284,0.0024987422802951187,1.1923514282585757e-06,4.239579531883919e-07,296998.91075,1.0,296285.7423515625,9.554170288443626e-07,452.6407244759257,5760.0,1.0,,292,,,,,,,,
7.069875737000984,0.003119231188975391,0.033040364583333336,0.0,0.0,0.006082499999999999,4.0,0.26749999999999996,-0.0059568541958772885,0.16488557836661735,-0.004954278507890801,1.6981625421408353e-06,3.4282911383816855e-07,296996.141,1.0,296253.9168632813,9.554170288443626e-07,485.19421724924376,5760.0,1.0,,293,,,,,,,,
7.07015605199922,0.0029224146996966738,0.034220377604166664,0.0,0.0,0.006035,4.0,0.265,-0.0007163038850800755,0.16624772269278765,0.0002803235159566005,5.6944444339753396e-05,1.967817826908913e-06,296886.22224999993,1.0,295898.89215624996,9.554170288443626e-07,1326.3095855725767,5760.0,1.0,,294,,,,,,,,
7.084662445002323,0.004007868774351664,0.050008138020833336,0.0,0.0,0.0059875,4.0,0.26249999999999996,-0.0023102832419681363,0.17462673193464676,-0.0012759079788035403,0.00010385154813737547,1.6339764385975286e-06,296855.349,1.0,295760.8766757812,9.554170288443626e-07,1604.2126651401395,5760.0,1.0,,295,,,,,,,,
7.036109785000008,0.004971729350775907,0.044352213541666664,0.0,0.0,0.005940000000000001,4.0,0.26,-0.00028168573044240475,0.17518050440897545,0.000757297792006284,1.3202627778004702e-05,5.36457150701608e-07,296997.00324999995,1.0,296115.48515234375,9.554170288443626e-07,526.8941587781275,5760.0,1.0,,296,,,,,,,,
7.018510764999519,0.0048455480694732005,0.045939127604166664,0.0,0.0,0.0058925,4.0,0.25749999999999995,0.00023921264801174402,0.18122285169859728,0.001305986331620564,5.0490704760856415e-06,1.1539674105165432e-06,296863.739,1.0,295985.437546875,9.554170288443626e-07,1197.821959213148,5760.0,1.0,,297,,,,,,,,
7.10260488700078,0.0054661206862268346,0.047770182291666664,0.0,0.0,0.005845000000000001,4.0,0.255,0.004833161748441246,0.18754159783323607,0.005928809706044073,1.2438117806823357e-06,8.17012522228803e-07,296701.0,1.0,295807.99861328123,9.554170288443626e-07,1004.7009634651893,5760.0,1.0,,298,,,,,,,,
7.406867931000306,0.0037649932673957665,0.037150065104166664,0.0,0.0,0.005797500000000001,4.0,0.25249999999999995,0.002029024724227687,0.18170749489217997,0.0030820967513136566,8.04311994784257e-07,5.932953192437177e-07,296761.09425,1.0,295886.0077148437,9.554170288443626e-07,600.1209619100949,5760.0,1.0,,299,,,,,,,,
7.272332680997351,0.0037884146028469936,0.02978515625,0.0,0.0,0.005750000000000002,4.0,0.25,-0.007045409894393136,0.18525535116593042,-0.005980932376890753,1.913805370179489e-06,1.099200410692447e-06,296872.78525,1.0,295924.79591796873,9.554170288443626e-07,1099.0929428785996,5760.0,1.0,,300,297043.53674999997,296659.42075000005,295991.8845,70000042,295961.596125,best_of_k,296659.42075000005,533.4933685845358
7.325763315999211,0.004339770879596472,0.039632161458333336,0.0,0.0,0.005702500000000001,4.0,0.24750000000000005,-0.0057788456324487925,0.18654863815754652,-0.004715421295259148,7.699786183460825e-07,5.834543337357445e-07,296615.1405,1.0,295957.1010039062,9.554170288443626e-07,590.9909848713771,5760.0,1.0,,301,,,,,,,,
7.278484508002293,0.002874240233116628,0.026285807291666668,0.0,0.0,0.005655,4.0,0.245,-0.0033274982609630874,0.18819883155326048,-0.0022636588740472994,8.185645548053344e-07,6.861173377596211e-07,296723.83574999997,1.0,295710.84085546876,9.554170288443626e-07,622.8971179763018,5760.0,1.0,,302,,,,,,,,
7.3541283720005595,0.004351042457225655,0.0406494140625,0.0,0.0,0.005607500000000001,4.0,0.24250000000000005,0.00013309198645098755,0.1793015180155635,0.0011381888956141968,5.493155263991412e-07,5.631536114473571e-07,296584.84875,1.0,295746.48000390624,9.554170288443626e-07,533.8789065958055,5760.0,1.0,,303,,,,,,,,
7.276248114998452,0.0036647711409993158,0.034464518229166664,0.0,0.0,0.005560000000000001,4.0,0.24,-0.002240153346065199,0.17541333101689816,-0.001265158682751159,4.6224497296520894e-07,5.150510832644765e-07,296543.58225,1.0,295866.57621875,9.554170288443626e-07,439.7969949982587,5760.0,1.0,,304,,,,,,,,
7.169463448000897,0.0029623620090812133,0.030354817708333332,0.0,0.0,0.005512500000000002,4.0,0.23750000000000004,-0.004089278959630367,0.17359569886078438,-0.0031326356305119893,5.469310160322038e-07,4.963159489316619e-07,296817.35375,1.0,295748.33883203124,9.554170288443626e-07,635.2878056250942,5760.0,1.0,,305,,,,,,,,
7.367633128000307,0.0029354027768325372,0.0301513671875,0.0,0.0,0.005465000000000001,4.0,0.235,0.0006664654841491332,0.16819133857885996,0.001585382492824768,4.314647098861239e-07,4.103236227829636e-07,296768.58900000004,1.0,296051.4558710937,9.554170288443626e-07,463.146704011914,5760.0,1.0,,306,,,,,,,,
7.515051155001856,0.00559410313871922,0.0482177734375,0.0,0.0,0.005417500000000002,4.0,0.23250000000000004,-0.00414932275210352,0.17361828094969192,-0.0032091657437073686,8.709840588020749e-07,6.659102336215028e-07,296913.4685,1.0,296103.045140625,9.554170288443626e-07,972.0989006373027,5760.0,1.0,,307,,,,,,,,
7.048230776003038,0.005154720742818124,0.0472412109375,0.0,0.0,0.00537,4.0,0.22999999999999998,-1.2982423262049755e-05,0.169083831521372,0.0008942895219661295,4.838466590939561e-06,4.491410440602787e-07,296799.35375,1.0,296028.48254687496,9.554170288443626e-07,528.0185186252503,5760.0,1.0,,308,,,,,,,,
7.113391478000267,0.004716466234337228,0.050699869791666664,0.0,0.0,0.005322500000000001,4.0,0.22750000000000004,-0.004042206339363474,0.1645632783571879,-0.0031667807682727775,2.9836198033687347e-06,3.285565005247311e-07,296752.54349999997,1.0,296109.81849609374,9.554170288443626e-07,470.2810664833951,5760.0,1.0,,309,,,,,,,,
7.255614203000732,0.0020915048335155006,0.019327799479166668,0.0,0.0,0.005275,4.0,0.22499999999999998,0.003854884361013925,0.16138951138903698,0.004704466341839482,5.4470658306845126e-06,2.4064836120866553e-06,296812.33674999996,1.0,296285.8453710937,9.554170288443626e-07,436.0031736745716,5760.0,1.0,,310,,,,,,,,
7.229196091000631,0.00267143500726282,0.0245361328125,0.0,0.0,0.005227500000000001,4.0,0.22250000000000003,-0.0007096016864428142,0.162358065135777,0.00013495381184232733,2.1574195329776558e-05,4.0270424766693696e-06,296844.38325,1.0,296227.27069921873,9.554170288443626e-07,928.7559455036006,5760.0,1.0,,311,,,,,,,,
6.929509517998667,0.0033416274624566236,0.028605143229166668,0.0,0.0,0.005180000000000001,4.0,0.21999999999999997,0.00035391673251676065,0.15955349306265512,0.0011787792124475043,1.205724237015223e-05,8.374768256658172e-07,296780.698,1.0,296121.50486718747,9.554170288443626e-07,525.6403720105775,5760.0,1.0,,312,,,,,,,,
6.782445896998979,0.01255282796127075,0.0671657986111111,0.0,1.0,0.005132500000000002,3.0,0.21750000000000003,-0.00688158468175162,0.1660111625161436,-0.006030817050486803,3.387706417217689e-06,1.8920601847740827e-06,296865.89225000003,1.0,295827.20240234374,9.554170288443626e-07,1900.7712249743117,5760.0,1.0,,313,,,,,,,,
7.262172410999483,0.001597487716935575,0.016316731770833332,0.0,0.0,0.005085000000000001,4.0,0.21499999999999997,-0.000882934137431827,0.16569148655980825,-4.1297636926174164e-05,4.162510367204201e-06,9.765727373434174e-07,296769.3035,1.0,296021.90114843746,9.554170288443626e-07,500.81452050208117,5760.0,1.0,,314,,,,,,,,
7.1285381429988774,0.004999567948289041,0.04345703125,0.0,0.0,0.005037500000000002,4.0,0.21250000000000002,0.0017767500030458905,0.17388574654857317,0.002651370654348284,5.172305407086242e-06,1.62261104108552e-06,296699.47500000003,1.0,296020.13564062497,9.554170288443626e-07,945.7500530374134,5760.0,1.0,,315,,,,,,,,
7.006741937002516,0.004012065658268209,0.0360107421875,0.0,0.0,0.00499,4.0,0.20999999999999996,-0.0018309280106526178,0.1740758946786324,-0.000962768952983121,1.8989839407623776e-06,5.792303738871851e-07,296807.62724999996,1.0,296096.98443359375,9.554170288443626e-07,589.3154706873354,5760.0,1.0,,316,,,,,,,,
7.236141748999216,0.0029705079505220056,0.033610026041666664,0.0,0.0,0.004942500000000001,4.0,0.20750000000000002,0.0013267968643049244,0.17022871567557255,0.002167825102029989,4.6389779129185627e-07,5.619078079869647e-07,296649.416,1.0,295964.40030859376,9.554170288443626e-07,519.1054372648213,5760.0,1.0,,317,,,,,,,,
7.058424273000128,0.0037318489000123614,0.042561848958333336,0.0,0.0,0.004895,4.0,0.20499999999999996,-0.005450421153606537,0.16854301746934652,-0.004625661434450497,4.149014192951957e-07,4.333730908948989e-07,296856.453,1.0,296099.29352343746,9.554170288443626e-07,562.7068618252997,5760.0,1.0,,318,,,,,,,,
6.9162650580001355,0.0035644351082737558,0.033976236979166664,0.0,0.0,0.004847500000000001,4.0,0.2025,0.003944813261720507,0.17956380235652128,0.0048147398241174715,9.024484448616477e-07,8.37702489301743e-07,296935.03624999995,1.0,296069.72336718754,9.554170288443626e-07,1057.9671949300007,5760.0,1.0,,319,,,,,,,,
7.152709500998753,0.004381896500187092,0.030598958333333332,0.0,0.0,0.0048000000000000004,4.0,0.19999999999999996,-0.0016698003067479779,0.17615730501711369,-0.0008246931150400391,1.166552255090399e-06,6.627648012624832e-07,296956.50950000004,1.0,296038.58175,9.554170288443626e-07,1078.6475761728382,5760.0,1.0,,320,297043.53674999997,296661.44325,296612.4605,70000042,295845.61861666664,best_of_k,296661.44325,1339.5306671922087
6.959720896000363,0.004779042399604805,0.046305338541666664,0.0,0.0,0.0047525000000000015,4.0,0.1975,-0.006376126703495781,0.17614034470170736,-0.005539613513974473,9.68722107567525e-07,9.940665262793875e-07,296921.37775,1.0,296086.33126171876,9.554170288443626e-07,1284.256762372236,5760.0,1.0,,321,,,,,,,,
7.046596926000348,0.0035103918586780005,0.030192057291666668,0.0,0.0,0.004704999999999999,4.0,0.19499999999999995,-0.0024911298569350038,0.17067260791858038,-0.0016883390004901837,3.807506857948321e-07,3.716994498859094e-07,296656.55574999994,1.0,296155.69266015623,9.554170288443626e-07,412.1168624323816,5760.0,1.0,,322,,,,,,,,
7.107701869997982,0.0021738109401970482,0.020548502604166668,0.0,0.0,0.0046575,4.0,0.1925,0.0009619783462161043,0.16977901011705399,0.0017525616761607428,2.392244879227216e-07,2.7727206397543114e-07,296748.365,1.0,296206.2334492187,9.554170288443626e-07,398.93918956792606,5760.0,1.0,,323,,,,,,,,
6.972721851001552,0.003649914375273511,0.036051432291666664,0.0,0.0,0.0046099999999999995,4.0,0.18999999999999995,-0.0017911183555649284,0.17558163094023863,-0.0009818434773478657,2.1978817255075e-07,2.6857932766688464e-07,296774.075,1.0,296186.2241640624,9.554170288443626e-07,472.4399661070767,5760.0,1.0,,324,,,,,,,,
7.003780047001783,0.0038926618823704,0.033243815104166664,0.0,0.0,0.004562500000000001,4.0,0.1875,-0.002029816479383347,0.16900837669769922,-0.0012589348092054327,3.175168690935e-07,3.742813608672198e-07,296708.2425,1.0,296044.49709765625,9.554170288443626e-07,565.1010238802336,5760.0,1.0,,325,,,,,,,,
7.009722950999276,0.0041482839139158996,0.040812174479166664,0.0,0.0,0.004515000000000002,4.0,0.18500000000000005,-0.0041116610627796035,0.16447194603582224,-0.003369302488863468,3.7974823641206967e-07,3.8909018584831756e-07,296783.05049999995,1.0,296144.92937499995,9.554170288443626e-07,501.5562198743636,5760.0,1.0,,326,,,,,,,,
6.858465052999236,0.004172996545094065,0.041910807291666664,0.0,0.0,0.004467500000000001,4.0,0.1825,-0.002949471846780701,0.16460302068541446,-0.0022143826160269478,4.870427080897836e-07,4.515970282170656e-07,296802.49125,1.0,296176.9471601562,9.554170288443626e-07,455.3663367229408,5760.0,1.0,,327,,,,,,,,
6.736048296002991,0.007225480204700337,0.042683919270833336,0.0,0.0,0.004420000000000002,4.0,0.18000000000000005,-0.0006848831217212137,0.1661821479598681,4.920675807322065e-05,7.306782544939475e-07,7.249352040143245e-07,296762.48449999996,1.0,295993.93200000003,9.554170288443626e-07,1000.0533772801135,5760.0,1.0,,328,,,,,,,,
6.805994275997364,0.0026865031674484876,0.0242919921875,0.0,0.0,0.004372500000000001,4.0,0.1775,0.0046871796863949084,0.15954010840505362,0.005384600216833253,2.5565676953220873e-07,2.846675242196284e-07,296810.86575,1.0,296314.0964140625,9.554170288443626e-07,412.8124720992153,5760.0,1.0,,329,,,,,,,,
6.81035427399911,0.003388018286689961,0.029134114583333332,0.0,0.0,0.0043250000000000025,4.0,0.17500000000000004,-0.004023900927374295,0.15230701925853887,-0.0033653078135102987,2.2780283318960906e-07,2.2395586807277823e-07,296828.67125,1.0,296285.66929296876,9.554170288443626e-07,434.44994677830965,5760.0,1.0,,330,,,,,,,,
7.028230528001586,0.0032608868835571534,0.029825846354166668,0.0,0.0,0.0042775,4.0,0.1725,-0.0024690906817947202,0.152225263727208,-0.0018181212168807785,2.473677736721432e-07,2.9967319825630057e-07,296991.96749999997,1.0,296306.8150976562,9.554170288443626e-07,381.9682410238622,5760.0,1.0,,331,,,,,,,,
6.980002817999775,0.0033227662788704038,0.023274739583333332,0.0,0.0,0.004230000000000001,4.0,0.17000000000000004,-0.003208359516672014,0.1521525870387753,-0.002565077777641515,4.840904968735534e-07,5.509767391960926e-07,296736.93925,1.0,295864.8465742187,9.554170288443626e-07,707.3322271453652,5760.0,1.0,,332,,,,,,,,
7.038593511999352,0.0028080538868380245,0.027913411458333332,0.0,0.0,0.004182500000000002,4.0,0.16749999999999998,-5.307819810695946e-05,0.14584972647329172,0.0005567088761987785,3.4099973097075537e-07,3.911246195068922e-07,296878.48075000005,1.0,296002.85851171875,9.554170288443626e-07,598.7349502973759,5760.0,1.0,,333,,,,,,,,
6.922249931001716,0.002285532444754305,0.0234375,0.0,0.0,0.004135,4.0,0.16500000000000004,0.005903010459708942,0.14519346474359432,0.006503197393612936,2.8065875549524816e-07,3.200411817042929e-07,296853.56875,1.0,296025.47734374995,9.554170288443626e-07,511.1938042290527,5760.0,1.0,,334,,,,,,,,
7.197999662999791,0.0019971857109339908,0.023681640625,0.0,0.0,0.004087500000000001,4.0,0.16249999999999998,-0.0042103881714865565,0.14263722269485393,-0.0036275451614831886,2.7912263552328415e-07,3.16714117746623e-07,296733.49525,1.0,296224.18952343747,9.554170288443626e-07,405.0964425364852,5760.0,1.0,,335,,,,,,,,
6.963010538001981,0.0030282662992249243,0.0281982421875,0.0,0.0,0.004040000000000002,4.0,0.16000000000000003,-0.006462058783654356,0.1370585037705799,-0.0059085213191186385,2.7363019376262326e-07,3.0330380222191405e-07,296874.9727500001,1.0,296358.18328906246,9.554170288443626e-07,368.5507883015008,5760.0,1.0,,336,,,,,,,,
6.950763510001707,0.0030214305273451223,0.031941731770833336,0.0,0.0,0.0039924999999999995,4.0,0.15749999999999997,0.006709499331918778,0.13093159502993026,0.007230855330514411,2.538479715319397e-06,2.268486193261291e-06,296824.79075,1.0,296322.66034375,9.554170288443626e-07,415.19430405113246,5760.0,1.0,,337,,,,,,,,
6.98163391900016,0.0020234358768599727,0.017130533854166668,0.0,0.0,0.003945000000000001,4.0,0.15500000000000003,-0.0017725748475641012,0.13117821173121533,-0.0012558563030324876,5.410261461354556e-06,4.777215085738362e-07,297089.48325,1.0,296336.4478554687,9.554170288443626e-07,387.9576336967752,5760.0,1.0,,338,,,,,,,,
6.950187219001236,0.002329573454820396,0.019694010416666668,0.0,0.0,0.0038975000000000017,4.0,0.15249999999999997,-0.0006016362264441947,0.12488712991277377,-0.00011526160718252261,6.655466589696365e-07,6.137151148758827e-07,296924.52074999997,1.0,296308.72323046875,9.554170288443626e-07,913.5519004184172,5760.0,1.0,,339,,,,,,,,
6.984490725000796,0.0033184990073399,0.0299072265625,0.0,0.0,0.0038500000000000027,4.0,0.15000000000000002,0.0010322985084106524,0.12463516804079215,0.0015119094265780102,3.284745542231349e-07,4.037758329171008e-07,296977.92449999996,1.0,296237.01954687503,9.554170288443626e-07,577.4101765785024,5760.0,1.0,,340,297089.48325,296789.73250000004,296554.79075000004,70000042,296186.98565,best_of_k,296789.73250000004,687.962799916152
6.953052681001282,0.0027604569113464095,0.027913411458333332,0.0,0.0,0.0038025000000000003,4.0,0.14749999999999996,-0.0013824306127692882,0.1237367686505119,-0.0009121451488075157,3.077339100580427e-07,3.860347218183809e-07,296909.2265,1.0,296187.25509374996,9.554170288443626e-07,598.867283588544,5760.0,1.0,,341,,,,,,,,
6.916054560999328,0.0027780621458077803,0.032877604166666664,0.0,0.0,0.0037550000000000014,4.0,0.14500000000000002,-0.002877093155499703,0.11986804334446788,-0.0024272064523150525,4.161500785452669e-07,3.53394521942126e-07,296878.757,1.0,296360.60038281244,9.554170288443626e-07,453.5649905598329,5760.0,1.0,,342,,,,,,,,
7.069557810002152,0.0026887803639207655,0.026570638020833332,0.0,0.0,0.003707499999999999,4.0,0.14249999999999996,0.0024663060218396518,0.11912250705063343,0.002907812964015951,2.254923009796054e-07,2.350275950154431e-07,296768.83150000003,1.0,296449.0222382812,9.554170288443626e-07,271.95851301755783,5760.0,1.0,,343,,,,,,,,
6.962993362998532,0.002641258884978015,0.024820963541666668,0.0,0.0,0.00366,4.0,0.14,-0.002053293996141292,0.12382258335128427,-0.0016002704699834187,2.1667281361696192e-07,2.9115905005501946e-07,296802.18049999996,1.0,296336.03871875,9.554170288443626e-07,463.9195788455314,5760.0,1.0,,344,,,,,,,,
6.91120121700078,0.0026896284349883595,0.031209309895833332,0.0,0.0,0.003612500000000001,4.0,0.13749999999999996,0.0030435747733766525,0.12740699589873353,0.003503679394877205,2.173695250462515e-07,2.618804352631325e-07,297032.41124999995,1.0,296409.1025507812,9.554170288443626e-07,324.1878527813006,5760.0,1.0,,345,,,,,,,,
6.92040733900285,0.0026269649703560085,0.02587890625,0.0,0.0,0.003565000000000002,4.0,0.135,-0.0010585406234895345,0.12327397350842755,-0.0006192455863735328,2.372319001982722e-07,3.053044590473064e-07,297138.48325000005,1.0,296249.23321093747,9.554170288443626e-07,487.41916107530085,5760.0,1.0,,346,,,,,,,,
7.032200767000177,0.0019971216558284746,0.020670572916666668,0.0,0.0,0.0035175,4.0,0.13249999999999995,-0.0050252327394749345,0.1237382007141908,-0.004590107186231762,1.77027563571149e-07,2.113570601499267e-07,297018.21,1.0,296418.6238125,9.554170288443626e-07,434.34675847117455,5760.0,1.0,,347,,,,,,,,
6.958481906000088,0.002756390104574772,0.026936848958333332,0.0,0.0,0.003470000000000001,4.0,0.13,0.0004896286991424859,0.12005963580061992,0.0009060749240840474,2.3312151912572668e-07,2.742363323093855e-07,296892.97125,1.0,296399.54371484375,9.554170288443626e-07,335.9337122403261,5760.0,1.0,,348,,,,,,,,
6.9686817769979825,0.0023029447262767158,0.022705078125,0.0,0.0,0.0034224999999999985,4.0,0.12749999999999995,-0.0035879069328075275,0.12043064708511035,-0.0031761840994780264,7.299944394153121e-07,7.5634528506896e-07,296937.9065,1.0,296034.526015625,9.554170288443626e-07,981.6273530814643,5760.0,1.0,,349,,,,,,,,
6.828725080998993,0.0022387283424905036,0.026407877604166668,0.0,0.0,0.0033749999999999995,4.0,0.125,0.0008967936173576163,0.12127459219967325,0.0013055991439614445,8.008206376549273e-07,8.317383652922672e-07,296799.31649999996,1.0,296186.69728125003,9.554170288443626e-07,974.5975622716825,5760.0,1.0,,350,,,,,,,,
6.703484273999493,0.0014304068511895214,0.012980143229166666,0.0,0.0,0.0033275000000000006,4.0,0.12250000000000005,0.0022075657470850274,0.11628006305545568,0.002594328640649716,2.542192956885477e-07,2.6737178130768296e-07,296853.38049999997,1.0,296363.17141796876,9.554170288443626e-07,468.09020942452355,5760.0,1.0,,351,,,,,,,,
6.826756173999456,0.0023324574394791853,0.021484375,0.0,0.0,0.0032800000000000017,4.0,0.12,-0.005662179904296257,0.11799657655258973,-0.005275339596361543,4.490519159479807e-07,2.875780647689415e-07,296786.72449999995,1.0,296250.0517734375,9.554170288443626e-07,523.679516605801,5760.0,1.0,,352,,,,,,,,
6.811049957999785,0.003621749063313473,0.0421142578125,0.0,0.0,0.0032325000000000027,4.0,0.11750000000000005,-0.005200261022158277,0.11875845522930224,-0.004816760076209903,6.703616358313033e-07,6.379849691503144e-07,296895.12175000005,1.0,296080.79932812497,9.554170288443626e-07,1020.8968691572431,5760.0,1.0,,353,,,,,,,,
6.767426623999199,0.0027510202295767763,0.016560872395833332,0.0,0.0,0.0031850000000000003,4.0,0.11499999999999999,0.002125230360737381,0.1156488520403703,0.00249322660965845,7.369808640393197e-07,5.436615566623004e-07,296788.42049999995,1.0,296547.126078125,9.554170288443626e-07,214.1867369932582,5760.0,1.0,,354,,,,,,,,
6.733655433999957,0.0027449040062492713,0.02490234375,0.0,0.0,0.0031375000000000014,4.0,0.11250000000000004,-0.0030426270968746394,0.11159959497551124,-0.0026929316227324307,8.648194299946491e-07,7.246967606751772e-07,296902.27150000003,1.0,296149.03747656243,9.554170288443626e-07,1010.2592431680121,5760.0,1.0,,355,,,,,,,,
6.762928347001434,0.001439778341591591,0.0167236328125,0.0,0.0,0.003089999999999999,4.0,0.10999999999999999,-0.004947074463416357,0.11237530782818794,-0.00460018318456908,1.056530818684583e-06,4.85289294675321e-07,296858.7085,1.0,296382.3408125,9.554170288443626e-07,526.0293101201171,5760.0,1.0,,356,,,,,,,,
6.811959970000316,0.0018737888773709226,0.021809895833333332,0.0,0.0,0.0030425,4.0,0.10750000000000004,-0.0013089203372752916,0.11552957150464256,-0.0009575681469868869,2.4069690033693786e-07,2.4440313062257246e-07,296825.37249999994,1.0,296414.97566796874,9.554170288443626e-07,449.64536542768013,5760.0,1.0,,357,,,,,,,,
6.939520678999543,0.0015422622285162408,0.018025716145833332,0.0,0.0,0.002995000000000001,4.0,0.10499999999999998,-0.003934882224712055,0.11388592266788085,-0.0035941236031552157,5.037646187607455e-07,5.594375990606674e-07,296791.82474999997,1.0,296269.0950625,9.554170288443626e-07,1108.9219895816466,5760.0,1.0,,358,,,,,,,,
6.8809360660015955,0.0025501071286271326,0.026123046875,0.0,0.0,0.002947500000000002,4.0,0.10250000000000004,-0.0022681307564198505,0.11719385612135132,-0.0019230390413819503,5.19803304399602e-07,5.701896578595248e-07,296885.79274999996,1.0,296318.846734375,9.554170288443626e-07,1007.7349904369534,5760.0,1.0,,359,,,,,,,,
7.0396116160009115,0.0022892267146138088,0.020263671875,0.0,0.0,0.0029,4.0,0.09999999999999998,-0.005109953649177139,0.11388159248357017,-0.0047800310227709515,6.573373285689854e-07,5.35806711591628e-07,296902.42725,1.0,296261.3087109375,9.554170288443626e-07,999.1240500543198,5760.0,1.0,,360,297138.48325000005,296809.03875,296661.246,70000042,296093.70784999995,best_of_k,296809.03875,1255.4889684913107
6.847850907000975,0.002280691962369019,0.0233154296875,0.0,0.0,0.002852500000000001,4.0,0.09750000000000003,-0.00046832093115275103,0.11054390575736761,-0.00015379536974554261,5.069460717284831e-06,5.868060366509553e-07,296876.5165,1.0,296275.31080078124,9.554170288443626e-07,1073.782055112073,5760.0,1.0,,361,,,,,,,,
6.833495314000174,0.002854049792707277,0.02001953125,0.0,0.0,0.002805000000000002,4.0,0.09499999999999997,0.001834824341131025,0.11415041688208778,0.0021546971499143788,1.9011301848337325e-06,2.582736377358212e-07,297023.9625,1.0,296359.5715703125,9.554170288443626e-07,538.2856967265253,5760.0,1.0,,362,,,,,,,,
6.824762534000911,0.001981056651857216,0.018513997395833332,0.0,0.0,0.002757500000000003,4.0,0.09250000000000003,0.0011113412134970229,0.11021982505917549,0.001415048842318356,4.7056014433148147e-07,3.523412956951688e-07,296972.05925,1.0,296506.89034375,9.554170288443626e-07,434.5371018163775,5760.0,1.0,,363,,,,,,,,
6.807134826001857,0.0020372262163922037,0.02099609375,0.0,0.0,0.0027100000000000006,4.0,0.08999999999999997,-0.0009666547703091055,0.11131980844462912,-0.0006655871402472258,1.2128508751393003e-06,9.755312990004465e-07,296888.5645,1.0,296304.5584257812,9.554170288443626e-07,1024.082339060712,5760.0,1.0,,364,,,,,,,,
6.893910748000053,0.002786762132018339,0.036376953125,0.0,0.0,0.0026625000000000017,4.0,0.08750000000000002,-0.005894187372177839,0.11357333262761433,-0.005592449975665659,1.6159413126122975e-06,9.80129609473579e-07,296924.5595,1.0,296351.1206757812,9.554170288443626e-07,1305.7824705695596,5760.0,1.0,,365,,,,,,,,
7.022253873998125,0.0016479521060925133,0.019612630208333332,0.0,0.0,0.0026149999999999993,4.0,0.08499999999999996,-6.553974526468664e-05,0.11342494639878471,0.00023003028763923794,5.39119440882511e-06,9.951305148803158e-07,297028.9415,1.0,296433.7562148437,9.554170288443626e-07,887.1764704806266,5760.0,1.0,,366,,,,,,,,
7.124875622001127,0.0027486550388857722,0.027628580729166668,0.0,0.0,0.0025675000000000003,4.0,0.08250000000000002,0.0004936208303358095,0.1125158400585254,0.0007815777789801359,4.609923847690804e-06,9.316976677572105e-07,296875.9885,1.0,296363.12810937496,9.554170288443626e-07,879.2310801536016,5760.0,1.0,,367,,,,,,,,
6.878052525000385,0.002110938000744985,0.022664388020833332,0.0,0.0,0.0025200000000000014,4.0,0.07999999999999996,0.0015229863129206933,0.11171194771304727,0.00180416521228229,1.169888095731153e-06,4.3651364893075123e-07,296896.227,1.0,296381.62750390626,9.554170288443626e-07,671.6635428559639,5760.0,1.0,,368,,,,,,,,
6.762217596999108,0.0021684540285302014,0.020833333333333332,0.0,0.0,0.0024725000000000025,4.0,0.07750000000000001,-0.0033604801380230733,0.10744765556106965,-0.0030949531646911055,2.2742314342849568e-07,2.294711531902749e-07,297033.1655,1.0,296467.12072656245,9.554170288443626e-07,574.8905735713798,5760.0,1.0,,369,,,,,,,,
6.772822775001259,0.0014531858323607594,0.0174560546875,0.0,0.0,0.002425,4.0,0.07499999999999996,-0.0039622810678944615,0.10499379675214489,-0.003707816475071013,2.3129296019182752e-07,2.443104077561505e-07,297043.2147499999,1.0,296489.16125390626,9.554170288443626e-07,368.93016871608614,5760.0,1.0,,370,,,,,,,,
6.81688284700067,0.001411631785837623,0.014689127604166666,0.0,0.0,0.002377500000000001,4.0,0.07250000000000001,-0.005299224714690354,0.10160704453786214,-0.005057740878934662,1.3137741294855232e-07,1.4647976002516808e-07,297033.79075,1.0,296586.0965703125,9.554170288443626e-07,288.8645078551325,5760.0,1.0,,371,,,,,,,,
6.812295077997987,0.0020562596328090876,0.02392578125,0.0,0.0,0.0023299999999999987,4.0,0.06999999999999995,-0.002067443866205091,0.10456391982734203,-0.001823986356612295,2.68748133080976e-07,2.9959423268148083e-07,296875.4955,1.0,296227.65915234375,9.554170288443626e-07,559.2739221470041,5760.0,1.0,,372,,,,,,,,
6.928379640001367,0.0017313581726436194,0.021443684895833332,0.0,0.0,0.0022825,4.0,0.0675,-0.0049890952444305485,0.10555815914024909,-0.004748282983200625,1.8895594836957722e-07,2.1173538566898742e-07,296993.05100000004,1.0,296469.19765625,9.554170288443626e-07,360.3557125031496,5760.0,1.0,,373,,,,,,,,
6.87446126100258,0.0009745301892204831,0.007486979166666667,0.0,0.0,0.002235000000000001,4.0,0.06499999999999995,-0.001759104661080831,0.10687503668790062,-0.001520353611946727,1.7644800790842888e-07,1.9501455857569758e-07,297018.75875000004,1.0,296521.51513671875,9.554170288443626e-07,412.3790229358066,5760.0,1.0,,374,,,,,,,,
6.790559409000707,0.001168418224551715,0.011881510416666666,0.0,0.0,0.002187500000000002,4.0,0.0625,-0.005916765969838404,0.10734873016675313,-0.005682032652354489,1.4020130582418724e-07,1.552994521129373e-07,296967.37475,1.0,296553.9176875,9.554170288443626e-07,312.8996761762393,5760.0,1.0,,375,,,,,,,,
7.269175292,0.0015479093187119968,0.0177001953125,0.0,0.0,0.002140000000000003,4.0,0.06000000000000005,-0.004552297041906665,0.10692653634275,-0.004323726209501426,4.021385908714592e-07,4.2407198049450773e-07,297126.5872499999,1.0,296307.6106523438,9.554170288443626e-07,835.8347677101091,5760.0,1.0,,376,,,,,,,,
6.9275096930032305,0.0016358360741530003,0.017537434895833332,0.0,0.0,0.0020925000000000006,4.0,0.057499999999999996,0.0015064433519000886,0.10567173532520731,0.001727119602340584,7.352618069944583e-07,7.363395558475835e-07,296998.835,1.0,296289.8712578125,9.554170288443626e-07,966.4159669511686,5760.0,1.0,,377,,,,,,,,
6.8548794649977935,0.000656931564056625,0.006184895833333333,0.0,0.0,0.0020450000000000017,4.0,0.05500000000000005,-0.0009643345013804113,0.10384215895707409,-0.0007521020015701652,1.943843243405278e-07,2.0985223810517559e-07,296967.42274999997,1.0,296484.06581249996,9.554170288443626e-07,387.8405283349344,5760.0,1.0,,378,,,,,,,,
6.8713679799984675,0.0008654112595346911,0.006795247395833333,0.0,0.0,0.0019974999999999993,4.0,0.05249999999999999,0.003921399882528931,0.10354090683783095,0.004127909196540713,5.105071855619295e-07,5.258552556360504e-07,297003.78575,1.0,296430.0526640625,9.554170288443626e-07,904.5937606227324,5760.0,1.0,,379,,,,,,,,
6.840099987006397,0.0012753801687116113,0.013956705729166666,0.0,0.0,0.0019500000000000003,4.0,0.050000000000000044,-0.0025517820370926834,0.10701456029588978,-0.0023433658837651214,4.2165047927274674e-07,4.404652639659427e-07,297063.41224999994,1.0,296369.33154687495,9.554170288443626e-07,1004.767608331455,5760.0,1.0,,380,297138.48325000005,297026.03500000003,296588.2315,70000042,296623.54948333337,best_of_k,297026.03500000003,159.30577239621368
6.866730137000559,0.0006141961809286537,0.0059814453125,0.0,0.0,0.0019025000000000014,4.0,0.04749999999999999,-2.0014852149567258e-05,0.09885738448550303,0.00016799133542614678,1.0057217429230529e-07,1.1863765629153515e-07,296991.49899999995,1.0,296580.02657031245,9.554170288443626e-07,223.09206055349634,5760.0,1.0,,381,,,,,,,,
6.908221972997126,0.0025752950580984666,0.030680338541666668,0.0,0.0,0.0018550000000000025,4.0,0.04500000000000004,-0.004215796970735634,0.10080152191221714,-0.0040288692398462445,9.002268160548017e-08,1.00666611491107e-07,297178.69925,1.0,296622.087015625,9.554170288443626e-07,273.50169497578247,5760.0,1.0,,382,,,,,,,,
6.818894162999641,0.001314044605048063,0.013834635416666666,0.0,0.0,0.0018075,4.0,0.04249999999999998,-0.0017988890128132577,0.0979833419745167,-0.0016218601376749575,1.18719457820049e-07,1.2910447333425168e-07,297011.57899999997,1.0,296566.2331015625,9.554170288443626e-07,365.8101242225092,5760.0,1.0,,383,,,,,,,,
6.898511952997069,0.0005377274234585153,0.005045572916666667,0.0,0.0,0.0017600000000000011,4.0,0.040000000000000036,0.006641484167630551,0.10021829651668668,0.0068177977615656955,1.0352549987639274e-07,1.1927037550189348e-07,296929.40174999996,1.0,296553.61466015625,9.554170288443626e-07,278.4646347876379,5760.0,1.0,,384,,,,,,,,
6.928589135000948,0.000720192913528687,0.008219401041666666,0.0,0.0,0.0017124999999999987,4.0,0.03749999999999998,-0.0022385194703626135,0.09881752807026108,-0.002069392066914588,1.515630375277984e-07,1.662317877422955e-07,296985.195,1.0,296494.98132421874,9.554170288443626e-07,423.83080633201706,5760.0,1.0,,385,,,,,,,,
6.952368185993691,0.0012691052713004562,0.013834635416666666,0.0,0.0,0.0016649999999999998,4.0,0.03500000000000003,0.0006091486269118226,0.09722994547337294,0.0007709563457562277,1.2746042103254732e-07,1.3531664233568108e-07,297018.77774999995,1.0,296541.64828515623,9.554170288443626e-07,567.8175325892258,5760.0,1.0,,386,,,,,,,,
6.87926136200258,0.0003722545807249844,0.0035807291666666665,0.0,0.0,0.0016175000000000009,4.0,0.03249999999999997,-0.0036279946192128896,0.09884047911812861,-0.0034682233332811543,1.510856773023761e-07,1.7656233393855322e-07,296930.07000000007,1.0,296450.74387890624,9.554170288443626e-07,432.0247135244096,5760.0,1.0,,387,,,,,,,,
6.739539411995793,0.0007093341046129353,0.006510416666666667,0.0,0.0,0.001570000000000002,4.0,0.030000000000000027,-0.0004834482873169084,0.09640300165240963,-0.0003321711556054652,1.1021640222708129e-07,1.2913564425195054e-07,296955.30149999994,1.0,296538.64468359377,9.554170288443626e-07,327.3926296440796,5760.0,1.0,,388,,,,,,,,
6.819526127001154,0.0007621166660101153,0.007649739583333333,0.0,0.0,0.0015224999999999995,4.0,0.02749999999999997,-0.0006866371089320941,0.09672869835048914,-0.0005394733937767645,1.5798869856809006e-07,1.7981571076575165e-07,296964.49124999996,1.0,296449.3786406249,9.554170288443626e-07,417.67579625228893,5760.0,1.0,,389,,,,,,,,
6.91449967600056,0.0007199354828723396,0.007161458333333333,0.0,0.0,0.0014750000000000006,4.0,0.025000000000000022,-0.002777310369613891,0.09569459812094767,-0.0026362465772156916,1.2418561423643837e-07,1.4592016335986577e-07,296834.1335,1.0,296516.78834375,9.554170288443626e-07,328.79313702006044,5760.0,1.0,,390,,,,,,,,
6.914145413997176,0.0018160222546915368,0.019327799479166668,0.0,0.0,0.0014275000000000017,4.0,0.022499999999999964,-0.0019686688077248013,0.10000142781063914,-0.0018260777966740231,2.1964131580176627e-07,2.786126893639107e-07,297110.6627499999,1.0,296449.80806640617,9.554170288443626e-07,534.8134395252149,5760.0,1.0,,391,,,,,,,,
6.812734790997638,0.0014026004185628456,0.017985026041666668,0.0,0.0,0.0013800000000000028,4.0,0.020000000000000018,-0.0014765100107373048,0.10106869662801425,-0.0013371188833843917,1.25074909688531e-07,1.4246948435806908e-07,296947.619,1.0,296559.3460078125,9.554170288443626e-07,282.9827125591407,5760.0,1.0,,392,,,,,,,,
6.872081999994407,0.0010221009967305388,0.012858072916666666,0.0,0.0,0.0013325000000000004,4.0,0.01749999999999996,-0.003345702881536757,0.09875939631213744,-0.0032142202641504505,1.7181214465959252e-07,1.9504548139555786e-07,297036.20975000004,1.0,296395.514421875,9.554170288443626e-07,482.48260972410566,5760.0,1.0,,393,,,,,,,,
6.8962920869962545,0.0010740311821185362,0.0101318359375,0.0,0.0,0.0012850000000000014,4.0,0.015000000000000013,-0.003011859063311325,0.09659550695990522,-0.0028878638986498117,1.9488298856155475e-07,2.2079628051822434e-07,297042.8775,1.0,296416.7711523438,9.554170288443626e-07,460.34829411219783,5760.0,1.0,,394,,,,,,,,
6.98047491699981,0.0009917197736892074,0.009480794270833334,0.0,0.0,0.001237499999999999,4.0,0.012499999999999956,0.0011928713856832474,0.09177249732116859,0.001306344677383701,1.4005218007540066e-07,1.6186127756630717e-07,297059.16675,1.0,296530.87626171875,9.554170288443626e-07,338.78775731444813,5760.0,1.0,,395,,,,,,,,
6.8544924649977474,0.00135708158268244,0.012369791666666666,0.0,0.0,0.00119,4.0,0.010000000000000009,-0.00419674548538751,0.09248221168915431,-0.004086793400347233,1.5669407993357254e-07,1.7228449777917376e-07,297006.03624999995,1.0,296457.75835546874,9.554170288443626e-07,530.8975096946385,5760.0,1.0,,396,,,,,,,,
6.832951098003832,0.0008542951230386583,0.009480794270833334,0.0,0.0,0.0011425000000000012,4.0,0.007499999999999951,0.0035845486878921897,0.09304279802987973,0.0036907117755617946,1.9640928083930476e-07,2.368284152491166e-07,296937.71374999994,1.0,296423.47152734373,9.554170288443626e-07,729.3154131815998,5760.0,1.0,,397,,,,,,,,
6.794822664000094,0.0020750984373686756,0.022989908854166668,0.0,0.0,0.0010950000000000022,4.0,0.0050000000000000044,-0.006445714835232745,0.09431637544184923,-0.006343015586026013,9.34995497322196e-07,9.677296747649204e-07,297061.33125,1.0,296001.57946875,9.554170288443626e-07,1451.7354571046742,5760.0,1.0,,398,,,,,,,,
6.839771810002276,0.0013432809658600793,0.016357421875,0.0,0.0,0.0010474999999999998,4.0,0.0024999999999999467,-0.0007405266078421846,0.09749671071767807,-0.0006385913390355805,2.924225205684176e-07,3.2728145586228646e-07,296982.09900000005,1.0,296338.8396289062,9.554170288443626e-07,1192.6352100623942,5760.0,1.0,,399,,,,,,,,
7.060478733998025,0.0008251021239023734,0.00830078125,0.0,0.0,0.0010000000000000009,4.0,0.0,-0.0023204073804663494,0.09499488212168217,-0.0022254905197769403,1.3635148151299367e-07,1.2879522870434812e-07,297010.94274999993,1.0,296573.910078125,9.554170288443626e-07,325.3538473036291,5760.0,1.0,,400,297178.69925,296985.635,296619.48675,70000042,296351.26461666665,best_of_k,296985.635,956.0162722742238
