elapsed_seconds,optimization_approximate_kl,optimization_clip_fraction,optimization_count_loss,optimization_early_kl_stop,optimization_entropy_coefficient,optimization_epochs_completed,optimization_learning_rate_fraction,optimization_loss,optimization_normalized_entropy,optimization_policy_loss,optimization_q_loss,optimization_value_loss,rollout_best_objective,rollout_feasible_rate,rollout_mean_objective,rollout_reward_scale,rollout_std_objective,rollout_transitions,rollout_vectorized_rollouts,self_imitation_loss,update,validation_archive_best_objective,validation_best_of_k_objective,validation_deterministic_objective,validation_fixed_validation_seed,validation_mean_stochastic_objective,validation_selection_metric,validation_selection_objective,validation_std_stochastic_objective
3.2444619750000356,0.003047352278372273,0.04496256588026881,0.0,0.0,0.0199525,4.0,0.9975,-0.016647953540086746,0.7528759799897671,-0.004960316116921604,0.0014256161339289974,0.006383119020028971,13523.119,1.0,9270.05751171875,6.756605532055237e-06,1615.2714133384773,1920.0,1.0,,1,13523.119,14198.6555,13234.2255,70000042,9892.113841666667,best_of_k,14198.6555,1669.453648839924
2.111921859000063,0.0016051695956775802,0.01241048180963844,0.0,0.0,0.019905,4.0,0.995,-0.021371001144871116,0.7492374181747437,-0.006909259842359461,0.0003051698950002901,0.0008426264580521092,14853.914500000003,1.0,9456.3365859375,6.756605532055237e-06,1758.536530804403,1920.0,1.0,,2,,,,,,,,
2.075643035999974,0.00478939852109761,0.07222493644803762,0.0,0.0,0.0198575,4.0,0.9925,-0.024372863001190126,0.7452023699879646,-0.00970159494318068,0.00016313309697579825,0.00022054993678466417,14946.04075,1.0,10325.74143359375,6.756605532055237e-06,2038.523434640833,1920.0,1.0,,3,,,,,,,,
2.085031058000027,0.0060647586342383875,0.11474609468132257,0.0,0.0,0.01981,4.0,0.99,-0.023311228927923366,0.7267450876533985,-0.00898659898666665,0.0001257950566468935,0.0001192221120618342,16005.81675,1.0,11380.1877109375,6.756605532055237e-06,1910.4993160405254,1920.0,1.0,,4,,,,,,,,
2.0462439819999645,0.00600721973569307,0.1022542321588844,0.0,0.0,0.0197625,4.0,0.9875,-0.02580983639927581,0.7112342454493046,-0.011801132146501914,0.00010082978496939177,7.395837815238337e-05,16377.91375,1.0,12378.9118671875,6.756605532055237e-06,2018.6962557277807,1920.0,1.0,,5,,,,,,,,
2.0525953329999993,0.006708662918754271,0.1204427108168602,0.0,0.0,0.019715,4.0,0.985,-0.026264465181156993,0.6843839325010777,-0.012815525464247912,9.482109953751205e-05,6.841491949671763e-05,17262.07,1.0,13594.518925781249,6.756605532055237e-06,1787.5535943400635,1920.0,1.0,,6,,,,,,,,
2.1090299090000144,0.007929625357064651,0.16145833395421505,0.0,0.0,0.0196675,4.0,0.9825,-0.026520696410443634,0.6599152125418186,-0.013584185275249183,8.444336435786681e-05,6.785556001887016e-05,18902.58125,1.0,14401.19275390625,6.756605532055237e-06,2146.2115010720004,1920.0,1.0,,7,,,,,,,,
2.0707171860000244,0.006393048597601592,0.1186930350959301,0.0,0.0,0.019620000000000002,4.0,0.98,-0.022508904483402148,0.6207968108355999,-0.01036885945359245,7.399367405014345e-05,6.517659403471043e-05,19632.80975,1.0,15322.100183593751,6.756605532055237e-06,1928.0927061843638,1920.0,1.0,,8,,,,,,,,
2.057071096999948,0.006484115579951322,0.10640462441369891,0.0,0.0,0.0195725,4.0,0.9775,-0.022681196802295744,0.5711948722600937,-0.011533533164765686,5.480029403770459e-05,5.3135436019147164e-05,19670.934499999996,1.0,17135.8986953125,6.756605532055237e-06,1606.6384300812,1920.0,1.0,,9,,,,,,,,
2.0495957680000174,0.008277782166260295,0.16792806144803762,0.0,0.0,0.019525,4.0,0.975,-0.0196452823583968,0.5036227945238352,-0.00983715703478083,5.5250576451726374e-05,3.917044693935168e-05,20393.64575,1.0,17954.183671875,6.756605532055237e-06,1273.7844607552374,1920.0,1.0,,10,,,,,,,,
2.0599777200000062,0.002589406576589681,0.0321044921875,0.0,0.0,0.019477500000000002,4.0,0.9725,-0.012661956192459911,0.47770518250763416,-0.0033774804032873362,4.229317300996627e-05,3.1596453368365474e-05,21022.269249999998,1.0,18146.3088984375,6.756605532055237e-06,1204.4668199599776,1920.0,1.0,,11,,,,,,,,
2.1315240320000157,0.005222848003541003,0.0701090507209301,0.0,0.0,0.01943,4.0,0.97,-0.017199126014020294,0.4494649674743414,-0.008479778480250388,3.037594058241666e-05,2.143786332453601e-05,20797.359,1.0,19245.59951171875,6.756605532055237e-06,849.4411310434723,1920.0,1.0,,12,,,,,,,,
2.065851528000053,0.004900556188658811,0.08190918108448386,0.0,0.0,0.0193825,4.0,0.9675,-0.014053583261556923,0.42119135707616806,-0.005905789264943451,3.1142076409196306e-05,2.5664490522103733e-05,21160.39,1.0,19034.0548671875,6.756605532055237e-06,1037.3736106347665,1920.0,1.0,,13,,,,,,,,
2.046784795999997,0.0054840759476064704,0.07499186228960752,0.0,0.0,0.019335,4.0,0.965,-0.013008542591705918,0.42153406888246536,-0.004873169411439449,2.7592822220867674e-05,2.4457796712340496e-05,20672.655,1.0,19129.04034375,6.756605532055237e-06,916.1068127364301,1920.0,1.0,,14,,,,,,,,
2.0560237910000296,0.004238553061441053,0.05285644577816129,0.0,0.0,0.0192875,4.0,0.9625,-0.01445989467902109,0.38983274437487125,-0.0069555811351165175,2.8131777526141377e-05,2.354614025534829e-05,21356.226749999998,1.0,19413.80890234375,6.756605532055237e-06,940.947837819409,1920.0,1.0,,15,,,,,,,,
2.0501859070000137,0.002762875650660135,0.054565430036745965,0.0,0.0,0.01924,4.0,0.96,-0.013716790999751538,0.3737535122781992,-0.006538369110785425,2.5343251536469324e-05,2.0122222963436798e-05,20954.861999999997,1.0,19489.389125,6.756605532055237e-06,837.5484809521872,1920.0,1.0,,16,,,,,,,,
2.0969487990000744,0.003123705602774862,0.026123047340661287,0.0,0.0,0.0191925,4.0,0.9575,-0.009993713611038402,0.3439573682844639,-0.0034017444122582674,2.0409446506164386e-05,1.478236083585216e-05,21320.01275,1.0,19643.5400390625,6.756605532055237e-06,654.8514631867542,1920.0,1.0,,17,,,,,,,,
2.0520580310000014,0.0025707403092383174,0.04406738327816129,0.0,0.0,0.019145,4.0,0.955,-0.010137775243492797,0.3467757385224104,-0.0035097653744742274,2.3984938252397114e-05,1.7228664091817336e-05,21184.874499999998,1.0,19814.3255859375,6.756605532055237e-06,669.7164436132161,1920.0,1.0,,18,,,,,,,,
2.0547800289999714,0.004667153392801993,0.0655924491584301,0.0,0.0,0.0190975,4.0,0.9525,-0.01187134874635376,0.33858420327305794,-0.005414501159975771,2.083207107261842e-05,1.435970415286647e-05,21001.388,1.0,19717.22828515625,6.756605532055237e-06,763.9882422883156,1920.0,1.0,,19,,,,,,,,
2.0641477870000244,0.0010533756385484594,0.005126953125,0.0,0.0,0.01905,4.0,0.95,-0.0063847285928204656,0.3349396865814924,-1.5014942619018257e-05,2.3550510036329797e-05,1.7063033055819687e-05,21342.37225,1.0,19808.5356953125,6.756605532055237e-06,650.4833490603677,1920.0,1.0,,20,21356.226749999998,21623.44225,19411.206,70000042,19861.070216666667,best_of_k,21623.44225,599.3132901388566
2.122922518999985,0.0014355393009282125,0.025390625,0.0,0.0,0.019002500000000002,4.0,0.9475,-0.0077431887038983405,0.33055213652551174,-0.0014711718977196142,2.2544741796082235e-05,1.4091988077780115e-05,21199.236999999997,1.0,19931.2416796875,6.756605532055237e-06,570.0124444396707,1920.0,1.0,,21,,,,,,,,
2.0772790289998966,0.0015569598854199285,0.014160156366415322,0.0,0.0,0.018955,4.0,0.945,-0.010028079894254915,0.3272370044142008,-0.0038354431453626603,2.308287923824537e-05,1.5663985152514215e-05,20712.6485,1.0,19737.813363281253,6.756605532055237e-06,698.0770864480643,1920.0,1.0,,22,,,,,,,,
2.054402290999974,0.002034002949585556,0.019002278975676745,0.0,0.0,0.0189075,4.0,0.9425,-0.009637710609240457,0.3136784415692091,-0.0037178166094236076,2.376498696321505e-05,1.720931447835028e-05,21119.801,1.0,19653.5990390625,6.756605532055237e-06,868.507663333347,1920.0,1.0,,23,,,,,,,,
2.0386551139999938,0.0017282283570239088,0.005126953125,0.0,0.0,0.018860000000000002,4.0,0.94,-0.004034151847008616,0.30558956786990166,0.0017200664151459932,1.7727053659655212e-05,1.4856329926260514e-05,21350.825,1.0,19855.84419921875,6.756605532055237e-06,689.8606754951094,1920.0,1.0,,24,,,,,,,,
2.0760739849999936,0.0023887083152658306,0.028727213852107525,0.0,0.0,0.0188125,4.0,0.9375,-0.008660806925036013,0.2967905141413212,-0.0030852546042297035,1.6311367971866275e-05,1.2376564768601384e-05,20875.33475,1.0,19942.87787890625,6.756605532055237e-06,527.0320842631223,1920.0,1.0,,25,,,,,,,,
2.1012309750000213,0.00433534741296171,0.08565267082303762,0.0,0.0,0.018765,4.0,0.935,-0.008007033233297989,0.2920451071113348,-0.002535044972319156,1.484114267213954e-05,1.3508283814189781e-05,21464.78225,1.0,19899.4138515625,6.756605532055237e-06,628.4823204253323,1920.0,1.0,,26,,,,,,,,
2.0641946290000988,0.002965310362924356,0.023966471664607525,0.0,0.0,0.0187175,4.0,0.9325,-0.00828487315448001,0.2785177566111088,-0.003078984678722918,1.3579158292031934e-05,1.1819379324151669e-05,20865.58475,1.0,19893.362859375,6.756605532055237e-06,524.7587867681688,1920.0,1.0,,27,,,,,,,,
2.037601370999937,0.002140459348083823,0.04366048239171505,0.0,0.0,0.01867,4.0,0.9299999999999999,-0.007197815924882889,0.26979295536875725,-0.002167839091271162,1.3453184180889366e-05,1.1423754074257886e-05,21293.825750000004,1.0,19981.46621875,6.756605532055237e-06,512.0882649124067,1920.0,1.0,,28,,,,,,,,
2.048885129000041,0.0009745257839313126,0.0055745443678461015,0.0,0.0,0.0186225,4.0,0.9275,-0.005986712116282433,0.2679917234927416,-0.0010032426798716187,1.3890406478367368e-05,1.1635467842552316e-05,21044.715,1.0,20012.734253906252,6.756605532055237e-06,543.1880645848474,1920.0,1.0,,29,,,,,,,,
2.0467112890000863,0.002204469279604382,0.045084635727107525,0.0,0.0,0.018575,4.0,0.925,-0.005642605814500712,0.26365780737251043,-0.000751716666854918,1.2942893533818278e-05,1.051854599154467e-05,20996.250999999997,1.0,20121.256628906252,6.756605532055237e-06,485.24510073868646,1920.0,1.0,,30,,,,,,,,
2.091910992999942,0.0012023460162708943,0.01639811205677688,0.0,0.0,0.018527500000000002,4.0,0.9225,-0.006216199995833449,0.2579535888507962,-0.0014466507418546826,1.8542123029874347e-05,1.566343394188152e-05,20883.60525,1.0,20012.5953671875,6.756605532055237e-06,656.9572073205218,1920.0,1.0,,31,,,,,,,,
2.0094362539999793,0.004056926278281026,0.07592773530632257,0.0,0.0,0.01848,4.0,0.92,-0.0089377774274908,0.25405472982674837,-0.004248863144312054,1.1384245851786545e-05,9.755939061051322e-06,20945.2805,1.0,20033.254511718747,6.756605532055237e-06,427.08132928687274,1920.0,1.0,,32,,,,,,,,
2.0380792170000177,0.0007306174647965236,0.009318033931776881,0.0,0.0,0.0184325,4.0,0.9175,-0.008076908343355171,0.26338684000074863,-0.0032281384337693453,1.1469345054138103e-05,9.923677936285458e-06,21311.11625,1.0,20119.421203125,6.756605532055237e-06,444.66594718676146,1920.0,1.0,,33,,,,,,,,
2.0387892199998987,0.0017832707939078318,0.026936849113553762,0.0,0.0,0.018385,4.0,0.915,-0.006827625329606235,0.26629566587507725,-0.0019378025317564607,1.1605500105815736e-05,9.724503229335824e-06,21192.183999999997,1.0,20144.8262578125,6.756605532055237e-06,466.5278291121897,1920.0,1.0,,34,,,,,,,,
2.0813405210000155,0.002323907594472985,0.028523763176053762,0.0,0.0,0.0183375,4.0,0.9125,-0.0077683649433311075,0.26764924079179764,-0.002867425384465605,1.6655452157010586e-05,1.0824332832726213e-05,20850.301000000003,1.0,20018.757070312502,6.756605532055237e-06,490.9312927890046,1920.0,1.0,,35,,,,,,,,
2.191497429999913,0.00032856004054337973,0.00032552084303461015,0.0,0.0,0.01829,4.0,0.91,-0.004221126058837399,0.2721672058105469,0.0007491833530366421,2.106752225472519e-05,1.1043536574106838e-05,20832.15375,1.0,20089.43392578125,6.756605532055237e-06,527.8322706906214,1920.0,1.0,,36,,,,,,,,
2.032318217000011,0.002246210429802886,0.03299967449856922,0.0,0.0,0.018242500000000002,4.0,0.9075,-0.008753088928642683,0.2859733272343874,-0.0035433780576568097,1.2713688818166702e-05,1.177293665932666e-05,21352.696500000002,1.0,20212.12202734375,6.756605532055237e-06,549.1603259650458,1920.0,1.0,,37,,,,,,,,
2.0423310049999372,0.002046818448434351,0.01416015625,0.0,0.0,0.018195,4.0,0.905,-0.007769892312353477,0.27845131792128086,-0.0027100370498374104,1.4591348133308202e-05,1.0213936661784828e-05,21030.5115,1.0,20172.701011718753,6.756605532055237e-06,440.86057250587953,1920.0,1.0,,38,,,,,,,,
2.069735771000069,0.0022956161192269064,0.03544108150526881,0.0,0.0,0.0181475,4.0,0.9025,-0.007722701353486627,0.2829967141151428,-0.002594302291981876,1.6131110896822065e-05,1.1342854406848346e-05,20805.97775,1.0,20126.79057421875,6.756605532055237e-06,537.2165091772323,1920.0,1.0,,39,,,,,,,,
2.120831331999966,0.0021830358264196548,0.031616211286745965,0.0,0.0,0.0181,4.0,0.9,-0.008193669491447508,0.2771984953433275,-0.0031825631158426404,1.0691312184007984e-05,1.0234547119125637e-05,21332.911500000002,1.0,20201.32600390625,6.756605532055237e-06,493.747840964456,1920.0,1.0,,40,21464.78225,21373.68725,19651.578,70000042,20309.90010833333,best_of_k,21373.68725,424.3206909352962
2.036378052000032,0.001124601387346047,0.005533854171517305,0.0,0.0,0.0180525,4.0,0.8975,-0.005932632717303932,0.28181103244423866,-0.0008527672034688294,1.3634575566356943e-05,1.232961591313142e-05,21241.289249999998,1.0,20063.344265624997,6.756605532055237e-06,592.5503459342362,1920.0,1.0,,41,,,,,,,,
2.0295499470000777,0.0003177736416546395,0.0,0.0,0.0,0.018005,4.0,0.895,-0.003967364231357351,0.28776305727660656,0.0012055558217980433,1.7738784492848936e-05,1.2959832133674354e-05,21175.195,1.0,20104.2725,6.756605532055237e-06,597.9410869786805,1920.0,1.0,,42,,,,,,,,
2.049847784999997,0.0027851061131514143,0.031127930036745965,0.0,0.0,0.0179575,4.0,0.8925,-0.0070124380581546575,0.2943702954798937,-0.0017345767701044679,1.4856959410280979e-05,1.3615005912015476e-05,21625.1715,1.0,20315.24207421875,6.756605532055237e-06,592.6817471390528,1920.0,1.0,,43,,,,,,,,
2.0363430209999933,0.003418523097934667,0.04618326877243817,0.0,0.0,0.017910000000000002,4.0,0.89,-0.007552400755230337,0.28134826570749283,-0.0025189724983647466,1.133408659370616e-05,8.772704688908561e-06,21191.158,1.0,20133.124828125,6.756605532055237e-06,470.5513275281516,1920.0,1.0,,44,,,,,,,,
2.0898418470000024,0.0023782329699315596,0.03129069012356922,0.0,0.0,0.0178625,4.0,0.8875,-0.008274951105704531,0.2954886853694916,-0.0030037818069104105,1.3572347086210357e-05,1.128164780084262e-05,21234.67325,1.0,20170.034730468753,6.756605532055237e-06,597.4800958001106,1920.0,1.0,,45,,,,,,,,
2.0604125539999814,0.0019910916660137445,0.018839518539607525,0.0,0.0,0.017815,4.0,0.885,-0.005240880942437798,0.31054011546075344,0.0002852033358067274,1.1097944593529974e-05,1.015615271171555e-05,21286.011000000002,1.0,20269.915999999997,6.756605532055237e-06,521.7086125780827,1920.0,1.0,,46,,,,,,,,
2.0593088840000746,0.0019173074106220156,0.008097330894088373,0.0,0.0,0.017767500000000002,4.0,0.8825000000000001,-0.007479931227862835,0.30415395833551884,-0.0020821180660277605,1.176546493297792e-05,1.0132494765002775e-05,21379.963000000003,1.0,20311.98791796875,6.756605532055237e-06,518.220562897179,1920.0,1.0,,47,,,,,,,,
2.0766169259999288,0.0036852676566923037,0.04333496109757107,0.0,0.0,0.01772,4.0,0.88,-0.010336661493056454,0.32495095022022724,-0.004586327471770346,1.7281938823998644e-05,1.2136910129356693e-05,21430.536750000003,1.0,20232.213484375,6.756605532055237e-06,604.56466278025,1920.0,1.0,,48,,,,,,,,
2.0805123679999724,0.0031546689388051163,0.041097005596384406,0.0,0.0,0.0176725,4.0,0.8775,-0.009375037625432014,0.29941861145198345,-0.004093451687367633,2.173113750814082e-05,1.5434947897574602e-05,21677.87,1.0,20354.82235546875,6.756605532055237e-06,741.366373162339,1920.0,1.0,,49,,,,,,,,
2.1064022519999526,0.004785351695318241,0.05204264324856922,0.0,0.0,0.017625000000000002,4.0,0.875,-0.010641316650435328,0.3158887643367052,-0.005084796634037048,1.8277935566857195e-05,1.838343223425909e-05,21609.335,1.0,20214.775531249998,6.756605532055237e-06,660.7629181938951,1920.0,1.0,,50,,,,,,,,
2.0556883629999447,0.0036843531734120916,0.048746745102107525,0.0,0.0,0.0175775,4.0,0.8725,-0.011079190095188096,0.3133359123021364,-0.005578554962994531,1.3095858037104335e-05,1.1434125383402716e-05,21424.3925,1.0,20347.65936328125,6.756605532055237e-06,515.667100290393,1920.0,1.0,,51,,,,,,,,
2.0571288419999973,0.003967903456214117,0.05509440181776881,0.0,0.0,0.01753,4.0,0.87,-0.009978671150747687,0.3252173624932766,-0.004284551949240267,1.2663367556342564e-05,1.1349816816164093e-05,21763.48125,1.0,20482.97682421875,6.756605532055237e-06,521.7822412073846,1920.0,1.0,,52,,,,,,,,
2.0623486079999793,0.001868142362582148,0.022216797340661287,0.0,0.0,0.0174825,4.0,0.8674999999999999,-0.007595306538860314,0.3271389938890934,-0.0018839407130144536,1.5124333458516048e-05,1.2658939056109375e-05,21629.208,1.0,20569.876421875,6.756605532055237e-06,643.9500419872604,1920.0,1.0,,53,,,,,,,,
2.150189955999963,0.004639277467504144,0.0886637382209301,0.0,0.0,0.017435,4.0,0.865,-0.011135111708426848,0.34208797849714756,-0.005180406733416021,1.9679298929986544e-05,1.5261074281625042e-05,22298.991,1.0,20700.9441171875,6.756605532055237e-06,700.1605550711766,1920.0,1.0,,54,,,,,,,,
2.1103811760000326,0.0027533011434570653,0.04109700536355376,0.0,0.0,0.0173875,4.0,0.8625,-0.010528928425628692,0.33907390385866165,-0.004639813909307122,1.35107907794918e-05,1.0364937566009758e-05,21569.531,1.0,20630.539765625,6.756605532055237e-06,524.8354297347473,1920.0,1.0,,55,,,,,,,,
2.0812653509999564,0.004749915846332442,0.06945800874382257,0.0,0.0,0.01734,4.0,0.86,-0.01035147497896105,0.33988271839916706,-0.004465349076781422,1.3990563047627802e-05,1.2083532737960923e-05,22130.035249999997,1.0,20803.7180234375,6.756605532055237e-06,606.1176086054093,1920.0,1.0,,56,,,,,,,,
2.085952281999994,0.0038792302875663154,0.045288086563232355,0.0,0.0,0.017292500000000002,4.0,0.8575,-0.008914505480788648,0.3474033549427986,-0.0029152228380553424,1.696246050642003e-05,1.2987479692583292e-05,22262.60175,1.0,20862.57050390625,6.756605532055237e-06,683.1093954505285,1920.0,1.0,,57,,,,,,,,
2.091124020999928,0.0024329161387868226,0.026733398903161287,0.0,0.0,0.017245,4.0,0.855,-0.009042966790730134,0.3486906196922064,-0.003037631686311215,1.6859005654623616e-05,1.22971562177554e-05,21942.2545,1.0,20748.2406171875,6.756605532055237e-06,595.6715025432381,1920.0,1.0,,58,,,,,,,,
2.1483240290000367,0.002530676752940053,0.023640950676053762,0.0,0.0,0.0171975,4.0,0.8525,-0.009762958361534402,0.34239110723137856,-0.00388248183298856,1.741233143093268e-05,1.2106794940791588e-05,21907.559749999997,1.0,20792.0592109375,6.756605532055237e-06,570.1453890036189,1920.0,1.0,,59,,,,,,,,
2.0842728059999445,0.004111422233108897,0.060750326461857185,0.0,0.0,0.017150000000000002,4.0,0.85,-0.010741601610789075,0.33280028961598873,-0.005041251541115344,1.4923113724307768e-05,1.136462520889836e-05,22591.850749999998,1.0,20782.442796875,6.756605532055237e-06,555.8191631062714,1920.0,1.0,,60,22591.850749999998,22195.344,21217.61925,70000042,21014.698575,best_of_k,22195.344,589.8419437269695
2.0828023929999517,0.0021788499361719005,0.00801595055963844,0.0,0.0,0.0171025,4.0,0.8475,-0.008603506707004271,0.34771583043038845,-0.002662693106685765,1.1749387113013654e-05,9.643396936098725e-06,22085.53025,1.0,20899.5232421875,6.756605532055237e-06,529.4018840890623,1920.0,1.0,,61,,,,,,,,
2.1095357899999954,0.0023669800102652516,0.02079264330677688,0.0,0.0,0.017055,4.0,0.845,-0.0078063595574349165,0.3520865812897682,-0.0018081504967994988,1.2043829826779984e-05,1.0845021961358725e-05,21975.061999999998,1.0,20932.202796874997,6.756605532055237e-06,572.0138555751536,1920.0,1.0,,62,,,,,,,,
2.132188766000013,0.001719762756692944,0.014851888176053762,0.0,0.0,0.017007500000000002,4.0,0.8425,-0.009959509552572854,0.3425868805497885,-0.00413979560835287,1.3982327743633505e-05,1.086876267208936e-05,22092.1985,1.0,20986.97689453125,6.756605532055237e-06,564.2631737291027,1920.0,1.0,,63,,,,,,,,
2.0814439600000014,0.004531056933046784,0.03605143264576327,0.0,0.0,0.01696,4.0,0.84,-0.011161022441228852,0.3490676283836365,-0.005247669818345457,1.6800826244889322e-05,1.0310428308457631e-05,22136.447249999997,1.0,20952.973128906247,6.756605532055237e-06,587.0440285086542,1920.0,1.0,,64,,,,,,,,
2.070609225000112,0.001660879686824046,0.008138020988553762,0.0,0.0,0.0169125,4.0,0.8375,-0.010597620683256537,0.34445556811988354,-0.004778722155606374,1.3307916788107832e-05,1.0752610364761495e-05,22065.587000000003,1.0,21025.103078125,6.756605532055237e-06,612.18276612776,1920.0,1.0,,65,,,,,,,,
2.051820915999997,0.0029280036105774343,0.036539713546517305,0.0,0.0,0.016865,4.0,0.835,-0.006934238626854494,0.3431449681520462,-0.0011537417594809085,1.1120218687210581e-05,1.106081919033386e-05,22389.238250000002,1.0,20967.6128359375,6.756605532055237e-06,568.6004279395142,1920.0,1.0,,66,,,,,,,,
2.0972494480000705,0.0023335294708886067,0.02994791720993817,0.0,0.0,0.0168175,4.0,0.8325,-0.007872523477999493,0.3454692233353853,-0.002069491776637733,1.230166549248679e-05,1.1334309022004163e-05,22412.513750000002,1.0,21085.622054687497,6.756605532055237e-06,576.8128578758781,1920.0,1.0,,67,,,,,,,,
2.159228305000056,0.0033214415288966848,0.04329427098855376,0.0,0.0,0.01677,4.0,0.83,-0.006087167566874996,0.3460122421383858,-0.00029064889531582594,1.2412720479915151e-05,9.733821173085744e-06,22007.8975,1.0,20995.27371875,6.756605532055237e-06,541.0178104229915,1920.0,1.0,,68,,,,,,,,
2.1053867240000272,0.002312446506039123,0.03397623705677688,0.0,0.0,0.0167225,4.0,0.8275,-0.00901688906014897,0.3519363161176443,-0.0031389041105285287,1.382061947197144e-05,1.1776903249938186e-05,22122.535750000003,1.0,20978.31774609375,6.756605532055237e-06,577.4757416016809,1920.0,1.0,,69,,,,,,,,
2.0838470710000365,0.0019603100590757094,0.0234375,0.0,0.0,0.016675000000000002,4.0,0.825,-0.006469378451583907,0.3448374345898628,-0.0007264415617100894,1.4516496321448358e-05,1.1550873296073405e-05,22217.249749999995,1.0,20900.30943359375,6.756605532055237e-06,590.0186167290959,1920.0,1.0,,70,,,,,,,,
2.0778718789999857,0.0018067182445520302,0.011881510727107525,0.0,0.0,0.0166275,4.0,0.8225,-0.00605990388430655,0.3335246443748474,-0.0005197367281652987,1.349564968222694e-05,8.329167883402988e-06,22304.697,1.0,21160.066203125,6.756605532055237e-06,465.76869842995484,1920.0,1.0,,71,,,,,,,,
2.0543572779999977,0.0020689129378297366,0.012858073110692203,0.0,0.0,0.01658,4.0,0.8200000000000001,-0.009908145642839372,0.3435145150870085,-0.004219530354021117,1.3108668440509064e-05,1.1090017096648808e-05,22162.73075,1.0,21023.84426953125,6.756605532055237e-06,566.0522462447674,1920.0,1.0,,72,,,,,,,,
2.1212684579999177,0.003892441738571506,0.038492838546517305,0.0,0.0,0.016532500000000002,4.0,0.8175,-0.009725144933327101,0.34143429435789585,-0.004086820408701897,1.3090707966512127e-05,1.0256933308028238e-05,22528.055999999997,1.0,21070.569328125,6.756605532055237e-06,607.6891746362123,1920.0,1.0,,73,,,,,,,,
2.0816911529999516,0.0012792920460924506,0.0078125,0.0,0.0,0.016485,4.0,0.815,-0.009735298692248762,0.34250111132860184,-0.004095573807717301,1.3046726110133022e-05,1.0201402403708926e-05,22245.23825,1.0,21118.627015625,6.756605532055237e-06,544.2585619797627,1920.0,1.0,,74,,,,,,,,
2.0744785140000204,0.0028198981526657008,0.026896158859017305,0.0,0.0,0.0164375,4.0,0.8125,-0.004988101893104613,0.3362693414092064,0.0005306340317474678,1.91612978142075e-05,1.3552587972753827e-05,22370.09025,1.0,21025.71155078125,6.756605532055237e-06,589.8645740938646,1920.0,1.0,,75,,,,,,,,
2.0674077799999395,0.0029427879344439134,0.0274658203125,0.0,0.0,0.016390000000000002,4.0,0.81,-0.007919799711089581,0.32745717465877533,-0.002558283682446927,1.2928629246289347e-05,8.42747283513745e-06,22358.436999999998,1.0,21211.071125,6.756605532055237e-06,483.5989389452631,1920.0,1.0,,76,,,,,,,,
2.0766017089999877,0.0027881619171239436,0.03218587255105376,0.0,0.0,0.0163425,4.0,0.8075,-0.006612348195631057,0.3339291326701641,-0.0011597498087212443,1.0917617203176633e-05,7.09350382521734e-06,22300.5505,1.0,21213.16735546875,6.756605532055237e-06,457.59162958068003,1920.0,1.0,,77,,,,,,,,
2.1239439580000408,0.0034397401759633794,0.042724609375,0.0,0.0,0.016295,4.0,0.8049999999999999,-0.008093953889328986,0.33009824343025684,-0.0027206094819121063,1.1808077942987438e-05,8.852857547481108e-06,22015.977,1.0,21159.27667578125,6.756605532055237e-06,502.8174681430902,1920.0,1.0,,78,,,,,,,,
2.0799102309999853,0.0034709383253357373,0.03877767012454569,0.0,0.0,0.0162475,4.0,0.8025,-0.007728090946329758,0.3309770245105028,-0.002355640521273017,9.982262838548195e-06,8.200992482443326e-06,22255.22775,1.0,21249.2637265625,6.756605532055237e-06,474.9371756221782,1920.0,1.0,,79,,,,,,,,
2.076393244999963,0.002381674785283394,0.019978841301053762,0.0,0.0,0.0162,4.0,0.8,-0.0075312229309929535,0.3227864410728216,-0.0023089369642548263,1.3915584759160993e-05,1.0923900902071182e-05,22318.723500000004,1.0,21193.647218750004,6.756605532055237e-06,603.7183896018365,1920.0,1.0,,80,22591.850749999998,22523.159499999998,21165.73,70000042,21288.37030833333,best_of_k,22523.159499999998,665.5570018711979
2.106218099999978,0.004009487811345025,0.055948893539607525,0.0,0.0,0.0161525,4.0,0.7975,-0.009846691362326965,0.3146862853318453,-0.0047692867228761315,1.0597278844670655e-05,9.009708236362712e-06,22593.787749999996,1.0,21313.892511718746,6.756605532055237e-06,541.9397493166085,1920.0,1.0,,81,,,,,,,,
2.1240590360000624,0.00312549537011364,0.04146321630105376,0.0,0.0,0.016105,4.0,0.795,-0.008279644476715475,0.3166533447802067,-0.00318694778252393,1.5267767366822227e-05,1.095614157975433e-05,22572.5235,1.0,21140.99092578125,6.756605532055237e-06,568.2477293940996,1920.0,1.0,,82,,,,,,,,
2.1034741390000136,0.0032881993101909757,0.03824869845993817,0.0,0.0,0.016057500000000002,4.0,0.7925,-0.009633408481022343,0.3172055818140507,-0.0045466238661902025,1.7164200301067467e-05,1.005532527642572e-05,22395.8775,1.0,21307.09203515625,6.756605532055237e-06,590.0289652871855,1920.0,1.0,,83,,,,,,,,
2.0902185999999574,0.004693922557635233,0.06929524801671505,0.0,0.0,0.01601,4.0,0.79,-0.00929845123027917,0.3168944027274847,-0.0042321134969824925,1.7660113940110023e-05,1.0751426771093975e-05,22506.292500000003,1.0,21403.105714843747,6.756605532055237e-06,593.0421934595928,1920.0,1.0,,84,,,,,,,,
2.0944754749999674,0.0033505841784062795,0.03417968758731149,0.0,0.0,0.0159625,4.0,0.7875,-0.010694938770029694,0.3055514134466648,-0.005825867352541536,1.6067553360699094e-05,1.3371760019253998e-05,22525.91575,1.0,21321.20285546875,6.756605532055237e-06,529.1517338009525,1920.0,1.0,,85,,,,,,,,
2.100628815999926,0.0024596463044872507,0.025187174673192203,0.0,0.0,0.015915,4.0,0.785,-0.007613658090122044,0.29988550581038,-0.0028492418059613556,9.744832709657203e-06,1.4575383659121144e-05,22793.914249999998,1.0,21478.721296875,6.756605532055237e-06,496.3589620107672,1920.0,1.0,,86,,,,,,,,
2.1295086789999687,0.0032087285126181087,0.036499023757642135,0.0,0.0,0.0158675,4.0,0.7825,-0.004424015161930583,0.30546774342656136,0.00041788871749304235,1.0089776537824946e-05,8.193299692038636e-06,22477.460499999997,1.0,21419.414312499997,6.756605532055237e-06,511.1156259203667,1920.0,1.0,,87,,,,,,,,
2.0614549090000764,0.003341366449603811,0.04410807357635349,0.0,0.0,0.01582,4.0,0.78,-0.0044966503046453,0.298299677670002,0.00021712388843297958,1.058847703916399e-05,8.536441953310714e-06,22385.44325,1.0,21268.163687499997,6.756605532055237e-06,507.8670903256213,1920.0,1.0,,88,,,,,,,,
2.0716587680000202,0.0035410066338954493,0.047078450792469084,0.0,0.0,0.015772500000000002,4.0,0.7775,-0.006442651443649083,0.30389735847711563,-0.0016539976350031793,8.012083981157048e-06,7.530555791390725e-06,22231.4965,1.0,21406.590765625,6.756605532055237e-06,489.2959184042179,1920.0,1.0,,89,,,,,,,,
2.0902126260000387,0.0019179784676452982,0.018798828125,0.0,0.0,0.015725,4.0,0.775,-0.006983384373597801,0.30068335123360157,-0.0022610340965911746,1.1805809037923609e-05,9.430603881810384e-06,22604.8075,1.0,21495.49131640625,6.756605532055237e-06,544.170187788899,1920.0,1.0,,90,,,,,,,,
2.0943291400000135,0.002333167172764661,0.01924641930963844,0.0,0.0,0.0156775,4.0,0.7725,-0.005364270939026028,0.2991984449326992,-0.000678572803735733,9.732320080502177e-06,8.025828719837591e-06,22414.44375,1.0,21462.0986796875,6.756605532055237e-06,462.40368081011763,1920.0,1.0,,91,,,,,,,,
2.1287003970001024,0.0024198515893658623,0.026529948256211355,0.0,0.0,0.01563,4.0,0.77,-0.00708701740950346,0.28930134139955044,-0.002569984528236091,8.079139689698422e-06,7.877159305280657e-06,22576.81225,1.0,21474.47518359375,6.756605532055237e-06,500.42267557554163,1920.0,1.0,,92,,,,,,,,
2.0862524799999846,0.0026427494376548566,0.027221679803915322,0.0,0.0,0.015582499999999999,4.0,0.7675,-0.007183814159361646,0.2912494093179703,-0.0026496289792703465,7.687541739187509e-06,6.880134009179528e-06,22451.489,1.0,21557.49430078125,6.756605532055237e-06,439.90959566178026,1920.0,1.0,,93,,,,,,,,
2.0704265879999184,0.0017522107209515525,0.008178711039363407,0.0,0.0,0.015535,4.0,0.765,-0.007150376011850312,0.2915414460003376,-0.0026255331467837095,8.34933453575104e-06,6.836411984068036e-06,22525.566,1.0,21573.67054296875,6.756605532055237e-06,434.41988552394497,1920.0,1.0,,94,,,,,,,,
2.1046606610000254,0.0022382793540600687,0.020385742202051915,0.0,0.0,0.015487500000000001,4.0,0.7625,-0.006110533358878456,0.28991218842566013,-0.0016244713988271542,7.504734639951494e-06,6.405287649613456e-06,22555.176,1.0,21552.77996484375,6.756605532055237e-06,448.9712704190755,1920.0,1.0,,95,,,,,,,,
2.121138975000008,0.0022197678799784626,0.019449870102107525,0.0,0.0,0.01544,4.0,0.76,-0.007733543039648794,0.2808228153735399,-0.00340346091252286,1.2491614882037538e-05,9.145305909896706e-06,22541.172499999997,1.0,21430.21053125,6.756605532055237e-06,616.1886513138312,1920.0,1.0,,96,,,,,,,,
2.191573630999983,0.0035975537612102926,0.046264648757642135,0.0,0.0,0.0153925,4.0,0.7575000000000001,-0.00755688626668416,0.28031125850975513,-0.003247458877012832,1.334451803813863e-05,7.85792596502688e-06,22814.428249999997,1.0,21543.28868359375,6.756605532055237e-06,529.9721055522808,1920.0,1.0,,97,,,,,,,,
2.085493497000016,0.00031058088097779546,0.0,0.0,0.0,0.015345000000000001,4.0,0.755,-0.006042373483069241,0.278223829343915,-0.0017776971799321473,1.3947265358638106e-05,6.548734546640844e-06,22417.149499999996,1.0,21525.98437890625,6.756605532055237e-06,378.16260526691633,1920.0,1.0,,98,,,,,,,,
2.0781706179999446,0.001762539195624413,0.013509114680346102,0.0,0.0,0.0152975,4.0,0.7525,-0.0057447346625849605,0.26589233987033367,-0.0016834283887874335,1.2285646221243951e-05,9.90838711345532e-06,22803.771,1.0,21736.383414062497,6.756605532055237e-06,462.2693488283281,1920.0,1.0,,99,,,,,,,,
2.07659498299995,0.002667252028004441,0.03035481771803461,0.0,0.0,0.01525,4.0,0.75,-0.007130718964617699,0.26568067632615566,-0.003085619187913835,1.326592069972321e-05,1.0408598825506488e-05,22744.403249999996,1.0,21514.201371093746,6.756605532055237e-06,539.4525428325516,1920.0,1.0,,100,22814.428249999997,22779.693,22108.9465,70000042,21773.554016666665,best_of_k,22779.693,545.493318525041
2.0926189799999975,0.001978604901523795,0.013305664178915322,0.0,0.0,0.0152025,4.0,0.7475,-0.006077983824070543,0.2673356179147959,-0.0020193611562717706,1.0647819351561338e-05,8.963805925077395e-06,22719.833499999997,1.0,21590.179433593752,6.756605532055237e-06,526.9769819831159,1920.0,1.0,,101,,,,,,,,
2.07778569300001,0.0012905381627206225,0.01216634146112483,0.0,0.0,0.015155,4.0,0.745,-0.00614194426452741,0.2638522870838642,-0.002147262915968895,8.51837910431641e-06,6.295935293110233e-06,22462.86375,1.0,21594.994164062504,6.756605532055237e-06,457.46838888810146,1920.0,1.0,,102,,,,,,,,
2.079894455000044,0.002362432594964048,0.024210612144088373,0.0,0.0,0.0151075,4.0,0.7424999999999999,-0.006644344481173903,0.26416232995688915,-0.0026588573382468894,1.1751837121209974e-05,8.339741754070928e-06,22751.58225,1.0,21682.01575390625,6.756605532055237e-06,528.6151500249123,1920.0,1.0,,103,,,,,,,,
2.089002984999979,0.0024274532806884963,0.024698893539607525,0.0,0.0,0.01506,4.0,0.74,-0.00726303736155387,0.253410242497921,-0.0034523422364145517,1.117594734978411e-05,9.089968472153487e-06,22699.255999999998,1.0,21613.52295703125,6.756605532055237e-06,487.0683549863031,1920.0,1.0,,104,,,,,,,,
2.1153154650000943,0.0017929505956999492,0.018473307383828796,0.0,0.0,0.015012500000000002,4.0,0.7375,-0.00584997542318888,0.24827093724161386,-0.0021292582678142935,8.254589658918121e-06,1.1250482117475258e-05,22383.21025,1.0,21612.59426171875,6.756605532055237e-06,453.9738718078214,1920.0,1.0,,105,,,,,,,,
2.0684850420000203,0.001884694087493699,0.020182291977107525,0.0,0.0,0.014965,4.0,0.735,-0.006202534874319099,0.2570429155603051,-0.002360303493333049,7.634751000296092e-06,7.304879915182028e-06,22747.965,1.0,21731.8764140625,6.756605532055237e-06,463.50693539251745,1920.0,1.0,,106,,,,,,,,
2.076966514999981,0.0028237300903128926,0.03112793008040171,0.0,0.0,0.0149175,4.0,0.7324999999999999,-0.006836158427176997,0.25367548130452633,-0.0030570263479603454,1.1521722910856624e-05,7.839701339662497e-06,22511.8555,1.0,21718.56341796875,6.756605532055237e-06,518.4378770775979,1920.0,1.0,,107,,,,,,,,
2.0741396529999747,0.001710274895231123,0.014567057485692203,0.0,0.0,0.014870000000000001,4.0,0.73,-0.004940960963722318,0.2519051330164075,-0.0011991122155450284,1.2264194964473063e-05,5.508758476935327e-06,22805.701,1.0,21869.21636328125,6.756605532055237e-06,407.2683787145177,1920.0,1.0,,108,,,,,,,,
2.066209971000035,0.001456510067328054,0.011718750116415322,0.0,0.0,0.014822499999999999,4.0,0.7275,-0.00312907065381296,0.25188657082617283,0.0006016545230522752,5.3728828675048135e-06,4.653144799249276e-06,22838.1295,1.0,21704.37744140625,6.756605532055237e-06,379.9535489433851,1920.0,1.0,,109,,,,,,,,
2.1016189939999776,0.0013586969289463013,0.007690429803915322,0.0,0.0,0.014775,4.0,0.725,-0.00609928576159291,0.25294297002255917,-0.002365712891332805,5.745535077039676e-06,6.1703324831796635e-06,22650.82225,1.0,21731.010718749996,6.756605532055237e-06,397.1849822550178,1920.0,1.0,,110,,,,,,,,
2.095122344999936,0.001743044190106957,0.017944336053915322,0.0,0.0,0.014727500000000001,4.0,0.7224999999999999,-0.006155830866191536,0.25484612863510847,-0.0024064714671112597,6.87863396819921e-06,6.3982979554566555e-06,22650.82025,1.0,21781.36662890625,6.756605532055237e-06,433.9258838728251,1920.0,1.0,,111,,,,,,,,
2.062180329999933,0.003346326124301413,0.06245931051671505,0.0,0.0,0.01468,4.0,0.72,-0.0076927759218961,0.2456044415012002,-0.004092786053661257,9.660620577278678e-06,9.033630135490966e-06,22803.911500000002,1.0,21796.59123046875,6.756605532055237e-06,462.5925014704899,1920.0,1.0,,112,,,,,,,,
2.086136531999955,0.0008208547224057838,0.005777994796517305,0.0,0.0,0.014632500000000001,4.0,0.7175,-0.006272505153901875,0.23763604648411274,-0.0027991560054942966,8.320442248077597e-06,6.055432891116652e-06,22569.708749999998,1.0,21762.421144531247,6.756605532055237e-06,383.4810311325937,1920.0,1.0,,113,,,,,,,,
2.069499498999903,0.0013973526147310622,0.009562174600432627,0.0,0.0,0.014585,4.0,0.7150000000000001,-0.00425362320675049,0.24033741187304258,-0.0007528867354267277,1.1687053017794824e-05,6.833092498936821e-06,22611.676249999997,1.0,21786.132609375003,6.756605532055237e-06,439.33356342497586,1920.0,1.0,,114,,,,,,,,
2.1582780669999693,0.0016029071266530082,0.017089843924622983,0.0,0.0,0.014537500000000002,4.0,0.7125,-0.005731276381993666,0.23548246640712023,-0.0023127643507905304,1.04285314819208e-05,7.542510928715274e-06,22604.873249999997,1.0,21785.03138671875,6.756605532055237e-06,441.3888733031675,1920.0,1.0,,115,,,,,,,,
2.069249830999979,0.002102178790664766,0.014160156482830644,0.0,0.0,0.014490000000000001,4.0,0.71,-0.005741877379477955,0.2322251070290804,-0.002380899677518755,7.169554578467796e-06,6.4936319006392296e-06,22783.4695,1.0,21733.95539453125,6.756605532055237e-06,463.8291457608326,1920.0,1.0,,116,,,,,,,,
2.0678943890000028,0.0008055046801018761,0.003987630247138441,0.0,0.0,0.0144425,4.0,0.7075,-0.0023945551365613937,0.2248042682185769,0.0008485740545438603,8.45156509399203e-06,5.521875408476262e-06,22513.429750000003,1.0,21799.946609374998,6.756605532055237e-06,414.24387581125575,1920.0,1.0,,117,,,,,,,,
2.0881569839999656,0.001641444323468022,0.013590494927484542,0.0,0.0,0.014395000000000002,4.0,0.7050000000000001,-0.00500345446926076,0.23083368316292763,-0.0016839962918311357,6.774070044457403e-06,5.429859555761141e-06,22494.84275,1.0,21751.156375,6.756605532055237e-06,363.59320572853005,1920.0,1.0,,118,,,,,,,,
2.0883714340000097,0.0024943109674495645,0.031005859724245965,0.0,0.0,0.014347500000000001,4.0,0.7025,-0.00553353363648057,0.22831738088279963,-0.0022629546001553535,6.721337825865703e-06,9.065278447906167e-06,22922.76,1.0,21824.56608984375,6.756605532055237e-06,447.33658220298645,1920.0,1.0,,119,,,,,,,,
2.1157147989999885,0.0021140127601029235,0.028076172340661287,0.0,0.0,0.0143,4.0,0.7,-0.0062188777956180274,0.23012095037847757,-0.0029417088953778148,7.81568473939842e-06,2.5558133188496868e-05,22794.72,1.0,21916.460527343752,6.756605532055237e-06,472.26202730868704,1920.0,1.0,,120,22922.76,22541.77925,22108.9465,70000042,21860.295166666674,best_of_k,22541.77925,448.1023051224525
2.0704063780000297,0.0008971744623522682,0.0035807292442768812,0.0,0.0,0.014252500000000001,4.0,0.6975,-0.0022894530120538548,0.23433982580900192,0.001042708958266303,5.046397717478612e-06,1.4521701984904212e-05,22685.374,1.0,21849.221929687497,6.756605532055237e-06,360.79553866208187,1920.0,1.0,,121,,,,,,,,
2.090463299000021,0.001207952047479921,0.012654622551053762,0.0,0.0,0.014205,4.0,0.6950000000000001,-0.0043667379941325635,0.23458075243979692,-0.0010384593915659934,7.211342108348617e-06,6.439707846084275e-06,22804.4455,1.0,21844.837171875002,6.756605532055237e-06,435.87837521551967,1920.0,1.0,,122,,,,,,,,
2.0846026809999785,0.001341652729024645,0.007609049527673051,0.0,0.0,0.0141575,4.0,0.6925,-0.003797749290242791,0.23461643233895302,-0.00047916744370013475,5.655659919057143e-06,4.870273102142164e-06,22799.592750000003,1.0,21839.52013671875,6.756605532055237e-06,375.5247298340643,1920.0,1.0,,123,,,,,,,,
2.157743686999993,0.0015167312594712712,0.0064697265625,0.0,0.0,0.014110000000000001,4.0,0.69,-0.004364504915429279,0.2321680225431919,-0.0010920394270215183,6.165434427884975e-06,5.616373982775258e-06,22815.479,1.0,21845.782640625002,6.756605532055237e-06,440.7260224979583,1920.0,1.0,,124,,,,,,,,
2.0750333600000204,0.0019323956512380391,0.021443685021949932,0.0,0.0,0.0140625,4.0,0.6875,-0.0033840431133285165,0.23041430674493313,-0.000148240098496899,7.948288185843921e-06,7.2082993654021266e-06,22735.22325,1.0,21855.273140625002,6.756605532055237e-06,528.7177823010308,1920.0,1.0,,125,,,,,,,,
2.0866416470000786,0.0023913564000395127,0.03202311205677688,0.0,0.0,0.014015,4.0,0.685,-0.004546120733721182,0.22964337468147278,-0.0013315841788426042,5.970825355916531e-06,6.636749702693123e-06,22615.40975,1.0,21871.198296875,6.756605532055237e-06,407.680377172097,1920.0,1.0,,126,,,,,,,,
2.067390838000051,0.0011249221752223093,0.0061848959885537624,0.0,0.0,0.0139675,4.0,0.6825,-0.0053458398033399135,0.22426433209329844,-0.0022186654387041926,6.35268344240103e-06,9.204733089518413e-06,22782.75925,1.0,21852.76140234375,6.756605532055237e-06,458.3153199080299,1920.0,1.0,,127,,,,,,,,
2.0640692239999225,0.0016564352531531767,0.01810709637356922,0.0,0.0,0.01392,4.0,0.6799999999999999,-0.004513049163506366,0.220960414968431,-0.0014414777106139809,7.300492171680162e-06,6.934594551921691e-06,22862.758749999997,1.0,21878.32426171875,6.756605532055237e-06,426.73340250501656,1920.0,1.0,,128,,,,,,,,
2.1375219479999714,0.0019596972915678634,0.023111979477107525,0.0,0.0,0.0138725,4.0,0.6775,-0.007591630055685528,0.2266343031078577,-0.0044514554319903255,7.022731580264008e-06,6.214295439121997e-06,22834.12225,1.0,21930.195746093752,6.756605532055237e-06,431.5616403349252,1920.0,1.0,,129,,,,,,,,
2.077473011000052,0.0012918652282678522,0.010904948081588373,0.0,0.0,0.013825,4.0,0.675,-0.005511075854883529,0.22895915526896715,-0.002349285874515772,8.381795026934924e-06,5.464305132818481e-06,22839.223249999995,1.0,21937.0267421875,6.756605532055237e-06,414.65072434340374,1920.0,1.0,,130,,,,,,,,
2.0732038280000324,0.001178327318484662,0.005574544309638441,0.0,0.0,0.013777500000000002,4.0,0.6725,-0.002670573740033433,0.22480450570583344,0.0004223272771923803,1.064843547737837e-05,6.55719895803486e-06,22761.237500000003,1.0,21945.85076171875,6.756605532055237e-06,454.184985942109,1920.0,1.0,,131,,,,,,,,
2.061398572999906,0.001673325888987165,0.016886393539607525,0.0,0.0,0.01373,4.0,0.6699999999999999,-0.002152072251192294,0.2212269278243184,0.0008821120136417449,6.783376335306457e-06,5.1658006157140335e-06,22781.96775,1.0,21935.94180859375,6.756605532055237e-06,396.4273443225752,1920.0,1.0,,132,,,,,,,,
2.1126505149999275,0.0019600526429712772,0.01977539101790171,0.0,0.0,0.0136825,4.0,0.6675,-0.006107473571319133,0.22692703362554312,-0.0030063288286328316,6.9932583812715166e-06,6.170435682406605e-06,22919.264000000003,1.0,21878.306078125,6.756605532055237e-06,443.5847193178578,1920.0,1.0,,133,,,,,,,,
2.054996826999968,0.003451510470767971,0.03784179751528427,0.0,0.0,0.013635000000000001,4.0,0.665,-0.007506755937356502,0.22136483527719975,-0.004495541448704898,1.1261886811553268e-05,1.1936722529526378e-05,22773.277,1.0,21932.51082421875,6.756605532055237e-06,443.85712347721534,1920.0,1.0,,134,,,,,,,,
2.064754631000028,0.0017698499314064975,0.016927083503105678,0.0,0.0,0.013587499999999999,4.0,0.6625,-0.005722337315091863,0.22010663524270058,-0.0027391219045966864,8.286058346129721e-06,1.3309757889601315e-05,22859.029499999997,1.0,22015.6389140625,6.756605532055237e-06,448.29736378295854,1920.0,1.0,,135,,,,,,,,
2.0392742000000226,0.0018390748955425806,0.013956705734017305,0.0,0.0,0.01354,4.0,0.6599999999999999,-0.004513386447797529,0.21000678278505802,-0.0016736367833800614,3.7095233409445427e-06,6.742465942011222e-06,22770.607,1.0,21962.830675781246,6.756605532055237e-06,325.62865794828133,1920.0,1.0,,136,,,,,,,,
2.046231571000021,0.0014049858291400596,0.009358724099001847,0.0,0.0,0.013492500000000001,4.0,0.6575,-0.00411383350729011,0.20570003986358643,-0.0013442282215692103,4.802192023589669e-06,1.0642600983601369e-05,22811.760500000004,1.0,22020.9716015625,6.756605532055237e-06,356.57478633047026,1920.0,1.0,,137,,,,,,,,
2.1065665229999695,0.0008429111112491228,0.006917317747138441,0.0,0.0,0.013445000000000002,4.0,0.655,-0.0031558990303892642,0.19950192980468273,-0.0004915721947327256,5.761128647918667e-06,3.479994893496041e-05,22790.2055,1.0,21994.75529296875,6.756605532055237e-06,379.41456029289554,1920.0,1.0,,138,,,,,,,,
2.0802337140000873,0.0023661081650061533,0.028808593924622983,0.0,0.0,0.013397500000000001,4.0,0.6525000000000001,-0.00530796850216575,0.1906009605154395,-0.0027659949264489114,4.504668254412536e-06,2.230438488481923e-05,22628.114500000003,1.0,21986.85955859375,6.756605532055237e-06,309.84440077641494,1920.0,1.0,,139,,,,,,,,
2.0646050240000022,0.0015159127615334,0.017333984535071068,0.0,0.0,0.01335,4.0,0.65,-0.0028397353453328833,0.1888539707288146,-0.00033835117937996984,4.191328173419606e-06,3.879246398241776e-05,22522.25275,1.0,21974.77465625,6.756605532055237e-06,354.7072685785948,1920.0,1.0,,140,22922.76,22426.431500000002,22355.051499999998,70000042,21841.546591666665,best_of_k,22426.431500000002,389.9394120233482
2.1144774279999865,0.0005553252367462846,0.0023600260901730508,0.0,0.0,0.013302500000000002,4.0,0.6475,-0.0029719347949139774,0.18667411897331476,-0.0005033301131334156,4.058311901644629e-06,2.8444203508115606e-05,22778.468249999998,1.0,21970.20000390625,6.756605532055237e-06,363.41696009271794,1920.0,1.0,,141,,,,,,,,
2.0708254580000585,0.001470526285629603,0.017456054862122983,0.0,0.0,0.013255000000000001,4.0,0.645,-0.004527162207523361,0.19008805602788925,-0.002013886522036046,6.567143998381653e-06,1.1370816167755038e-05,22818.29575,1.0,21990.677480468752,6.756605532055237e-06,381.5544435648685,1920.0,1.0,,142,,,,,,,,
2.1058276480000586,0.0018512198766984511,0.021158854637178592,0.0,0.0,0.0132075,4.0,0.6425000000000001,-0.005399637972004712,0.1894666077569127,-0.0029059763182885945,9.168362851141865e-06,1.5603360424165658e-05,22676.903249999996,1.0,21913.24897265625,6.756605532055237e-06,411.09974062255463,1920.0,1.0,,143,,,,,,,,
2.087909771999989,0.001143963427239214,0.008341471548192203,0.0,0.0,0.013160000000000002,4.0,0.64,-0.004566019772028085,0.18852180428802967,-0.0020884214027319103,5.1581152717972145e-06,5.66528888157336e-06,22603.58975,1.0,21942.03737109375,6.756605532055237e-06,343.88758146139685,1920.0,1.0,,144,,,,,,,,
2.074290689999998,0.0014796031537116505,0.015218099040794186,0.0,0.0,0.013112500000000001,4.0,0.6375,-0.004788986028870568,0.19248566590249538,-0.0022677103988826275,3.936247296110196e-06,4.597453624910486e-06,22731.36075,1.0,22043.8891640625,6.756605532055237e-06,355.90284517367843,1920.0,1.0,,145,,,,,,,,
2.1006964789999074,0.0010624895494402153,0.011433919367846102,0.0,0.0,0.013065,4.0,0.635,-0.0019426152430241928,0.19320968259125948,0.0005792765296064317,4.3654162453776735e-06,3.912003336381531e-06,22636.85375,1.0,21999.317234374997,6.756605532055237e-06,318.56189356579114,1920.0,1.0,,146,,,,,,,,
2.129014082000026,0.0010872392376768403,0.010701497551053762,0.0,0.0,0.013017500000000001,4.0,0.6325000000000001,-0.003249583940487355,0.19535795599222183,-0.0007098008063621819,6.531455767344596e-06,5.27068542055531e-06,22679.465999999997,1.0,22075.494867187503,6.756605532055237e-06,381.1419257871713,1920.0,1.0,,147,,,,,,,,
2.071428116999982,0.0018386891388217919,0.018554687601863407,0.0,0.0,0.01297,4.0,0.63,-0.005506105415406637,0.191671141423285,-0.0030229788972064853,4.931933432317237e-06,4.709373214950574e-06,22773.47225,1.0,21977.10587109375,6.756605532055237e-06,364.9321864975902,1920.0,1.0,,148,,,,,,,,
2.060592865999979,0.002264829323394224,0.025390625349245965,0.0,0.0,0.0129225,4.0,0.6275,-0.0024486337351845577,0.18439340218901634,-6.821769056841731e-05,4.053870057418862e-06,4.004237950994138e-06,22752.766250000004,1.0,22073.51225,6.756605532055237e-06,333.37225983538303,1920.0,1.0,,149,,,,,,,,
2.1045581649999576,0.0027673721306200605,0.03194173196970951,0.0,0.0,0.012875000000000001,4.0,0.625,-0.006245899203349836,0.1862193737179041,-0.0038506852579303086,4.03438426133107e-06,3.913944055966567e-06,22655.848,1.0,22054.693167968748,6.756605532055237e-06,317.98874921256805,1920.0,1.0,,150,,,,,,,,
2.0679036609999457,0.0018495812291803304,0.022216797107830644,0.0,0.0,0.0128275,4.0,0.6225,-0.00013100342766847461,0.18867889884859324,0.002286254137288779,4.873825929507802e-06,5.0671550866354664e-06,22664.72175,1.0,21947.75553125,6.756605532055237e-06,387.5467439261524,1920.0,1.0,,151,,,,,,,,
2.1227426980000246,0.0018241500074509531,0.016805013176053762,0.0,0.0,0.01278,4.0,0.62,-0.004721300530945882,0.18776474706828594,-0.002324146160390228,5.706435587171654e-06,3.816998656702708e-06,22688.522000000004,1.0,22079.749835937502,6.756605532055237e-06,344.3703488770706,1920.0,1.0,,152,,,,,,,,
2.105822973000045,0.001033907425153302,0.009033203125,0.0,0.0,0.0127325,4.0,0.6174999999999999,-0.003920401744835544,0.18484737072139978,-0.0015691806329414248,4.336460037279721e-06,3.8298030631267466e-06,22910.40925,1.0,22161.22966796875,6.756605532055237e-06,322.9209190058008,1920.0,1.0,,153,,,,,,,,
2.056673280000041,0.0010267719444527756,0.009033203125,0.0,0.0,0.012685,4.0,0.615,-0.0022061297786422074,0.18290497455745935,0.00011128092592116445,4.99116373475772e-06,4.478715737832317e-06,22713.150999999998,1.0,22030.2149375,6.756605532055237e-06,357.80865262997105,1920.0,1.0,,154,,,,,,,,
2.0593292329999713,0.001402032686542043,0.016398111984017305,0.0,0.0,0.0126375,4.0,0.6125,-0.003053924534469843,0.18426422867923975,-0.0007292385562323034,6.54536214028667e-06,6.596030431182953e-06,22649.57425,1.0,21998.7044609375,6.756605532055237e-06,371.1986583114273,1920.0,1.0,,155,,,,,,,,
2.068805150000003,0.00060056768143113,0.0038655599346384406,0.0,0.0,0.01259,4.0,0.61,-0.0038757571310270578,0.18036163225769997,-0.0016086836185422726,8.176290947403686e-06,5.724311364474488e-06,22749.423249999996,1.0,22085.18269921875,6.756605532055237e-06,343.8758226556359,1920.0,1.0,,156,,,,,,,,
2.0944113460000153,0.0008838369249133393,0.007080078212311491,0.0,0.0,0.012542500000000002,4.0,0.6074999999999999,-0.005720453627873212,0.18209781125187874,-0.0034394148970022798,5.539891304806588e-06,4.738343349686147e-06,22711.5,1.0,22028.543468750002,6.756605532055237e-06,364.6935302350315,1920.0,1.0,,157,,,,,,,,
2.0964077570000654,0.0029058049840386957,0.03727213604724966,0.0,0.0,0.012495,4.0,0.605,-0.00794730504276231,0.1887827143073082,-0.00559130753390491,4.014341229208185e-06,4.883382544562664e-06,22860.862749999997,1.0,22154.30394921875,6.756605532055237e-06,327.28162551210545,1920.0,1.0,,158,,,,,,,,
2.208485959999962,0.0006332291522994637,0.0018310546875,0.0,0.0,0.0124475,4.0,0.6025,-0.0033121286687674,0.1865651961416006,-0.0009930302621796727,5.349216252170663e-06,5.274100089991407e-06,22859.87125,1.0,22055.475972656248,6.756605532055237e-06,351.2663048717264,1920.0,1.0,,159,,,,,,,,
2.047698480000008,0.0021471377767738886,0.030598958488553762,0.0,0.0,0.012400000000000001,4.0,0.6,-0.004928449110593647,0.18048031069338322,-0.0026930094754789025,3.5968327267710265e-06,4.3136984970715275e-06,22704.745499999997,1.0,22021.58898046875,6.756605532055237e-06,326.9631634186505,1920.0,1.0,,160,22922.76,22761.60325,22355.051499999998,70000042,22079.03100833333,best_of_k,22761.60325,369.0445908117021
2.122693588000061,0.0024176683218684047,0.02726236986927688,0.0,0.0,0.012352499999999999,4.0,0.5974999999999999,-0.004571985773509368,0.18609404657036066,-0.0022767723130527884,3.783919723332474e-06,6.269013709925275e-06,22832.282,1.0,22141.196316406247,6.756605532055237e-06,315.11756190378856,1920.0,1.0,,161,,,,,,,,
2.088924334000012,0.0011548698457772844,0.008911132856155746,0.0,0.0,0.012305,4.0,0.595,-0.005811115413962398,0.17884731478989124,-0.0036137798815616407,5.039911286530696e-06,5.755484323799465e-06,22803.466249999998,1.0,22009.993285156248,6.756605532055237e-06,364.3619662351461,1920.0,1.0,,162,,,,,,,,
2.0475426490000928,0.001992043573409319,0.0225830078125,0.0,0.0,0.012257500000000001,4.0,0.5925,-0.0018907304329331964,0.17793180420994759,0.00028721956186927855,5.933997357487897e-06,4.91115824274857e-06,22823.9635,1.0,22088.2362578125,6.756605532055237e-06,395.34312906268735,1920.0,1.0,,163,,,,,,,,
2.0458906190000334,0.001311810738116037,0.012817382827051915,0.0,0.0,0.012210000000000002,4.0,0.5900000000000001,-0.002987027502967976,0.17597819957882166,-0.0008410008158534765,6.603531090831893e-06,4.0142793409359e-06,22984.87425,1.0,22119.82334765625,6.756605532055237e-06,356.2215673083487,1920.0,1.0,,164,,,,,,,,
2.0543714390000787,0.0012670853302552132,0.010091145988553762,0.0,0.0,0.012162500000000001,4.0,0.5875,-0.0031519680633209646,0.17411563359200954,-0.0010365279158577323,4.017106846276874e-06,3.6793236404264462e-06,22881.432500000003,1.0,22097.387003906253,6.756605532055237e-06,357.5145234191149,1920.0,1.0,,165,,,,,,,,
2.1114348280000286,0.0023768265746184625,0.027709961097571068,0.0,0.0,0.012115,4.0,0.585,-0.005516372504644096,0.17211356572806835,-0.0034337834804318845,4.96383756853902e-06,4.1395449414949326e-06,22743.8115,1.0,22123.4374609375,6.756605532055237e-06,354.34068018357345,1920.0,1.0,,166,,,,,,,,
2.0876934600000823,0.001754763779899804,0.0205078125,0.0,0.0,0.0120675,4.0,0.5825,-0.0030847222078591585,0.1677659461274743,-0.0010651893680915236,1.0017008776230796e-05,7.962395500271668e-06,22786.090249999997,1.0,22067.117468750002,6.756605532055237e-06,399.42877377721396,1920.0,1.0,,167,,,,,,,,
2.0919383899999957,0.001275926158996299,0.01188151043606922,0.0,0.0,0.012020000000000001,4.0,0.5800000000000001,-0.004638318685465492,0.16981308069080114,-0.00260138584417291,9.805669847651188e-06,6.479890330979288e-06,22780.48875,1.0,22098.247828125,6.756605532055237e-06,320.42095230964134,1920.0,1.0,,168,,,,,,,,
2.0739591220000193,0.0014766949461773038,0.01774088549427688,0.0,0.0,0.0119725,4.0,0.5775,-0.0021735945192631334,0.1694501554593444,-0.00014860348892398179,8.33584516612973e-06,5.836119441937626e-06,22892.578250000002,1.0,22094.14371875,6.756605532055237e-06,371.09284305097725,1920.0,1.0,,169,,,,,,,,
2.045341728999915,0.0007325552542170044,0.008382161613553762,0.0,0.0,0.011925000000000002,4.0,0.575,-0.003923815820598975,0.1649161484092474,-0.0019597294158302248,8.09058491313408e-06,3.458667848121877e-06,22963.253500000003,1.0,22227.1463046875,6.756605532055237e-06,319.17641704687674,1920.0,1.0,,170,,,,,,,,
2.094686994000085,0.001716272126941476,0.021606445545330644,0.0,0.0,0.011877500000000001,4.0,0.5725,-0.003364668693393469,0.16433912049978971,-0.0014152845469652675,6.861296753868373e-06,3.7355434301389323e-06,22767.626,1.0,22136.318921875,6.756605532055237e-06,338.97814129824,1920.0,1.0,,171,,,,,,,,
2.0457814919999464,0.000820388780994108,0.00215657553053461,0.0,0.0,0.01183,4.0,0.5700000000000001,-0.002844759204890579,0.16441371943801641,-0.0009019118151627481,5.025598312613511e-06,3.328626078769048e-06,22880.833,1.0,22095.1505,6.756605532055237e-06,309.75339060608,1920.0,1.0,,172,,,,,,,,
2.0698941110000533,0.0012675206262429128,0.010294596431776881,0.0,0.0,0.011782500000000001,4.0,0.5675,-0.003085650401772,0.16656153369694948,-0.0011252403201069683,4.425893919801638e-06,3.3179741336653024e-06,22945.019500000002,1.0,22106.651921874996,6.756605532055237e-06,344.4343085496022,1920.0,1.0,,173,,,,,,,,
2.06761480199998,0.0019407658437557984,0.02323404955677688,0.0,0.0,0.011735,4.0,0.565,-0.004031722084619105,0.16101936995983124,-0.002144823782145977,3.951688441361512e-06,4.538160553124726e-06,22916.69225,1.0,22212.72144921875,6.756605532055237e-06,354.30388114572537,1920.0,1.0,,174,,,,,,,,
2.0928986740000255,0.0010895922532654367,0.00838216146803461,0.0,0.0,0.0116875,4.0,0.5625,-0.0015888454508967698,0.1569978902116418,0.00023920816602185369,1.1912237596334307e-05,1.133532910557733e-05,22744.128249999998,1.0,22074.491109375,6.756605532055237e-06,375.2480620000411,1920.0,1.0,,175,,,,,,,,
2.1010808689999294,0.0026504972047405317,0.03560384146112483,0.0,0.0,0.011640000000000001,4.0,0.56,-0.005310259381076321,0.15065566450357437,-0.003561467456165701,1.6449722352263052e-05,6.3905940521635785e-06,22880.9565,1.0,22179.62112890625,6.756605532055237e-06,375.00432075048616,1920.0,1.0,,176,,,,,,,,
2.0676932370000713,0.0008102384053927381,0.00830078125,0.0,0.0,0.0115925,4.0,0.5575,-0.0024752078752499074,0.1469204742461443,-0.0007760620646877214,8.47850753871171e-06,6.3637874916366854e-06,22977.8915,1.0,22151.198765625,6.756605532055237e-06,365.2259006691095,1920.0,1.0,,177,,,,,,,,
2.090225875000101,0.0017176263318106066,0.019327799789607525,0.0,0.0,0.011545,4.0,0.5549999999999999,-0.002014521131059155,0.14985544607043266,-0.00028667208971455693,4.081452772197736e-06,3.6476819502695434e-06,22836.67625,1.0,22140.06814453125,6.756605532055237e-06,352.9889353719094,1920.0,1.0,,178,,,,,,,,
2.092289967999932,0.0020787309258594178,0.023763021163176745,0.0,0.0,0.0114975,4.0,0.5525,-0.0019797135464614257,0.1500031016767025,-0.00025735783856362104,3.6635590419109576e-06,3.877718569356148e-06,22957.944,1.0,22201.09369921875,6.756605532055237e-06,317.5915983760972,1920.0,1.0,,179,,,,,,,,
2.1842747980000468,0.0008230225275838166,0.0076497397385537624,0.0,0.0,0.01145,4.0,0.55,-0.0038737605573260225,0.14924480393528938,-0.0021673174924217165,4.1629781009078215e-06,3.98779098986779e-06,22966.965500000002,1.0,22227.305871093748,6.756605532055237e-06,349.55577095018486,1920.0,1.0,,180,22984.87425,22664.9935,22355.051499999998,70000042,22126.370825,best_of_k,22664.9935,310.25922815944176
2.0787961869999663,0.002038611119132838,0.024169922224245965,0.0,0.0,0.011402500000000001,4.0,0.5475,-0.003361767412570771,0.14792943466454744,-0.0016771022928878665,4.915967409147015e-06,3.216511984760473e-06,22817.55975,1.0,22217.13222265625,6.756605532055237e-06,304.2915152637517,1920.0,1.0,,181,,,,,,,,
2.0689286540000467,0.0013414073850981367,0.009073893423192203,0.0,0.0,0.011355,4.0,0.5449999999999999,-0.0039092278748285025,0.14683692902326584,-0.002243972907308489,4.991032298562459e-06,3.158666146418909e-06,22995.6995,1.0,22129.66859375,6.756605532055237e-06,293.360155848533,1920.0,1.0,,182,,,,,,,,
2.0721856979999984,0.0019894989709428046,0.019816080894088373,0.0,0.0,0.0113075,4.0,0.5425,-0.0003822917933575809,0.15093682892620564,0.001322746160440147,3.540526677170419e-06,2.6513239106407127e-06,22746.883,1.0,22168.21101171875,6.756605532055237e-06,225.06100556173175,1920.0,1.0,,183,,,,,,,,
2.0722659450000265,0.002497457727258734,0.028889974113553762,0.0,0.0,0.011260000000000001,4.0,0.54,-0.0012949492956977338,0.14566649682819843,0.0003429898351896554,4.691534414291709e-06,3.5921949432804468e-06,22682.251,1.0,22166.512238281248,6.756605532055237e-06,322.6351328600103,1920.0,1.0,,184,,,,,,,,
2.132696065999994,0.001528664000943536,0.016438802238553762,0.0,0.0,0.0112125,4.0,0.5375,-0.0013505499518942088,0.1435991395264864,0.00025750522036105394,2.778779347067939e-06,3.544968208757382e-06,22728.98425,1.0,22195.442527343752,6.756605532055237e-06,285.48870478751036,1920.0,1.0,,185,,,,,,,,
2.1161915840000347,0.0004541367761703441,0.0017496744985692203,0.0,0.0,0.011165,4.0,0.5349999999999999,-0.002741904667345807,0.1444452442228794,-0.0011322360951453447,3.1800019257843815e-06,5.489451282869595e-06,22915.9795,1.0,22269.10822265625,6.756605532055237e-06,308.86448718140235,1920.0,1.0,,186,,,,,,,,
2.1015916339999876,0.0021628304193654913,0.024454752609017305,0.0,0.0,0.0111175,4.0,0.5325,-0.0049742569390218705,0.14621837995946407,-0.003357645880896598,3.941339130619781e-06,1.71561630963879e-05,22869.9585,1.0,22171.73081640625,6.756605532055237e-06,322.2110605296252,1920.0,1.0,,187,,,,,,,,
2.0847572469999704,0.0016975239304883871,0.0177001953125,0.0,0.0,0.011070000000000002,4.0,0.53,-0.003795255412114784,0.1412084773182869,-0.0022385926131391898,4.155263894745076e-06,1.2200938186879284e-05,22994.0845,1.0,22206.138687500003,6.756605532055237e-06,366.1539764876394,1920.0,1.0,,188,,,,,,,,
2.1182063159999416,0.0015450506307388423,0.02111816412070766,0.0,0.0,0.011022500000000001,4.0,0.5275000000000001,-0.004715469680377282,0.13832875713706017,-0.0031947452225722373,3.222490107646081e-06,7.365077308918444e-06,22981.69575,1.0,22208.17154296875,6.756605532055237e-06,294.65747634520363,1920.0,1.0,,189,,,,,,,,
2.0745695990000286,0.002389615094216424,0.029134114971384406,0.0,0.0,0.010975,4.0,0.525,0.0004303926616557874,0.13789541460573673,0.0019393861293792725,3.1071376014324414e-06,8.195950215394987e-06,22751.095,1.0,22208.66642578125,6.756605532055237e-06,272.1772559499109,1920.0,1.0,,190,,,,,,,,
2.0867823910000425,0.002153886765881907,0.022623698096140288,0.0,0.0,0.010927500000000001,4.0,0.5225,-0.004546063399175182,0.13729929085820913,-0.003058743168367073,4.664597867076736e-06,2.5102522442921327e-05,22894.683250000002,1.0,22240.79548828125,6.756605532055237e-06,345.1672161783808,1920.0,1.0,,191,,,,,,,,
2.109417226000005,0.0017206163902301341,0.020955403728294186,0.0,0.0,0.01088,4.0,0.52,-0.0004952194649376906,0.13748438842594624,0.0009957443689927459,5.387158026337602e-06,8.655611750896242e-06,22782.3955,1.0,22181.529367187497,6.756605532055237e-06,315.3487788469671,1920.0,1.0,,192,,,,,,,,
2.079363267000076,0.0016399921623815317,0.020467122667469084,0.0,0.0,0.0108325,4.0,0.5175000000000001,-0.001278542447835207,0.1330581521615386,0.00016073224833235145,4.958598466942021e-06,3.161752005098606e-06,22746.539,1.0,22241.093046875,6.756605532055237e-06,263.71100744792415,1920.0,1.0,,193,,,,,,,,
2.095822290000001,0.0016837048169691116,0.022135416860692203,0.0,0.0,0.010785000000000001,4.0,0.515,-0.005129864701302722,0.13910701218992472,-0.0036316863843239844,3.293326585662726e-06,3.523111288927794e-06,22686.893500000002,1.0,22110.709734375,6.756605532055237e-06,256.6896586269902,1920.0,1.0,,194,,,,,,,,
2.076909858000022,0.0016700817168384674,0.02022298180963844,0.0,0.0,0.0107375,4.0,0.5125,-0.0029138727113604546,0.14222538098692894,-0.0013884521904401481,3.068380038939722e-06,2.8347632081704432e-06,22761.82375,1.0,22179.71284375,6.756605532055237e-06,296.46415092145133,1920.0,1.0,,195,,,,,,,,
2.077639418999979,0.0016330893777194433,0.015787760610692203,0.0,0.0,0.010690000000000002,4.0,0.51,-0.0035096146311843768,0.14303188677877188,-0.001982199784833938,2.5446595657285798e-06,2.6834168380673873e-06,23010.076500000003,1.0,22266.2344609375,6.756605532055237e-06,274.9663668602237,1920.0,1.0,,196,,,,,,,,
2.0644123749999608,0.0014611964361392893,0.018025716301053762,0.0,0.0,0.010642500000000001,4.0,0.5075000000000001,-0.002888849725422915,0.14576557092368603,-0.0013394126435741782,2.9819311180290242e-06,3.1496835362077036e-06,22891.166,1.0,22283.13860546875,6.756605532055237e-06,307.04029839292815,1920.0,1.0,,197,,,,,,,,
2.1034616819999883,0.0018589756982692052,0.022989909048192203,0.0,0.0,0.010595,4.0,0.505,-0.005177546176128089,0.1482928991317749,-0.0036083542509004474,2.8541417975702643e-06,3.372673702983775e-06,22914.134500000004,1.0,22131.61518359375,6.756605532055237e-06,313.8607144728977,1920.0,1.0,,198,,,,,,,,
2.126457741999957,0.0009601594674677472,0.0050862631760537624,0.0,0.0,0.010547500000000001,4.0,0.5025,-0.003932703199097887,0.14462443627417088,-0.002410220477031544,3.7494352653766327e-06,5.136131235872199e-06,22974.3715,1.0,22212.2225234375,6.756605532055237e-06,344.48436071787756,1920.0,1.0,,199,,,,,,,,
2.0564149169999837,0.0018473683039701427,0.018066406453726813,0.0,0.0,0.0105,4.0,0.5,-0.002761908952379599,0.14091580733656883,-0.0012850340572185814,4.953770968540994e-06,4.491743638368462e-06,23009.6915,1.0,22214.248765625,6.756605532055237e-06,385.8324275478473,1920.0,1.0,,200,23010.076500000003,22840.30025,22349.793250000002,70000042,22152.245808333326,best_of_k,22840.30025,336.6874481980887
2.0640307959999973,0.0008157796764862724,0.0036214193096384406,0.0,0.0,0.010452500000000002,4.0,0.49750000000000005,-0.003359598144015763,0.13919664733111858,-0.0019072579452767968,4.618421158397723e-06,4.302342546225191e-06,22965.1715,1.0,22211.37569140625,6.756605532055237e-06,406.35625775985886,1920.0,1.0,,201,,,,,,,,
2.102876156000093,0.0022600150696234778,0.028198242536745965,0.0,0.0,0.010405000000000001,4.0,0.495,-0.00296904071001336,0.1354239033535123,-0.0015631845453754067,3.778469320536715e-06,5.703163097336983e-06,22940.619499999997,1.0,22117.289613281246,6.756605532055237e-06,302.9378962403184,1920.0,1.0,,202,,,,,,,,
2.144877833999999,0.0019016726655536331,0.02258300787070766,0.0,0.0,0.010357500000000002,4.0,0.49250000000000005,-0.002875982492696494,0.12998497672379017,-0.0015317877259803936,3.420268782861058e-06,3.5643575131416583e-06,23015.763499999997,1.0,22199.491585937503,6.756605532055237e-06,329.7307761672899,1920.0,1.0,,203,,,,,,,,
2.105685429999994,0.000870769835273677,0.00630696615553461,0.0,0.0,0.01031,4.0,0.49,-0.0037749551120214164,0.12598392739892006,-0.0024777768994681537,2.8447040136825308e-06,2.86260720372411e-06,23021.9565,1.0,22210.86102734375,6.756605532055237e-06,296.40340689273694,1920.0,1.0,,204,,,,,,,,
2.1181552580001153,0.0003843070662696846,0.0020345052471384406,0.0,0.0,0.0102625,4.0,0.48750000000000004,-0.004566965821140911,0.1222466821782291,-0.0033146358910016716,4.507308815959732e-06,3.5511424130163505e-06,22869.70725,1.0,22216.746347656255,6.756605532055237e-06,335.31560968368944,1920.0,1.0,,205,,,,,,,,
2.0543386389999796,0.0028767236412932107,0.0408935546875,0.0,0.0,0.010215,4.0,0.485,-0.0022662619594484568,0.12165630655363202,-0.0010251429630443454,2.928538606283837e-06,2.615664129734796e-06,22944.1395,1.0,22212.98588671875,6.756605532055237e-06,276.6022389034728,1920.0,1.0,,206,,,,,,,,
2.094759058999898,0.0013274746434035478,0.012939453139551915,0.0,0.0,0.010167500000000001,4.0,0.48250000000000004,-0.003626463294494897,0.12471981206908822,-0.002361204693443142,3.3482253058991773e-06,4.990506383251159e-06,22896.153250000003,1.0,22235.061863281247,6.756605532055237e-06,346.25839670097747,1920.0,1.0,,207,,,,,,,,
2.14522617800003,0.0008199090516427532,0.003092447921517305,0.0,0.0,0.01012,4.0,0.48,-0.003312594191811513,0.123527348972857,-0.0020659025758504868,3.6813518704548187e-06,6.074747673778802e-06,22972.515499999998,1.0,22256.81208203125,6.756605532055237e-06,344.84070501683806,1920.0,1.0,,208,,,,,,,,
2.086942759999829,0.001602995595021639,0.024007161788176745,0.0,0.0,0.010072500000000002,4.0,0.47750000000000004,0.0009227740483765956,0.1219605403020978,0.002148782310541719,3.8475003947269215e-06,4.109960144660363e-06,23013.123499999998,1.0,22221.8836171875,6.756605532055237e-06,329.4242714647186,1920.0,1.0,,209,,,,,,,,
2.1292085750001206,0.0007217099591798615,0.003214518234017305,0.0,0.0,0.010025000000000001,4.0,0.475,-0.003406551812076941,0.12174438126385212,-0.0021883221925236285,4.478627431581117e-06,3.6210698510785733e-06,22959.011500000004,1.0,22234.45693359375,6.756605532055237e-06,338.40036772684016,1920.0,1.0,,210,,,,,,,,
2.1022583769999983,0.001545432569400873,0.022379557485692203,0.0,0.0,0.009977500000000002,4.0,0.47250000000000003,-0.0008602025627624243,0.11778914742171764,0.00031260709511116147,3.0823254633105535e-06,4.247093187359496e-06,22979.21225,1.0,22341.307414062503,6.756605532055237e-06,285.2382058284535,1920.0,1.0,,211,,,,,,,,
2.0778121519999786,0.000759422882765648,0.007690429862122983,0.0,0.0,0.00993,4.0,0.47,-0.0024138604130712338,0.11869188025593758,-0.0012397218961268663,4.4461629613579134e-06,8.055047800326065e-06,22969.9715,1.0,22187.2014375,6.756605532055237e-06,394.82747820004954,1920.0,1.0,,212,,,,,,,,
2.1246350320000147,0.0007737816226836003,0.00520833334303461,0.0,0.0,0.0098825,4.0,0.4675,-0.0024666328099556267,0.11832991102710366,-0.0012999802129343152,3.914306091701292e-06,4.7027840111013575e-06,22965.1715,1.0,22288.84105078125,6.756605532055237e-06,332.34455355839964,1920.0,1.0,,213,,,,,,,,
2.091594417999886,0.0025200816453434527,0.027669271046761423,0.0,0.0,0.009835,4.0,0.46499999999999997,-0.004399580706376582,0.11948956176638603,-0.0032262647291645408,3.7901879466062383e-06,2.9713594074110006e-06,22951.179500000002,1.0,22315.562660156247,6.756605532055237e-06,309.3697166417755,1920.0,1.0,,214,,,,,,,,
2.0901344280000558,0.0011808948111138307,0.012369791758828796,0.0,0.0,0.009787500000000001,4.0,0.4625,0.00015393481589853764,0.12036479311063886,0.0013297091354615986,5.658938960095838e-06,3.4595320528296725e-06,22970.8515,1.0,22252.29696484375,6.756605532055237e-06,322.8010195843608,1920.0,1.0,,215,,,,,,,,
2.0860970579999503,0.001180118848424172,0.010701497521949932,0.0,0.0,0.00974,4.0,0.45999999999999996,-0.001771948103851173,0.11687600472941995,-0.0006354104334604926,3.4796953514160123e-06,2.973554700247405e-06,22940.7155,1.0,22188.20055078125,6.756605532055237e-06,283.47346334647125,1920.0,1.0,,216,,,,,,,,
2.149626079999962,0.0008402682906307746,0.006917317747138441,0.0,0.0,0.009692500000000001,4.0,0.4575,-0.00231245590839535,0.11510583013296127,-0.0011988537444267422,3.1749984401585607e-06,3.4858268946891258e-06,22947.6595,1.0,22223.06859765625,6.756605532055237e-06,329.96657647690614,1920.0,1.0,,217,,,,,,,,
2.057897416999822,0.0011952861204918008,0.01774088549427688,0.0,0.0,0.009644999999999999,4.0,0.45499999999999996,-0.001690145320026204,0.11405940493568778,-0.0005932281783316284,2.485990563627638e-06,5.874712911690949e-06,22872.0385,1.0,22289.71391015625,6.756605532055237e-06,272.79373575342123,1920.0,1.0,,218,,,,,,,,
2.075480521999907,0.00020897048375445593,0.0001220703125,0.0,0.0,0.0095975,4.0,0.4525,-4.646059824153781e-05,0.11535492911934853,0.0010589782614260912,2.5236571445930167e-06,2.8559503562064492e-06,22965.5715,1.0,22223.276480468747,6.756605532055237e-06,279.49656189781956,1920.0,1.0,,219,,,,,,,,
2.050721930000009,0.0009139191315625794,0.007893880305346102,0.0,0.0,0.00955,4.0,0.44999999999999996,-0.0010720652644522488,0.11610792065039277,3.49594047293067e-05,3.0870093468138293e-06,2.9945942259246294e-06,22945.019500000002,1.0,22247.452078125,6.756605532055237e-06,312.13190803796044,1920.0,1.0,,220,23021.9565,22615.165250000002,22489.43125,70000042,22133.34918333333,best_of_k,22615.165250000002,380.6949543858571
2.191811494999911,0.0009092905584111577,0.008789062558207661,0.0,0.0,0.0095025,4.0,0.4475,-0.002946619992144406,0.11641925573348999,-0.0018423542496748269,3.3029619714852743e-06,3.354445354375457e-06,22983.4605,1.0,22264.177351562503,6.756605532055237e-06,305.7380558557162,1920.0,1.0,,221,,,,,,,,
2.1452817869999308,0.0012805988153559156,0.015625000116415322,0.0,0.0,0.009455,4.0,0.44499999999999995,-0.0004000081098638475,0.11511995689943433,0.0006868184427730739,2.8502497002591554e-06,2.6949856959390672e-06,22926.6275,1.0,22292.4802109375,6.756605532055237e-06,267.9860812316436,1920.0,1.0,,222,,,,,,,,
2.097934086000123,0.0007272063112395699,0.0054931640625,0.0,0.0,0.009407500000000001,4.0,0.4425,-0.003067839046707377,0.11546308919787407,-0.00198363748495467,3.919363777526996e-06,3.2514423509155677e-06,22954.6115,1.0,22269.306578125,6.756605532055237e-06,335.9358181775603,1920.0,1.0,,223,,,,,,,,
2.0975291659999584,0.0012939667722093873,0.014322916787932627,0.0,0.0,0.00936,4.0,0.43999999999999995,-0.003147706564050168,0.11397626390680671,-0.002083970932289958,3.556675579829971e-06,5.452946354012056e-06,22945.019500000002,1.0,22199.513082031248,6.756605532055237e-06,298.7608444783261,1920.0,1.0,,224,,,,,,,,
2.0935283260000688,0.000480722115298704,0.0023193359666038305,0.0,0.0,0.009312500000000001,4.0,0.4375,-0.0032100708776852116,0.10976598504930735,-0.0021900861902395263,3.818833562263535e-06,3.657944489532383e-06,23001.7715,1.0,22280.223734375002,6.756605532055237e-06,323.84735719733334,1920.0,1.0,,225,,,,,,,,
2.121611348999977,0.0008036094914132264,0.0028076172311557457,0.0,0.0,0.009265000000000002,4.0,0.43500000000000005,-0.002282804693095386,0.1121178618632257,-0.0012463446473702788,3.0490585913867108e-06,4.0134076044751055e-06,22869.339500000002,1.0,22297.2483515625,6.756605532055237e-06,270.6416875127689,1920.0,1.0,,226,,,,,,,,
2.0877760189998753,0.0011750387129723094,0.01420084637356922,0.0,0.0,0.0092175,4.0,0.4325,-0.004365530170616694,0.11162717966362834,-0.003339349670568481,3.7026852197641347e-06,4.744864725125808e-06,22951.179500000002,1.0,22236.842710937497,6.756605532055237e-06,321.93081885492103,1920.0,1.0,,227,,,,,,,,
2.0547046809999756,0.0014357873615153949,0.018798828285071068,0.0,0.0,0.009170000000000001,4.0,0.43000000000000005,-0.0035251045192126185,0.10833159042522311,-0.0025356292026117444,4.54463386745374e-06,6.942129729736735e-06,22971.7315,1.0,22248.89965625,6.756605532055237e-06,399.65772873597183,1920.0,1.0,,228,,,,,,,,
2.0943374969999695,0.001300324356634519,0.017293294426053762,0.0,0.0,0.0091225,4.0,0.4275,-0.003928303252905607,0.10743137402459979,-0.0029533500492107123,2.931220166146886e-06,9.592894201659874e-06,22974.3715,1.0,22326.853312500003,6.756605532055237e-06,283.871780260445,1920.0,1.0,,229,,,,,,,,
2.0998783959998946,0.0006641792597292806,0.0045166015625,0.0,0.0,0.009075000000000001,4.0,0.42500000000000004,-0.0025719752884469926,0.10820458550006151,-0.0015999834868125618,2.5698132191109835e-06,1.941481471590123e-05,22774.155250000003,1.0,22242.930265625,6.756605532055237e-06,253.78818210109304,1920.0,1.0,,230,,,,,,,,
2.1304969790000996,0.0016530690190847963,0.018066406410071068,0.0,0.0,0.0090275,4.0,0.4225,-0.0036867096496280283,0.10652330424636602,-0.0027282675728201866,2.8219369596627075e-06,5.830954805219335e-06,22951.179500000002,1.0,22284.197960937498,6.756605532055237e-06,266.07496012702916,1920.0,1.0,,231,,,,,,,,
2.0469214899999315,0.0014239466981962323,0.014973958532209508,0.0,0.0,0.008980000000000002,4.0,0.42000000000000004,-0.004079532285686582,0.10387629922479391,-0.0031485517392866313,3.0571423792480346e-06,3.0457671442718492e-06,22963.8115,1.0,22280.339421875,6.756605532055237e-06,288.98648634933255,1920.0,1.0,,232,,,,,,,,
2.0509520109999357,0.002093689989123959,0.026245117362122983,0.0,0.0,0.008932500000000001,4.0,0.4175,-0.0038680714496877044,0.10742763942107558,-0.0029103972774464637,4.059766609998405e-06,3.0363786152065586e-06,22947.6595,1.0,22313.30379296875,6.756605532055237e-06,285.67800444856465,1920.0,1.0,,233,,,,,,,,
2.062184559999878,0.001693953832727857,0.021850586053915322,0.0,0.0,0.008885,4.0,0.41500000000000004,-0.0008069158502621576,0.10788454301655293,0.0001492315568611957,3.169392542190508e-06,4.17955429554695e-06,22947.6595,1.0,22300.95121875,6.756605532055237e-06,267.04724821573956,1920.0,1.0,,234,,,,,,,,
2.102911400000039,0.0013193598024372477,0.01074218752910383,0.0,0.0,0.0088375,4.0,0.4125,-0.0027098645332443994,0.10749841807410121,-0.0017626023036427796,3.5485907403653982e-06,4.79897177285693e-06,22947.6595,1.0,22251.3465390625,6.756605532055237e-06,331.7446396894576,1920.0,1.0,,235,,,,,,,,
2.1648910030000934,0.0009327455372840632,0.010823567805346102,0.0,0.0,0.008790000000000001,4.0,0.41000000000000003,-0.0031217861105687916,0.1066375975497067,-0.0021908676717430353,4.036825046682679e-06,1.204391809039862e-05,22947.6595,1.0,22266.91205859375,6.756605532055237e-06,280.5252102812498,1920.0,1.0,,236,,,,,,,,
2.0725286900001265,0.0015194483748928178,0.012858073110692203,0.0,0.0,0.0087425,4.0,0.4075,-0.001172440272057429,0.10326692461967468,-0.0002737401518970728,3.8923489285025425e-06,7.44316116652044e-06,22951.179500000002,1.0,22336.69340234375,6.756605532055237e-06,286.6997115225897,1920.0,1.0,,237,,,,,,,,
2.093390650999936,0.001537525295134401,0.018758138234261423,0.0,0.0,0.008695000000000001,4.0,0.405,-0.003208179579814896,0.10146497096866369,-0.0023279952438315377,4.048459800287674e-06,3.2974203776348077e-06,22940.619499999997,1.0,22332.107980468747,6.756605532055237e-06,277.8721260207608,1920.0,1.0,,238,,,,,,,,
2.0744745750000675,0.0006738509036949836,0.003580729171517305,0.0,0.0,0.0086475,4.0,0.40249999999999997,-0.0006428808119380847,0.1008042274042964,0.00022675673244521022,3.0096719427774588e-06,3.5330353114204627e-06,22998.3245,1.0,22268.816781249996,6.756605532055237e-06,307.9347529431983,1920.0,1.0,,239,,,,,,,,
2.045151118000149,0.0021243691444396973,0.024902343953726813,0.0,0.0,0.008600000000000002,4.0,0.4,-0.004257962078554556,0.10209645703434944,-0.0033816471695899963,2.453424826853734e-06,2.9381357649072015e-06,23000.9245,1.0,22302.044890625002,6.756605532055237e-06,290.47695944959844,1920.0,1.0,,240,23021.9565,22707.5475,22489.43125,70000042,22295.366216666665,best_of_k,22707.5475,263.51721912690675
2.148820447999924,0.0010227014936390333,0.012776692834449932,0.0,0.0,0.0085525,4.0,0.39749999999999996,-0.0028519886691356078,0.09922238299623132,-0.0020054805499967188,3.571778549371629e-06,3.468161196451547e-06,22951.179500000002,1.0,22321.63296484375,6.756605532055237e-06,291.8555326719345,1920.0,1.0,,241,,,,,,,,
2.0792649749998873,0.0014689922936668154,0.02103678393177688,0.0,0.0,0.008505,4.0,0.395,-0.0040011381497606635,0.10123147210106254,-0.003141750697977841,3.0516832936200444e-06,2.561261979394658e-06,22947.6595,1.0,22321.6257578125,6.756605532055237e-06,295.1739623572541,1920.0,1.0,,242,,,,,,,,
2.0635840690001714,0.001012499564239988,0.013468424484017305,0.0,0.0,0.0084575,4.0,0.39249999999999996,-0.004057907324749976,0.10267269425094128,-0.0031915107974782586,3.2348668952408843e-06,3.267983331056712e-06,22977.8915,1.0,22308.94536328125,6.756605532055237e-06,346.4112915696726,1920.0,1.0,,243,,,,,,,,
2.065391128000101,0.0025108266272582114,0.033121745189419016,0.0,0.0,0.00841,4.0,0.39,-0.0018313945474801585,0.10027553932741284,-0.0009909994078043383,3.372852887650879e-06,5.1698437033564915e-06,23032.49925,1.0,22302.09568359375,6.756605532055237e-06,316.33641331704086,1920.0,1.0,,244,,,,,,,,
2.1500787069999205,0.0006984458632359747,0.0031738281395519152,0.0,0.0,0.0083625,4.0,0.38749999999999996,-0.003609316481743008,0.09932225802913308,-0.0027806859579868615,3.4629989045242837e-06,3.2111156400560503e-06,22943.2595,1.0,22234.51207421875,6.756605532055237e-06,334.13946576143235,1920.0,1.0,,245,,,,,,,,
2.0581712830000924,0.0007016212166490732,0.0038248698692768812,0.0,0.0,0.008315000000000001,4.0,0.385,5.766571848653257e-05,0.0997864087112248,0.0008857972570694983,3.7233704972550186e-06,2.4400828237958194e-06,22826.90725,1.0,22303.3812109375,6.756605532055237e-06,271.41246662963886,1920.0,1.0,,246,,,,,,,,
2.1143742159999874,0.0004394518100525602,0.00467936199856922,0.0,0.0,0.0082675,4.0,0.38249999999999995,-0.0033864783981698565,0.1003976333886385,-0.002558313892222941,4.660520133370483e-06,2.8137356764545984e-06,22992.102,1.0,22297.082355468752,6.756605532055237e-06,301.6782257744399,1920.0,1.0,,247,,,,,,,,
2.0740498410000328,0.001910504300667526,0.027018229477107525,0.0,0.0,0.008220000000000002,4.0,0.38,-0.001062179304426536,0.10015860246494412,-0.00024080846924334764,3.88273893747737e-06,3.090446128339863e-06,22963.899500000003,1.0,22323.9113828125,6.756605532055237e-06,290.8728943478361,1920.0,1.0,,248,,,,,,,,
2.061651025000174,0.0020504242575043463,0.029622395988553762,0.0,0.0,0.0081725,4.0,0.37749999999999995,-0.001233374157891376,0.10166132682934403,-0.00040584238013252616,4.220282988853796e-06,5.74738163550137e-06,22993.334499999997,1.0,22274.194171875002,6.756605532055237e-06,398.10471034407817,1920.0,1.0,,249,,,,,,,,
2.09345595700006,0.001723322469388222,0.024658203357830644,0.0,0.0,0.008125,4.0,0.375,-0.0037843299651285633,0.10098280804231763,-0.002965992665849626,3.029818898880876e-06,3.68969001840469e-06,22961.6515,1.0,22345.100953125002,6.756605532055237e-06,327.5634268119968,1920.0,1.0,,250,,,,,,,,
2.0820775440001853,0.0010806165537360357,0.013020833415794186,0.0,0.0,0.008077500000000001,4.0,0.37250000000000005,-0.0009623131045373157,0.10012482898309827,-0.00015996695344711043,8.89672854498258e-06,1.1044389552239409e-05,22944.1395,1.0,22211.32923046875,6.756605532055237e-06,340.95854134123306,1920.0,1.0,,251,,,,,,,,
2.097924841000122,0.00098600931596593,0.00927734375,0.0,0.0,0.00803,4.0,0.37,0.00039785803528502584,0.10018218448385596,0.0011987639591097832,5.679638675815113e-06,5.978178933219169e-06,22991.1235,1.0,22322.77116015625,6.756605532055237e-06,318.5656551009899,1920.0,1.0,,252,,,,,,,,
2.1040970310000375,0.004827545748412376,0.05228678432467859,0.0,0.0,0.007982500000000002,4.0,0.36750000000000005,-0.003647801437182352,0.09914948651567101,-0.0028588613495230675,3.914168459573375e-06,4.258119787436954e-06,22977.8915,1.0,22276.371875,6.756605532055237e-06,357.7042940214463,1920.0,1.0,,253,,,,,,,,
2.0944373889999497,0.0005129842302267207,0.004272460981155746,0.0,0.0,0.007935000000000001,4.0,0.365,8.78034916240722e-05,0.09707802953198552,0.0008563607698306441,2.788175336831955e-06,2.9576125086805405e-06,22947.6595,1.0,22274.5929140625,6.756605532055237e-06,289.5909067112673,1920.0,1.0,,254,,,,,,,,
2.083524478000072,0.0010947514747385867,0.011555989607586525,0.0,0.0,0.007887500000000002,4.0,0.36250000000000004,-0.0024330819651368074,0.09734764881432056,-0.0016672253259457648,3.0521320155685316e-06,3.336444407864292e-06,22951.179500000002,1.0,22266.639902343748,6.756605532055237e-06,318.97113481793696,1920.0,1.0,,255,,,,,,,,
2.0551746239998465,0.0012516275455709547,0.015543619869276881,0.0,0.0,0.00784,4.0,0.36,-0.0002087881621264387,0.09805163368582726,0.0005581611549132504,2.8371381830538667e-06,2.9845421209984124e-06,22947.6595,1.0,22267.047749999998,6.756605532055237e-06,288.82653228110746,1920.0,1.0,,256,,,,,,,,
2.0688126590000593,0.0013950217083902317,0.02229817709303461,0.0,0.0,0.007792500000000001,4.0,0.35750000000000004,-0.0010520006908336654,0.09705946454778314,-0.0002986507024616003,3.7558723846586872e-06,5.22137821690194e-06,22945.019500000002,1.0,22326.671902343754,6.756605532055237e-06,315.09996577715606,1920.0,1.0,,257,,,,,,,,
2.0843273289999615,0.0021002255161874928,0.02673339871398639,0.0,0.0,0.007745,4.0,0.355,-0.0030250010604504496,0.09876852203160524,-0.002264319220557809,3.1820488999301233e-06,7.923291263978172e-06,22945.019500000002,1.0,22320.21346484375,6.756605532055237e-06,309.25886587594044,1920.0,1.0,,258,,,,,,,,
2.1191010749998895,0.0008621991428299225,0.01074218752910383,0.0,0.0,0.007697500000000001,4.0,0.35250000000000004,-0.0006219218048499897,0.09864452434703708,0.00013400200987234712,2.4408719951907187e-06,6.296433724628514e-06,22945.019500000002,1.0,22382.3265703125,6.756605532055237e-06,246.81196947104687,1920.0,1.0,,259,,,,,,,,
2.045923385000151,0.0005167342596905655,0.0019938151235692203,0.0,0.0,0.0076500000000000005,4.0,0.35,0.00029703547625103965,0.09431825671344995,0.0010155506897717714,3.284271940628969e-06,5.381880598065436e-06,22954.6115,1.0,22365.65186328125,6.756605532055237e-06,329.21894270047443,1920.0,1.0,,260,23032.49925,22885.886000000002,22489.43125,70000042,22231.865991666666,best_of_k,22885.886000000002,378.7967696655837
2.0553324279999288,0.0009414720716449665,0.011718750058207661,0.0,0.0,0.007602500000000002,4.0,0.34750000000000003,-0.002168625680496916,0.09629284217953682,-0.0014390434953384101,2.260282549571002e-06,4.51544801194359e-06,22945.019500000002,1.0,22366.239066406248,6.756605532055237e-06,264.0636039584997,1920.0,1.0,,261,,,,,,,,
2.0646870329999274,0.000634660402283771,0.005167643277673051,0.0,0.0,0.007555000000000001,4.0,0.345,-0.0038631551287835464,0.0968164368532598,-0.0031335308158304542,2.2010404023831143e-06,3.2082011074408e-06,22940.619499999997,1.0,22322.97480078125,6.756605532055237e-06,266.42634913244456,1920.0,1.0,,262,,,,,,,,
2.0793350980000014,0.0007205748634078191,0.0074055990553461015,0.0,0.0,0.007507500000000002,4.0,0.3425,0.0001797216827981174,0.09670974500477314,0.0009043646859936416,2.6354444173648517e-06,2.283270887915023e-06,22967.3315,1.0,22352.36748828125,6.756605532055237e-06,270.6381254803516,1920.0,1.0,,263,,,,,,,,
2.1028158019998955,0.0015893974632490426,0.01977539071231149,0.0,0.0,0.00746,4.0,0.33999999999999997,-0.0024440425040666014,0.09491166705265641,-0.001737704296829179,2.9634962430691303e-06,2.8141480328258694e-06,22951.179500000002,1.0,22397.534433593748,6.756605532055237e-06,311.55225665043594,1920.0,1.0,,264,,,,,,,,
2.061922956999979,0.0002513605942340291,0.000732421875,0.0,0.0,0.007412500000000001,4.0,0.3375,-0.0012920470908284187,0.09486778266727924,-0.0005910141626372933,2.9888040700143392e-06,3.752740937557064e-06,23023.683500000003,1.0,22417.657730468753,6.756605532055237e-06,322.5222513884655,1920.0,1.0,,265,,,,,,,,
2.0394453850001355,0.0007415351963118155,0.009724934978294186,0.0,0.0,0.007365,4.0,0.33499999999999996,0.0007063469965942204,0.09653966315090656,0.0014148765476420522,2.4685874961960508e-06,4.4757065182921e-06,23003.5315,1.0,22383.58754296875,6.756605532055237e-06,274.2491079559069,1920.0,1.0,,266,,,,,,,,
2.065480779999916,0.001076152687346621,0.014851888176053762,0.0,0.0,0.007317500000000001,4.0,0.3325,0.0027950595249421895,0.09180144453421235,0.0034642507089301944,4.405201309509721e-06,4.25232730094649e-06,22947.6595,1.0,22383.387402343753,6.756605532055237e-06,357.1482163971634,1920.0,1.0,,267,,,,,,,,
2.097763189000034,0.0010410078430140857,0.01025390625,0.0,0.0,0.00727,4.0,0.32999999999999996,-0.0019735891837626696,0.09321511071175337,-0.0012973950360901654,2.214353337137709e-06,2.517283903102907e-06,22947.6595,1.0,22274.012679687497,6.756605532055237e-06,248.9350844559265,1920.0,1.0,,268,,,,,,,,
2.0797835210000812,0.0016366094787372276,0.022664388408884406,0.0,0.0,0.0072225000000000015,4.0,0.3275,-0.0009584108338458464,0.093613650649786,-0.00028393103275448084,2.649816067901156e-06,2.7604316272800133e-06,22995.2445,1.0,22317.442035156248,6.756605532055237e-06,283.8051083945589,1920.0,1.0,,269,,,,,,,,
2.0698298749998685,0.0010577114444458857,0.011474609607830644,0.0,0.0,0.007174999999999999,4.0,0.32499999999999996,-0.0014154213713482022,0.0929886200465262,-0.0007497826591134071,2.483114883489179e-06,2.611675725461282e-06,22990.8115,1.0,22421.69353125,6.756605532055237e-06,272.41257272140473,1920.0,1.0,,270,,,,,,,,
2.0632717949999915,0.002397536823991686,0.03222656267462298,0.0,0.0,0.0071275,4.0,0.3225,-0.0033112904347945005,0.09456188743934035,-0.002639327081851661,2.9303119930546018e-06,3.4678284066558263e-06,22961.6515,1.0,22330.08957421875,6.756605532055237e-06,299.8552591300159,1920.0,1.0,,271,,,,,,,,
2.0490395700001045,0.0006519979142467491,0.0064697265625,0.0,0.0,0.0070799999999999995,4.0,0.31999999999999995,0.0006977833436394576,0.09425892820581794,0.0013620100216940045,4.203532554925005e-06,5.414408960291439e-06,23017.523500000003,1.0,22339.81613671875,6.756605532055237e-06,321.1481744873789,1920.0,1.0,,272,,,,,,,,
2.1194605250000222,0.0011144180853079888,0.014119466344709508,0.0,0.0,0.0070325000000000006,4.0,0.3175,-0.0017969741456909105,0.09199176961556077,-0.0011536942329257727,4.2325762024120195e-06,6.458973317080563e-06,22993.924500000005,1.0,22313.521105468753,6.756605532055237e-06,384.42105051534844,1920.0,1.0,,273,,,,,,,,
2.062329720999969,0.0009130184516834561,0.010335286540794186,0.0,0.0,0.006985,4.0,0.31499999999999995,-0.0005016265458834823,0.09032947197556496,0.00012739647354464978,3.2147681707783704e-06,3.2140767700639117e-06,22970.8515,1.0,22359.4422890625,6.756605532055237e-06,309.80031914232484,1920.0,1.0,,274,,,,,,,,
2.061137963999954,0.0013690343330381438,0.01810709656274412,0.0,0.0,0.006937500000000001,4.0,0.3125,-0.00018214748160971794,0.09033704781904817,0.0004428683314472437,2.7476394564018847e-06,2.8446359721101544e-06,23009.6915,1.0,22329.363203124998,6.756605532055237e-06,285.91624964836876,1920.0,1.0,,275,,,,,,,,
2.0542811909999728,0.0013376876040638308,0.01586914071231149,0.0,0.0,0.006890000000000002,4.0,0.31000000000000005,-0.002675616939086467,0.09085376048460603,-0.0020511242328211665,2.1565015444480196e-06,2.547180997680698e-06,22996.9715,1.0,22364.478621093753,6.756605532055237e-06,277.7552263955358,1920.0,1.0,,276,,,,,,,,
2.070296082000141,0.0009510746167507023,0.009440104244276881,0.0,0.0,0.006842500000000001,4.0,0.3075,0.0014309238322312012,0.09414102556183934,0.0020738543244078755,1.9255788785699224e-06,2.073563585724969e-06,22935.771500000003,1.0,22365.3676328125,6.756605532055237e-06,234.3767011339016,1920.0,1.0,,277,,,,,,,,
2.0994649640001626,0.0005690111756848637,0.005981445356155746,0.0,0.0,0.006795000000000002,4.0,0.30500000000000005,-0.0004780041635967791,0.09424124099314213,0.00016064874944277108,2.523472815596506e-06,2.927938524521778e-06,22996.9715,1.0,22368.43143359375,6.756605532055237e-06,297.60838731057686,1920.0,1.0,,278,,,,,,,,
2.0465302590000647,0.00020710751687147422,0.0019938151235692203,0.0,0.0,0.0067475,4.0,0.3025,-0.001573548128362745,0.09511891938745975,-0.000933114264626056,2.4600996866297464e-06,2.26982876938564e-06,23016.6435,1.0,22325.5289140625,6.756605532055237e-06,260.450513131162,1920.0,1.0,,279,,,,,,,,
2.060682103999852,0.001886261316940363,0.018595377914607525,0.0,0.0,0.006700000000000001,4.0,0.30000000000000004,-0.0033992441894952208,0.09256449155509472,-0.0027806697180494666,2.429894010447242e-06,2.730160815644922e-06,22954.6115,1.0,22305.4358984375,6.756605532055237e-06,316.0838719612025,1920.0,1.0,,280,23032.49925,22877.2785,22489.43125,70000042,22250.51152499999,best_of_k,22877.2785,318.2561683055047
2.0543444960001125,0.0006243265961529687,0.004313151119276881,0.0,0.0,0.0066525,4.0,0.2975,0.0004344079425209202,0.09261875040829182,0.0010490092681720853,2.4106452798378086e-06,2.6076990877754724e-06,22947.6595,1.0,22316.403839843748,6.756605532055237e-06,294.96488627613206,1920.0,1.0,,281,,,,,,,,
2.1079585020002014,0.0004511153219937114,0.004069010421517305,0.0,0.0,0.0066050000000000015,4.0,0.29500000000000004,-0.00030040448473300785,0.09206986567005515,0.00030658498872071505,2.0414131967072535e-06,1.8557956735776315e-06,22954.6115,1.0,22315.47695703125,6.756605532055237e-06,224.46722698837476,1920.0,1.0,,282,,,,,,,,
2.1806263349999426,0.0006577367385034449,0.006347656366415322,0.0,0.0,0.006557500000000001,4.0,0.2925,-0.0006174041263875552,0.09118786780163646,-2.1084626496303827e-05,2.8384244501467037e-06,2.723067950682889e-06,23023.683500000003,1.0,22293.64475390625,6.756605532055237e-06,319.0646832419355,1920.0,1.0,,283,,,,,,,,
2.0710198419999415,0.001595026558788959,0.02062988289981149,0.0,0.0,0.006510000000000002,4.0,0.29000000000000004,-0.005916075722780079,0.09080734988674521,-0.005326610058546066,2.620051560597858e-06,2.8595182044455214e-06,23000.644500000002,1.0,22355.518226562497,6.756605532055237e-06,302.7127888014721,1920.0,1.0,,284,,,,,,,,
2.0635466659998656,0.001769860954482283,0.021240234491415322,0.0,0.0,0.0064624999999999995,4.0,0.2875,-0.0016487662796862423,0.0896038617938757,-0.0010710986680351198,1.9038401646298553e-06,2.4141255323684163e-06,22931.0275,1.0,22262.67099609375,6.756605532055237e-06,241.73598548387943,1920.0,1.0,,285,,,,,,,,
2.083755056999962,0.000172071457200218,0.0,0.0,0.0,0.0064150000000000006,4.0,0.28500000000000003,-0.0006811622297391295,0.0884830211289227,-0.00011545565212145448,2.009470883024278e-06,3.4214601001281153e-06,22963.8115,1.0,22362.01935546875,6.756605532055237e-06,216.48083167188986,1920.0,1.0,,286,,,,,,,,
2.1213501290001204,0.0016321721004715073,0.01961263052362483,0.0,0.0,0.0063675,4.0,0.2825,-0.0022686142183374614,0.0856288899667561,-0.0017270601820200682,2.339699484821267e-06,6.908293201490778e-06,22959.011500000004,1.0,22367.893734375,6.756605532055237e-06,250.5786117656113,1920.0,1.0,,287,,,,,,,,
2.076888199999985,0.0008225562951338361,0.009440104244276881,0.0,0.0,0.006320000000000001,4.0,0.28,-0.0004987932625226676,0.08691743388772011,4.872883437201381e-05,2.6436660220952035e-06,3.0645198663137307e-06,22959.011500000004,1.0,22362.7061953125,6.756605532055237e-06,235.71510591860613,1920.0,1.0,,288,,,,,,,,
2.0836118699999133,0.0007270498299476458,0.006266276119276881,0.0,0.0,0.0062725,4.0,0.27749999999999997,-0.00441638205666095,0.08703023660928011,-0.0038716100389137864,2.1592197541053793e-06,1.8183784504799405e-06,22945.019500000002,1.0,22372.0296015625,6.756605532055237e-06,233.94079478467637,1920.0,1.0,,289,,,,,,,,
2.0577206760001445,0.000594852951962821,0.006673177122138441,0.0,0.0,0.006225000000000001,4.0,0.275,-0.0005202819320402341,0.08569727558642626,1.1412446383474162e-05,2.7446940720210478e-06,2.9927853262279314e-06,22974.3715,1.0,22338.717761718748,6.756605532055237e-06,320.52158642967794,1920.0,1.0,,290,,,,,,,,
2.0648648490000596,0.0013742311857640743,0.020507812849245965,0.0,0.0,0.006177500000000001,4.0,0.27249999999999996,-0.004171553100604797,0.08610420161858201,-0.003640941868070513,2.2539179127534226e-06,2.1438548145624736e-06,22999.1315,1.0,22354.3235625,6.756605532055237e-06,270.2418602716901,1920.0,1.0,,291,,,,,,,,
2.1329429070001424,0.0005633787804981694,0.004394531337311491,0.0,0.0,0.006130000000000002,4.0,0.27,-0.004194066539639607,0.08731585973873734,-0.003660149857751094,2.295775729521665e-06,2.2004821715881917e-06,22951.179500000002,1.0,22376.32333203125,6.756605532055237e-06,258.29949355949935,1920.0,1.0,,292,,,,,,,,
2.058984129999999,8.439312068730942e-05,0.0,0.0,0.0,0.006082499999999999,4.0,0.26749999999999996,-0.0019933063013013452,0.0896981623955071,-0.0014488784072455019,1.7563487872962469e-06,1.9729360047904265e-06,22947.6595,1.0,22329.120464843752,6.756605532055237e-06,245.60224964053955,1920.0,1.0,,293,,,,,,,,
2.0605604810000386,0.0014438001780945342,0.016153971359017305,0.0,0.0,0.006035,4.0,0.265,-0.00257002396392636,0.08892301004379988,-0.0020350682170828804,2.657847602449692e-06,2.85605186434168e-06,23017.927750000003,1.0,22334.299296875,6.756605532055237e-06,316.3471455780634,1920.0,1.0,,294,,,,,,,,
2.0870849979999093,0.001013489039905835,0.013142903742846102,0.0,0.0,0.0059875,4.0,0.26249999999999996,-0.0029175207891967148,0.08914780337363482,-0.0023853886814322323,2.545222656635815e-06,2.772175932364007e-06,22951.179500000002,1.0,22340.4614296875,6.756605532055237e-06,311.95613303577164,1920.0,1.0,,295,,,,,,,,
2.06969535799999,0.00045907114235888,0.00439453125,0.0,0.0,0.005940000000000001,4.0,0.26,-0.0009097944712266326,0.08670866256579757,-0.000396730683860369,3.4959889347874196e-06,3.2732949506453224e-06,23003.5315,1.0,22390.859640625,6.756605532055237e-06,323.7072094300743,1920.0,1.0,,296,,,,,,,,
2.1184275769999203,0.0017711633481667377,0.021321614709449932,0.0,0.0,0.0058925,4.0,0.25749999999999995,-0.0029340209475776646,0.08736148616299033,-0.002420851669739932,2.815217712281992e-06,2.6530930625767724e-06,22977.8915,1.0,22396.8038359375,6.756605532055237e-06,304.33487914794875,1920.0,1.0,,297,,,,,,,,
2.070003196000016,0.0005785468820249662,0.0069580079725710675,0.0,0.0,0.005845000000000001,4.0,0.255,-0.0024381262774113566,0.08838381431996822,-0.001923591480590403,2.3327821168095397e-06,3.6717342482006643e-06,22974.3715,1.0,22306.131371093747,6.756605532055237e-06,284.9133387829559,1920.0,1.0,,298,,,,,,,,
2.0775406979998934,0.0006050832989785704,0.007690429745707661,0.0,0.0,0.005797500000000001,4.0,0.25249999999999995,-0.0035239617864135653,0.09130064863711596,-0.0029959363673697226,1.7151843962892599e-06,2.237396600435204e-06,23051.716500000002,1.0,22352.3213515625,6.756605532055237e-06,236.28448425649316,1920.0,1.0,,299,,,,,,,,
2.076199233999887,0.0017413854682217789,0.021036784048192203,0.0,0.0,0.005750000000000002,4.0,0.25,-0.0014534736110363156,0.08888436947017908,-0.0009441773290745914,2.6595469790891e-06,3.044550936692758e-06,22945.019500000002,1.0,22329.09587890625,6.756605532055237e-06,295.0708370363663,1920.0,1.0,,300,23051.716500000002,22947.6595,22489.43125,70000042,22352.256575,best_of_k,22947.6595,267.61417488851254
2.1210883869998725,0.0004974555376975331,0.005086263045086525,0.0,0.0,0.005702500000000001,4.0,0.24750000000000005,4.169018939137459e-05,0.09021886065602303,0.0005546565080294386,2.468021648383001e-06,2.5196725914611307e-06,23003.5315,1.0,22385.1408515625,6.756605532055237e-06,305.2476553553286,1920.0,1.0,,301,,,,,,,,
2.0476044829999864,0.0006736476983633111,0.00740559896803461,0.0,0.0,0.005655,4.0,0.245,-0.003351457795361057,0.08864896418526769,-0.002851634519174695,2.513837600304214e-06,2.468864764182399e-06,22959.011500000004,1.0,22315.677925781252,6.756605532055237e-06,310.82993528933497,1920.0,1.0,,302,,,,,,,,
2.0721022520001497,0.0018949091754620895,0.026245117420330644,0.0,0.0,0.005607500000000001,4.0,0.24250000000000005,-0.002861193905118853,0.08915466023609042,-0.0023626927577424794,2.2845342328992047e-06,2.4099795439269656e-06,22965.1715,1.0,22387.3448828125,6.756605532055237e-06,285.5041399641622,1920.0,1.0,,303,,,,,,,,
2.0496661780000522,0.0011945985643251333,0.018066406366415322,0.0,0.0,0.005560000000000001,4.0,0.24,-0.0011486268867884064,0.0869448664598167,-0.000667156811687164,3.240607938437279e-06,3.2388670092586835e-06,22986.9325,1.0,22372.2003984375,6.756605532055237e-06,348.5811663012295,1920.0,1.0,,304,,,,,,,,
2.0591675999999097,0.0001620357370484271,0.0,0.0,0.0,0.005512500000000002,4.0,0.23750000000000004,0.0007391066683339886,0.0861104535870254,0.0012121818435844034,2.659786701997291e-06,2.6859079298446886e-06,22974.3715,1.0,22380.97634375,6.756605532055237e-06,293.26465504230026,1920.0,1.0,,305,,,,,,,,
2.1078295030001755,0.00047953115097243426,0.005167643234017305,0.0,0.0,0.005465000000000001,4.0,0.235,-0.0003694042388815433,0.0850278427824378,9.388534817844629e-05,2.2623494402296274e-06,2.320882330764107e-06,22977.8915,1.0,22350.983828124998,6.756605532055237e-06,282.4802164342594,1920.0,1.0,,306,,,,,,,,
2.0577109999999266,0.00047018105351526174,0.0030924479942768812,0.0,0.0,0.005417500000000002,4.0,0.23250000000000004,-0.002523027826100588,0.08551156334578991,-0.002061129081994295,2.023116977056816e-06,2.3159847160059144e-06,22947.6595,1.0,22335.87555859375,6.756605532055237e-06,271.18447642788544,1920.0,1.0,,307,,,,,,,,
2.0731030529998407,0.0015067474232637323,0.020996093982830644,0.0,0.0,0.00537,4.0,0.22999999999999998,-0.001115944905905053,0.0852473764680326,-0.0006598081672564149,2.0298701670640185e-06,2.875763669862863e-06,22951.179500000002,1.0,22410.215277343752,6.756605532055237e-06,249.8249950135765,1920.0,1.0,,308,,,,,,,,
2.084435613999858,0.0007771758125727501,0.00801595055963844,0.0,0.0,0.005322500000000001,4.0,0.22750000000000004,-0.000913141222554259,0.08574561262503266,-0.0004586422292049974,3.1310359958069967e-06,3.137769368777299e-06,22970.8515,1.0,22327.5972578125,6.756605532055237e-06,319.0312338612738,1920.0,1.0,,309,,,,,,,,
2.0572912310001357,0.0009919842614181107,0.010782877681776881,0.0,0.0,0.005275,4.0,0.22499999999999998,-0.0015201833448372781,0.08488470176234841,-0.001074395579053089,3.36641548415173e-06,3.283701104805914e-06,22967.3315,1.0,22375.90101953125,6.756605532055237e-06,340.55540617417,1920.0,1.0,,310,,,,,,,,
2.1281869750000624,0.0004717045412689913,0.005493164120707661,0.0,0.0,0.005227500000000001,4.0,0.22250000000000003,-0.001986996125197038,0.08613275131210685,-0.001538384094601497,2.4800416440484696e-06,2.7984590360574657e-06,22963.899500000003,1.0,22372.651253906246,6.756605532055237e-06,299.5285065599639,1920.0,1.0,,311,,,,,,,,
2.063523696999937,0.0007319213438563565,0.00712076824856922,0.0,0.0,0.005180000000000001,4.0,0.21999999999999997,-0.0009396208624821156,0.08541267551481724,-0.0004985128762200475,1.9486343560970454e-06,2.2694783581300726e-06,22977.8915,1.0,22368.237539062502,6.756605532055237e-06,252.59849255035465,1920.0,1.0,,312,,,,,,,,
2.059763602999965,0.0025927949227479985,0.03833007859066129,0.0,0.0,0.005132500000000002,4.0,0.21750000000000003,0.0005689503741450608,0.08648535376414657,0.001011319225654006,2.489025220597796e-06,2.536788201723539e-06,22974.3715,1.0,22371.19283203125,6.756605532055237e-06,311.9120823582893,1920.0,1.0,,313,,,,,,,,
2.0710658049999893,0.00026541654324319097,0.00044759115553461015,0.0,0.0,0.005085000000000001,4.0,0.21499999999999997,-0.0006580639892490581,0.08775823097676039,-0.00021291844313964248,1.6322370797183794e-06,1.8838568252022014e-06,22946.7795,1.0,22347.47824609375,6.756605532055237e-06,235.44758370854146,1920.0,1.0,,314,,,,,,,,
2.11298576199988,0.0008502273708472785,0.00813802087213844,0.0,0.0,0.005037500000000002,4.0,0.21250000000000002,-0.0029901874222559854,0.08780254982411861,-0.0025492808199487627,2.2994003430198973e-06,2.336881621545217e-06,22953.3395,1.0,22339.286777343754,6.756605532055237e-06,282.89259432569554,1920.0,1.0,,315,,,,,,,,
2.0644648049999432,0.0014665996618532517,0.019002278859261423,0.0,0.0,0.00499,4.0,0.20999999999999996,-0.000573746336158365,0.08589694648981094,-0.00014623493188992143,1.8410198876495087e-06,1.860381352969398e-06,22945.019500000002,1.0,22381.93599609375,6.756605532055237e-06,230.30617064266616,1920.0,1.0,,316,,,,,,,,
2.0471329679999144,0.0009439212699362542,0.00838216149713844,0.0,0.0,0.004942500000000001,4.0,0.20750000000000002,-0.0027930131182074547,0.08712606225162745,-0.0023640242288820446,2.427992399134382e-06,2.7788334477918397e-06,22974.3715,1.0,22374.763964843747,6.756605532055237e-06,316.76932802288803,1920.0,1.0,,317,,,,,,,,
2.055514829999993,0.00023331578029228695,0.0023600261192768812,0.0,0.0,0.004895,4.0,0.20499999999999996,-0.00018810061737895012,0.08618948049843311,0.0002327469555893913,1.5414283254244765e-06,1.790273074675497e-06,22977.8915,1.0,22388.0537109375,6.756605532055237e-06,240.85097522507903,1920.0,1.0,,318,,,,,,,,
2.0441764180000064,8.428568315821394e-05,0.0,0.0,0.0,0.004847500000000001,4.0,0.2025,-0.0023287687290576287,0.08840860519558191,-0.0019017363665625453,2.337966407139902e-06,2.589127575447492e-06,22959.011500000004,1.0,22421.901203125,6.756605532055237e-06,296.35652104375924,1920.0,1.0,,319,,,,,,,,
2.1110756260000016,0.0011444405054135132,0.016845703125,0.0,0.0,0.0048000000000000004,4.0,0.19999999999999996,-0.0011169023273396306,0.08593762200325727,-0.0007057419279590249,2.1807821042330033e-06,2.245261825351008e-06,22961.771500000003,1.0,22344.854296874997,6.756605532055237e-06,268.61058261612675,1920.0,1.0,,320,23051.716500000002,22947.6595,22489.43125,70000042,22368.6201,best_of_k,22947.6595,252.5002398066906
2.072073616000125,0.0007717307198618073,0.005900065181776881,0.0,0.0,0.0047525000000000015,4.0,0.1975,-0.0024903910234570503,0.0870885499753058,-0.00207746570231393,1.66995383210633e-06,1.5905208243793822e-06,22971.7315,1.0,22298.683144531253,6.756605532055237e-06,217.8523939655587,1920.0,1.0,,321,,,,,,,,
2.0615215059999628,0.0008104475709842518,0.009969075676053762,0.0,0.0,0.004704999999999999,4.0,0.19499999999999995,-0.0007017816242296249,0.08439283445477486,-0.00030582508770748973,1.938998970274497e-06,1.8353593773667853e-06,22971.7315,1.0,22353.107765624998,6.756605532055237e-06,234.53276699668388,1920.0,1.0,,322,,,,,,,,
2.048770697000009,0.0007244145708682481,0.005574544295086525,0.0,0.0,0.0046575,4.0,0.1925,-0.002838181593688205,0.08369821775704622,-0.0024502277956344187,2.938161330234834e-06,3.1541196818807293e-06,22957.8445,1.0,22402.33345703125,6.756605532055237e-06,320.91058793989737,1920.0,1.0,,323,,,,,,,,
2.0472578110000086,0.000936140944759245,0.00858561202767305,0.0,0.0,0.0046099999999999995,4.0,0.18999999999999995,-0.0012721550519927405,0.08175438549369574,-0.000896708108484745,2.1919268462511354e-06,2.4438061529963306e-06,22977.8915,1.0,22322.551238281252,6.756605532055237e-06,253.1654130073898,1920.0,1.0,,324,,,,,,,,
2.054862476000153,0.002627717527502682,0.03312174502934795,0.0,0.0,0.004562500000000001,4.0,0.1875,-0.0005956915410934016,0.0836329241283238,-0.00021562127221841365,2.515844343520257e-06,2.5080027370449898e-06,22961.6515,1.0,22414.536250000005,6.756605532055237e-06,284.6616090427456,1920.0,1.0,,325,,,,,,,,
2.0570981359999223,0.0005164105964468035,0.005777994796517305,0.0,0.0,0.004515000000000002,4.0,0.18500000000000005,0.000305670517263934,0.0831045932136476,0.0006795057561248541,2.2578235814307845e-06,2.3108644739977535e-06,22974.3715,1.0,22359.89338671875,6.756605532055237e-06,278.60790457708146,1920.0,1.0,,326,,,,,,,,
2.072225530999958,0.0005432655916592921,0.0035807291860692203,0.0,0.0,0.004467500000000001,4.0,0.1825,-0.0018395285296719521,0.08322637155652046,-0.0014689045638078824,1.6818516854755217e-06,2.04311626106346e-06,22940.619499999997,1.0,22355.41491796875,6.756605532055237e-06,229.7904041835303,1920.0,1.0,,327,,,,,,,,
2.072701801000221,0.0006370839473675005,0.0050455730088287964,0.0,0.0,0.004420000000000002,4.0,0.18000000000000005,-0.0029891110461903736,0.08476383564993739,-0.002615885983686894,2.189973940858181e-06,2.424258738642493e-06,22963.899500000003,1.0,22278.923093750003,6.756605532055237e-06,281.230146484273,1920.0,1.0,,328,,,,,,,,
2.1178519149998465,0.0008744211542648372,0.00996907555963844,0.0,0.0,0.004372500000000001,4.0,0.1775,-2.5327608454972506e-05,0.08486291207373142,0.0003443535533733666,2.2482258970057956e-06,2.3161756104173037e-06,22970.8515,1.0,22347.19672265625,6.756605532055237e-06,283.27483374860026,1920.0,1.0,,329,,,,,,,,
2.046538731000055,0.0018186654997407459,0.024210612289607525,0.0,0.0,0.0043250000000000025,4.0,0.17500000000000004,-0.001114687096560374,0.08534986292943358,-0.0007471594726666808,2.2366507366200494e-06,2.772679664531097e-06,22951.179500000002,1.0,22368.42346484375,6.756605532055237e-06,293.9916721874315,1920.0,1.0,,330,,,,,,,,
2.0559446230001868,0.0003548196791598457,0.002848307296517305,0.0,0.0,0.0042775,4.0,0.1725,-0.0016977264313027263,0.08357360167428851,-0.001341647730441764,2.1398289078433663e-06,2.3881539448211697e-06,22951.179500000002,1.0,22346.21328125,6.756605532055237e-06,274.8138276911462,1920.0,1.0,,331,,,,,,,,
2.052626394999834,0.001225641934070154,0.014526367231155746,0.0,0.0,0.004230000000000001,4.0,0.17000000000000004,-0.0035357405358809046,0.08222000626847148,-0.00318981715827249,2.9342876217697267e-06,3.1463040954804455e-06,22942.4755,1.0,22334.5958203125,6.756605532055237e-06,344.39514729646044,1920.0,1.0,,332,,,,,,,,
2.077815879000127,0.0005422787885436264,0.005696614622138441,0.0,0.0,0.004182500000000002,4.0,0.16749999999999998,-0.002848812029697001,0.08065733965486288,-0.002512781386030838,2.270253105507436e-06,2.181889300345574e-06,22974.3715,1.0,22421.794125,6.756605532055237e-06,264.32352620888327,1920.0,1.0,,333,,,,,,,,
2.0802624569998898,0.0006581920679309405,0.010416666860692203,0.0,0.0,0.004135,4.0,0.16500000000000004,-0.0028016023570671678,0.08177147153764963,-0.0024650061968714,2.4818932757852963e-06,2.5623787678341614e-06,22971.7315,1.0,22336.962332031253,6.756605532055237e-06,293.89044098620633,1920.0,1.0,,334,,,,,,,,
2.088902611000094,0.0006468898768616782,0.004801432340173051,0.0,0.0,0.004087500000000001,4.0,0.16249999999999998,-0.00100466120056808,0.083397485781461,-0.0006649858842138201,1.8538090671427199e-06,2.0534597382493303e-06,22983.867499999997,1.0,22362.680949218753,6.756605532055237e-06,253.39371943495073,1920.0,1.0,,335,,,,,,,,
2.064670729999989,0.00044273374987824354,0.0037434896221384406,0.0,0.0,0.004040000000000002,4.0,0.16000000000000003,-0.0018859986375900917,0.08112220233306289,-0.0015595759032294154,1.985787982050624e-06,2.2245644117901975e-06,22947.6595,1.0,22376.042863281247,6.756605532055237e-06,266.47386753639597,1920.0,1.0,,336,,,,,,,,
2.0758953279998877,0.0007235286102513783,0.009236653742846102,0.0,0.0,0.0039924999999999995,4.0,0.15749999999999997,-0.0007909238629508764,0.07971537439152598,-0.0004738912684842944,1.683665438179105e-06,2.1263928573489466e-06,22951.179500000002,1.0,22384.0096796875,6.756605532055237e-06,256.1043493783212,1920.0,1.0,,337,,,,,,,,
2.0737193610000304,0.0017999029323618743,0.021809895988553762,0.0,0.0,0.003945000000000001,4.0,0.15500000000000003,-0.0012430593196768314,0.08092662459239364,-0.0009252083254978061,2.3813144522932816e-06,2.3313108243883107e-06,22966.451500000003,1.0,22344.04600390625,6.756605532055237e-06,277.3454089880366,1920.0,1.0,,338,,,,,,,,
2.1142013399999087,0.00011939737873944978,0.0,0.0,0.0,0.0038975000000000017,4.0,0.15249999999999997,0.0010586878979665926,0.08210092317312956,0.0013770800433121622,2.4386002905885107e-06,2.7052783337921937e-06,22959.011500000004,1.0,22306.458109375,6.756605532055237e-06,302.64234068910014,1920.0,1.0,,339,,,,,,,,
2.0658704869999838,0.000701233800555201,0.00638834637356922,0.0,0.0,0.0038500000000000027,4.0,0.15000000000000002,-0.0011340549453962012,0.08367713447660208,-0.000813127655419521,1.7739592976795393e-06,2.104239690936538e-06,22943.2595,1.0,22375.67627734375,6.756605532055237e-06,255.651871868411,1920.0,1.0,,340,23051.716500000002,22885.886000000002,22489.43125,70000042,22353.563449999994,best_of_k,22885.886000000002,226.5448057303592
2.050905475000036,0.0006075044245790195,0.00642903646803461,0.0,0.0,0.0038025000000000003,4.0,0.14749999999999996,0.0002088276669383049,0.08143572090193629,0.0005174238176550716,1.5743530710210507e-06,1.8118077207418537e-06,22977.8915,1.0,22411.47730859375,6.756605532055237e-06,234.44994981939743,1920.0,1.0,,341,,,,,,,,
2.0849232320001647,0.0013609605643978284,0.014526367303915322,0.0,0.0,0.0037550000000000014,4.0,0.14500000000000002,-0.00198536643620173,0.07943686982616782,-0.0016882623895071447,1.7822328501893026e-06,2.0044381159323166e-06,22965.1715,1.0,22394.441054687497,6.756605532055237e-06,258.49206445745614,1920.0,1.0,,342,,,,,,,,
2.1088204140000926,0.0019445593861746602,0.03157552098855376,0.0,0.0,0.003707499999999999,4.0,0.14249999999999996,-0.0014685576315969229,0.08103274460881948,-0.001169686031062156,2.472747183901447e-06,2.620539106601427e-06,22951.179500000002,1.0,22352.5600625,6.756605532055237e-06,310.09044906909554,1920.0,1.0,,343,,,,,,,,
2.1856493490001867,0.0009681826049927622,0.00948079430963844,0.0,0.0,0.00366,4.0,0.14,-0.0021398017270257697,0.08067257422953844,-0.0018459536950103939,2.20923860183575e-06,2.3841377156941235e-06,22971.7315,1.0,22339.0364375,6.756605532055237e-06,287.91487353579856,1920.0,1.0,,344,,,,,,,,
2.077291288999959,0.0006309317104751244,0.008544921875,0.0,0.0,0.003612500000000001,4.0,0.13749999999999996,-0.0032192658400163054,0.07948554120957851,-0.002933657495304942,2.3295450972682374e-06,2.5996610020229127e-06,22947.6595,1.0,22336.7383984375,6.756605532055237e-06,309.47348239231246,1920.0,1.0,,345,,,,,,,,
2.050563710000006,0.00018569323583506048,0.0010986328125,0.0,0.0,0.003565000000000002,4.0,0.135,-0.0022277732932707295,0.07883263472467661,-0.0019479218171909451,1.776456457491804e-06,2.019706222711193e-06,23003.5315,1.0,22382.69360546875,6.756605532055237e-06,261.8821790560223,1920.0,1.0,,346,,,,,,,,
2.0642762780000794,0.00022495621215057326,0.0006510416860692203,0.0,0.0,0.0035175,4.0,0.13249999999999995,-0.0003381900751264766,0.07675942173227668,-6.973696872591972e-05,2.4246958645335326e-06,2.6098799708051956e-06,22959.011500000004,1.0,22446.8171640625,6.756605532055237e-06,307.15509380723813,1920.0,1.0,,347,,,,,,,,
2.1011953000001995,0.00019017046042790753,0.001953125,0.0,0.0,0.003470000000000001,4.0,0.13,-0.0003117086598649621,0.07602957542985678,-4.933349555358291e-05,2.2554213714442994e-06,2.4420151305548643e-06,22965.1715,1.0,22369.661421875,6.756605532055237e-06,281.41057111160114,1920.0,1.0,,348,,,,,,,,
2.057745875999899,0.0006765988027837011,0.00394694012356922,0.0,0.0,0.0034224999999999985,4.0,0.12749999999999995,-0.0006261637536226772,0.0767632182687521,-0.0003647585981525481,2.0293339204613403e-06,2.229593263791685e-06,23013.123499999998,1.0,22433.210925781248,6.756605532055237e-06,268.34500408904285,1920.0,1.0,,349,,,,,,,,
2.056727493999915,0.000255455123522097,0.0026448568096384406,0.0,0.0,0.0033749999999999995,4.0,0.125,-0.0002586322370916605,0.07745027635246515,1.5017576515674591e-06,1.9206518544478968e-06,2.138506410176433e-06,22951.179500000002,1.0,22392.338125000002,6.756605532055237e-06,266.4445956009165,1920.0,1.0,,350,,,,,,,,
2.070342657999845,1.4792647696992844e-05,0.0,0.0,0.0,0.0033275000000000006,4.0,0.12250000000000005,0.0007736410334473476,0.07866852916777134,0.0010341181769035757,1.97551031533294e-06,2.1890913757260932e-06,22995.204500000003,1.0,22348.511828125,6.756605532055237e-06,282.26709730801275,1920.0,1.0,,351,,,,,,,,
2.0417853860001287,2.8937388577787715e-05,0.0,0.0,0.0,0.0032800000000000017,4.0,0.12,-0.0008938211831264198,0.07673422619700432,-0.0006432600202970207,1.6671208626917178e-06,1.9194975777736545e-06,23003.5315,1.0,22467.559039062504,6.756605532055237e-06,238.1552201919137,1920.0,1.0,,352,,,,,,,,
2.0871810209998785,0.0014600408298974799,0.01265462240553461,0.0,0.0,0.0032325000000000027,4.0,0.11750000000000005,-0.0008473250200040638,0.07756943022832274,-0.0005978320841677487,1.8506173660171044e-06,2.1296242849189184e-06,22959.011500000004,1.0,22355.44206640625,6.756605532055237e-06,256.5455588846629,1920.0,1.0,,353,,,,,,,,
2.0634458680001444,0.0012968405233095837,0.0194091796875,0.0,0.0,0.0031850000000000003,4.0,0.11499999999999999,-0.0020784949374501593,0.07637049071490765,-0.001836732611991465,2.4019447124601356e-06,2.475569274906775e-06,23003.5315,1.0,22345.089031249998,6.756605532055237e-06,297.19276995026354,1920.0,1.0,,354,,,,,,,,
2.060689954000054,0.0007090411824464127,0.007405598997138441,0.0,0.0,0.0031375000000000014,4.0,0.11250000000000004,-0.002394382783677429,0.07831988902762532,-0.0021501805167645216,2.390771427940308e-06,2.576371286977519e-06,22971.7315,1.0,22360.96061328125,6.756605532055237e-06,312.2574422251491,1920.0,1.0,,355,,,,,,,,
2.0605359849998877,6.7643240072357e-05,0.0,0.0,0.0,0.003089999999999999,4.0,0.10999999999999999,-0.0006582026107935235,0.08096065698191524,-0.00040917046135291457,1.8576109539480967e-06,1.900946017485694e-06,22951.179500000002,1.0,22313.061023437498,6.756605532055237e-06,251.79605689042072,1920.0,1.0,,356,,,,,,,,
2.06688085199994,0.0013040531607657613,0.016153971548192203,0.0,0.0,0.0030425,4.0,0.10750000000000004,-0.0008370280847884715,0.07863597711548209,-0.0005988929769955575,1.5928101575468645e-06,1.91219199052739e-06,22967.3315,1.0,22383.0606328125,6.756605532055237e-06,241.30113934288826,1920.0,1.0,,357,,,,,,,,
2.11399456800018,0.00012324693102527817,0.00016276042151730508,0.0,0.0,0.002995000000000001,4.0,0.10499999999999998,-0.0015343335944635328,0.08004133310168982,-0.001296105154324323,2.270482042376898e-06,2.5371296601406357e-06,22951.179500000002,1.0,22330.804132812496,6.756605532055237e-06,308.5519644451184,1920.0,1.0,,358,,,,,,,,
2.0535110200000872,3.400277898890636e-05,0.0,0.0,0.0,0.002947500000000002,4.0,0.10250000000000004,0.0002592127275420353,0.07777914078906178,0.0004867512034252286,2.696595657880607e-06,2.891203067179049e-06,23017.523500000003,1.0,22435.6313515625,6.756605532055237e-06,324.10354762265047,1920.0,1.0,,359,,,,,,,,
2.0368371399999887,0.0006971796155994525,0.00887044274713844,0.0,0.0,0.0029,4.0,0.09999999999999998,-0.0012331134639680386,0.07762888632714748,-0.0010095452307723463,2.256811725942498e-06,2.6609722993953255e-06,22951.179500000002,1.0,22386.36279296875,6.756605532055237e-06,307.9736194537905,1920.0,1.0,,360,23051.716500000002,22947.6595,22319.50825,70000042,22324.956616666666,best_of_k,22947.6595,255.07304461428146
2.054192753000052,0.0011327588206313521,0.014567057485692203,0.0,0.0,0.002852500000000001,4.0,0.09750000000000003,-0.0016173712392628659,0.07652326812967658,-0.0014004691802256275,2.1122978210996735e-06,2.3391056629407103e-06,22947.6595,1.0,22348.38455078125,6.756605532055237e-06,275.7445864404936,1920.0,1.0,,361,,,,,,,,
2.112225535000107,0.000342799100224056,0.0012613932485692203,0.0,0.0,0.002805000000000002,4.0,0.09499999999999997,-0.0005163577443454415,0.07937581650912762,-0.000295050791464746,2.026268553834143e-06,2.278451788129132e-06,22971.7315,1.0,22369.64088671875,6.756605532055237e-06,284.5077990243906,1920.0,1.0,,362,,,,,,,,
2.0696189010000126,3.0304271945169603e-05,0.0,0.0,0.0,0.002757500000000003,4.0,0.09250000000000003,-0.0012104938796255738,0.07759335776790977,-0.000997716619167477,1.780395287198644e-06,2.01781037389992e-06,23017.523500000003,1.0,22380.906394531252,6.756605532055237e-06,263.56425838095004,1920.0,1.0,,363,,,,,,,,
2.068263515999888,0.001255715350907849,0.016194661657209508,0.0,0.0,0.0027100000000000006,4.0,0.08999999999999997,-0.00426461901224684,0.07798902364447713,-0.0040548318065702915,2.345383450119698e-06,2.6565326152194757e-06,22951.179500000002,1.0,22380.585792968748,6.756605532055237e-06,328.28621175635044,1920.0,1.0,,364,,,,,,,,
2.0669363910001266,0.0003985417973453309,0.0036621094041038305,0.0,0.0,0.0026625000000000017,4.0,0.08750000000000002,-0.00200603555640555,0.07693632319569588,-0.0018024831952061504,1.938255330458105e-06,2.191915655203047e-06,23003.5315,1.0,22425.19461328125,6.756605532055237e-06,275.9899014209219,1920.0,1.0,,365,,,,,,,,
2.071163075999948,0.0010337682133467752,0.013142904033884406,0.0,0.0,0.0026149999999999993,4.0,0.08499999999999996,-0.0033417525919503532,0.07597747165709734,-0.00314478762447834,2.7630118069055243e-06,2.879575234260301e-06,22951.179500000002,1.0,22333.1128203125,6.756605532055237e-06,340.4102399518173,1920.0,1.0,,366,,,,,,,,
2.1155737240001145,7.719151017226977e-05,0.00016276042151730508,0.0,0.0,0.0025675000000000003,4.0,0.08250000000000002,-0.0027337253850419074,0.07855557277798653,-0.0025334044476039708,2.0148358927940535e-06,2.3379675724299886e-06,22959.011500000004,1.0,22383.514410156255,6.756605532055237e-06,274.0128008929403,1920.0,1.0,,367,,,,,,,,
2.0578612050001084,7.012867990852101e-05,0.0,0.0,0.0,0.0025200000000000014,4.0,0.07999999999999996,-0.0025093648146139458,0.07724828226491809,-0.002316032157978043,1.9846556398306348e-06,2.270335926368716e-06,22947.6595,1.0,22368.0916640625,6.756605532055237e-06,276.09467771607484,1920.0,1.0,,368,,,,,,,,
2.0481632260000424,0.0002588454729846035,0.0005696614680346102,0.0,0.0,0.0024725000000000025,4.0,0.07750000000000001,-0.00198739818733884,0.07543761376291513,-0.0018020722782239318,1.754029476330743e-06,2.03810613186306e-06,22974.3715,1.0,22481.9256796875,6.756605532055237e-06,244.97031731792083,1920.0,1.0,,369,,,,,,,,
2.043083475000003,0.00013605888057099946,0.0004069010465173051,0.0,0.0,0.002425,4.0,0.07499999999999996,-0.0028294553194427863,0.07605043239891529,-0.002646075445227325,1.6790380925613135e-06,1.7488600718706948e-06,22947.6595,1.0,22379.7626875,6.756605532055237e-06,240.33562651700706,1920.0,1.0,,370,,,,,,,,
2.0768209220000244,8.481887050493242e-05,0.0,0.0,0.0,0.002377500000000001,4.0,0.07250000000000001,0.001177315803943202,0.07568294694647193,0.001355901185888797,2.1347257401771458e-06,2.2728882811406947e-06,22971.7315,1.0,22386.03233203125,6.756605532055237e-06,283.6942570453448,1920.0,1.0,,371,,,,,,,,
2.100892466999994,0.00019618577638880197,0.0009765625,0.0,0.0,0.0023299999999999987,4.0,0.06999999999999995,-0.0038200074632186443,0.07516770996153355,-0.0036463348078541458,2.2811552895518616e-06,2.4785366150581467e-06,22958.131500000003,1.0,22367.66004296875,6.756605532055237e-06,302.5534135574526,1920.0,1.0,,372,,,,,,,,
2.0400729279999723,5.6688613767619245e-05,0.0,0.0,0.0,0.0022825,4.0,0.0675,0.00036680357879959047,0.07499425485730171,0.0005360206414479762,2.9380873627360415e-06,3.3261661798178466e-06,22967.3315,1.0,22422.6619375,6.756605532055237e-06,349.43313113967946,1920.0,1.0,,373,,,,,,,,
2.043342952999865,0.00014052022538635356,0.0001220703125,0.0,0.0,0.002235000000000001,4.0,0.06499999999999995,0.0006318593950709328,0.0762723172083497,0.0008007851429283619,2.31988596510746e-06,2.622954170306002e-06,22945.019500000002,1.0,22317.58923828125,6.756605532055237e-06,306.9223379155416,1920.0,1.0,,374,,,,,,,,
2.0718050250000033,0.0001346363255123606,0.00016276042151730508,0.0,0.0,0.002187500000000002,4.0,0.0625,0.001299321069382131,0.07596178259700537,0.0014642377209383994,1.9641143467197253e-06,2.1082724970256095e-06,22974.3715,1.0,22343.5924375,6.756605532055237e-06,283.68617799311255,1920.0,1.0,,375,,,,,,,,
2.14747110899998,0.00019164567925145093,0.0,0.0,0.0,0.002140000000000003,4.0,0.06000000000000005,-0.0015564756613457575,0.07728625368326902,-0.0013923554215580225,1.9671478241889417e-06,2.1505183340764233e-06,23023.683500000003,1.0,22384.602601562503,6.756605532055237e-06,274.32148944263395,1920.0,1.0,,376,,,,,,,,
2.0751563839999108,4.0300050407893195e-06,0.0,0.0,0.0,0.0020925000000000006,4.0,0.057499999999999996,-0.0012559727329062298,0.07671533524990082,-0.001096663239877671,1.8169155779901303e-06,2.0696801357189543e-06,22967.3315,1.0,22393.1767734375,6.756605532055237e-06,275.26001607082725,1920.0,1.0,,377,,,,,,,,
2.0403564300002017,8.224194156980502e-05,0.0006917317805346102,0.0,0.0,0.0020450000000000017,4.0,0.05500000000000005,-0.003112329672148917,0.07651969790458679,-0.0029574234504252672,2.468668313326816e-06,2.6601234281997677e-06,22959.011500000004,1.0,22333.460195312502,6.756605532055237e-06,328.4874206022408,1920.0,1.0,,378,,,,,,,,
2.071792985000002,2.2851260894185543e-05,0.0,0.0,0.0,0.0019974999999999993,4.0,0.05249999999999999,0.00018111862300429493,0.07664189580827951,0.0003329281826154329,1.9767312764429334e-06,2.1714066420486233e-06,22951.179500000002,1.0,22329.918800781248,6.756605532055237e-06,281.71082795689415,1920.0,1.0,,379,,,,,,,,
2.0556415089999973,0.0002956451420459416,0.0007731119840173051,0.0,0.0,0.0019500000000000003,4.0,0.050000000000000044,-5.907165177632123e-05,0.07812567707151175,9.210385906044394e-05,1.699917945074958e-06,1.9980000089958594e-06,22947.6595,1.0,22342.897226562498,6.756605532055237e-06,268.61705723657417,1920.0,1.0,,380,23051.716500000002,22885.886000000002,22486.35125,70000042,22312.19025833333,best_of_k,22885.886000000002,323.31807754766027
2.118191263999961,3.4691516475504613e-05,0.0,0.0,0.0,0.0019025000000000014,4.0,0.04749999999999999,-0.002548649499658495,0.07797536719590425,-0.002401722449576482,2.2018184040462074e-06,2.4025929405979696e-06,22972.731499999998,1.0,22383.890417968752,6.756605532055237e-06,288.170724053882,1920.0,1.0,,381,,,,,,,,
2.061514963000036,8.41034010079511e-06,0.0,0.0,0.0,0.0018550000000000025,4.0,0.04500000000000004,-0.000974414506345056,0.07751560118049383,-0.0008321021450683475,2.1562850065492967e-06,2.5274182178236515e-06,22951.179500000002,1.0,22334.4283515625,6.756605532055237e-06,305.52594887134165,1920.0,1.0,,382,,,,,,,,
2.06172084800005,0.0004371260329207871,0.004557291744276881,0.0,0.0,0.0018075,4.0,0.04249999999999998,-0.002235852400190197,0.07643385929986835,-0.002099205186823383,2.3000855122745634e-06,2.5544545962929988e-06,22989.539500000003,1.0,22442.8518828125,6.756605532055237e-06,277.97701722935807,1920.0,1.0,,383,,,,,,,,
2.078304447999926,0.0001653671879466856,0.0,0.0,0.0,0.0017600000000000011,4.0,0.040000000000000036,0.0008063435525400564,0.0769578400067985,0.0009408053301740438,1.2239128537316901e-06,1.7228914472866563e-06,22947.6595,1.0,22375.7581171875,6.756605532055237e-06,205.29333097090338,1920.0,1.0,,384,,,,,,,,
2.1235972000001766,0.00022820658602995536,0.000732421875,0.0,0.0,0.0017124999999999987,4.0,0.03749999999999998,-0.0002632737741805613,0.07628393452614546,-0.00013419435708783567,2.2498306293528003e-06,2.664136616203905e-06,22965.1715,1.0,22426.9546328125,6.756605532055237e-06,314.0918422998916,1920.0,1.0,,385,,,,,,,,
2.053174848000026,4.658955754166527e-05,0.0,0.0,0.0,0.0016649999999999998,4.0,0.03500000000000003,-0.004419040834363841,0.07586649246513844,-0.004294143989682198,2.1549575279777855e-06,2.4098473687672595e-06,22951.179500000002,1.0,22347.67337890625,6.756605532055237e-06,302.50239952805106,1920.0,1.0,,386,,,,,,,,
2.042247618999909,0.0008623102212368394,0.009399414106155746,0.0,0.0,0.0016175000000000009,4.0,0.03249999999999997,-0.003492723553790711,0.07716144807636738,-0.003369045502040535,1.700697353612668e-06,1.9201142151814565e-06,22947.6595,1.0,22343.70423046875,6.756605532055237e-06,255.09225718564494,1920.0,1.0,,387,,,,,,,,
2.0527800620000107,8.049205234783585e-06,0.0,0.0,0.0,0.001570000000000002,4.0,0.030000000000000027,0.0016105265967780724,0.07605258747935295,0.0017283762281294912,2.3555555230814207e-06,2.634914935129018e-06,22974.3715,1.0,22370.39116015625,6.756605532055237e-06,316.87700693525414,1920.0,1.0,,388,,,,,,,,
2.088721912999972,0.00012204725589981535,0.0,0.0,0.0,0.0015224999999999995,4.0,0.02749999999999997,-0.0018339578327868367,0.07730494346469641,-0.0017176478577312082,2.0590860074776174e-06,2.361752990509558e-06,22967.3315,1.0,22355.209816406248,6.756605532055237e-06,297.05005944953973,1920.0,1.0,,389,,,,,,,,
2.103885741000113,4.311742202389723e-06,0.0,0.0,0.0,0.0014750000000000006,4.0,0.025000000000000022,-0.0013849552706233226,0.07651514280587435,-0.0012732974428217858,1.7529891067624703e-06,2.0530453639366897e-06,22954.6115,1.0,22391.282359375,6.756605532055237e-06,258.41512079238066,1920.0,1.0,,390,,,,,,,,
2.0817454010000347,2.3653818118418712e-05,0.0,0.0,0.0,0.0014275000000000017,4.0,0.022499999999999964,-0.0030611055699409917,0.07603177335113287,-0.002953707124106586,1.6911833924382336e-06,1.935823974008599e-06,22969.9715,1.0,22380.20706640625,6.756605532055237e-06,269.0181273314613,1920.0,1.0,,391,,,,,,,,
2.0722033440001724,3.2137250087771463e-06,0.0,0.0,0.0,0.0013800000000000028,4.0,0.020000000000000018,-0.0011636619456112385,0.07673699222505093,-0.001059310307027772,2.379474025815398e-06,2.6138355480043174e-06,22971.7315,1.0,22417.791929687497,6.756605532055237e-06,322.97314585498026,1920.0,1.0,,392,,,,,,,,
2.0589343239998925,4.7403778847154854e-05,0.0,0.0,0.0,0.0013325000000000004,4.0,0.01749999999999996,-0.0010693149379221722,0.07702702470123768,-0.0009680017974460497,1.9538273292596386e-06,2.2601068891958676e-06,22971.7315,1.0,22386.423714843753,6.756605532055237e-06,284.5759095656674,1920.0,1.0,,393,,,,,,,,
2.049806735999937,5.633521789150109e-05,0.0,0.0,0.0,0.0012850000000000014,4.0,0.015000000000000013,-0.0007094753673300147,0.07584086200222373,-0.0006132495473138988,1.8320404890914688e-06,2.0931918811584183e-06,22974.3715,1.0,22401.05675,6.756605532055237e-06,279.6684661027691,1920.0,1.0,,394,,,,,,,,
2.085475861000077,1.3235221643981276e-05,0.0,0.0,0.0,0.001237499999999999,4.0,0.012499999999999956,0.0013438631467579398,0.07750663673505187,0.0014384086825884879,2.1446224991450435e-06,2.3115263303452593e-06,22951.179500000002,1.0,22381.056453125002,6.756605532055237e-06,292.84343807505604,1920.0,1.0,,395,,,,,,,,
2.043771624999863,5.996197705826489e-05,0.0,0.0,0.0,0.00119,4.0,0.010000000000000009,-5.0147471483796835e-05,0.07588773546740413,3.8802740164101124e-05,2.040289835747444e-06,2.305459801732468e-06,22959.011500000004,1.0,22409.512933593753,6.756605532055237e-06,288.0175594532411,1920.0,1.0,,396,,,,,,,,
2.0524082689998977,3.5201919729388464e-05,0.0,0.0,0.0,0.0011425000000000012,4.0,0.007499999999999951,0.0006667049310635775,0.07651819847524166,0.0007531133596785367,1.5489429827653112e-06,1.7178613376245266e-06,22945.019500000002,1.0,22345.50040625,6.756605532055237e-06,240.83305497321516,1920.0,1.0,,397,,,,,,,,
2.0439126280000437,3.852093038858584e-05,0.0,0.0,0.0,0.0010950000000000022,4.0,0.0050000000000000044,-0.0012872371153207496,0.07754748547449708,-0.0012033179809805006,1.4204688980612445e-06,1.706010337443331e-06,22936.2195,1.0,22334.92893359375,6.756605532055237e-06,227.71603441160852,1920.0,1.0,,398,,,,,,,,
2.0559603619999507,5.1965357442895765e-05,0.0,0.0,0.0,0.0010474999999999998,4.0,0.0024999999999999467,-0.001659126497543184,0.07655488094314933,-0.0015801269819348818,1.7064484154616366e-06,2.043317735456185e-06,22947.6595,1.0,22402.7785,6.756605532055237e-06,264.32338735058715,1920.0,1.0,,399,,,,,,,,
2.0988638119999905,6.549931129029574e-06,0.0,0.0,0.0,0.0010000000000000009,4.0,0.0,-0.001368044497212395,0.07671671407297254,-0.0012924924376420677,1.7081922152328843e-06,1.9874353043292103e-06,22947.6595,1.0,22409.2968359375,6.756605532055237e-06,262.253038144015,1920.0,1.0,,400,23051.716500000002,22947.6595,22486.35125,70000042,22379.15148333333,best_of_k,22947.6595,226.99862427386938
