elapsed_seconds,optimization_approximate_kl,optimization_clip_fraction,optimization_count_loss,optimization_early_kl_stop,optimization_entropy_coefficient,optimization_epochs_completed,optimization_learning_rate_fraction,optimization_loss,optimization_normalized_entropy,optimization_policy_loss,optimization_q_loss,optimization_value_loss,rollout_best_objective,rollout_feasible_rate,rollout_mean_objective,rollout_reward_scale,rollout_std_objective,rollout_transitions,rollout_vectorized_rollouts,self_imitation_loss,update,validation_archive_best_objective,validation_best_of_k_objective,validation_deterministic_objective,validation_fixed_validation_seed,validation_mean_stochastic_objective,validation_selection_metric,validation_selection_objective,validation_std_stochastic_objective
8.121759339000164,0.011196034154272639,0.10499674528837204,0.0,0.0,0.0199525,4.0,0.9975,-0.012376042618416249,0.7762898817658425,-0.0011589439935050904,0.022131835435357062,0.004117283309460618,178103.554,1.0,145630.459734375,4.248655765147055e-07,12935.568852600123,4800.0,1.0,,1,178103.554,187752.46899999995,0.0,70000042,144965.86823333334,best_of_k,187752.46899999995,17072.92332457829
8.134245594000276,0.01187097342335619,0.18247070349752903,0.0,0.0,0.019905,4.0,0.995,-0.024133642413653435,0.8102508932352066,-0.00807233658269979,0.00024088167410809546,8.530240384061472e-05,178749.01100000003,1.0,143151.61359375,4.248655765147055e-07,18063.409103204387,4800.0,1.0,,2,,,,,,,,
8.091626848000487,0.009175995329860598,0.13896484375,0.0,0.0,0.0198575,4.0,0.9925,-0.02587199881672859,0.793561652302742,-0.010127552528865635,5.079512066004099e-05,1.7248306744477303e-05,188207.536,1.0,150063.09674999997,4.248655765147055e-07,15348.665994549983,4800.0,1.0,,3,,,,,,,,
8.177118622000307,0.00980675196624361,0.14565429743379354,0.0,0.0,0.01981,4.0,0.99,-0.020304222637787462,0.7933857396245003,-0.004605270968750119,7.461437262463732e-05,2.111816461365379e-05,209203.27,1.0,160674.3011875,4.248655765147055e-07,18566.714676578864,4800.0,1.0,,4,,,,,,,,
8.141834399999425,0.0058684648713096975,0.07486979179084301,0.0,0.0,0.0197625,4.0,0.9875,-0.021347804786637427,0.7812343016266823,-0.005922104604542256,4.791979804394941e-05,1.7301006982961555e-05,219720.431,1.0,176287.49460937502,4.248655765147055e-07,15759.141526030196,4800.0,1.0,,5,,,,,,,,
8.1462916090004,0.006647679168963805,0.07679036469198763,0.0,0.0,0.019715,4.0,0.985,-0.0155685696285218,0.7622233644127846,-0.0005525951855815947,4.3556857053772544e-05,1.3805967864755075e-05,219660.48999999996,1.0,192512.599046875,4.248655765147055e-07,12633.714506676795,4800.0,1.0,,6,,,,,,,,
8.146435507000206,0.008497820218326523,0.10602213582023978,0.0,0.0,0.0196675,4.0,0.9825,-0.019893347076140343,0.7395003199577331,-0.005358260916545987,2.655336679708853e-05,1.2763598397214082e-05,232216.40800000005,1.0,199002.26275,4.248655765147055e-07,13209.187929255126,4800.0,1.0,,7,,,,,,,,
8.14820238900029,0.00686239056813065,0.09589843787252902,0.0,0.0,0.019620000000000002,4.0,0.98,-0.02025025263428688,0.717666956782341,-0.006178001500666141,2.620483892314951e-05,1.1507204794725112e-05,239495.94999999998,1.0,212003.34835937497,4.248655765147055e-07,11826.904931305513,4800.0,1.0,,8,,,,,,,,
8.05997485899934,0.005613843578612432,0.07428385447710753,0.0,0.0,0.0195725,4.0,0.9775,-0.013449797173961997,0.698097562789917,0.00020694780396297575,2.0427155732249958e-05,9.45392437188275e-06,237316.304,1.0,220236.11565625,4.248655765147055e-07,8847.987542209394,4800.0,1.0,,9,,,,,,,,
8.060509628000545,0.0063355484569910915,0.0793294272152707,0.0,0.0,0.019525,4.0,0.975,-0.017580216517671943,0.677518330514431,-0.004357444768538698,2.1062127007098753e-05,7.3364574745937715e-06,244603.93099999998,1.0,227155.48160937498,4.248655765147055e-07,8807.94119698936,4800.0,1.0,,10,,,,,,,,
8.110790400999576,0.006701479287585244,0.08496093796566129,0.0,0.0,0.019477500000000002,4.0,0.9725,-0.022109119757078587,0.6523518204689026,-0.009407226112671196,1.5162585327743727e-05,5.544772591292713e-06,250801.04400000002,1.0,233902.316078125,4.248655765147055e-07,7286.775534751112,4800.0,1.0,,11,,,,,,,,
8.163517504999618,0.008993106105481274,0.10179036520421506,0.0,0.0,0.01943,4.0,0.97,-0.015338387712836266,0.6281378179788589,-0.0031370858661830424,1.2024584123082604e-05,4.428408368539749e-06,250653.11899999998,1.0,239441.14521875,4.248655765147055e-07,4756.882635323236,4800.0,1.0,,12,,,,,,,,
8.226935282999875,0.007104412990156561,0.07511393241584301,0.0,0.0,0.0193825,4.0,0.9675,-0.01518384130904451,0.6017182186245918,-0.003524721652502194,1.8874986631089995e-05,3.5919806407491707e-06,255109.36400000003,1.0,245152.890625,4.248655765147055e-07,5629.909846732306,4800.0,1.0,,13,,,,,,,,
8.09018390700021,0.007077699521323666,0.09078776063397527,0.0,0.0,0.019335,4.0,0.965,-0.011546842823736369,0.6003815576434135,3.7829531356692316e-05,0.00019228266814934613,8.953436116598823e-06,264064.899,1.0,247621.66003124998,4.248655765147055e-07,5560.429655837859,4800.0,1.0,,14,,,,,,,,
8.171869996000169,0.006546889152377844,0.08165690135210753,0.0,0.0,0.0192875,4.0,0.9625,-0.012622400803957134,0.5930448040366173,-0.0013963278965093196,0.0018394910669485398,5.665987026759467e-05,261049.814,1.0,250127.660515625,4.248655765147055e-07,5502.312448290945,4800.0,1.0,,15,,,,,,,,
8.121893013000772,0.0056584236532216895,0.06767578143626451,0.0,0.0,0.01924,4.0,0.96,-0.017091295844875277,0.5798266470432282,-0.005942183034494519,4.964522613590816e-05,3.574598264322049e-06,259570.86599999998,1.0,251746.9583125,4.248655765147055e-07,4077.2163126310784,4800.0,1.0,,16,,,,,,,,
8.087171335000676,0.007825789178605191,0.09278971385210752,0.0,0.0,0.0191925,4.0,0.9575,-0.01770221405895427,0.5593934193253517,-0.006968297666753642,8.953485883012036e-06,2.693232545425417e-06,262994.11100000003,1.0,252952.309546875,4.248655765147055e-07,5336.597886418318,4800.0,1.0,,17,,,,,,,,
8.065010913000151,0.00875595045799855,0.09773763064295053,0.0,0.0,0.019145,4.0,0.955,-0.012946928152814507,0.5484677478671074,-0.002448658645153046,7.237604336296499e-06,2.843775541805371e-06,265285.01,1.0,255115.257515625,4.248655765147055e-07,4574.740314424383,4800.0,1.0,,18,,,,,,,,
8.126539293999485,0.010190523095661774,0.13575846357271076,0.0,0.0,0.0190975,4.0,0.9525,-0.007854036916978658,0.5203500159084797,0.00208173394203186,6.5013644189093615e-06,1.9264438776644966e-06,267959.653,1.0,259116.74368749998,4.248655765147055e-07,3830.594312550098,4800.0,1.0,,19,,,,,,,,
8.097590313000183,0.007712249888572842,0.08992513045668601,0.0,0.0,0.01905,4.0,0.95,-0.012214150803629309,0.5137460932135582,-0.002429020358249545,6.950387370352473e-06,2.0757273091476236e-06,269528.38499999995,1.0,259993.215765625,4.248655765147055e-07,3697.9520197535503,4800.0,1.0,,20,269528.38499999995,267184.107,265430.40400000004,70000042,261579.48906666666,best_of_k,267184.107,2871.9431633332842
8.091393960999994,0.008642840452375821,0.10236002625897526,0.0,0.0,0.019002500000000002,4.0,0.9475,-0.005266125628259033,0.501640509814024,0.00426462939940393,5.3661902597923475e-06,2.2660580953015597e-06,267369.815,1.0,260186.50875000004,4.248655765147055e-07,2963.986594802367,4800.0,1.0,,21,,,,,,,,
8.125130538000121,0.0066181146918097514,0.09236653689295053,0.0,0.0,0.018955,4.0,0.945,-0.009609983675181866,0.5011376239359379,-0.00011221624445170164,4.888062483132671e-06,1.6158346738848195e-06,268735.85599999997,1.0,261876.75923437503,4.248655765147055e-07,2713.0993083484937,4800.0,1.0,,22,,,,,,,,
8.115874964000795,0.0050441165018128235,0.060579427087213845,0.0,0.0,0.0189075,4.0,0.9425,-0.00456457503605634,0.5066370576620102,0.005009099561721087,4.155576737616684e-05,2.8207366540300427e-06,267075.744,1.0,260803.08160937502,4.248655765147055e-07,2847.9521367556094,4800.0,1.0,,23,,,,,,,,
8.123457235999922,0.007494653796311468,0.08694661483168602,0.0,0.0,0.018860000000000002,4.0,0.94,-0.012592228106223046,0.5056149080395699,-0.0030583272222429515,1.0991409050120638e-05,1.7923982028378304e-06,267282.85699999996,1.0,261567.09821875,4.248655765147055e-07,2751.5380884998717,4800.0,1.0,,24,,,,,,,,
8.049394165999729,0.0064567064488073814,0.07509765634313226,0.0,0.0,0.0188125,4.0,0.9375,-0.010259491694159805,0.4918635733425617,-0.0010080688749440013,8.450856967101572e-06,1.8305560558928846e-06,267789.227,1.0,262775.14809375,4.248655765147055e-07,2546.9181841958734,4800.0,1.0,,25,,,,,,,,
8.129244812999787,0.006049934949260205,0.08100585956126452,0.0,0.0,0.018765,4.0,0.935,-0.004586322791874408,0.47648026794195175,0.004346133372746408,7.75231753323169e-05,1.887770844177794e-06,267723.672,1.0,263980.07725,4.248655765147055e-07,2396.473947963472,4800.0,1.0,,26,,,,,,,,
8.130214189000071,0.0050354341743513945,0.05818684918340296,0.0,0.0,0.0187175,4.0,0.9325,-0.011560189269948751,0.48000695630908014,-0.0026067192666232586,0.00029988703856815847,2.1428976253901057e-06,268045.772,1.0,263941.15971875004,4.248655765147055e-07,2700.4018371454645,4800.0,1.0,,27,,,,,,,,
7.670447884000168,0.01125298507589226,0.12617187549670536,0.0,1.0,0.01867,3.0,0.9299999999999999,-0.0009640173676113288,0.47313484251499177,0.007811838543663422,0.0005683924271882764,1.4639252640336054e-06,269602.205,1.0,264239.51671875,4.248655765147055e-07,2657.5231225028856,4800.0,1.0,,28,,,,,,,,
8.16707001099985,0.010295767869683914,0.11868489617481828,0.0,0.0,0.0186225,4.0,0.9275,-0.006958576117176563,0.44703033566474915,0.0013239219901151956,0.00041912787215778733,8.242814558911959e-07,269672.75700000004,1.0,265078.85653125,4.248655765147055e-07,2174.144312985159,4800.0,1.0,,29,,,,,,,,
8.20191844600049,0.007318887257133611,0.08370768269523979,0.0,0.0,0.018575,4.0,0.925,-0.00926166030112654,0.43353433459997176,-0.0012282136594876647,0.0001634790412936127,6.210943841722383e-06,270433.25,1.0,266081.586734375,4.248655765147055e-07,1993.1157271518023,4800.0,1.0,,30,,,,,,,,
8.090849725000226,0.005646714952308685,0.06402994822710753,0.0,0.0,0.018527500000000002,4.0,0.9225,-0.0074851039214991035,0.429509124904871,0.0003798303194344044,0.0008132883874168329,2.2932695054578288e-05,271004.107,1.0,266884.58134375,4.248655765147055e-07,1430.911551405882,4800.0,1.0,,31,,,,,,,,
8.10532715499994,0.005214279139181599,0.06638997448608279,0.0,0.0,0.01848,4.0,0.92,-0.007794544356875122,0.42976998835802077,0.00013341038720682263,0.0001010799429650433,8.17276564362146e-06,270652.921,1.0,267438.669296875,4.248655765147055e-07,1622.4034050553346,4800.0,1.0,,32,,,,,,,,
8.111511074000191,0.008060391669278032,0.07179361991584302,0.0,0.0,0.0184325,4.0,0.9175,-0.0055414121598005295,0.4384881019592285,0.0025341681321151555,4.074659898947175e-05,5.553442541383902e-06,270921.59,1.0,267639.88604687504,4.248655765147055e-07,1652.643941679833,4800.0,1.0,,33,,,,,,,,
7.08985894899979,0.018728072836529462,0.15410156324505805,0.0,1.0,0.018385,2.0,0.915,0.0025221463292837143,0.45996360182762147,0.010960453934967519,4.72383173473645e-05,2.6799113442166345e-05,270224.948,1.0,265668.302765625,4.248655765147055e-07,2489.2235809658137,4800.0,1.0,,34,,,,,,,,
8.145731829000397,0.006486488686641678,0.06635742196813225,0.0,0.0,0.0183375,4.0,0.9125,-0.007969330728519708,0.4578999727964401,0.00042351174633949997,1.3748583387496183e-05,5.046226664262576e-06,272314.41500000004,1.0,266797.405734375,4.248655765147055e-07,2341.2684488709538,4800.0,1.0,,35,,,,,,,,
8.113661031999982,0.008606804665760137,0.09918619841337203,0.0,0.0,0.01829,4.0,0.91,-0.011398398375604302,0.44349251314997673,-0.003379695606417954,0.0007727177515334915,3.1007108546532436e-05,271817.412,1.0,267119.29306249996,4.248655765147055e-07,2356.6719033230866,4800.0,1.0,,36,,,,,,,,
8.126318051000453,0.005551075312541798,0.04944661473855376,0.0,0.0,0.018242500000000002,4.0,0.9075,-0.00927878061775118,0.4265346348285675,-0.0015911468537524343,0.000877138904684216,1.142113840444381e-05,271450.12299999996,1.0,268519.133203125,4.248655765147055e-07,2208.97897113937,4800.0,1.0,,37,,,,,,,,
8.09877918500024,0.00503551610163413,0.06103515643626452,0.0,0.0,0.018195,4.0,0.905,-0.009953063807915895,0.42097297459840777,-0.002303923410363495,9.080591612473655e-05,2.764565536494956e-06,271810.33800000005,1.0,268346.14534375,4.248655765147055e-07,1968.7810139853837,4800.0,1.0,,38,,,,,,,,
8.061131015999308,0.006053409387823195,0.06679687508149072,0.0,0.0,0.0181475,4.0,0.9025,-0.002697777666617185,0.4121277779340744,0.004780624015256763,3.972164657284339e-06,5.802608164628964e-07,271514.203,1.0,269341.2565,4.248655765147055e-07,1326.7637072639152,4800.0,1.0,,39,,,,,,,,
8.005515930000001,0.004588969278847799,0.051399739598855375,0.0,0.0,0.0181,4.0,0.9,-0.010175375652033835,0.40125450268387797,-0.0029134182375855746,4.60457358713029e-06,5.779954705076306e-07,271872.694,1.0,268935.87634375,4.248655765147055e-07,1456.283885020573,4800.0,1.0,,40,272314.41500000004,272033.91000000003,270519.19000000006,70000042,269785.09180000005,best_of_k,272033.91000000003,1161.936931070374
8.17841332900025,0.006258660031016916,0.0740885418257676,0.0,0.0,0.0180525,4.0,0.8975,-0.005807589960750192,0.39806097820401193,0.0013776483130641282,4.396407865669971e-06,6.351021028194736e-07,272214.88000000006,1.0,269542.381453125,4.248655765147055e-07,1516.4153378936476,4800.0,1.0,,41,,,,,,,,
8.077171173999886,0.007714747922727838,0.08159179724752903,0.0,0.0,0.018005,4.0,0.895,-0.0026989914011210205,0.4028267808258533,0.00455271378159523,3.934604120559016e-06,1.5966884149065662e-06,273177.9060000001,1.0,268280.055203125,4.248655765147055e-07,2311.455640668438,4800.0,1.0,,42,,,,,,,,
8.084835188000397,0.008773493429180235,0.08823242206126451,0.0,0.0,0.0179575,4.0,0.8925,-0.00702626098645851,0.39743811562657355,0.0001095927320420742,4.493421778306584e-06,1.3831275296638523e-06,272104.476,1.0,268833.08650000003,4.248655765147055e-07,2099.876642107298,4800.0,1.0,,43,,,,,,,,
8.131682807999823,0.010824986209627241,0.10320638054981827,0.0,0.0,0.017910000000000002,4.0,0.89,-0.0050372371333651245,0.3936858266592026,0.002012599166482687,1.8235656852993998e-06,1.7891810458081636e-06,272226.099,1.0,269458.347546875,4.248655765147055e-07,1701.9707829592137,4800.0,1.0,,44,,,,,,,,
8.147419148999688,0.006704345170874149,0.0727376302704215,0.0,0.0,0.0178625,4.0,0.8875,-0.004355091060278937,0.38670811131596566,0.002551660331664607,1.7785362842914764e-06,1.2896525518613089e-06,272804.93000000005,1.0,269688.67871875,4.248655765147055e-07,1812.0443424387697,4800.0,1.0,,45,,,,,,,,
8.258143263999955,0.01287346575409174,0.11097005251795053,0.0,0.0,0.017815,4.0,0.885,-0.002986652648542076,0.39237663969397546,0.0040029720170423385,2.1913153688046804e-06,6.923644804146534e-07,272649.192,1.0,268953.16284375,4.248655765147055e-07,2124.5503998512304,4800.0,1.0,,46,,,,,,,,
8.069656284999837,0.011025490972679108,0.09759114598855376,0.0,0.0,0.017767500000000002,4.0,0.8825000000000001,-0.004605517024174333,0.38463032692670823,0.002227871131617576,2.132924933562208e-06,6.359220378726605e-07,273084.13100000005,1.0,269343.067515625,4.248655765147055e-07,1563.2511775490204,4800.0,1.0,,47,,,,,,,,
8.094514159000028,0.012203569762641564,0.09793294314295053,0.0,0.0,0.01772,4.0,0.88,-0.0022614134359173477,0.38601042330265045,0.004578165709972382,1.922639438589613e-06,6.678445558350177e-07,272822.37799999997,1.0,270056.667171875,4.248655765147055e-07,1543.334199112662,4800.0,1.0,,48,,,,,,,,
8.13568819700049,0.008024977843160742,0.08247070326469838,0.0,0.0,0.0176725,4.0,0.8775,-0.0031140135251916945,0.36976178586483,0.003418634505942464,1.2676335913397452e-05,1.39890796333475e-06,271664.977,1.0,269430.32446875,4.248655765147055e-07,1119.4573639883347,4800.0,1.0,,49,,,,,,,,
8.17756148799981,0.007243412284879014,0.07094726576469838,0.0,0.0,0.017625000000000002,4.0,0.875,0.00029580615228042006,0.3676502726972103,0.006772143975831568,8.771374552907218e-06,5.24224570028764e-06,273293.53400000004,1.0,270277.502703125,4.248655765147055e-07,1478.948878068422,4800.0,1.0,,50,,,,,,,,
8.12513391199991,0.008525036822538823,0.08727213572710753,0.0,0.0,0.0175775,4.0,0.8725,-0.0018819542310666293,0.3515860326588154,0.004283357283566147,1.493759603476974e-06,2.9085474206169693e-05,272605.29000000004,1.0,270369.5518125,4.248655765147055e-07,1081.4208618341763,4800.0,1.0,,51,,,,,,,,
8.120860396999888,0.009374926885357127,0.09217122420668603,0.0,0.0,0.01753,4.0,0.87,-0.0014288979291450232,0.34166560173034666,0.0042103283340111375,2.64583639960847e-05,0.0006950528873915119,273607.999,1.0,270826.33114062506,4.248655765147055e-07,1278.6213463910203,4800.0,1.0,,52,,,,,,,,
8.065045872000155,0.010868816476431675,0.09822591179981828,0.0,0.0,0.0174825,4.0,0.8674999999999999,-0.008126025937963277,0.3427812248468399,-0.0021633932134136557,9.659693267849434e-06,5.814852296452955e-05,273134.643,1.0,270742.36360937497,4.248655765147055e-07,1665.3650338210878,4800.0,1.0,,53,,,,,,,,
8.00433531500039,0.00963448672555387,0.09287109393626451,0.0,0.0,0.017435,4.0,0.865,-0.0007992347877006978,0.3301178179681301,0.004942778695840389,7.125008891932794e-05,1.2931353245448917e-05,272394.907,1.0,270609.64026562497,4.248655765147055e-07,953.2205134107242,4800.0,1.0,,54,,,,,,,,
8.062937688999227,0.012026559983496554,0.12081705760210752,0.0,0.0,0.0173875,4.0,0.8625,-0.001603011239785701,0.31801878586411475,0.0037344345008023085,0.0019155635511879155,1.0986655176736804e-06,272118.914,1.0,270437.81653125,4.248655765147055e-07,854.2045775749314,4800.0,1.0,,55,,,,,,,,
8.05077945999983,0.010609013197245077,0.08776041707023978,0.0,1.0,0.01734,4.0,0.86,5.2104901988059284e-05,0.31326976493000985,0.005462837603408844,0.00021110151338916695,5.110019635878871e-07,272494.058,1.0,270942.453109375,4.248655765147055e-07,876.338264908641,4800.0,1.0,,56,,,,,,,,
8.087986577000265,0.008302582017495296,0.08276367224752904,0.0,0.0,0.017292500000000002,4.0,0.8575,-0.002261144045041874,0.3089062415063381,0.0030789134209044276,1.4992939611602196e-05,4.079411112911657e-07,272932.182,1.0,271033.77546875004,4.248655765147055e-07,771.8026468308221,4800.0,1.0,,57,,,,,,,,
8.053037581999888,0.006331195912207477,0.060856120102107523,0.0,0.0,0.017245,4.0,0.855,-8.757392643019558e-05,0.31342105716466906,0.005316553614102304,5.846540187803839e-06,4.6792915568971695e-07,272324.316,1.0,271197.75817187503,4.248655765147055e-07,755.7327691967066,4800.0,1.0,,58,,,,,,,,
8.065037551999922,0.006720756055437959,0.07931315111927688,0.0,0.0,0.0171975,4.0,0.8525,-0.0028834066819399596,0.31252448484301565,0.0024902269011363386,8.00374587583974e-06,4.12035915786646e-07,272651.463,1.0,271195.21189062495,4.248655765147055e-07,965.2153535975078,4800.0,1.0,,59,,,,,,,,
8.099007237000478,0.010988288628868758,0.09900716179981828,0.0,0.0,0.017150000000000002,4.0,0.85,-0.0018042809912003576,0.3166228659451008,0.003625267744064331,2.6217660916927344e-06,5.420564434643893e-07,272635.429,1.0,270867.924609375,4.248655765147055e-07,1301.0300734138189,4800.0,1.0,,60,273607.999,272626.145,273157.16500000004,70000042,271173.18600000005,best_of_k,272626.145,749.7845589327237
8.013327595999726,0.013416376517852768,0.13235677108168603,0.0,0.0,0.0171025,4.0,0.8475,-0.0034379488439299165,0.3147924154996872,0.001945432531647384,1.4243334277352914e-06,4.2749433220024003e-07,272701.09,1.0,270972.88070312503,4.248655765147055e-07,953.1840538776821,4800.0,1.0,,61,,,,,,,,
8.206247793999864,0.0076066703884862365,0.06962890652939677,0.0,0.0,0.017055,4.0,0.845,-0.0018951407866552473,0.30466410145163536,0.0033006142592057587,1.1117977592789429e-06,3.592822054088174e-07,272670.635,1.0,271152.16449999996,4.248655765147055e-07,749.3020650787963,4800.0,1.0,,62,,,,,,,,
8.009961327000383,0.006819122040178626,0.08310546902939678,0.0,0.0,0.017007500000000002,4.0,0.8425,-0.0035769584006629883,0.31574857160449027,0.0017928413581103086,1.241519821348902e-06,3.4047704247086583e-07,272996.66300000006,1.0,270976.70053125,4.248655765147055e-07,753.8008006172868,4800.0,1.0,,63,,,,,,,,
8.11858377399949,0.009708312738803215,0.10266927108168603,0.0,0.0,0.01696,4.0,0.84,-0.0007580593694001437,0.3164465621113777,0.00460807578638196,6.141345504317996e-06,3.6893418524641676e-07,272786.706,1.0,270905.199203125,4.248655765147055e-07,921.7269856275036,4800.0,1.0,,64,,,,,,,,
7.991182010000557,0.008432895629084669,0.09152018278837204,0.0,0.0,0.0169125,4.0,0.8375,0.0011942972312681377,0.31504146531224253,0.006521762744523585,4.5162714513935495e-06,4.4326775139325036e-07,272843.805,1.0,270947.736984375,4.248655765147055e-07,1506.2196461138983,4800.0,1.0,,65,,,,,,,,
7.9545334120002735,0.00874534918984864,0.09182942733168602,0.0,0.0,0.016865,4.0,0.835,-0.004530025186249986,0.31490007489919664,0.0007799472266924567,4.471551136475682e-06,7.404261381793731e-07,272704.051,1.0,269657.23896875,4.248655765147055e-07,2092.771649157207,4800.0,1.0,,66,,,,,,,,
7.9873918490002325,0.006399045517900959,0.07109375027939677,0.0,0.0,0.0168175,4.0,0.8325,-0.008583228930365294,0.32168652713298795,-0.003173851140309125,1.3985943695615789e-06,8.91249474932465e-07,272546.94299999997,1.0,269027.89835937496,4.248655765147055e-07,1917.9058009109842,4800.0,1.0,,67,,,,,,,,
7.537155130999963,0.013971543389682968,0.12352430572112401,0.0,1.0,0.01677,3.0,0.83,0.0011596629706521829,0.3232133428255717,0.006579369027167559,1.8836226862125235e-06,7.860801550426307e-07,272710.566,1.0,269228.74157812505,4.248655765147055e-07,1789.1001836212583,4800.0,1.0,,68,,,,,,,,
8.021819917999892,0.010443594516254961,0.08649088554084301,0.0,0.0,0.0167225,4.0,0.8275,-0.008606110711116343,0.3241289399564266,-0.003187699225964025,1.4916166878720106e-05,6.87435226609523e-07,272224.33,1.0,268933.3306875,4.248655765147055e-07,1469.8566498968994,4800.0,1.0,,69,,,,,,,,
7.005056599000454,0.018268668628297745,0.12014974020421505,0.0,1.0,0.016675000000000002,2.0,0.825,0.004781540518160909,0.32140147089958193,0.010110316658392548,0.000302552304776782,6.745232809635127e-07,272983.554,1.0,270001.4900625,4.248655765147055e-07,1655.0829363310663,4800.0,1.0,,70,,,,,,,,
8.162449190999723,0.008497201491263696,0.08209635429084301,0.0,0.0,0.0166275,4.0,0.8225,-0.006447865802329034,0.33609081655740736,-0.0009204060537740588,0.0006025569045505109,1.2696380167653842e-06,271899.772,1.0,267506.013265625,4.248655765147055e-07,2308.648646968285,4800.0,1.0,,71,,,,,,,,
7.638440846999401,0.01720410961036881,0.10870225702722867,0.0,1.0,0.01658,3.0,0.8200000000000001,-0.002714502865759035,0.3452157417933146,0.0029965787039448817,0.00011931887042919698,1.3281838429672158e-06,272084.337,1.0,267854.728671875,4.248655765147055e-07,2590.806867255441,4800.0,1.0,,72,,,,,,,,
7.027436665000096,0.02047888450906612,0.151953125,0.0,1.0,0.016532500000000002,2.0,0.8175,0.008281457098200917,0.33190480768680575,0.013767798896878958,3.1480257291605083e-06,1.119204094379711e-06,272027.219,1.0,269558.67764062504,4.248655765147055e-07,1360.2296081046195,4800.0,1.0,,73,,,,,,,,
8.050298411999393,0.006961721423431299,0.07360026072710753,0.0,0.0,0.016485,4.0,0.815,-0.0041332108899950985,0.3228248663246632,0.0011878445220645517,2.1922141257846306e-06,9.864108633905744e-07,272340.22900000005,1.0,269829.3480625,4.248655765147055e-07,1205.8214451714548,4800.0,1.0,,74,,,,,,,,
8.03978804900089,0.008485229485086166,0.07605794295668603,0.0,0.0,0.0164375,4.0,0.8125,-0.005164837348274887,0.32023609057068825,9.779114043340087e-05,7.4338583118560566e-06,1.0182372520262107e-06,272189.15599999996,1.0,269794.33884375,4.248655765147055e-07,1401.0315619853193,4800.0,1.0,,75,,,,,,,,
8.006649142000242,0.013699182352866046,0.11292317733168603,0.0,1.0,0.016390000000000002,4.0,0.81,-0.0054684655973687765,0.3234661266207695,-0.00016760621219873427,2.158394690354726e-06,1.0695145462591427e-06,271089.08800000005,1.0,268373.02978125,4.248655765147055e-07,2243.5079011112784,4800.0,1.0,,76,,,,,,,,
8.099058440999215,0.00600040860590525,0.06005859384313226,0.0,0.0,0.0163425,4.0,0.8075,-0.002811381925130263,0.32264213263988495,0.0024591087189037354,1.8397452845420047e-05,8.983980521293234e-07,271367.57499999995,1.0,269091.04803125,4.248655765147055e-07,1747.3040445401489,4800.0,1.0,,77,,,,,,,,
8.048361545000262,0.010134457040112465,0.10390625037252903,0.0,0.0,0.016295,4.0,0.8049999999999999,0.004082121432293207,0.3209783099591732,0.009300417546182872,0.0001163775214308771,8.154789242098559e-07,271761.032,1.0,269352.2333125,4.248655765147055e-07,1576.6098770547835,4800.0,1.0,,78,,,,,,,,
7.713657643999795,0.015193314931821078,0.12495659788449605,0.0,1.0,0.0162475,3.0,0.8025,-0.0007930835864196222,0.3229731251796087,0.004327804067482551,0.0012607114813969625,1.0933403965888526e-06,271060.414,1.0,268251.913859375,4.248655765147055e-07,2289.288291772997,4800.0,1.0,,79,,,,,,,,
6.949082575999455,0.018172578408848495,0.14498697919771075,0.0,1.0,0.0162,2.0,0.8,0.005588484194595367,0.3391597032546997,0.011053322457883041,0.0002893593070893985,1.2258777076112892e-06,270136.282,1.0,265578.50096875,4.248655765147055e-07,2436.8713611350777,4800.0,1.0,,80,273607.999,270817.795,271312.06100000005,70000042,268868.068,best_of_k,270817.795,1757.70666910938
7.526654319000045,0.014080969019172091,0.10542534776031971,0.0,1.0,0.0161525,3.0,0.7975,-0.0024578044656664135,0.32662835518519084,0.0028121076369037232,4.3051128083485914e-05,3.293863685864077e-06,270687.173,1.0,268563.65425,4.248655765147055e-07,1872.40096263874,4800.0,1.0,,81,,,,,,,,
8.129874094000115,0.01105331490689423,0.09728190121240914,0.0,0.0,0.016105,4.0,0.795,-0.006434455246198923,0.33403834253549575,-0.0010619123640935868,2.6583776269717417e-05,8.972363434622822e-06,270857.818,1.0,268221.85157812503,4.248655765147055e-07,2067.8670575101573,4800.0,1.0,,82,,,,,,,,
8.090223907000109,0.007594067708123475,0.07569987000897527,0.0,0.0,0.016057500000000002,4.0,0.7925,-0.0026742794085294007,0.33192445039749147,0.0025518228067085147,6.44333657533025e-05,0.00019466324163204264,271692.001,1.0,269166.30470312503,4.248655765147055e-07,1521.215727860551,4800.0,1.0,,83,,,,,,,,
8.192333074999624,0.010330852097831666,0.0856770833954215,0.0,0.0,0.01601,4.0,0.79,-0.007504209177568555,0.34015403166413305,-0.002534557809121907,5.711430616770485e-05,0.0009410066763393843,270668.391,1.0,266902.68359375,4.248655765147055e-07,2273.059672095226,4800.0,1.0,,84,,,,,,,,
8.033157521999783,0.00914316990529187,0.08587239598855376,0.0,0.0,0.0159625,4.0,0.7875,-0.0004512835759669542,0.32952299565076826,0.004795026108331513,3.5002257919813926e-05,2.040246459955597e-05,271087.829,1.0,268430.98153125,4.248655765147055e-07,1870.5792220078426,4800.0,1.0,,85,,,,,,,,
8.03329318499982,0.012290638024569488,0.08089192723855376,0.0,0.0,0.015915,4.0,0.785,-0.010089159331982955,0.3370124727487564,-0.004733646917156875,1.0556017966223407e-05,1.3972480761026419e-05,270715.238,1.0,266026.84334375,4.248655765147055e-07,2395.500338660038,4800.0,1.0,,86,,,,,,,,
7.574398757000381,0.015854408184532078,0.107052951430281,0.0,1.0,0.0158675,3.0,0.7825,0.005348454834893346,0.32957146167755125,0.010576249659061432,3.003971145669008e-06,2.7604848924056567e-06,270853.24799999996,1.0,267734.98432812496,4.248655765147055e-07,2344.0257598693656,4800.0,1.0,,87,,,,,,,,
8.005017484000746,0.008688744128448889,0.08193359384313226,0.0,0.0,0.01582,4.0,0.78,-0.0020480452803894877,0.32906893491744993,0.0031496676383540034,7.200105016806902e-05,1.9147561602039787e-06,271021.50299999997,1.0,268545.53398437495,4.248655765147055e-07,1523.3736214825642,4800.0,1.0,,88,,,,,,,,
8.053968324999914,0.006712333598989062,0.06446940116584302,0.0,0.0,0.015772500000000002,4.0,0.7775,-0.0016111540258862077,0.3248110540211201,0.003508281265385449,1.9921251441701317e-05,3.3078308035783265e-06,270934.33999999997,1.0,263726.51548437495,4.248655765147055e-07,5012.1075656513785,4800.0,1.0,,89,,,,,,,,
6.943733097000404,0.02282052912632935,0.11708984412252903,0.0,1.0,0.015725,2.0,0.775,-0.0015650000423192978,0.3294352114200592,0.0036130250431597234,8.995286759727605e-06,2.8878425553102716e-06,270664.07399999996,1.0,266739.143265625,4.248655765147055e-07,3971.2052965626126,4800.0,1.0,,90,,,,,,,,
8.085063821000404,0.009719567216234282,0.08152669295668602,0.0,0.0,0.0156775,4.0,0.7725,0.0003733562829438597,0.32256839945912363,0.005428234697319567,1.5325922828424154e-05,1.3108383427606896e-06,271238.235,1.0,269036.612671875,4.248655765147055e-07,1415.736386462251,4800.0,1.0,,91,,,,,,,,
7.538176429000487,0.015599048774068555,0.12799479191501936,0.0,1.0,0.01563,3.0,0.77,-0.0039400937656561535,0.3155274152755737,0.0009905385474363964,5.306356615619734e-06,1.060700592840173e-06,271306.92899999995,1.0,268433.03501562495,4.248655765147055e-07,2132.412984802909,4800.0,1.0,,92,,,,,,,,
8.033352573999764,0.00814596566488035,0.07539062518626452,0.0,0.0,0.015582499999999999,4.0,0.7675,-0.00776179248932749,0.32361881360411643,-0.0027201436925679444,6.66535188997841e-06,9.492375170339074e-07,270556.76300000004,1.0,267647.84798437497,4.248655765147055e-07,2238.3581715938653,4800.0,1.0,,93,,,,,,,,
7.554008308000448,0.014886389579623937,0.11306423631807168,0.0,1.0,0.015535,3.0,0.765,-0.003545740634823839,0.32626537084579466,0.0015193636432134856,2.833869378567518e-05,1.1884865709059038e-06,270884.847,1.0,267001.80957812496,4.248655765147055e-07,2566.6429179889737,4800.0,1.0,,94,,,,,,,,
8.100940493999587,0.013674182939575985,0.11059570340439677,0.0,1.0,0.015487500000000001,4.0,0.7625,-0.002833518659463152,0.318060003221035,0.0020877270377241074,4.2431262153286296e-05,9.306233792472085e-07,270902.555,1.0,267284.22021875,4.248655765147055e-07,2353.57704502039,4800.0,1.0,,95,,,,,,,,
8.066735066000547,0.006561565725132823,0.05957031268626452,0.0,0.0,0.01544,4.0,0.76,-0.006408815982285887,0.32365610748529433,-0.0014131570002064108,1.1336129824712771e-05,9.163239937493018e-07,272218.19600000005,1.0,269702.371890625,4.248655765147055e-07,1584.4627894292335,4800.0,1.0,,96,,,,,,,,
8.124463815000126,0.0076345456705894325,0.07451171875,0.0,0.0,0.0153925,4.0,0.7575000000000001,-0.0005099771544337273,0.3368561789393425,0.004672071912500542,2.33860218514792e-05,1.3412332521056668e-06,272437.50200000004,1.0,268988.819296875,4.248655765147055e-07,2484.174170006139,4800.0,1.0,,97,,,,,,,,
8.030537520000507,0.011269886052468791,0.08759765643626452,0.0,0.0,0.015345000000000001,4.0,0.755,0.00263527863426134,0.3296482712030411,0.007654870976693928,0.0003844677281222175,8.264132361546217e-07,272075.19299999997,1.0,270154.737640625,4.248655765147055e-07,1303.9468792176497,4800.0,1.0,,98,,,,,,,,
7.921660467000038,0.007681001871242188,0.07257487010210753,0.0,0.0,0.0152975,4.0,0.7525,-0.0009953921660780906,0.3410079263150692,0.003970463445875793,0.002502556708168413,9.141213382690694e-07,271911.019,1.0,269134.122765625,4.248655765147055e-07,1795.737738077708,4800.0,1.0,,99,,,,,,,,
7.01707756199994,0.01750776218250394,0.10921223983168601,0.0,1.0,0.01525,2.0,0.75,-0.0067938911844976245,0.3389585748314857,-0.0016617891378700733,0.0003655946402432164,9.14501279680735e-07,271901.0019999999,1.0,269215.67679687496,4.248655765147055e-07,1704.7733660406852,4800.0,1.0,,100,273607.999,271429.928,271126.11699999997,70000042,268951.0622333333,best_of_k,271429.928,1437.2531280704065
8.061972903000424,0.0097899333370151,0.08987630223855377,0.0,0.0,0.0152025,4.0,0.7475,0.0009058510127943009,0.3436245746910572,0.006054448697250336,0.0007498034258219377,7.492409565656999e-07,272181.924,1.0,269565.07896874996,4.248655765147055e-07,1320.747501286355,4800.0,1.0,,101,,,,,,,,
8.10505245799959,0.014134332883986644,0.10109049510210752,0.0,1.0,0.015155,4.0,0.745,-0.0018388918251730502,0.3320327438414097,0.0027153177186846735,0.004770321496471297,1.4284610330150826e-06,271613.445,1.0,268927.675,4.248655765147055e-07,1774.2256370927141,4800.0,1.0,,102,,,,,,,,
8.175632148999284,0.01190346276271157,0.0872070315759629,0.0,0.0,0.0151075,4.0,0.7424999999999999,-0.00029891468002460895,0.33216986879706384,0.0046550425002351405,0.0006379037626345508,1.019345462793808e-06,271359.11799999996,1.0,269427.40650000004,4.248655765147055e-07,979.8984702257043,4800.0,1.0,,103,,,,,,,,
7.984527812999659,0.010088516853284091,0.08608398484066129,0.0,0.0,0.01506,4.0,0.74,-0.006889119150582701,0.32373836636543274,-0.0020143014029599727,3.0790812644454492e-06,7.486825126079566e-07,271731.52,1.0,269502.69268750004,4.248655765147055e-07,1502.469269588063,4800.0,1.0,,104,,,,,,,,
8.055777898999622,0.00626052390143741,0.06236979197710753,0.0,0.0,0.015012500000000002,4.0,0.7375,-0.005025962099898607,0.31991217508912084,-0.00022391360253095626,3.275975785754781e-06,6.1143710468059e-07,272157.952,1.0,270238.10346874996,4.248655765147055e-07,875.4701140299524,4800.0,1.0,,105,,,,,,,,
8.071446718000516,0.009244111043517477,0.083463541790843,0.0,0.0,0.014965,4.0,0.735,-0.002249592775478959,0.31367599293589593,0.002443898282945156,3.5351523450799505e-06,6.327470330802498e-07,272126.58699999994,1.0,269641.162390625,4.248655765147055e-07,1182.4240598980393,4800.0,1.0,,106,,,,,,,,
8.089314447000106,0.009949792211409658,0.06645507821813226,0.0,0.0,0.0149175,4.0,0.7324999999999999,-0.002838791674003005,0.32162474021315574,0.0019583548884838818,3.8532704223825934e-06,6.098510652918776e-07,272103.664,1.0,269976.9684375,4.248655765147055e-07,1274.671112094464,4800.0,1.0,,107,,,,,,,,
8.04464681799982,0.007093974325107411,0.058496094029396775,0.0,0.0,0.014870000000000001,4.0,0.73,0.003111242176964879,0.3224195383489132,0.007904932042583824,3.645118516715229e-06,6.47250432450619e-07,272014.12,1.0,269579.35539062496,4.248655765147055e-07,1430.7528001314108,4800.0,1.0,,108,,,,,,,,
8.104367554000419,0.008033846458420157,0.06083984412252903,0.0,0.0,0.014822499999999999,4.0,0.7275,-0.004121982696233317,0.32029030546545983,0.0006250182166695594,2.238041241753308e-06,5.557923607568683e-07,271897.24500000005,1.0,269785.9343125,4.248655765147055e-07,919.2891644878508,4800.0,1.0,,109,,,,,,,,
8.003564239000298,0.005785439870669507,0.050813802145421506,0.0,0.0,0.014775,4.0,0.725,-0.006755682360380888,0.3190584763884544,-0.002042090555187315,1.7452091270797609e-06,6.456358605078095e-07,271321.286,1.0,269155.2903125,4.248655765147055e-07,1812.6635697478746,4800.0,1.0,,110,,,,,,,,
7.989834155000608,0.009386493088095449,0.07298177108168602,0.0,0.0,0.014727500000000001,4.0,0.7224999999999999,-0.003323776868637651,0.3153065137565136,0.0013193878228776156,1.3368624180998268e-06,7.575559578754109e-07,271660.40499999997,1.0,269025.12646875007,4.248655765147055e-07,1961.7770880958624,4800.0,1.0,,111,,,,,,,,
8.110592695999912,0.014991222508251667,0.10919596422463655,0.0,1.0,0.01468,4.0,0.72,4.129607696086168e-05,0.3228440821170807,0.0047802473767660555,1.0433081584437788e-06,5.917965083312993e-07,271689.13499999995,1.0,269740.268375,4.248655765147055e-07,1217.916396860707,4800.0,1.0,,112,,,,,,,,
8.093966477000322,0.012559548098943196,0.09422200564295054,0.0,0.0,0.014632500000000001,4.0,0.7175,-0.00506467490340583,0.3236326865851879,-0.00032955983770079913,9.952161832416095e-07,6.804413558825218e-07,272414.647,1.0,270319.44224999996,4.248655765147055e-07,1311.9820831613874,4800.0,1.0,,113,,,,,,,,
8.033158470000672,0.00958445721771568,0.08917643260210753,0.0,0.0,0.014585,4.0,0.7150000000000001,-0.0039293553330935534,0.320781409740448,0.0007487786002457142,1.0807446514604636e-06,7.103073087932898e-07,272243.82999999996,1.0,269983.15809375,4.248655765147055e-07,1829.3277468285605,4800.0,1.0,,114,,,,,,,,
8.081238509000286,0.009883748204447328,0.08022460974752903,0.0,0.0,0.014537500000000002,4.0,0.7125,-0.0029894336592406036,0.3274921178817749,0.0017711091786623001,8.074588066619981e-07,5.873854618698715e-07,272487.706,1.0,270279.17634375003,4.248655765147055e-07,1230.9640023814927,4800.0,1.0,,115,,,,,,,,
8.138204637999479,0.006785182192106731,0.0558919271454215,0.0,0.0,0.014490000000000001,4.0,0.71,-0.002253980818204582,0.3246732994914055,0.0024501321371644736,1.3308427000424672e-06,5.399295787356095e-07,273229.19999999995,1.0,270118.04746875004,4.248655765147055e-07,1109.1500088535786,4800.0,1.0,,116,,,,,,,,
8.079873769999722,0.011812047820421867,0.07869466189295053,0.0,0.0,0.0144425,4.0,0.7075,0.0031331990263424813,0.31420255824923515,0.007670739974128082,8.535651247143505e-07,4.871678825679737e-07,272459.093,1.0,270477.442265625,4.248655765147055e-07,945.4472115492995,4800.0,1.0,,117,,,,,,,,
8.081398680000348,0.010163449784158729,0.0930501303402707,0.0,0.0,0.014395000000000002,4.0,0.7050000000000001,-0.0024173427373170853,0.3157082490622997,0.002126879338175058,9.936743239791212e-07,5.983613355908801e-07,272939.115,1.0,270060.69940625003,4.248655765147055e-07,1634.0528839878177,4800.0,1.0,,118,,,,,,,,
7.496634049000022,0.01768511418874065,0.09164496560891469,0.0,1.0,0.014347500000000001,3.0,0.7025,0.009012042218819261,0.31443521777788797,0.013523102986315887,7.389802836617794e-07,4.484045007302484e-07,273140.3219999999,1.0,270739.00421875,4.248655765147055e-07,769.2232581528496,4800.0,1.0,,119,,,,,,,,
8.035019721000026,0.009110009213327431,0.06481119804084301,0.0,0.0,0.0143,4.0,0.7,-0.004351441608741879,0.3157534278929234,0.00016346746124327183,7.506262178935685e-07,5.796421682191522e-07,272599.788,1.0,269993.238,4.248655765147055e-07,1272.371867472588,4800.0,1.0,,120,273607.999,272353.769,269480.43500000006,70000042,270425.1090666667,best_of_k,272353.769,1078.1739345216324
8.14279682599954,0.011750466609373688,0.061197916883975266,0.0,1.0,0.014252500000000001,4.0,0.6975,-0.0010196196439210326,0.3192501775920391,0.0035299875074997545,9.869048312793892e-07,8.143207907096439e-07,272849.04699999996,1.0,270120.20476562495,4.248655765147055e-07,1254.787254228551,4800.0,1.0,,121,,,,,,,,
8.121502519999922,0.007495240561547689,0.052067057508975265,0.0,0.0,0.014205,4.0,0.6950000000000001,-0.0001669162476900965,0.3299992248415947,0.004520227736793459,7.661991091367782e-07,8.373773894732039e-07,272346.42199999996,1.0,270334.1819375,4.248655765147055e-07,1014.7213427179598,4800.0,1.0,,122,,,,,,,,
8.080796737999663,0.007616416231030598,0.06616210965439677,0.0,0.0,0.0141575,4.0,0.6925,-0.001478832442080602,0.31942781060934067,0.0030426017357967792,1.0083212686140542e-06,1.529104990538599e-06,273593.36000000004,1.0,270184.727734375,4.248655765147055e-07,1376.1506379182526,4800.0,1.0,,123,,,,,,,,
8.13343875999999,0.008929850335698574,0.06923828134313226,0.0,0.0,0.014110000000000001,4.0,0.69,-0.006708445562981069,0.3184407360851765,-0.002215610010898672,8.525802869030486e-07,5.567727846766956e-07,273586.13899999997,1.0,270711.527484375,4.248655765147055e-07,1450.5405936420868,4800.0,1.0,,124,,,,,,,,
7.5731566589993236,0.01521780692661802,0.08834635441501935,0.0,1.0,0.0140625,3.0,0.6875,-0.00439795283600688,0.3143344153960546,2.208563188711802e-05,8.217831691581523e-07,4.129293169323015e-07,273608.116,1.0,271414.748796875,4.248655765147055e-07,1206.4526157735456,4800.0,1.0,,125,,,,,,,,
8.097955266000099,0.009507931044208818,0.07666015643626452,0.0,0.0,0.014015,4.0,0.685,-0.010035945067647845,0.3087078630924225,-0.005709710449445992,9.315785206354122e-07,4.2485633855449123e-07,274062.614,1.0,272134.188890625,4.248655765147055e-07,1284.9201699697398,4800.0,1.0,,126,,,,,,,,
8.120058504000554,0.007952851909794844,0.0684733075555414,0.0,0.0,0.0139675,4.0,0.6825,-0.003247942472808063,0.3190911471843719,0.0012079453794285656,5.521597950064461e-06,9.313821109913079e-07,274375.609,1.0,270932.89165625,4.248655765147055e-07,1942.8391607275034,4800.0,1.0,,127,,,,,,,,
8.103197639999962,0.007156086459872313,0.06736653661355377,0.0,0.0,0.01392,4.0,0.6799999999999999,-0.0036487065139226616,0.3276453949511051,0.0009118068497627974,9.074114544205258e-07,4.3988477500533917e-07,274183.34500000003,1.0,271868.57142187504,4.248655765147055e-07,1192.7878923634655,4800.0,1.0,,128,,,,,,,,
8.186356213999716,0.004777553208987229,0.04786783866584301,0.0,0.0,0.0138725,4.0,0.6775,-0.00560581024037674,0.31342354863882066,-0.001258114038500935,8.711420647955493e-07,3.6876467959245927e-07,273611.795,1.0,271619.98584375007,4.248655765147055e-07,1068.9703221226382,4800.0,1.0,,129,,,,,,,,
8.10931492599957,0.01067582395626232,0.06889648465439677,0.0,0.0,0.013825,4.0,0.675,-0.008712522772839293,0.31531487628817556,-0.004353547259233892,8.677333084960992e-07,3.321730652317001e-07,273361.8520000001,1.0,271614.920375,4.248655765147055e-07,1257.500024344254,4800.0,1.0,,130,,,,,,,,
8.269511530999807,0.008632064124685711,0.076139323040843,0.0,0.0,0.013777500000000002,4.0,0.6725,-0.0026715470012277365,0.3019297383725643,0.001488062902353704,7.072092273574527e-07,3.136398262881812e-07,274131.364,1.0,271618.371546875,4.248655765147055e-07,1063.5029826784403,4800.0,1.0,,131,,,,,,,,
8.133984382999188,0.010802872604108416,0.08082682313397527,0.0,0.0,0.01373,4.0,0.6699999999999999,-0.0019244831579271703,0.3156432196497917,0.002409060450736433,7.423410110618534e-07,3.2699953820269913e-07,274051.852,1.0,271697.904765625,4.248655765147055e-07,1218.22494039909,4800.0,1.0,,132,,,,,,,,
8.148603624000316,0.008629625325556844,0.06848958348855376,0.0,0.0,0.0136825,4.0,0.6675,-0.0018633013358339667,0.3069637954235077,0.002336227899650112,2.9986392704017815e-06,4.0520462007975766e-07,274458.01300000004,1.0,271733.41778124997,4.248655765147055e-07,1391.6140620758094,4800.0,1.0,,133,,,,,,,,
8.089167150999856,0.007427781654405408,0.06347656263969839,0.0,0.0,0.013635000000000001,4.0,0.665,0.0018714769277721644,0.29458709731698035,0.005887745204381645,2.5871287348877558e-06,3.358521169616324e-07,274342.33,1.0,271824.4353125,4.248655765147055e-07,1077.7028443040217,4800.0,1.0,,134,,,,,,,,
8.157492112,0.015875505094300024,0.0918457034509629,0.0,1.0,0.013587499999999999,4.0,0.6625,-0.0005109205550979823,0.29926532581448556,0.0035549884079955517,1.9535926284675043e-06,3.26839846565008e-07,273717.271,1.0,271656.58225,4.248655765147055e-07,1180.1655327934016,4800.0,1.0,,135,,,,,,,,
8.063247423000576,0.010296573155210353,0.06702473983168603,0.0,0.0,0.01354,4.0,0.6599999999999999,-0.004901479044929147,0.3055316835641861,-0.0007648239785339684,7.600583160183306e-07,3.3548447646580827e-07,274117.7590000001,1.0,271708.01221875,4.248655765147055e-07,1244.1403619298917,4800.0,1.0,,136,,,,,,,,
8.050036677000207,0.007787789322901517,0.0756184896454215,0.0,0.0,0.013492500000000001,4.0,0.6575,0.00017986808670684696,0.3030191771686077,0.004268081102054566,7.344786013163684e-07,4.001416165522187e-07,274340.4,1.0,271505.84987499996,4.248655765147055e-07,1511.2644362517476,4800.0,1.0,,137,,,,,,,,
6.99685193499954,0.015433177759405226,0.11995442733168601,0.0,1.0,0.013445000000000002,2.0,0.655,0.0026587469736114146,0.30690391957759855,0.006784672662615776,9.935455523191194e-07,5.964757320953141e-07,274157.631,1.0,271101.3366875,4.248655765147055e-07,1760.8013684952277,4800.0,1.0,,138,,,,,,,,
8.031812686999729,0.008836601354414598,0.07851562537252903,0.0,0.0,0.013397500000000001,4.0,0.6525000000000001,0.0013402638141997159,0.29861254394054415,0.005340634263120592,1.0297919075696881e-06,3.771338938918234e-07,273402.70000000007,1.0,271689.47128125,4.248655765147055e-07,1225.4056155044952,4800.0,1.0,,139,,,,,,,,
8.104034496999702,0.013950542657403276,0.10096028689295053,0.0,1.0,0.01335,4.0,0.65,-0.004769881151150912,0.2917769156396389,-0.0008751791436225175,2.2447905067224384e-06,5.910779464102233e-07,274598.522,1.0,271678.6258125,4.248655765147055e-07,1852.6047956879095,4800.0,1.0,,140,274598.522,273988.961,271852.071,70000042,271617.56733333337,best_of_k,273988.961,1224.221990945494
8.087276191000456,0.007689607032807544,0.07869466161355376,0.0,0.0,0.013302500000000002,4.0,0.6475,0.0013974888832308352,0.28017807602882383,0.005124209483619779,1.9251826913091465e-06,3.113664977405506e-07,274866.47599999997,1.0,272372.82759375003,4.248655765147055e-07,983.0040851879565,4800.0,1.0,,141,,,,,,,,
8.053692290000072,0.009176746374578215,0.07293294295668602,0.0,0.0,0.013255000000000001,4.0,0.645,-0.007310271891765296,0.2871213614940643,-0.0035050571197643874,4.190368348133689e-06,3.195085746199311e-07,275138.717,1.0,272060.56326562504,4.248655765147055e-07,1318.4657583527483,4800.0,1.0,,142,,,,,,,,
8.093380389000231,0.009588382381480187,0.07521158894523979,0.0,0.0,0.0132075,4.0,0.6425000000000001,0.0012203326972667129,0.27474127896130085,0.004847102984786034,1.6335182993998388e-05,4.835051981899596e-07,274339.495,1.0,272247.765375,4.248655765147055e-07,1684.2937059777278,4800.0,1.0,,143,,,,,,,,
8.068890747000296,0.007571011621621437,0.06813151082023979,0.0,0.0,0.013160000000000002,4.0,0.64,3.647072589956224e-05,0.25662840977311135,0.0034124463563784957,1.0675097766466023e-05,3.7278059465961634e-07,274408.227,1.0,272498.91815625003,4.248655765147055e-07,1068.369689548334,4800.0,1.0,,144,,,,,,,,
8.146806093000123,0.008492248531547375,0.06643880233168602,0.0,0.0,0.013112500000000001,4.0,0.6375,-0.006600494970916771,0.2585340868681669,-0.0032109897467307745,3.075312351086268e-06,4.3041645980679277e-07,274753.278,1.0,272319.328984375,4.248655765147055e-07,1667.7985963628291,4800.0,1.0,,145,,,,,,,,
7.994402821999756,0.009766850530286319,0.08958333358168602,0.0,0.0,0.013065,4.0,0.635,-0.0011409501370508225,0.2581540670245886,0.0022276880918070674,3.849335147094734e-05,5.900566627303761e-07,275009.026,1.0,272393.1910625,4.248655765147055e-07,1397.5583543596792,4800.0,1.0,,146,,,,,,,,
8.040141932000552,0.009673165317508392,0.08038737010210753,0.0,0.0,0.013017500000000001,4.0,0.6325000000000001,0.0006716499978210777,0.25293784141540526,0.003962629591114819,1.4111665910832016e-05,4.552297333759725e-07,274235.123,1.0,272462.348609375,4.248655765147055e-07,1176.5706849867975,4800.0,1.0,,147,,,,,,,,
8.018620910000209,0.009616153771639801,0.058186849066987636,0.0,0.0,0.01297,4.0,0.63,0.00037126915412954986,0.24619179219007492,0.003564016590826213,2.2508999819592646e-06,2.7061009930662296e-07,274911.777,1.0,272873.186765625,4.248655765147055e-07,1061.6802036065437,4800.0,1.0,,148,,,,,,,,
8.114874361999682,0.009323927937657572,0.09233398465439677,0.0,0.0,0.0129225,4.0,0.6275,-0.0009005414205603302,0.24551964923739433,0.002271936531178653,1.2057140459376114e-06,2.586277577876217e-07,274745.635,1.0,272966.34596874996,4.248655765147055e-07,919.8905409211598,4800.0,1.0,,149,,,,,,,,
7.964434900999549,0.007209756600786932,0.07560221357271076,0.0,0.0,0.012875000000000001,4.0,0.625,0.0024684953619726,0.24613982774317264,0.005637392547214404,4.437186319705688e-07,2.1755956858271475e-07,275353.95,1.0,272965.840046875,4.248655765147055e-07,937.0664883260081,4800.0,1.0,,150,,,,,,,,
8.036556478999955,0.006258644486661069,0.05926106781698763,0.0,0.0,0.0128275,4.0,0.6225,-0.002778769819997251,0.2482565589249134,0.0004056009231135249,4.099162623560915e-07,1.976646643697677e-07,274880.883,1.0,273100.88065625005,4.248655765147055e-07,660.8453165673999,4800.0,1.0,,151,,,,,,,,
8.048830153999916,0.008255761984037236,0.06499023446813226,0.0,0.0,0.01278,4.0,0.62,-0.001983251390629448,0.24544097669422626,0.0011532911797985435,4.773753147446768e-07,2.9134839323319285e-07,275152.99100000004,1.0,272775.02984375006,4.248655765147055e-07,1108.9271851275662,4800.0,1.0,,152,,,,,,,,
8.170969262999279,0.007394145507714711,0.07827148456126451,0.0,0.0,0.0127325,4.0,0.6174999999999999,-0.0037424982321681453,0.23686899095773697,-0.00072698068106547,4.686490783001318e-07,7.41031757556243e-07,275091.478,1.0,272885.707578125,4.248655765147055e-07,1026.786849639351,4800.0,1.0,,153,,,,,,,,
7.553889646999778,0.010819411235085378,0.07721354191501935,0.0,1.0,0.012685,3.0,0.615,-0.00502404379658401,0.23739547183116277,-0.0020137114139894643,1.1655590753889556e-06,1.825444398188362e-06,275012.19899999996,1.0,273134.035390625,4.248655765147055e-07,710.4217917438592,4800.0,1.0,,154,,,,,,,,
8.059720334000303,0.015517722794902511,0.11503906287252903,0.0,0.0,0.0126375,4.0,0.6125,0.007697534089675173,0.2628666661679745,0.011017433798406273,2.810208588499563e-06,3.5932995380960618e-06,274593.59300000005,1.0,272412.97487499996,4.248655765147055e-07,1187.5128262131857,4800.0,1.0,,155,,,,,,,,
8.021924692000539,0.009319339037756436,0.07532552108168603,0.0,0.0,0.01259,4.0,0.61,-0.00201623453758657,0.2530861798673868,0.001168637373484671,1.3044366042436196e-06,2.7047349831832434e-06,275552.88300000003,1.0,272434.735984375,4.248655765147055e-07,1312.2646448604921,4800.0,1.0,,156,,,,,,,,
7.545231545999741,0.012235060147941113,0.10041232655445735,0.0,1.0,0.012542500000000002,3.0,0.6074999999999999,-0.0010190733708441257,0.2534985080361366,0.0021579835874338945,1.0902506509561742e-05,2.7164500664866866e-06,274890.20499999996,1.0,272264.635375,4.248655765147055e-07,1470.0175691198647,4800.0,1.0,,157,,,,,,,,
7.559069386999909,0.01525575928001975,0.105121527860562,0.0,1.0,0.012495,3.0,0.605,0.00048648943193256854,0.25824234932661055,0.0037126240320503713,3.5782340489731724e-06,4.906077435862243e-07,274799.409,1.0,272140.382421875,4.248655765147055e-07,1620.2872217822287,4800.0,1.0,,158,,,,,,,,
7.544498262999696,0.018303398908271144,0.09229600727558136,0.0,1.0,0.0124475,3.0,0.6025,-0.0006931522317851583,0.23860782186190288,0.0022765611919264,2.4416710715513545e-06,2.2590074735262534e-07,274320.868,1.0,272149.86028125,4.248655765147055e-07,871.5355840408099,4800.0,1.0,,159,,,,,,,,
8.102920498999993,0.009727801426197401,0.09165039081126451,0.0,0.0,0.012400000000000001,4.0,0.6,0.0021852104633580892,0.2394066147506237,0.005153573234565556,1.433443432574677e-06,2.722822259215718e-07,274495.009,1.0,272099.394765625,4.248655765147055e-07,1220.2900431909434,4800.0,1.0,,160,275552.88300000003,273782.826,273098.516,70000042,272398.3098333333,best_of_k,273782.826,980.883004423434
8.162233735999507,0.005661745122051798,0.05276692737825215,0.0,0.0,0.012352499999999999,4.0,0.5974999999999999,-0.0030353159469086676,0.22950976602733136,-0.0002004591515287757,4.6560982411847365e-07,2.321595118814912e-07,274858.27800000005,1.0,272589.49051562505,4.248655765147055e-07,1049.7388241532474,4800.0,1.0,,161,,,,,,,,
8.033187474999977,0.013322294314275496,0.09830729179084301,0.0,0.0,0.012305,4.0,0.595,0.0019462393946014344,0.23996115997433662,0.004898745031096041,9.767967462437354e-07,2.3762421719197846e-07,274226.19800000003,1.0,272323.15365625,4.248655765147055e-07,1016.4962641237493,4800.0,1.0,,162,,,,,,,,
8.06813282100029,0.008163852943107485,0.06905924510210752,0.0,0.0,0.012257500000000001,4.0,0.5925,0.00028208373114466665,0.24418103210628034,0.0032725343713536858,1.832462665163348e-06,4.8303061465304605e-06,274126.96,1.0,272474.9345,4.248655765147055e-07,833.8308271107807,4800.0,1.0,,163,,,,,,,,
8.02637193999999,0.00929339685535524,0.06840820331126451,0.0,0.0,0.012210000000000002,4.0,0.5900000000000001,0.00362469632527791,0.24927090369164945,0.006665693363174796,5.167675467987464e-07,5.098020553617743e-06,274520.916,1.0,272687.948515625,4.248655765147055e-07,691.7684678441483,4800.0,1.0,,164,,,,,,,,
8.132387329000267,0.011936413860530593,0.08837890643626452,0.0,0.0,0.012162500000000001,4.0,0.5875,0.004256079718470573,0.24699508883059024,0.007254003710113466,2.6553576034871186e-06,1.1776382601880186e-05,274549.688,1.0,272225.46971875,4.248655765147055e-07,1477.1899238636981,4800.0,1.0,,165,,,,,,,,
8.04710092500045,0.00882560984173324,0.08885091161355377,0.0,0.0,0.012115,4.0,0.585,-0.0020072696555871517,0.24915595725178719,0.0009730929275974631,3.509823933001144e-05,6.93030098801728e-05,274881.438,1.0,272708.24985937506,4.248655765147055e-07,1234.0841086315531,4800.0,1.0,,166,,,,,,,,
8.008241752000686,0.0061953839845955375,0.05488281262805685,0.0,0.0,0.0120675,4.0,0.5825,-2.3940668324939906e-05,0.24963955096900464,0.002934056450612843,0.00040238592142998185,2.8578915458865594e-05,274356.291,1.0,272534.725109375,4.248655765147055e-07,1071.444051535195,4800.0,1.0,,167,,,,,,,,
8.008579411999563,0.00982109046599362,0.08199869859963656,0.0,0.0,0.012020000000000001,4.0,0.5800000000000001,-0.0063475204980932174,0.23170468285679818,-0.0037263409001752736,0.0016055220084126632,6.716653382454752e-06,274318.36600000004,1.0,272621.57257812505,4.248655765147055e-07,989.3231186600016,4800.0,1.0,,168,,,,,,,,
7.4393719189993135,0.01881417722130815,0.11341145858168603,0.0,1.0,0.0119725,3.0,0.5775,0.007613369046399991,0.23582404752572378,0.010193861710528532,0.002343497911472999,1.7120475111672324e-05,274027.707,1.0,271805.30281250004,4.248655765147055e-07,1521.7347162904105,4800.0,1.0,,169,,,,,,,,
8.055720948999806,0.013782232199446298,0.10922851581126451,0.0,0.0,0.011925000000000002,4.0,0.575,-0.00028759002743754535,0.24664815776050092,0.0026468472788110375,5.278114451812144e-05,3.12892455696101e-06,274531.436,1.0,271433.65962500003,4.248655765147055e-07,1680.973465824623,4800.0,1.0,,170,,,,,,,,
7.462188812000022,0.013518949516583233,0.07233072941501935,0.0,1.0,0.011877500000000001,3.0,0.5725,0.0002686093095690012,0.25073558489481607,0.003246049303561449,3.640272696732912e-06,6.14067045982362e-07,273783.519,1.0,271429.605796875,4.248655765147055e-07,1563.6300241951467,4800.0,1.0,,171,,,,,,,,
8.114578968000387,0.0068053111928747965,0.05893554692156613,0.0,0.0,0.01183,4.0,0.5700000000000001,-0.00041593062924221157,0.2684370130300522,0.0027591356541961432,2.2063523829274346e-06,6.457238598045478e-07,274656.66400000005,1.0,271096.515140625,4.248655765147055e-07,2077.8480624403787,4800.0,1.0,,172,,,,,,,,
8.039191169999867,0.008910191137692891,0.0899739584652707,0.0,0.0,0.011782500000000001,4.0,0.5675,-0.0010469681001268327,0.25602696277201176,0.0019692443311214447,1.6116620969341966e-06,5.29216428901691e-07,274658.53900000005,1.0,272241.339046875,4.248655765147055e-07,1256.0609365905864,4800.0,1.0,,173,,,,,,,,
8.007235790999403,0.005897923308657483,0.04970703138969838,0.0,0.0,0.011735,4.0,0.565,-0.0034986941085662694,0.24809521920979022,-0.0005876820301637054,1.4370192587875862e-06,4.831969732776998e-07,274665.283,1.0,272317.46071875,4.248655765147055e-07,1570.3210909334623,4800.0,1.0,,174,,,,,,,,
8.068878678999681,0.011191810001037084,0.07203776051755995,0.0,1.0,0.0116875,4.0,0.5625,-0.002523054019547999,0.2493440631777048,0.0003907202742993832,1.4403889338154841e-06,5.81692409440393e-07,274766.72599999997,1.0,271887.02028125,4.248655765147055e-07,1733.037732988738,4800.0,1.0,,175,,,,,,,,
8.12063028800003,0.0074882519489619884,0.0750651043606922,0.0,0.0,0.011640000000000001,4.0,0.56,-0.003968405426712706,0.24910194352269172,-0.0010691802483052016,1.1233281853151312e-06,4.1829625700984253e-07,275090.39999999997,1.0,272711.709265625,4.248655765147055e-07,1266.8612757260987,4800.0,1.0,,176,,,,,,,,
7.938510195000163,0.010062951312283986,0.09399414109066129,0.0,0.0,0.0115925,4.0,0.5575,0.0009720363013911992,0.25144868828356265,0.003886729467194527,8.514204139942194e-07,2.817491974838049e-07,274290.741,1.0,272768.38184375,4.248655765147055e-07,889.3795105122024,4800.0,1.0,,177,,,,,,,,
8.163802143999419,0.008008551396778784,0.06129557313397527,0.0,0.0,0.011545,4.0,0.5549999999999999,-0.0036221356800524517,0.255204438790679,-0.0006761488155461847,1.0917967941281858e-06,4.776220407620713e-07,274648.815,1.0,272323.39862500003,4.248655765147055e-07,1728.2543118749372,4800.0,1.0,,178,,,,,,,,
8.058465609999985,0.012389162328327074,0.08240559920668603,0.0,0.0,0.0114975,4.0,0.5525,-1.1897878721356392e-05,0.2479128297418356,0.0028380721807479857,1.3239223591199333e-06,5.505285628260026e-07,274474.37,1.0,271586.33759375,4.248655765147055e-07,1876.2266797956156,4800.0,1.0,,179,,,,,,,,
8.089360328999646,0.009306747134542093,0.08307291693054139,0.0,0.0,0.01145,4.0,0.55,-0.0032391033601015806,0.2534644119441509,-0.0003373763873241842,1.217008448861634e-06,6.388334639950699e-07,274456.74600000004,1.0,271145.87128125003,4.248655765147055e-07,2099.1010566842174,4800.0,1.0,,180,275552.88300000003,274324.135,272908.083,70000042,272512.6458666667,best_of_k,274324.135,1133.6085861989238
8.026045482999507,0.0073370118421735245,0.06845703162252903,0.0,0.0,0.011402500000000001,4.0,0.5475,0.00358239040360786,0.24680716395378113,0.0063963554799556736,7.87776711774768e-07,3.493097885609586e-07,274931.573,1.0,272711.28975,4.248655765147055e-07,1168.3735675284104,4800.0,1.0,,181,,,,,,,,
8.079037385999982,0.009451525795157067,0.09653320368379355,0.0,0.0,0.011355,4.0,0.5449999999999999,0.001954996393760666,0.24272925592958927,0.004710967722348869,7.693517531492944e-07,2.828605246918414e-07,274457.908,1.0,272687.98303124995,4.248655765147055e-07,971.6108423533535,4800.0,1.0,,182,,,,,,,,
7.991189210999437,0.009480597739457152,0.06502278666011989,0.0,0.0,0.0113075,4.0,0.5425,0.0015073178132297472,0.23238483853638173,0.004134813160635531,6.248025471222718e-07,2.679786263115602e-07,275086.704,1.0,272886.96531249996,4.248655765147055e-07,969.9222876994614,4800.0,1.0,,183,,,,,,,,
7.944542279000416,0.007949137670220808,0.08987630223855377,0.0,0.0,0.011260000000000001,4.0,0.54,-0.0025314272614195945,0.2367144614458084,0.00013376714196056128,5.981823946399345e-07,3.022205305569514e-07,275066.56600000005,1.0,272828.974015625,4.248655765147055e-07,1091.6619869343822,4800.0,1.0,,184,,,,,,,,
8.075399667000056,0.008443077380070463,0.0597981771454215,0.0,0.0,0.0112125,4.0,0.5375,-0.0016902651055715977,0.23284495808184147,0.0009202996734529734,6.082548807739841e-07,2.975427044304979e-07,275082.815,1.0,272866.589046875,4.248655765147055e-07,973.1917761299151,4800.0,1.0,,185,,,,,,,,
7.970862662999934,0.007227078056894242,0.06886393260210752,0.0,0.0,0.011165,4.0,0.5349999999999999,-0.0012665354879572988,0.2366290431469679,0.001375220261979848,6.146230703052425e-07,2.928847301575388e-07,274953.378,1.0,273076.36434375,4.248655765147055e-07,1092.562619814814,4800.0,1.0,,186,,,,,,,,
8.00431998699969,0.005825754962279462,0.05393880223855376,0.0,0.0,0.0111175,4.0,0.5325,-0.0020771262992639095,0.23781474642455577,0.0005665830220095813,5.438362776999383e-07,2.842961883686712e-07,274981.94800000003,1.0,272871.667,4.248655765147055e-07,1040.1077559461587,4800.0,1.0,,187,,,,,,,,
8.02507247000085,0.005064734726329334,0.045703125093132256,0.0,0.0,0.011070000000000002,4.0,0.53,0.004437969703576528,0.23405850119888783,0.00702878664014861,5.757988105870027e-07,3.069322438875588e-07,274872.419,1.0,272959.028328125,4.248655765147055e-07,951.2952807310177,4800.0,1.0,,188,,,,,,,,
7.959649963000629,0.0064698636735556645,0.06054687509313226,0.0,0.0,0.011022500000000001,4.0,0.5275000000000001,0.001204912061803043,0.23828601688146592,0.003831233736127615,5.225621578119898e-07,2.671656844199788e-07,274725.072,1.0,272813.08675,4.248655765147055e-07,919.2544784197895,4800.0,1.0,,189,,,,,,,,
8.119905427000049,0.00646582855260931,0.04737955750897527,0.0,0.0,0.010975,4.0,0.525,-0.002480348845710978,0.24010809734463692,0.0001545978244394064,6.516257229804978e-07,3.4912590649582855e-07,274938.11,1.0,272839.321640625,4.248655765147055e-07,1320.84617355455,4800.0,1.0,,190,,,,,,,,
7.932780897000157,0.007854659418808297,0.07926432322710752,0.0,0.0,0.010927500000000001,4.0,0.5225,-0.003382494125980884,0.234964407607913,-0.0008151103829732165,6.486303774977387e-07,2.4818213937294333e-07,275310.53300000005,1.0,273065.6548125,4.248655765147055e-07,858.9261723092836,4800.0,1.0,,191,,,,,,,,
8.063677963999908,0.00785185294225812,0.05947265662252903,0.0,0.0,0.01088,4.0,0.52,-0.0015585267101414502,0.23676297776401042,0.001017242029774934,6.673950991853417e-07,2.9129374397030005e-07,275235.23400000005,1.0,273104.155046875,4.248655765147055e-07,1118.2743520459055,4800.0,1.0,,192,,,,,,,,
7.978484610999658,0.00750710463616997,0.06692708348855377,0.0,0.0,0.0108325,4.0,0.5175000000000001,0.0002960012177936733,0.24270921237766743,0.0029249727493152024,4.558032500767695e-07,2.608230218470453e-07,274793.277,1.0,273213.43828124995,4.248655765147055e-07,876.4190710230941,4800.0,1.0,,193,,,,,,,,
8.036874956000247,0.00816376689763274,0.0664225263055414,0.0,0.0,0.010785000000000001,4.0,0.515,-0.0004443465499207377,0.23198374956846238,0.002057416271418333,4.675578054502694e-07,2.696322702888665e-07,275228.57200000004,1.0,273235.14953125,4.248655765147055e-07,912.0609507979733,4800.0,1.0,,194,,,,,,,,
7.940782715000751,0.010909025114960969,0.06160481795668602,0.0,0.0,0.0107375,4.0,0.5125,-0.006116647401358932,0.22820575758814812,-0.0036664634943008425,4.2382835800935937e-07,2.6535279040729165e-07,275170.675,1.0,273386.078359375,4.248655765147055e-07,870.2273414361533,4800.0,1.0,,195,,,,,,,,
7.938103917999797,0.01022727339004632,0.07345377653837204,0.0,0.0,0.010690000000000002,4.0,0.51,0.002694828773383051,0.23667794913053514,0.005224649670344661,6.477427120898938e-07,4.0329990156351416e-07,274936.16400000005,1.0,272460.10335937503,4.248655765147055e-07,1685.8392212545411,4800.0,1.0,,196,,,,,,,,
8.05916265399992,0.011371943083941006,0.095556640625,0.0,0.0,0.010642500000000001,4.0,0.5075000000000001,0.002260393457254395,0.23112082444131374,0.004719887662213295,5.628079861708102e-07,3.055753794001248e-07,274886.447,1.0,272274.015890625,4.248655765147055e-07,1383.568610116338,4800.0,1.0,,197,,,,,,,,
8.001852364000115,0.00846677326480858,0.06801757831126451,0.0,0.0,0.010595,4.0,0.505,-0.0010675449622794986,0.22629482820630073,0.0013298299629241229,5.561879348192633e-07,3.2700387251338727e-07,274970.582,1.0,272600.886140625,4.248655765147055e-07,1341.081679935746,4800.0,1.0,,198,,,,,,,,
7.486601018999863,0.0161050091109549,0.10273437537252902,0.0,1.0,0.010547500000000001,3.0,0.5025,0.00502392981822292,0.22083793332179388,0.007352971735720833,6.202461122484237e-07,3.685670056559805e-07,275661.765,1.0,272685.2216875,4.248655765147055e-07,1615.1880054346354,4800.0,1.0,,199,,,,,,,,
8.00866794400008,0.013254071344272233,0.08308919277042151,0.0,0.0,0.0105,4.0,0.5,0.0038635303382761775,0.22130439653992653,0.006187039043288678,4.98298122408869e-07,2.743502506064033e-07,275091.24799999996,1.0,272499.54309375,4.248655765147055e-07,1240.282923044114,4800.0,1.0,,200,275661.765,274920.178,274889.54099999997,70000042,273120.5891666667,best_of_k,274920.178,1029.2552035741592
8.086610945999382,0.005205719982041046,0.04882812518626452,0.0,0.0,0.010452500000000002,4.0,0.49750000000000005,-0.0028668425744399428,0.20989590436220168,-0.0006731316447257995,8.908057282042136e-07,2.7363769277144457e-07,275065.291,1.0,273312.98096875,4.248655765147055e-07,927.051163626826,4800.0,1.0,,201,,,,,,,,
8.080198857000141,0.011539711346267722,0.09051106814295054,0.0,0.0,0.010405000000000001,4.0,0.495,-0.00012218774645589292,0.2121466461569071,0.002084996597841382,6.262848359028794e-07,2.7793104351303555e-07,275328.417,1.0,273352.42090625,4.248655765147055e-07,806.7663579191282,4800.0,1.0,,202,,,,,,,,
7.574690146000648,0.018329512067915252,0.12506510441501936,0.0,1.0,0.010357500000000002,3.0,0.49250000000000005,0.006089893061046799,0.2172353635231654,0.008339732357611259,4.725401187973451e-07,2.5787533720252516e-07,274782.998,1.0,273259.76615625,4.248655765147055e-07,914.1225426679053,4800.0,1.0,,203,,,,,,,,
7.582778594999581,0.016675528957663725,0.09633246548473835,0.0,1.0,0.01031,3.0,0.49,0.0006245078363766273,0.23390231182177862,0.0030355881433933975,7.673821111590466e-07,7.521882215163108e-07,275081.387,1.0,272546.2155625,4.248655765147055e-07,1971.322391400504,4800.0,1.0,,204,,,,,,,,
8.150255917000322,0.007445317684323527,0.07185872411355376,0.0,0.0,0.0102625,4.0,0.48750000000000004,-0.003587951051304117,0.23793945759534835,-0.0011465158895589411,7.865172847232316e-07,6.789523787631424e-07,275011.59199999995,1.0,272642.30234375,4.248655765147055e-07,1611.6952412161354,4800.0,1.0,,205,,,,,,,,
7.598704121999617,0.0188999376919431,0.08891059048473834,0.0,1.0,0.010215,3.0,0.485,-0.0003817116686453422,0.24626332024733225,0.002133462019264698,8.715701502145141e-07,6.392358500306727e-07,274860.90400000004,1.0,271590.68673437496,4.248655765147055e-07,2189.019877333088,4800.0,1.0,,206,,,,,,,,
7.047461060999922,0.018440616520820186,0.11344401091337204,0.0,1.0,0.010167500000000001,2.0,0.48250000000000004,0.007142600184306502,0.24065387099981309,0.009589112922549247,7.754852703101278e-07,5.152362888338758e-07,274956.162,1.0,271457.805265625,4.248655765147055e-07,1934.5310334841092,4800.0,1.0,,207,,,,,,,,
8.108879854000406,0.008733433007728308,0.06533203148283065,0.0,0.0,0.01012,4.0,0.48,-6.128965178504586e-05,0.23102139718830586,0.0022764064837247134,4.737966790457904e-07,3.8613974524537297e-07,275041.143,1.0,272914.11826562503,4.248655765147055e-07,1026.8544126521517,4800.0,1.0,,208,,,,,,,,
8.02705237400005,0.00711869117221795,0.057486979244276884,0.0,0.0,0.010072500000000002,4.0,0.47750000000000004,0.0014185485197231174,0.23544241823256015,0.003789663058705628,4.256039090932973e-07,6.733774931433345e-07,275191.5,1.0,272860.62665625004,4.248655765147055e-07,911.0239927087309,4800.0,1.0,,209,,,,,,,,
8.12547664000067,0.010243202777928673,0.07972005233168603,0.0,0.0,0.010025000000000001,4.0,0.475,0.006251097202766687,0.23790302611887454,0.008635934244375676,4.0484050529698833e-07,2.006541183874333e-07,274670.83300000004,1.0,272906.51926562504,4.248655765147055e-07,806.7008412778628,4800.0,1.0,,210,,,,,,,,
8.193025081000087,0.007174726261291653,0.06638997420668602,0.0,0.0,0.009977500000000002,4.0,0.47250000000000003,-0.0005102713825181126,0.2374621734023094,0.0018587447935715317,4.451324606691287e-07,4.363371765236934e-07,275053.62999999995,1.0,272861.7035,4.248655765147055e-07,1045.5819036616524,4800.0,1.0,,211,,,,,,,,
8.204369500000212,0.00714497989101801,0.05283203143626451,0.0,0.0,0.00993,4.0,0.47,0.0004151693545281887,0.2399624139070511,0.002794058597646654,5.405150787396451e-07,7.767411536008239e-06,275123.879,1.0,272806.68146875,4.248655765147055e-07,1394.538977577181,4800.0,1.0,,212,,,,,,,,
8.14183374699951,0.011725009599467739,0.09658203162252903,0.0,0.0,0.0098825,4.0,0.4675,-0.004510067700175568,0.2338016778230667,-0.0022005029721185567,5.932969628474894e-07,1.8422153843289379e-06,275186.98000000004,1.0,272713.78084375,4.248655765147055e-07,1591.4356261901846,4800.0,1.0,,213,,,,,,,,
8.074521241999719,0.010430848825490103,0.09070638045668603,0.0,0.0,0.009835,4.0,0.46499999999999997,0.0020407003117725252,0.23178387396037578,0.00431830519810319,4.2455130540020035e-07,3.8936568429903675e-06,275169.743,1.0,272999.783265625,4.248655765147055e-07,1110.7999690359898,4800.0,1.0,,214,,,,,,,,
6.999778931999572,0.034393799299141395,0.12623697929084302,0.0,1.0,0.009787500000000001,2.0,0.4625,0.0054441130603663625,0.2409348614513874,0.00780177591368556,3.8148431968920704e-07,8.9648452643587e-07,275483.28400000004,1.0,273518.03703125,4.248655765147055e-07,889.9522972989867,4800.0,1.0,,215,,,,,,,,
8.081405820999862,0.008885446604108439,0.07504882849752903,0.0,0.0,0.00974,4.0,0.45999999999999996,-0.006237145757768303,0.2709270127117634,-0.0035992009681649504,1.1768696921876653e-06,1.5332723890537636e-06,274503.895,1.0,269870.583453125,4.248655765147055e-07,2157.094961046177,4800.0,1.0,,216,,,,,,,,
8.123015142999975,0.012645613282802514,0.08982747420668602,0.0,0.0,0.009692500000000001,4.0,0.4575,-0.00534911930153612,0.2655435372143984,-0.0027762569952756166,1.6877155886163564e-06,1.4992947455994e-06,274352.94200000004,1.0,270987.113171875,4.248655765147055e-07,2113.1577917196296,4800.0,1.0,,217,,,,,,,,
8.068054359000598,0.01281093172437977,0.08533528670668603,0.0,0.0,0.009644999999999999,4.0,0.45499999999999996,-0.0002694484399398789,0.25476741828024385,0.002187296410556883,1.8076231981467573e-06,6.124599934764774e-07,275317.31,1.0,272240.3868125,4.248655765147055e-07,1795.7071934579608,4800.0,1.0,,218,,,,,,,,
8.020686107000074,0.009435501749976538,0.08518880233168602,0.0,0.0,0.0095975,4.0,0.4525,-0.0017982450313866138,0.24941789023578168,0.0005953230807790533,7.42060441183412e-07,2.914750361071583e-07,274715.20900000003,1.0,272266.81309375004,4.248655765147055e-07,1247.1537150622817,4800.0,1.0,,219,,,,,,,,
8.163828152999486,0.011913911582087166,0.08274739608168602,0.0,0.0,0.00955,4.0,0.44999999999999996,-2.849148586392403e-07,0.2502946339547634,0.0023898643208667635,4.4470465070389765e-07,2.406010526811997e-07,274946.008,1.0,273116.77,4.248655765147055e-07,1084.232204098436,4800.0,1.0,,220,275661.765,274345.61100000003,272805.657,70000042,272396.3749,best_of_k,274345.61100000003,965.1590600095718
8.150246985999729,0.007399985103984363,0.07843424510210753,0.0,0.0,0.0095025,4.0,0.4475,-0.004571546133956872,0.24917971305549144,-0.0022039677714928985,4.961748970799817e-07,4.0477456764165254e-07,275276.842,1.0,272461.61740625,4.248655765147055e-07,1396.7244749668434,4800.0,1.0,,221,,,,,,,,
8.143599573000756,0.012093778006965294,0.09669596403837204,0.0,0.0,0.009455,4.0,0.44499999999999995,0.004643780807964504,0.23626754209399223,0.006877500261180103,5.837159228860856e-07,2.634522363820224e-07,275223.21900000004,1.0,272959.22998437495,4.248655765147055e-07,1104.312422295992,4800.0,1.0,,222,,,,,,,,
8.177823734999947,0.006121170191909187,0.05323893235763535,0.0,0.0,0.009407500000000001,4.0,0.4425,0.004711147292982787,0.23686714731156827,0.0069392476696521046,5.494647133730268e-07,3.437600888389625e-07,275180.249,1.0,272900.8966875,4.248655765147055e-07,1454.4604156984317,4800.0,1.0,,223,,,,,,,,
8.196458075999544,0.010155987317557447,0.08359375018626451,0.0,0.0,0.00936,4.0,0.43999999999999995,-0.002024209513911046,0.2282321985810995,0.00011174040846526623,1.4438201681343798e-06,3.1917863765329455e-07,275382.57800000004,1.0,273162.05782812496,4.248655765147055e-07,1238.123746875121,4800.0,1.0,,224,,,,,,,,
8.153545986999234,0.012184811907354742,0.08390299510210752,0.0,0.0,0.009312500000000001,4.0,0.4375,0.0032841456995811313,0.23571563325822353,0.0054785278043709695,5.228124095424391e-06,3.9375553342324563e-07,274831.62,1.0,272927.945890625,4.248655765147055e-07,1700.3983765987612,4800.0,1.0,,225,,,,,,,,
8.134320458999355,0.0068511454184772445,0.04729817733168602,0.0,0.0,0.009265000000000002,4.0,0.43500000000000005,0.0036788521887501703,0.23439138159155845,0.005850313149858266,4.895603531451798e-07,2.520440482101094e-07,274816.85500000004,1.0,272873.00668750005,4.248655765147055e-07,1028.0782283893652,4800.0,1.0,,226,,,,,,,,
8.27646870100034,0.0083404212113237,0.05917968768626451,0.0,0.0,0.0092175,4.0,0.4325,-0.0009942138043697924,0.2318074282258749,0.0011422802694141866,4.02738466931396e-07,3.0103476937881625e-07,275297.75800000003,1.0,273071.22753125,4.248655765147055e-07,888.2514898806068,4800.0,1.0,,227,,,,,,,,
8.189639737000107,0.00569663995411247,0.052815755270421504,0.0,0.0,0.009170000000000001,4.0,0.43000000000000005,-0.0020065169082954526,0.23373089917004108,0.00013662147102877498,4.1019717613721694e-07,2.6539940520819984e-07,274875.766,1.0,273111.978828125,4.248655765147055e-07,1172.928264349,4800.0,1.0,,228,,,,,,,,
8.060532272999808,0.008393010229337961,0.07301432313397527,0.0,0.0,0.0091225,4.0,0.4275,-0.00424031205184292,0.2289539448916912,-0.0021519868401810526,6.19218781849895e-07,4.901470767038063e-07,275180.403,1.0,273147.933703125,4.248655765147055e-07,1272.0539981391403,4800.0,1.0,,229,,,,,,,,
8.096791072000087,0.007647611681022681,0.07250976581126452,0.0,0.0,0.009075000000000001,4.0,0.42500000000000004,-0.0016930847574258222,0.2243073035031557,0.00034233147744089365,4.3761045347423534e-07,2.575014338646042e-07,274724.83,1.0,272950.9864375,4.248655765147055e-07,991.9348930099952,4800.0,1.0,,230,,,,,,,,
8.009727407000355,0.006513176564476452,0.06233723983168602,0.0,0.0,0.0090275,4.0,0.4225,0.0005724939459469169,0.22395333498716355,0.002592612348962575,2.0725098842433453e-06,2.8264252318166426e-06,275404.78599999996,1.0,273230.59831250005,4.248655765147055e-07,1094.8434911412414,4800.0,1.0,,231,,,,,,,,
8.041955317999964,0.008972465430269949,0.07911783861927688,0.0,0.0,0.008980000000000002,4.0,0.42000000000000004,0.007127936350298114,0.22322779409587384,0.009131609951145947,1.8004337100308022e-06,1.4640169176516338e-06,275278.97699999996,1.0,273022.957765625,4.248655765147055e-07,1522.4648077166341,4800.0,1.0,,232,,,,,,,,
8.056009989999438,0.005704453002545051,0.06430664109066128,0.0,0.0,0.008932500000000001,4.0,0.4175,-0.004374841449316591,0.2203915026038885,-0.002406390174292028,4.98280017069419e-07,2.927261178342633e-07,275481.72900000005,1.0,273383.16857812495,4.248655765147055e-07,1031.5535644844886,4800.0,1.0,,233,,,,,,,,
8.151594246000059,0.005261752227670513,0.055224609561264515,0.0,0.0,0.008885,4.0,0.41500000000000004,-0.0039925078715896236,0.22096365094184875,-0.0020294478861615063,7.358506806554032e-07,2.566093940004066e-07,275064.124,1.0,273335.3353125,4.248655765147055e-07,1059.6706027875648,4800.0,1.0,,234,,,,,,,,
8.195415649000097,0.011276649893261492,0.08792317751795053,0.0,0.0,0.0088375,4.0,0.4125,-0.0006729316053679212,0.22632609978318213,0.0013270014198496938,8.696001160046763e-07,2.734818874472467e-07,274902.91000000003,1.0,273201.635390625,4.248655765147055e-07,1005.4332872398207,4800.0,1.0,,235,,,,,,,,
8.172306083000876,0.007968099019490183,0.06570638045668602,0.0,0.0,0.008790000000000001,4.0,0.41000000000000003,-0.001784738665446639,0.22230823934078217,0.00016916771419346334,5.837914052619908e-07,2.4956363162687014e-07,275107.276,1.0,273440.10909375,4.248655765147055e-07,934.9893396526888,4800.0,1.0,,236,,,,,,,,
8.13640057199973,0.00941001616010908,0.07355143232271075,0.0,0.0,0.0087425,4.0,0.4075,0.00022834638657514005,0.2208697482943535,0.002159096975810826,6.610738324752674e-07,2.7446886541326876e-07,275655.102,1.0,273467.1315625,4.248655765147055e-07,1059.6226179224418,4800.0,1.0,,237,,,,,,,,
8.117004082999301,0.01138770510442555,0.06946614598855376,0.0,1.0,0.008695000000000001,4.0,0.405,-0.0057057632657233626,0.21516320742666722,-0.0038350936956703663,5.124904944864284e-07,2.4700725091975074e-07,275301.885,1.0,273485.85223437496,4.248655765147055e-07,888.5201431157304,4800.0,1.0,,238,,,,,,,,
8.174299945999337,0.01197113234666176,0.0919270838610828,0.0,0.0,0.0086475,4.0,0.40249999999999997,0.004030777129810303,0.22108935713768005,0.005942459683865309,4.3387178649823e-07,2.8921566794792854e-07,275372.407,1.0,272837.10360937496,4.248655765147055e-07,1414.733093293209,4800.0,1.0,,239,,,,,,,,
7.076147872000547,0.013670578470919282,0.051790364645421506,0.0,1.0,0.008600000000000002,2.0,0.4,0.0031192727154120805,0.22602573037147522,0.005062882322818041,4.1270621977673725e-07,3.4008303657628857e-07,275140.486,1.0,271782.64778125,4.248655765147055e-07,1206.1407878748623,4800.0,1.0,,240,275661.765,273943.124,270978.06,70000042,271907.8596666667,best_of_k,273943.124,1183.0456955428845
8.147479612000097,0.0066995578265050424,0.043766276072710754,0.0,0.0,0.0085525,4.0,0.39749999999999996,-0.0014792745059821755,0.22387468442320824,0.00043506539659574626,1.6097326593467188e-06,3.7366389733506366e-07,274152.704,1.0,271813.11210937495,4.248655765147055e-07,1256.68123938715,4800.0,1.0,,241,,,,,,,,
7.594606026000292,0.010449258575681597,0.048741319527228676,0.0,1.0,0.008505,3.0,0.395,0.0023285835205266872,0.21917041639486948,0.004192101738105218,3.453353987007783e-06,3.626660742384047e-07,276058.566,1.0,272611.60774999997,4.248655765147055e-07,1387.3907099682501,4800.0,1.0,,242,,,,,,,,
8.0523208099994,0.00941641598183196,0.06927083358168602,0.0,0.0,0.0084575,4.0,0.39249999999999996,-0.0009311379806604236,0.22795469611883162,0.0009964073076844215,1.9490097244556635e-06,3.727623337113073e-07,275333.828,1.0,272800.35696875,4.248655765147055e-07,1423.1750181912396,4800.0,1.0,,243,,,,,,,,
8.113346680000177,0.014053621067432687,0.09342447947710752,0.0,0.0,0.00841,4.0,0.39,0.005296757040196098,0.2216160710901022,0.007160374236991629,3.67197885253745e-07,2.752130740191205e-07,275516.878,1.0,273695.06590625003,4.248655765147055e-07,1223.2049167127998,4800.0,1.0,,244,,,,,,,,
8.205127949999223,0.00811924681183882,0.08063151082023978,0.0,0.0,0.0083625,4.0,0.38749999999999996,-0.0009422000905033201,0.2188344679772854,0.0008875591913238168,5.198394397609718e-07,3.844056255530859e-07,275488.50999999995,1.0,273498.600125,4.248655765147055e-07,1160.7183011774864,4800.0,1.0,,245,,,,,,,,
8.118589192999934,0.0078313224890735,0.06638997411355377,0.0,0.0,0.008315000000000001,4.0,0.385,-0.002831281383987516,0.22668352276086806,-0.0009466330520808697,6.296091697777229e-07,3.2400873308802145e-07,275376.60599999997,1.0,273073.42509375,4.248655765147055e-07,1481.9203518216661,4800.0,1.0,,246,,,,,,,,
8.167583481999827,0.0060876402247231455,0.061328125093132256,0.0,0.0,0.0082675,4.0,0.38249999999999995,-0.008457826837548055,0.21955605149269103,-0.006642838125117123,4.7393808983997586e-07,2.874097020821864e-07,275399.123,1.0,273288.14765625005,4.248655765147055e-07,1462.6035865527074,4800.0,1.0,,247,,,,,,,,
7.066507020999779,0.014145024970639497,0.11884765662252902,0.0,1.0,0.008220000000000002,2.0,0.38,0.0029431547736749053,0.2268743969500065,0.0048078849446028474,3.9859372975570294e-07,2.743209023492454e-07,275408.46900000004,1.0,273740.869765625,4.248655765147055e-07,1240.3743660815717,4800.0,1.0,,248,,,,,,,,
8.142190929000208,0.009025487300823443,0.06149088554084301,0.0,0.0,0.0081725,4.0,0.37749999999999995,0.0017945217667147517,0.223355707898736,0.0036194374086335303,2.404108656861581e-06,4.3719187239332766e-07,275846.99000000005,1.0,273797.42115625006,4.248655765147055e-07,1115.19860206599,4800.0,1.0,,249,,,,,,,,
8.198869486000149,0.009428435930749402,0.07485351571813226,0.0,0.0,0.008125,4.0,0.375,0.0029653716133907436,0.22173394709825517,0.004764758655801416,1.3145005227954698e-05,1.773119866044226e-06,275548.275,1.0,273627.24407812505,4.248655765147055e-07,1243.4697164678794,4800.0,1.0,,250,,,,,,,,
8.153228131000105,0.008220277287182397,0.06459960956126451,0.0,0.0,0.008077500000000001,4.0,0.37250000000000005,-0.0016281103540677576,0.22050217725336552,0.00015268550923792646,1.6583181050577878e-06,2.8955223925208883e-07,275279.242,1.0,273868.16945312504,4.248655765147055e-07,1065.212154187135,4800.0,1.0,,251,,,,,,,,
8.144903520000298,0.008060619540628977,0.05628255212213844,0.0,0.0,0.00803,4.0,0.37,-0.0006296484410995617,0.22049293518066407,0.0011407237441744655,6.934605764286061e-07,2.323252918046137e-07,275038.36,1.0,273180.84026562504,4.248655765147055e-07,1041.1660157395984,4800.0,1.0,,252,,,,,,,,
8.096506726999905,0.008655027049826458,0.06139322923263535,0.0,0.0,0.007982500000000002,4.0,0.36750000000000005,-0.001146366074681282,0.2148129653185606,0.0005682057002559304,3.8807849378486026e-07,2.68038348494315e-07,275178.571,1.0,273776.22064062505,4.248655765147055e-07,918.0150798848754,4800.0,1.0,,253,,,,,,,,
8.107275550999475,0.01263188016600907,0.06453450554981828,0.0,0.0,0.007935000000000001,4.0,0.365,-0.0007955970009788871,0.20902016684412955,0.0008627490140497684,4.4940113070879305e-07,3.6930080682395783e-07,275539.074,1.0,273247.20665625005,4.248655765147055e-07,1321.7143365146942,4800.0,1.0,,254,,,,,,,,
8.16084167200006,0.009365459650871344,0.07643229179084302,0.0,0.0,0.007887500000000002,4.0,0.36250000000000004,0.00593520044349134,0.21024892665445805,0.007593331090174615,4.1949935081220247e-07,3.3282962377256806e-07,275854.78,1.0,273787.88303125004,4.248655765147055e-07,1296.7386313266386,4800.0,1.0,,255,,,,,,,,
8.118904891999591,0.00762253598368261,0.060302734375,0.0,0.0,0.00784,4.0,0.36,0.0007033683126792311,0.2155433751642704,0.002393022770411335,4.5425175372315606e-07,3.216560308771932e-07,275440.436,1.0,273372.31146875,4.248655765147055e-07,1415.6721063877358,4800.0,1.0,,256,,,,,,,,
8.185956274999626,0.007174089210457169,0.06630859402939678,0.0,0.0,0.007792500000000001,4.0,0.35750000000000004,0.001579501645755954,0.2125653225928545,0.00323568400926888,6.724009296021904e-07,3.317491465537614e-07,275498.911,1.0,273472.376734375,4.248655765147055e-07,1254.6746588886226,4800.0,1.0,,257,,,,,,,,
8.110135259999879,0.0049375450500519944,0.048909505270421504,0.0,0.0,0.007745,4.0,0.355,-0.006649290211498737,0.2053964167833328,-0.0050587299512699245,7.125339337221704e-07,3.2720150997533894e-07,275431.376,1.0,273634.66270312504,4.248655765147055e-07,1395.0395388448003,4800.0,1.0,,258,,,,,,,,
8.036431034000088,0.009461137861944736,0.08216145839542151,0.0,0.0,0.007697500000000001,4.0,0.35250000000000004,0.004597440621000715,0.20528207905590534,0.006177464290522039,3.570164643917906e-07,1.997493473737677e-07,275420.243,1.0,273976.51512500003,4.248655765147055e-07,1018.5584038877238,4800.0,1.0,,259,,,,,,,,
8.242358904999492,0.007526836395845749,0.058398437686264515,0.0,0.0,0.0076500000000000005,4.0,0.35,0.0004643347259843722,0.2056579940021038,0.002037445781752467,5.129696155847796e-07,2.4344105646889603e-07,275572.53700000007,1.0,273678.030046875,4.248655765147055e-07,1272.7001840705711,4800.0,1.0,,260,276058.566,275512.782,275663.36,70000042,274279.56830000004,best_of_k,275512.782,954.7386630935655
7.614083892000053,0.014788104329879086,0.10505642412851254,0.0,1.0,0.007602500000000002,3.0,0.34750000000000003,0.002791476156562567,0.20802788684765497,0.0043727974873036144,6.659621684927212e-07,2.8895188914172346e-07,275502.098,1.0,273808.47484375,4.248655765147055e-07,1038.1663323441603,4800.0,1.0,,261,,,,,,,,
8.060726981000698,0.010623155449866317,0.06785481771221384,0.0,0.0,0.007555000000000001,4.0,0.345,0.0016665438073687256,0.21573228277266027,0.0032959422795102,6.658886377408635e-07,7.843562492837464e-07,274976.09400000004,1.0,272255.47410937503,4.248655765147055e-07,1669.2593541895867,4800.0,1.0,,262,,,,,,,,
8.177637888999925,0.007211439267848618,0.05577799491584301,0.0,0.0,0.007507500000000002,4.0,0.3425,-0.0014843678538454697,0.21178819425404072,0.0001043237280100584,1.1206734946256347e-06,2.3927136915347092e-06,274548.273,1.0,272500.830859375,4.248655765147055e-07,1280.2841626642385,4800.0,1.0,,263,,,,,,,,
8.126173905000542,0.009845635420060717,0.06560872406698763,0.0,0.0,0.00746,4.0,0.33999999999999997,0.0027495769114466383,0.209623521566391,0.004302273551002145,8.632157398835717e-06,2.0462974732993187e-05,274868.04400000005,1.0,272346.40821875003,4.248655765147055e-07,1378.329038596719,4800.0,1.0,,264,,,,,,,,
8.035564930999499,0.007198221818543971,0.04835611982271075,0.0,0.0,0.007412500000000001,4.0,0.3375,0.0009580682875821367,0.21326088346540928,0.002538229094352573,2.909108035709096e-06,6.894888201713911e-07,274999.09900000005,1.0,272028.23209375003,4.248655765147055e-07,1333.260842154265,4800.0,1.0,,265,,,,,,,,
8.030480981999972,0.007245363833499141,0.055957031343132256,0.0,0.0,0.007365,4.0,0.33499999999999996,-0.00045161978923715653,0.21378522776067257,0.0011226349510252477,5.769696905133514e-07,4.297615156190204e-07,275194.09599999996,1.0,272559.05578125,4.248655765147055e-07,1206.5072464296652,4800.0,1.0,,266,,,,,,,,
7.57791721600006,0.016088193949932852,0.06523437512417635,0.0,1.0,0.007317500000000001,3.0,0.3325,-0.00410383059643209,0.22350310335556667,-0.0024685692352553208,3.328658654785007e-07,3.7896619933993257e-07,275253.43100000004,1.0,272758.403734375,4.248655765147055e-07,1091.1144006009808,4800.0,1.0,,267,,,,,,,,
8.131099782000092,0.00828532459854614,0.0751953125,0.0,0.0,0.00727,4.0,0.32999999999999996,0.0014618712477385998,0.22466245479881763,0.003094837174285203,7.488757781004551e-07,5.102905539899894e-07,275412.033,1.0,273331.43171875,4.248655765147055e-07,1439.6122273563703,4800.0,1.0,,268,,,,,,,,
8.11076354800025,0.0061824706965126095,0.0566243490204215,0.0,0.0,0.0072225000000000015,4.0,0.3275,-0.003225022624246776,0.2163969587534666,-0.001662392821162939,9.832451837610278e-07,3.9826672022513775e-07,275454.24899999995,1.0,273224.34175,4.248655765147055e-07,1333.6619373417282,4800.0,1.0,,269,,,,,,,,
8.12717739100026,0.006148274717270396,0.04728190116584301,0.0,0.0,0.007174999999999999,4.0,0.32499999999999996,-0.0021541753114433957,0.21571930944919587,-0.000606606766814366,8.947281074256352e-07,2.563184157367004e-07,275131.832,1.0,273549.97451562504,4.248655765147055e-07,1028.1371605284332,4800.0,1.0,,270,,,,,,,,
8.077430115000425,0.005487934153643436,0.0611653647152707,0.0,0.0,0.0071275,4.0,0.3225,-0.001159110781736672,0.21267231181263924,0.0003565094782970846,3.9062693701907847e-07,3.2435236363426156e-07,275047.157,1.0,273347.002015625,4.248655765147055e-07,1389.8561463193269,4800.0,1.0,,271,,,,,,,,
8.14699614500023,0.005484604611410759,0.052311198133975265,0.0,0.0,0.0070799999999999995,4.0,0.31999999999999995,-0.0015735198627226054,0.21147299818694593,-7.64686381444335e-05,3.8782984006502376e-07,2.778234073019803e-07,275166.98000000004,1.0,273475.49504687503,4.248655765147055e-07,1313.548027654402,4800.0,1.0,,272,,,,,,,,
8.162258442000166,0.009122064322582446,0.06264648472424597,0.0,0.0,0.0070325000000000006,4.0,0.3175,-0.0012788059277227149,0.20817887522280215,0.00018499616999179125,3.947147327210132e-07,3.533119134147e-07,275837.81799999997,1.0,273131.55245312495,4.248655765147055e-07,1328.252806950404,4800.0,1.0,,273,,,,,,,,
8.227014407999377,0.00623181214032229,0.049479166883975266,0.0,0.0,0.006985,4.0,0.31499999999999995,-0.002454800429404713,0.20434746742248536,-0.0010276623535901308,6.442748407664567e-07,3.284291437921638e-07,275364.557,1.0,273499.9953125,4.248655765147055e-07,1193.3998869085765,4800.0,1.0,,274,,,,,,,,
8.092351518000214,0.013908082156558522,0.09031575545668602,0.0,1.0,0.006937500000000001,4.0,0.3125,-0.0003958688743296079,0.20531532242894174,0.001028342265635729,4.112095460584442e-07,2.454037254295827e-07,275463.939,1.0,273918.712375,4.248655765147055e-07,1069.6000969269346,4800.0,1.0,,275,,,,,,,,
8.092620956999781,0.0069888943689875305,0.06062825554981828,0.0,0.0,0.006890000000000002,4.0,0.31000000000000005,0.0016428472474217415,0.20721820816397668,0.0030703363940119744,6.783059674830838e-07,3.531546617807635e-07,275794.923,1.0,273813.31368749996,4.248655765147055e-07,1383.2825566059987,4800.0,1.0,,276,,,,,,,,
8.175931413000399,0.007560381724033505,0.0694824222009629,0.0,0.0,0.006842500000000001,4.0,0.3075,-0.005427232786314562,0.20725049525499345,-0.004009458119980991,1.4565285816559027e-06,3.818691872936597e-07,275611.36300000007,1.0,273796.101625,4.248655765147055e-07,1355.6844724816367,4800.0,1.0,,277,,,,,,,,
8.092034652999246,0.004523383334162645,0.04822591161355376,0.0,0.0,0.006795000000000002,4.0,0.30500000000000005,-0.0007946339872432872,0.21659355610609055,0.000676838681101799,4.4078018675008933e-07,4.730912692707534e-07,275342.03500000003,1.0,272755.17729687504,4.248655765147055e-07,1500.098626126971,4800.0,1.0,,278,,,,,,,,
8.039819603000069,0.008684533374616877,0.06367187527939677,0.0,0.0,0.0067475,4.0,0.3025,-0.001852685393532738,0.2099255133420229,-0.0004364509601145983,4.000447376029115e-07,3.9627774626183056e-07,275548.55700000003,1.0,273526.620125,4.248655765147055e-07,1482.2925266682587,4800.0,1.0,,279,,,,,,,,
8.066842408999946,0.008509912792942487,0.058138020895421506,0.0,0.0,0.006700000000000001,4.0,0.30000000000000004,-0.005582563602365554,0.2106776386499405,-0.004171212168876082,3.8136647120268206e-07,3.017361329682444e-07,275704.94999999995,1.0,273384.824390625,4.248655765147055e-07,1597.9372144745698,4800.0,1.0,,280,276058.566,275341.853,273421.245,70000042,273687.33469999995,best_of_k,275341.853,1335.3250667893922
8.173686080000152,0.007287108906893991,0.06875000046566129,0.0,0.0,0.0066525,4.0,0.2975,-0.005179093888727948,0.21278782486915587,-0.0037637826055288313,8.380574037403221e-07,3.515056064884448e-07,275728.803,1.0,273289.04925000004,4.248655765147055e-07,1337.1097155006225,4800.0,1.0,,281,,,,,,,,
8.134988207000788,0.007379869325086474,0.06236979188397527,0.0,0.0,0.0066050000000000015,4.0,0.29500000000000004,-0.004695800074841827,0.20873006172478198,-0.003317703306674957,4.174196191542023e-06,2.9612505372256235e-07,275578.63100000005,1.0,273846.13603125,4.248655765147055e-07,1438.4031725334248,4800.0,1.0,,282,,,,,,,,
8.003231247000258,0.007009567954810336,0.06422526063397527,0.0,0.0,0.006557500000000001,4.0,0.2925,-0.002923727102461271,0.20872261188924313,-0.0015555578982457518,3.783899776266253e-06,3.0099715111475687e-07,275366.749,1.0,273773.2696875,4.248655765147055e-07,1225.3890125844875,4800.0,1.0,,283,,,,,,,,
8.03398349500003,0.008885810308856889,0.07501627644523978,0.0,0.0,0.006510000000000002,4.0,0.29000000000000004,-0.0007053214241750539,0.20348637029528618,0.0006188615341670811,3.856685475511768e-06,2.5652878292703464e-07,275628.446,1.0,274033.658140625,4.248655765147055e-07,1022.3540348051014,4800.0,1.0,,284,,,,,,,,
8.160688167999979,0.006366941041778773,0.05727539071813226,0.0,0.0,0.0064624999999999995,4.0,0.2875,-0.002721445742645301,0.20486587435007095,-0.0013977490132674574,9.483655837527749e-07,3.0748740300623465e-07,275552.545,1.0,273896.54309375,4.248655765147055e-07,1423.3936442407162,4800.0,1.0,,285,,,,,,,,
8.097411011999611,0.0077114655141485855,0.07197265634313225,0.0,0.0,0.0064150000000000006,4.0,0.28500000000000003,0.0034266923292307185,0.20169108211994172,0.004720351030118764,5.962511878010445e-07,2.608682393656636e-07,275551.978,1.0,273964.321609375,4.248655765147055e-07,1156.2620503870983,4800.0,1.0,,286,,,,,,,,
8.037317516999792,0.004783968481933698,0.054752604383975265,0.0,0.0,0.0063675,4.0,0.2825,-0.001965089055011049,0.20253840051591396,-0.000675677286926657,5.240285595675686e-07,3.9761196362064767e-07,275502.218,1.0,273252.59059375,4.248655765147055e-07,1488.3259345406734,4800.0,1.0,,287,,,,,,,,
8.093169409000438,0.006049708649516106,0.05367838544771075,0.0,0.0,0.006320000000000001,4.0,0.28,2.056421362794936e-06,0.20139809399843217,0.001274508924689144,5.447240859268732e-07,6.578430763681808e-07,275530.50399999996,1.0,273594.251609375,4.248655765147055e-07,1467.611587665877,4800.0,1.0,,288,,,,,,,,
8.021700714000872,0.005443211400415748,0.055240885633975265,0.0,0.0,0.0062725,4.0,0.27749999999999997,0.0023209839186165483,0.19706743769347668,0.0035558629548177122,2.031451619188829e-06,2.045754961699231e-06,275798.27900000004,1.0,273820.4539375,4.248655765147055e-07,1256.4985899369135,4800.0,1.0,,289,,,,,,,,
8.055733058000442,0.007040456391405314,0.06621093777939677,0.0,0.0,0.006225000000000001,4.0,0.275,0.0009771604381967336,0.1979506306350231,0.002181621167983394,8.121206605267161e-05,3.932194004505618e-05,275726.555,1.0,273992.86479687504,4.248655765147055e-07,1138.675719329162,4800.0,1.0,,290,,,,,,,,
8.080258717000106,0.006129043098189868,0.06350911483168602,0.0,0.0,0.006177500000000001,4.0,0.27249999999999996,0.00010112747550010681,0.19515864588320256,0.0011468591168522836,0.0015681728544677752,6.086230122548386e-06,275632.49,1.0,273616.94275000005,4.248655765147055e-07,1537.6161646138708,4800.0,1.0,,291,,,,,,,,
8.144308638999973,0.005599747912492603,0.05260416688397527,0.0,0.0,0.006130000000000002,4.0,0.27,-0.0008469626191072166,0.19274370409548283,0.0003144126618281007,0.0001743705732451417,5.413830309919377e-06,275540.52999999997,1.0,273660.61984375,4.248655765147055e-07,1471.378426607074,4800.0,1.0,,292,,,,,,,,
8.185854413000015,0.005810650371131487,0.05105794281698763,0.0,0.0,0.006082499999999999,4.0,0.26749999999999996,0.0034715500543825327,0.1936263542622328,0.004647593456320464,1.3519741986556256e-05,6.73231591719059e-07,275457.354,1.0,273464.95770312496,4.248655765147055e-07,1376.1396106544787,4800.0,1.0,,293,,,,,,,,
8.064826089000235,0.006030469972756691,0.06629231779370456,0.0,0.0,0.006035,4.0,0.265,0.0004697418204159476,0.1973140448331833,0.0016602350049652159,1.4864506852063641e-06,2.9842935802548707e-07,275393.939,1.0,273774.310015625,4.248655765147055e-07,1243.039211678482,4800.0,1.0,,294,,,,,,,,
8.035001026999453,0.00533418259001337,0.06258138027042151,0.0,0.0,0.0059875,4.0,0.26249999999999996,-0.002082735602743924,0.19564896635711193,-0.0009115490247495472,1.256576626929018e-06,2.71145727737121e-07,275518.025,1.0,273857.536484375,4.248655765147055e-07,1146.4461983511674,4800.0,1.0,,295,,,,,,,,
8.11080879399924,0.00493934694386553,0.05527343777939677,0.0,0.0,0.005940000000000001,4.0,0.26,-0.003801059303805232,0.20004186555743217,-0.002613024855963886,8.130792693350486e-07,2.6668837485033234e-07,275446.64999999997,1.0,274024.93507812504,4.248655765147055e-07,1219.2381378102527,4800.0,1.0,,296,,,,,,,,
8.237456283999563,0.006512226950144395,0.062044270930346104,0.0,0.0,0.0058925,4.0,0.25749999999999995,0.0012653335521463304,0.19610106088221074,0.0024206127505749463,7.056279088146766e-07,3.5062537833141506e-07,275348.674,1.0,273686.553265625,4.248655765147055e-07,1566.1348780230232,4800.0,1.0,,297,,,,,,,,
8.165015487000346,0.0035468231595586984,0.036572265718132255,0.0,0.0,0.005845000000000001,4.0,0.255,-0.00538688299129717,0.18870299607515334,-0.004284078325144947,4.931897422011388e-07,2.294392892565611e-07,275609.506,1.0,274062.247859375,4.248655765147055e-07,1084.8917193473699,4800.0,1.0,,298,,,,,,,,
8.082879136999509,0.004461112344870344,0.05629882826469838,0.0,0.0,0.005797500000000001,4.0,0.25249999999999995,0.0021855229570064694,0.1882664393633604,0.003276856639422476,4.3192649172851817e-07,1.9575276155592292e-07,275567.26800000004,1.0,274326.77078125,4.248655765147055e-07,941.6055041347561,4800.0,1.0,,299,,,,,,,,
8.193948273000387,0.004963318856607657,0.04894205741584301,0.0,0.0,0.005750000000000002,4.0,0.25,0.00022962074144743382,0.18991634510457517,0.0013215039391070605,3.954698925667799e-07,1.9310630960944764e-07,275749.681,1.0,274428.8245625,4.248655765147055e-07,907.1016784675625,4800.0,1.0,,300,276058.566,275421.457,275396.33,70000042,273699.9764,best_of_k,275421.457,1209.2996500037746
8.183825494000303,0.004481494703213684,0.04894205741584301,0.0,0.0,0.005702500000000001,4.0,0.24750000000000005,-0.0027105008426588028,0.18535984642803668,-0.0016536316368728876,3.9012611097177796e-07,2.1180821114796798e-07,275468.62,1.0,274015.656703125,4.248655765147055e-07,965.0259420466164,4800.0,1.0,,301,,,,,,,,
8.11246005599969,0.0040479538904037325,0.04684244813397527,0.0,0.0,0.005655,4.0,0.245,0.00033216132433153687,0.18266514949500562,0.0013649800908751785,4.058457214739519e-07,2.2357722500032652e-07,275495.38500000007,1.0,274005.15632812504,4.248655765147055e-07,1092.3578207506073,4800.0,1.0,,302,,,,,,,,
8.178822562999812,0.0077987904893234376,0.05747070331126451,0.0,0.0,0.005607500000000001,4.0,0.24250000000000005,0.0026516787125729024,0.1825090143829584,0.003674950683489442,4.26984924217777e-07,2.1009820123651933e-07,275383.487,1.0,273944.75662500004,4.248655765147055e-07,952.6227363193044,4800.0,1.0,,303,,,,,,,,
8.247677686000316,0.0035615359083749354,0.03644205741584301,0.0,0.0,0.005560000000000001,4.0,0.24,-0.00269016454112716,0.18341552279889584,-0.0016705672955140472,5.5076138139043e-07,2.7640449040688964e-07,275808.984,1.0,274176.89364062494,4.248655765147055e-07,1397.6939210822995,4800.0,1.0,,304,,,,,,,,
8.23044046799987,0.008887449844041839,0.06484375018626451,0.0,0.0,0.005512500000000002,4.0,0.23750000000000004,0.001888674360816367,0.18444828651845455,0.002905317791737616,4.031487513600496e-07,1.7511526735347615e-07,275769.006,1.0,274348.76384375006,4.248655765147055e-07,976.9952732846742,4800.0,1.0,,305,,,,,,,,
8.192283104000126,0.0037178165774093943,0.044140625093132255,0.0,0.0,0.005465000000000001,4.0,0.235,0.0012704228225629776,0.18780542202293873,0.002296510129235685,5.454752070477297e-07,4.2940660094359373e-07,275684.879,1.0,273547.97290625004,4.248655765147055e-07,1730.9174667996485,4800.0,1.0,,306,,,,,,,,
8.236888387000363,0.0036333586904220283,0.04370117206126452,0.0,0.0,0.005417500000000002,4.0,0.23250000000000004,-0.0012780074568581768,0.18636784255504607,-0.0002685585233848542,4.2397230188839784e-07,3.127887708842536e-07,275657.47400000005,1.0,274123.150484375,4.248655765147055e-07,1346.8067523755242,4800.0,1.0,,307,,,,,,,,
8.22564165699987,0.004474718339042738,0.04886067733168602,0.0,0.0,0.00537,4.0,0.22999999999999998,-0.007309211534447968,0.17873597592115403,-0.006349579244852066,4.294260996573485e-07,2.7420340380501785e-07,275815.454,1.0,274250.73370312504,4.248655765147055e-07,1337.5331352645771,4800.0,1.0,,308,,,,,,,,
8.14953386399975,0.003648407192667946,0.042789713572710754,0.0,0.0,0.005322500000000001,4.0,0.22750000000000004,0.0013973389912280254,0.17835175916552543,0.002346413943450898,4.4190714589831257e-07,3.16600409178136e-07,275746.95200000005,1.0,273775.07634375,4.248655765147055e-07,1563.4286247837729,4800.0,1.0,,309,,,,,,,,
8.238469187000192,0.003176282052299939,0.03030598962213844,0.0,0.0,0.005275,4.0,0.22499999999999998,-0.0014020177724887617,0.18000022731721402,-0.0004527576733380556,4.994760608667548e-07,3.830957226114151e-07,275592.527,1.0,273817.357875,4.248655765147055e-07,1585.719447144447,4800.0,1.0,,310,,,,,,,,
8.239600460000474,0.0031378025116282513,0.03408203133149072,0.0,0.0,0.005227500000000001,4.0,0.22250000000000003,-0.0011482251342386008,0.17850858233869077,-0.0002153069246560335,5.094898973823092e-07,3.695836809924913e-07,275899.064,1.0,273978.51376562496,4.248655765147055e-07,1496.8327736789465,4800.0,1.0,,311,,,,,,,,
8.174896650999472,0.006818047509295866,0.05382486982271075,0.0,0.0,0.005180000000000001,4.0,0.21999999999999997,-0.004946757751167752,0.1767981879413128,-0.0040311900898814205,6.259498555039045e-07,3.6883707608126317e-07,275704.469,1.0,273600.93671875005,4.248655765147055e-07,1722.3660179232315,4800.0,1.0,,312,,,,,,,,
8.207159442000375,0.005887301571783609,0.05322265627328306,0.0,0.0,0.005132500000000002,4.0,0.21750000000000003,-0.0022242968960199507,0.1733577910810709,-0.0013349300483241678,1.6968707164721763e-06,4.4486053383252513e-07,275664.232,1.0,274063.09268750006,4.248655765147055e-07,1682.5414379823908,4800.0,1.0,,313,,,,,,,,
8.283910785000444,0.003648442946723662,0.04148763045668602,0.0,0.0,0.005085000000000001,4.0,0.21499999999999997,-0.0025796863992582075,0.175448477268219,-0.001687875494826585,1.7622274711470708e-06,3.371783222405611e-07,275788.90400000004,1.0,274355.298859375,4.248655765147055e-07,1571.2955637067998,4800.0,1.0,,314,,,,,,,,
8.220532065000043,0.0040838105604052545,0.04147135429084301,0.0,0.0,0.005037500000000002,4.0,0.21250000000000002,0.0003202392108505592,0.18125818036496638,0.0012331221689237282,7.263127869805431e-07,2.6531049037714636e-07,275939.614,1.0,274023.158328125,4.248655765147055e-07,1325.8812109430767,4800.0,1.0,,315,,,,,,,,
8.278731525000694,0.004977234263787977,0.04918619794771075,0.0,0.0,0.00499,4.0,0.20999999999999996,-0.0002963913226267323,0.18296574093401433,0.0006164540536701679,3.337562567651275e-07,2.393124574950889e-07,275719.424,1.0,273977.24153124995,4.248655765147055e-07,1421.0988699385493,4800.0,1.0,,316,,,,,,,,
8.207936613000129,0.003702646435704082,0.04207356786355376,0.0,0.0,0.004942500000000001,4.0,0.20750000000000002,0.0004913468670565635,0.17612306363880634,0.0013617083721328526,2.668496264845999e-07,2.0022159148425088e-07,275931.42600000004,1.0,274439.798015625,4.248655765147055e-07,1140.251482725644,4800.0,1.0,,317,,,,,,,,
8.18939769699955,0.004328932886710391,0.04077148446813226,0.0,0.0,0.004895,4.0,0.20499999999999996,-0.0007284723338671029,0.17461193166673183,0.00012610432459041475,3.085435100302902e-07,2.3479541013671224e-07,275783.929,1.0,274580.91315625,4.248655765147055e-07,1257.9557812470528,4800.0,1.0,,318,,,,,,,,
8.24862072399992,0.0061622579625691285,0.04567057304084301,0.0,0.0,0.004847500000000001,4.0,0.2025,-0.0011978410388110206,0.17769936546683313,-0.00033668886171653865,4.7291249458680797e-07,3.954804746797436e-07,275903.58,1.0,273648.547703125,4.248655765147055e-07,1744.7427691022506,4800.0,1.0,,319,,,,,,,,
8.210007101999508,0.005927533126669005,0.055371093982830646,0.0,0.0,0.0048000000000000004,4.0,0.19999999999999996,0.003988350179861299,0.17063121870160103,0.0048071769182570275,3.767639512375354e-07,3.310954802770993e-07,275874.152,1.0,274296.37978125,4.248655765147055e-07,1612.056582288409,4800.0,1.0,,320,276058.566,275765.62500000006,274450.641,70000042,274505.55083333334,best_of_k,275765.62500000006,1131.2560843107688
8.224807202999727,0.0033824573969468475,0.03644205741584301,0.0,0.0,0.0047525000000000015,4.0,0.1975,0.0005967131699435412,0.17041043154895305,0.0014064250397495925,3.1931373740690104e-07,2.6347909027890636e-07,275860.781,1.0,274582.88165625004,4.248655765147055e-07,1220.126553644575,4800.0,1.0,,321,,,,,,,,
8.226822467000602,0.0030785643510171214,0.03427734381984919,0.0,0.0,0.004704999999999999,4.0,0.19499999999999995,-0.004310182793415151,0.16238681077957154,-0.0035462778294458987,2.6241851678321384e-07,1.9780462672258637e-07,275848.38700000005,1.0,274700.26775,4.248655765147055e-07,1134.1646947881854,4800.0,1.0,,322,,,,,,,,
8.178115005999643,0.005018241127254441,0.03966471366584301,0.0,0.0,0.0046575,4.0,0.1925,-0.003173393824545201,0.1651801850646734,-0.0024044027784839274,6.106233399805206e-07,5.493276056256491e-07,275950.217,1.0,273409.239421875,4.248655765147055e-07,2074.752087831953,4800.0,1.0,,323,,,,,,,,
8.187754245999713,0.0058586545739672145,0.039843750186264515,0.0,0.0,0.0046099999999999995,4.0,0.18999999999999995,0.0012981995052541607,0.1640311896800995,0.002054016257170588,5.92802788901281e-07,6.157232611769814e-07,275850.148,1.0,273651.3123125,4.248655765147055e-07,2056.20657474047,4800.0,1.0,,324,,,,,,,,
8.157391043000644,0.0045456489911885,0.0466145833954215,0.0,0.0,0.004562500000000001,4.0,0.1875,-0.0051232175494078545,0.16122435703873633,-0.004387874389067292,3.6619529737436095e-07,4.1225362963359656e-07,276045.841,1.0,274795.84073437506,4.248655765147055e-07,1452.000328904131,4800.0,1.0,,325,,,,,,,,
8.271982791000482,0.006496610149042681,0.059847005363553765,0.0,0.0,0.004515000000000002,4.0,0.18500000000000005,-0.001710712770727696,0.1547434028238058,-0.0010122060077264905,3.17577949004999e-07,2.559283451830652e-07,275922.793,1.0,274657.36739062506,4.248655765147055e-07,1425.7808631178493,4800.0,1.0,,326,,,,,,,,
8.199061471999812,0.0076249727673712185,0.06267903670668602,0.0,0.0,0.004467500000000001,4.0,0.1825,0.001844782696571201,0.15773566849529744,0.002549278025981039,3.695790397273413e-07,3.04344948887092e-07,275853.25800000003,1.0,274510.319078125,4.248655765147055e-07,1575.526743701932,4800.0,1.0,,327,,,,,,,,
8.348300903000563,0.0030179007851984354,0.032470703264698385,0.0,0.0,0.004420000000000002,4.0,0.18000000000000005,-0.004079062747769058,0.16258787661790847,-0.0033606279059313236,3.903833018625846e-07,3.289752008583946e-07,275817.768,1.0,274219.689890625,4.248655765147055e-07,1665.0171348008062,4800.0,1.0,,328,,,,,,,,
8.207564074999937,0.0052140046987915415,0.050878906575962904,0.0,0.0,0.004372500000000001,4.0,0.1775,0.0026550333794148175,0.1526876538991928,0.003322577802464366,1.8965777712764975e-07,1.2695408688756515e-07,275839.553,1.0,275029.274140625,4.248655765147055e-07,631.172216185703,4800.0,1.0,,329,,,,,,,,
8.126422020000064,0.004998883624648442,0.057047526072710755,0.0,0.0,0.0043250000000000025,4.0,0.17500000000000004,-0.0008223790166084655,0.15228494293987752,-0.00016388441435992717,2.897161046178098e-07,2.1715779965347793e-07,275836.896,1.0,274627.73065625003,4.248655765147055e-07,1323.770984003984,4800.0,1.0,,330,,,,,,,,
8.183498405999671,0.003363927238387987,0.03701171884313226,0.0,0.0,0.0042775,4.0,0.1725,-0.003610327206843067,0.14888278357684612,-0.002973554830532521,1.6378218141710478e-07,1.1504451169486174e-07,275944.66900000005,1.0,275177.06834375,4.248655765147055e-07,674.825417078634,4800.0,1.0,,331,,,,,,,,
8.168492986999809,0.004046729611582122,0.03185221360763535,0.0,0.0,0.004230000000000001,4.0,0.17000000000000004,0.000665811037470121,0.14872838146984577,0.0012948063784278929,2.506673926205849e-07,2.015162479551691e-07,275893.804,1.0,274667.39489062503,4.248655765147055e-07,1256.0129147486844,4800.0,1.0,,332,,,,,,,,
8.137645706000512,0.003094813424104359,0.02921549486927688,0.0,0.0,0.004182500000000002,4.0,0.16749999999999998,-0.0011662824588711373,0.14942172840237616,-0.0005414088489487767,1.8701570851931138e-07,1.2817389301034153e-07,275911.54,1.0,274980.24504687503,4.248655765147055e-07,755.0838824057139,4800.0,1.0,,333,,,,,,,,
8.088224855999215,0.003516331633727532,0.03445638022385537,0.0,0.0,0.004135,4.0,0.16500000000000004,0.000962110300315544,0.14615038596093655,0.0015663038626371416,2.6973614311032177e-07,2.2311443004241482e-07,275949.656,1.0,274748.54551562504,4.248655765147055e-07,1275.123281060886,4800.0,1.0,,334,,,,,,,,
8.18526561500039,0.003818285546731204,0.043050130270421504,0.0,0.0,0.004087500000000001,4.0,0.16249999999999998,0.002109920531802345,0.14388433564454317,0.002697885758243501,3.030377300206055e-07,2.624448470101015e-07,275820.386,1.0,274570.379625,4.248655765147055e-07,1392.3925855452294,4800.0,1.0,,335,,,,,,,,
8.128969047000282,0.00289327000209596,0.029720052238553764,0.0,0.0,0.004040000000000002,4.0,0.16000000000000003,0.0017000415828078985,0.14221304543316365,0.002274462510831654,2.2297422219708096e-07,1.943342532229053e-07,275846.665,1.0,274848.99985937506,4.248655765147055e-07,1132.9654895705971,4800.0,1.0,,336,,,,,,,,
8.336570937999568,0.003572433655790519,0.0334309897152707,0.0,0.0,0.0039924999999999995,4.0,0.15749999999999997,0.00041349033126607536,0.14386097881942989,0.0009877473465166986,2.1336847382258385e-07,1.7330285011496472e-07,275852.64700000006,1.0,274814.49140625,4.248655765147055e-07,1081.804515211451,4800.0,1.0,,337,,,,,,,,
8.097010192000198,0.005588861144497059,0.06494140634313225,0.0,0.0,0.003945000000000001,4.0,0.15500000000000003,0.002471588300250005,0.1491927146911621,0.0030598761048167946,5.014329893526792e-07,4.545447012560544e-07,275952.376,1.0,273690.856171875,4.248655765147055e-07,2037.7966820886995,4800.0,1.0,,338,,,,,,,,
8.03711575899979,0.0037435601523611696,0.040950520988553764,0.0,0.0,0.0038975000000000017,4.0,0.15249999999999997,0.00022196723730303348,0.1468291472643614,0.0007940134266391397,3.777865231313626e-07,3.652751040306157e-07,275858.787,1.0,274623.46032812505,4.248655765147055e-07,1639.4567393742145,4800.0,1.0,,339,,,,,,,,
8.079913354000382,0.004664486000547185,0.052360026154201475,0.0,0.0,0.0038500000000000027,4.0,0.15000000000000002,0.0004929541377350688,0.14905129447579385,0.0010664483532309532,3.896838300931904e-07,6.285631101832223e-07,275971.464,1.0,274553.122796875,4.248655765147055e-07,1788.6244304134716,4800.0,1.0,,340,276058.566,275824.471,275889.87000000005,70000042,275145.4883333334,best_of_k,275824.471,731.0892925232203
8.114367891999791,0.0023896644401247614,0.026416015706490725,0.0,0.0,0.0038025000000000003,4.0,0.14749999999999996,0.0021602015942335127,0.1435013547539711,0.002705776528455317,1.657491555562274e-07,1.4491544444439342e-07,276191.76800000004,1.0,275184.236609375,4.248655765147055e-07,739.4786278674966,4800.0,1.0,,341,,,,,,,,
8.370203097999365,0.003088393178768456,0.03424479179084301,0.0,0.0,0.0037550000000000014,4.0,0.14500000000000002,0.0014288958918768913,0.14705133773386478,0.0019808126846328376,2.2092566744902343e-07,4.776912088999552e-07,275868.506,1.0,275013.976109375,4.248655765147055e-07,1152.6669918719606,4800.0,1.0,,342,,,,,,,,
8.11131855900021,0.002492172838537954,0.023193359503056853,0.0,0.0,0.003707499999999999,4.0,0.14249999999999996,-0.003020766098052263,0.14867220856249333,-0.0024698074790649115,2.1042427711392975e-07,4.4416462365859386e-07,276014.05700000003,1.0,274909.03943749995,4.248655765147055e-07,1070.0545568784512,4800.0,1.0,,343,,,,,,,,
7.99206996599969,0.003135203680722043,0.033561197970993814,0.0,0.0,0.00366,4.0,0.14,0.00018038450798485428,0.1495501860976219,0.0007275206735357642,3.730767858201034e-07,3.6086995507389475e-07,276017.401,1.0,274541.715796875,4.248655765147055e-07,1569.5105017399276,4800.0,1.0,,344,,,,,,,,
8.100093316999846,0.003470336660393514,0.03554687509313226,0.0,0.0,0.003612500000000001,4.0,0.13749999999999996,0.0007890110806329176,0.1502710495144129,0.001331761758774519,2.5396779079756016e-07,1.555170452860466e-07,276195.403,1.0,275189.0915625,4.248655765147055e-07,843.275052121137,4800.0,1.0,,345,,,,,,,,
8.063465229999565,0.0025121668324572964,0.028955078171566128,0.0,0.0,0.003565000000000002,4.0,0.135,-0.0034325764980167152,0.14994683489203453,-0.002898169681429863,2.743637779190067e-07,2.5123254872028155e-07,275936.282,1.0,274326.45225,4.248655765147055e-07,1463.0615305554588,4800.0,1.0,,346,,,,,,,,
8.086889641000198,0.003737793845357373,0.0331868490204215,0.0,0.0,0.0035175,4.0,0.13249999999999995,-0.003965525158855598,0.15043362751603126,-0.003436537436209619,2.874203751446203e-07,2.685569466365223e-07,276095.72500000003,1.0,274214.92614062503,4.248655765147055e-07,1460.684875246375,4800.0,1.0,,347,,,,,,,,
8.129162694000115,0.003794275954714976,0.034358724020421505,0.0,0.0,0.003470000000000001,4.0,0.13,-0.0037386169598903505,0.14577091112732887,-0.0032329307985492052,2.432165892685134e-07,2.2928636056462892e-07,275921.526,1.0,274572.227859375,4.248655765147055e-07,1370.43655551755,4800.0,1.0,,348,,,,,,,,
8.031189556000754,0.004884464750648476,0.05249023474752903,0.0,0.0,0.0034224999999999985,4.0,0.12749999999999995,-0.004429161924053915,0.14464789181947707,-0.00393426141818054,2.0604756905129308e-07,2.7379223297430146e-07,275960.17299999995,1.0,275034.044921875,4.248655765147055e-07,1139.4074880782237,4800.0,1.0,,349,,,,,,,,
8.038122680000015,0.0036415635026060046,0.042073567770421504,0.0,0.0,0.0033749999999999995,4.0,0.125,0.0007681746530579403,0.1457973025739193,0.0012601232272572815,1.854531454625885e-07,1.9766924381769967e-07,276027.693,1.0,275085.612796875,4.248655765147055e-07,1047.5556089359588,4800.0,1.0,,350,,,,,,,,
7.968134572000054,0.003490716763189994,0.050976562686264514,0.0,0.0,0.0033275000000000006,4.0,0.12250000000000005,-0.001888310449430719,0.14186370112001895,-0.0014163838350214064,2.542107004899208e-07,1.9833667614932437e-07,275999.486,1.0,275004.46292187506,4.248655765147055e-07,1200.8371159210715,4800.0,1.0,,351,,,,,,,,
8.160305469000377,0.0023980851743544917,0.029069010424427687,0.0,0.0,0.0032800000000000017,4.0,0.12,-0.0034130595151509622,0.14377232007682322,-0.002941656531766057,3.174108137216081e-07,2.765359372602916e-07,276108.294,1.0,274665.1910625,4.248655765147055e-07,1556.4301527786458,4800.0,1.0,,352,,,,,,,,
8.076750510999773,0.002322720185111393,0.029768880340270698,0.0,0.0,0.0032325000000000027,4.0,0.11750000000000005,0.0007755745144095271,0.14478717967867852,0.0012435072218067943,1.9127217463221768e-07,1.4548435807171244e-07,276132.22900000005,1.0,274992.1672031251,4.248655765147055e-07,994.2156323864091,4800.0,1.0,,353,,,,,,,,
8.021201743000347,0.0024471690077916717,0.028287760447710752,0.0,0.0,0.0031850000000000003,4.0,0.11499999999999999,-0.003857238583441358,0.14483407326042652,-0.0033960465923883023,1.9795522128163156e-07,1.691687657512375e-07,275972.145,1.0,275079.28490624996,4.248655765147055e-07,1060.2851095121378,4800.0,1.0,,354,,,,,,,,
8.034920931999295,0.0026728832584922203,0.027473958523478358,0.0,0.0,0.0031375000000000014,4.0,0.11250000000000004,-0.0044616415980271995,0.1535273164510727,-0.0039801914594136175,4.075689510329994e-07,4.0233980342918584e-07,275948.52599999995,1.0,274070.89453125,4.248655765147055e-07,1682.1508056425796,4800.0,1.0,,355,,,,,,,,
8.272652018999906,0.0029307476710528136,0.034098307508975266,0.0,0.0,0.003089999999999999,4.0,0.10999999999999999,-0.00602999787661247,0.15417411290109156,-0.005553950148168951,5.893309406701519e-07,5.826426686894592e-07,275923.553,1.0,273975.4645,4.248655765147055e-07,2206.706600715915,4800.0,1.0,,356,,,,,,,,
8.188814072999776,0.0033404292356863153,0.038216145941987634,0.0,0.0,0.0030425,4.0,0.10750000000000004,-0.001694542879704386,0.14900318197906018,-0.0012414371129125356,4.495375847568539e-07,3.828106819980803e-07,275892.677,1.0,274106.13100000005,4.248655765147055e-07,1721.4794872844832,4800.0,1.0,,357,,,,,,,,
8.207724705000146,0.006260828117228811,0.039941406436264516,0.0,0.0,0.002995000000000001,4.0,0.10499999999999998,-0.0021752898639533667,0.14750302843749524,-0.0017336443183012308,2.2878541230397787e-07,2.0649627359148325e-07,275968.64800000004,1.0,274590.61771875,4.248655765147055e-07,1113.0613585029425,4800.0,1.0,,358,,,,,,,,
8.258913288000258,0.0031153297371929512,0.03416341161355376,0.0,0.0,0.002947500000000002,4.0,0.10250000000000004,0.0019945888925576583,0.14197744317352773,0.002412986085982993,1.7680346147130878e-07,1.2708727279431286e-07,275980.511,1.0,275285.059578125,4.248655765147055e-07,781.842385632907,4800.0,1.0,,359,,,,,,,,
8.084032821999244,0.0019939456004067326,0.02436523442156613,0.0,0.0,0.0029,4.0,0.09999999999999998,-0.004443263143184595,0.14342092275619506,-0.0040274497354403135,2.153860449993772e-07,1.7203951081512513e-07,276137.04,1.0,275050.50906250003,4.248655765147055e-07,1145.7275453455686,4800.0,1.0,,360,276195.403,275886.48500000004,275745.137,70000042,275200.2158666667,best_of_k,275886.48500000004,971.3111381263172
8.151358697000433,0.0016050887898018118,0.017659505270421504,0.0,0.0,0.002852500000000001,4.0,0.09750000000000003,-0.0014345818166475511,0.14479852989315986,-0.0010217632981948555,3.8487159059741316e-07,3.6192982761917846e-07,276135.404,1.0,274808.726859375,4.248655765147055e-07,1739.2640509504213,4800.0,1.0,,361,,,,,,,,
8.094840599000236,0.0019021463514945936,0.019222005270421505,0.0,0.0,0.002805000000000002,4.0,0.09499999999999997,0.002647233911557123,0.14036804866045713,0.003040803282056004,3.1476899025051354e-07,2.6281815443951475e-07,276064.896,1.0,275012.23184375005,4.248655765147055e-07,1412.6653864630575,4800.0,1.0,,362,,,,,,,,
8.164759186999618,0.0026666320030926728,0.03028971366584301,0.0,0.0,0.002757500000000003,4.0,0.09250000000000003,-0.004391247249441221,0.142059138789773,-0.003999614343047142,1.8700847199681902e-07,1.51775691392686e-07,276053.981,1.0,275056.111453125,4.248655765147055e-07,1060.9538979052857,4800.0,1.0,,363,,,,,,,,
8.10177147000013,0.0021297021143254825,0.025276692758779973,0.0,0.0,0.0027100000000000006,4.0,0.08999999999999997,0.000331196901970543,0.1409934863448143,0.0007131851045414806,2.0259981425851947e-07,1.6832189722038038e-07,276150.651,1.0,275129.87065625004,4.248655765147055e-07,979.8541577778801,4800.0,1.0,,364,,,,,,,,
8.049020747999748,0.0031280427327146755,0.03470052094198763,0.0,0.0,0.0026625000000000017,4.0,0.08750000000000002,1.0241719428449869e-05,0.14370388090610503,0.00039275812450796367,1.861016968973672e-07,1.5348176241047895e-07,276141.65400000004,1.0,274964.58039062505,4.248655765147055e-07,1089.5941494910746,4800.0,1.0,,365,,,,,,,,
7.937176395999813,0.0036041861778357996,0.040641276235692206,0.0,0.0,0.0026149999999999993,4.0,0.08499999999999996,-0.0008123498992063105,0.14281315207481385,-0.0004390278132632375,2.586156792716565e-07,2.1652352479861748e-07,276123.89700000006,1.0,274913.594421875,4.248655765147055e-07,1331.7800187813366,4800.0,1.0,,366,,,,,,,,
7.953029805999904,0.002849167154636234,0.030647786520421504,0.0,0.0,0.0025675000000000003,4.0,0.08250000000000002,-0.001891720748244552,0.1460538323968649,-0.001516851712949574,2.1185720520122686e-07,2.0586677749179216e-07,275988.278,1.0,274888.31496875,4.248655765147055e-07,1196.7050509679689,4800.0,1.0,,367,,,,,,,,
8.095471458999782,0.0031625535935745574,0.03522135423263535,0.0,0.0,0.0025200000000000014,4.0,0.07999999999999996,-0.0014882335730362684,0.1449672117829323,-0.0011230094474740326,1.861174578010605e-07,1.4956007916566704e-07,275910.83100000006,1.0,275066.9333125,4.248655765147055e-07,914.2447429513553,4800.0,1.0,,368,,,,,,,,
8.085857402000329,0.0035864045246853495,0.032405599020421505,0.0,0.0,0.0024725000000000025,4.0,0.07750000000000001,0.0005408484605140984,0.14417467415332794,0.0008971809758804739,2.618595534187307e-07,2.2728471265054396e-07,275914.224,1.0,275029.78003125,4.248655765147055e-07,1383.8846249491103,4800.0,1.0,,369,,,,,,,,
8.055008788000123,0.002448652865132317,0.025813802157063036,0.0,0.0,0.002425,4.0,0.07499999999999996,-0.004719501460203901,0.14980072043836118,-0.004356308514252305,1.519503330271732e-07,1.1790869169914231e-07,276067.0910000001,1.0,275301.63768750004,4.248655765147055e-07,852.5645493391495,4800.0,1.0,,370,,,,,,,,
7.997312059000251,0.0030399076553294436,0.033723958488553765,0.0,0.0,0.002377500000000001,4.0,0.07250000000000001,-0.0028529748276923785,0.1451804332435131,-0.0025079197715967894,2.154765873285669e-07,1.7886039671566323e-07,276016.893,1.0,275155.53381249995,4.248655765147055e-07,1169.6720782135087,4800.0,1.0,,371,,,,,,,,
7.998493821000011,0.0018152765318518505,0.018343099020421506,0.0,0.0,0.0023299999999999987,4.0,0.06999999999999995,0.002995420177467167,0.14899720959365367,0.003342469339258969,2.0948631167527766e-07,1.8613273518042205e-07,276101.241,1.0,275056.3771875,4.248655765147055e-07,1144.3469533355835,4800.0,1.0,,372,,,,,,,,
8.043015348999688,0.0009092600907024462,0.006282552087213844,0.0,0.0,0.0022825,4.0,0.0675,-0.00227796128965565,0.14217192865908146,-0.001953554688952863,1.915739719748899e-07,1.6355494594222364e-07,275954.474,1.0,275183.664984375,4.248655765147055e-07,1131.0798675465198,4800.0,1.0,,373,,,,,,,,
8.04679628699978,0.0024547604174586014,0.025406901154201477,0.0,0.0,0.002235000000000001,4.0,0.06499999999999995,0.0007120541878975928,0.14757212139666082,0.0010417470708489417,2.458783249892349e-07,2.1193229109428558e-07,276082.71800000005,1.0,275084.156,4.248655765147055e-07,1269.6574386253144,4800.0,1.0,,374,,,,,,,,
8.07391221600028,0.001447668400942348,0.015445963549427687,0.0,0.0,0.002187500000000002,4.0,0.0625,-0.0010714695905335247,0.14588958974927663,-0.0007524976623244584,2.9990476235752794e-07,2.6424953816217565e-07,276089.786,1.0,274960.40948437504,4.248655765147055e-07,1488.2979369044303,4800.0,1.0,,375,,,,,,,,
8.010350859999562,0.0011408018064685166,0.01181640630820766,0.0,0.0,0.002140000000000003,4.0,0.06000000000000005,-0.0006720650591887534,0.14291455037891865,-0.00036631363909691574,1.6990741507072472e-07,1.3745065672310374e-07,276187.83400000003,1.0,275257.05390625,4.248655765147055e-07,978.1340449403793,4800.0,1.0,,376,,,,,,,,
7.895876100999885,0.0022710447112331165,0.0207845053053461,0.0,0.0,0.0020925000000000006,4.0,0.057499999999999996,0.0019324505876284093,0.14369007982313634,0.0022330285399220886,1.8363083320593887e-07,1.5056852031847257e-07,275981.61900000006,1.0,275229.610640625,4.248655765147055e-07,998.7552238782791,4800.0,1.0,,377,,,,,,,,
7.858897780000007,0.0021698022610507905,0.014713541720993817,0.0,0.0,0.0020450000000000017,4.0,0.05500000000000005,0.0018556259747128934,0.15038527436554433,0.0021630127856042238,2.9793948250755877e-07,2.424768553055401e-07,276015.726,1.0,274582.75943750003,4.248655765147055e-07,1414.0458814236783,4800.0,1.0,,378,,,,,,,,
7.997938401999818,0.0021480614741449244,0.023600260552484542,0.0,0.0,0.0019974999999999993,4.0,0.05249999999999999,0.002046220054035075,0.15110376067459583,0.002347835077671334,4.077206760655372e-07,3.4879355013117677e-07,275954.85300000006,1.0,274224.087609375,4.248655765147055e-07,1637.4646802220761,4800.0,1.0,,379,,,,,,,,
8.024880778999432,0.0026225948036881163,0.025374349020421506,0.0,0.0,0.0019500000000000003,4.0,0.050000000000000044,-0.0018822611775249243,0.14462025463581085,-0.0016003762371838092,2.2497689116107723e-07,2.045823972451899e-07,275957.229,1.0,274770.9920625,4.248655765147055e-07,1257.874739948064,4800.0,1.0,,380,276195.403,275839.37799999997,275601.897,70000042,274899.0841666667,best_of_k,275839.37799999997,1098.9480918074971
8.09371856100006,0.001942555773712229,0.022037760470993817,0.0,0.0,0.0019025000000000014,4.0,0.04749999999999999,-0.0063150558795314286,0.1474843431264162,-0.006034555076621473,1.7158465759337105e-07,1.4242746626536018e-07,275939.117,1.0,274822.90109375,4.248655765147055e-07,925.772079169168,4800.0,1.0,,381,,,,,,,,
7.907474544999786,0.0007404875228530728,0.006103515625,0.0,0.0,0.0018550000000000025,4.0,0.04500000000000004,-0.0014523658581310883,0.14452937692403794,-0.0011843922082334756,2.4097096620323553e-07,2.0783123808598702e-07,276034.531,1.0,275038.19995312503,4.248655765147055e-07,1273.9762524273538,4800.0,1.0,,382,,,,,,,,
7.876428445999409,0.00232914085208904,0.022786458488553762,0.0,0.0,0.0018075,4.0,0.04249999999999998,-0.0036794708925299347,0.14495251663029193,-0.0034175396198406816,1.4200672033837235e-07,1.1230517689142517e-07,275979.553,1.0,275109.770125,4.248655765147055e-07,726.9125176956416,4800.0,1.0,,383,,,,,,,,
7.911345503999655,0.002009408859885298,0.017626953125,0.0,0.0,0.0017600000000000011,4.0,0.040000000000000036,-0.005468896069214679,0.14321815241128205,-0.00521692109759897,1.7477457454617705e-07,1.4352960064911713e-07,276116.203,1.0,275077.257,4.248655765147055e-07,955.040049659438,4800.0,1.0,,384,,,,,,,,
7.973330443999657,0.0016911093523958697,0.021940104244276882,0.0,0.0,0.0017124999999999987,4.0,0.03749999999999998,-0.005868699381244369,0.14318103790283204,-0.005623604392167181,1.9513272633275847e-07,1.6626893462046155e-07,276106.841,1.0,275054.36692187504,4.248655765147055e-07,1247.6729204503854,4800.0,1.0,,385,,,,,,,,
8.13034924600015,0.0010950288240564987,0.008675130223855377,0.0,0.0,0.0016649999999999998,4.0,0.03500000000000003,0.001449953974224627,0.14272841066122055,0.0016874611959792674,2.6525112417630226e-07,2.1911122551898644e-07,276183.47400000005,1.0,275034.99542187504,4.248655765147055e-07,1336.2667032596476,4800.0,1.0,,386,,,,,,,,
7.925924462000694,0.0011590144989895635,0.009228515625,0.0,0.0,0.0016175000000000009,4.0,0.03249999999999997,0.003221555717755109,0.14111767765134572,0.003449706337414682,1.9231569368116652e-07,1.763843187063685e-07,276075.10000000003,1.0,275097.64725000004,4.248655765147055e-07,1130.8564604953208,4800.0,1.0,,387,,,,,,,,
7.899825997999869,0.0018600550320115872,0.019140625046566127,0.0,0.0,0.001570000000000002,4.0,0.030000000000000027,8.575046085752547e-05,0.13886550515890123,0.00030365127604454757,2.0511421858770972e-07,1.9624363609693773e-07,276034.25800000003,1.0,275070.04695312504,4.248655765147055e-07,1132.6467399000796,4800.0,1.0,,388,,,,,,,,
7.878117535999991,0.0007827308014384471,0.009163411462213843,0.0,0.0,0.0015224999999999995,4.0,0.02749999999999997,-0.004030058224452659,0.1414211940020323,-0.003814818651881069,1.507000092715316e-07,1.1844157885576578e-07,276049.015,1.0,275143.834140625,4.248655765147055e-07,844.4623397660121,4800.0,1.0,,389,,,,,,,,
7.911930911000127,0.0017051115617505274,0.017268880305346103,0.0,0.0,0.0014750000000000006,4.0,0.025000000000000022,-0.004446252970956266,0.1409814964979887,-0.004238422831986099,2.0955352049156771e-07,1.93377699275743e-07,276078.354,1.0,275074.91475,4.248655765147055e-07,1213.723710259888,4800.0,1.0,,390,,,,,,,,
7.94606849199954,0.0018410661665257066,0.01668294273549691,0.0,0.0,0.0014275000000000017,4.0,0.022499999999999964,-0.0013915599134634248,0.14027548618614674,-0.0011914384318515658,2.006120343622797e-07,2.033886335794932e-07,275990.522,1.0,275093.64207812503,4.248655765147055e-07,1176.01473680336,4800.0,1.0,,391,,,,,,,,
8.115225583999745,0.0005047012298746267,0.0035644531366415323,0.0,0.0,0.0013800000000000028,4.0,0.020000000000000018,0.0009866629086900502,0.13985949978232384,0.0011795763159170747,1.6458748426373403e-07,1.524246620476788e-07,276066.246,1.0,275247.57039062504,4.248655765147055e-07,930.6254712211912,4800.0,1.0,,392,,,,,,,,
7.955646634000004,0.0020566368650179355,0.02356770837213844,0.0,0.0,0.0013325000000000004,4.0,0.01749999999999996,-0.0006650109571637586,0.140761205740273,-0.0004775230772793293,1.5448118162453284e-07,1.2201289614210964e-07,275956.958,1.0,275009.495859375,4.248655765147055e-07,833.8837556600329,4800.0,1.0,,393,,,,,,,,
7.886763642000005,0.0015479701178264804,0.01826171875,0.0,0.0,0.0012850000000000014,4.0,0.015000000000000013,-0.0009352629356726538,0.13429115228354932,-0.0007627984043210745,1.7522954927073896e-07,1.6358438621466575e-07,276016.573,1.0,275295.647140625,4.248655765147055e-07,1049.8941885793174,4800.0,1.0,,394,,,,,,,,
7.992689243000314,0.00203913916448073,0.026725260517559947,0.0,0.0,0.001237499999999999,4.0,0.012499999999999956,0.0019992508605355397,0.1353939486667514,0.0021666791290044785,2.1597224630909295e-07,1.995094891071858e-07,275995.023,1.0,275121.54976562504,4.248655765147055e-07,1241.7671635691843,4800.0,1.0,,395,,,,,,,,
7.923658151000382,0.0009523031432763674,0.00846354168606922,0.0,0.0,0.00119,4.0,0.010000000000000009,-0.0013110706931911409,0.13543392401188611,-0.0011500165797770022,1.727160707787334e-07,1.9054078066460533e-07,275998.458,1.0,275202.521703125,4.248655765147055e-07,1111.3110516343218,4800.0,1.0,,396,,,,,,,,
7.951507297000717,0.00153396658715792,0.01756184899713844,0.0,0.0,0.0011425000000000012,4.0,0.007499999999999951,-0.0038374798954464496,0.13491746168583632,-0.0036834098340477795,1.446576069596972e-07,1.1639096388904591e-07,275937.604,1.0,275304.751953125,4.248655765147055e-07,813.3258868605399,4800.0,1.0,,397,,,,,,,,
7.892552782999701,0.0012718166151898913,0.011686197947710752,0.0,0.0,0.0010950000000000022,4.0,0.0050000000000000044,-0.003868395776953548,0.13687439803034068,-0.003718638839200139,2.0463276548809972e-07,2.0016967283709164e-07,276262.54600000003,1.0,275166.01128125004,4.248655765147055e-07,1311.0285647617438,4800.0,1.0,,398,,,,,,,,
7.9125374459999875,0.0013843476663168985,0.015250651107635349,0.0,0.0,0.0010474999999999998,4.0,0.0024999999999999467,-0.0033621003676671535,0.13363615814596413,-0.003222205396741629,1.6483200759864758e-07,1.4495647846501924e-07,276183.097,1.0,275245.4539375,4.248655765147055e-07,957.6548295885885,4800.0,1.0,,399,,,,,,,,
7.975280910000038,0.0024571249858126977,0.030045573122333736,0.0,0.0,0.0010000000000000009,4.0,0.0,0.0010939669478830182,0.13517060931771993,0.001229063665959984,1.429194611546336e-07,1.1879409953508002e-07,275999.802,1.0,275335.701296875,4.248655765147055e-07,830.7153429264454,4800.0,1.0,,400,276262.54600000003,275971.734,274493.31,70000042,275350.9718666667,best_of_k,275971.734,728.6232611133898
