elapsed_seconds,optimization_approximate_kl,optimization_clip_fraction,optimization_count_loss,optimization_early_kl_stop,optimization_entropy_coefficient,optimization_epochs_completed,optimization_learning_rate_fraction,optimization_loss,optimization_normalized_entropy,optimization_policy_loss,optimization_q_loss,optimization_value_loss,rollout_best_objective,rollout_feasible_rate,rollout_mean_objective,rollout_reward_scale,rollout_std_objective,rollout_transitions,rollout_vectorized_rollouts,self_imitation_loss,update,validation_archive_best_objective,validation_best_of_k_objective,validation_deterministic_objective,validation_fixed_validation_seed,validation_mean_stochastic_objective,validation_selection_metric,validation_selection_objective,validation_std_stochastic_objective
11.122934271001213,0.008971035346621647,0.109619140625,1.3805559068918227,0.0,0.0199525,4.0,0.9975,0.05253106968011707,0.6957739353179931,-0.007425399112980813,0.018371942798330564,0.005947816115804016,159215.07700000002,1.0,112157.47396875001,1.9421566041954998e-07,21752.775523383654,4736.0,1.0,,1,159215.07700000002,189655.302,0.0,70000042,135713.07760000002,best_of_k,189655.302,24018.174512675185
11.235479430999476,0.008136803371598944,0.10849609375,1.1506359547376632,0.0,0.019905,4.0,0.995,0.041143864300101994,0.7287222072482109,-0.0019043073523789644,6.931935517968668e-05,2.9314503501609578e-05,175895.011,1.0,136556.32078125,1.9421566041954998e-07,18835.34915102177,4736.0,1.0,,2,,,,,,,,
10.995963682000365,0.011875776792294346,0.171142578125,1.1775285005569458,0.0,0.0198575,4.0,0.9925,0.03321804439183325,0.7554551526904106,-0.01066422399599105,2.5606778035580646e-05,9.46426873724704e-06,213633.929,1.0,147170.55165625,1.9421566041954998e-07,22216.9597234596,4736.0,1.0,,3,,,,,,,,
10.90959087399824,0.009808740959852003,0.123046875,1.2115549087524413,0.0,0.01981,4.0,0.99,0.03699673537630588,0.7748404338955879,-0.008237806835677475,2.3935109993544756e-05,7.983447460446769e-06,225542.97800000003,1.0,170929.96240625,1.9421566041954998e-07,21580.932608233656,4736.0,1.0,,4,,,,,,,,
10.837304308999592,0.007976525352569297,0.106591796875,1.2225993663072585,0.0,0.0197625,4.0,0.9875,0.039752777316607535,0.775259293615818,-0.00606369434390217,2.4953671299954294e-05,1.0137990079783776e-05,243103.56100000002,1.0,193430.60556250002,1.9421566041954998e-07,23799.776223278917,4736.0,1.0,,5,,,,,,,,
10.79217231900111,0.009718122862977907,0.132275390625,1.2227772057056427,0.0,0.019715,4.0,0.985,0.03667611593846232,0.7743314772844314,-0.009203078597784043,2.0634421457543794e-05,8.429492936556926e-06,258162.31000000003,1.0,214880.96382812504,1.9421566041954998e-07,22308.005019425604,4736.0,1.0,,6,,,,,,,,
10.760452820000864,0.008105888482532464,0.105712890625,1.1810961693525315,0.0,0.0196675,4.0,0.9825,0.028801280073821545,0.7635396122932434,-0.01524197580292821,1.7792338394428952e-05,7.166308046180348e-06,260275.588,1.0,223341.759078125,1.9421566041954998e-07,22101.284064173607,4736.0,1.0,,7,,,,,,,,
10.812342532000912,0.00870853647356853,0.1052734375,1.1281895577907561,0.0,0.019620000000000002,4.0,0.98,0.032468457147479056,0.7535869717597962,-0.009161169291473925,1.559340494168282e-05,7.927540684704581e-06,290939.67,1.0,238440.419078125,1.9421566041954998e-07,22193.966048463193,4736.0,1.0,,8,,,,,,,,
10.723240618999625,0.008465537746087649,0.12001953125,1.1016029685735702,0.0,0.0195725,4.0,0.9775,0.03645997878629714,0.7181459695100785,-0.004568892996758223,1.3841382087775856e-05,6.500466963643703e-06,295467.77999999997,1.0,256344.239203125,1.9421566041954998e-07,19926.617340134373,4736.0,1.0,,9,,,,,,,,
11.502639302998432,0.008403324542450718,0.12509765625,1.0544647574424744,0.0,0.019525,4.0,0.975,0.0278747727163136,0.7110161066055298,-0.010972021671477705,2.6094646636920514e-05,7.071146103498904e-06,308320.409,1.0,272306.57946875005,1.9421566041954998e-07,19323.741557954138,4736.0,1.0,2.7936153411865234,10,,,,,,,,
10.800246766999408,0.009344666296965443,0.160546875,1.006170591711998,0.0,0.019477500000000002,4.0,0.9725,0.028253199369646608,0.6848848730325698,-0.008719744859263301,1.2265533905519988e-05,6.064142814921069e-06,335323.647,1.0,290836.333015625,1.9421566041954998e-07,16986.424787297365,4736.0,1.0,,11,,,,,,,,
10.644143052999425,0.008546867678523995,0.135546875,0.954818394780159,0.0,0.01943,4.0,0.97,0.029762476217001677,0.6574782013893128,-0.005216069123707712,8.716140148408158e-05,7.421742907354201e-06,347854.148,1.0,307268.491625,1.9421566041954998e-07,16246.966059244716,4736.0,1.0,,12,,,,,,,,
10.719022490999123,0.009639699614490382,0.150146484375,0.9021526589989662,0.0,0.0193825,4.0,0.9675,0.025985481846146286,0.632086768746376,-0.0068770383019000295,4.039562571733768e-05,4.536231574547855e-06,349353.85199999996,1.0,319619.86712500005,1.9421566041954998e-07,12915.280650755396,4736.0,1.0,,13,,,,,,,,
10.677504145000057,0.009900969843147322,0.1494140625,0.8891892492771148,0.0,0.019335,4.0,0.965,0.02984345911536366,0.621865576505661,-0.002712118742056191,0.0010536695762311866,2.903665117628407e-05,366543.669,1.0,334558.55478125,1.9421566041954998e-07,13270.430955343647,4736.0,1.0,,14,,,,,,,,
10.562231137000708,0.012369896925520152,0.184619140625,0.8906549379229546,1.0,0.0192875,4.0,0.9625,0.033382426877506075,0.5956487819552422,0.0002774567576125264,0.0005207544927316121,1.7446958571554207e-05,371477.5229999999,1.0,345834.78123437497,1.9421566041954998e-07,11009.30205376276,4736.0,1.0,,15,,,,,,,,
10.608362146998843,0.008117120829410851,0.11376953125,0.859459176659584,0.0,0.01924,4.0,0.96,0.02359830606728792,0.6001546710729599,-0.007831499725580216,1.9828755341677606e-05,3.6780551113224645e-06,373455.84500000003,1.0,346918.609484375,1.9421566041954998e-07,11373.617846126202,4736.0,1.0,,16,,,,,,,,
10.81887481099875,0.009160948453063611,0.133544921875,0.8319287523627281,0.0,0.0191925,4.0,0.9575,0.025080676865763964,0.5914485707879067,-0.005195756210014224,0.00026311425319818226,1.0119291766841343e-05,375252.998,1.0,351661.60345312505,1.9421566041954998e-07,11420.883042884972,4736.0,1.0,,17,,,,,,,,
10.48395447599978,0.010323494955082424,0.14755859375,0.8095397293567658,0.0,0.019145,4.0,0.955,0.03175373373087496,0.5944568425416946,0.0024418454151600598,0.0018826079119207862,5.5033746912158675e-05,376050.234,1.0,354380.978953125,1.9421566041954998e-07,9853.848117535781,4736.0,1.0,,18,,,,,,,,
10.639060237001104,0.0074641075931140225,0.103662109375,0.7937606573104858,0.0,0.0190975,4.0,0.9525,0.02362373163923621,0.5788114592432976,-0.005050222366116941,0.0003392258395024328,1.170019282881185e-05,376631.44200000004,1.0,353821.46756250004,1.9421566041954998e-07,12828.064458725987,4736.0,1.0,,19,,,,,,,,
8.93520000799981,0.020962245608097875,0.2466796875,0.7646983385086059,1.0,0.01905,1.0,0.95,0.03199232742190361,0.5370041966438294,0.003982955636456609,2.2645203898719046e-05,4.239160739416548e-06,382475.368,1.0,362485.661546875,1.9421566041954998e-07,9872.204225504633,4736.0,1.0,2.2262051105499268,20,382475.368,388445.87500000006,395254.919,70000042,372279.82450000005,best_of_k,388445.87500000006,8466.100713846079
10.639313874000436,0.008805728546576574,0.124658203125,0.7578929975628853,0.0,0.019002500000000002,4.0,0.9475,0.03134649216663092,0.5547349855303765,0.003988387191202492,3.134649259664002e-05,3.342618435908662e-06,384858.932,1.0,366775.43251562497,1.9421566041954998e-07,9243.958694780904,4736.0,1.0,,21,,,,,,,,
10.670689417000176,0.008925836858543335,0.11005859375,0.7572629630565644,0.0,0.018955,4.0,0.945,0.02218372733332217,0.5509425848722458,-0.005244703125208616,6.044357046448567e-05,4.706985060920488e-06,389871.94200000004,1.0,368473.4688125,1.9421566041954998e-07,9076.86430612489,4736.0,1.0,,22,,,,,,,,
10.559974957999657,0.013855954963582917,0.1646484375,0.71817866563797,1.0,0.0189075,4.0,0.9425,0.028557989047840238,0.5230835542082787,0.0025348570197820663,2.209651503335408e-05,4.382206225272967e-06,399508.351,1.0,376964.40939062496,1.9421566041954998e-07,9181.608597191647,4736.0,1.0,,23,,,,,,,,
10.482631898001273,0.011004400334059028,0.14443359375,0.6927018493413926,0.0,0.018860000000000002,4.0,0.94,0.022763020009733737,0.49942673519253733,-0.002493829047307372,0.0003799372977823623,5.899738911807617e-06,399072.292,1.0,380172.880171875,1.9421566041954998e-07,7056.4671959024245,4736.0,1.0,,24,,,,,,,,
10.606567709999581,0.009541053078646656,0.120849609375,0.6700453042984009,0.0,0.0188125,4.0,0.9375,0.022482398129068316,0.48810513988137244,-0.001853433041833341,0.00010972937963060758,1.0141508960259671e-05,399478.172,1.0,386413.57959375007,1.9421566041954998e-07,6723.600590063205,4736.0,1.0,,25,,,,,,,,
10.610597934999532,0.011086943780901493,0.11201171875,0.6241805538535118,0.0,0.018765,4.0,0.935,0.021911438275128602,0.46132550314068793,-0.0006440442521125078,2.5927009681936396e-05,1.2704207961178327e-06,401037.8030000001,1.0,389048.040109375,1.9421566041954998e-07,6288.41012548455,4736.0,1.0,,26,,,,,,,,
10.558473324999795,0.008759749457021826,0.112109375,0.6196474060416222,0.0,0.0187175,4.0,0.9325,0.02421626835130155,0.43826190158724787,0.0014353159582242369,8.195535929189646e-06,1.8582404976541512e-06,403519.96800000005,1.0,390355.82578125,1.9421566041954998e-07,6477.4229438041175,4736.0,1.0,,27,,,,,,,,
10.60737535699991,0.009446189980735653,0.12373046875,0.5962165459990502,0.0,0.01867,4.0,0.9299999999999999,0.024182964931242168,0.42807161509990693,0.002362283878028393,1.0771919795615758e-05,1.7472712571020565e-06,406137.544,1.0,393203.84621875,1.9421566041954998e-07,6240.027139801971,4736.0,1.0,,28,,,,,,,,
8.97208354599934,0.014576830062014778,0.1494140625,0.595839187502861,1.0,0.0186225,2.0,0.9275,0.026290340535342693,0.40414939224720003,0.004018920217640698,3.6539849429573226e-05,4.1584572187503e-06,406553.59700000007,1.0,394957.91415625,1.9421566041954998e-07,4495.029992631625,4736.0,1.0,,29,,,,,,,,
11.43708818199957,0.006208015032552794,0.069140625,0.5792762339115143,0.0,0.018575,4.0,0.925,0.02521549359662458,0.4044172830879688,0.003761505545116961,9.293793169717901e-06,2.594903705244178e-06,410224.20699999994,1.0,396846.795203125,1.9421566041954998e-07,4201.942448865952,4736.0,1.0,1.5909041166305542,30,,,,,,,,
10.59683041199969,0.007445677569785402,0.093505859375,0.5295728325843811,0.0,0.018527500000000002,4.0,0.9225,0.0186892720987089,0.38688945174217226,-0.001001901156269014,0.0029661128494581136,0.00016803015863899872,405964.35,1.0,398057.85646875005,1.9421566041954998e-07,3751.167821981868,4736.0,1.0,,31,,,,,,,,
10.541086586999882,0.007822535707782663,0.09521484375,0.5400286570191384,0.0,0.01848,4.0,0.92,0.016500718088354915,0.38232630044221877,-0.003504491806961596,0.0003553851221795412,6.725479089482178e-05,405466.391,1.0,395761.4340625,1.9421566041954998e-07,4453.947907132783,4736.0,1.0,,32,,,,,,,,
10.436098010999558,0.00698372296051275,0.08955078125,0.5196814626455307,0.0,0.0184325,4.0,0.9175,0.02229429717408493,0.3829943686723709,0.003310604812577367,0.00023641033081958084,7.104439039267163e-05,406662.5850000001,1.0,395908.92535937496,1.9421566041954998e-07,4549.987809380258,4736.0,1.0,,33,,,,,,,,
10.448655346999658,0.007315631755864161,0.0955078125,0.5068071633577347,0.0,0.018385,4.0,0.915,0.016832802013959737,0.3790897600352764,-0.0016987181967124342,0.0006096270374541746,0.00019952759471379976,409719.1450000001,1.0,397060.20576562505,1.9421566041954998e-07,5117.310748366427,4736.0,1.0,,34,,,,,,,,
10.373848671000815,0.005550074330039933,0.0705078125,0.5129883602261543,0.0,0.0183375,4.0,0.9125,0.012819093512371182,0.3802748702466488,-0.005940304428804666,0.00015430573268986335,0.00013567725575001078,409055.506,1.0,396782.4560625,1.9421566041954998e-07,5723.210150563848,4736.0,1.0,,35,,,,,,,,
10.458550072000435,0.012792832921036279,0.14658203125,0.5026978977024555,0.0,0.01829,4.0,0.91,0.02769355351338163,0.36944548711180686,0.006425681384280324,0.0004899201915009143,0.005682285057071112,407736.24500000005,1.0,397208.53171875,1.9421566041954998e-07,5918.117703503927,4736.0,1.0,,36,,,,,,,,
10.522677251999994,0.00976297778247499,0.127734375,0.4695368804037571,0.0,0.018242500000000002,4.0,0.9075,0.01789761153049767,0.3566775590181351,-0.002963906852528453,0.00019782249828494968,0.007743165266583673,409721.873,1.0,399073.96182812506,1.9421566041954998e-07,5604.125178412074,4736.0,1.0,,37,,,,,,,,
10.444994953999412,0.007641835489539517,0.100244140625,0.4449168346822262,0.0,0.018195,4.0,0.905,0.018503671791404486,0.35189004242420197,0.0023515103501267733,3.725240494532045e-05,0.0006104661717699855,413200.20900000003,1.0,401908.00028125,1.9421566041954998e-07,4632.4638152115685,4736.0,1.0,,38,,,,,,,,
10.48962386600033,0.006710355363748022,0.091455078125,0.43936697691679,0.0,0.0181475,4.0,0.9025,0.02556725717149675,0.3495642147958279,0.00986421414418146,0.0007233094474713653,1.2159131517819333e-05,410482.366,1.0,401503.786671875,1.9421566041954998e-07,4444.888135810756,4736.0,1.0,,39,,,,,,,,
11.26515388900043,0.012033879783575684,0.146337890625,0.46161606833338736,0.0,0.0181,4.0,0.9,0.017072534922044726,0.36643942818045616,0.0006050962954759597,0.00016925756418686432,4.52677530802248e-06,410114.273,1.0,401128.281578125,1.9421566041954998e-07,4660.381165263924,4736.0,1.0,1.476070761680603,40,413200.20900000003,411468.59400000004,410700.59200000006,70000042,404259.5980333334,best_of_k,411468.59400000004,3847.4484635351823
10.587373958000171,0.006993996243363654,0.096533203125,0.46983756124973297,0.0,0.0180525,4.0,0.8975,0.014423355599865318,0.37199069038033483,-0.0023565673269331454,1.5464510454421543e-05,3.7185576843512536e-06,408432.471,1.0,399062.453453125,1.9421566041954998e-07,4411.217534459509,4736.0,1.0,,41,,,,,,,,
10.51662857699921,0.007749087757542838,0.09677734375,0.4566996730864048,0.0,0.018005,4.0,0.895,0.016062052501365543,0.359813641756773,-0.00029658919665962455,6.271642655519827e-06,2.9509943942684912e-06,412225.55500000005,1.0,400882.993515625,1.9421566041954998e-07,5655.659312915641,4736.0,1.0,,42,,,,,,,,
8.81902868799989,0.015933921433497745,0.16396484375,0.42602102905511857,1.0,0.0179575,2.0,0.8925,0.01975927350576967,0.35221557319164276,0.004781608027406037,3.601745061132533e-06,2.328646553451108e-06,412643.93200000003,1.0,401764.81976562506,1.9421566041954998e-07,4912.456996657275,4736.0,1.0,,43,,,,,,,,
10.534443246000592,0.0050821114234395285,0.063818359375,0.4202163711190224,0.0,0.017910000000000002,4.0,0.89,0.0074951780494302515,0.33509959280490875,-0.007515251147560775,3.20146267824839e-06,1.8482128240293606e-06,412981.94200000004,1.0,403898.104359375,1.9421566041954998e-07,4284.743442744822,4736.0,1.0,,44,,,,,,,,
10.847343020001063,0.011765883668522293,0.128369140625,0.4007768340408802,0.0,0.0178625,4.0,0.8875,0.02188940511550754,0.32394770830869674,0.007635879446752369,3.4218824964682426e-06,1.713986492291042e-06,413116.91300000006,1.0,405113.39278125,1.9421566041954998e-07,3946.9406491567534,4736.0,1.0,,45,,,,,,,,
10.620483369000794,0.006346267742719647,0.074658203125,0.3943267695605755,0.0,0.017815,4.0,0.885,0.016829481127206235,0.3143126226961613,0.0027104611974209545,1.4231170706580087e-05,1.4751553578662424e-06,416112.395,1.0,405596.584421875,1.9421566041954998e-07,4188.834633637735,4736.0,1.0,,46,,,,,,,,
10.603322064000167,0.006300111220662074,0.088330078125,0.36483275815844535,0.0,0.017767500000000002,4.0,0.8825000000000001,0.016019574843812733,0.30091366469860076,0.003122951986733824,8.493435120726645e-06,1.238364646383161e-06,413939.975,1.0,406799.662984375,1.9421566041954998e-07,3352.4946463341016,4736.0,1.0,,47,,,,,,,,
10.527572095999858,0.007493581953087869,0.10029296875,0.35837807282805445,0.0,0.01772,4.0,0.88,0.018180065357591958,0.29369230195879936,0.005464438535273075,3.2902840132464917e-06,1.2431343122898398e-06,415687.0350000001,1.0,406194.52306250005,1.9421566041954998e-07,4244.97375294006,4736.0,1.0,,48,,,,,,,,
10.48218274700048,0.00629280052392005,0.079248046875,0.33309079632163047,0.0,0.0176725,4.0,0.8775,0.009594519122038037,0.28587866201996803,-0.002008653327357024,2.7007231381048768e-06,1.1051694940533708e-06,416365.20800000004,1.0,406562.13354687503,1.9421566041954998e-07,5093.870937827018,4736.0,1.0,,49,,,,,,,,
11.28756913899997,0.0078990340555265,0.091064453125,0.3051754131913185,0.0,0.017625000000000002,4.0,0.875,0.01383295834530145,0.2733629561960697,0.0033914965344592927,2.2783190132713573e-06,9.713426948110281e-07,415169.315,1.0,407989.47790625005,1.9421566041954998e-07,3563.5371150018536,4736.0,1.0,1.1911203861236572,50,,,,,,,,
10.523029867001242,0.005286507153380171,0.066162109375,0.31882844865322113,0.0,0.0175775,4.0,0.8725,0.01747060236521065,0.26223693452775476,0.006137945037335157,2.818750894562072e-06,8.4366805594982e-07,415341.23600000003,1.0,408011.603265625,1.9421566041954998e-07,3399.1386947844794,4736.0,1.0,,51,,,,,,,,
10.73767041100109,0.009709127903624904,0.109912109375,0.30842321515083315,0.0,0.01753,4.0,0.87,0.007260665448848158,0.2606622472405434,-0.0035951212164945902,3.5758104957039905e-05,9.181256686474625e-07,415134.705,1.0,407001.80125,1.9421566041954998e-07,3403.589946840789,4736.0,1.0,,52,,,,,,,,
10.712814735999928,0.006797210022727995,0.08544921875,0.2971165895462036,0.0,0.0174825,4.0,0.8674999999999999,0.014213262789417059,0.26412690095603464,0.003970380988903344,4.2751430396492654e-05,7.513458598396028e-07,413580.94200000004,1.0,407051.33131250006,1.9421566041954998e-07,3012.5604267813146,4736.0,1.0,,53,,,,,,,,
10.55800399400141,0.007577116215452406,0.082861328125,0.3039151459932327,0.0,0.017435,4.0,0.865,0.013666381197981536,0.2706725597381592,0.0031507531413808463,0.00038599600886186637,8.938985601503191e-07,414419.253,1.0,406351.39310937497,1.9421566041954998e-07,4053.1350195379755,4736.0,1.0,,54,,,,,,,,
10.602339862000008,0.010154631664170211,0.113525390625,0.31880140751600267,0.0,0.0173875,4.0,0.8625,0.01581003034953028,0.26635263189673425,0.004285148996859789,0.0021553136862621615,9.706096605555104e-07,413806.594,1.0,405612.02915625006,1.9421566041954998e-07,3934.596527128123,4736.0,1.0,,55,,,,,,,,
10.500240913999733,0.011108082648445362,0.123193359375,0.3118180714547634,0.0,0.01734,4.0,0.86,0.01829625222599134,0.2704235456883907,0.007329443632625043,0.0006458650256831788,9.265927204182845e-07,416110.28400000004,1.0,407284.129484375,1.9421566041954998e-07,3626.92808107194,4736.0,1.0,,56,,,,,,,,
10.526933750001263,0.006564619503490121,0.085205078125,0.3150824852287769,0.0,0.017292500000000002,4.0,0.8575,0.008692954096477478,0.26844308972358705,-0.002426746767014265,7.146533598643146e-05,9.63641322471176e-07,414617.437,1.0,407213.69753124996,1.9421566041954998e-07,4184.449794646661,4736.0,1.0,,57,,,,,,,,
10.50786276100007,0.007261413689070651,0.09443359375,0.3234034277498722,0.0,0.017245,4.0,0.855,0.011017469677608461,0.27171014361083506,-0.0004899607796687633,0.00022416117026295977,9.682603803184975e-07,415154.328,1.0,406497.680984375,1.9421566041954998e-07,4410.053468834344,4736.0,1.0,,58,,,,,,,,
10.582375425999999,0.008793853266530505,0.1001953125,0.30737564265727996,0.0,0.0171975,4.0,0.8525,0.014057464327197521,0.2779929108917713,0.0034294511773623527,0.00039526700325609454,9.74144309395797e-07,415316.72400000005,1.0,406852.02725000004,1.9421566041954998e-07,4907.484572408294,4736.0,1.0,,59,,,,,,,,
11.603688043000147,0.010664522166155165,0.1228515625,0.3339906379580498,0.0,0.017150000000000002,4.0,0.85,0.017873236921150237,0.27158064879477023,0.005556444171816111,0.002742457053250291,1.2451010661607143e-06,413696.13500000007,1.0,404943.34921875,1.9421566041954998e-07,4655.463927282291,4736.0,1.0,1.1335008144378662,60,416365.20800000004,416479.468,415091.94800000003,70000042,412408.9568,best_of_k,416479.468,1951.1205823055816
10.940586620999966,0.0078002561723224065,0.0849609375,0.3252943083643913,0.0,0.0171025,4.0,0.8475,0.013981605833396315,0.2732926942408085,0.0014950771583244205,0.008938495012989734,3.9035349516325365e-06,416952.55299999996,1.0,407467.78546875005,1.9421566041954998e-07,4268.482813828245,4736.0,1.0,,61,,,,,,,,
10.797514461000901,0.011324123934815588,0.121044921875,0.30242587998509407,0.0,0.017055,4.0,0.845,0.017397797328885644,0.26619302593171595,0.006728006713092327,0.0008716591192751366,2.5051521561181287e-06,418264.455,1.0,407356.01354687504,1.9421566041954998e-07,3568.634452581316,4736.0,1.0,,62,,,,,,,,
10.89202055700116,0.007614047959452819,0.08466796875,0.2999297261238098,0.0,0.017007500000000002,4.0,0.8425,0.01285371269332245,0.25593060851097105,0.0021879303269088267,0.00021477316863638407,1.1155365825743503e-06,418202.95900000003,1.0,407384.04873437504,1.9421566041954998e-07,3941.0737851594427,4736.0,1.0,,63,,,,,,,,
9.071304101998976,0.01809540229562572,0.15712890625,0.2770162597298622,1.0,0.01696,2.0,0.84,0.015587534394580872,0.25164964571595194,0.006001013843342662,3.2192963908528326e-05,9.30504319285319e-07,416418.694,1.0,408515.655453125,1.9421566041954998e-07,4005.4488810588655,4736.0,1.0,,64,,,,,,,,
8.99355293500048,0.019153530303742627,0.15419921875,0.31953374594449996,1.0,0.0169125,2.0,0.8375,0.021456102235242726,0.26934286653995515,0.01003337255679071,7.899636455022118e-06,1.02573298192965e-06,415937.254,1.0,406508.1149843751,1.9421566041954998e-07,4272.141711520963,4736.0,1.0,,65,,,,,,,,
10.713725744999465,0.011816057818327863,0.119140625,0.34765245094895364,1.0,0.016865,4.0,0.835,0.018963221448939294,0.2789805181324482,0.006284831528319046,3.5147731523466065e-06,8.45159502205206e-07,414721.777,1.0,406116.902796875,1.9421566041954998e-07,3873.384377223331,4736.0,1.0,,66,,,,,,,,
10.691460611998991,0.008164965023865989,0.099267578125,0.31776467710733414,0.0,0.0168175,4.0,0.8325,0.0062449156073853375,0.2645588878542185,-0.005194735893746838,2.21842728080901e-06,8.29345830766215e-07,415787.069,1.0,406490.585484375,1.9421566041954998e-07,3838.109721396326,4736.0,1.0,,67,,,,,,,,
10.68694321700059,0.013290858417855133,0.135498046875,0.3091786280274391,0.0,0.01677,4.0,0.83,0.01744047973770648,0.25347549431025984,0.006231764168478549,1.6300384999112794e-06,8.0851784503011e-07,414840.55700000003,1.0,407695.687515625,1.9421566041954998e-07,3625.3312708277826,4736.0,1.0,,68,,,,,,,,
10.739626401998976,0.009193690060209292,0.0943359375,0.29600371420383453,0.0,0.0167225,4.0,0.8275,0.02269061508704908,0.255309446901083,0.012159222504124045,1.8353101097545731e-06,8.707588818879231e-07,416431.04600000003,1.0,408685.274796875,1.9421566041954998e-07,3709.4768140096535,4736.0,1.0,,69,,,,,,,,
11.45774463700036,0.007003855512255086,0.07919921875,0.30528773590922353,0.0,0.016675000000000002,4.0,0.825,0.011929286026861519,0.24913574233651162,0.0008186931081581861,1.4897327645257974e-06,7.905974939603766e-07,417564.43500000006,1.0,408614.18668750004,1.9421566041954998e-07,3948.545435088264,4736.0,1.0,1.1256837844848633,70,,,,,,,,
10.724231783000505,0.007616418177985906,0.092578125,0.298673702031374,0.0,0.0166275,4.0,0.8225,0.012339662556769326,0.24761494025588035,0.0015226722927764059,1.752916276132055e-06,6.942945859123029e-07,415203.441,1.0,408785.93871875,1.9421566041954998e-07,3596.309810746657,4736.0,1.0,,71,,,,,,,,
10.695401593000497,0.012514492556471168,0.12421875,0.2674651458859444,0.0,0.01658,4.0,0.8200000000000001,0.01647656816057861,0.23325009495019913,0.006970094540156424,1.815197128962609e-06,6.41572187021211e-07,416314.618,1.0,409483.13725,1.9421566041954998e-07,3641.739123536115,4736.0,1.0,,72,,,,,,,,
10.693052448999879,0.008416876376003302,0.090283203125,0.2539572961628437,0.0,0.016532500000000002,4.0,0.8175,0.008730867248959839,0.22882553450763227,-0.00018437295220792295,1.1033613077415793e-06,6.461822323444722e-07,416688.762,1.0,410100.97887500003,1.9421566041954998e-07,3586.1685574159924,4736.0,1.0,,73,,,,,,,,
10.687929929001257,0.006706977419372606,0.068212890625,0.2347045447677374,0.0,0.016485,4.0,0.815,0.006701737770345062,0.22411713972687722,-0.0013394180801697074,1.7134488217607213e-06,6.565124323287818e-07,417293.856,1.0,410446.12257812504,1.9421566041954998e-07,3769.0462186097398,4736.0,1.0,,74,,,,,,,,
10.705227665001075,0.01200174187894163,0.120556640625,0.2645156532526016,0.0,0.0164375,4.0,0.8125,0.020223681011702865,0.22607633247971534,0.01071342775830999,2.803413997298776e-06,6.389814160456808e-07,416273.80700000003,1.0,409978.456609375,1.9421566041954998e-07,3907.1395802717675,4736.0,1.0,,75,,,,,,,,
10.637455551999665,0.008843971981482924,0.089208984375,0.24759619906544686,0.0,0.016390000000000002,4.0,0.81,0.011207942460896448,0.21074360348284243,0.002281804732047021,1.1924147756303682e-06,5.906201934635646e-07,416207.119,1.0,410630.627015625,1.9421566041954998e-07,3296.212279768411,4736.0,1.0,,76,,,,,,,,
10.576974697998594,0.0074087300916175994,0.077294921875,0.2432719249278307,0.0,0.0163425,4.0,0.8075,0.010260045231552795,0.21101567447185515,0.0015446095494553447,1.0978998759014758e-06,5.067844035977486e-07,418259.37399999995,1.0,410998.953875,1.9421566041954998e-07,3051.5205162200277,4736.0,1.0,,77,,,,,,,,
10.540730181000981,0.0069352068537341435,0.071728515625,0.25671069882810116,0.0,0.016295,4.0,0.8049999999999999,0.012349554424872622,0.20788300409913063,0.002901147701777518,8.208649560970116e-07,4.85986821985307e-07,417244.873,1.0,410956.00959375,1.9421566041954998e-07,3262.933794479576,4736.0,1.0,,78,,,,,,,,
10.470822396000585,0.009793812224467046,0.08955078125,0.24976384304463864,0.0,0.0162475,4.0,0.8025,0.010185123479459435,0.20017537660896778,0.0009489099960774183,8.496991583228919e-07,5.704316272669985e-07,417354.81100000005,1.0,411115.2401875,1.9421566041954998e-07,3207.6696135648294,4736.0,1.0,,79,,,,,,,,
10.637228325998876,0.018166837624202497,0.1361328125,0.22819746534029642,1.0,0.0162,3.0,0.8,0.00986062476101021,0.1996667524178823,0.0016850129701197147,8.119745283844774e-07,5.158337235873963e-07,418222.67600000004,1.0,411410.99721875007,1.9421566041954998e-07,3039.657072803646,4736.0,1.0,0.9973431825637817,80,418264.455,419293.223,416825.60000000003,70000042,416459.29763333336,best_of_k,419293.223,1737.0277578873702
10.708566199000416,0.010869367731280022,0.100146484375,0.2304611776024103,0.0,0.0161525,4.0,0.7975,0.014400419173762202,0.2137605257332325,0.006329751142766326,1.0345620054863502e-06,5.440538117795768e-07,418724.758,1.0,411573.381171875,1.9421566041954998e-07,3505.3333244635555,4736.0,1.0,,81,,,,,,,,
10.440850177001266,0.009828018296053643,0.1021484375,0.26882982179522513,0.0,0.016105,4.0,0.795,0.009812562260776758,0.2260136216878891,1.0600534733384847e-05,1.0374570550197858e-06,6.310412814514166e-07,418278.27400000003,1.0,410550.309375,1.9421566041954998e-07,3986.7237629940005,4736.0,1.0,,82,,,,,,,,
10.347830088998307,0.009510164650504294,0.094482421875,0.2592836759984493,0.0,0.016057500000000002,4.0,0.7925,0.01132910733576864,0.2133127111941576,0.001789849647320807,7.511037409813071e-07,5.34595670131921e-07,418420.91599999997,1.0,411228.580125,1.9421566041954998e-07,3277.6292564664277,4736.0,1.0,,83,,,,,,,,
10.3344842839997,0.012283020495587493,0.112548828125,0.25664174370467663,0.0,0.01601,4.0,0.79,0.015245634783059358,0.21192951388657094,0.00580622092820704,7.106840556048155e-07,4.939053354746648e-07,418108.338,1.0,411029.09875,1.9421566041954998e-07,3403.669850429889,4736.0,1.0,,84,,,,,,,,
7.955695746999481,0.02190144043233886,0.147265625,0.25953848361968995,1.0,0.0159625,1.0,0.7875,0.03882411550730467,0.2091914415359497,0.029186113364994527,6.779258569622471e-07,4.575340454948673e-07,417380.27,1.0,411150.80775000004,1.9421566041954998e-07,3057.5528867911735,4736.0,1.0,,85,,,,,,,,
10.456160887000806,0.008276233091095264,0.08505859375,0.2656837239861488,0.0,0.015915,4.0,0.785,0.01007886061561294,0.22173572815954684,0.0003232473391108215,7.887898476610644e-07,5.462836575986785e-07,419399.522,1.0,410963.191796875,1.9421566041954998e-07,3553.131982646816,4736.0,1.0,,86,,,,,,,,
9.74946221800019,0.019917563230652982,0.13938802083333332,0.24561137358347576,1.0,0.0158675,3.0,0.7825,0.028227784484624863,0.2208306555946668,0.019450915697962045,8.391791349519432e-07,4.916846914208387e-07,418957.984,1.0,411651.96659375005,1.9421566041954998e-07,3464.6468669421033,4736.0,1.0,,87,,,,,,,,
10.591472473999602,0.006758230968114276,0.072900390625,0.2593863278627396,0.0,0.01582,4.0,0.78,0.012629649240989239,0.21261114701628686,0.0030234991339966656,7.965436154222516e-07,5.242534626859196e-07,418897.591,1.0,411193.079015625,1.9421566041954998e-07,3715.284892092073,4736.0,1.0,,88,,,,,,,,
10.619483626998772,0.010563683699072613,0.106005859375,0.24818931259214877,0.0,0.015772500000000002,4.0,0.7775,0.017655905499123038,0.21241234354674815,0.008596373675391077,7.56470198837178e-07,5.269490728210258e-07,418924.69800000003,1.0,411140.46900000004,1.9421566041954998e-07,3609.7155821775027,4736.0,1.0,,89,,,,,,,,
8.80527611999969,0.029491055586822766,0.2037109375,0.229527647793293,1.0,0.015725,1.0,0.775,0.02875321856699884,0.19399003982543944,0.02032699193805456,7.910452438864013e-07,5.151210416443063e-07,419714.47200000007,1.0,411490.971765625,1.9421566041954998e-07,3633.576078659829,4736.0,1.0,0.8712372183799744,90,,,,,,,,
10.57392802600043,0.009126536669390362,0.090869140625,0.24542709700763227,0.0,0.0156775,4.0,0.7725,0.014889540814328939,0.21726833805441856,0.0060240172198973594,9.628377583226212e-07,5.933016012704684e-07,419528.292,1.0,410675.231109375,1.9421566041954998e-07,3670.9145021916456,4736.0,1.0,,91,,,,,,,,
10.350673443999767,0.007773092094143408,0.082177734375,0.26054539903998375,0.0,0.01563,4.0,0.77,0.01707981102517806,0.2202658861875534,0.00749481167877093,1.5927244220392823e-06,6.50648360078776e-07,417792.404,1.0,409607.03164062503,1.9421566041954998e-07,3834.544645091136,4736.0,1.0,,92,,,,,,,,
8.81814176700027,0.016680055112107083,0.146484375,0.2869033858180046,1.0,0.015582499999999999,2.0,0.7675,0.02519703519064933,0.2261970341205597,0.01437618681229651,9.220755345040743e-07,6.04845524776465e-07,418481.462,1.0,409899.36551562505,1.9421566041954998e-07,3450.8263764627554,4736.0,1.0,,93,,,,,,,,
10.50686343199959,0.0067919408473557045,0.07509765625,0.28080694302916526,0.0,0.015535,4.0,0.765,0.0121368371124845,0.22700734846293927,0.001622712961398065,7.337196549883629e-07,5.248966168380775e-07,417112.874,1.0,410585.069015625,1.9421566041954998e-07,3720.8347286126177,4736.0,1.0,,94,,,,,,,,
10.491769820999252,0.006763998514952618,0.076171875,0.29767285510897634,0.0,0.015487500000000001,4.0,0.7625,0.008327319665113464,0.23764613941311835,-0.0028761053807102145,8.046202907507904e-07,4.908793520996823e-07,417008.15100000007,1.0,410081.29707812495,1.9421566041954998e-07,3027.6116390383595,4736.0,1.0,,95,,,,,,,,
10.494690538998839,0.00817437290406815,0.0814453125,0.2938984431326389,0.0,0.01544,4.0,0.76,0.020274341542972252,0.22316770292818547,0.009024660137947648,2.3402161218655237e-06,4.6827413413552677e-07,415981.23900000006,1.0,410373.00815625,1.9421566041954998e-07,3153.2640065175897,4736.0,1.0,,96,,,,,,,,
10.489336382999682,0.009435246626367189,0.10341796875,0.2829168863594532,0.0,0.0153925,4.0,0.7575000000000001,0.01903192427707836,0.22146809212863444,0.008294697175733745,8.61609686353404e-07,4.881566610492883e-07,418708.23199999996,1.0,410377.33778125,1.9421566041954998e-07,3735.6634413883244,4736.0,1.0,,97,,,,,,,,
10.473760263999793,0.008527365802962095,0.08115234375,0.2752279222011566,0.0,0.015345000000000001,4.0,0.755,0.01471667488804087,0.22750866152346133,0.004446024971548468,1.4585237323672119e-06,4.569989272340536e-07,418915.868,1.0,410838.709890625,1.9421566041954998e-07,3036.4626394384595,4736.0,1.0,,98,,,,,,,,
10.504044212000736,0.01099258225382016,0.116845703125,0.29140378162264824,0.0,0.0152975,4.0,0.7525,0.012802000064402819,0.23114390186965467,0.00176735557615757,8.865351020403977e-07,5.810390263150112e-07,417523.99299999996,1.0,409165.79781250004,1.9421566041954998e-07,4432.971054395467,4736.0,1.0,,99,,,,,,,,
9.659946576999573,0.015387280246278579,0.15517578125,0.29642970114946365,1.0,0.01525,2.0,0.75,0.01525524518219754,0.23391985446214675,0.0040006890892982485,7.76996469653568e-07,5.418735142370679e-07,417065.494,1.0,408830.859546875,1.9421566041954998e-07,3558.554645362443,4736.0,1.0,0.9935854077339172,100,419714.47200000007,418112.895,412584.62,70000042,413184.86880000005,best_of_k,418112.895,2697.690057322496
10.633113780999338,0.011565062901422608,0.1130859375,0.27871381491422653,1.0,0.0152025,4.0,0.7475,0.012030590005451813,0.2289088748395443,0.0015744385309517384,1.5424764598037655e-06,5.87111767913484e-07,418145.98400000005,1.0,408189.26615625,1.9421566041954998e-07,3583.1809724576947,4736.0,1.0,,101,,,,,,,,
10.40186915599952,0.011451286265776161,0.1123046875,0.2580736119300127,0.0,0.015155,4.0,0.745,0.013140833517536522,0.22116290181875228,0.0035884945187717675,9.293954065014987e-07,5.784128205732486e-07,418061.239,1.0,409787.92793750006,1.9421566041954998e-07,4215.590744289881,4736.0,1.0,,102,,,,,,,,
10.5415782759992,0.00842740880136148,0.095263671875,0.27786600068211553,0.0,0.0151075,4.0,0.7424999999999999,0.014098394254688174,0.22897866144776344,0.0036640309961512687,6.814757583128994e-07,5.801889756185119e-07,418319.007,1.0,409402.8848593751,1.9421566041954998e-07,3533.2476985155695,4736.0,1.0,,103,,,,,,,,
10.430784318001315,0.015773886017532844,0.13134765625,0.2630993939936161,1.0,0.01506,4.0,0.74,0.018960120691917836,0.22806896232068538,0.00923942414810881,7.600075079494672e-07,7.391772200548985e-07,416937.93299999996,1.0,408566.639875,1.9421566041954998e-07,3890.4959045614587,4736.0,1.0,,104,,,,,,,,
8.673304247999113,0.014713356547343893,0.11455078125,0.267740860581398,1.0,0.015012500000000002,2.0,0.7375,0.022676102304831147,0.22283490151166915,0.01263406565412879,6.536927088518496e-07,4.738177736385296e-07,417888.93100000004,1.0,409699.54437500006,1.9421566041954998e-07,4342.157534242288,4736.0,1.0,,105,,,,,,,,
10.386279260001174,0.010714011044362337,0.105615234375,0.2808506816625595,0.0,0.014965,4.0,0.735,0.008094401261769236,0.23166628368198872,-0.002481564925983548,6.288539253773706e-07,5.115506830577487e-07,418050.63,1.0,409843.88226562506,1.9421566041954998e-07,3634.0263302114017,4736.0,1.0,,106,,,,,,,,
10.37884844799919,0.009575490193014957,0.09697265625,0.28889368176460267,0.0,0.0149175,4.0,0.7324999999999999,0.014352916309144348,0.23279769159853458,0.0033806574065238237,7.018125913305085e-07,5.28155161561017e-07,416494.423,1.0,408733.27334375004,1.9421566041954998e-07,4146.014388769866,4736.0,1.0,,107,,,,,,,,
10.458632275000127,0.0076329498829608156,0.0763671875,0.27962464690208433,0.0,0.014870000000000001,4.0,0.73,0.00927654302213341,0.21545518897473812,-0.0015011809067800642,6.400665100159131e-07,4.931426914822623e-07,417921.24600000004,1.0,408979.570484375,1.9421566041954998e-07,4161.642889808872,4736.0,1.0,,108,,,,,,,,
8.831995083999573,0.019446915219970152,0.169921875,0.27846829891204833,1.0,0.014822499999999999,2.0,0.7275,0.018780692620202898,0.21688211634755133,0.008071680041030049,8.181887722003012e-07,5.008580828302911e-07,417927.538,1.0,409953.49428125,1.9421566041954998e-07,3610.4225662707204,4736.0,1.0,,109,,,,,,,,
11.588356158999886,0.008761393474955526,0.083740234375,0.26824812665581704,0.0,0.014775,4.0,0.725,0.010693053534487263,0.219013075158,0.0005162699613720179,6.26417550364522e-07,4.6421983697086943e-07,417796.417,1.0,410574.45151562506,1.9421566041954998e-07,3325.9627311721765,4736.0,1.0,1.0251795053482056,110,,,,,,,,
10.467980940000416,0.0051878067883052385,0.0640625,0.2698655992746353,0.0,0.014727500000000001,4.0,0.7224999999999999,0.013500543124973775,0.21213223077356816,0.003131134808063507,5.678261111086158e-07,4.979178648056859e-07,416334.531,1.0,410363.15392187505,1.9421566041954998e-07,3007.9910505858174,4736.0,1.0,,111,,,,,,,,
10.467489343000125,0.006763604668149981,0.062353515625,0.2747391849756241,0.0,0.01468,4.0,0.72,0.010887943400302903,0.21942870542407036,0.0003661179798655212,5.8713028987256163e-05,4.1572126434630264e-07,416050.69200000004,1.0,409986.0925,1.9421566041954998e-07,3580.970421330516,4736.0,1.0,,112,,,,,,,,
10.552120581000054,0.007674946475570721,0.08251953125,0.2703834787011147,0.0,0.014632500000000001,4.0,0.7175,0.007346133270766586,0.22552637122571467,-0.0029166216030716897,0.00043341726782273324,5.066156681721168e-07,419138.79900000006,1.0,410194.8985,1.9421566041954998e-07,3591.285571518928,4736.0,1.0,,113,,,,,,,,
9.67147302199919,0.01637477204450685,0.13196614583333333,0.2721910764773687,1.0,0.014585,3.0,0.7150000000000001,0.013522552240950366,0.22554626216491064,0.0031957654282450676,6.580751098681504e-05,4.905454233039563e-07,417638.6670000001,1.0,409883.39228125004,1.9421566041954998e-07,3480.909812448138,4736.0,1.0,,114,,,,,,,,
10.476639338001405,0.008745500593121847,0.1033203125,0.28465376794338226,0.0,0.014537500000000002,4.0,0.7125,0.013294640724780038,0.2205142866820097,0.0022660436923615636,1.4201351339693246e-05,4.298495866805752e-07,416844.441,1.0,410407.561109375,1.9421566041954998e-07,3286.782886934945,4736.0,1.0,,115,,,,,,,,
10.480963764999615,0.006227514773030407,0.069189453125,0.2693852260708809,0.0,0.014490000000000001,4.0,0.71,0.015818616544129326,0.21731190383434296,0.0054978948435746135,8.547055230678779e-07,4.490572486304245e-07,416399.45200000005,1.0,409901.136546875,1.9421566041954998e-07,2997.6267842207862,4736.0,1.0,,116,,,,,,,,
10.54720130900023,0.008601860503665648,0.098779296875,0.265608461946249,0.0,0.0144425,4.0,0.7075,0.01398935770848766,0.20752113796770572,0.003705795877613127,6.447498890338466e-07,3.954139977224713e-07,417585.811,1.0,410517.840296875,1.9421566041954998e-07,3102.858775951206,4736.0,1.0,,117,,,,,,,,
10.462127839999084,0.009617338828081756,0.09609375,0.2633901946246624,0.0,0.014395000000000002,4.0,0.7050000000000001,0.015215078310575336,0.20669258013367653,0.005020645726472139,5.532000955099647e-07,4.1402928232514567e-07,416947.80299999996,1.0,410410.04121875,1.9421566041954998e-07,3299.3114329692007,4736.0,1.0,,118,,,,,,,,
10.467640588001814,0.00863021163272606,0.0955078125,0.26997207701206205,0.0,0.014347500000000001,4.0,0.7025,0.006503997172694653,0.21467255838215352,-0.003914838773198426,5.312397910017808e-07,3.860247453246757e-07,417152.25399999996,1.0,410807.63803125,1.9421566041954998e-07,2926.257912062645,4736.0,1.0,,119,,,,,,,,
11.505858893999175,0.0071045339681433005,0.083740234375,0.27291723117232325,0.0,0.0143,4.0,0.7,0.014467381755821407,0.22201578207314016,0.0039960431633517144,6.80635729821688e-07,4.69709987527267e-07,416450.753,1.0,410231.492390625,1.9421566041954998e-07,3558.2649283101873,4736.0,1.0,0.9812256097793579,120,419714.47200000007,418779.47900000005,417112.88300000003,70000042,415527.12703333335,best_of_k,418779.47900000005,2056.1668517093085
10.685436889998527,0.01392328935035323,0.130517578125,0.2746377758681774,0.0,0.014252500000000001,4.0,0.6975,0.020210987125756218,0.21378503032028676,0.009525809367187322,5.539020257572247e-07,4.100426721720396e-07,417625.61000000004,1.0,410474.862703125,1.9421566041954998e-07,3669.29191473418,4736.0,1.0,,121,,,,,,,,
10.666405963000216,0.015523918048896235,0.145751953125,0.2793646492063999,0.0,0.014205,4.0,0.6950000000000001,0.019041309622116386,0.2195807985961437,0.008191942726261914,6.089175755619181e-07,4.371685825788063e-07,417830.3340000001,1.0,410281.88456250005,1.9421566041954998e-07,3316.412191165915,4736.0,1.0,,122,,,,,,,,
9.847588807999273,0.01632838949691025,0.14186197916666668,0.28245647648970285,1.0,0.0141575,3.0,0.6925,0.014718608123560746,0.21137543270985285,0.0035880295870204765,7.029595053609228e-07,4.6417439231542327e-07,418169.90800000005,1.0,410766.4658125,1.9421566041954998e-07,3846.6650595070564,4736.0,1.0,,123,,,,,,,,
10.683045040999787,0.007139223518286997,0.077490234375,0.2677775748074055,0.0,0.014110000000000001,4.0,0.69,0.017321628145873548,0.20571198500692844,0.006835076911374927,5.564876289554377e-07,4.2668570685577836e-07,417809.46800000005,1.0,411184.655109375,1.9421566041954998e-07,3294.3381005293827,4736.0,1.0,,124,,,,,,,,
10.604475029000241,0.004901246201379194,0.059130859375,0.2665849797427654,0.0,0.0140625,4.0,0.6875,0.009350522985914721,0.2085979115217924,-0.001045589568093419,5.763347864728985e-07,4.276393362090403e-07,417067.884,1.0,411068.74165625,1.9421566041954998e-07,3740.5501681844808,4736.0,1.0,,125,,,,,,,,
10.491667606000192,0.006920031584876085,0.086474609375,0.26916575357317923,0.0,0.014015,4.0,0.685,0.013965397514402867,0.2131164912134409,0.0034936766023747623,5.350053278618816e-07,4.142309528276655e-07,418594.779,1.0,410978.09046875,1.9421566041954998e-07,3323.043793410679,4736.0,1.0,,126,,,,,,,,
10.467942301998846,0.007895432781573675,0.08564453125,0.2806608729064465,0.0,0.0139675,4.0,0.6825,0.020124158059479667,0.19315484166145325,0.008788756199646742,5.740761039874087e-07,3.8331219016640715e-07,417895.606,1.0,410704.394171875,1.9421566041954998e-07,3310.114696725066,4736.0,1.0,,127,,,,,,,,
10.527843018999192,0.00888245302927686,0.08486328125,0.25284343138337134,0.0,0.01392,4.0,0.6799999999999999,0.014074162940960377,0.17872818224132062,0.003919642849359662,5.282094164726913e-07,3.829081798301104e-07,417400.943,1.0,411688.73957812495,1.9421566041954998e-07,2597.0038719769645,4736.0,1.0,,128,,,,,,,,
10.568906733000404,0.007023459488623018,0.0859375,0.2629869654774666,0.0,0.0138725,4.0,0.6775,0.01141638972912915,0.18727536052465438,0.0008647630456835032,4.993957183785369e-07,4.1052366768212777e-07,416309.512,1.0,410826.78581250005,1.9421566041954998e-07,2889.4342594003956,4736.0,1.0,,129,,,,,,,,
11.355718753000474,0.01704403915301924,0.143701171875,0.2402006883174181,1.0,0.013825,4.0,0.675,0.023589069914305583,0.18363255970180034,0.01411749622784555,5.469344074526816e-07,4.087421764609189e-07,418060.892,1.0,411571.73548437504,1.9421566041954998e-07,2724.827585152398,4736.0,1.0,1.0785250663757324,130,,,,,,,,
10.574169387999063,0.0065885079123575,0.078076171875,0.24596993140876294,0.0,0.013777500000000002,4.0,0.6725,0.0167171128152404,0.18727387636899948,0.006998438062146306,1.3228852097313394e-06,4.228497658687047e-07,418335.486,1.0,411009.83475000004,1.9421566041954998e-07,3400.48445836029,4736.0,1.0,,131,,,,,,,,
10.59210476500084,0.004732300694668368,0.0505859375,0.2458416037261486,0.0,0.01373,4.0,0.6699999999999999,0.0119967125589028,0.18926477618515491,0.002302903274539858,9.366028649537838e-07,4.807195978173695e-07,417860.254,1.0,411422.647859375,1.9421566041954998e-07,3283.9986032891848,4736.0,1.0,,132,,,,,,,,
10.75790490899999,0.009558510758184013,0.0974609375,0.25803119987249373,0.0,0.0136825,4.0,0.6675,0.008557309064781294,0.1860772766172886,-0.001798534975387156,1.0386926973637856e-06,3.635699812321036e-07,418559.82500000007,1.0,411697.038109375,1.9421566041954998e-07,2981.873904918758,4736.0,1.0,,133,,,,,,,,
10.64133035300074,0.01143196306807539,0.105712890625,0.23481253087520598,0.0,0.013635000000000001,4.0,0.665,0.012695518304826691,0.17790619358420373,0.0033803917234763504,4.779586575409667e-07,4.0711496964718206e-07,416883.30000000005,1.0,412050.27168749995,1.9421566041954998e-07,2379.938677277586,4736.0,1.0,,134,,,,,,,,
10.678035639999507,0.008295015334797994,0.08173828125,0.2330842725932598,0.0,0.013587499999999999,4.0,0.6625,0.017348952067550272,0.1725728079676628,0.008039334928616882,4.5157402013273894e-07,3.8255315502055966e-07,418473.53300000005,1.0,411839.60884375,1.9421566041954998e-07,3026.6060164805594,4736.0,1.0,,135,,,,,,,,
10.520537152999168,0.010868590142787581,0.093310546875,0.2222605686634779,0.0,0.01354,4.0,0.6599999999999999,0.010082808689912782,0.17532621435821055,0.0013434697641059757,4.839998283046043e-07,3.5733918934965914e-07,417081.998,1.0,411475.81559375,1.9421566041954998e-07,2888.7470068984344,4736.0,1.0,,136,,,,,,,,
10.515851607999139,0.007689780657749168,0.07578125,0.2185155913233757,0.0,0.013492500000000001,4.0,0.6575,0.008479522063862533,0.1853531077504158,5.4382113739848136e-05,4.518269449249601e-07,3.837287358976482e-07,417208.177,1.0,411676.328421875,1.9421566041954998e-07,2777.1017900791617,4736.0,1.0,,137,,,,,,,,
10.574377216000357,0.008153793707371904,0.0755859375,0.22121913619339467,0.0,0.013445000000000002,4.0,0.655,0.009720540791749954,0.1741366233676672,0.0010006498079746962,3.994182577571337e-07,3.2251630486257456e-07,416944.0589999999,1.0,411088.72440624994,1.9421566041954998e-07,3063.3341194142145,4736.0,1.0,,138,,,,,,,,
10.63766441900043,0.00894632845944301,0.097509765625,0.21053900606930256,0.0,0.013397500000000001,4.0,0.6525000000000001,0.008496097807073966,0.17466720044612885,0.0003090642625465989,3.595236975684202e-07,3.03516102917456e-07,417129.26099999994,1.0,411347.49528125,1.9421566041954998e-07,2904.542827624655,4736.0,1.0,,139,,,,,,,,
10.566767950000212,0.012259825938334265,0.0861328125,0.20114381512006124,1.0,0.01335,3.0,0.65,0.010354112127485375,0.16873866866032283,0.002549363827953736,3.7132100961419685e-07,3.620397535541997e-07,416534.403,1.0,411598.628734375,1.9421566041954998e-07,2597.530541659808,4736.0,1.0,1.0553333759307861,140,419714.47200000007,419288.957,416863.52400000003,70000042,416485.5599333333,best_of_k,419288.957,990.5547607379037
10.66037209299975,0.005524854968165016,0.059130859375,0.21688288897275926,0.0,0.013302500000000002,4.0,0.6475,0.01160690863034688,0.17973201647400855,0.0031534161884337665,5.217752672592723e-07,3.622327255925484e-07,417272.626,1.0,411885.22034374997,1.9421566041954998e-07,2925.197287964429,4736.0,1.0,,141,,,,,,,,
10.734712673000104,0.010492013204203943,0.09921875,0.2176234558224678,0.0,0.013255000000000001,4.0,0.645,0.01086361794732511,0.1754379604011774,0.0023076599230989815,4.377040347947059e-07,3.438120167231773e-07,417473.68700000003,1.0,411817.24009375,1.9421566041954998e-07,2763.006369953777,4736.0,1.0,,142,,,,,,,,
10.633815315000902,0.0054375154130852366,0.06103515625,0.21132831312716008,0.0,0.0132075,4.0,0.6425000000000001,0.006753916840534657,0.1777918390929699,-0.0014645451679825782,4.2630890035866286e-07,3.786624205304179e-07,417055.908,1.0,411519.69146875,1.9421566041954998e-07,2966.505813088365,4736.0,1.0,,143,,,,,,,,
10.694397154999024,0.00862269346281579,0.08076171875,0.2163647010922432,0.0,0.013160000000000002,4.0,0.64,0.006228909338824451,0.17867692112922667,-0.002238164725713432,4.4404678263276763e-07,3.6645070835561453e-07,419036.84700000007,1.0,411674.159359375,1.9421566041954998e-07,3194.527621838865,4736.0,1.0,,144,,,,,,,,
10.56502599400119,0.006060210163042257,0.05869140625,0.2132047086954117,0.0,0.013112500000000001,4.0,0.6375,0.005902650125790387,0.17604756355285645,-0.002449372969567776,4.055569625904809e-07,3.408531370041601e-07,419204.909,1.0,412340.848125,1.9421566041954998e-07,3239.876083330818,4736.0,1.0,,145,,,,,,,,
10.549896956999874,0.006039258001891312,0.06845703125,0.21001345962285994,0.0,0.013065,4.0,0.635,0.00175901671173051,0.1692395281046629,-0.00653074289439246,3.6078797123195726e-07,3.31164806510742e-07,417770.489,1.0,412227.271,1.9421566041954998e-07,2667.398047283083,4736.0,1.0,,146,,,,,,,,
10.463596877998498,0.007002378694694755,0.07119140625,0.21733597703278065,0.0,0.013017500000000001,4.0,0.6325000000000001,0.011206729931291192,0.16779426783323287,0.002523970534093678,4.391423104266323e-07,3.561074471747361e-07,418881.321,1.0,412045.314234375,1.9421566041954998e-07,3180.417175756378,4736.0,1.0,,147,,,,,,,,
10.501771703999111,0.00741393481757342,0.076220703125,0.21135580614209176,0.0,0.01297,4.0,0.63,0.00837531762663275,0.16361596174538134,-7.059385534375906e-05,5.115100883301693e-07,3.367446204549651e-07,419350.747,1.0,412075.17565625,1.9421566041954998e-07,2983.2774311732023,4736.0,1.0,,148,,,,,,,,
10.624564808000287,0.009923947769459573,0.09111328125,0.21359876208007336,0.0,0.0129225,4.0,0.6275,0.009726848412537948,0.16793207451701164,0.0012167721753939987,5.194804820973786e-07,3.7685965921241403e-07,418900.27199999994,1.0,411691.2336875,1.9421566041954998e-07,3371.645602911314,4736.0,1.0,,149,,,,,,,,
11.458879596999395,0.00829582758003795,0.085595703125,0.2061830170452595,0.0,0.012875000000000001,4.0,0.625,0.00928079838049598,0.16135893911123275,0.0010489380802027881,4.5113684237207964e-07,3.19510411372903e-07,418769.039,1.0,412892.46281249996,1.9421566041954998e-07,3283.587774436385,4736.0,1.0,0.9841388463973999,150,,,,,,,,
10.598186704999534,0.00745714308415586,0.07939453125,0.20892610140144824,0.0,0.0128275,4.0,0.6225,0.01045370294013992,0.1602604530751705,0.0020629458827897905,3.5777363933675587e-07,3.158230043709409e-07,419210.03599999996,1.0,412443.01484375,1.9421566041954998e-07,3442.110554397905,4736.0,1.0,,151,,,,,,,,
10.557814547999442,0.006691187034483903,0.0740234375,0.19400157891213893,0.0,0.01278,4.0,0.62,0.008912551219691523,0.15272815190255642,0.0011641313205473125,5.170382948449515e-07,3.0980364869037657e-07,418682.223,1.0,412432.400828125,1.9421566041954998e-07,3201.116887565056,4736.0,1.0,,152,,,,,,,,
10.62998149499981,0.008138040020561732,0.073681640625,0.206296082213521,0.0,0.0127325,4.0,0.6174999999999999,0.009279355715261773,0.14705108627676963,0.0008366594789549709,4.535843970643327e-07,3.4760703613301305e-07,419644.733,1.0,412240.1701875,1.9421566041954998e-07,3318.745708139289,4736.0,1.0,,153,,,,,,,,
10.636785262000558,0.00611424371728333,0.06640625,0.2119220346212387,0.0,0.012685,4.0,0.615,0.009730576438596473,0.15004154145717621,0.0010374866658821702,6.7567379815614e-07,3.949078376308535e-07,418346.88700000005,1.0,410981.79884375003,1.9421566041954998e-07,3708.465909988292,4736.0,1.0,,154,,,,,,,,
10.618115906001549,0.007229554422026751,0.08056640625,0.19810917042195797,0.0,0.0126375,4.0,0.6125,0.005734402441885322,0.1540766954421997,-0.0022241489379666744,4.3793766693056566e-07,3.8605090537657814e-07,419669.364,1.0,411412.503515625,1.9421566041954998e-07,3945.7111697217374,4736.0,1.0,,155,,,,,,,,
10.535814310000205,0.00873190269318087,0.08359375,0.2150922328233719,0.0,0.01259,4.0,0.61,0.007153727317927405,0.16403994485735893,-0.0015359660144895315,6.521762045963442e-07,5.588281808854844e-07,419553.95600000006,1.0,411218.943015625,1.9421566041954998e-07,4230.368060907859,4736.0,1.0,,156,,,,,,,,
9.828878199999963,0.016248031884651938,0.11868489583333333,0.2477243517835935,1.0,0.012542500000000002,3.0,0.6074999999999999,0.013877062515045205,0.16755881160497665,0.0035921435182293257,6.686038337496332e-07,4.815770637378592e-07,418371.12799999997,1.0,409562.397390625,1.9421566041954998e-07,4791.260878577089,4736.0,1.0,,157,,,,,,,,
10.604279399000006,0.009635609950768753,0.0849609375,0.20042080767452716,0.0,0.012495,4.0,0.605,0.006878450972726569,0.15628302618861198,-0.00119006778113544,7.584220163892042e-07,3.1904332828958106e-07,419704.508,1.0,412585.190859375,1.9421566041954998e-07,3375.84056172034,4736.0,1.0,,158,,,,,,,,
10.815724693999073,0.007774670825588715,0.0818359375,0.19633700475096702,0.0,0.0124475,4.0,0.6025,0.013782147818710655,0.15955703146755695,0.005951186665333808,4.2891597615835055e-07,3.0899397529537964e-07,418839.46700000006,1.0,411468.368390625,1.9421566041954998e-07,4007.079244794079,4736.0,1.0,,159,,,,,,,,
11.465718018000189,0.007629485532336844,0.0806640625,0.2536833468824625,0.0,0.012400000000000001,4.0,0.6,0.016019832470919936,0.1754562549293041,0.005510878283530474,1.1285588982445916e-06,6.631166996839965e-07,419292.49399999995,1.0,410143.150453125,1.9421566041954998e-07,4107.52622503301,4736.0,1.0,0.8767757415771484,160,419714.47200000007,420239.134,411960.262,70000042,415873.52443333337,best_of_k,420239.134,2269.327604541835
10.729355228000713,0.006614280262024863,0.082861328125,0.22412538342177868,0.0,0.012352499999999999,4.0,0.5974999999999999,0.00591035868274048,0.1786522064357996,-0.0030898408847860994,5.708646061464151e-06,3.213017905068227e-07,419478.845,1.0,411071.41709375,1.9421566041954998e-07,3951.435088470061,4736.0,1.0,,161,,,,,,,,
10.700376406999567,0.006573356864433322,0.074609375,0.20667687021195888,0.0,0.012305,4.0,0.595,0.008457794360583647,0.17212649323046209,0.00023753137793391943,4.260804553979369e-05,3.5069849531055296e-07,418772.753,1.0,411076.462671875,1.9421566041954998e-07,3795.3167629938225,4736.0,1.0,,162,,,,,,,,
10.546674650000568,0.006871539869773358,0.08369140625,0.19212538115680217,0.0,0.012257500000000001,4.0,0.5925,0.012277501629432664,0.17548611015081406,0.004818450624588877,3.639448800072387e-05,3.27296700675106e-07,419219.722,1.0,411991.8621875,1.9421566041954998e-07,3988.850130544648,4736.0,1.0,,163,,,,,,,,
10.66750575900005,0.007708131087268555,0.08642578125,0.20175253674387933,0.0,0.012210000000000002,4.0,0.5900000000000001,0.010267070919508115,0.16881939247250558,0.0022402340546250343,3.467819313129894e-06,2.967793278685349e-07,418696.694,1.0,411493.20603124995,1.9421566041954998e-07,3541.1335362518107,4736.0,1.0,,164,,,,,,,,
10.59932285800096,0.008030161097543953,0.0828125,0.20001163370907307,0.0,0.012162500000000001,4.0,0.5875,0.006525271324790083,0.16264121755957603,-0.0014973969664424658,5.930198852865942e-07,3.0211257708856463e-07,420041.879,1.0,411822.0823125,1.9421566041954998e-07,3819.596740969311,4736.0,1.0,,165,,,,,,,,
10.624374408000222,0.008885619040924553,0.0884765625,0.2271166682243347,0.0,0.012115,4.0,0.585,0.01711092294426635,0.1712238159030676,0.007829161873087288,1.1333830258308808e-06,3.8077020647619975e-07,419890.405,1.0,411463.667140625,1.9421566041954998e-07,3763.49385205813,4736.0,1.0,,166,,,,,,,,
10.642472399998951,0.008996950756686318,0.082861328125,0.21156687177717687,0.0,0.0120675,4.0,0.5825,0.008964660984929651,0.16963634938001632,0.000433191959746182,6.588071997271072e-07,2.9191517612048303e-07,419792.425,1.0,411139.281859375,1.9421566041954998e-07,3909.015801691137,4736.0,1.0,,167,,,,,,,,
10.64627146299972,0.012455335338843554,0.115185546875,0.2011807881295681,0.0,0.012020000000000001,4.0,0.5800000000000001,0.01574817126384005,0.17037473805248737,0.007736823451705277,5.359781660274621e-07,3.169906946709489e-07,419647.93799999997,1.0,411578.61509375,1.9421566041954998e-07,3519.4198267644315,4736.0,1.0,,168,,,,,,,,
10.489048434999859,0.0100978328159556,0.10166015625,0.19516830332577229,0.0,0.0119725,4.0,0.5775,0.010747103253379464,0.1644808743149042,0.002957784361205995,2.842914380352113e-07,2.4575781409907904e-07,418935.192,1.0,412376.76071875,1.9421566041954998e-07,2811.577346983601,4736.0,1.0,,169,,,,,,,,
11.385858730998734,0.006339320540845961,0.0716796875,0.20729295611381532,0.0,0.011925000000000002,4.0,0.575,0.011596345057478174,0.1617435935884714,0.003160316147841513,3.8236251782564067e-07,2.689979794467945e-07,418041.249,1.0,412245.851515625,1.9421566041954998e-07,3419.9127227557588,4736.0,1.0,0.8068327307701111,170,,,,,,,,
10.6171738990015,0.006347132925959897,0.076220703125,0.20323053933680058,0.0,0.011877500000000001,4.0,0.5725,0.011873015633318574,0.16191291213035583,0.0036344315740279853,3.8225225011956355e-07,2.7941604798797923e-07,419751.73099999997,1.0,411532.47923437494,1.9421566041954998e-07,3939.9194355936547,4736.0,1.0,,171,,,,,,,,
10.606689887999892,0.006161240489886666,0.0681640625,0.1957340907305479,0.0,0.01183,4.0,0.5700000000000001,0.01461935502011329,0.16540343910455704,0.0067891322541981936,5.927906606473244e-07,3.6325921541902063e-07,419278.487,1.0,411992.49371874996,1.9421566041954998e-07,3964.7713124170064,4736.0,1.0,,172,,,,,,,,
10.632939121000163,0.005886202912812877,0.06181640625,0.16995255872607232,0.0,0.011782500000000001,4.0,0.5675,0.008534527535084635,0.15563465133309365,0.0018704214948229493,4.4004526955632173e-07,3.972787993689053e-07,420274.198,1.0,411656.296703125,1.9421566041954998e-07,3985.9579856548553,4736.0,1.0,,173,,,,,,,,
10.546057449999353,0.006711270606952269,0.07177734375,0.18107606358826162,0.0,0.011735,4.0,0.565,0.008883949439041316,0.1539989359676838,0.0016370681580156088,3.7819657592308433e-07,4.350025847088546e-07,420225.705,1.0,411989.71721875004,1.9421566041954998e-07,3885.138601665946,4736.0,1.0,,174,,,,,,,,
10.757168189000367,0.005526027531713851,0.064013671875,0.17352340407669545,0.0,0.0116875,4.0,0.5625,0.003002738708164543,0.14681006371974945,-0.0039580536773428324,1.2099431451417787e-06,6.874352862951127e-07,419395.975,1.0,413056.981859375,1.9421566041954998e-07,3069.91772920444,4736.0,1.0,,175,,,,,,,,
10.559096306998981,0.007766316528327622,0.077099609375,0.16221098154783248,0.0,0.011640000000000001,4.0,0.56,0.007701079966500402,0.14797488674521447,0.0013126988429576158,1.5055499943628093e-06,2.1772595886204727e-07,420981.497,1.0,412968.875828125,1.9421566041954998e-07,3185.8642616774887,4736.0,1.0,,176,,,,,,,,
10.63510707200112,0.007009364882527791,0.078125,0.186876006051898,0.0,0.0115925,4.0,0.5575,0.008507461909903213,0.14459338821470738,0.0008397236815653741,2.746255837848821e-07,2.1776447347576778e-07,418943.29,1.0,412538.449609375,1.9421566041954998e-07,3554.700427252947,4736.0,1.0,,177,,,,,,,,
10.622096299000987,0.011092578314237045,0.101513671875,0.1955126579850912,0.0,0.011545,4.0,0.5549999999999999,0.009206423722207546,0.14514280445873737,0.0011063478305004537,2.404797569965922e-07,1.8646519741594148e-07,419803.908,1.0,412595.56367187505,1.9421566041954998e-07,3041.2090859695118,4736.0,1.0,,178,,,,,,,,
10.58774447399992,0.004643677509803013,0.05439453125,0.1900210425257683,0.0,0.0114975,4.0,0.5525,0.00999731017218437,0.13633306473493575,0.002063587890006602,3.5134856943841444e-07,2.497500027232036e-07,419762.407,1.0,412229.46021875006,1.9421566041954998e-07,3128.807263534901,4736.0,1.0,,179,,,,,,,,
11.445085497998662,0.00695244937402677,0.066455078125,0.1686666775494814,0.0,0.01145,4.0,0.55,0.009651146054966375,0.13544158060103656,0.0027684796368703246,2.868614430440175e-07,2.2069186584872113e-07,419527.286,1.0,412718.2451875,1.9421566041954998e-07,3011.271595674466,4736.0,1.0,0.6617263555526733,180,420981.497,420188.94700000004,416869.385,70000042,417756.82230000006,best_of_k,420188.94700000004,1133.419761199264
10.576904032999664,0.005666927187583326,0.054150390625,0.1636783830821514,0.0,0.011402500000000001,4.0,0.5475,0.004083581778104417,0.13290109541267156,-0.002585053094662726,2.5897263284946347e-07,1.884157263987163e-07,419786.532,1.0,412842.58704687504,1.9421566041954998e-07,3406.989645301334,4736.0,1.0,,181,,,,,,,,
10.590047564000997,0.006129467087932739,0.0638671875,0.1671012669801712,0.0,0.011355,4.0,0.5449999999999999,0.005605792635469698,0.13558908719569446,-0.0012097914353944362,2.400218352960337e-07,2.2115076951934044e-07,418810.08700000006,1.0,412564.0566875,1.9421566041954998e-07,2990.844766349831,4736.0,1.0,,182,,,,,,,,
10.488638627999535,0.005148736733401193,0.057568359375,0.15891357734799386,0.0,0.0113075,4.0,0.5425,0.010448851756518707,0.12977448385208845,0.00397043046541512,6.327734535460649e-07,2.0746092523893367e-07,418762.828,1.0,412981.003703125,1.9421566041954998e-07,2865.6107274066144,4736.0,1.0,,183,,,,,,,,
10.421183057000235,0.007988312349706917,0.070263671875,0.15979746878147125,0.0,0.011260000000000001,4.0,0.54,0.01329271069553215,0.12899778950959445,0.0067548251012340185,5.786812291574961e-07,9.378790622349697e-07,420157.081,1.0,413184.21296875004,1.9421566041954998e-07,3539.075335823659,4736.0,1.0,,184,,,,,,,,
10.381333540000924,0.00669410047381902,0.06630859375,0.1852680914103985,0.0,0.0112125,4.0,0.5375,0.010476067566196434,0.13688229136168956,0.0027390068862587214,1.1120801580943863e-06,1.667464683450248e-05,418886.251,1.0,413007.7205625,1.9421566041954998e-07,2968.0204638209325,4736.0,1.0,,185,,,,,,,,
10.54721533799966,0.006112994582921516,0.068017578125,0.19084077067673205,0.0,0.011165,4.0,0.5349999999999999,0.008772647375008092,0.13190817050635814,0.0006942716892808676,4.723886924296039e-07,1.8089002946908294e-05,420452.33400000003,1.0,412444.8205,1.9421566041954998e-07,3143.2784489752585,4736.0,1.0,,186,,,,,,,,
8.953050653999526,0.013724820171175623,0.0849609375,0.19442403689026833,1.0,0.0111175,2.0,0.5325,0.014308535167947412,0.13199501670897007,0.006052756914868951,8.406537631344691e-07,3.895922611718561e-06,419389.00899999996,1.0,412966.95378125,1.9421566041954998e-07,2978.4735987137333,4736.0,1.0,,187,,,,,,,,
10.580078844001036,0.007623334569253615,0.066650390625,0.18785321041941644,0.0,0.011070000000000002,4.0,0.53,0.009454063675366341,0.1316787524148822,0.0015180991264060139,7.855473597828678e-07,1.8166923680951186e-06,419733.73,1.0,413169.66059374996,1.9421566041954998e-07,3257.6376171958473,4736.0,1.0,,188,,,,,,,,
10.48198549800145,0.007713528990324648,0.071435546875,0.1834849387407303,0.0,0.011022500000000001,4.0,0.5275000000000001,0.013024538377067074,0.1294266263023019,0.005276611528825015,1.5541016189501988e-06,2.590460589146915e-07,418295.824,1.0,412582.211984375,1.9421566041954998e-07,2793.57691631686,4736.0,1.0,,189,,,,,,,,
11.501618709000468,0.005370040432772782,0.06171875,0.18532089628279208,0.0,0.010975,4.0,0.525,0.015209388270159252,0.13162896856665612,0.007387814309913665,3.0192368534187607e-07,2.5309932460970685e-07,418539.962,1.0,412799.1368125,1.9421566041954998e-07,2818.8360771113225,4736.0,1.0,0.6973256468772888,190,,,,,,,,
10.631079438000597,0.007368551174268134,0.076806640625,0.18489991575479509,0.0,0.010927500000000001,4.0,0.5225,0.011675917822867633,0.12997652366757392,0.0038510945276357235,1.8618015236171458e-07,2.540923986771304e-07,418360.134,1.0,412610.12340625003,1.9421566041954998e-07,2841.3914979797446,4736.0,1.0,,191,,,,,,,,
10.552017500000147,0.007486992392357905,0.082421875,0.1910935129970312,0.0,0.01088,4.0,0.52,0.011111033707857132,0.12499768398702145,0.002916181564796716,2.1496571953605325e-07,2.5930381788441535e-07,417992.27300000004,1.0,412457.03954687493,1.9421566041954998e-07,2831.088458185536,4736.0,1.0,,192,,,,,,,,
10.509750510998856,0.007445710092646607,0.074853515625,0.16827392280101777,0.0,0.0108325,4.0,0.5175000000000001,0.011275494491565041,0.1209569089114666,0.004171924036927521,1.8791119238414922e-07,2.4240210585446673e-07,418168.878,1.0,412948.76581250003,1.9421566041954998e-07,2562.9837341543366,4736.0,1.0,,193,,,,,,,,
10.526147161999688,0.011304737445618685,0.10029296875,0.16403284147381783,0.0,0.010785000000000001,4.0,0.515,0.01238426256168168,0.11278131529688835,0.005398846906609833,1.721716717639765e-07,2.0340830886311778e-07,418705.68999999994,1.0,412684.6823125,1.9421566041954998e-07,2794.418586515283,4736.0,1.0,,194,,,,,,,,
10.456244734001302,0.006468483546490234,0.063232421875,0.17489385306835176,0.0,0.0107375,4.0,0.5125,0.010420138665358536,0.11709881387650967,0.0029325597221031784,1.290056953706653e-06,2.1129766842875596e-07,420946.66900000005,1.0,413453.09796875005,1.9421566041954998e-07,2798.7989101055405,4736.0,1.0,,195,,,,,,,,
10.39576782199947,0.011008353283147443,0.0923828125,0.15535228252410888,0.0,0.010690000000000002,4.0,0.51,0.01253304117708467,0.11410617623478174,0.005984231946058571,8.83695660931494e-06,2.123924929264831e-07,419308.08400000003,1.0,413129.9226875,1.9421566041954998e-07,3143.4850399844304,4736.0,1.0,,196,,,,,,,,
10.325924105000013,0.009274987513310151,0.083154296875,0.16571874916553497,0.0,0.010642500000000001,4.0,0.5075000000000001,0.013083786671631969,0.11320450734347105,0.005947284703142941,0.0005519230820098641,3.0248673574817533e-07,418738.238,1.0,412783.763890625,1.9421566041954998e-07,2627.6226303981766,4736.0,1.0,,197,,,,,,,,
10.440873792000275,0.006834099867643317,0.071435546875,0.19315822273492814,0.0,0.010595,4.0,0.505,0.009961915164603851,0.11826250851154327,0.0015102914185263216,0.00044337323975014443,4.732552009301116e-06,418101.74899999995,1.0,412923.98600000003,1.9421566041954998e-07,2972.176371004313,4736.0,1.0,,198,,,,,,,,
10.446555079999598,0.005382946922821219,0.057421875,0.1895348384976387,0.0,0.010547500000000001,4.0,0.5025,0.008160512475296856,0.11990994177758693,-5.686816293746233e-05,5.0509930906628143e-05,6.755682687042963e-07,418440.52,1.0,412538.23065625003,1.9421566041954998e-07,2760.67827482434,4736.0,1.0,,199,,,,,,,,
11.345312661998832,0.006750010300444842,0.066845703125,0.1836842704564333,0.0,0.0105,4.0,0.5,0.013133910743636078,0.11624920964241028,0.005166453286074102,3.7457633753490426e-05,2.2924607208096858e-07,418136.999,1.0,412761.04637500003,1.9421566041954998e-07,2495.2614814010785,4736.0,1.0,0.784031867980957,200,420981.497,419597.968,415885.742,70000042,416624.85926666664,best_of_k,419597.968,1169.7081491644503
10.512923825001053,0.008528803624459869,0.062890625,0.16959574781358241,0.0,0.010452500000000002,4.0,0.49750000000000005,0.009235986298881472,0.1087216841056943,0.0018868561019189656,5.65081481767038e-05,2.1092835993385962e-07,417800.69100000005,1.0,412888.78790625,1.9421566041954998e-07,2569.6133771996933,4736.0,1.0,,201,,,,,,,,
10.44177795900032,0.012273474545408192,0.09072265625,0.17139996811747552,0.0,0.010405000000000001,4.0,0.495,0.012823520263191312,0.10898191090673208,0.005386281479150057,1.0979319051784842e-05,1.9736276151149924e-07,419609.917,1.0,413266.56668750005,1.9421566041954998e-07,2385.2411381192005,4736.0,1.0,,202,,,,,,,,
10.459292119001475,0.007396271523069231,0.069677734375,0.18749172426760197,0.0,0.010357500000000002,4.0,0.49250000000000005,0.009895082260482014,0.10680328626185656,0.0016264921054244042,1.1095714455677808e-06,2.1608956046748062e-07,417399.086,1.0,412760.86046875,1.9421566041954998e-07,2494.2892051377335,4736.0,1.0,,203,,,,,,,,
10.398736248000205,0.005637056354571968,0.059033203125,0.2026983078569174,0.0,0.01031,4.0,0.49,0.012853438704041764,0.11511006578803062,0.0039051465224474668,5.375633264748104e-07,2.1529864362435093e-07,419345.619,1.0,413034.57485937496,1.9421566041954998e-07,2900.8730412461437,4736.0,1.0,,204,,,,,,,,
10.340813886999968,0.008410913524969744,0.080029296875,0.18153804838657378,0.0,0.0102625,4.0,0.48750000000000004,0.013634951517451555,0.1151598658412695,0.005739747290499508,3.335484631605823e-07,1.911926297282207e-07,419861.85599999997,1.0,413230.10157812503,1.9421566041954998e-07,2804.162894021608,4736.0,1.0,,205,,,,,,,,
10.438172805001159,0.00666538203654099,0.057275390625,0.19224146232008935,0.0,0.010215,4.0,0.485,0.014861808938439936,0.11123006939888,0.006385817378759384,3.2568037298119636e-07,2.0057241947313287e-07,418749.066,1.0,413153.1946875,1.9421566041954998e-07,2772.3270417634076,4736.0,1.0,,206,,,,,,,,
10.395752705000632,0.006501798274742043,0.0619140625,0.1855577129870653,0.0,0.010167500000000001,4.0,0.48250000000000004,0.0064875521464273335,0.12264433074742556,-0.0015434746630489827,3.073284432275614e-07,1.9240195996417243e-07,418540.20700000005,1.0,413111.66967187496,1.9421566041954998e-07,2656.7726833725424,4736.0,1.0,,207,,,,,,,,
10.41242797599989,0.009268933437996197,0.08212890625,0.19779968671500683,0.0,0.01012,4.0,0.48,0.005387299825088121,0.11942262072116136,-0.00329428295372054,3.5367362656302247e-07,2.4032027106102306e-07,419040.65499999997,1.0,413022.09815624997,1.9421566041954998e-07,2944.007860782247,4736.0,1.0,,208,,,,,,,,
10.311198862998936,0.00633548063815681,0.059765625,0.1722072061151266,0.0,0.010072500000000002,4.0,0.47750000000000004,0.009511220530839637,0.1135802235454321,0.002044768421910703,3.460677014288649e-07,1.859767955636471e-07,419280.699,1.0,413111.924109375,1.9421566041954998e-07,3297.6851107048647,4736.0,1.0,,209,,,,,,,,
11.23146996200012,0.0049387696789843,0.0537109375,0.1819368965923786,0.0,0.010025000000000001,4.0,0.475,0.006656301801558584,0.11049501169472933,-0.0013329933397471904,3.9788922094885494e-07,2.461709840417825e-07,419479.665,1.0,412772.949328125,1.9421566041954998e-07,3306.585912013703,4736.0,1.0,0.7311975359916687,210,,,,,,,,
10.32623984699967,0.01390169048884644,0.105322265625,0.187334169074893,0.0,0.009977500000000002,4.0,0.47250000000000003,0.01471573716844432,0.11906445529311896,0.006536741205491125,5.178238900782617e-07,4.034121509732813e-07,419568.302,1.0,412672.78775,1.9421566041954998e-07,3888.5436052744208,4736.0,1.0,,211,,,,,,,,
10.296666334999827,0.00893171800531647,0.075146484375,0.1746825274080038,0.0,0.00993,4.0,0.47,0.01072775001230184,0.10791626349091529,0.0030647672712802885,3.7263420864519504e-07,8.54362068380965e-07,418465.163,1.0,412893.544921875,1.9421566041954998e-07,3278.1270395849897,4736.0,1.0,,212,,,,,,,,
8.831219281999438,0.019314268694550663,0.12197265625,0.161291965842247,1.0,0.0098825,2.0,0.4675,0.018329756124876438,0.10683346055448055,0.011320621659979224,1.8886247872273997e-07,5.995736806596597e-07,419888.50200000004,1.0,413193.122265625,1.9421566041954998e-07,2976.5963027928588,4736.0,1.0,,213,,,,,,,,
10.4703604740007,0.00640018270377567,0.068310546875,0.17671376504004002,0.0,0.009835,4.0,0.46499999999999997,0.00524957689922303,0.10975361075252295,-0.0025068157585337756,2.5237620917550883e-07,2.1133756220592658e-07,418601.924,1.0,413081.821984375,1.9421566041954998e-07,2857.9401140395253,4736.0,1.0,,214,,,,,,,,
10.551824158999807,0.005532754800469064,0.058056640625,0.1608273100107908,0.0,0.009787500000000001,4.0,0.4625,0.011532657520729118,0.10629272684454918,0.004531521373428405,1.9364669441301884e-07,1.8164782353835562e-07,419124.902,1.0,412895.98295312497,1.9421566041954998e-07,2862.0180284613484,4736.0,1.0,,215,,,,,,,,
10.689351832001194,0.009102123785305593,0.084228515625,0.18429174348711969,0.0,0.00974,4.0,0.45999999999999996,0.011945482820738106,0.10908762607723474,0.003793289978057146,2.4586592743958137e-07,1.8911004922017583e-07,418617.222,1.0,412894.402921875,1.9421566041954998e-07,2651.9673238152673,4736.0,1.0,,216,,,,,,,,
10.746766311000101,0.00834040469012436,0.07099609375,0.18520079515874385,0.0,0.009692500000000001,4.0,0.4575,0.00443274307763204,0.10676684193313121,-0.003792563290335238,2.2587856136624395e-07,1.6471497090719823e-07,418312.22500000003,1.0,412730.37717187504,1.9421566041954998e-07,2858.834356775224,4736.0,1.0,,217,,,,,,,,
10.631416955000532,0.00976769257215473,0.08115234375,0.1791763834655285,0.0,0.009644999999999999,4.0,0.45499999999999996,0.013746125291800127,0.10711184125393629,0.005820297775790096,2.0666945204084187e-07,1.633847432458424e-07,419861.167,1.0,412957.486890625,1.9421566041954998e-07,2688.9342830305022,4736.0,1.0,,218,,,,,,,,
10.739391490000344,0.005903555066949196,0.0662109375,0.18745835758745671,0.0,0.0095975,4.0,0.4525,0.013976889854529873,0.11111589781939983,0.005670300521887839,1.927618534125486e-07,1.7439268198415903e-07,417992.91099999996,1.0,413269.718015625,1.9421566041954998e-07,2624.3544363319947,4736.0,1.0,,219,,,,,,,,
11.570630703999996,0.008714409308468164,0.0720703125,0.18548741489648818,0.0,0.00955,4.0,0.44999999999999996,0.006238851114176214,0.11485108714550733,-0.0019388002925552427,2.031810307556725e-07,1.7488270600551914e-07,418313.436,1.0,412891.85626562504,1.9421566041954998e-07,2867.640726548852,4736.0,1.0,0.907548725605011,220,420981.497,418714.96199999994,416339.001,70000042,416717.86303333327,best_of_k,418714.96199999994,1195.3607498550152
10.649026013999901,0.010746658741202708,0.085205078125,0.2001941341906786,0.0,0.0095025,4.0,0.4475,0.015092110491241328,0.11983048468828202,0.006220987671986223,1.8760306836895778e-07,1.7317964235985527e-07,418689.826,1.0,412490.942359375,1.9421566041954998e-07,2845.232978767785,4736.0,1.0,,221,,,,,,,,
10.578305383000043,0.0069148668315897055,0.06103515625,0.20017944574356078,0.0,0.009455,4.0,0.44499999999999995,0.011005476824357175,0.12516638729721308,0.00217985303606838,1.9217980593566608e-07,1.6067560189014783e-07,419075.952,1.0,412677.15300000005,1.9421566041954998e-07,3010.600897846195,4736.0,1.0,,222,,,,,,,,
10.634720881000248,0.005817421721041072,0.06572265625,0.19345581345260143,0.0,0.009407500000000001,4.0,0.4425,0.00626302546588704,0.12510429732501507,-0.002232943568378687,1.775232913558966e-07,1.581047698095972e-07,418721.7139999999,1.0,413034.88198437507,1.9421566041954998e-07,2735.832828838807,4736.0,1.0,,223,,,,,,,,
10.783948625999983,0.004312382843822604,0.050244140625,0.196524341031909,0.0,0.00936,4.0,0.43999999999999995,0.008202843152685092,0.1229272298514843,-0.00047288085334002973,1.9909339812329563e-07,1.7163811278919637e-07,418053.742,1.0,413021.49909375,1.9421566041954998e-07,2787.3235055972477,4736.0,1.0,,224,,,,,,,,
10.535778673000095,0.00473333910272089,0.054833984375,0.20100265964865685,0.0,0.009312500000000001,4.0,0.4375,0.009214407284162007,0.13162055443972348,0.0003898641443811357,5.164035982829774e-07,1.5069584620164277e-07,419118.587,1.0,412992.561,1.9421566041954998e-07,3192.594464549749,4736.0,1.0,,225,,,,,,,,
10.497466836999592,0.006211297519330828,0.07109375,0.21167514249682426,0.0,0.009265000000000002,4.0,0.43500000000000005,0.016936475015245377,0.12501303888857365,0.007510817353613674,6.614930526893658e-07,1.5895196447957005e-07,418309.674,1.0,412737.17159375,1.9421566041954998e-07,2869.9783036464437,4736.0,1.0,,226,,,,,,,,
10.562219704999734,0.011999952943606474,0.080859375,0.19763817079365253,0.0,0.0092175,4.0,0.4325,0.011914894313667901,0.12883852198719978,0.003219234268181026,1.2311380883289758e-05,1.794038613667226e-07,419321.835,1.0,413084.434484375,1.9421566041954998e-07,3020.6110491566933,4736.0,1.0,,227,,,,,,,,
10.449814464001975,0.004460964432683312,0.05068359375,0.22547044269740582,0.0,0.009170000000000001,4.0,0.43000000000000005,0.007475713695748709,0.13030450753867626,-0.0026039313757792114,8.993329865347733e-06,2.3125043746574647e-07,420218.24700000003,1.0,411814.21678124997,1.9421566041954998e-07,3899.948251515355,4736.0,1.0,,228,,,,,,,,
10.480314986001758,0.00771618489399799,0.0767578125,0.21194573864340782,0.0,0.0091225,4.0,0.4275,0.009885805664816871,0.12462462987750769,0.00042516225948929787,1.4759952925658127e-06,1.9416576542141683e-07,418164.894,1.0,412401.764984375,1.9421566041954998e-07,2858.935918810586,4736.0,1.0,,229,,,,,,,,
11.255958203000773,0.004902343228133788,0.053271484375,0.19555276073515415,0.0,0.009075000000000001,4.0,0.42500000000000004,0.01290335658704862,0.12304755300283432,0.004242253454867751,4.3863975633939846e-07,1.5476006325343407e-07,418287.59400000004,1.0,413193.002484375,1.9421566041954998e-07,2521.61182167345,4736.0,1.0,0.7565295696258545,230,,,,,,,,
10.451241220998782,0.00666739789290709,0.070751953125,0.19418568387627602,0.0,0.0090275,4.0,0.4225,0.01220418690063525,0.12285942286252975,0.0036039181752130387,2.1787795816408108e-07,1.5265383659368582e-07,419752.02,1.0,412818.71225,1.9421566041954998e-07,3108.347589475342,4736.0,1.0,,231,,,,,,,,
10.401701696999226,0.0050313289629592365,0.05615234375,0.18636804558336734,0.0,0.008980000000000002,4.0,0.42000000000000004,0.0019421883393079043,0.12662025466561316,-0.006239280290901661,2.1455537329018172e-07,1.8845045417492657e-07,420289.106,1.0,412995.539296875,1.9421566041954998e-07,3115.538925817863,4736.0,1.0,,232,,,,,,,,
10.394454489000054,0.005711040839961612,0.061376953125,0.18270912654697896,0.0,0.008932500000000001,4.0,0.4175,0.011060103910858743,0.12088228072971105,0.003004143596626818,2.1421493201501107e-07,5.273466875621579e-07,419446.746,1.0,413336.98979687504,1.9421566041954998e-07,2820.7476908385606,4736.0,1.0,,233,,,,,,,,
10.346774974001164,0.00505309247695962,0.047412109375,0.17142910771071912,0.0,0.008885,4.0,0.41500000000000004,0.013318762849667109,0.12143627796322107,0.005825640866532922,1.887666204680727e-07,1.217043622503411e-06,418466.12000000005,1.0,413143.5971875,1.9421566041954998e-07,2810.235754188268,4736.0,1.0,,234,,,,,,,,
10.484840668999823,0.00514530244555651,0.057666015625,0.18888069391250611,0.0,0.0088375,4.0,0.4125,0.006880887714214623,0.12840700279921294,-0.0014294038293883205,2.551896901792361e-07,2.0564497646091696e-06,417863.066,1.0,412978.7228125,1.9421566041954998e-07,2802.594532418368,4736.0,1.0,,235,,,,,,,,
10.324115180999797,0.004546302804834213,0.050732421875,0.19772772155702115,0.0,0.008790000000000001,4.0,0.41000000000000003,0.010082036640960723,0.13816663213074207,0.0013936499715782702,2.7386904434933966e-06,3.242248172057316e-05,419321.374,1.0,413014.59440625005,1.9421566041954998e-07,3049.5189971139175,4736.0,1.0,,236,,,,,,,,
10.440792956000223,0.004675702351244837,0.060595703125,0.184445371478796,0.0,0.0087425,4.0,0.4075,0.006758993770927191,0.13029709588736296,-0.0013550464413128794,4.2483365487555605e-05,5.329035983550057e-05,418912.08900000004,1.0,412684.2576875,1.9421566041954998e-07,3226.153497888628,4736.0,1.0,,237,,,,,,,,
10.438799096002185,0.005276566663625815,0.057666015625,0.16852774769067763,0.0,0.008695000000000001,4.0,0.405,0.010243038489716128,0.11581778563559056,0.0028075411915779113,0.00014597890300365178,3.0943430004981565e-06,419960.892,1.0,413349.81678125006,1.9421566041954998e-07,2681.9073424376115,4736.0,1.0,,238,,,,,,,,
10.410198885998398,0.004341530328454723,0.052392578125,0.16142848432064055,0.0,0.0086475,4.0,0.40249999999999997,0.01000311155221425,0.11992025338113307,0.002928584907203913,0.00039768973131231177,6.883849209771142e-07,419547.6419999999,1.0,413573.57167187496,1.9421566041954998e-07,2816.2881073209983,4736.0,1.0,,239,,,,,,,,
11.093847205000202,0.005985146925176821,0.048046875,0.17177383452653885,0.0,0.008600000000000002,4.0,0.4,0.006183731637429446,0.11916131488978862,-0.0013878273079171778,7.513920695600973e-05,2.8121008526227343e-07,420589.31799999997,1.0,413688.16865625,1.9421566041954998e-07,2820.201789007719,4736.0,1.0,0.6449289321899414,240,420981.497,420493.46700000006,417981.13,70000042,417913.0178333333,best_of_k,420493.46700000006,1293.6123524556137
10.47961064699848,0.00776248824089727,0.064599609375,0.1748928375542164,0.0,0.0085525,4.0,0.39749999999999996,0.008175225043669344,0.11926328875124455,0.0004501658258959651,2.8117327445897898e-06,2.694869507990916e-07,419989.81100000005,1.0,413147.941390625,1.9421566041954998e-07,2705.0694071744706,4736.0,1.0,,241,,,,,,,,
10.37773260400354,0.007606765431802031,0.073193359375,0.16957599222660064,0.0,0.008505,4.0,0.395,0.011087156418943778,0.11920612417161465,0.003622069209814072,3.497737239399612e-07,2.01778840391853e-07,419990.94100000005,1.0,413783.1719375,1.9421566041954998e-07,3092.443741329436,4736.0,1.0,,242,,,,,,,,
10.492182927002432,0.006569623319703055,0.06982421875,0.17445004992187024,0.0,0.0084575,4.0,0.39249999999999996,0.005756370283779688,0.11641686819493771,-0.001981682318728417,3.16731942007209e-07,2.271649957918953e-07,418521.936,1.0,413325.237078125,1.9421566041954998e-07,2682.8623797228825,4736.0,1.0,,243,,,,,,,,
10.541397911998502,0.004872061825702189,0.05029296875,0.1684370692819357,0.0,0.00841,4.0,0.39,0.006783154752338305,0.11276758778840304,-0.0006904507521539926,2.6011417375571e-07,2.0241206222237906e-07,418591.78099999996,1.0,413413.238828125,1.9421566041954998e-07,2974.406455585927,4736.0,1.0,,244,,,,,,,,
10.417900226999336,0.007675260659440397,0.0693359375,0.17725180611014366,0.0,0.0083625,4.0,0.38749999999999996,0.008634585967229214,0.1118093729019165,0.0007068923325277865,2.109112180903594e-07,1.754889062510756e-07,419353.049,1.0,413330.766859375,1.9421566041954998e-07,2811.3455628070383,4736.0,1.0,,245,,,,,,,,
10.509323319001851,0.006120775473716478,0.065869140625,0.19294605627655984,0.0,0.008315000000000001,4.0,0.385,0.0022427428571972995,0.11094585303217172,-0.006482155679259449,2.094666548657642e-07,1.7795727238478776e-07,418027.13800000004,1.0,413069.364953125,1.9421566041954998e-07,2565.5417569482815,4736.0,1.0,,246,,,,,,,,
10.463930158002768,0.007979915648264325,0.068603515625,0.19793430976569654,0.0,0.0082675,4.0,0.38249999999999995,0.014926990610547364,0.11476110797375441,0.0059789352235384285,2.3088501741597156e-07,2.079983431713117e-07,420236.93,1.0,413300.2345,1.9421566041954998e-07,2642.082944413256,4736.0,1.0,,247,,,,,,,,
10.609694307997415,0.0055964212257681115,0.05380859375,0.19778416417539119,0.0,0.008220000000000002,4.0,0.38,0.007510059035848826,0.11933451555669308,-0.001398339937441051,2.3343040069789823e-07,1.9315302424161018e-07,420023.39800000004,1.0,413407.5149375,1.9421566041954998e-07,2953.052731621592,4736.0,1.0,,248,,,,,,,,
10.560326251001243,0.005270897738126478,0.048046875,0.18631974644958973,0.0,0.0081725,4.0,0.37749999999999995,0.006184395533637144,0.12056301012635232,-0.002146399929188192,2.1361228839111845e-07,1.7562766849721356e-07,420460.291,1.0,413326.7143125,1.9421566041954998e-07,3048.2614677037686,4736.0,1.0,,249,,,,,,,,
11.32919605799907,0.004291142099980405,0.03974609375,0.18489358499646186,0.0,0.008125,4.0,0.375,0.0076877745566889645,0.12177831418812275,-0.0005675659165717661,2.0135515867991672e-07,1.7948681225732343e-07,419274.9149999999,1.0,413811.04493750003,1.9421566041954998e-07,2645.1044092827765,4736.0,1.0,0.6402034759521484,250,,,,,,,,
10.374287384998752,0.0049800023018693905,0.053857421875,0.18022090941667557,0.0,0.008077500000000001,4.0,0.37250000000000005,0.007077597582247108,0.11181207355111837,-0.0010303900809958578,1.9716803301150776e-07,1.6884013795959162e-07,420457.95599999995,1.0,413466.560140625,1.9421566041954998e-07,3106.531785608611,4736.0,1.0,,251,,,,,,,,
10.39748780300215,0.005266751623239685,0.059716796875,0.1730958316475153,0.0,0.00803,4.0,0.37,0.009543986606877298,0.11194126941263675,0.0017879759659990668,1.788178913386673e-07,1.8009633535598367e-07,420306.337,1.0,413525.55096875003,1.9421566041954998e-07,3167.686603334675,4736.0,1.0,,252,,,,,,,,
10.32834515200011,0.008127166949319786,0.0685546875,0.17626063637435435,0.0,0.007982500000000002,4.0,0.36750000000000005,0.008185127977048979,0.10638190545141697,0.0002211793791502714,1.7412985044984453e-07,1.8531162240265076e-07,419594.115,1.0,413404.98285937496,1.9421566041954998e-07,2669.6044686015543,4736.0,1.0,,253,,,,,,,,
10.482218008997734,0.005324153139443411,0.0533203125,0.17884358763694763,0.0,0.007935000000000001,4.0,0.365,0.0029751580615993587,0.10700102373957635,-0.005118057050276547,1.7724435359411926e-07,1.4181155183479177e-07,419227.871,1.0,413548.43404687505,1.9421566041954998e-07,2895.638329488373,4736.0,1.0,,254,,,,,,,,
10.556938027999422,0.0064896348379484435,0.059765625,0.19630441591143608,0.0,0.007887500000000002,4.0,0.36250000000000004,0.004551413646549918,0.10995772667229176,-0.004396625701338053,1.897983413101656e-07,1.811601567425214e-07,418976.13899999997,1.0,413271.807515625,1.9421566041954998e-07,2819.0413668454567,4736.0,1.0,,255,,,,,,,,
10.48904227300227,0.0044994748985427435,0.04853515625,0.1923442304134369,0.0,0.00784,4.0,0.36,0.012188039440661668,0.11070241276174783,0.0034386467770673333,1.6674275684636087e-07,1.426657316727642e-07,419687.64800000004,1.0,413360.96828125,1.9421566041954998e-07,3025.2627459907885,4736.0,1.0,,256,,,,,,,,
10.733671297999535,0.005852821151400178,0.050439453125,0.21181176863610746,0.0,0.007792500000000001,4.0,0.35750000000000004,0.006635853822808712,0.11487150825560093,-0.0030596982105635107,1.9882619035627157e-07,1.6002786971114346e-07,419603.81100000005,1.0,413120.049453125,1.9421566041954998e-07,3254.873722750795,4736.0,1.0,,257,,,,,,,,
10.661867197999527,0.004282409549327326,0.04814453125,0.20969582311809062,0.0,0.007745,4.0,0.355,0.010357354173902423,0.11708816140890121,0.0007793015800416469,2.1643821206396298e-07,1.7460044041683886e-07,420181.471,1.0,412543.920453125,1.9421566041954998e-07,3234.6792921272804,4736.0,1.0,,258,,,,,,,,
10.622870441999112,0.0046454184669990186,0.043505859375,0.19628786109387875,0.0,0.007697500000000001,4.0,0.35250000000000004,0.008937635438633152,0.10829057283699513,-4.3316266965121034e-05,2.3204823200728698e-07,2.0385578061166144e-07,419631.916,1.0,413274.39685937506,1.9421566041954998e-07,2740.049227289322,4736.0,1.0,,259,,,,,,,,
11.543226418001723,0.004732515061935061,0.047998046875,0.18505898043513297,0.0,0.0076500000000000005,4.0,0.35,0.008525914087658747,0.10223800651729106,5.4830138105899094e-05,3.925094528511863e-07,4.338863700326101e-07,420898.789,1.0,413732.63162500004,1.9421566041954998e-07,3364.171905382116,4736.0,1.0,0.6299180388450623,260,420981.497,420769.462,418115.51800000004,70000042,418017.5141999999,best_of_k,420769.462,1613.635718219964
10.719533792998845,0.00555174814794519,0.0466796875,0.18773372173309327,0.0,0.007602500000000002,4.0,0.34750000000000003,0.00914771247189492,0.10617045667022466,0.0005680767237208784,2.6280459302086e-07,1.683421405829222e-07,421207.24000000005,1.0,413717.601328125,1.9421566041954998e-07,3464.3727897656,4736.0,1.0,,261,,,,,,,,
10.638866279001377,0.00534534536635114,0.05830078125,0.18128086626529694,0.0,0.007555000000000001,4.0,0.345,0.009728487633401528,0.10522914305329323,0.0014593620784580708,1.5995181072980814e-07,1.4496828235621705e-07,419530.292,1.0,413614.27009375003,1.9421566041954998e-07,3034.445487528645,4736.0,1.0,,262,,,,,,,,
10.570906154000113,0.005916130442308543,0.0568359375,0.18369983211159707,0.0,0.007507500000000002,4.0,0.3425,0.004693762143142521,0.11116246264427901,-0.0036567716393619775,1.8100808674148539e-07,1.525559820692024e-07,419876.696,1.0,413219.594515625,1.9421566041954998e-07,3143.9112743045216,4736.0,1.0,,263,,,,,,,,
10.473028155000065,0.00336918469390568,0.03759765625,0.1780382540076971,0.0,0.00746,4.0,0.33999999999999997,0.010963708854978904,0.10766039472073316,0.002864841918926686,1.808820869086958e-07,1.645904379898866e-07,420236.44899999996,1.0,413385.83245312504,1.9421566041954998e-07,2887.835583430899,4736.0,1.0,,264,,,,,,,,
10.413362712999515,0.005000016084682102,0.04208984375,0.17604487612843514,0.0,0.007412500000000001,4.0,0.3375,0.015457609406439587,0.10552853494882583,0.007437473302707076,1.5560410098203193e-07,2.1208774718672886e-07,418859.655,1.0,413765.21290625003,1.9421566041954998e-07,2688.8934892960283,4736.0,1.0,,265,,,,,,,,
10.490405455002474,0.0036598436776159814,0.035498046875,0.1747412946075201,0.0,0.007365,4.0,0.33499999999999996,0.013066351917223074,0.10350262448191642,0.0050907006952911615,2.7275733529563693e-07,1.712382110241606e-06,419398.754,1.0,413832.05571875,1.9421566041954998e-07,2675.823931627743,4736.0,1.0,,266,,,,,,,,
10.43966517499939,0.007784596595532989,0.06328125,0.17233012281358243,0.0,0.007317500000000001,4.0,0.3325,0.009230262316123117,0.10004356820136309,0.0013450883328914643,3.078306635373451e-07,1.4115364038502775e-06,418710.12600000005,1.0,413606.262765625,1.9421566041954998e-07,2681.7325721417765,4736.0,1.0,,267,,,,,,,,
10.476927239997167,0.003174477790713226,0.031005859375,0.16834500432014465,0.0,0.00727,4.0,0.32999999999999996,0.012006999045843259,0.09737486876547337,0.0042972948285751045,2.7314675214995533e-07,6.856774021457568e-07,419563.51900000003,1.0,413853.02334375,1.9421566041954998e-07,2732.0908368033383,4736.0,1.0,,268,,,,,,,,
10.465760536000744,0.005603483370348527,0.05166015625,0.16527934335172176,0.0,0.0072225000000000015,4.0,0.3275,0.01076755744725233,0.09935127198696136,0.0032210579491220416,1.5281243097575726e-07,1.6153886299719035e-07,418835.679,1.0,413655.915109375,1.9421566041954998e-07,2786.2958747468756,4736.0,1.0,,269,,,,,,,,
11.35441973900015,0.005022879740096542,0.056591796875,0.16532046608626844,0.0,0.007174999999999999,4.0,0.32499999999999996,0.006517379969591275,0.09692585598677397,-0.0010532771935686468,1.6506568840668477e-07,1.1940492221640399e-07,420022.38,1.0,413679.05935937504,1.9421566041954998e-07,2865.0905748844893,4736.0,1.0,0.5565146207809448,270,,,,,,,,
10.581270816997858,0.004399861415673456,0.043798828125,0.16481651775538922,0.0,0.0071275,4.0,0.3225,0.01170582470658701,0.09876216482371092,0.004168852686416358,1.3568879850822668e-07,1.1918302114111157e-07,420639.06100000005,1.0,413880.30965625006,1.9421566041954998e-07,2764.3409608609322,4736.0,1.0,,271,,,,,,,,
10.6410302209988,0.013912645310651329,0.083935546875,0.16715377420186997,1.0,0.0070799999999999995,4.0,0.31999999999999995,0.00959260680974694,0.10088676009327173,0.0019491174723953008,1.371797246463302e-07,1.304595341977688e-07,419787.506,1.0,413705.0753125,1.9421566041954998e-07,2885.664450451777,4736.0,1.0,,272,,,,,,,,
10.651429438999912,0.0036241356127987958,0.041357421875,0.17781061120331287,0.0,0.0070325000000000006,4.0,0.3175,0.004753675393294543,0.10551283452659846,-0.003394924267195165,1.6914744023210914e-07,1.4360911926303288e-07,418674.931,1.0,413253.03490624996,1.9421566041954998e-07,2781.434485622429,4736.0,1.0,,273,,,,,,,,
10.678592000000208,0.0035012184551636238,0.04208984375,0.17164378091692925,0.0,0.006985,4.0,0.31499999999999995,0.010518790569039992,0.10828748978674411,0.0026929001323878765,1.7354834120908435e-07,1.4507110996930804e-07,419959.79000000004,1.0,413432.25221875,1.9421566041954998e-07,3117.935059606413,4736.0,1.0,,274,,,,,,,,
10.550221369998326,0.0036392357553911127,0.0376953125,0.1610416341573,0.0,0.006937500000000001,4.0,0.3125,0.00688887424475979,0.10740973521023989,-0.0004181367810815573,1.5863978433117155e-07,1.3754303402890854e-07,420052.08700000006,1.0,413672.746125,1.9421566041954998e-07,3022.7043548307392,4736.0,1.0,,275,,,,,,,,
10.62220867599899,0.003858212541994277,0.04462890625,0.15720969587564468,0.0,0.006890000000000002,4.0,0.31000000000000005,0.00904571463179309,0.10405542440712452,0.0019020936684682964,1.4200662139529642e-07,1.2614354023554596e-07,419693.478,1.0,413621.59309375,1.9421566041954998e-07,2922.8390791681463,4736.0,1.0,,276,,,,,,,,
10.736652600997331,0.003686244937036065,0.0392578125,0.15258106738328933,0.0,0.006842500000000001,4.0,0.3075,0.005561489070532844,0.10082441214472056,-0.0013777534710243343,1.439479049736292e-07,1.3171413311141577e-07,419897.32,1.0,413784.446171875,1.9421566041954998e-07,2564.117680110814,4736.0,1.0,,277,,,,,,,,
10.601855483997497,0.004209318869170175,0.041357421875,0.17637453861534597,0.0,0.006795000000000002,4.0,0.30500000000000005,0.0072165380595834,0.10829916875809431,-0.0008664050721563399,2.0996205520873446e-07,1.7566863341755834e-07,420161.5,1.0,413286.056109375,1.9421566041954998e-07,3363.354652579407,4736.0,1.0,,278,,,,,,,,
10.471144797000306,0.004288253197872649,0.041162109375,0.18324293829500676,0.0,0.0067475,4.0,0.3025,0.004587153407919686,0.10243195090442896,-0.003883924521505833,1.805262339615865e-07,1.4525915084107056e-07,419643.53800000006,1.0,413436.291828125,1.9421566041954998e-07,2796.929697399957,4736.0,1.0,,279,,,,,,,,
11.407995176999975,0.00507640640136735,0.045556640625,0.17654725313186645,0.0,0.006700000000000001,4.0,0.30000000000000004,0.00972376655554399,0.10494179874658585,0.0015994101762771607,1.8341220950901515e-07,1.71116291980411e-07,420680.539,1.0,413635.39889062505,1.9421566041954998e-07,3177.5535074700865,4736.0,1.0,0.5723068118095398,280,421207.24000000005,420346.32999999996,417682.576,70000042,418142.50409999996,best_of_k,420346.32999999996,1105.7098460883674
10.505653996999172,0.012622730446127762,0.057177734375,0.17098214328289033,0.0,0.0066525,4.0,0.2975,0.007039725917275063,0.10972128603607416,-0.0007795609766617417,1.7859114898044481e-07,1.6527780211106347e-07,419746.93200000003,1.0,413696.44268750004,1.9421566041954998e-07,2609.0192830835376,4736.0,1.0,,281,,,,,,,,
10.59908484999687,0.003590621275505512,0.04443359375,0.17722851112484933,0.0,0.0066050000000000015,4.0,0.29500000000000004,0.010666399347246624,0.10293854847550392,0.0024847805500030516,1.8682289812943508e-07,1.6679134375863214e-07,420396.25800000003,1.0,413675.69053125003,1.9421566041954998e-07,3040.0055939293766,4736.0,1.0,,282,,,,,,,,
10.609294120000413,0.0032511505674158057,0.04208984375,0.16892273239791394,0.0,0.006557500000000001,4.0,0.2925,0.00784546268550912,0.1085851576179266,0.00011127926409244537,1.6881441524674302e-07,1.5404891140491372e-07,419679.086,1.0,413740.4609375,1.9421566041954998e-07,2802.2914200803834,4736.0,1.0,,283,,,,,,,,
10.610509730002377,0.005168487467956595,0.051123046875,0.1814228780567646,0.0,0.006510000000000002,4.0,0.29000000000000004,-0.00016038375906646252,0.1075447466224432,-0.00853150333277881,1.5474409060800553e-07,1.5343189954108994e-07,419858.63100000005,1.0,413868.127875,1.9421566041954998e-07,2712.629635567547,4736.0,1.0,,284,,,,,,,,
10.536342336999951,0.00605279657488893,0.066455078125,0.17989040464162825,0.0,0.0064624999999999995,4.0,0.2875,0.0169316400992102,0.11269847378134727,0.008665342209860682,1.7094571660436487e-07,1.4919454045525525e-07,420160.576,1.0,413570.54484374996,1.9421566041954998e-07,3136.972493829233,4736.0,1.0,,285,,,,,,,,
10.524818044999847,0.003294534127077142,0.038427734375,0.17905368953943251,0.0,0.0064150000000000006,4.0,0.28500000000000003,0.006819953050580807,0.11014613956212997,-0.00142627761233598,2.2357439810605229e-07,2.2181013168420804e-07,420146.156,1.0,413550.939109375,1.9421566041954998e-07,3156.2025455090566,4736.0,1.0,,286,,,,,,,,
10.582023159000528,0.0034501537913250503,0.0412109375,0.17873438708484174,0.0,0.0063675,4.0,0.2825,0.0021731607790570705,0.11158028710633516,-0.006053158396389336,1.658199664689164e-07,1.4181537384416741e-07,419607.354,1.0,413695.7150625,1.9421566041954998e-07,3040.070588940917,4736.0,1.0,,287,,,,,,,,
10.656893447001494,0.004317501667546253,0.04677734375,0.1716720774769783,0.0,0.006320000000000001,4.0,0.28,0.009704226593021304,0.10738502442836761,0.0017991299275308848,1.8364314655627822e-07,2.9343091938471845e-07,420568.27400000003,1.0,413683.57454687497,1.9421566041954998e-07,2869.3267029285903,4736.0,1.0,,288,,,,,,,,
10.717742250999436,0.006036941801618312,0.06259765625,0.16668650917708874,0.0,0.0062725,4.0,0.27749999999999997,0.013980347760661972,0.10695193614810705,0.006316754198633134,1.680670823844821e-07,2.150062304195899e-07,420455.662,1.0,414093.81329687504,1.9421566041954998e-07,2875.7805285706804,4736.0,1.0,,289,,,,,,,,
11.510977195997839,0.003969854944961071,0.04375,0.15899436548352242,0.0,0.006225000000000001,4.0,0.275,0.009360606683185325,0.1048830734565854,0.002063713921234012,1.400843240517702e-07,1.1537449324805493e-07,420212.09500000003,1.0,414121.536765625,1.9421566041954998e-07,3272.2847822272997,4736.0,1.0,0.5873986482620239,290,,,,,,,,
10.604700280000543,0.006329745665500397,0.0544921875,0.1697561528533697,0.0,0.006177500000000001,4.0,0.27249999999999996,0.0036955372503143734,0.10307836886495352,-0.0041555897216312586,1.5589390258696768e-07,1.4073679359682957e-07,418796.06700000004,1.0,413723.743390625,1.9421566041954998e-07,2777.3906941332943,4736.0,1.0,,291,,,,,,,,
10.678226935000566,0.004899324365864999,0.046337890625,0.16139208488166332,0.0,0.006130000000000002,4.0,0.27,0.004987881274428218,0.10105496589094401,-0.0024623342556878924,1.5819062220145953e-07,1.2422337114514903e-07,419386.59900000005,1.0,413803.78215625,1.9421566041954998e-07,2880.000890828675,4736.0,1.0,,292,,,,,,,,
10.682254062001448,0.0038029206576002395,0.037744140625,0.16438767984509467,0.0,0.006082499999999999,4.0,0.26749999999999996,0.00716009980533272,0.10534729436039925,-0.00041863330407068136,1.8161358674717576e-07,2.1174442750293564e-07,419957.55400000006,1.0,413918.4906875,1.9421566041954998e-07,3035.9494557958274,4736.0,1.0,,293,,,,,,,,
10.573407897001744,0.003922294624716471,0.045263671875,0.16293062791228294,0.0,0.006035,4.0,0.265,0.007707098289392889,0.09859966728836297,0.00015538771403953434,2.281757986111188e-07,4.091700837705048e-07,420017.91900000005,1.0,413895.64859375,1.9421566041954998e-07,3051.5305029855363,4736.0,1.0,,294,,,,,,,,
10.505429224002,0.003872457798986417,0.0466796875,0.16474507190287113,0.0,0.0059875,4.0,0.26249999999999996,0.0022742050670785828,0.09528686981648207,-0.005392631469294429,1.86821985437291e-07,1.886121101080107e-07,419432.80899999995,1.0,413540.22189062496,1.9421566041954998e-07,3035.1577497477333,4736.0,1.0,,295,,,,,,,,
10.572286956998141,0.003800708685457721,0.03994140625,0.1735492080450058,0.0,0.005940000000000001,4.0,0.26,0.0034200333437183874,0.0944074284285307,-0.004696792317554354,1.6706073751038276e-07,2.5612596736834804e-07,419829.233,1.0,413741.79632812506,1.9421566041954998e-07,2841.6872760539677,4736.0,1.0,,296,,,,,,,,
10.497456498000247,0.005481349655297762,0.051611328125,0.17593234367668628,0.0,0.0058925,4.0,0.25749999999999995,0.011106527474476024,0.09262956269085407,0.002855623769573867,1.6179993824749773e-07,1.7861241587979749e-07,419954.929,1.0,413496.21753125,1.9421566041954998e-07,2855.1401525040615,4736.0,1.0,,297,,,,,,,,
10.586239000000205,0.0033511146211647968,0.0392578125,0.17685050442814826,0.0,0.005845000000000001,4.0,0.255,0.013519676255236845,0.09745172578841448,0.005246663885191083,1.768639346977352e-07,1.4839465762861436e-07,420698.239,1.0,413691.380046875,1.9421566041954998e-07,3465.1844832177535,4736.0,1.0,,298,,,,,,,,
10.652951362997555,0.0033715727630859505,0.041357421875,0.16653361544013023,0.0,0.005797500000000001,4.0,0.25249999999999995,0.012228139728540555,0.09684431999921798,0.004462810861878097,1.6793643098367284e-07,1.7233512217273983e-07,420628.937,1.0,413561.45875,1.9421566041954998e-07,3719.316280613266,4736.0,1.0,,299,,,,,,,,
11.396426178998809,0.0037398212440358236,0.03994140625,0.18628352954983712,0.0,0.005750000000000002,4.0,0.25,0.0038872732446179727,0.09746323954313993,-0.0048665896523743864,1.546555740361555e-07,1.6978006769363674e-07,419910.875,1.0,413606.124546875,1.9421566041954998e-07,3091.066574336287,4736.0,1.0,0.5471885204315186,300,421207.24000000005,421242.984,416297.523,70000042,418284.53309999994,best_of_k,421242.984,2003.7953876473268
10.645326903999376,0.004824765650140961,0.04169921875,0.1698459353297949,0.0,0.005702500000000001,4.0,0.24750000000000005,0.012415718281408772,0.09755261689424514,0.00447959357406944,2.0141889010005797e-07,2.0291832285579404e-07,420336.378,1.0,413957.20171875,1.9421566041954998e-07,3212.0992389538374,4736.0,1.0,,301,,,,,,,,
10.63243737099765,0.0027789482935379082,0.029345703125,0.17747478671371936,0.0,0.005655,4.0,0.245,0.010750843179994262,0.09815354496240616,0.0024316732538864016,1.612999097844181e-06,6.553743492787589e-07,420414.064,1.0,413251.287890625,1.9421566041954998e-07,3343.2841280871335,4736.0,1.0,,302,,,,,,,,
10.621496457999456,0.004475552738000843,0.037255859375,0.1661796398460865,0.0,0.005607500000000001,4.0,0.24250000000000005,0.012067584512988106,0.10098476018756627,0.004323301697149872,2.2725225750974686e-06,2.6909689882614883e-06,420077.67,1.0,413687.327609375,1.9421566041954998e-07,2885.671388186898,4736.0,1.0,,303,,,,,,,,
10.460053580998647,0.00478310750379336,0.04501953125,0.19319649152457713,0.0,0.005560000000000001,4.0,0.24,0.007887869648402556,0.10634172484278678,-0.001185037032701075,1.0311481635483232e-05,6.6225395521257726e-06,420721.84300000005,1.0,413554.425921875,1.9421566041954998e-07,3403.812029833207,4736.0,1.0,,304,,,,,,,,
10.634464019000006,0.002798725846171024,0.0283203125,0.19409225210547448,0.0,0.005512500000000002,4.0,0.23750000000000004,0.009511034964816645,0.09908051434904337,0.0003513766103424132,2.8077736921261477e-06,1.8918156811764675e-06,420047.88,1.0,413414.826,1.9421566041954998e-07,3114.4265054717184,4736.0,1.0,,305,,,,,,,,
10.431851600998925,0.0029899555843531543,0.033447265625,0.17983433939516544,0.0,0.005465000000000001,4.0,0.235,0.00947096142335795,0.09662316124886275,0.0010071117198094726,3.721407558998635e-07,2.8121383017776224e-07,419994.62799999997,1.0,413659.14089062496,1.9421566041954998e-07,3275.129336836769,4736.0,1.0,,306,,,,,,,,
10.41699996600073,0.0038164573207883023,0.0458984375,0.18121378347277642,0.0,0.005417500000000002,4.0,0.23250000000000004,0.0005411260717664845,0.09651930015534163,-0.007996780122630298,2.7487669918002666e-07,1.651696628357513e-07,419681.721,1.0,413453.65771874995,1.9421566041954998e-07,3036.5635391387195,4736.0,1.0,,307,,,,,,,,
10.49660941700131,0.0038937255366818134,0.051318359375,0.1826411873102188,0.0,0.00537,4.0,0.22999999999999998,0.009593009826494381,0.09262779429554939,0.0009581568883731961,1.3933612432737164e-06,1.3040458473057016e-07,420084.821,1.0,413691.893890625,1.9421566041954998e-07,3122.19219396615,4736.0,1.0,,308,,,,,,,,
10.640662939000322,0.0031181047388674442,0.034521484375,0.18519048392772675,0.0,0.005322500000000001,4.0,0.22750000000000004,0.008297952986322344,0.0940141724422574,-0.00046135290758684275,1.0446772094496736e-06,1.3544825012701266e-07,420331.956,1.0,413481.36475,1.9421566041954998e-07,3337.257950933828,4736.0,1.0,,309,,,,,,,,
11.564004948002548,0.002853001607902428,0.034033203125,0.17806561514735222,0.0,0.005275,4.0,0.22499999999999998,0.013031515327747911,0.09119038637727499,0.004609156283549964,3.670273919453848e-07,1.4105986991808095e-07,419237.829,1.0,413534.63196875004,1.9421566041954998e-07,2859.555813278857,4736.0,1.0,0.5284362435340881,310,,,,,,,,
10.517329965998215,0.0027898711733699956,0.03427734375,0.1859902836382389,0.0,0.005227500000000001,4.0,0.22250000000000003,0.011373747313336935,0.09536358509212732,0.002572593034710735,8.727915822959176e-07,1.304651982891869e-07,420447.68600000005,1.0,413719.397953125,1.9421566041954998e-07,3260.390893000697,4736.0,1.0,,311,,,,,,,,
10.422336060000816,0.0030222873860594746,0.0328125,0.17862937971949577,0.0,0.005180000000000001,4.0,0.21999999999999997,0.0069482429942581804,0.09166242703795432,-0.0015085368417203427,5.714852015614725e-07,1.300731225839513e-07,420103.538,1.0,413862.11584375,1.9421566041954998e-07,3368.941144257866,4736.0,1.0,,312,,,,,,,,
10.388644216000102,0.003089376184170689,0.03974609375,0.1804874327033758,0.0,0.005132500000000002,4.0,0.21750000000000003,0.011214442446362227,0.08947040494531393,0.002639608341269195,9.581941393790316e-05,1.7497157589474455e-07,420495.81899999996,1.0,414130.05034375004,1.9421566041954998e-07,3131.9134432446112,4736.0,1.0,,313,,,,,,,,
10.539077912999346,0.005829532474218624,0.05322265625,0.17275384105741978,0.0,0.005085000000000001,4.0,0.21499999999999997,0.005719902255805209,0.08527425285428762,-0.002486786735244095,2.5490595980670605e-05,1.3478170970415704e-07,419330.631,1.0,413643.720859375,1.9421566041954998e-07,3311.753464262219,4736.0,1.0,,314,,,,,,,,
10.493693579999672,0.0052586044664025165,0.04443359375,0.1664114497601986,0.0,0.005037500000000002,4.0,0.21250000000000002,0.006779275432927534,0.08725320044904947,-0.0011021267855539918,2.9061412398334595e-06,1.5496656917690644e-07,420368.443,1.0,413741.13632812497,1.9421566041954998e-07,2778.227190584487,4736.0,1.0,,315,,,,,,,,
10.611957348999567,0.003966865452851564,0.039892578125,0.17678052932024002,0.0,0.00499,4.0,0.20999999999999996,0.004260866867844016,0.08947206437587737,-0.004142560833133757,8.185768197677135e-05,5.362516885654145e-06,420165.48300000007,1.0,413511.930484375,1.9421566041954998e-07,3391.921200179334,4736.0,1.0,,316,,,,,,,,
10.582261023002502,0.00640536908226288,0.040478515625,0.1740850694477558,0.0,0.004942500000000001,4.0,0.20750000000000002,0.013084917073138058,0.08949602022767067,0.004815073171630502,6.603709080081899e-05,2.639283445660112e-06,420215.187,1.0,413695.112078125,1.9421566041954998e-07,3068.1357059419793,4736.0,1.0,,317,,,,,,,,
10.665107732998877,0.004651499512923962,0.0470703125,0.17899021729826928,0.0,0.004895,4.0,0.20499999999999996,0.007753550024062861,0.09384128209203482,-0.0007372276391834021,4.428453334526239e-06,3.5291671842685444e-07,420320.28199999995,1.0,413508.90859375,1.9421566041954998e-07,3176.3848221326252,4736.0,1.0,,318,,,,,,,,
10.625583110999287,0.0037412363615365153,0.0431640625,0.17257271558046341,0.0,0.004847500000000001,4.0,0.2025,0.007313438578421483,0.09880338273942471,-0.0008363564382307231,3.501407835670989e-07,1.4623600268492966e-07,420028.426,1.0,413528.420546875,1.9421566041954998e-07,3209.3989091825556,4736.0,1.0,,319,,,,,,,,
11.43313582400151,0.0036782080691750707,0.041357421875,0.17558681182563304,0.0,0.0048000000000000004,4.0,0.19999999999999996,0.011290851305238903,0.09360999632626772,0.002960758772678673,1.5232102619222586e-07,1.2816187524578027e-07,420134.85,1.0,413636.129703125,1.9421566041954998e-07,2989.7170275477547,4736.0,1.0,0.5766863822937012,320,421207.24000000005,420503.309,418952.672,70000042,418290.4694000001,best_of_k,420503.309,1266.1306103349561
10.664015857000777,0.004572910212136705,0.047265625,0.19026343002915383,0.0,0.0047525000000000015,4.0,0.1975,0.008488330375985242,0.09332922156900167,-0.0005813728552311659,1.5197507234887554e-07,1.258066356868426e-07,420713.629,1.0,413318.9881875,1.9421566041954998e-07,3167.1551559159407,4736.0,1.0,,321,,,,,,,,
10.660531616998924,0.003993197174517249,0.0439453125,0.1760075394064188,0.0,0.004704999999999999,4.0,0.19499999999999995,0.009577937942231074,0.0877083195373416,0.0011901579680852592,1.2725519944467577e-07,1.1532485046927832e-07,419876.39400000003,1.0,413557.353921875,1.9421566041954998e-07,2951.6056580934764,4736.0,1.0,,322,,,,,,,,
10.65403604200037,0.002073496117185769,0.027587890625,0.18075002655386924,0.0,0.0046575,4.0,0.1925,0.007792009669356048,0.09356839694082737,-0.0008097706595435739,1.5131284314406912e-07,1.1613897878959279e-07,420815.076,1.0,413942.80390625005,1.9421566041954998e-07,3378.426615254562,4736.0,1.0,,323,,,,,,,,
10.57852851500138,0.0034353263405101585,0.041162109375,0.18151028901338578,0.0,0.0046099999999999995,4.0,0.18999999999999995,0.0016131630662130191,0.09497588016092777,-0.007024594373069704,1.5634648704576647e-07,1.327352610047683e-07,419137.445,1.0,413690.34640625,1.9421566041954998e-07,3052.486916313707,4736.0,1.0,,324,,,,,,,,
10.568915421001293,0.003304505760377907,0.04072265625,0.18665540628135205,0.0,0.004562500000000001,4.0,0.1875,0.004598432936472818,0.09285910967737436,-0.004310742486268282,1.396129315267558e-07,1.2097380288622617e-07,418930.213,1.0,413456.87971875,1.9421566041954998e-07,3038.6161684209405,4736.0,1.0,,325,,,,,,,,
10.540443344001687,0.002705416518231729,0.033984375,0.180788866430521,0.0,0.004515000000000002,4.0,0.18500000000000005,0.010501467261929066,0.08835370484739542,0.0018608782906085254,1.0977508431153638e-07,1.0254040176960188e-07,420184.199,1.0,413828.741328125,1.9421566041954998e-07,2847.4332780251884,4736.0,1.0,,326,,,,,,,,
10.610760196002957,0.003944407689265716,0.040576171875,0.1734462074935436,0.0,0.004467500000000001,4.0,0.1825,0.006260618355008773,0.09128635507076979,-0.002003933722153306,1.0957046683301997e-07,1.0440302542491508e-07,420203.403,1.0,413794.939546875,1.9421566041954998e-07,2952.116216735486,4736.0,1.0,,327,,,,,,,,
10.53946679800356,0.002957043808248372,0.0330078125,0.18040120266377926,0.0,0.004420000000000002,4.0,0.18000000000000005,0.0044924043759237975,0.09544846303761005,-0.0041058430564589795,1.198662987533794e-07,1.1448141936654111e-07,419519.723,1.0,413403.280453125,1.9421566041954998e-07,2526.437556403848,4736.0,1.0,,328,,,,,,,,
10.606185407999874,0.0022110538518333557,0.0287109375,0.19264937974512578,0.0,0.004372500000000001,4.0,0.1775,0.009744930057786405,0.09508140217512846,0.0005281484918668866,1.0185535526119338e-07,9.24651907041607e-08,419477.329,1.0,413547.63809375,1.9421566041954998e-07,2764.022050279412,4736.0,1.0,,329,,,,,,,,
11.442883962998167,0.0029520423451780075,0.036572265625,0.1779044445604086,0.0,0.0043250000000000025,4.0,0.17500000000000004,0.011522099055582657,0.09439356327056884,0.003035072621423751,1.046051917086288e-07,9.14108538196956e-08,419038.626,1.0,413346.724203125,1.9421566041954998e-07,3167.1965385427375,4736.0,1.0,0.5367453694343567,330,,,,,,,,
10.500455977999081,0.0027989190954134102,0.03486328125,0.18299059346318244,0.0,0.0042775,4.0,0.1725,0.0070019150211010125,0.09683916214853525,-0.001733464910648763,1.3013387754057248e-07,1.3131515199660271e-07,419156.633,1.0,413437.3961875,1.9421566041954998e-07,2976.10620166371,4736.0,1.0,,331,,,,,,,,
10.609939676000067,0.003911465680226556,0.038134765625,0.16964052245020866,0.0,0.004230000000000001,4.0,0.17000000000000004,0.010848854575306177,0.09235175382345914,0.0027574121369980274,1.1094171803449626e-07,1.0458973420668372e-07,419284.306,1.0,413455.330640625,1.9421566041954998e-07,3144.08987185608,4736.0,1.0,,332,,,,,,,,
10.70844648700222,0.005332451181665832,0.053369140625,0.1859938010573387,0.0,0.004182500000000002,4.0,0.16749999999999998,0.007393085793592036,0.09272505920380354,-0.0015188518911600113,1.1924350307168652e-07,1.1555685706099438e-07,418085.166,1.0,413157.299171875,1.9421566041954998e-07,2694.6837526411828,4736.0,1.0,,333,,,,,,,,
10.806730699998297,0.0026609629606497267,0.029296875,0.1744230404496193,0.0,0.004135,4.0,0.16500000000000004,0.0062254308082629,0.08994639534503221,-0.002123864530585706,1.2492944598818667e-07,1.1795120897772904e-07,419005.70900000003,1.0,412822.38,1.9421566041954998e-07,3108.367046750901,4736.0,1.0,,334,,,,,,,,
10.676975101003336,0.0025819540634660853,0.031640625,0.18043377287685872,0.0,0.004087500000000001,4.0,0.16249999999999998,0.016517498227767647,0.08619059398770332,0.007848028151784092,1.3304624246757157e-07,1.4363684357476815e-07,418923.84,1.0,412952.88275,1.9421566041954998e-07,2702.3157513746646,4736.0,1.0,,335,,,,,,,,
10.636774808001064,0.002948739509220388,0.03427734375,0.1716970708221197,0.0,0.004040000000000002,4.0,0.16000000000000003,0.006227584287989885,0.08619679380208253,-0.002009103330783546,1.1181693064798992e-07,1.1545426659154145e-07,419634.518,1.0,413157.2030625,1.9421566041954998e-07,3155.157809554663,4736.0,1.0,,336,,,,,,,,
10.590929612000764,0.0031222124482468416,0.039404296875,0.1720768090337515,0.0,0.0039924999999999995,4.0,0.15749999999999997,0.004438641524029663,0.08277708236128092,-0.0038347832509316505,1.1309684726512614e-07,1.1931730217185078e-07,418394.947,1.0,412399.17689062504,1.9421566041954998e-07,2691.0858988789814,4736.0,1.0,,337,,,,,,,,
10.565454530002171,0.00497491019665901,0.036328125,0.1643743809312582,0.0,0.003945000000000001,4.0,0.15500000000000003,0.00702548234257847,0.0830212414264679,-0.0008657884784042836,1.1759663589572256e-07,1.1669359416544012e-07,419251.382,1.0,413002.115578125,1.9421566041954998e-07,2808.7928290024593,4736.0,1.0,,338,,,,,,,,
10.368235218000336,0.0025801688447685935,0.0244140625,0.17154806703329087,0.0,0.0038975000000000017,4.0,0.15249999999999997,0.010678831214318053,0.08055905718356371,0.0024153436650522055,1.1056728279612572e-07,1.0316860237225e-07,419099.04000000004,1.0,412970.62118749996,1.9421566041954998e-07,2749.344469690731,4736.0,1.0,,339,,,,,,,,
11.343947127003048,0.001917367402612058,0.024560546875,0.17299811840057372,0.0,0.0038500000000000027,4.0,0.15000000000000002,0.008243298719753512,0.07944751456379891,-0.00010079783387482167,1.1250275786522934e-07,1.0560002579040884e-07,418439.0240000001,1.0,412586.65275,1.9421566041954998e-07,2751.4926123131618,4736.0,1.0,0.789454460144043,340,421207.24000000005,419350.44800000003,416491.965,70000042,416918.8819666666,best_of_k,419350.44800000003,1278.9838229295592
10.649840088000929,0.0020886836101734474,0.02578125,0.17389457561075689,0.0,0.0038025000000000003,4.0,0.14749999999999996,0.0036846799252089114,0.0797573110088706,-0.0047068385872989895,1.115939678442146e-07,1.1021482446693653e-07,418931.157,1.0,412546.00365625,1.9421566041954998e-07,2872.1385459900694,4736.0,1.0,,341,,,,,,,,
10.642751787003363,0.002549496130672324,0.030224609375,0.1732847850769758,0.0,0.0037550000000000014,4.0,0.14500000000000002,0.006865615458809771,0.07657617256045342,-0.0015111437765881418,1.052134976475827e-07,1.063925745725669e-07,419046.38300000003,1.0,412709.95121875,1.9421566041954998e-07,2937.9698784392963,4736.0,1.0,,342,,,,,,,,
10.700076395998622,0.0020524713195793965,0.025634765625,0.17474773451685904,0.0,0.003707499999999999,4.0,0.14249999999999996,0.008787376730469986,0.07756540477275849,0.0003374926396645606,1.0143108646332166e-07,1.2181138178135598e-07,419867.77200000006,1.0,413044.49065625004,1.9421566041954998e-07,2996.7526127217156,4736.0,1.0,,343,,,,,,,,
10.515607653000188,0.001960924597941549,0.02353515625,0.16430383697152137,0.0,0.00366,4.0,0.14,0.008877559634856879,0.0832450233399868,0.0009669843828305602,1.029270695340756e-07,9.971295948929537e-08,418856.81999999995,1.0,413170.262859375,1.9421566041954998e-07,2934.5677394381614,4736.0,1.0,,344,,,,,,,,
10.351500295000733,0.0031385057667613126,0.025830078125,0.1719898957759142,0.0,0.003612500000000001,4.0,0.13749999999999996,0.015596676678978839,0.08154999762773514,0.007291712216101587,9.930714419681408e-08,1.1786278051317822e-07,419407.771,1.0,413590.695984375,1.9421566041954998e-07,2871.2892368423886,4736.0,1.0,,345,,,,,,,,
10.339783678999083,0.0037203864719847603,0.03427734375,0.17196920551359654,0.0,0.003565000000000002,4.0,0.135,0.014546108656213618,0.0830002088099718,0.006243456015363335,1.3535682832355179e-07,1.4890070971773638e-07,419330.86100000003,1.0,413210.49534375,1.9421566041954998e-07,2985.633116232068,4736.0,1.0,,346,,,,,,,,
10.390346783002315,0.0031026345834725077,0.0349609375,0.1638184893876314,0.0,0.0035175,4.0,0.13249999999999995,0.007120068010408431,0.08134593572467566,-0.0007847780361771584,9.763130499607087e-08,9.258927100574965e-08,419825.78900000005,1.0,413582.56104687497,1.9421566041954998e-07,3076.1234715825994,4736.0,1.0,,347,,,,,,,,
10.343751020001946,0.002024769806179094,0.023779296875,0.16124112643301486,0.0,0.003470000000000001,4.0,0.13,0.004633921233471483,0.07671270705759525,-0.0031620353693142533,1.1356306952592377e-07,1.631571260318765e-07,419018.804,1.0,413370.920046875,1.9421566041954998e-07,2999.464524681058,4736.0,1.0,,348,,,,,,,,
10.511802791002992,0.0018311278397472818,0.0197265625,0.1670608099550009,0.0,0.0034224999999999985,4.0,0.12749999999999995,0.0069058266235515475,0.07944278921931983,-0.0011754016857594251,1.0108018955179432e-07,1.4099211647078392e-07,419351.17100000003,1.0,413812.175359375,1.9421566041954998e-07,2941.692748126491,4736.0,1.0,,349,,,,,,,,
11.180197511999722,0.002618657524795154,0.029736328125,0.16422975733876227,0.0,0.0033749999999999995,4.0,0.125,0.00765801367815584,0.0786048773676157,-0.00028825197368860246,1.1030570252756889e-07,1.1485082218598563e-07,420285.55100000004,1.0,413652.721625,1.9421566041954998e-07,2792.50802287809,4736.0,1.0,0.5984183549880981,350,,,,,,,,
10.438278530000389,0.0015311287022683473,0.017138671875,0.17553180903196336,0.0,0.0033275000000000006,4.0,0.12250000000000005,0.0034695271315285936,0.08093756567686797,-0.005037815566174686,1.2805512046298871e-07,1.174947922066849e-07,420274.06200000003,1.0,414161.67696875,1.9421566041954998e-07,3027.550112541672,4736.0,1.0,,351,,,,,,,,
10.463777147997462,0.0013071928076342943,0.01435546875,0.1780194215476513,0.0,0.0032800000000000017,4.0,0.12,0.00482637332752347,0.07847652407363057,-0.003817258938215673,1.2202911552350316e-07,1.0400063068516375e-07,420794.536,1.0,413808.003859375,1.9421566041954998e-07,3046.460493194759,4736.0,1.0,,352,,,,,,,,
10.636770547000197,0.001734766567051338,0.01796875,0.17571000419557095,0.0,0.0032325000000000027,4.0,0.11750000000000005,0.011530176305677741,0.07941341996192933,0.0030013034120202065,1.4698707744287277e-07,1.2247089227201967e-07,419649.406,1.0,413644.09807812504,1.9421566041954998e-07,3152.3257701378975,4736.0,1.0,,353,,,,,,,,
10.843007835999742,0.0018681614828562232,0.020849609375,0.16924650073051453,0.0,0.0031850000000000003,4.0,0.11499999999999999,0.008660848916042596,0.07485388107597828,0.00043685222044587135,1.3759264199109112e-07,1.3467328958682855e-07,420630.449,1.0,413668.91396875004,1.9421566041954998e-07,2838.816622193195,4736.0,1.0,,354,,,,,,,,
10.674237459999858,0.0019619101702128107,0.025,0.1657599348574877,0.0,0.0031375000000000014,4.0,0.11250000000000004,-0.0020302313030697407,0.07476928792893886,-0.0100837197387591,1.1501000454217092e-07,1.3838246211150816e-07,419519.561,1.0,413823.10746875004,1.9421566041954998e-07,2890.0296201154083,4736.0,1.0,,355,,,,,,,,
10.623566445003235,0.0010274078613335292,0.010009765625,0.16506339497864247,0.0,0.003089999999999999,4.0,0.10999999999999999,0.009658013716398272,0.07432354111224412,0.0016344319912604988,1.1512671900248961e-07,1.1973398166276185e-07,420576.80600000004,1.0,414062.49432812503,1.9421566041954998e-07,2658.631904707993,4736.0,1.0,,356,,,,,,,,
10.743638184001611,0.002188269768749684,0.02412109375,0.16604970917105674,0.0,0.0030425,4.0,0.10750000000000004,0.007062505884096027,0.07782523725181818,-0.0010033112950623036,1.2730953056205862e-07,2.0462621801442539e-07,420759.43100000004,1.0,413816.690359375,1.9421566041954998e-07,3131.2167706173286,4736.0,1.0,,357,,,,,,,,
10.649886636998417,0.0013797564207141733,0.016064453125,0.1707543909549713,0.0,0.002995000000000001,4.0,0.10499999999999998,0.009233294214936905,0.07901086416095496,0.0009320736862719059,1.0871502666986999e-07,2.5304695192573947e-07,419305.86500000005,1.0,413689.523671875,1.9421566041954998e-07,2760.7662940832406,4736.0,1.0,,358,,,,,,,,
10.596804698998312,0.001744568521006329,0.019091796875,0.15542067736387252,0.0,0.002947500000000002,4.0,0.10250000000000004,0.0034308891219552605,0.0809074055403471,-0.004101763037033379,1.122267313746761e-07,1.6219050777976917e-07,419672.114,1.0,413993.08396874997,1.9421566041954998e-07,2843.958290727662,4736.0,1.0,,359,,,,,,,,
11.576901087999431,0.0014240116491698984,0.01845703125,0.16788269579410553,0.0,0.0029,4.0,0.09999999999999998,0.0022175710888404864,0.0812477007508278,-0.00594102384056896,1.2345275397507293e-07,1.3202050439531376e-07,419477.308,1.0,413673.0420625,1.9421566041954998e-07,3195.8547829916492,4736.0,1.0,0.5753859877586365,360,421207.24000000005,420421.97000000003,418323.064,70000042,418611.3861333334,best_of_k,420421.97000000003,1057.7986866062975
10.667853653998463,0.0017630613272988428,0.01982421875,0.17602340281009674,0.0,0.002852500000000001,4.0,0.09750000000000003,0.0021335366531275214,0.08549191504716873,-0.00642386837862432,1.4309470763862464e-07,1.726091994669332e-07,420232.429,1.0,413821.67064062506,1.9421566041954998e-07,2768.4128409236077,4736.0,1.0,,361,,,,,,,,
10.700680784000724,0.0018343416092575283,0.022265625,0.17758638225495815,0.0,0.002805000000000002,4.0,0.09499999999999997,0.0080761025485117,0.08551600500941277,-0.0005634080502204597,1.1609655352629033e-07,1.0313849934107111e-07,420881.992,1.0,413796.766109375,1.9421566041954998e-07,3181.153688294615,4736.0,1.0,,362,,,,,,,,
10.634022031001223,0.0013738397219297481,0.015234375,0.17508890777826308,0.0,0.002757500000000003,4.0,0.09250000000000003,0.008503496315097437,0.08221502136439085,-2.429727464914322e-05,1.0672393440103178e-07,9.094680635257646e-08,419844.36399999994,1.0,413732.0070625,1.9421566041954998e-07,3212.646230125941,4736.0,1.0,,363,,,,,,,,
10.507198718001746,0.003357808631276882,0.029931640625,0.17777854315936564,0.0,0.0027100000000000006,4.0,0.08999999999999997,0.00993638600812119,0.08081751428544522,0.0012664106441661715,1.1365785983485921e-07,1.0492047621823986e-07,420555.239,1.0,413521.28750000003,1.9421566041954998e-07,3107.856752421671,4736.0,1.0,,364,,,,,,,,
10.485162578002928,0.0027858645646817947,0.033984375,0.17720461674034596,0.0,0.0026625000000000017,4.0,0.08750000000000002,0.013213296845788137,0.07713214922696351,0.004558369820006192,1.099315884545149e-07,9.939670508885001e-08,419338.682,1.0,413822.747171875,1.9421566041954998e-07,2808.539968000248,4736.0,1.0,,365,,,,,,,,
10.605551254997408,0.0014374782306843415,0.015673828125,0.18056910932064058,0.0,0.0026149999999999993,4.0,0.08499999999999996,0.009294162568403408,0.07822380140423775,0.0004702032427303493,1.1119393015235345e-07,9.605680002522377e-08,420497.245,1.0,413636.76682812505,1.9421566041954998e-07,3037.0011686886114,4736.0,1.0,,366,,,,,,,,
10.641275837999274,0.0022204028341384686,0.025390625,0.17311149053275585,0.0,0.0025675000000000003,4.0,0.08250000000000002,0.004658689856296405,0.0745104730129242,-0.0038056446705013514,1.0818864204509282e-07,1.0841728972366128e-07,419657.874,1.0,413943.41901562497,1.9421566041954998e-07,2716.834134439796,4736.0,1.0,,367,,,,,,,,
10.650061499000003,0.0012414604524822793,0.013818359375,0.16417671069502832,0.0,0.0025200000000000014,4.0,0.07999999999999996,0.00792745123471832,0.07809485625475646,-8.46414128318429e-05,1.0354947352908538e-07,9.152586493144099e-08,420047.775,1.0,414060.6368125,1.9421566041954998e-07,2756.0469578728676,4736.0,1.0,,368,,,,,,,,
10.507650938998268,0.0011719392302126153,0.010693359375,0.16955690421164035,0.0,0.0024725000000000025,4.0,0.07750000000000001,0.01347719412879087,0.07811648659408092,0.00519243567250669,9.765220898572124e-08,9.328459640300935e-08,420509.66900000005,1.0,413680.67775000003,1.9421566041954998e-07,2759.8431638181114,4736.0,1.0,,369,,,,,,,,
11.359177209000336,0.0018819991739508879,0.022607421875,0.17191474176943303,0.0,0.002425,4.0,0.07499999999999996,0.00914323969045654,0.08099891059100628,0.000743859278736636,1.1411764671009905e-07,1.0822376115271481e-07,419658.391,1.0,414147.15343750006,1.9421566041954998e-07,2924.9179141277555,4736.0,1.0,0.5464209914207458,370,,,,,,,,
10.695031258997915,0.0008547652551090579,0.007470703125,0.15713401660323142,0.0,0.002377500000000001,4.0,0.07250000000000001,0.0012636707462661434,0.08224279191344977,-0.006397560192272067,1.1487546540678295e-07,1.009439332122497e-07,419771.80799999996,1.0,413921.5758125,1.9421566041954998e-07,2866.615122345097,4736.0,1.0,,371,,,,,,,,
10.515033940999274,0.0011060467099419213,0.0109375,0.16614026874303817,0.0,0.0023299999999999987,4.0,0.06999999999999995,0.010220779406154179,0.0849924735724926,0.0021117338445037605,1.2058136888981608e-07,1.0413713606993724e-07,419403.96,1.0,413748.38125000003,1.9421566041954998e-07,2821.3003262177263,4736.0,1.0,,372,,,,,,,,
10.582060397999157,0.001969458765829657,0.025732421875,0.16696268692612648,0.0,0.0022825,4.0,0.0675,0.006475012282317038,0.08482462223619222,-0.0016795742558315396,1.2823917021620447e-07,1.0242904124879715e-07,420308.819,1.0,413864.270265625,1.9421566041954998e-07,3098.1284064731176,4736.0,1.0,,373,,,,,,,,
10.701662997002131,0.001193807459806706,0.01494140625,0.17646361589431764,0.0,0.002235000000000001,4.0,0.06499999999999995,0.012953565118368714,0.08355416525155306,0.004317053686827421,1.4288014860142084e-07,1.1831212614055175e-07,420385.52999999997,1.0,413996.99696875,1.9421566041954998e-07,3219.3224753758636,4736.0,1.0,,374,,,,,,,,
10.692101210999681,0.0017327011559908456,0.01943359375,0.17409226000308992,0.0,0.002187500000000002,4.0,0.0625,0.006724618264706805,0.081400285102427,-0.001802004943601787,1.300310831453544e-07,1.203052960363493e-07,419867.12700000004,1.0,413845.361296875,1.9421566041954998e-07,3008.887935095805,4736.0,1.0,,375,,,,,,,,
10.627902580999944,0.0014263195827432184,0.01318359375,0.1915263134986162,0.0,0.002140000000000003,4.0,0.06000000000000005,0.005521857686107978,0.07814888674765826,-0.0038872902397997676,1.3491684445199325e-07,1.1456622317496112e-07,419878.85699999996,1.0,413792.857109375,1.9421566041954998e-07,3196.6842207067853,4736.0,1.0,,376,,,,,,,,
10.608479500999238,0.0010656345239038246,0.011669921875,0.18094065487384797,0.0,0.0020925000000000006,4.0,0.057499999999999996,0.004493762963829795,0.07469716276973486,-0.0043970270431600515,1.157022087028281e-07,1.0016421132519327e-07,419947.20200000005,1.0,414198.668890625,1.9421566041954998e-07,2854.8660290019475,4736.0,1.0,,377,,,,,,,,
10.577571943998919,0.0012899811077868861,0.01298828125,0.17426412515342235,0.0,0.0020450000000000017,4.0,0.05500000000000005,0.005029413405281957,0.07367211496457457,-0.003533192537724972,1.0940864800801364e-07,9.516469461345878e-08,418457.3520000001,1.0,414036.172859375,1.9421566041954998e-07,2637.285538432348,4736.0,1.0,,378,,,,,,,,
10.61188626099829,0.00098240062391195,0.0115234375,0.17587364353239537,0.0,0.0019974999999999993,4.0,0.05249999999999999,0.008308220899198204,0.07307091522961855,-0.00033956316765397786,1.1556952212998795e-07,9.919868926289155e-08,420359.256,1.0,413926.98025,1.9421566041954998e-07,3003.072571342033,4736.0,1.0,,379,,,,,,,,
11.406750463000208,0.0009351540798963498,0.008447265625,0.16945584006607534,0.0,0.0019500000000000003,4.0,0.050000000000000044,0.008046847704099492,0.07353931833058595,-0.0002825927571393549,9.566097194380064e-08,8.072739525744055e-08,420145.87200000003,1.0,414150.437359375,1.9421566041954998e-07,2718.8044110701053,4736.0,1.0,0.5887532830238342,380,421207.24000000005,420292.141,418089.43999999994,70000042,418336.17019999993,best_of_k,420292.141,1088.0695104871645
