elapsed_seconds,optimization_approximate_kl,optimization_clip_fraction,optimization_count_loss,optimization_early_kl_stop,optimization_entropy_coefficient,optimization_epochs_completed,optimization_learning_rate_fraction,optimization_loss,optimization_normalized_entropy,optimization_policy_loss,optimization_q_loss,optimization_value_loss,rollout_best_objective,rollout_feasible_rate,rollout_mean_objective,rollout_reward_scale,rollout_std_objective,rollout_transitions,rollout_vectorized_rollouts,self_imitation_loss,update,validation_archive_best_objective,validation_best_of_k_objective,validation_deterministic_objective,validation_fixed_validation_seed,validation_mean_stochastic_objective,validation_selection_metric,validation_selection_objective,validation_std_stochastic_objective
4.050892336999823,0.013050409645074978,0.17266845703125,0.0,0.0,0.0199525,4.0,0.9975,-0.013295819255290553,0.8121100384742022,-0.005651772735291161,0.07492813088538242,0.002133531976141967,79186.82925,1.0,59094.87505078125,3.240182671778487e-06,6852.283955702585,3840.0,1.0,,1,79186.82925,74759.66325,0.0,70000042,64287.550383333335,best_of_k,74759.66325,6027.787327289143
4.086391696000646,0.009142449307546485,0.157958984375,0.0,0.0,0.019905,4.0,0.995,-0.026340405631344765,0.8111287951469421,-0.011584636580664665,0.013135727677763498,0.0001523541213828139,75101.67325,1.0,64509.0078203125,3.240182671778487e-06,5210.307237172699,3840.0,1.0,,2,,,,,,,,
3.981173078000211,0.009430659698409727,0.14227294921875,0.0,0.0,0.0198575,4.0,0.9925,-0.025410473434021696,0.7938018180429935,-0.009813202603254467,0.0007018597952992423,0.00019092485399596626,84133.4445,1.0,69059.37691406251,3.240182671778487e-06,5711.023394700097,3840.0,1.0,,3,,,,,,,,
3.979747760000464,0.008577794327720767,0.13067626953125,0.0,0.0,0.01981,4.0,0.99,-0.01951475661189761,0.771994274109602,-0.00435414575622417,0.00029582525576188345,0.00020602660970325815,87179.00799999999,1.0,73780.19965625,3.240182671778487e-06,5667.19303493504,3840.0,1.0,,4,,,,,,,,
3.9384455979998165,0.006166194478282705,0.0860595703125,0.0,0.0,0.0197625,4.0,0.9875,-0.018990694457897916,0.7438700757920742,-0.004360469552921131,0.00018996466951648472,0.00010302130749550997,86880.86875,1.0,79280.46312109374,3.240182671778487e-06,4454.389496411126,3840.0,1.0,,5,,,,,,,,
4.0308128329998,0.0068622912622231524,0.09930419921875,0.0,0.0,0.019715,4.0,0.985,-0.01704524044180289,0.7107575088739395,-0.003092424463829957,0.00014184189376464929,9.116907313000411e-05,88343.63324999998,1.0,82374.3103359375,3.240182671778487e-06,3494.5742883813864,3840.0,1.0,,6,,,,,,,,
3.9844982320009876,0.007596954015752999,0.0872802734375,0.0,0.0,0.0196675,4.0,0.9825,-0.015574469289276749,0.6834782399237156,-0.0021821884147357196,0.00011241299330322363,7.757301648325665e-05,90907.01849999999,1.0,84331.69131640624,3.240182671778487e-06,2958.085677609043,3840.0,1.0,,7,,,,,,,,
3.96853216800082,0.006571757021447411,0.0858154296875,0.0,0.0,0.019620000000000002,4.0,0.98,-0.018016711837844923,0.6702745854854584,-0.0049000519211404026,8.971994884632295e-05,5.031011573919386e-05,91462.85749999998,1.0,86068.03058984375,3.240182671778487e-06,2851.5485394339557,3840.0,1.0,,8,,,,,,,,
4.109830886000054,0.006433971004298655,0.0810546875,0.0,0.0,0.0195725,4.0,0.9775,-0.017277445032959804,0.6616161204874516,-0.004351309180492535,6.533003579534125e-05,3.3624920831698546e-05,92671.72475,1.0,88563.60425781249,3.240182671778487e-06,2189.6634728939716,3840.0,1.0,,9,,,,,,,,
3.9694735869998112,0.008344545152795035,0.09637451171875,0.0,0.0,0.019525,4.0,0.975,-0.018488593603251502,0.6353230401873589,-0.006103695894125849,5.602552380423731e-05,2.836498026681511e-05,94290.63799999999,1.0,89486.034515625,3.240182671778487e-06,2410.2045023028963,3840.0,1.0,,10,,,,,,,,
4.0267374140003085,0.007104036645614542,0.079833984375,0.0,0.0,0.019477500000000002,4.0,0.9725,-0.015997380076441914,0.6221100948750973,-0.0038957128126639873,4.420294555984583e-05,2.212375147792045e-05,95375.44875,1.0,90736.14459375001,3.240182671778487e-06,1871.3023435126936,3840.0,1.0,,11,,,,,,,,
4.010579482999674,0.00879685617837822,0.09503173828125,0.0,0.0,0.01943,4.0,0.97,-0.016549888416193426,0.5886594653129578,-0.005131170473759994,3.973901459630724e-05,2.992180628780261e-05,96133.95799999998,1.0,92890.77663671874,3.240182671778487e-06,1555.937455052124,3840.0,1.0,,12,,,,,,,,
3.9392109460004576,0.012951125816471176,0.1402587890625,0.0,0.0,0.0193825,4.0,0.9675,-0.01078149356180802,0.5793768987059593,0.00043294395436532795,3.704757921241253e-05,2.326031506072468e-05,98251.68075,1.0,93944.90944140624,3.240182671778487e-06,2007.133732756884,3840.0,1.0,,13,,,,,,,,
4.401311880999856,0.006186170106957434,0.07025146484375,0.0,0.0,0.019335,4.0,0.965,-0.015071076762978919,0.593239076435566,-0.003612383079598658,3.214487929881216e-05,1.6738420015371958e-05,97354.02750000001,1.0,94348.013515625,3.240182671778487e-06,1435.504571804641,3840.0,1.0,,14,,,,,,,,
4.138266076999571,0.011948552069952711,0.1527099609375,0.0,0.0,0.0192875,4.0,0.9625,-0.013473389612045139,0.5822656098753214,-0.00225492098252289,2.964354149526116e-05,1.8030796695711615e-05,99229.539,1.0,95426.07558203125,3.240182671778487e-06,1501.7939603748443,3840.0,1.0,,15,,,,,,,,
4.156633103999411,0.009390225743118208,0.11181640625,0.0,0.0,0.01924,4.0,0.96,-0.0167112640774576,0.5638826489448547,-0.0058807505265576765,3.86593872008234e-05,2.9444932096112097e-05,99381.95324999999,1.0,95761.45428515624,3.240182671778487e-06,1848.4827034743898,3840.0,1.0,,16,,,,,,,,
4.120375727999999,0.00543585749619524,0.06842041015625,0.0,0.0,0.0191925,4.0,0.9575,-0.011337887772242539,0.5328520303592086,-0.001135882135713473,3.3155276241814136e-05,4.288325541779159e-05,98552.32400000001,1.0,96835.06885546875,3.240182671778487e-06,1005.8055966327025,3840.0,1.0,,17,,,,,,,,
4.465854899000988,0.0067283666830917355,0.07861328125,0.0,0.0,0.019145,4.0,0.955,-0.011641144781606272,0.535140985623002,-0.0014261328324209899,2.8127345672146475e-05,5.4899905165939344e-05,99844.92450000001,1.0,97099.52551171873,3.240182671778487e-06,1369.7938133531243,3840.0,1.0,,18,,,,,,,,
4.179092411999591,0.0075903883698629215,0.09576416015625,0.0,0.0,0.0190975,4.0,0.9525,-0.007536338074714877,0.513444222509861,0.0019401093013584614,0.00017368588686395015,0.0006233696920503462,99788.01225000001,1.0,97447.69023046875,3.240182671778487e-06,1320.7606130026518,3840.0,1.0,,19,,,,,,,,
4.257647206999536,0.009791853954084218,0.08843994140625,0.0,0.0,0.01905,4.0,0.95,-0.005758014347520657,0.5125957643613219,0.003968862438341603,9.136023373912394e-05,5.787211870256215e-05,100076.36625,1.0,97483.5670703125,3.240182671778487e-06,1266.2978225054565,3840.0,1.0,,20,100076.36625,100210.89825,100102.81374999999,70000042,97551.06593333333,best_of_k,100210.89825,1409.673055221234
4.137129558999732,0.009870861798844999,0.10882568359375,0.0,0.0,0.019002500000000002,4.0,0.9475,-0.0026887457497650757,0.4998953863978386,0.006796564950491302,3.305277101617321e-05,2.12933711623009e-05,99816.54574999999,1.0,97460.9711171875,3.240182671778487e-06,1589.133122944416,3840.0,1.0,,21,,,,,,,,
4.162859562000449,0.0058722871872305404,0.06201171875,0.0,0.0,0.018955,4.0,0.945,-0.008359349361853674,0.49006578885018826,0.0009191743447445333,2.840349509369844e-05,1.5665983454482557e-05,100121.51025,1.0,97609.26983984374,3.240182671778487e-06,1475.9235411356726,3840.0,1.0,,22,,,,,,,,
4.212478360999739,0.006905580536113121,0.07220458984375,0.0,0.0,0.0189075,4.0,0.9425,-0.012753052171319723,0.47538200952112675,-0.0037735093501396477,2.192670217482373e-05,1.3101795758529988e-05,100518.84025,1.0,98101.52780078124,3.240182671778487e-06,1094.4953203999419,3840.0,1.0,,23,,,,,,,,
4.07659447199876,0.007320422068005428,0.08331298828125,0.0,0.0,0.018860000000000002,4.0,0.94,-0.006117804819950834,0.4628663146868348,0.0026039963704533875,1.748156202552309e-05,1.221812075868911e-05,100016.93800000001,1.0,98193.78140625,3.240182671778487e-06,1114.491101803391,3840.0,1.0,,24,,,,,,,,
4.144207527000617,0.006962116760405479,0.088623046875,0.0,0.0,0.0188125,4.0,0.9375,-0.010370273550506681,0.4535573488101363,-0.0018442688160575926,1.7686596834209922e-05,9.548734823283667e-06,100505.04024999999,1.0,98849.66153515625,3.240182671778487e-06,1045.8476370752098,3840.0,1.0,,25,,,,,,,,
4.108647633000146,0.007049630989058642,0.08477783203125,0.0,0.0,0.018765,4.0,0.935,-0.010989025948219933,0.43841996137052774,-0.0027677505859173834,1.4806210117512819e-05,8.389812435893873e-06,100334.84025000001,1.0,98845.84109375,3.240182671778487e-06,1012.0787650987072,3840.0,1.0,,26,,,,,,,,
4.130064790000688,0.006416637028451078,0.0718994140625,0.0,0.0,0.0187175,4.0,0.9325,-0.013225276867160574,0.42419039085507393,-0.005292324596666731,1.5320955412789772e-05,1.059672317182958e-05,100304.21825,1.0,99109.4167109375,3.240182671778487e-06,803.2326783523348,3840.0,1.0,,27,,,,,,,,
4.283609582000281,0.008883391728886636,0.0892333984375,0.0,1.0,0.01867,4.0,0.9299999999999999,-0.0025361856241943315,0.4075970873236656,0.00506273600331042,4.966833452613173e-05,1.1899238160140158e-05,100452.3495,1.0,99200.60100781248,3.240182671778487e-06,845.6853593884179,3840.0,1.0,,28,,,,,,,,
4.401654874000087,0.00657027781198849,0.06903076171875,0.0,0.0,0.0186225,4.0,0.9275,-0.0053443185170181096,0.3886361140757799,0.0018619426409713924,0.00021159609565302162,1.991055016503651e-05,100390.91699999997,1.0,99411.84699609375,3.240182671778487e-06,694.3434849933368,3840.0,1.0,,29,,,,,,,,
4.337867893000293,0.004820338006538805,0.05218505859375,0.0,0.0,0.018575,4.0,0.925,-0.0037380979192676023,0.37713894806802273,0.003236890464904718,0.00023580627956221178,1.3573392493526626e-05,100552.85374999998,1.0,99610.1748359375,3.240182671778487e-06,603.3909440840824,3840.0,1.0,,30,,,,,,,,
4.303205620999506,0.007604026162880473,0.073486328125,0.0,0.0,0.018527500000000002,4.0,0.9225,-0.0044859320696559735,0.3863890888169408,0.0026612537330947816,6.627148533766558e-05,1.0021596807519018e-05,100628.93075,1.0,99631.60508984375,3.240182671778487e-06,561.4639057186189,3840.0,1.0,,31,,,,,,,,
4.290679075000298,0.005512669828021899,0.054443359375,0.0,0.0,0.01848,4.0,0.92,-0.0078920714877313,0.38417741749435663,-0.0007974494365043938,2.1662474466666026e-05,5.619831725311997e-06,100294.11374999999,1.0,99510.72118749999,3.240182671778487e-06,533.1736920327786,3840.0,1.0,,32,,,,,,,,
4.331481861001521,0.011265338405792136,0.10382080078125,0.0,0.0,0.0184325,4.0,0.9175,-0.004266960648237728,0.3740489361807704,0.0026242343592457473,1.2821278261299085e-05,4.358933011872068e-06,100573.4565,1.0,99690.4348359375,3.240182671778487e-06,549.5419845943237,3840.0,1.0,,33,,,,,,,,
4.107001942000352,0.003298848958365852,0.03668212890625,0.0,0.0,0.018385,4.0,0.915,-0.008007819502381608,0.3625682210549712,-0.0013448809913825244,1.115497595094439e-05,3.5261652584495096e-06,100641.38175,1.0,99851.72594921874,3.240182671778487e-06,352.5897950467516,3840.0,1.0,,34,,,,,,,,
4.10985142500067,0.0044352568984322716,0.05413818359375,0.0,0.0,0.0183375,4.0,0.9125,-0.00583646006998606,0.3700863979756832,0.0009466387273278087,1.2290546735016505e-05,4.261809486649781e-06,100510.27400000002,1.0,99873.817359375,3.240182671778487e-06,446.3312228032377,3840.0,1.0,,35,,,,,,,,
4.054857261000507,0.005712177484383574,0.06402587890625,0.0,0.0,0.01829,4.0,0.91,-0.005464405825478025,0.3520048102363944,0.0009710259473649785,7.750981893650533e-06,3.921400896444993e-06,100653.75599999998,1.0,99847.592125,3.240182671778487e-06,500.79524386781753,3840.0,1.0,,36,,,,,,,,
4.112110526999459,0.00824979299432016,0.083251953125,0.0,0.0,0.018242500000000002,4.0,0.9075,-0.004703326296294108,0.34291493613272905,0.001135514088673517,0.001214550146187321,0.0005906599502054632,100761.9995,1.0,100020.88459765624,3.240182671778487e-06,400.65745800676876,3840.0,1.0,,37,,,,,,,,
4.091815216999748,0.009399953287356766,0.11541748046875,0.0,0.0,0.018195,4.0,0.905,-0.0068747578843613155,0.33881258498877287,-0.0008307273674290627,0.0005873253389268029,0.00012386354524096532,100865.98375,1.0,99972.216765625,3.240182671778487e-06,535.5349680266921,3840.0,1.0,,38,,,,,,,,
4.151548988000286,0.0058850572640949395,0.06695556640625,0.0,0.0,0.0181475,4.0,0.9025,-0.008460689074127004,0.3355022268369794,-0.0024575330171501264,5.02206057717558e-05,0.00016069824408759814,100730.13524999999,1.0,100069.345140625,3.240182671778487e-06,387.7241886862949,3840.0,1.0,,39,,,,,,,,
4.3265877590001764,0.008892902325897012,0.0596923828125,0.0,0.0,0.0181,4.0,0.9,-0.007271734779351391,0.3446379108354449,-0.0010482193029019982,1.1973921658636755e-05,2.6467749592029577e-05,100725.91925000002,1.0,99859.00288281249,3.240182671778487e-06,622.7511328118802,3840.0,1.0,,40,100865.98375,100677.01075000002,100519.72099999999,70000042,100084.16932500001,best_of_k,100677.01075000002,476.8760892466584
4.094216458999654,0.006933662050869316,0.07220458984375,0.0,0.0,0.0180525,4.0,0.8975,-0.0035067980061285198,0.33811386674642563,0.0025667105801403522,9.706200273740251e-06,5.864113252584957e-05,100987.9875,1.0,100198.56249218748,3.240182671778487e-06,291.35259462769335,3840.0,1.0,,41,,,,,,,,
4.110214567999719,0.005250110658380436,0.052978515625,0.0,0.0,0.018005,4.0,0.895,-0.006163929218018893,0.33754110150039196,-0.00011251581599935889,1.0984372764255568e-05,4.983224560817234e-05,100914.028,1.0,100131.7213515625,3.240182671778487e-06,414.2029841943241,3840.0,1.0,,42,,,,,,,,
4.041874883998389,0.011610652345552808,0.09088134765625,0.0,1.0,0.0179575,4.0,0.8925,-0.003887918923282996,0.31382618471980095,0.0017443858087062836,7.740652065990616e-06,4.908377491119609e-06,100825.29474999999,1.0,100269.14726562501,3.240182671778487e-06,296.1460896874987,3840.0,1.0,,43,,,,,,,,
4.067714593000346,0.008126894012093544,0.083251953125,0.0,0.0,0.017910000000000002,4.0,0.89,0.0001890142448246479,0.3064187979325652,0.005673695472069085,6.998330960072963e-06,5.1600348456304346e-06,100780.67275000001,1.0,100204.396875,3.240182671778487e-06,412.919839578442,3840.0,1.0,,44,,,,,,,,
4.0216105109993805,0.006728795306116808,0.07366943359375,0.0,0.0,0.0178625,4.0,0.8875,-0.005471934848173987,0.30929095577448606,4.991020978195593e-05,5.100324301565706e-06,4.708874897119131e-06,101101.88175,1.0,100349.89494921875,3.240182671778487e-06,362.69820989817623,3840.0,1.0,,45,,,,,,,,
4.184395739001047,0.012506502385804197,0.09967041015625,0.0,1.0,0.017815,4.0,0.885,-0.0035185183951398358,0.2956762779504061,0.001746429450577125,5.5516048291792686e-06,3.939284169973689e-06,101072.55075,1.0,100402.30124218749,3.240182671778487e-06,233.88452245923088,3840.0,1.0,,46,,,,,,,,
3.797669996998593,0.030867184432281647,0.18701171875,0.0,1.0,0.017767500000000002,2.0,0.8825000000000001,0.009904327685944736,0.28827028907835484,0.01502330444054678,1.0115366649188218e-05,3.7079029766573512e-06,101236.90825000001,1.0,100326.0837109375,3.240182671778487e-06,346.18214333673865,3840.0,1.0,,47,,,,,,,,
4.111288898999192,0.007821323932148516,0.0823974609375,0.0,0.0,0.01772,4.0,0.88,-0.004054546167026274,0.3019892554730177,0.0012928477226523682,1.4636388144140255e-05,4.785280168562167e-06,100860.7715,1.0,99858.8595234375,3.240182671778487e-06,639.5297287844585,3840.0,1.0,,48,,,,,,,,
4.098444794999523,0.00674105147481896,0.08453369140625,0.0,0.0,0.0176725,4.0,0.8775,-0.0033539212017785758,0.3026804495602846,0.0019911952258553356,9.129008461172816e-06,6.180127357424681e-06,100831.63375,1.0,100032.901875,3.240182671778487e-06,618.6654265469889,3840.0,1.0,,49,,,,,,,,
4.085792633000892,0.004829951234569307,0.04949951171875,0.0,0.0,0.017625000000000002,4.0,0.875,-0.007460689877916593,0.3002445073798299,-0.0021718632779084146,6.759026533131873e-06,4.613368609795998e-06,101131.3525,1.0,100039.09982421875,3.240182671778487e-06,581.6098771019401,3840.0,1.0,,50,,,,,,,,
4.067794708000292,0.005901735828956589,0.06982421875,0.0,0.0,0.0175775,4.0,0.8725,-0.0027464854429126717,0.30271290615200996,0.00257139460882172,1.2313527491869536e-05,3.647957854013839e-06,101067.33174999998,1.0,100161.51780078124,3.240182671778487e-06,517.8970196237675,3840.0,1.0,,51,,,,,,,,
4.029514133999328,0.008042378063692013,0.076416015625,0.0,0.0,0.01753,4.0,0.87,-0.006347935559460893,0.3129589231684804,-0.0009278737707063556,0.0006385033121460992,4.5161612192146094e-06,101028.2495,1.0,99979.0088203125,3.240182671778487e-06,645.4247031646636,3840.0,1.0,,52,,,,,,,,
3.9893326940000406,0.010464759332535323,0.0947265625,0.0,0.0,0.0174825,4.0,0.8674999999999999,-0.0030135302658891305,0.30300327204167843,0.0013692677894141525,0.009036926130647771,2.1528707861762086e-05,101292.82949999999,1.0,100017.3982578125,3.240182671778487e-06,537.9968543896886,3840.0,1.0,,53,,,,,,,,
4.020573829000568,0.008201682354410877,0.076904296875,0.0,0.0,0.017435,4.0,0.865,-0.0016145476256497204,0.3084006952121854,0.0033554211986484006,0.0040165420541598,1.068485080679693e-05,101012.0425,1.0,100263.70973828125,3.240182671778487e-06,384.4563514245769,3840.0,1.0,,54,,,,,,,,
3.9971437959993636,0.0055128002786659636,0.0640869140625,0.0,0.0,0.0173875,4.0,0.8625,0.0009019292774610221,0.3100413838401437,0.006149629014544189,0.0014002233583596535,6.245582703456876e-06,101230.9665,1.0,100182.45323437499,3.240182671778487e-06,485.86988563488796,3840.0,1.0,,55,,,,,,,,
4.0229658749995,0.00836913653620286,0.093017578125,0.0,0.0,0.01734,4.0,0.86,-0.005602243196335621,0.30526335164904594,-0.0003481402527540922,0.0003701253448298303,4.302597716332457e-06,100943.73525000001,1.0,100322.55300781249,3.240182671778487e-06,478.7097914387284,3840.0,1.0,,56,,,,,,,,
4.020155784000963,0.00638455255102599,0.06573486328125,0.0,0.0,0.017292500000000002,4.0,0.8575,-0.009944021090632305,0.29318343102931976,-0.004887086048256606,0.00010686694764672211,4.504847822772717e-06,101188.91324999998,1.0,100320.24716796874,3.240182671778487e-06,371.92997260885727,3840.0,1.0,,57,,,,,,,,
4.030589487998441,0.007896944029198494,0.086669921875,0.0,0.0,0.017245,4.0,0.855,-0.005565279978327453,0.28864319808781147,-0.0005931175837758929,3.0098162199010403e-05,4.959058159670349e-06,100968.91925,1.0,100371.20522265625,3.240182671778487e-06,274.9159209780668,3840.0,1.0,,58,,,,,,,,
4.039298296000197,0.009639764546591323,0.088623046875,0.0,0.0,0.0171975,4.0,0.8525,-0.0009861469516181387,0.28475778456777334,0.0039078707923181355,9.925425629830897e-06,4.224292773358229e-06,101208.84150000001,1.0,100445.16632421875,3.240182671778487e-06,291.6663161894863,3840.0,1.0,,59,,,,,,,,
4.010340386999815,0.005026850185458898,0.0521240234375,0.0,0.0,0.017150000000000002,4.0,0.85,-0.0014652841709903441,0.27611037995666265,0.003267425301601179,8.098686677726619e-06,3.5466225085656333e-06,101028.34850000001,1.0,100247.34455859376,3.240182671778487e-06,491.9753701151138,3840.0,1.0,,60,101292.82949999999,101275.09850000001,100327.21149999999,70000042,100139.63110000001,best_of_k,101275.09850000001,553.6831183592863
4.1040296030005265,0.005514241071068682,0.0692138671875,0.0,0.0,0.0171025,4.0,0.8475,-0.004918379854643717,0.27670492231845856,-0.0001884072262328118,6.821690703873173e-06,3.382407854246594e-06,100796.7185,1.0,100045.31280859375,3.240182671778487e-06,478.7388264627766,3840.0,1.0,,61,,,,,,,,
4.0208838769995054,0.014794128514040494,0.101806640625,0.0,1.0,0.017055,4.0,0.845,-0.0006131908885436133,0.27840837463736534,0.0041328273073304445,6.540984159641994e-06,3.1649740535044657e-06,101382.71299999999,1.0,100228.86657421874,3.240182671778487e-06,536.4021292167694,3840.0,1.0,,62,,,,,,,,
4.110616095000296,0.006929173649041331,0.07989501953125,0.0,0.0,0.017007500000000002,4.0,0.8425,-0.001253990521945525,0.27589679695665836,0.003436243801843375,5.790427792362607e-06,3.0028638420276366e-06,101201.05999999998,1.0,100223.76082421874,3.240182671778487e-06,405.0587273361322,3840.0,1.0,,63,,,,,,,,
4.054710807000447,0.010538686665313435,0.11175537109375,0.0,0.0,0.01696,4.0,0.84,-0.0027474139642436057,0.2764383237808943,0.0019383438921067864,1.1391226792056841e-05,2.994963615776669e-06,101080.793,1.0,100120.89768359374,3.240182671778487e-06,320.0769077087125,3840.0,1.0,,64,,,,,,,,
4.176606831999379,0.006429272540117381,0.05364990234375,0.0,0.0,0.0169125,4.0,0.8375,-0.006519847418530844,0.27759282710030675,-0.0018305001431144774,2.4127558589270848e-05,6.056503586648887e-06,101144.60775,1.0,100142.71985546875,3.240182671778487e-06,454.9919262285864,3840.0,1.0,,65,,,,,,,,
4.091179326998827,0.008593787795689423,0.07781982421875,0.0,0.0,0.016865,4.0,0.835,-0.0023038543586153537,0.26952356519177556,0.0022370126680471003,1.3641246766837867e-05,6.567958358516535e-06,100797.83149999999,1.0,100205.49826171875,3.240182671778487e-06,363.7723377933864,3840.0,1.0,,66,,,,,,,,
4.0579390290004085,0.012036676380375866,0.105224609375,0.0,1.0,0.0168175,4.0,0.8325,-0.0010616428626235574,0.2669438668526709,0.0034178053319919854,2.1345925702576096e-05,1.549241804355006e-05,101418.60124999999,1.0,100269.949984375,3.240182671778487e-06,406.2274705945093,3840.0,1.0,,67,,,,,,,,
4.036847392999334,0.014095733535214094,0.1236572265625,0.0,0.0,0.01677,4.0,0.83,-0.00022395767882699147,0.2524457620456815,0.003911577514372766,0.0009474482275777518,6.471064274649052e-06,101194.87475000002,1.0,100348.87624609374,3.240182671778487e-06,404.1301994649157,3840.0,1.0,,68,,,,,,,,
4.0045048970005155,0.007335209633311024,0.08489990234375,0.0,0.0,0.0167225,4.0,0.8275,-0.003287602805357892,0.26709476532414556,0.0009219149069394916,0.0024120349507938954,3.154142414985017e-05,101074.92499999999,1.0,100288.73237890625,3.240182671778487e-06,352.97240219646244,3840.0,1.0,,69,,,,,,,,
4.016143965000083,0.011089971050751046,0.09429931640625,0.0,0.0,0.016675000000000002,4.0,0.825,-0.002944060179288499,0.2849265057593584,0.0016870402469066903,0.001092282923877974,2.1641344396527984e-05,101239.56725,1.0,100258.00043749998,3.240182671778487e-06,384.0741800276588,3840.0,1.0,,70,,,,,,,,
4.02022986799966,0.007249883798067458,0.070556640625,0.0,0.0,0.0166275,4.0,0.8225,-0.00031720628612674773,0.29175570886582136,0.004490123596042395,0.0002451519192732121,3.864615547399808e-05,100808.10775000001,1.0,100127.245703125,3.240182671778487e-06,390.78672647132095,3840.0,1.0,,71,,,,,,,,
4.018280214999322,0.0052310649189166725,0.05462646484375,0.0,0.0,0.01658,4.0,0.8200000000000001,-0.005158054795174394,0.27581272926181555,-0.0006004561437293887,0.00013151865432803334,4.449675643058981e-06,100985.87375,1.0,100255.68477734375,3.240182671778487e-06,318.6116403891913,3840.0,1.0,,72,,,,,,,,
4.091448457000297,0.006274707819102332,0.05316162109375,0.0,0.0,0.016532500000000002,4.0,0.8175,-0.008475341339362785,0.2827657861635089,-0.003804006439168006,1.8650822397603406e-05,3.250337442750606e-06,101177.01199999999,1.0,100127.78848828125,3.240182671778487e-06,484.1705232606687,3840.0,1.0,,73,,,,,,,,
4.012637084999369,0.006037383267539553,0.06243896484375,0.0,0.0,0.016485,4.0,0.815,-0.006086550536565483,0.2782293250784278,-0.001501829654444009,6.602772998576256e-06,2.458509385405705e-06,100951.51024999999,1.0,100183.8773671875,3.240182671778487e-06,377.83392306681293,3840.0,1.0,,74,,,,,,,,
4.048404641000161,0.007952479554660385,0.08935546875,0.0,0.0,0.0164375,4.0,0.8125,0.0006204914825502783,0.2678141389042139,0.00502071317168884,7.013572300706983e-06,2.5436937391987158e-06,100910.08475,1.0,100219.80082421875,3.240182671778487e-06,315.0519261280894,3840.0,1.0,,75,,,,,,,,
3.999021264999101,0.008560374277294613,0.08026123046875,0.0,0.0,0.016390000000000002,4.0,0.81,-0.0014951446210034192,0.27668814128264785,0.0030382475815713406,5.13690348924456e-06,2.025830667662376e-06,100711.45249999998,1.0,100247.49841015624,3.240182671778487e-06,197.3070796699185,3840.0,1.0,,76,,,,,,,,
3.994498623000254,0.007487914677767549,0.0814208984375,0.0,0.0,0.0163425,4.0,0.8075,-0.002595051802927628,0.2675896813161671,0.0017766811361070722,3.875963365373991e-06,1.9267162372216262e-06,100662.589,1.0,100188.1349921875,3.240182671778487e-06,233.25231717347168,3840.0,1.0,,77,,,,,,,,
4.090546012001141,0.004482238851778675,0.047607421875,0.0,0.0,0.016295,4.0,0.8049999999999999,-0.0013961451331852004,0.2808872228488326,0.003179081089911051,4.363447509092566e-06,2.789399069058618e-06,100751.36675,1.0,100170.19153124999,3.240182671778487e-06,357.2359304944397,3840.0,1.0,,78,,,,,,,,
4.020646477998525,0.009750682191224769,0.0987548828125,0.0,0.0,0.0162475,4.0,0.8025,-0.00014448132424149662,0.274054404348135,0.004302724439185113,4.723066282963373e-06,1.004116028724411e-05,100684.97624999999,1.0,100188.46648437499,3.240182671778487e-06,237.72822560561048,3840.0,1.0,,79,,,,,,,,
3.9933458199993765,0.008660811348818243,0.07818603515625,0.0,0.0,0.0162,4.0,0.8,0.0013492138095898554,0.269474386703223,0.005624926619930193,3.227554284279677e-05,0.00017308904935475766,100774.75199999998,1.0,100152.82263671875,3.240182671778487e-06,253.82918084313638,3840.0,1.0,,80,101418.60124999999,100901.02750000001,100254.79750000002,70000042,100222.94023333331,best_of_k,100901.02750000001,242.28566229482362
4.104123630999311,0.0057656558747112285,0.06689453125,0.0,0.0,0.0161525,4.0,0.7975,-0.002452250148053281,0.2727129692211747,0.001473625045036897,0.0008200938608524666,0.0007942230718072096,100571.56449999998,1.0,100184.63610546874,3.240182671778487e-06,186.25936521239396,3840.0,1.0,,81,,,,,,,,
3.9868686769987107,0.00574877371036564,0.062255859375,0.0,0.0,0.016105,4.0,0.795,-0.002402059100859333,0.2743101264350116,0.0018988788360729814,0.0003999054082441944,0.00015367230514584662,100496.20899999999,1.0,100050.36036328124,3.240182671778487e-06,201.1109035060978,3840.0,1.0,,82,,,,,,,,
3.974485848000768,0.006577578118594829,0.06817626953125,0.0,0.0,0.016057500000000002,4.0,0.7925,-0.0033148633810924366,0.28552862582728267,0.001222208491526544,0.00034557615487074145,2.649189634951199e-05,100576.44,1.0,99896.67421484375,3.240182671778487e-06,374.9597311222643,3840.0,1.0,,83,,,,,,,,
4.093712303998473,0.008274298150354298,0.0838623046875,0.0,0.0,0.01601,4.0,0.79,-0.0034257181541761383,0.28570688143372536,0.0011407617421355098,5.607582949096468e-05,4.1587446801827355e-06,100561.12724999998,1.0,100068.42144140624,3.240182671778487e-06,258.45267844922284,3840.0,1.0,,84,,,,,,,,
3.8233787389999634,0.016183022594001766,0.11197916666666667,0.0,1.0,0.0159625,3.0,0.7875,-0.0022861788941857717,0.2760071853796641,0.0021162197614709535,1.2796529877808402e-05,4.172032504357048e-06,100631.6075,1.0,100032.0961328125,3.240182671778487e-06,383.84787433648734,3840.0,1.0,,85,,,,,,,,
4.044574608000403,0.00788722705328837,0.0838623046875,0.0,0.0,0.015915,4.0,0.785,-0.0031514395523117855,0.26570614567026496,0.001074701052857563,6.323653892081893e-06,3.880465108352382e-06,100840.72975000001,1.0,100274.01571484376,3.240182671778487e-06,239.0466360841946,3840.0,1.0,,86,,,,,,,,
4.097424117000628,0.006411060461687157,0.06781005859375,0.0,0.0,0.0158675,4.0,0.7825,-0.0033544328398420475,0.2564764190465212,0.0007128554279915988,4.716473974042401e-06,3.759177147344417e-06,100906.705,1.0,100278.86357421875,3.240182671778487e-06,283.6055484791455,3840.0,1.0,,87,,,,,,,,
4.120520172999022,0.0074187150275975,0.07623291015625,0.0,0.0,0.01582,4.0,0.78,-0.005840930010890588,0.2646597954444587,-0.0016565992846153677,5.050180888588329e-06,4.163816413438326e-06,101207.01699999999,1.0,100343.03864843749,3.240182671778487e-06,315.1598902169601,3840.0,1.0,,88,,,,,,,,
4.049501211000461,0.008535276901966427,0.079833984375,0.0,0.0,0.015772500000000002,4.0,0.7775,-0.004736633607535623,0.25886623933911324,-0.0006563980423379689,4.740868988051261e-06,4.515702599405813e-06,100935.5805,1.0,100249.9864296875,3.240182671778487e-06,491.2770930031025,3840.0,1.0,,89,,,,,,,,
4.0615703870007565,0.008249530383181991,0.08013916015625,0.0,0.0,0.015725,4.0,0.775,-0.0014747511013410985,0.2597148157656193,0.0026068195002153516,4.127973937784191e-06,4.0645226278002156e-06,100879.87049999998,1.0,100194.00467578125,3.240182671778487e-06,438.7190577418496,3840.0,1.0,,90,,,,,,,,
4.052266279999458,0.006727390453306725,0.07684326171875,0.0,0.0,0.0156775,4.0,0.7725,-0.00490541663748445,0.25722629157826304,-0.0008753514557611197,4.565190849348255e-06,4.287871860242376e-06,100654.0275,1.0,100143.99288281248,3.240182671778487e-06,433.12385423380255,3840.0,1.0,,91,,,,,,,,
4.1488574540017,0.0049257057180511765,0.05914306640625,0.0,0.0,0.01563,4.0,0.77,-0.0032042206657934003,0.256223333068192,0.0007981365488376468,4.068623944419869e-06,4.0118683770629104e-06,100762.53325,1.0,100197.50130859374,3.240182671778487e-06,374.79057998973906,3840.0,1.0,,92,,,,,,,,
3.507615024000188,0.01699249044759199,0.122802734375,0.0,1.0,0.015582499999999999,2.0,0.7675,-0.004929161470499821,0.2511213691905141,-0.0010184968123212457,4.094094649076396e-06,4.050947083555911e-06,100762.34225,1.0,100029.90594921875,3.240182671778487e-06,506.85020669756847,3840.0,1.0,,93,,,,,,,,
3.9501864170015324,0.008448507571301889,0.08172607421875,0.0,0.0,0.015535,4.0,0.765,-0.0036449604012886994,0.2584560555405915,0.00036815078055951744,3.447320999327985e-06,3.3169168673907734e-06,100683.07999999999,1.0,100124.07064453124,3.240182671778487e-06,258.83243498946337,3840.0,1.0,,94,,,,,,,,
3.9990759499996784,0.006002637339406647,0.06622314453125,0.0,0.0,0.015487500000000001,4.0,0.7625,0.00029705990164075047,0.2560074278153479,0.004259689332684502,4.3403199470049e-06,3.70356241319314e-06,101062.36975,1.0,100284.20196484374,3.240182671778487e-06,312.0756087379307,3840.0,1.0,,95,,,,,,,,
3.7055596729987883,0.01395545081080248,0.10725911458333333,0.0,1.0,0.01544,3.0,0.76,0.004712310590548441,0.25685148624082405,0.008675909601151943,3.7549832067422053e-06,3.6251864325246666e-06,100765.812,1.0,100263.19846875,3.240182671778487e-06,262.86272220667513,3840.0,1.0,,96,,,,,,,,
3.994170807998671,0.009660853185778251,0.09576416015625,0.0,0.0,0.0153925,4.0,0.7575000000000001,0.0019160339506925084,0.2510566529817879,0.0057783027295954525,3.4330931057979797e-06,3.5546435555033895e-06,101074.12375,1.0,100330.96101562501,3.240182671778487e-06,257.42857463096044,3840.0,1.0,,97,,,,,,,,
3.9710245940004825,0.007506847003242001,0.0770263671875,0.0,0.0,0.015345000000000001,4.0,0.755,-0.005263557810394559,0.2516254261136055,-0.0014044306881260127,3.418776131525192e-06,3.4451618802222583e-06,101340.14399999999,1.0,100368.70067578126,3.240182671778487e-06,307.21544232703695,3840.0,1.0,,98,,,,,,,,
3.9476386820006155,0.00990890718094306,0.09521484375,0.0,0.0,0.0152975,4.0,0.7525,0.0004678647092077881,0.2486961460672319,0.004270496312528849,2.916748613301934e-06,3.01276892145097e-06,100877.68575,1.0,100396.32662499999,3.240182671778487e-06,223.52601264505736,3840.0,1.0,,99,,,,,,,,
3.992382729000383,0.012225807182403514,0.111083984375,0.0,0.0,0.01525,4.0,0.75,0.0031995005265343934,0.25517701636999846,0.007089117978466675,3.2487441217199375e-06,3.0144311509161525e-06,100842.919,1.0,100271.19569921875,3.240182671778487e-06,256.0676057991259,3840.0,1.0,,100,101418.60124999999,100658.70449999999,100558.22499999999,70000042,100403.68479999999,best_of_k,100658.70449999999,194.36023724783465
3.9601060429995414,0.008273167281004135,0.0679931640625,0.0,0.0,0.0152025,4.0,0.7475,-0.000309887072944548,0.25697770714759827,0.0035950562014477327,3.08940965965121e-06,2.9036193964770973e-06,100903.8445,1.0,100423.734015625,3.240182671778487e-06,182.36272177838225,3840.0,1.0,,101,,,,,,,,
4.0053915650005365,0.009482529840170173,0.07855224609375,0.0,0.0,0.015155,4.0,0.745,0.0007178184314398095,0.2487962911836803,0.004486157558858395,4.296315687213337e-06,3.477788766304002e-06,100978.25475,1.0,100380.15371484373,3.240182671778487e-06,281.9012331016673,3840.0,1.0,,102,,,,,,,,
4.071231267998883,0.007940080478874734,0.0653076171875,0.0,0.0,0.0151075,4.0,0.7424999999999999,-0.0036848677118541673,0.264383630361408,0.0003073117695748806,5.481175620047907e-06,2.8970179428711162e-06,101103.824,1.0,100402.69526562499,3.240182671778487e-06,273.8287337535486,3840.0,1.0,,103,,,,,,,,
3.947558720001325,0.009552046169119421,0.088134765625,0.0,0.0,0.01506,4.0,0.74,-4.5370506995823234e-05,0.2599105006083846,0.003866458442644216,9.285157624105977e-06,2.9895454929373955e-06,100938.25725,1.0,100289.084578125,3.240182671778487e-06,289.4611089307193,3840.0,1.0,,104,,,,,,,,
3.991498972000045,0.005163221972907195,0.06060791015625,0.0,0.0,0.015012500000000002,4.0,0.7375,-0.007640387266292237,0.27050062641501427,-0.003581209894036874,3.993277736924483e-06,2.6275526181507303e-06,101263.32025,1.0,100373.32283203125,3.240182671778487e-06,295.4259960144958,3840.0,1.0,,105,,,,,,,,
4.135668079001334,0.005746387476392556,0.06494140625,0.0,0.0,0.014965,4.0,0.735,-0.0030074050882831216,0.26921444525942206,0.0010197470983257517,3.268238955911329e-06,2.6310865948175888e-06,101118.43024999999,1.0,100347.54271874999,3.240182671778487e-06,332.9882854707051,3840.0,1.0,,106,,,,,,,,
4.036578014998668,0.006446148614486447,0.0823974609375,0.0,0.0,0.0149175,4.0,0.7324999999999999,-0.005975558247882873,0.2613253556191921,-0.0020790740090887994,3.102305718982734e-06,3.052222510291358e-06,101264.16675,1.0,100385.3839453125,3.240182671778487e-06,489.5726251759534,3840.0,1.0,,107,,,,,,,,
4.016528586998902,0.010209336533080204,0.09625244140625,0.0,0.0,0.014870000000000001,4.0,0.73,-0.002002719047595747,0.25618169410154223,0.00180475547676906,3.6300240395803485e-06,3.169079519693696e-06,100959.33224999999,1.0,100344.01458203125,3.240182671778487e-06,432.6394752164605,3840.0,1.0,,108,,,,,,,,
4.027451517000372,0.01013165640324587,0.10845947265625,0.0,1.0,0.014822499999999999,4.0,0.7275,0.00034274494100827724,0.26800511591136456,0.0043135228916071355,4.343895959380006e-06,2.586664990644749e-06,101124.10724999999,1.0,100489.52473046875,3.240182671778487e-06,340.66467425015213,3840.0,1.0,,109,,,,,,,,
4.023893878000308,0.004666889730287949,0.05535888671875,0.0,0.0,0.014775,4.0,0.725,-0.0018376983643975109,0.26619743881747127,0.002093661518301815,3.869859348526461e-06,2.640687618793436e-06,101054.15999999999,1.0,100287.96443749999,3.240182671778487e-06,380.5617667803697,3840.0,1.0,,110,,,,,,,,
3.992299063998871,0.008346619386429666,0.09124755859375,0.0,0.0,0.014727500000000001,4.0,0.7224999999999999,-0.005527428307686932,0.2594669624231756,-0.001708218886051327,4.349947573700774e-06,3.3095265692395515e-06,101114.59049999999,1.0,100145.45378906249,3.240182671778487e-06,556.2422006955444,3840.0,1.0,,111,,,,,,,,
4.054850457001521,0.008968878410996695,0.097900390625,0.0,0.0,0.01468,4.0,0.72,-0.0023306718139792792,0.2557588438503444,0.0014220026496332139,3.753940490014429e-06,2.980386263118362e-06,100849.15399999998,1.0,100156.07681640625,3.240182671778487e-06,526.887016791087,3840.0,1.0,,112,,,,,,,,
4.023580496999784,0.006420166477255407,0.0750732421875,0.0,0.0,0.014632500000000001,4.0,0.7175,-0.002421551034785807,0.2613690565340221,0.001400117704179138,1.3590639333926902e-05,2.9096911404735692e-06,101150.89275,1.0,100327.004953125,3.240182671778487e-06,484.7307370659913,3840.0,1.0,,113,,,,,,,,
3.9976057339990803,0.008234909142629476,0.0828857421875,0.0,0.0,0.014585,4.0,0.7150000000000001,-0.0024338985604117624,0.25156134460121393,0.0012326390715315938,9.439843175584883e-06,3.0834266979695713e-06,101172.71375,1.0,100224.49044531249,3.240182671778487e-06,580.5343580768598,3840.0,1.0,,114,,,,,,,,
3.968959410000025,0.009575287961524737,0.0963134765625,0.0,0.0,0.014537500000000002,4.0,0.7125,-0.002323445223737508,0.2509975340217352,0.0013233982026576996,4.524990771415105e-06,3.160833387028106e-06,101210.928,1.0,100318.69230859375,3.240182671778487e-06,566.3889099458589,3840.0,1.0,,115,,,,,,,,
4.000260078000792,0.006199808936798945,0.0660400390625,0.0,0.0,0.014490000000000001,4.0,0.71,0.0034614415126270615,0.24223831947892904,0.006970131566049531,2.790468222713116e-06,2.1276280897097877e-06,101427.65775,1.0,100482.44587890625,3.240182671778487e-06,409.19537699491815,3840.0,1.0,,116,,,,,,,,
4.05587443100012,0.007536753473686986,0.0830078125,0.0,0.0,0.0144425,4.0,0.7075,-0.00120880852045957,0.2399478768929839,0.0022552804148290306,2.565367438478461e-06,2.20292870167782e-06,101113.576,1.0,100299.27066796875,3.240182671778487e-06,423.18264478221784,3840.0,1.0,,117,,,,,,,,
3.968645381000897,0.006249252372072078,0.0614013671875,0.0,0.0,0.014395000000000002,4.0,0.7050000000000001,-0.0032868259731912985,0.23346250411123037,7.256862591020763e-05,2.349833550852054e-06,2.1264989840119597e-06,101214.37074999997,1.0,100571.63600390624,3.240182671778487e-06,383.45651407433115,3840.0,1.0,,118,,,,,,,,
3.9647597069997573,0.007086779341989313,0.0701904296875,0.0,0.0,0.014347500000000001,4.0,0.7025,-0.007206770249467809,0.23925298592075706,-0.003775526041863486,3.393604771417813e-06,2.1994576613337813e-06,101282.75475,1.0,100435.91285937499,3.240182671778487e-06,359.2341287038838,3840.0,1.0,,119,,,,,,,,
3.958120058001441,0.008967289057181915,0.0836181640625,0.0,0.0,0.0143,4.0,0.7,0.005006872685044073,0.23657374270260334,0.00838705875503365,1.513232652428087e-05,2.609058228131289e-06,101217.98575,1.0,100445.0796640625,3.240182671778487e-06,421.0635783519156,3840.0,1.0,,120,101427.65775,101149.92224999999,100770.99875,70000042,100419.57609999999,best_of_k,101149.92224999999,368.5838557757682
4.015480441999898,0.005238345593170379,0.05828857421875,0.0,0.0,0.014252500000000001,4.0,0.6975,-0.0002570105680206325,0.23441673489287496,0.0030820004758425057,9.874536537779477e-06,2.0527506627843195e-06,101243.2885,1.0,100540.94491015625,3.240182671778487e-06,368.8450216923032,3840.0,1.0,,121,,,,,,,,
4.076787886000602,0.00575603453671647,0.0655517578125,0.0,0.0,0.014205,4.0,0.6950000000000001,-0.0025853418883343693,0.2302998942323029,0.0006849013589089736,2.3727024505149075e-06,1.8590425590048199e-06,101197.899,1.0,100565.01252734374,3.240182671778487e-06,353.6934039432943,3840.0,1.0,,122,,,,,,,,
3.960252302000299,0.005724326295421633,0.05816650390625,0.0,0.0,0.0141575,4.0,0.6925,-0.005495752513525076,0.2228803769685328,-0.002341864805202931,2.7284178329978204e-06,2.537191363671809e-06,101349.21599999997,1.0,100639.106796875,3.240182671778487e-06,384.4062738882328,3840.0,1.0,,123,,,,,,,,
3.986580849999882,0.012280157814529957,0.100830078125,0.0,0.0,0.014110000000000001,4.0,0.69,0.001827054045861587,0.2147018788382411,0.004855052015045658,2.927735813784693e-06,2.3054378424092192e-06,101297.303,1.0,100637.9764296875,3.240182671778487e-06,381.22842093135887,3840.0,1.0,,124,,,,,,,,
3.984321631000057,0.00876946875359863,0.06591796875,0.0,0.0,0.0140625,4.0,0.6875,0.0009684654105512891,0.2162775406613946,0.004008544405223802,2.618504680640399e-06,2.124214720566897e-06,101346.85175,1.0,100696.7984453125,3.240182671778487e-06,337.23739262631597,3840.0,1.0,,125,,,,,,,,
3.988008862999777,0.010301384716512985,0.09747314453125,0.0,0.0,0.014015,4.0,0.685,-0.006173275942273904,0.21063880203291774,-0.00322267523733899,2.8463275185686143e-06,2.435931456545859e-06,101166.40924999998,1.0,100533.612046875,3.240182671778487e-06,473.526542397339,3840.0,1.0,,126,,,,,,,,
4.016835393998917,0.006192675491547561,0.0711669921875,0.0,0.0,0.0139675,4.0,0.6825,-0.0048121254876605235,0.21048597432672977,-0.0018734555196715519,2.3388534771129343e-06,2.118073492596295e-06,101279.51199999999,1.0,100720.38667968751,3.240182671778487e-06,377.0983912835227,3840.0,1.0,,127,,,,,,,,
4.06626020800104,0.008705653604920371,0.07769775390625,0.0,0.0,0.01392,4.0,0.6799999999999999,0.0006819953086960595,0.1961588216945529,0.003411241283174604,2.3671445674722236e-06,2.0954605517431446e-06,101519.25125,1.0,100823.8864453125,3.240182671778487e-06,418.14791295097683,3840.0,1.0,,128,,,,,,,,
4.032173560999581,0.006604537500606966,0.06524658203125,0.0,0.0,0.0138725,4.0,0.6775,0.0016560912190470845,0.20503058237954974,0.004499300295719877,2.2365484788622325e-06,1.7073899343245103e-06,101410.28725,1.0,100725.10977734375,3.240182671778487e-06,344.4904640662571,3840.0,1.0,,129,,,,,,,,
4.0210615810010495,0.007834984975488624,0.09228515625,0.0,0.0,0.013825,4.0,0.675,-0.001059903450368438,0.1995619498193264,0.0016977803024929017,2.238032074330931e-06,2.0721248290556105e-06,101301.8855,1.0,100736.82631640625,3.240182671778487e-06,315.093916174738,3840.0,1.0,,130,,,,,,,,
4.018656991998796,0.00752327802911168,0.0921630859375,0.0,0.0,0.013777500000000002,4.0,0.6725,-0.0026777178863994777,0.1928713177330792,-2.1670071873813868e-05,2.195586581876796e-06,2.032655086026125e-06,101404.776,1.0,100745.54465234376,3.240182671778487e-06,346.7674589112304,3840.0,1.0,,131,,,,,,,,
4.062694921000002,0.010074449137391639,0.09173583984375,0.0,0.0,0.01373,4.0,0.6699999999999999,-0.005783946638985071,0.18961425218731165,-0.0031818615971133113,2.2302593265521864e-06,2.189872546409788e-06,101371.88724999999,1.0,100861.84542578124,3.240182671778487e-06,381.59189471265205,3840.0,1.0,,132,,,,,,,,
4.004396129001179,0.008766334998654202,0.08001708984375,0.0,0.0,0.0136825,4.0,0.6675,-0.0014426087836909574,0.18673659209161997,0.0011113949003629386,1.7719581677511087e-06,1.6859047100581392e-06,101386.031,1.0,100940.63502734376,3.240182671778487e-06,333.4152890059541,3840.0,1.0,,133,,,,,,,,
4.001443309000024,0.009563584224451915,0.08123779296875,0.0,0.0,0.013635000000000001,4.0,0.665,5.901708209421486e-05,0.1860752385109663,0.002594868274172768,2.462391826441035e-06,2.0773352602532213e-06,101362.306,1.0,100854.15543359375,3.240182671778487e-06,365.53390590104226,3840.0,1.0,,134,,,,,,,,
3.9700672839990148,0.010391946529125562,0.1005859375,0.0,0.0,0.013587499999999999,4.0,0.6625,0.001769192618667148,0.18211446842178702,0.004242662413162179,1.821632999110534e-06,1.6562326123903404e-06,101358.69249999999,1.0,100880.8257421875,3.240182671778487e-06,279.61413577475184,3840.0,1.0,,135,,,,,,,,
4.017118064000897,0.011984711893092026,0.1082763671875,0.0,0.0,0.01354,4.0,0.6599999999999999,0.004881358618149534,0.1833913535811007,0.00736352706735488,1.8850675367332315e-06,1.5239508392994594e-06,101375.3615,1.0,100914.65618359375,3.240182671778487e-06,289.325144194526,3840.0,1.0,,136,,,,,,,,
3.994013089000873,0.007411809650875512,0.05712890625,0.0,0.0,0.013492500000000001,4.0,0.6575,0.0010683458021958359,0.18154496559873223,0.0035167400928912684,1.964244603414045e-06,1.8097578866616004e-06,101422.07125000001,1.0,100875.92467578125,3.240182671778487e-06,316.4766508285167,3840.0,1.0,,137,,,,,,,,
4.007627590000993,0.00767919390273164,0.07904052734375,0.0,0.0,0.013445000000000002,4.0,0.655,0.0007858387289161328,0.18292368622496724,0.003244243169319816,1.486111784743116e-06,1.7119100519380481e-06,101414.77500000001,1.0,100951.63332421875,3.240182671778487e-06,272.70780927663446,3840.0,1.0,,138,,,,,,,,
4.06099038299908,0.004687375503635849,0.04864501953125,0.0,0.0,0.013397500000000001,4.0,0.6525000000000001,-0.002290242802700959,0.18351582903414965,0.00016685252194292843,3.0845227527720454e-06,2.499756533325126e-06,101423.96575,1.0,100957.77173828124,3.240182671778487e-06,379.04939704394883,3840.0,1.0,,139,,,,,,,,
3.971189575000608,0.014016029050253564,0.10888671875,0.0,1.0,0.01335,4.0,0.65,0.004303990452172002,0.17380401073023677,0.00662312310305424,2.13195282583456e-06,1.8747039405297983e-06,101392.19974999999,1.0,101053.111171875,3.240182671778487e-06,245.77038141890623,3840.0,1.0,,140,101519.25125,101424.762,101447.33525,70000042,101068.07314166667,best_of_k,101424.762,317.69135448252626
3.576218422000238,0.019388134398468537,0.1259765625,0.0,1.0,0.013302500000000002,2.0,0.6475,0.008910451739211567,0.18879757449030876,0.011418772861361504,4.284269429888354e-06,5.460027601600359e-06,101408.77525,1.0,100995.70072265624,3.240182671778487e-06,303.6151796231532,3840.0,1.0,,141,,,,,,,,
3.980294147000677,0.011257799623308529,0.08978271484375,0.0,0.0,0.013255000000000001,4.0,0.645,-0.0005200856903684326,0.18357293354347348,0.0019111511064693332,7.833906742860108e-06,2.4781434930787327e-06,101387.43400000001,1.0,100759.5134296875,3.240182671778487e-06,353.1029394538647,3840.0,1.0,,142,,,,,,,,
3.9527116829995066,0.010361875806665921,0.0980224609375,0.0,0.0,0.0132075,4.0,0.6425000000000001,0.002108011693053413,0.17394163506105542,0.004403736762469634,8.594162849817621e-06,1.498994219417682e-06,101367.46300000002,1.0,101006.17782421874,3.240182671778487e-06,290.61317716448485,3840.0,1.0,,143,,,,,,,,
3.559594180000204,0.019299056544696214,0.1453857421875,0.0,1.0,0.013160000000000002,2.0,0.64,0.004546893775113858,0.181256003677845,0.006930687406565994,6.085855709159205e-06,1.8531314296410528e-06,101403.99124999999,1.0,101005.08030078126,3.240182671778487e-06,297.8133362115699,3840.0,1.0,,144,,,,,,,,
3.5303889690003416,0.015281719610356959,0.0904541015625,0.0,1.0,0.013112500000000001,2.0,0.6375,0.007783468565321527,0.17397859692573547,0.010063023015391082,8.113517260710523e-06,1.8584725935966162e-06,101502.81800000001,1.0,100822.17782421876,3.240182671778487e-06,365.6063369553221,3840.0,1.0,,145,,,,,,,,
4.107332842000687,0.00894654291914776,0.0869140625,0.0,0.0,0.013065,4.0,0.635,-0.006685106622171588,0.178744874894619,-0.0043525853543542325,7.595722046005449e-06,4.041635513374331e-06,101417.015,1.0,100881.26453125,3.240182671778487e-06,459.356261201498,3840.0,1.0,,146,,,,,,,,
4.044672211999568,0.009163627217276371,0.06549072265625,0.0,0.0,0.013017500000000001,4.0,0.6325000000000001,-0.003617452224716544,0.17800041567534208,-0.0013018192257732153,3.714748068261997e-06,2.232804888535611e-06,101499.62074999999,1.0,100966.53998437499,3.240182671778487e-06,453.83222344239107,3840.0,1.0,,147,,,,,,,,
3.972990647000188,0.00782476370477525,0.07080078125,0.0,0.0,0.01297,4.0,0.63,-0.0024746963463258,0.17059848131611943,-0.00026363407960161567,7.483660112939106e-06,1.703746697501174e-06,101450.72774999999,1.0,101073.72430078125,3.240182671778487e-06,311.7367991765996,3840.0,1.0,,148,,,,,,,,
4.017907429000843,0.00837435369976447,0.0667724609375,0.0,0.0,0.0129225,4.0,0.6275,0.0034042280531139113,0.16954150423407555,0.005594196205493063,1.830730425922411e-06,1.4977144502381634e-06,101411.93625,1.0,101048.28462109374,3.240182671778487e-06,264.9242592783631,3840.0,1.0,,149,,,,,,,,
3.9736718660005863,0.011302599057671614,0.06597900390625,0.0,0.0,0.012875000000000001,4.0,0.625,-0.00540743168676272,0.17045414866879582,-0.003214295575162396,2.4563525649057283e-06,2.4305389487722096e-06,101435.47100000002,1.0,100945.103890625,3.240182671778487e-06,405.2436228358745,3840.0,1.0,,150,,,,,,,,
4.091693206000855,0.008915364307540585,0.07098388671875,0.0,0.0,0.0128275,4.0,0.6225,-0.0005509467519004829,0.16513240803033113,0.0015659181080991402,4.019858458548242e-06,1.9398113906277104e-06,101384.45,1.0,101045.3713125,3.240182671778487e-06,320.9015657631632,3840.0,1.0,,151,,,,,,,,
3.99902593600018,0.006651790514297318,0.06207275390625,0.0,0.0,0.01278,4.0,0.62,0.0029212824083515443,0.16233104560524225,0.0049831195356091484,0.00011946520229955127,1.6149500332574007e-06,101455.138,1.0,101003.34432812501,3.240182671778487e-06,270.4139617798107,3840.0,1.0,,152,,,,,,,,
4.044201565000549,0.007860818777771783,0.07293701171875,0.0,0.0,0.0127325,4.0,0.6174999999999999,-0.0028457890803110786,0.16156921721994877,-0.0007988145807757974,9.462809734372968e-05,1.4860367976154976e-06,101528.754,1.0,101018.96096484375,3.240182671778487e-06,295.0421812947139,3840.0,1.0,,153,,,,,,,,
4.040707346999625,0.00913157516879437,0.086181640625,0.0,0.0,0.012685,4.0,0.615,-0.0011121418683615047,0.1584317130036652,0.0004948463174514472,0.003980435213591704,9.347698700423734e-06,101355.16699999999,1.0,101004.7532421875,3.240182671778487e-06,313.9581624731231,3840.0,1.0,,154,,,,,,,,
3.9746344960003626,0.008496683415614825,0.08367919921875,0.0,0.0,0.0126375,4.0,0.6125,-0.0005540554557228461,0.1557020926848054,0.00138033926486969,0.0002847700419579269,9.626880249413716e-06,101373.04699999999,1.0,100859.93814843749,3.240182671778487e-06,428.97686745999727,3840.0,1.0,,155,,,,,,,,
4.035476388000461,0.01232955445175321,0.08642578125,0.0,0.0,0.01259,4.0,0.61,-0.0009419939524377696,0.15706839365884662,0.0010294612438883632,2.6732715824095976e-05,6.7249449813289175e-06,101437.81625,1.0,100856.37026171875,3.240182671778487e-06,392.08894108849563,3840.0,1.0,,156,,,,,,,,
4.014428989999942,0.005305713537381962,0.06085205078125,0.0,0.0,0.012542500000000002,4.0,0.6074999999999999,-0.0014247121580410749,0.1491617769934237,0.00044492431334219873,4.133891906121789e-06,1.6230420527563183e-06,101451.45800000001,1.0,101021.34585156251,3.240182671778487e-06,267.0949064005788,3840.0,1.0,,157,,,,,,,,
4.012156681999841,0.014335407962789759,0.098388671875,0.0,1.0,0.012495,4.0,0.605,0.001748406772094313,0.15143472561612725,0.0036395352508407086,3.066495970927008e-06,1.4829123600179628e-06,101563.91400000002,1.0,101108.59370703125,3.240182671778487e-06,290.06039004333246,3840.0,1.0,,158,,,,,,,,
4.205722254999273,0.012776020536875876,0.07861328125,0.0,0.0,0.0124475,4.0,0.6025,0.0005194753866817337,0.16017505479976535,0.002511533471988514,4.2033247140693675e-06,2.6016337812961865e-06,101413.59275,1.0,100767.32081250001,3.240182671778487e-06,488.876304599402,3840.0,1.0,,159,,,,,,,,
4.044493690000309,0.008754132258218306,0.07421875,0.0,0.0,0.012400000000000001,4.0,0.6,0.0013078291776764672,0.15337194548919797,0.003208383946912363,3.0217928355114054e-06,1.909089057505753e-06,101347.91075000001,1.0,100806.41410937501,3.240182671778487e-06,407.06234608662385,3840.0,1.0,,160,101563.91400000002,101385.855,101017.7035,70000042,100943.73425833331,best_of_k,101385.855,373.6207235333643
4.100823255999785,0.010390601705239533,0.08935546875,0.0,0.0,0.012352499999999999,4.0,0.5974999999999999,0.0018563307894510217,0.16286790557205677,0.003866985673084855,2.8720349334321327e-06,1.7678522681308095e-06,101531.298,1.0,100896.56664062501,3.240182671778487e-06,382.02264123235193,3840.0,1.0,,161,,,,,,,,
3.9829541709987097,0.006596579952656612,0.06292724609375,0.0,0.0,0.012305,4.0,0.595,-0.0037165184985497035,0.16076658014208078,-0.0017393117013853043,3.1095158625760178e-06,1.4303771216361838e-06,101479.39099999999,1.0,101068.5523671875,3.240182671778487e-06,297.6185962134726,3840.0,1.0,,162,,,,,,,,
4.023680924001383,0.0058867422089861066,0.0665283203125,0.0,0.0,0.012257500000000001,4.0,0.5925,-0.0014828653656877577,0.15864300029352307,0.0004606792645063251,2.586251056868605e-06,1.527491662045577e-06,101453.80949999999,1.0,101023.7801875,3.240182671778487e-06,286.9231751134313,3840.0,1.0,,163,,,,,,,,
3.9914016570000967,0.005595473054654576,0.0596923828125,0.0,0.0,0.012210000000000002,4.0,0.5900000000000001,-0.0014430991941480897,0.15078802313655615,0.00039704464143142104,2.1124076994283314e-06,1.5312187500171603e-06,101449.416,1.0,101055.58698828124,3.240182671778487e-06,331.26076095907706,3840.0,1.0,,164,,,,,,,,
4.017417344999558,0.006448481576626364,0.0618896484375,0.0,0.0,0.012162500000000001,4.0,0.5875,-0.0024065397956292145,0.15410336200147867,-0.0005335659370757639,3.1617639102421435e-06,1.9836513658333388e-06,101581.48799999998,1.0,100922.68190234376,3.240182671778487e-06,424.99071465779963,3840.0,1.0,,165,,,,,,,,
4.071017844999005,0.011495695282974339,0.09002685546875,0.0,0.0,0.012115,4.0,0.585,0.001151910582848359,0.16119469050318003,0.0031036944419611245,2.615786748094706e-06,1.6556863897676521e-06,101355.015,1.0,100953.02923046875,3.240182671778487e-06,304.40267210610796,3840.0,1.0,,166,,,,,,,,
3.9854648419986916,0.008247779447629,0.0784912109375,0.0,0.0,0.0120675,4.0,0.5825,-1.0447827662574127e-05,0.15727322734892368,0.0018865230085793883,1.8193753241746435e-06,1.482812258757349e-06,101488.03875,1.0,101055.1778828125,3.240182671778487e-06,304.3656701186618,3840.0,1.0,,167,,,,,,,,
4.039141290000771,0.008671331976074725,0.08306884765625,0.0,0.0,0.012020000000000001,4.0,0.5800000000000001,0.0010598918197501916,0.1596537996083498,0.0029778291063848883,2.237626091528e-06,1.7542260195568815e-06,101513.39125,1.0,100994.95477734375,3.240182671778487e-06,407.01610523705375,3840.0,1.0,,168,,,,,,,,
4.009481556999162,0.008672253762597393,0.0921630859375,0.0,0.0,0.0119725,4.0,0.5775,0.0007791549469402526,0.1489865812472999,0.002561577071901411,2.497703675885532e-06,2.139367321518648e-06,101512.57675000001,1.0,100768.906796875,3.240182671778487e-06,499.12892271567404,3840.0,1.0,,169,,,,,,,,
4.000405100001444,0.006740583733517269,0.0611572265625,0.0,0.0,0.011925000000000002,4.0,0.575,0.001690260694886092,0.15991714922711253,0.0035961138491984457,2.2462948763291024e-06,1.8685920402106149e-06,101419.57175,1.0,101010.40888671874,3.240182671778487e-06,335.65116230683844,3840.0,1.0,,170,,,,,,,,
4.024128113000188,0.007505693312850781,0.08148193359375,0.0,0.0,0.011877500000000001,4.0,0.5725,-0.0010233323264401406,0.16077016154304147,0.0008847707649692893,3.2111094441233945e-06,2.247579068637151e-06,101590.18324999999,1.0,100962.28678906249,3.240182671778487e-06,463.05737680377143,3840.0,1.0,,171,,,,,,,,
3.980269875999511,0.009600747009244515,0.0743408203125,0.0,0.0,0.01183,4.0,0.5700000000000001,-0.003259825083659962,0.15415126783773303,-0.0014375933751580305,2.674414261605307e-06,2.2203024983014075e-06,101545.59925000001,1.0,100875.38601562499,3.240182671778487e-06,549.6378079382597,3840.0,1.0,,172,,,,,,,,
4.104063757000404,0.010969004077196587,0.09979248046875,0.0,0.0,0.011782500000000001,4.0,0.5675,0.001423476671334356,0.15132293803617358,0.0032048755965661258,2.7439284835395483e-06,2.578848921075405e-06,101487.17,1.0,100927.56464843749,3.240182671778487e-06,494.97374996154355,3840.0,1.0,,173,,,,,,,,
3.766868679998879,0.01087878751422977,0.0927734375,0.0,1.0,0.011735,3.0,0.565,0.0002807661173089097,0.15088802948594093,0.0020490976748988032,3.954927057255493e-06,3.887840695900498e-06,101595.9525,1.0,101151.291203125,3.240182671778487e-06,264.7138260579524,3840.0,1.0,,174,,,,,,,,
4.007686279999689,0.005663462505253847,0.05877685546875,0.0,0.0,0.0116875,4.0,0.5625,-0.0012687700545939151,0.153355753980577,0.0005189190560486168,8.101467518173422e-06,7.692129202041542e-06,101533.28725000001,1.0,100978.715578125,3.240182671778487e-06,404.57001289193374,3840.0,1.0,,175,,,,,,,,
4.021579857999313,0.013267078522403608,0.09515380859375,0.0,0.0,0.011640000000000001,4.0,0.56,-0.0053511421610892285,0.15513674588873982,-0.0035529416491044685,9.879165673964962e-06,1.3206671397369973e-05,101514.421,1.0,100674.49926171875,3.240182671778487e-06,587.783783476788,3840.0,1.0,,176,,,,,,,,
4.0082695729997795,0.00819659638000303,0.07330322265625,0.0,0.0,0.0115925,4.0,0.5575,-0.002695013550692238,0.14963442226871848,-0.0009879712015390396,2.911172724395783e-05,4.936666846333537e-05,101497.07375,1.0,101012.99398046875,3.240182671778487e-06,450.8872675677222,3840.0,1.0,,177,,,,,,,,
4.141131622000103,0.007620659980602795,0.06427001953125,0.0,0.0,0.011545,4.0,0.5549999999999999,0.0012131732364650816,0.14411343401297927,0.0027989697409793735,0.0001224217506106129,0.000131501809264023,101534.7185,1.0,100901.83019140625,3.240182671778487e-06,531.4576609538301,3840.0,1.0,,178,,,,,,,,
3.723194550999324,0.012933948969778916,0.09969075520833333,0.0,1.0,0.0114975,3.0,0.5525,0.0017501402156388697,0.14411323765913645,0.0033031118024761477,0.00011837852230200951,0.00018426510159012346,101519.89525,1.0,101034.78657031251,3.240182671778487e-06,525.966562004643,3840.0,1.0,,179,,,,,,,,
4.015162384999712,0.012828539176553022,0.08599853515625,0.0,1.0,0.01145,4.0,0.55,-0.0032019838108681142,0.15578058548271656,-0.0014465061540249735,1.4732232195058259e-05,5.347390049337264e-05,101436.73975000001,1.0,100969.97565234375,3.240182671778487e-06,384.97712266548626,3840.0,1.0,,180,101595.9525,101624.70025,101377.97525,70000042,101023.74639999999,best_of_k,101624.70025,430.53598259089455
4.020866124999884,0.006366956233250676,0.06671142578125,0.0,0.0,0.011402500000000001,4.0,0.5475,0.0006000701541779563,0.16258735908195376,0.002450687432428822,5.3320787927191304e-06,5.503487521707484e-06,101470.871,1.0,100965.67342968751,3.240182671778487e-06,453.8180123108069,3840.0,1.0,,181,,,,,,,,
4.039534155999718,0.005889279291295679,0.05291748046875,0.0,0.0,0.011355,4.0,0.5449999999999999,0.0009344440004497301,0.15961283817887306,0.0027441802085377276,8.752871778483495e-06,3.583499726289574e-06,101531.7365,1.0,101013.609375,3.240182671778487e-06,440.66126887550445,3840.0,1.0,,182,,,,,,,,
3.800454757998523,0.013256012321411012,0.08365885416666667,0.0,1.0,0.0113075,3.0,0.5425,0.0022335284690295034,0.1593825419743856,0.004034295484113197,3.369537021550665e-06,2.2281407439095346e-06,101532.17525,1.0,101232.79526171874,3.240182671778487e-06,271.9074271444862,3840.0,1.0,,183,,,,,,,,
3.980486820999431,0.008185091894119978,0.07550048828125,0.0,0.0,0.011260000000000001,4.0,0.54,-0.0007691287974012084,0.16586274048313498,0.0010958204948110506,6.181687162154503e-06,4.095413132176873e-06,101514.47375,1.0,100804.465046875,3.240182671778487e-06,633.4178350942066,3840.0,1.0,,184,,,,,,,,
4.08684743699996,0.00441787273666705,0.0452880859375,0.0,0.0,0.0112125,4.0,0.5375,0.0006513323387480341,0.15792204113677144,0.0024195550358854234,7.586176458573846e-06,3.439762437551508e-06,101523.35900000001,1.0,100825.83853515625,3.240182671778487e-06,571.8343348857965,3840.0,1.0,,185,,,,,,,,
4.032385916998464,0.006975714670261368,0.0706787109375,0.0,0.0,0.011165,4.0,0.5349999999999999,0.00030328342836583033,0.15694363601505756,0.002053840522421524,2.8847470758819327e-06,2.8599580446098116e-06,101644.06574999998,1.0,100962.55473046875,3.240182671778487e-06,505.2730325108095,3840.0,1.0,,186,,,,,,,,
4.012253935999979,0.005790751431050012,0.06146240234375,0.0,0.0,0.0111175,4.0,0.5325,-0.002134310947440099,0.1554617309011519,-0.00040807521145325154,3.1944142406814535e-06,3.5804812696937915e-06,101628.36725,1.0,100932.0162421875,3.240182671778487e-06,614.6257546577483,3840.0,1.0,,187,,,,,,,,
3.8085728910009493,0.01315716032210427,0.08642578125,0.0,1.0,0.011070000000000002,3.0,0.53,-0.0019232987930687766,0.145712883832554,-0.00031251363301028806,5.46419690294897e-06,3.418887899897527e-06,101570.49475000001,1.0,100955.56343359375,3.240182671778487e-06,661.4490751283639,3840.0,1.0,,188,,,,,,,,
4.005156064000403,0.012238250845257426,0.07958984375,0.0,0.0,0.011022500000000001,4.0,0.5275000000000001,0.006266617871006019,0.14590146183036268,0.007872881018556654,6.81134650903914e-06,2.5100491285456883e-06,101713.14325000001,1.0,101072.19531640626,3.240182671778487e-06,512.495829029483,3840.0,1.0,,189,,,,,,,,
4.042058065000674,0.007195952039182885,0.0579833984375,0.0,0.0,0.010975,4.0,0.525,-0.0029731690447079018,0.14077848009765148,-0.00142957795469556,2.703734978126704e-06,2.364822407230349e-06,101646.73,1.0,101154.56926171875,3.240182671778487e-06,479.1189501570741,3840.0,1.0,,190,,,,,,,,
4.014102429000559,0.01126818590273615,0.0968017578125,0.0,0.0,0.010927500000000001,4.0,0.5225,0.002396526648226427,0.14385571284219623,0.0039673985447734594,1.794839910473911e-06,1.8634138605477801e-06,101646.49799999999,1.0,101263.26789453125,3.240182671778487e-06,426.04307029122293,3840.0,1.0,,191,,,,,,,,
3.993677739999839,0.0059101127790199826,0.05792236328125,0.0,0.0,0.01088,4.0,0.52,-0.004183701486908831,0.1487600547261536,-0.0025667249283287674,3.1036756453772796e-06,2.446147504997498e-06,101612.70825,1.0,101030.5874375,3.240182671778487e-06,447.0971480597373,3840.0,1.0,,192,,,,,,,,
4.035265865999463,0.006102494347942411,0.06396484375,0.0,0.0,0.0108325,4.0,0.5175000000000001,0.003754462904907996,0.145339279435575,0.0053275233949534595,2.038590039887822e-06,2.2460416957414964e-06,101696.706,1.0,101122.53494140625,3.240182671778487e-06,471.82333433068493,3840.0,1.0,,193,,,,,,,,
4.010138759000256,0.0067804410973622,0.071533203125,0.0,0.0,0.010785000000000001,4.0,0.515,0.0014931913174223155,0.14567901706323028,0.003063274343730882,1.5736213896389017e-06,1.8156373506883483e-06,101492.71399999999,1.0,101107.8385,3.240182671778487e-06,333.19719811407634,3840.0,1.0,,194,,,,,,,,
4.166969140000219,0.010591955557174515,0.09490966796875,0.0,0.0,0.0107375,4.0,0.5125,0.002355692231503781,0.14844358013942838,0.003948255282011814,2.1341085520987235e-06,2.2729473840854553e-06,101628.018,1.0,101012.06091015624,3.240182671778487e-06,498.3683543748096,3840.0,1.0,,195,,,,,,,,
4.055165243998999,0.004794842545379652,0.05926513671875,0.0,0.0,0.010690000000000002,4.0,0.51,-0.001677723710599821,0.13688493380323052,-0.00021525603369809687,1.148511532989005e-06,1.4347514571966258e-06,101606.15100000001,1.0,101265.47159765624,3.240182671778487e-06,272.2489964166187,3840.0,1.0,,196,,,,,,,,
4.103857005999089,0.010524296474613948,0.0784912109375,0.0,0.0,0.010642500000000001,4.0,0.5075000000000001,0.0013603395127574913,0.13751900708302855,0.002822906360961497,1.4360771132260197e-06,1.6726210780859674e-06,101610.68999999999,1.0,101160.97347265625,3.240182671778487e-06,261.9340598123672,3840.0,1.0,,197,,,,,,,,
3.7656605200008926,0.01422360213715971,0.08927408854166667,0.0,1.0,0.010595,3.0,0.505,0.002828747014670322,0.13730283764501414,0.004282442251375566,1.6313820102216898e-06,1.7307214221773393e-06,101645.72825,1.0,101120.989359375,3.240182671778487e-06,346.6116242104338,3840.0,1.0,,198,,,,,,,,
3.99390760300048,0.005569754139287397,0.0552978515625,0.0,0.0,0.010547500000000001,4.0,0.5025,-0.0013133703614585102,0.14038478769361973,0.00016591476742178202,2.359050888856018e-06,2.3739101955300157e-06,101566.19275,1.0,100968.312625,3.240182671778487e-06,482.9661873262735,3840.0,1.0,,199,,,,,,,,
4.010769267000796,0.015462640356417978,0.09454345703125,0.0,0.0,0.0105,4.0,0.5,0.0034824077720259083,0.1292361516971141,0.004838455570279621,1.6601108576708157e-06,1.5325521580678014e-06,101529.41675,1.0,101114.07494140626,3.240182671778487e-06,367.9221912127633,3840.0,1.0,,200,101713.14325000001,101568.02600000001,101413.745,70000042,101260.437375,best_of_k,101568.02600000001,304.7891173113409
4.002630390001286,0.00445960554498015,0.0413818359375,0.0,0.0,0.010452500000000002,4.0,0.49750000000000005,-0.0020261593745090067,0.1260234978981316,-0.000709812025888823,1.5391077567983302e-06,1.5192214277703897e-06,101606.72575,1.0,101195.5240703125,3.240182671778487e-06,345.1218966592434,3840.0,1.0,,201,,,,,,,,
3.5575044019988127,0.015291670173610328,0.0994873046875,0.0,1.0,0.010405000000000001,2.0,0.495,0.005483881046529859,0.1426168824546039,0.006966922141145915,1.5036105480703554e-06,1.4738042182216304e-06,101577.18275,1.0,101215.98443750001,3.240182671778487e-06,311.5084816480813,3840.0,1.0,,202,,,,,,,,
3.99406437899961,0.005426242905741674,0.05364990234375,0.0,0.0,0.010357500000000002,4.0,0.49250000000000005,0.0005797825506306253,0.1421860170084983,0.002051385585218668,1.759021930780591e-06,1.8247336370791345e-06,101568.95274999998,1.0,101025.18068359375,3.240182671778487e-06,412.6221638622667,3840.0,1.0,,203,,,,,,,,
4.0023215639994305,0.004621630489054951,0.041259765625,0.0,0.0,0.01031,4.0,0.49,0.0023605104943271726,0.13632671744562685,0.0037650708691217005,1.6889680019005482e-06,1.5988728954141607e-06,101603.32750000001,1.0,101104.3726796875,3.240182671778487e-06,481.7830328164307,3840.0,1.0,,204,,,,,,,,
4.021055363000414,0.009133688241490745,0.06524658203125,0.0,0.0,0.0102625,4.0,0.48750000000000004,0.0017731164989527315,0.12451375531964004,0.0030500630382448435,1.552679357530451e-06,1.4413799362955615e-06,101630.2715,1.0,101199.35900781251,3.240182671778487e-06,403.54209976291526,3840.0,1.0,,205,,,,,,,,
3.949535265999657,0.012883898894870072,0.07745361328125,0.0,1.0,0.010215,4.0,0.485,0.0034786145770340227,0.12381124822422862,0.004741958749946207,2.7648278404512894e-06,2.2229801004414185e-06,101642.66450000001,1.0,101056.786046875,3.240182671778487e-06,495.83088207046256,3840.0,1.0,,206,,,,,,,,
3.9817681269996683,0.008703460307515343,0.0679931640625,0.0,0.0,0.010167500000000001,4.0,0.48250000000000004,0.0006473222383647226,0.11498089926317334,0.0018154100398533046,2.296921138622565e-06,1.501370736178842e-06,101588.60875,1.0,101225.52114062499,3.240182671778487e-06,388.24583194571727,3840.0,1.0,,207,,,,,,,,
3.9819445709999854,0.02107101692672586,0.08941650390625,0.0,1.0,0.01012,4.0,0.48,0.005947352387011051,0.1146785574965179,0.007106395758455619,3.7542459416783913e-06,2.256580579285128e-06,101567.6155,1.0,100976.76489453125,3.240182671778487e-06,565.9077535852788,3840.0,1.0,,208,,,,,,,,
4.014707417998579,0.009942397005943349,0.0728759765625,0.0,0.0,0.010072500000000002,4.0,0.47750000000000004,0.0065374714467907324,0.11959830950945616,0.007740894478047267,4.580108953433637e-06,1.5466072014191923e-06,101631.64074999999,1.0,101222.71982031249,3.240182671778487e-06,431.94895306102256,3840.0,1.0,,209,,,,,,,,
3.8284207200013043,0.013886902532249223,0.072998046875,0.0,1.0,0.010025000000000001,3.0,0.475,0.0022633750922977924,0.12345707261313994,0.00349915970582515,7.961959785992198e-06,2.153320508568868e-06,101570.75274999999,1.0,101002.20481640624,3.240182671778487e-06,624.8311572634746,3840.0,1.0,,210,,,,,,,,
3.9979492930015113,0.008521325515175704,0.0819091796875,0.0,0.0,0.009977500000000002,4.0,0.47250000000000003,0.0021229259418760194,0.12552047451026738,0.003374395368155092,2.5716188467583834e-06,1.3081506580192581e-06,101613.69675,1.0,101217.8240859375,3.240182671778487e-06,424.51702968721787,3840.0,1.0,,211,,,,,,,,
4.013608234999992,0.006328341714834096,0.06195068359375,0.0,0.0,0.00993,4.0,0.47,-0.0012476154806790873,0.12377722398377955,-1.9424856873229146e-05,3.3990110352988268e-06,1.154359196675614e-06,101618.31275,1.0,101329.46298828124,3.240182671778487e-06,238.87844465201533,3840.0,1.0,,212,,,,,,,,
4.018245956000101,0.006648074948316207,0.057861328125,0.0,0.0,0.0098825,4.0,0.4675,-0.0019129556603729725,0.12477207533083856,-0.0006824743468314409,1.0423041025831026e-05,3.072216102850689e-06,101631.32875,1.0,101136.14778906251,3.240182671778487e-06,512.7696365847613,3840.0,1.0,,213,,,,,,,,
3.948368433999349,0.011483948732347926,0.07794189453125,0.0,0.0,0.009835,4.0,0.46499999999999997,6.678488716715947e-05,0.12880718824453652,0.001332281535724178,5.330066922937249e-06,1.5777901616331746e-06,101628.474,1.0,101258.56675390626,3.240182671778487e-06,278.63823603867786,3840.0,1.0,,214,,,,,,,,
3.7801501779995306,0.01237319469025048,0.052571614583333336,0.0,1.0,0.009787500000000001,3.0,0.4625,-0.002567541778262239,0.13019721830884615,-0.0012941575841978192,2.531969874060754e-06,1.334602676668813e-06,101614.70475,1.0,101205.90450390625,3.240182671778487e-06,397.49040941193743,3840.0,1.0,,215,,,,,,,,
4.038805603000583,0.0076182375705684535,0.0682373046875,0.0,0.0,0.00974,4.0,0.45999999999999996,0.0004004620968771633,0.13577499124221504,0.0017204819596372545,1.8663479963265672e-05,1.1234035603990833e-06,101712.634,1.0,101313.6547734375,3.240182671778487e-06,333.62954609174034,3840.0,1.0,,216,,,,,,,,
4.030907394000678,0.007829275713447714,0.07122802734375,0.0,0.0,0.009692500000000001,4.0,0.4575,0.0036958051023248117,0.13144397898577154,0.004966796965163667,2.4998031523892905e-05,1.0589128756066657e-06,101701.65624999999,1.0,101311.71696484376,3.240182671778487e-06,241.59950731837392,3840.0,1.0,,217,,,,,,,,
4.042520192999291,0.0075048595426778775,0.06878662109375,0.0,0.0,0.009644999999999999,4.0,0.45499999999999996,-0.0005835569681948982,0.1322486074641347,0.0006843546871095896,7.010195226087035e-05,1.2330080014777423e-06,101715.51375,1.0,101428.26453125,3.240182671778487e-06,255.18577653240072,3840.0,1.0,,218,,,,,,,,
3.979975600999751,0.010676080761186313,0.07806396484375,0.0,0.0,0.0095975,4.0,0.4525,0.00305611094518099,0.13715991214849055,0.004366930632386357,4.8762467073970583e-05,1.3927076594200116e-06,101732.25,1.0,101430.12535156248,3.240182671778487e-06,300.57923030755444,3840.0,1.0,,219,,,,,,,,
3.9913416330000473,0.015176097007497447,0.07940673828125,0.0,1.0,0.00955,4.0,0.44999999999999996,0.006844600768090459,0.13713169726543128,0.008152626134688035,1.0120831873905445e-05,1.1401834321134174e-06,101775.826,1.0,101383.0932734375,3.240182671778487e-06,309.92574818748074,3840.0,1.0,,220,101775.826,101643.48824999998,101603.1435,70000042,101297.33991666665,best_of_k,101643.48824999998,685.4220683521245
4.002191216999563,0.011321380712615792,0.08319091796875,0.0,1.0,0.0095025,4.0,0.4475,0.0011365126047166996,0.13232343760319054,0.002392970520304516,2.9572713522441063e-06,1.2988818909320798e-06,101721.22575,1.0,101398.782421875,3.240182671778487e-06,381.7630438549167,3840.0,1.0,,221,,,,,,,,
4.033876370998769,0.010877340337174246,0.07806396484375,0.0,1.0,0.009455,4.0,0.44499999999999995,0.0038854937156429514,0.13540635211393237,0.005164768372196704,2.324863775271524e-06,1.5203090839577271e-06,101742.67225,1.0,101428.3182421875,3.240182671778487e-06,403.4649238081844,3840.0,1.0,,222,,,,,,,,
3.9622471950006,0.007678948080865666,0.06817626953125,0.0,0.0,0.009407500000000001,4.0,0.4425,-0.001145255722803995,0.14652416622266173,0.00023212221276480705,2.1424993050800367e-06,1.667267881089174e-06,101743.28825,1.0,101237.77898828124,3.240182671778487e-06,423.34022670728837,3840.0,1.0,,223,,,,,,,,
3.9857812649988773,0.011247766560700256,0.05255126953125,0.0,0.0,0.00936,4.0,0.43999999999999995,-0.003006280712725129,0.1464146957732737,-0.0016368877841159701,2.150323556548983e-06,1.6681822323505457e-06,101695.971,1.0,101173.3793125,3.240182671778487e-06,449.9493656591974,3840.0,1.0,,224,,,,,,,,
3.9695875170000363,0.007929970848636003,0.0677490234375,0.0,0.0,0.009312500000000001,4.0,0.4375,0.001940699392434908,0.1426571300253272,0.0032683960162103176,1.8634347505042115e-06,1.2233047961274224e-06,101689.11974999998,1.0,101280.861125,3.240182671778487e-06,310.1580250695786,3840.0,1.0,,225,,,,,,,,
3.972042045001217,0.006409124984202208,0.05322265625,0.0,0.0,0.009265000000000002,4.0,0.43500000000000005,0.002685737985302694,0.14140128809958696,0.003994537721155211,4.798522276416861e-06,1.6060414935736844e-06,101697.275,1.0,101201.12790234375,3.240182671778487e-06,410.6668607634888,3840.0,1.0,,226,,,,,,,,
4.002009564999753,0.008580645902839024,0.05841064453125,0.0,0.0,0.0092175,4.0,0.4325,-0.0035965252682217397,0.13939971337094903,-0.002312734752194956,4.701569686460516e-06,1.3120032598123998e-06,101736.41,1.0,101282.371828125,3.240182671778487e-06,380.0674632121206,3840.0,1.0,,227,,,,,,,,
3.9725244300007034,0.0073355767053726595,0.070556640625,0.0,0.0,0.009170000000000001,4.0,0.43000000000000005,0.001249164663022384,0.1381854941137135,0.002515231433790177,5.941596391778603e-06,9.990209086652158e-07,101695.64275000001,1.0,101351.7553515625,3.240182671778487e-06,297.9496276335002,3840.0,1.0,,228,,,,,,,,
3.9492357620001712,0.007110600843589054,0.05841064453125,0.0,0.0,0.0091225,4.0,0.4275,0.002259046981635038,0.13604298583231866,0.003499123136862181,2.599341332398808e-06,1.4315637422157579e-06,101714.75499999999,1.0,101338.42655468751,3.240182671778487e-06,421.5210615207732,3840.0,1.0,,229,,,,,,,,
3.9521507879999263,0.008068193685176084,0.07330322265625,0.0,0.0,0.009075000000000001,4.0,0.42500000000000004,0.0013610543392132968,0.13474577385932207,0.002582690241979435,1.5496678731352631e-06,2.0546152299516507e-06,101730.99225,1.0,101446.42137109375,3.240182671778487e-06,247.0440875122741,3840.0,1.0,,230,,,,,,,,
3.9635756190000393,0.012023414285067702,0.07568359375,0.0,1.0,0.0090275,4.0,0.4225,-0.0010699993799789809,0.13431523833423853,0.00014142756117507815,1.5739241341350407e-06,1.8929846454796007e-06,101756.466,1.0,101450.68747265625,3.240182671778487e-06,358.86247934777447,3840.0,1.0,,231,,,,,,,,
4.02378116699947,0.008577345819503535,0.0675048828125,0.0,0.0,0.008980000000000002,4.0,0.42000000000000004,-0.0007656360830878839,0.13057289947755635,0.00040615514444652945,1.4188936212633507e-06,1.22322171236533e-06,101744.986,1.0,101295.99772265625,3.240182671778487e-06,268.70392814945467,3840.0,1.0,,232,,,,,,,,
4.023026516000755,0.009881464095087722,0.07611083984375,0.0,0.0,0.008932500000000001,4.0,0.4175,0.005847737964359112,0.13001608266495168,0.007008661370491609,8.959713522216362e-07,7.115380231681456e-07,101717.579,1.0,101407.70339453124,3.240182671778487e-06,187.35619393795378,3840.0,1.0,,233,,,,,,,,
4.060868316999404,0.00909512978978455,0.064453125,0.0,0.0,0.008885,4.0,0.41500000000000004,-0.001729585463181138,0.13095834758132696,-0.0005665941716870293,1.1001066333449216e-06,9.274138168535728e-07,101676.77900000001,1.0,101352.93550781251,3.240182671778487e-06,293.052751224842,3840.0,1.0,,234,,,,,,,,
4.1239930570009165,0.007641504729690496,0.07177734375,0.0,0.0,0.0088375,4.0,0.4125,-0.004271979098120937,0.1307393629103899,-0.003117230866337195,1.351013310113558e-06,1.05177768006115e-06,101712.31224999999,1.0,101258.4525546875,3.240182671778487e-06,299.9700968628324,3840.0,1.0,,235,,,,,,,,
3.7595412190003117,0.015857341670198366,0.07364908854166667,0.0,1.0,0.008790000000000001,3.0,0.41000000000000003,-0.003407912910915911,0.1265833042562008,-0.0022958730502674976,1.820342286388647e-06,8.901061363530971e-07,101755.58425,1.0,101322.95208203126,3.240182671778487e-06,278.68401079595253,3840.0,1.0,,236,,,,,,,,
3.9799296940000204,0.010741364261775743,0.07598876953125,0.0,0.0,0.0087425,4.0,0.4075,0.0005556165851885453,0.11764012416824698,0.001583572186063975,1.7227134634367758e-06,6.824582090558806e-07,101719.07225000001,1.0,101396.82425390625,3.240182671778487e-06,261.2346529678032,3840.0,1.0,,237,,,,,,,,
3.949972839998736,0.007045823000225937,0.06085205078125,0.0,0.0,0.008695000000000001,4.0,0.405,0.003557556170562748,0.1180940861813724,0.0045838619116693735,1.4712667635308208e-06,7.493524734059065e-07,101734.895,1.0,101465.88933593749,3.240182671778487e-06,183.8089260855799,3840.0,1.0,,238,,,,,,,,
3.9880706960011594,0.011068364019592991,0.07086181640625,0.0,0.0,0.0086475,4.0,0.40249999999999997,-0.004073235488249338,0.11735945916734636,-0.003059160750126466,2.219871721109712e-06,1.137633166337082e-06,101767.743,1.0,101401.43580859376,3.240182671778487e-06,341.5017854299335,3840.0,1.0,,239,,,,,,,,
4.057361642000615,0.005649198839819292,0.05047607421875,0.0,0.0,0.008600000000000002,4.0,0.4,0.000498762252391316,0.12546696071512997,0.0015768572629895061,4.412976679191161e-06,9.581847635331542e-07,101688.45675,1.0,101434.1896796875,3.240182671778487e-06,322.3812319433911,3840.0,1.0,,240,101775.826,101674.36200000001,101503.5435,70000042,101381.01394166665,best_of_k,101674.36200000001,427.7934018486601
4.0786448380004,0.018999023228388978,0.099853515625,0.0,1.0,0.0085525,4.0,0.39749999999999996,0.003995907714852365,0.12985659670084715,0.0051035799260716885,2.3586539274589313e-05,1.136742264762347e-06,101722.291,1.0,101459.08352734376,3.240182671778487e-06,289.5987818764875,3840.0,1.0,,241,,,,,,,,
4.021120913999766,0.008460614513751352,0.06671142578125,0.0,0.0,0.008505,4.0,0.395,-0.00043785989691969007,0.12915613478980958,0.0006592290446860716,6.298520084158099e-06,1.508684082551781e-06,101732.434,1.0,101278.8635625,3.240182671778487e-06,475.4854550536859,3840.0,1.0,,242,,,,,,,,
3.9241496249997,0.010569012963969726,0.079833984375,0.0,0.0,0.0084575,4.0,0.39249999999999996,0.00044288425488048233,0.13399552390910685,0.0015753168845549226,2.9515614237141108e-06,1.0771973180112582e-06,101734.99225,1.0,101346.5005078125,3.240182671778487e-06,380.4101553444834,3840.0,1.0,,243,,,,,,,,
3.9805819440007326,0.008858238132233964,0.05682373046875,0.0,0.0,0.00841,4.0,0.39,-0.0021220660564722493,0.12228466314263642,-0.0010952934535453096,3.511440393566545e-06,2.5792494398046983e-06,101723.898,1.0,101360.26859765625,3.240182671778487e-06,470.9631941118085,3840.0,1.0,,244,,,,,,,,
3.971227217998603,0.008049876701988978,0.053466796875,0.0,0.0,0.0083625,4.0,0.38749999999999996,0.0020026957863592543,0.12019492220133543,0.0030058689299039543,1.9066439271853142e-06,3.5319209743533975e-06,101773.375,1.0,101437.42320703124,3.240182671778487e-06,383.348978236201,3840.0,1.0,,245,,,,,,,,
4.004654737998862,0.010169143541133963,0.0657958984375,0.0,0.0,0.008315000000000001,4.0,0.385,0.006531064707814949,0.11633591237477958,0.007487435999792069,8.440095740525067e-06,2.0235805177293287e-05,101773.22325,1.0,101490.6605625,3.240182671778487e-06,204.95632895843005,3840.0,1.0,,246,,,,,,,,
4.011816772999737,0.014153365460515488,0.073974609375,0.0,0.0,0.0082675,4.0,0.38249999999999995,0.006525837432491244,0.1168643410783261,0.007488267874578014,9.613041633826924e-06,5.568559608093437e-06,101774.30325,1.0,101417.9221875,3.240182671778487e-06,337.6986348805001,3840.0,1.0,,247,,,,,,,,
3.980498326000088,0.009557765293720877,0.06195068359375,0.0,0.0,0.008220000000000002,4.0,0.38,-0.0009099972394324141,0.11178970942273736,2.3204484023153782e-07,4.1755609153426576e-05,9.013531066415226e-06,101763.45524999998,1.0,101510.3198515625,3.240182671778487e-06,210.92577100754212,3840.0,1.0,,248,,,,,,,,
4.06239041399931,0.004839768542296952,0.04779052734375,0.0,0.0,0.0081725,4.0,0.37749999999999995,-0.00043457824540382717,0.1203077849932015,0.0005411311285570264,6.802182873855145e-05,1.4063309485834452e-06,101790.402,1.0,101459.5865703125,3.240182671778487e-06,229.45038055634367,3840.0,1.0,,249,,,,,,,,
3.9686765110000124,0.0060387127959984355,0.05615234375,0.0,0.0,0.008125,4.0,0.375,-0.0019816486528725363,0.1243913946673274,-0.0009742911206558347,2.6619524561510843e-05,1.3208927356345157e-06,101751.36200000001,1.0,101386.5566875,3.240182671778487e-06,312.03925827442936,3840.0,1.0,,250,,,,,,,,
4.043239992000963,0.007182729052146897,0.050537109375,0.0,0.0,0.008077500000000001,4.0,0.37250000000000005,-0.0012433948541001882,0.12318738852627575,-0.00029525713762268424,0.00046096304102150043,1.6244600082870875e-06,101715.73450000002,1.0,101362.23087109375,3.240182671778487e-06,358.4024695569193,3840.0,1.0,,251,,,,,,,,
3.978580580000198,0.0038238583074416965,0.03680419921875,0.0,0.0,0.00803,4.0,0.37,0.00021833954815519974,0.11977722542360425,0.0011519215477164835,0.00027497597329784185,1.463294665882131e-06,101792.823,1.0,101387.28090625,3.240182671778487e-06,311.38170816326107,3840.0,1.0,,252,,,,,,,,
4.071693476000291,0.00928272870805813,0.05718994140625,0.0,0.0,0.007982500000000002,4.0,0.36750000000000005,0.001644844734983053,0.12539876508526504,0.0026430805155541748,1.596693291361362e-05,2.3261912822647446e-06,101813.578,1.0,101138.69196875,3.240182671778487e-06,531.1289565382997,3840.0,1.0,,253,,,,,,,,
4.024606164999568,0.005423486309155123,0.043212890625,0.0,0.0,0.007935000000000001,4.0,0.365,-0.0007565123305539601,0.12092779157683253,0.0002000269596464932,2.38375095449328e-05,1.2774942597104655e-06,101747.56999999999,1.0,101347.69218359375,3.240182671778487e-06,320.7657366839215,3840.0,1.0,,254,,,,,,,,
3.9836305040007574,0.00981430416868534,0.05682373046875,0.0,0.0,0.007887500000000002,4.0,0.36250000000000004,-0.001022976815875154,0.1215948925819248,-6.506429053843021e-05,4.127504016793182e-06,1.5103593220544553e-06,101764.20025000001,1.0,101273.31472265626,3.240182671778487e-06,434.34550794401895,3840.0,1.0,,255,,,,,,,,
4.0053576179998345,0.004847822820011061,0.04022216796875,0.0,0.0,0.00784,4.0,0.36,-0.00022870852262713015,0.11657179961912334,0.0006844368763267994,2.214647285114779e-06,1.11214376552482e-06,101778.93000000001,1.0,101414.93556249999,3.240182671778487e-06,348.5800254569064,3840.0,1.0,,256,,,,,,,,
4.035520572000678,0.004302678251406178,0.04412841796875,0.0,0.0,0.007792500000000001,4.0,0.35750000000000004,-0.0019968470151070505,0.11628669337369502,-0.0010914451122516766,2.0159926918950077e-06,1.122285894439301e-06,101813.49524999999,1.0,101422.22713281249,3.240182671778487e-06,311.619054900461,3840.0,1.0,,257,,,,,,,,
3.992328076999911,0.006629734725720482,0.060302734375,0.0,0.0,0.007745,4.0,0.355,0.001136761709858547,0.11822618520818651,0.002051794101134874,1.5636064709667608e-06,9.453292779681988e-07,101819.40724999999,1.0,101502.13122265624,3.240182671778487e-06,274.12238375061685,3840.0,1.0,,258,,,,,,,,
4.0398962140006915,0.01336457988145412,0.058349609375,0.0,1.0,0.007697500000000001,4.0,0.35250000000000004,-0.002939138445071876,0.11566328187473118,-0.002049645670922473,2.1855540168758125e-06,1.2143655379048823e-06,101816.65525,1.0,101551.23423437499,3.240182671778487e-06,193.99561928238052,3840.0,1.0,,259,,,,,,,,
3.96170759099914,0.004874123580520973,0.051025390625,0.0,0.0,0.0076500000000000005,4.0,0.35,-0.0013952403278381098,0.11800601705908775,-0.0004933397867716849,1.3927175182004703e-06,1.4119733897643982e-06,101808.58600000001,1.0,101505.83486328126,3.240182671778487e-06,235.46529199022237,3840.0,1.0,,260,101819.40724999999,101821.47925,101728.43049999999,70000042,101557.58568333332,best_of_k,101821.47925,267.29955283918406
4.047504119000223,0.013148859703505877,0.0494384765625,0.0,0.0,0.007602500000000002,4.0,0.34750000000000003,0.0015942621103022248,0.11820333614014089,0.002492131810868159,1.6774076065928512e-06,1.2069726800234548e-06,101818.20725,1.0,101501.37354296877,3.240182671778487e-06,373.6449872252616,3840.0,1.0,,261,,,,,,,,
3.9840719680014445,0.008203290417441167,0.04742431640625,0.0,0.0,0.007555000000000001,4.0,0.345,0.0017785502459446434,0.12204529833979905,0.0026997183813364245,2.948100462418779e-06,1.1779514945686742e-06,101826.31125,1.0,101548.076328125,3.240182671778487e-06,310.49500582593924,3840.0,1.0,,262,,,,,,,,
4.002256700001453,0.00433620289186365,0.03961181640625,0.0,0.0,0.007507500000000002,4.0,0.3425,0.0036154446461296175,0.12121365196071565,0.004524433781625703,3.3154898630982643e-06,1.3807181815650438e-06,101839.03124999999,1.0,101432.58320312499,3.240182671778487e-06,389.40531025153996,3840.0,1.0,,263,,,,,,,,
4.031088218998775,0.00891063123344793,0.045166015625,0.0,0.0,0.00746,4.0,0.33999999999999997,-0.0019441908934823005,0.12096888152882457,-0.0010590576566755772,0.00012429438652361569,9.729603073438398e-06,101836.49525,1.0,101459.94775390625,3.240182671778487e-06,297.81415674684956,3840.0,1.0,,264,,,,,,,,
4.016276096001093,0.004482217955228407,0.0455322265625,0.0,0.0,0.007412500000000001,4.0,0.3375,0.003631218412920134,0.12195756705477834,0.00421678030397743,0.0031166775795554713,1.3561952663110333e-05,101820.71225000001,1.0,101612.45582421875,3.240182671778487e-06,235.4869954002102,3840.0,1.0,,265,,,,,,,,
4.018657523000002,0.008750686280109221,0.0616455078125,0.0,0.0,0.007365,4.0,0.33499999999999996,0.002904747350839898,0.13012993219308555,0.003783195308642462,0.0006894517048294801,2.2029308723858776e-05,101809.407,1.0,101505.77087890625,3.240182671778487e-06,296.66595496586336,3840.0,1.0,,266,,,,,,,,
3.535865430998456,0.01923254473513225,0.05419921875,0.0,1.0,0.007317500000000001,2.0,0.3325,0.0013789083459414542,0.13462740276008844,0.0023512354237027466,8.438942074917577e-05,8.740486116209922e-06,101821.55050000001,1.0,101538.48182421875,3.240182671778487e-06,253.7114175852005,3840.0,1.0,,267,,,,,,,,
3.9871911270001874,0.005016067974793259,0.049072265625,0.0,0.0,0.00727,4.0,0.32999999999999996,0.0003402352776902262,0.13615099736489356,0.001325800083577633,2.842300888517002e-05,2.8206779703054963e-06,101795.79400000001,1.0,101355.02603515625,3.240182671778487e-06,338.371045089813,3840.0,1.0,,268,,,,,,,,
3.7523650219991396,0.012999297745409422,0.047037760416666664,0.0,1.0,0.0072225000000000015,3.0,0.3275,-0.006366594151283304,0.13036803932239613,-0.005426817845242719,6.109044126863712e-06,2.393290917742282e-06,101847.63125,1.0,101271.905109375,3.240182671778487e-06,511.96420586678045,3840.0,1.0,,269,,,,,,,,
3.981098373998975,0.005420757552201394,0.0413818359375,0.0,0.0,0.007174999999999999,4.0,0.32499999999999996,-0.004282834241166711,0.12833973369561136,-0.0033635340369073674,3.620366079815085e-06,2.3493060012924616e-06,101804.82600000002,1.0,101450.68866796876,3.240182671778487e-06,371.6287807111035,3840.0,1.0,,270,,,,,,,,
4.022665278000204,0.0030982211137597915,0.03460693359375,0.0,0.0,0.0071275,4.0,0.3225,-0.002519850448152283,0.12956201378256083,-0.0015976939612301067,2.983194459460492e-06,1.9977364953405186e-06,101826.75925,1.0,101562.58915234375,3.240182671778487e-06,209.56576539184098,3840.0,1.0,,271,,,,,,,,
4.0327459829986765,0.008308023680001497,0.0545654296875,0.0,0.0,0.0070799999999999995,4.0,0.31999999999999995,0.002269457239890471,0.13367345090955496,0.0032145685981959105,3.237609185191559e-06,1.945723518304021e-06,101821.60725,1.0,101460.52531640625,3.240182671778487e-06,299.6051549974584,3840.0,1.0,,272,,,,,,,,
3.9832006559990987,0.006556535172421718,0.04534912109375,0.0,0.0,0.0070325000000000006,4.0,0.3175,0.0008464084967272356,0.13307418627664447,0.0017807524563977495,2.8915503342830107e-06,2.4230854975826333e-06,101800.56025000001,1.0,101471.14861328126,3.240182671778487e-06,304.95978443148005,3840.0,1.0,,273,,,,,,,,
4.021560958999544,0.007138275923352921,0.04241943359375,0.0,0.0,0.006985,4.0,0.31499999999999995,0.0026279249213985167,0.12497065425850451,0.0034953682334162295,7.838741190369092e-06,9.385789475402362e-06,101833.39050000001,1.0,101494.572953125,3.240182671778487e-06,319.78098476262704,3840.0,1.0,,274,,,,,,,,
3.9873740779985383,0.005777411635790486,0.0419921875,0.0,0.0,0.006937500000000001,4.0,0.3125,0.002957943950605113,0.12292435951530933,0.0038017276383470744,2.4614689209556673e-05,1.3086402795181584e-05,101832.28725000001,1.0,101482.50216406249,3.240182671778487e-06,306.9368181873042,3840.0,1.0,,275,,,,,,,,
4.0381810489998315,0.003761584077437874,0.04571533203125,0.0,0.0,0.006890000000000002,4.0,0.31000000000000005,-0.00016293414046231192,0.11892422498203814,0.0006552686681970954,4.520382315575944e-06,1.464834635811485e-06,101807.30325,1.0,101593.57990625,3.240182671778487e-06,209.10354816316521,3840.0,1.0,,276,,,,,,,,
4.005564174000028,0.007802951611665776,0.046875,0.0,0.0,0.006842500000000001,4.0,0.3075,-0.001682938396697864,0.12444314267486334,-0.0008322135254275054,2.2368133372197008e-06,1.1072212284801708e-06,101833.39925,1.0,101581.466453125,3.240182671778487e-06,236.2906530196044,3840.0,1.0,,277,,,,,,,,
4.023043495999445,0.006001219473546371,0.05279541015625,0.0,0.0,0.006795000000000002,4.0,0.30500000000000005,0.000690158769430127,0.12441564863547683,0.0015345057472586632,2.2095770901842116e-06,1.673266766033521e-06,101824.06425000001,1.0,101458.96352734376,3.240182671778487e-06,385.99316828274834,3840.0,1.0,,278,,,,,,,,
4.043067958999018,0.005252884773653932,0.04302978515625,0.0,0.0,0.0067475,4.0,0.3025,0.0009112483967328444,0.12175253173336387,0.0017320497136097401,1.6228773418447417e-06,1.1230992420507846e-06,101816.75125,1.0,101505.63655859375,3.240182671778487e-06,237.02179238238105,3840.0,1.0,,279,,,,,,,,
3.981772748000367,0.004682200567913242,0.02923583984375,0.0,0.0,0.006700000000000001,4.0,0.30000000000000004,-0.0005763869230577257,0.11451334529556334,0.0001902627118397504,1.3182706126713128e-06,9.166024064199974e-07,101828.75125,1.0,101633.700203125,3.240182671778487e-06,211.58310137257678,3840.0,1.0,,280,101847.63125,101822.80725,101743.16725000001,70000042,101670.43225833333,best_of_k,101822.80725,173.57753139577767
4.114399806998335,0.004571990317344898,0.0482177734375,0.0,0.0,0.0066525,4.0,0.2975,-0.003925999648345169,0.11658897646702826,-0.0031510008266195655,1.4577583797859006e-06,9.276955559300859e-07,101839.62325,1.0,101584.48416796875,3.240182671778487e-06,227.32495930820295,3840.0,1.0,,281,,,,,,,,
4.030003116000444,0.007195389447588241,0.05645751953125,0.0,0.0,0.0066050000000000015,4.0,0.29500000000000004,-0.0029420443170238286,0.11909444956108928,-0.0021561217145062983,1.4425081786839655e-06,1.1038378850969366e-06,101815.9105,1.0,101599.99527343751,3.240182671778487e-06,316.40148761214385,3840.0,1.0,,282,,,,,,,,
4.043785994001155,0.008072645185166039,0.04730224609375,0.0,0.0,0.006557500000000001,4.0,0.2925,0.0020528174172795843,0.11460186471231282,0.002803766867145896,1.2054263969218937e-06,8.641639244189037e-07,101837.65525000001,1.0,101599.68064062501,3.240182671778487e-06,229.0670055781827,3840.0,1.0,,283,,,,,,,,
4.0576126639989525,0.0031082401983439922,0.03094482421875,0.0,0.0,0.006510000000000002,4.0,0.29000000000000004,0.0014321869784907904,0.11282693175598979,0.0021660773491021246,1.3557258107255166e-06,9.553597823952487e-07,101836.93525000001,1.0,101564.262625,3.240182671778487e-06,230.75257379975037,3840.0,1.0,,284,,,,,,,,
3.9688729099998454,0.004173958717728965,0.03826904296875,0.0,0.0,0.0064624999999999995,4.0,0.2875,0.0001915234315674752,0.11480768350884318,0.0009327391453552991,1.6230951871420984e-06,1.1328340008276427e-06,101846.35925000001,1.0,101555.33578906249,3.240182671778487e-06,330.95260635399984,3840.0,1.0,,285,,,,,,,,
4.015356210000391,0.004022620174509939,0.04010009765625,0.0,0.0,0.0064150000000000006,4.0,0.28500000000000003,-0.0023658546724618645,0.11629277444444597,-0.0016206764848902822,2.002762503394706e-06,1.2800422819481128e-06,101848.35925,1.0,101632.21269140625,3.240182671778487e-06,298.87735018027234,3840.0,1.0,,286,,,,,,,,
3.9815250589999778,0.006190626740135485,0.05352783203125,0.0,0.0,0.0063675,4.0,0.2825,0.0021088337380206212,0.11562156886793673,0.0028436753782443702,3.127207758524264e-06,2.131539993399656e-06,101835.97525,1.0,101551.318734375,3.240182671778487e-06,370.16340829638034,3840.0,1.0,,287,,,,,,,,
4.023971533999429,0.004645046967198141,0.03863525390625,0.0,0.0,0.006320000000000001,4.0,0.28,-0.0007940004416013835,0.11255640489980578,-8.350126154255122e-05,1.8909276100487205e-06,1.336203425239546e-06,101828.79125,1.0,101535.29710937501,3.240182671778487e-06,284.9032938769916,3840.0,1.0,,288,,,,,,,,
4.040437136000037,0.00522435558741563,0.0462646484375,0.0,0.0,0.0062725,4.0,0.27749999999999997,-0.0017261834655073471,0.10775746568106115,-0.0010511046857573092,1.7953401716397366e-06,1.3020620635018076e-06,101852.61525,1.0,101668.3726328125,3.240182671778487e-06,168.67549398974884,3840.0,1.0,,289,,,,,,,,
4.106517258000167,0.004891789922112366,0.040771484375,0.0,0.0,0.006225000000000001,4.0,0.275,0.0031090052325453144,0.10661133518442512,0.003772027193917893,1.2861557046051075e-06,1.0115136994670593e-06,101836.91925,1.0,101667.91205078125,3.240182671778487e-06,235.4876605206464,3840.0,1.0,,290,,,,,,,,
3.958661127999221,0.005006291015888564,0.04681396484375,0.0,0.0,0.006177500000000001,4.0,0.27249999999999996,-0.000171791783941444,0.10807910491712391,0.0004954048054059967,9.76378791150978e-07,7.305446612093647e-07,101843.99925000001,1.0,101647.64765234376,3.240182671778487e-06,241.33717048901255,3840.0,1.0,,291,,,,,,,,
3.973951780999414,0.003216987824998796,0.03076171875,0.0,0.0,0.006130000000000002,4.0,0.27,-0.001954405635842704,0.10971552762202919,-0.0012826606398448348,1.582055023874318e-06,1.305708231313929e-06,101837.82250000002,1.0,101583.275953125,3.240182671778487e-06,375.67237629260694,3840.0,1.0,,292,,,,,,,,
4.01203916600025,0.005119300178193953,0.04632568359375,0.0,0.0,0.006082499999999999,4.0,0.26749999999999996,0.0008212118555093184,0.11186319240368903,0.001500107566243969,2.758451497442138e-06,2.47213484882991e-06,101848.66325000001,1.0,101539.49424609376,3.240182671778487e-06,505.0006290512665,3840.0,1.0,,293,,,,,,,,
3.99046038799861,0.007137358377804048,0.0330810546875,0.0,0.0,0.006035,4.0,0.265,5.1562801672844216e-05,0.10444098711013794,0.000676594689139165,1.358533314999022e-05,7.82187608550089e-06,101850.77525000002,1.0,101695.84852734375,3.240182671778487e-06,202.94722347656347,3840.0,1.0,,294,,,,,,,,
3.9718044999990525,0.004765432262502145,0.04534912109375,0.0,0.0,0.0059875,4.0,0.26249999999999996,-0.0022722777794115245,0.10909099760465324,-0.0016323912423104048,5.609274070650372e-05,1.537288580522045e-05,101837.51125000001,1.0,101653.05757421875,3.240182671778487e-06,239.04608794745437,3840.0,1.0,,295,,,,,,,,
3.960759601000973,0.004263694543624297,0.0338134765625,0.0,0.0,0.005940000000000001,4.0,0.26,-0.003565401548257796,0.1081739088986069,-0.002924246626207605,4.967859823068466e-06,1.803336306949177e-06,101827.84725,1.0,101691.19595312499,3.240182671778487e-06,165.31854273420777,3840.0,1.0,,296,,,,,,,,
3.950051148998682,0.004779808805324137,0.03546142578125,0.0,0.0,0.0058925,4.0,0.25749999999999995,-0.0010195145077886991,0.10284028365276754,-0.0004143987171119079,1.5854271957493893e-06,1.4235345702218183e-06,101833.75924999999,1.0,101605.30137890627,3.240182671778487e-06,263.2884900122102,3840.0,1.0,,297,,,,,,,,
4.014077829000598,0.002620200266392203,0.02740478515625,0.0,0.0,0.005845000000000001,4.0,0.255,-0.00015495599109272007,0.10337022342719138,0.000448625985882245,1.2045945219085752e-06,9.914180960635122e-07,101852.45525000001,1.0,101688.183921875,3.240182671778487e-06,167.60008167380744,3840.0,1.0,,298,,,,,,,,
3.9868631690005714,0.003406918367545586,0.03125,0.0,0.0,0.005797500000000001,4.0,0.25249999999999995,-0.0005943391006439924,0.10897969105280936,3.653127350844443e-05,1.7742246107843584e-06,1.5232812593524159e-06,101852.63925,1.0,101529.84610546875,3.240182671778487e-06,398.76383865620943,3840.0,1.0,,299,,,,,,,,
3.976526394000757,0.003704564402141841,0.04766845703125,0.0,0.0,0.005750000000000002,4.0,0.25,0.0019874918507412076,0.10338995116762817,0.002581274224212393,1.4136417014753988e-06,1.1374204476055638e-06,101818.65450000002,1.0,101620.33693359375,3.240182671778487e-06,268.93857316481615,3840.0,1.0,,300,101852.63925,101825.91924999999,101741.023,70000042,101678.22381666668,best_of_k,101825.91924999999,190.62176385573395
4.004898754999886,0.0042913565957860555,0.04583740234375,0.0,0.0,0.005702500000000001,4.0,0.24750000000000005,0.002314716281944129,0.10019081481732428,0.0028855282143922523,1.0342960159448467e-06,8.450073600840824e-07,101847.5265,1.0,101662.45191015626,3.240182671778487e-06,224.04967079826707,3840.0,1.0,,301,,,,,,,,
3.9972710809997807,0.006536616376251914,0.0443115234375,0.0,0.0,0.005655,4.0,0.245,-0.005926093886955641,0.09668784565292299,-0.0053802205075044185,1.7015654876217923e-06,1.4524539047044982e-06,101850.33525,1.0,101578.12530078125,3.240182671778487e-06,448.0382739837402,3840.0,1.0,,302,,,,,,,,
3.9755037000013544,0.0033785801388148684,0.03363037109375,0.0,0.0,0.005607500000000001,4.0,0.24250000000000005,-0.0014767034535907442,0.09841381316073239,-0.0009257615165552124,1.9381750924196695e-06,1.4383112620919292e-06,101823.89525,1.0,101561.4499375,3.240182671778487e-06,370.81046047009835,3840.0,1.0,,303,,,,,,,,
3.9601625140003307,0.0026316773546568584,0.02935791015625,0.0,0.0,0.005560000000000001,4.0,0.24,-0.003713151891133748,0.09460535226389766,-0.0031882389448583126,2.427654528958101e-06,1.6999822136654075e-06,101852.45525000001,1.0,101553.31698046875,3.240182671778487e-06,397.6496268296064,3840.0,1.0,,304,,,,,,,,
4.071347529999912,0.0023471355634683277,0.02978515625,0.0,0.0,0.005512500000000002,4.0,0.23750000000000004,0.0004979996228939854,0.089344946667552,0.0009897111885948107,3.1592631160037854e-06,9.731720709282854e-07,101823.94325000001,1.0,101647.08526953125,3.240182671778487e-06,204.6427749662177,3840.0,1.0,,305,,,,,,,,
4.024168894000468,0.003247399647079874,0.03314208984375,0.0,0.0,0.005465000000000001,4.0,0.235,0.002093912898999406,0.08810691814869642,0.0025746723113115877,3.4449011181436617e-06,8.01444345555069e-07,101851.31125000001,1.0,101711.660953125,3.240182671778487e-06,153.38888262978568,3840.0,1.0,,306,,,,,,,,
4.00811301900103,0.0028153027851658408,0.0302734375,0.0,0.0,0.005417500000000002,4.0,0.23250000000000004,-0.0015352261216321494,0.08713179477490485,-0.001063891322701238,1.9168451288464894e-06,1.0200202797960856e-06,101843.77525,1.0,101641.98570703126,3.240182671778487e-06,202.5566999045842,3840.0,1.0,,307,,,,,,,,
4.009435122001378,0.002967593161883997,0.025390625,0.0,0.0,0.00537,4.0,0.22999999999999998,0.003050551094020193,0.08953819121234119,0.0035308136721141636,1.1453807697847651e-06,8.863674327841409e-07,101824.599,1.0,101649.2863046875,3.240182671778487e-06,246.43793948285344,3840.0,1.0,,308,,,,,,,,
4.082182269999976,0.004604044308507582,0.0374755859375,0.0,0.0,0.005322500000000001,4.0,0.22750000000000004,0.0012442797060430166,0.09095739247277379,0.001727932583889924,9.482420395556801e-07,7.460771076495121e-07,101826.47125,1.0,101658.51695312501,3.240182671778487e-06,177.16841085529595,3840.0,1.0,,309,,,,,,,,
4.051158147000024,0.001871264958026586,0.0201416015625,0.0,0.0,0.005275,4.0,0.22499999999999998,-0.0036317085978225805,0.08842382207512856,-0.0031662947440054268,1.8651974968975082e-06,1.6701187846024368e-06,101851.25525,1.0,101588.39374999999,3.240182671778487e-06,434.9436423349559,3840.0,1.0,,310,,,,,,,,
3.989840184000059,0.004134949424042134,0.03955078125,0.0,0.0,0.005227500000000001,4.0,0.22250000000000003,-0.0016804740553197917,0.09225149266421795,-0.0011993585794698447,2.8955717112921775e-06,1.6796147654929428e-06,101847.5265,1.0,101587.8118671875,3.240182671778487e-06,420.0701947658773,3840.0,1.0,,311,,,,,,,,
4.011061844001233,0.0034763553230732214,0.037109375,0.0,0.0,0.005180000000000001,4.0,0.21999999999999997,0.002464392751790001,0.0881278938613832,0.002920421917224303,1.0065878957021823e-06,7.447429268836459e-07,101851.52725,1.0,101656.85419531251,3.240182671778487e-06,170.82570109951266,3840.0,1.0,,312,,,,,,,,
3.992019156999959,0.0034392746674711816,0.03167724609375,0.0,0.0,0.005132500000000002,4.0,0.21750000000000003,-0.0016591645908192731,0.08963088947348297,-0.0011997563124168664,1.2599923309153382e-06,9.926029136408943e-07,101837.25525,1.0,101589.07950000002,3.240182671778487e-06,332.3780554432133,3840.0,1.0,,313,,,,,,,,
3.989489710000271,0.002236320717202034,0.02978515625,0.0,0.0,0.005085000000000001,4.0,0.21499999999999997,0.00047637318493798375,0.0852649153675884,0.0009095459099626169,8.530463944111943e-07,6.283287596886566e-07,101851.25525,1.0,101694.00240234376,3.240182671778487e-06,135.26605677649843,3840.0,1.0,,314,,,,,,,,
4.029338803999053,0.0017535737133584917,0.0137939453125,0.0,0.0,0.005037500000000002,4.0,0.21250000000000002,-0.004217846635583555,0.07737775682471693,-0.0038283901230897754,6.751198480259291e-07,5.324655090177544e-07,101853.79125,1.0,101760.45014843749,3.240182671778487e-06,88.49025123032597,3840.0,1.0,,315,,,,,,,,
4.010917004001385,0.0024640897172503173,0.0252685546875,0.0,0.0,0.00499,4.0,0.20999999999999996,-0.0017906366038005217,0.07863841042853892,-0.0013987713027745485,1.1492159117665324e-06,8.501187274134736e-07,101851.62325,1.0,101680.65921484375,3.240182671778487e-06,285.4946880179129,3840.0,1.0,,316,,,,,,,,
3.980924382000012,0.003416632433072664,0.028076171875,0.0,0.0,0.004942500000000001,4.0,0.20750000000000002,-0.0015728542057331651,0.07931720302440226,-0.0011812010343419388,8.445414358959624e-07,5.756643215448776e-07,101852.45525000001,1.0,101716.8782578125,3.240182671778487e-06,149.18564014596808,3840.0,1.0,,317,,,,,,,,
3.9500809620003565,0.0025610224438423757,0.0286865234375,0.0,0.0,0.004895,4.0,0.20499999999999996,-0.0043524643069758895,0.08638799679465592,-0.003930025195586495,9.767267830085302e-07,6.651254027545406e-07,101851.35125,1.0,101711.79373046875,3.240182671778487e-06,196.25739748693644,3840.0,1.0,,318,,,,,,,,
3.947580496998853,0.0025425862841075286,0.02972412109375,0.0,0.0,0.004847500000000001,4.0,0.2025,-0.00026246835477650166,0.0828592802863568,0.00013887835666537285,6.3063466093638e-07,5.013629307271117e-07,101853.93525,1.0,101728.90161328125,3.240182671778487e-06,171.70327847748257,3840.0,1.0,,319,,,,,,,,
4.02813185299965,0.0015218222761177458,0.01513671875,0.0,0.0,0.0048000000000000004,4.0,0.19999999999999996,0.001407491094141733,0.08214841317385435,0.0018014271336141974,9.532740801176942e-07,5.622475161004559e-07,101852.41525,1.0,101719.73056250002,3.240182671778487e-06,177.96989353414332,3840.0,1.0,,320,101853.93525,101845.53525,101814.19050000001,70000042,101754.63779166667,best_of_k,101845.53525,129.90866939751962
4.061641594000321,0.002756818776106229,0.02880859375,0.0,0.0,0.0047525000000000015,4.0,0.1975,-0.0013633568214572733,0.07871644524857402,-0.0009895783732645214,8.749288138432121e-07,4.6784887963724486e-07,101825.03125,1.0,101725.45430859375,3.240182671778487e-06,151.6416776319973,3840.0,1.0,,321,,,,,,,,
4.154599782999867,0.0027554268926905934,0.03106689453125,0.0,0.0,0.004704999999999999,4.0,0.19499999999999995,0.001332159246885567,0.08705716230906546,0.0017415007459931076,7.326092923420902e-07,3.78471112227885e-07,101853.72725,1.0,101748.45728125,3.240182671778487e-06,142.99918233756418,3840.0,1.0,,322,,,,,,,,
4.029862146000596,0.004813743493286893,0.03704833984375,0.0,0.0,0.0046575,4.0,0.1925,0.0029602760914713144,0.08659031963907182,0.0033632727863732725,7.666683625728865e-07,4.4111862607110197e-07,101844.45449999999,1.0,101719.63947265624,3.240182671778487e-06,139.85446692506198,3840.0,1.0,,323,,,,,,,,
4.0256523820007715,0.005536747481528437,0.0543212890625,0.0,0.0,0.0046099999999999995,4.0,0.18999999999999995,-0.003496768345939927,0.09029232477769256,-0.0030811227043159306,1.1995648776519374e-06,9.63661040742636e-07,101837.59850000001,1.0,101630.35313671875,3.240182671778487e-06,303.4454063660793,3840.0,1.0,,324,,,,,,,,
4.018994494999788,0.0033833559245977085,0.03363037109375,0.0,0.0,0.004562500000000001,4.0,0.1875,-0.006161910554510541,0.08702763938345015,-0.005765234935097396,8.786757845768989e-07,6.006502992761398e-07,101849.78325,1.0,101694.512578125,3.240182671778487e-06,191.7101187189921,3840.0,1.0,,325,,,,,,,,
4.0026437179985805,0.0039734662022965495,0.03515625,0.0,0.0,0.004515000000000002,4.0,0.18500000000000005,-0.004476739573874511,0.08603694033809006,-0.004088496367330663,5.209317466281504e-07,3.221046398493854e-07,101845.90325,1.0,101760.32845703125,3.240182671778487e-06,71.07624815994052,3840.0,1.0,,326,,,,,,,,
4.131099438000092,0.0032716247624193784,0.033203125,0.0,0.0,0.004467500000000001,4.0,0.1825,0.0037870936139370315,0.09258760325610638,0.004200398019747809,6.57309918494775e-07,5.291913334204423e-07,101818.394,1.0,101655.003171875,3.240182671778487e-06,241.38329682351352,3840.0,1.0,,327,,,,,,,,
4.139691057000164,0.003739500603842316,0.03521728515625,0.0,0.0,0.004420000000000002,4.0,0.18000000000000005,0.0012674023091676645,0.0863673291169107,0.001648894278332591,5.326551413276093e-07,3.9673357132841147e-07,101831.08725,1.0,101687.10420703125,3.240182671778487e-06,168.28826536500634,3840.0,1.0,,328,,,,,,,,
4.057467041999189,0.0019276862803963013,0.02337646484375,0.0,0.0,0.004372500000000001,4.0,0.1775,0.0004130697707296349,0.0878970711492002,0.0007971151499077678,6.06252012147479e-07,4.4807590438011857e-07,101851.35125,1.0,101671.82965625,3.240182671778487e-06,169.76953788412573,3840.0,1.0,,329,,,,,,,,
3.9929336619989044,0.0021432904613902792,0.025390625,0.0,0.0,0.0043250000000000025,4.0,0.17500000000000004,-0.0012690774674410932,0.08660086896270514,-0.0008946982270572335,3.8631509724496027e-07,2.6184206891599615e-07,101842.06250000001,1.0,101749.28829296876,3.240182671778487e-06,66.76127159773972,3840.0,1.0,,330,,,,,,,,
3.9691633980000915,0.0037553545043920167,0.03936767578125,0.0,0.0,0.0042775,4.0,0.1725,0.0025790587678784505,0.09099509939551353,0.0029678494029212743,8.736449039759009e-07,7.061977020939025e-07,101822.6865,1.0,101685.77502734374,3.240182671778487e-06,264.9003985152814,3840.0,1.0,,331,,,,,,,,
4.030085460000919,0.002294515521498397,0.019775390625,0.0,0.0,0.004230000000000001,4.0,0.17000000000000004,-0.0019019594801648054,0.09119793283753097,-0.0015165133809205145,7.149988423549303e-07,4.997493325831215e-07,101839.82325,1.0,101728.25240234376,3.240182671778487e-06,115.11815219487062,3840.0,1.0,,332,,,,,,,,
4.0127585909995105,0.0025214324668922927,0.0240478515625,0.0,0.0,0.004182500000000002,4.0,0.16749999999999998,-0.0012428503105184063,0.09375561494380236,-0.0008511255437042564,8.300919240866733e-07,6.507374177289194e-07,101819.8545,1.0,101633.45387109375,3.240182671778487e-06,249.0308094339514,3840.0,1.0,,333,,,,,,,,
4.010811923999427,0.0035257584568171296,0.03033447265625,0.0,0.0,0.004135,4.0,0.16500000000000004,-0.0010072258683067048,0.0957825998775661,-0.0006114899879321456,7.65881218001141e-07,4.96810558026084e-07,101825.23125,1.0,101684.58143750002,3.240182671778487e-06,197.3856987537156,3840.0,1.0,,334,,,,,,,,
4.020165521000308,0.005299940527038416,0.0504150390625,0.0,0.0,0.004087500000000001,4.0,0.16249999999999998,-0.002142915633157827,0.10655119083821774,-0.001707636081846431,5.195670160773602e-07,3.9323776768185326e-07,101841.13450000001,1.0,101682.87043359375,3.240182671778487e-06,121.93412360117219,3840.0,1.0,,335,,,,,,,,
3.9914840450001066,0.0031187364475044888,0.0311279296875,0.0,0.0,0.004040000000000002,4.0,0.16000000000000003,-0.0017628413952479605,0.11294452636502683,-0.001307158003328368,1.2766498223015788e-06,9.703112642256428e-07,101824.35125,1.0,101361.37177734377,3.240182671778487e-06,346.0712021517501,3840.0,1.0,,336,,,,,,,,
4.019391996000195,0.00343636973775574,0.02740478515625,0.0,0.0,0.0039924999999999995,4.0,0.15749999999999997,0.002394354567513801,0.10909239412285388,0.0028292459610383958,1.348258127364943e-06,1.050583826156526e-06,101798.247,1.0,101390.84050390625,3.240182671778487e-06,350.48829979492393,3840.0,1.0,,337,,,,,,,,
4.0089173469987145,0.0032741693867137656,0.031005859375,0.0,0.0,0.003945000000000001,4.0,0.15500000000000003,0.00030136166606098413,0.10682400059886277,0.000722157274140045,1.3250211132742606e-06,9.855067872877044e-07,101814.21525000001,1.0,101489.59358984375,3.240182671778487e-06,382.504699394091,3840.0,1.0,,338,,,,,,,,
4.038895346000572,0.005150582106580259,0.03271484375,0.0,0.0,0.0038975000000000017,4.0,0.15249999999999997,-0.004339908104157075,0.10924387024715543,-0.003914675005944446,1.2338054720117952e-06,8.419083084021395e-07,101823.07100000001,1.0,101457.72392578126,3.240182671778487e-06,323.7008129243179,3840.0,1.0,,339,,,,,,,,
4.013230491998911,0.002133069596311543,0.021240234375,0.0,0.0,0.0038500000000000027,4.0,0.15000000000000002,-0.003445290887611918,0.10722771100699902,-0.003034566791029647,5.347328155380637e-06,3.1354651692794278e-06,101812.03100000002,1.0,101482.64958203126,3.240182671778487e-06,334.42425896677645,3840.0,1.0,,340,101853.93525,101818.378,101809.82300000002,70000042,101638.89351666668,best_of_k,101818.378,237.0656567237296
4.006681052998829,0.0027396164259698708,0.0308837890625,0.0,0.0,0.0038025000000000003,4.0,0.14749999999999996,-0.003247842413657054,0.10365919582545757,-0.0028557107580127195,3.207215616640724e-06,3.4246290319117634e-06,101827.87225000001,1.0,101581.36341015623,3.240182671778487e-06,253.7627075515476,3840.0,1.0,,341,,,,,,,,
3.525314086000435,0.011062801873777062,0.015380859375,0.0,1.0,0.0037550000000000014,2.0,0.14500000000000002,0.002817537490045652,0.10492827603593469,0.0032102782279253006,1.9569720421941383e-06,2.139000237377786e-06,101819.57500000001,1.0,101648.52786718748,3.240182671778487e-06,174.28096932555695,3840.0,1.0,,342,,,,,,,,
4.020120954000959,0.0024640542033012025,0.01849365234375,0.0,0.0,0.003707499999999999,4.0,0.14249999999999996,0.003342961388625554,0.09824966336600482,0.003706114221131429,1.957960225951183e-06,1.824202151112786e-06,101842.06250000001,1.0,101615.64681640625,3.240182671778487e-06,264.6126950015215,3840.0,1.0,,343,,,,,,,,
4.021934861999398,0.003659831298136851,0.02569580078125,0.0,0.0,0.00366,4.0,0.14,-0.0058264893377781846,0.0925456325057894,-0.0054883753473404795,1.3701129653043154e-06,9.310211552815417e-07,101847.75925,1.0,101655.89112890625,3.240182671778487e-06,259.69353014479617,3840.0,1.0,,344,,,,,,,,
3.998709432000396,0.004154784179263515,0.04217529296875,0.0,0.0,0.003612500000000001,4.0,0.13749999999999996,-0.0005183555040275678,0.09130420931614935,-0.00018901264411397278,9.441646113828028e-07,7.996337556548383e-07,101849.79125000001,1.0,101688.29016015626,3.240182671778487e-06,170.7697745153533,3840.0,1.0,,345,,,,,,,,
4.07217491099982,0.004943597574310843,0.03680419921875,0.0,0.0,0.003565000000000002,4.0,0.135,-0.0042094073360203765,0.09607373084872961,-0.003867234743665904,6.065620272721617e-07,5.381724914599317e-07,101843.1665,1.0,101710.94310546874,3.240182671778487e-06,176.25011473553803,3840.0,1.0,,346,,,,,,,,
3.976721355000336,0.00509416723070899,0.03546142578125,0.0,0.0,0.0035175,4.0,0.13249999999999995,-0.0034597343765199184,0.09853735053911805,-0.003113464161287993,6.910538221660545e-07,5.308802650816347e-07,101843.0545,1.0,101623.384078125,3.240182671778487e-06,238.4780496886111,3840.0,1.0,,347,,,,,,,,
3.993405334998897,0.0016668564785504714,0.01678466796875,0.0,0.0,0.003470000000000001,4.0,0.13,5.1684251957340166e-05,0.09701809682883322,0.00038805387157481164,5.10944253129253e-07,4.631538956800796e-07,101841.0865,1.0,101703.02080078126,3.240182671778487e-06,159.61603097225063,3840.0,1.0,,348,,,,,,,,
4.037842424000701,0.002301914784766268,0.0252685546875,0.0,0.0,0.0034224999999999985,4.0,0.12749999999999995,-0.00037538876767939655,0.09767342242412269,-4.144673584960401e-05,6.441523217048939e-07,5.613206210952626e-07,101842.3825,1.0,101678.04162890626,3.240182671778487e-06,222.78817082027334,3840.0,1.0,,349,,,,,,,,
4.2024034169990045,0.0018590916333778296,0.02081298828125,0.0,0.0,0.0033749999999999995,4.0,0.125,-0.0006312312216323335,0.09489452163688838,-0.000311302617774345,6.467888127303922e-07,5.519915857732371e-07,101851.44725000001,1.0,101677.923140625,3.240182671778487e-06,251.69366508187778,3840.0,1.0,,350,,,,,,,,
4.008527710000635,0.0017804256422095932,0.015380859375,0.0,0.0,0.0033275000000000006,4.0,0.12250000000000005,-0.0016862333814060548,0.09334140527062118,-0.001375867665046826,4.150457693086196e-07,3.727956299215407e-07,101848.63925,1.0,101700.36108984375,3.240182671778487e-06,140.83316888001966,3840.0,1.0,,351,,,,,,,,
3.9638671089996933,0.0021842818714503665,0.02581787109375,0.0,0.0,0.0032800000000000017,4.0,0.12,0.003375648106157314,0.09004202741198242,0.0036707186955027282,4.618825650837266e-07,4.420493917578483e-07,101847.26325,1.0,101721.64630859374,3.240182671778487e-06,132.71763703725395,3840.0,1.0,,352,,,,,,,,
3.9998399619998963,0.0012995631877856795,0.01446533203125,0.0,0.0,0.0032325000000000027,4.0,0.11750000000000005,-0.00024894183661672287,0.09169170632958412,4.703423473984003e-05,7.31283329002963e-07,6.889161836554081e-07,101852.71925,1.0,101691.052875,3.240182671778487e-06,280.76990288027497,3840.0,1.0,,353,,,,,,,,
4.007898920999651,0.0015772683582326863,0.0133056640625,0.0,0.0,0.0031850000000000003,4.0,0.11499999999999999,-0.005742251029005274,0.09215592662803829,-0.005448952841106802,4.188834159535304e-07,3.5377008256176623e-07,101848.15125000002,1.0,101751.39087890624,3.240182671778487e-06,107.75283073230743,3840.0,1.0,,354,,,,,,,,
3.9506612160002987,0.0016343472270818893,0.01885986328125,0.0,0.0,0.0031375000000000014,4.0,0.11250000000000004,-0.006302202642473276,0.09656541398726404,-0.0059995292976964265,6.01379268161395e-07,4.809512184067444e-07,101844.11125000002,1.0,101677.77076171876,3.240182671778487e-06,190.88558933595976,3840.0,1.0,,355,,,,,,,,
3.9704481680000754,0.0025054524376173504,0.01959228515625,0.0,0.0,0.003089999999999999,4.0,0.10999999999999999,-0.00470595998558565,0.09403272648341954,-0.004415644085383974,5.714678268375906e-07,3.7505089700573535e-07,101840.29450000002,1.0,101728.8513984375,3.240182671778487e-06,102.82511801449894,3840.0,1.0,,356,,,,,,,,
3.971246417999282,0.002009509535128018,0.02471923828125,0.0,0.0,0.0030425,4.0,0.10750000000000004,-0.0033543150711921044,0.09155938890762627,-0.003075980581343174,4.3986652276117866e-07,3.820718679214963e-07,101845.03850000001,1.0,101756.194765625,3.240182671778487e-06,111.00169380159063,3840.0,1.0,,357,,,,,,,,
4.013946934001069,0.0012488815809774678,0.01397705078125,0.0,0.0,0.002995000000000001,4.0,0.10499999999999998,-0.0005675839784089476,0.09420047770254314,-0.00028590118745341897,1.7260346361069878e-06,5.498666935110919e-07,101843.03850000001,1.0,101719.70816015625,3.240182671778487e-06,175.97179797633058,3840.0,1.0,,358,,,,,,,,
4.02477288999944,0.002209598846093286,0.02349853515625,0.0,0.0,0.002947500000000002,4.0,0.10250000000000004,-0.0007865313018555753,0.0946929061319679,-0.0005081110430182889,2.845970312748136e-06,8.039855394770257e-07,101843.2305,1.0,101702.54390234375,3.240182671778487e-06,279.94907522743233,3840.0,1.0,,359,,,,,,,,
3.9410196829994675,0.00155646586426883,0.01171875,0.0,0.0,0.0029,4.0,0.09999999999999998,-0.0034423550532665104,0.09227711288258433,-0.0031749901681905612,5.255018145078338e-07,3.72345768440141e-07,101844.26324999999,1.0,101713.11809375,3.240182671778487e-06,132.2091266706257,3840.0,1.0,,360,101853.93525,101841.90250000001,101842.06250000001,70000042,101760.18672499999,best_of_k,101841.90250000001,57.014978126269284
4.03926795499865,0.0012626218667719513,0.01251220703125,0.0,0.0,0.002852500000000001,4.0,0.09750000000000003,0.0007644596335012466,0.09180815028958023,0.0010260937851853669,5.196153054498609e-07,3.9503803428431183e-07,101845.03850000001,1.0,101720.31853125001,3.240182671778487e-06,171.7997839877943,3840.0,1.0,,361,,,,,,,,
3.9515298529986467,0.0024644995537528303,0.015869140625,0.0,0.0,0.002805000000000002,4.0,0.09499999999999997,0.0015714920477876149,0.09039031527936459,0.0018247476255055517,5.55761777931707e-07,4.658805456969617e-07,101833.8705,1.0,101694.19529296874,3.240182671778487e-06,209.23389265459465,3840.0,1.0,,362,,,,,,,,
3.9371337440006755,0.000829103202704573,0.0081787109375,0.0,0.0,0.002757500000000003,4.0,0.09250000000000003,-0.0016146989219123498,0.0921866453718394,-0.0013607140572275966,4.743446435639953e-07,3.4484733202333473e-07,101842.3665,1.0,101710.0714921875,3.240182671778487e-06,101.07645229299116,3840.0,1.0,,363,,,,,,,,
3.9627137320003385,0.0013589666923508048,0.01544189453125,0.0,0.0,0.0027100000000000006,4.0,0.08999999999999997,-0.0016947129333857447,0.09158253390341997,-0.0014467867149505764,4.978564627222681e-07,4.27363878507947e-07,101843.70325,1.0,101691.40362109375,3.240182671778487e-06,182.26686428449665,3840.0,1.0,,364,,,,,,,,
4.027194610000151,0.0016025318764150143,0.0191650390625,0.0,0.0,0.0026625000000000017,4.0,0.08750000000000002,-0.0017252701509278268,0.08937422838062048,-0.0014874916087137535,4.3997344079116374e-07,2.7438997074469285e-07,101849.13525,1.0,101765.6512265625,3.240182671778487e-06,64.35379494764796,3840.0,1.0,,365,,,,,,,,
4.012683132999882,0.0023267747383215465,0.025634765625,0.0,0.0,0.0026149999999999993,4.0,0.08499999999999996,-0.0008621654997114092,0.08958373498171568,-0.0006282813410507515,7.658189389303516e-07,6.012540882949224e-07,101848.35925000001,1.0,101731.65708593749,3.240182671778487e-06,266.16866661985927,3840.0,1.0,,366,,,,,,,,
4.004433931000676,0.001227560958795948,0.0137939453125,0.0,0.0,0.0025675000000000003,4.0,0.08250000000000002,-0.0009221807945323235,0.09186525736004114,-0.0006866048497613519,5.499882149706536e-07,4.666081263593469e-07,101850.58325000001,1.0,101707.48462500001,3.240182671778487e-06,173.4137802289592,3840.0,1.0,,367,,,,,,,,
3.954021447001651,0.0009176927269436419,0.00958251953125,0.0,0.0,0.0025200000000000014,4.0,0.07999999999999996,-0.0013689829065697268,0.08966361125931144,-0.0011432833562139422,4.975243346194702e-07,4.04783190077751e-07,101846.29525000001,1.0,101737.73405468749,3.240182671778487e-06,167.35245982579843,3840.0,1.0,,368,,,,,,,,
3.977320489999329,0.0012703760694421362,0.01519775390625,0.0,0.0,0.0024725000000000025,4.0,0.07750000000000001,-9.047834100783803e-05,0.08930368162691593,0.0001301459560636431,4.071271950678579e-07,2.7642103228586734e-07,101850.15125000001,1.0,101761.5348984375,3.240182671778487e-06,116.17543024295922,3840.0,1.0,,369,,,,,,,,
3.9404645590002474,0.0015784469360369258,0.0185546875,0.0,0.0,0.002425,4.0,0.07499999999999996,1.5115656424313784e-05,0.08781844680197537,0.0002279031032230705,3.4719557540086043e-07,2.75521438553028e-07,101845.03850000001,1.0,101761.4759140625,3.240182671778487e-06,76.48947559378446,3840.0,1.0,,370,,,,,,,,
3.9979385690003255,0.0019458217248029541,0.0274658203125,0.0,0.0,0.002377500000000001,4.0,0.07250000000000001,0.00038575497092097066,0.08767630881629884,0.0005938370086369105,6.871074713643566e-07,5.999446344162607e-07,101848.75125,1.0,101707.84770312501,3.240182671778487e-06,297.6865830468673,3840.0,1.0,,371,,,,,,,,
3.991040492001048,0.0007436008963850327,0.00677490234375,0.0,0.0,0.0023299999999999987,4.0,0.06999999999999995,0.0012170578502264107,0.08850634703412652,0.001423074136255309,4.248650471438964e-07,3.225008038398869e-07,101850.36725,1.0,101748.07287890624,3.240182671778487e-06,112.60836831543502,3840.0,1.0,,372,,,,,,,,
3.9542077590012923,0.0010639698557497468,0.01556396484375,0.0,0.0,0.0022825,4.0,0.0675,-0.0011810133801191114,0.08400423103012145,-0.0009894727263599634,4.2909031350291116e-07,3.1137808420567126e-07,101850.76724999999,1.0,101747.28541015624,3.240182671778487e-06,134.01919133794362,3840.0,1.0,,373,,,,,,,,
3.942881019000197,0.0007234966906253248,0.0067138671875,0.0,0.0,0.002235000000000001,4.0,0.06499999999999995,-0.0021771671599708498,0.0831360041629523,-0.0019914982258342206,3.276335949209397e-07,2.146810351710826e-07,101842.8945,1.0,101784.01556640625,3.240182671778487e-06,54.87830730422269,3840.0,1.0,,374,,,,,,,,
3.9511047799987864,0.001600258026883239,0.0174560546875,0.0,0.0,0.002187500000000002,4.0,0.0625,-0.0038088388537289575,0.08231062907725573,-0.003628957740147598,3.59810305106123e-07,2.7344966202491605e-07,101849.38325000001,1.0,101757.30591015627,3.240182671778487e-06,104.62969795469667,3840.0,1.0,,375,,,,,,,,
3.9972446169995237,0.0004741106058645528,0.00360107421875,0.0,0.0,0.002140000000000003,4.0,0.06000000000000005,-0.0009712460014270619,0.08235099096782506,-0.0007951509905979037,3.082598745152154e-07,2.1060914656700902e-07,101849.44725,1.0,101781.21970703125,3.240182671778487e-06,63.146815077196194,3840.0,1.0,,376,,,,,,,,
3.9871091740005795,0.0011472911355667748,0.01287841796875,0.0,0.0,0.0020925000000000006,4.0,0.057499999999999996,-0.003288453066488728,0.08424173458479345,-0.0031124513188842684,5.499517410356702e-07,4.374750055546883e-07,101851.77525,1.0,101715.27323046875,3.240182671778487e-06,225.13655853221312,3840.0,1.0,,377,,,,,,,,
3.9882831619997887,0.001148998322605621,0.0123291015625,0.0,0.0,0.0020450000000000017,4.0,0.05500000000000005,-0.003434812008890731,0.08105427958071232,-0.0032692430759198032,3.8019228654206927e-07,2.982508013893437e-07,101849.44725,1.0,101752.74678515625,3.240182671778487e-06,116.44239019413622,3840.0,1.0,,378,,,,,,,,
3.945219052000539,0.0014154807213344611,0.011474609375,0.0,0.0,0.0019974999999999993,4.0,0.05249999999999999,0.002070465314318426,0.07883526105433702,0.0022276970848906785,4.827050936739852e-07,3.860770494412691e-07,101845.23925,1.0,101748.08223046875,3.240182671778487e-06,194.76909767415782,3840.0,1.0,,379,,,,,,,,
3.9714475640012097,0.0008231343599618413,0.00604248046875,0.0,0.0,0.0019500000000000003,4.0,0.050000000000000044,0.00044985313252254855,0.08154546329751611,0.0006087188085075468,3.196186666443168e-07,2.313117763996786e-07,101844.29449999999,1.0,101771.38150390625,3.240182671778487e-06,72.77484293832923,3840.0,1.0,,380,101853.93525,101836.12825,101806.20825,70000042,101715.45545833331,best_of_k,101836.12825,172.4574950088444
3.974728164001135,0.0024170680953830015,0.02197265625,0.0,0.0,0.0019025000000000014,4.0,0.04749999999999999,-0.0008155270224960987,0.08565592183731496,-0.0006528832018375397,6.752558547873377e-07,4.986703832088324e-07,101834.8785,1.0,101717.73744140625,3.240182671778487e-06,211.35574938043638,3840.0,1.0,,381,,,,,,,,
3.951762642000176,0.0011404767428757623,0.01214599609375,0.0,0.0,0.0018550000000000025,4.0,0.04500000000000004,-0.0008383192616747692,0.08383848960511386,-0.0006829977064626291,4.0762418240802845e-07,3.1627347940599293e-07,101847.60725000002,1.0,101742.16130859376,3.240182671778487e-06,147.0843969897622,3840.0,1.0,,382,,,,,,,,
4.007465030001185,0.0005778992381237913,0.00634765625,0.0,0.0,0.0018075,4.0,0.04249999999999998,-0.0007852994167478755,0.07887308695353568,-0.0006430186040233821,5.747202456163336e-07,4.4977022994885374e-07,101845.03850000001,1.0,101729.8427109375,3.240182671778487e-06,238.6404404135445,3840.0,1.0,,383,,,,,,,,
4.063738621000084,0.0009240790677722543,0.00921630859375,0.0,0.0,0.0017600000000000011,4.0,0.040000000000000036,-0.0011003760337189306,0.07854818971827626,-0.0009622732613934204,2.94062778571913e-07,2.24854300956423e-07,101849.55925,1.0,101776.45805468751,3.240182671778487e-06,69.88092069038804,3840.0,1.0,,384,,,,,,,,
4.059872486001041,0.0010519396055315156,0.01214599609375,0.0,0.0,0.0017124999999999987,4.0,0.03749999999999998,-0.005038482416239276,0.07703741663135588,-0.004906716902041808,3.343720491599811e-07,2.5562526895228643e-07,101845.53525,1.0,101761.29666406251,3.240182671778487e-06,113.23922788883701,3840.0,1.0,,385,,,,,,,,
4.066693071001282,0.0009035458497237414,0.0093994140625,0.0,0.0,0.0016649999999999998,4.0,0.03500000000000003,-0.002535835992603097,0.0773955446202308,-0.0024071617517620325,4.140587392953421e-07,2.960182925448862e-07,101844.57525000001,1.0,101742.50704296876,3.240182671778487e-06,154.3393076731806,3840.0,1.0,,386,,,,,,,,
4.039620502999242,0.0005867647851118818,0.0054931640625,0.0,0.0,0.0016175000000000009,4.0,0.03249999999999997,0.001170858846307965,0.07532958965748549,0.0012926054769195616,2.384221127194053e-07,1.507479101547915e-07,101846.20725,1.0,101797.16218359375,3.240182671778487e-06,28.528025042657234,3840.0,1.0,,387,,,,,,,,
4.030160402000547,0.0002782916599244345,0.00323486328125,0.0,0.0,0.001570000000000002,4.0,0.030000000000000027,0.0014075829676585272,0.07573773339390755,0.001526300620753318,4.0623586006205414e-07,3.00059794788865e-07,101842.89525,1.0,101759.61297656251,3.240182671778487e-06,172.9285773973211,3840.0,1.0,,388,,,,,,,,
4.015227417999995,0.0011091925407527015,0.01190185546875,0.0,0.0,0.0015224999999999995,4.0,0.02749999999999997,-0.0021323581859178375,0.07551898201927543,-0.002017731312662363,7.174880076732393e-07,5.580129087690011e-07,101832.71225000001,1.0,101734.95617578125,3.240182671778487e-06,307.32082035469136,3840.0,1.0,,389,,,,,,,,
3.9790111359998264,0.0005404975890996866,0.00433349609375,0.0,0.0,0.0014750000000000006,4.0,0.025000000000000022,0.00015297332720365375,0.0754290905315429,0.00026409412384964526,4.4870470272684315e-07,1.861832576999234e-07,101850.66325,1.0,101784.43356640625,3.240182671778487e-06,70.4348824280357,3840.0,1.0,,390,,,,,,,,
3.9544877810003527,0.0008485370635753497,0.00762939453125,0.0,0.0,0.0014275000000000017,4.0,0.022499999999999964,0.00034945330844493583,0.07489996624644846,0.0004562220856314525,4.14940397153174e-07,2.1969277153033318e-07,101845.6545,1.0,101787.44294140625,3.240182671778487e-06,44.96092559510707,3840.0,1.0,,391,,,,,,,,
3.947933015999297,0.0008666621870361269,0.00726318359375,0.0,0.0,0.0013800000000000028,4.0,0.020000000000000018,-0.0005509837283170782,0.0706213521771133,-0.0004536815540632233,3.2517675929710776e-07,2.4504596352059593e-07,101844.99850000002,1.0,101768.37561328126,3.240182671778487e-06,192.24288669287066,3840.0,1.0,,392,,,,,,,,
4.0532575140005065,0.0006059210609237198,0.00543212890625,0.0,0.0,0.0013325000000000004,4.0,0.01749999999999996,0.001793305746105034,0.06932286568917334,0.0018855535017792135,2.8150162378892674e-07,1.9408300211409824e-07,101845.2305,1.0,101784.99073437501,3.240182671778487e-06,91.01028695669109,3840.0,1.0,,393,,,,,,,,
4.005341149000742,0.0011829587856482249,0.01336669921875,0.0,0.0,0.0012850000000000014,4.0,0.015000000000000013,-0.000742613436159445,0.06978210213128477,-0.0006532005936605856,5.109868013164487e-07,4.1271092943162557e-07,101842.06250000001,1.0,101754.44841796876,3.240182671778487e-06,232.07139112104704,3840.0,1.0,,394,,,,,,,,
4.169587774998945,0.0006013454367348459,0.0074462890625,0.0,0.0,0.001237499999999999,4.0,0.012499999999999956,2.594856505311327e-05,0.0706872574519366,0.00011326075764372945,3.168223057237185e-07,2.6294349320110655e-07,101849.46325,1.0,101791.30319140626,3.240182671778487e-06,65.97413914483299,3840.0,1.0,,395,,,,,,,,
3.9912631629995303,0.001655512005527271,0.02020263671875,0.0,0.0,0.00119,4.0,0.010000000000000009,0.0010030433168140007,0.07280918094329536,0.0010893428698182106,7.095775265142379e-07,5.444909669805043e-07,101843.3425,1.0,101758.21485156252,3.240182671778487e-06,268.78670905669173,3840.0,1.0,,396,,,,,,,,
3.967102922999402,0.0011383907694835216,0.0123291015625,0.0,0.0,0.0011425000000000012,4.0,0.007499999999999951,4.811481267097406e-05,0.07239852985367179,0.0001306066696997732,7.039241065598389e-07,3.064635563099216e-07,101850.23125,1.0,101796.8125078125,3.240182671778487e-06,56.09361504847949,3840.0,1.0,,397,,,,,,,,
3.990781626000171,0.0009485963528277352,0.0068359375,0.0,0.0,0.0010950000000000022,4.0,0.0050000000000000044,0.0009146186639554799,0.07166529376991093,0.0009926999628078192,8.494811503112487e-07,6.146171509513465e-07,101847.89525,1.0,101719.0702109375,3.240182671778487e-06,309.52186058461524,3840.0,1.0,,398,,,,,,,,
3.9417528070007393,0.0012154408505011816,0.01239013671875,0.0,0.0,0.0010474999999999998,4.0,0.0024999999999999467,-0.002052669492286441,0.07407823973335326,-0.001975185004994273,2.5455281260633456e-07,1.7289439080414581e-07,101847.66325000001,1.0,101795.93493359376,3.240182671778487e-06,46.45385867633151,3840.0,1.0,,399,,,,,,,,
3.97971761700137,0.0006848461453046184,0.00775146484375,0.0,0.0,0.0010000000000000009,4.0,0.0,0.0018539313459768891,0.07993621472269297,0.0019336376280989498,4.5701485706928224e-07,3.6858372798320715e-07,101843.89450000001,1.0,101748.5566953125,3.240182671778487e-06,184.66161329855274,3840.0,1.0,,400,101853.93525,101844.0065,101834.67225,70000042,101745.150175,best_of_k,101844.0065,141.83839564364936
