elapsed_seconds,optimization_approximate_kl,optimization_clip_fraction,optimization_count_loss,optimization_early_kl_stop,optimization_entropy_coefficient,optimization_epochs_completed,optimization_learning_rate_fraction,optimization_loss,optimization_normalized_entropy,optimization_policy_loss,optimization_q_loss,optimization_value_loss,rollout_best_objective,rollout_feasible_rate,rollout_mean_objective,rollout_reward_scale,rollout_std_objective,rollout_transitions,rollout_vectorized_rollouts,self_imitation_loss,update,validation_archive_best_objective,validation_best_of_k_objective,validation_deterministic_objective,validation_fixed_validation_seed,validation_mean_stochastic_objective,validation_selection_metric,validation_selection_objective,validation_std_stochastic_objective
5.5427419309999095,0.012567402285640128,0.1489583333954215,0.0,0.0,0.0199525,4.0,0.9975,-0.010019620391540229,0.8157537996768951,0.001189473131671548,0.037491488490923076,0.0026361710697528906,131310.917,1.0,112250.72278124999,1.6541547093681192e-06,11298.791426700514,4800.0,1.0,,1,131310.917,129501.07299999999,0.0,70000042,113777.59126666664,best_of_k,129501.07299999999,8768.231981847719
5.451263714003289,0.009085034500458278,0.14562174500897526,0.0,0.0,0.019905,4.0,0.995,-0.023905320884659888,0.8108894497156143,-0.007948989374563098,0.0009365014604554745,0.00018154793833673465,134869.247,1.0,110724.266828125,1.6541547093681192e-06,11472.898452941721,4800.0,1.0,,2,,,,,,,,
5.41109082299954,0.007137989549664781,0.096402994915843,0.0,0.0,0.0198575,4.0,0.9925,-0.0232961144996807,0.7975889727473259,-0.0075304873520508405,0.00020274915186746512,0.00010444078779983101,145991.38199999998,1.0,122876.8235625,1.6541547093681192e-06,9465.303916779458,4800.0,1.0,,3,,,,,,,,
5.433314975998655,0.008270058364723809,0.11818033867748454,0.0,0.0,0.01981,4.0,0.99,-0.020623432425782084,0.8125978648662567,-0.004593279282562435,0.0001536966512503568,0.00010408089874545113,147586.75699999998,1.0,128220.189609375,1.6541547093681192e-06,8563.382653176512,4800.0,1.0,,4,,,,,,,,
5.347675924000214,0.009088266955222935,0.11497395872138441,0.0,0.0,0.0197625,4.0,0.9875,-0.020649508689530194,0.7910460218787193,-0.00508234542212449,0.00014405598576558987,0.00010295552910974948,154600.56,1.0,137101.6175625,1.6541547093681192e-06,8473.626089774936,4800.0,1.0,,5,,,,,,,,
5.499715695001214,0.007434270234080031,0.1029296875,0.0,0.0,0.019715,4.0,0.985,-0.01946228367742151,0.7776707664132119,-0.004181876929942518,0.00012084833706467179,7.85741633080761e-05,154699.22499999998,1.0,141155.7305,1.6541547093681192e-06,7938.505000001465,4800.0,1.0,,6,,,,,,,,
5.363203641001746,0.009898143060854635,0.10330403661355377,0.0,0.0,0.0196675,4.0,0.9825,-0.01972174518741667,0.758729039132595,-0.00483831600722624,9.98781484668143e-05,5.777336245955666e-05,163970.986,1.0,147151.554171875,1.6541547093681192e-06,6608.995981721658,4800.0,1.0,,7,,,,,,,,
5.466148923998844,0.005185520093073137,0.0690592450555414,0.0,0.0,0.019620000000000002,4.0,0.98,-0.017957993608433753,0.7526344940066337,-0.003219463082496077,7.58693221541762e-05,4.114159946766449e-05,164110.49300000002,1.0,152514.9335625,1.6541547093681192e-06,6076.856034007673,4800.0,1.0,,8,,,,,,,,
5.323153573001036,0.008046922535868362,0.09531250037252903,0.0,0.0,0.0195725,4.0,0.9775,-0.015869799256324767,0.7335893586277962,-0.001548589754384011,7.912608689366606e-05,5.81111755764141e-05,169450.421,1.0,156133.14125,1.6541547093681192e-06,4652.836411785146,4800.0,1.0,,9,,,,,,,,
5.3514539019997756,0.007398896763334051,0.08216145858168603,0.0,0.0,0.019525,4.0,0.975,-0.015840907813981175,0.7043745920062066,-0.002117517217993736,6.51993806968676e-05,4.6008155050003555e-05,170903.02300000002,1.0,160832.58787499997,1.6541547093681192e-06,4730.4917364917,4800.0,1.0,,10,,,,,,,,
5.446140123000077,0.006567238678690046,0.07488606814295054,0.0,0.0,0.019477500000000002,4.0,0.9725,-0.01802063691429794,0.6809524282813072,-0.00478037353605032,5.498387035913765e-05,3.4976055667357285e-05,170322.554,1.0,163889.16970312496,1.6541547093681192e-06,3753.974309349931,4800.0,1.0,,11,,,,,,,,
5.409952417001477,0.01036864668421913,0.09365234430879354,0.0,0.0,0.01943,4.0,0.97,-0.01601831449661404,0.6567792966961861,-0.003271990758366883,3.899947660102043e-05,2.199688842665637e-05,173173.896,1.0,166307.70585937498,1.6541547093681192e-06,3686.928897052447,4800.0,1.0,,12,,,,,,,,
5.464671632998943,0.00742846800130792,0.09259440135210753,0.0,0.0,0.0193825,4.0,0.9675,-0.015382716874592006,0.6328297525644302,-0.003132033534348011,3.484531753201736e-05,2.3307330434363393e-05,174337.533,1.0,169841.550359375,1.6541547093681192e-06,3212.8573667804176,4800.0,1.0,,13,,,,,,,,
5.438804629000515,0.007966077161836439,0.09453125037252903,0.0,0.0,0.019335,4.0,0.965,-0.009487098478712142,0.5992207571864128,0.0020910053048282863,2.0736615965688543e-05,1.151105358303539e-05,175773.728,1.0,171958.47137499996,1.6541547093681192e-06,1921.9555198281491,4800.0,1.0,,14,,,,,,,,
5.377379163001024,0.010731529258191586,0.12433268260210753,0.0,0.0,0.0192875,4.0,0.9625,-0.01392104512779042,0.5801196396350861,-0.002748219110071659,3.9342360605587603e-05,2.4595433592367046e-05,178363.10799999998,1.0,173141.405203125,1.6541547093681192e-06,2595.98045802532,4800.0,1.0,,15,,,,,,,,
5.339183516000048,0.0066823247499996795,0.08291015643626451,0.0,0.0,0.01924,4.0,0.96,-0.01444425677182153,0.5790442168712616,-0.003311277797911316,2.0934679560014048e-05,1.147561168863831e-05,180192.419,1.0,174950.604265625,1.6541547093681192e-06,2176.6856504281895,4800.0,1.0,,16,,,,,,,,
5.3242406680001295,0.006473367207217961,0.07921549510210753,0.0,0.0,0.0191925,4.0,0.9575,-0.014010928000789135,0.5525899484753609,-0.003411511960439384,1.585419149705558e-05,9.162820254005055e-06,180494.887,1.0,175471.604078125,1.6541547093681192e-06,2128.236992920014,4800.0,1.0,,17,,,,,,,,
5.277298026998324,0.010740216489648447,0.11401367262005806,0.0,0.0,0.019145,4.0,0.955,-0.0096965886419639,0.525752542167902,0.00036125972401350736,1.9413347695262927e-05,1.148687081240496e-05,180788.47799999997,1.0,176476.39521875,1.6541547093681192e-06,1915.876290287475,4800.0,1.0,,18,,,,,,,,
5.365922773999046,0.006854987109545618,0.07543945331126452,0.0,0.0,0.0190975,4.0,0.9525,-0.010484690358862282,0.5012338057160377,-0.0009657626040279865,0.00015451238671175814,7.586909631527306e-05,181300.91099999996,1.0,177058.84928124998,1.6541547093681192e-06,1626.3189488909477,4800.0,1.0,,19,,,,,,,,
5.236599102001492,0.008015062744379974,0.09059244804084302,0.0,0.0,0.01905,4.0,0.95,-0.011007096548564733,0.485641872137785,-0.002128912042826414,0.00245243494046008,0.00025610082639104803,180731.102,1.0,178002.942078125,1.6541547093681192e-06,1244.742707213503,4800.0,1.0,,20,181300.91099999996,182042.966,180105.34300000002,70000042,178908.2136333333,best_of_k,182042.966,1529.8497736578636
5.363812441999471,0.004049442314135376,0.049007161520421505,0.0,0.0,0.019002500000000002,4.0,0.9475,-0.013033368077594787,0.49164277538657186,-0.0037237044132780285,0.0002671230531632318,1.2132328208735998e-05,181387.69799999997,1.0,178711.35953125,1.6541547093681192e-06,1418.1113080433674,4800.0,1.0,,21,,,,,,,,
5.455715248997876,0.003952424638555385,0.04184570321813226,0.0,0.0,0.018955,4.0,0.945,-0.009562202985398472,0.48905001431703565,-0.0003005226608365774,4.541836419775791e-05,7.441473815106292e-06,181285.292,1.0,177936.77875,1.6541547093681192e-06,1815.1640234928666,4800.0,1.0,,22,,,,,,,,
5.272818625999207,0.006560090201674029,0.08082682332023979,0.0,0.0,0.0189075,4.0,0.9425,-0.006935537792742252,0.4663823515176773,0.001875592488795519,2.368456759995752e-05,9.25131158169279e-06,180866.783,1.0,178408.40907812497,1.6541547093681192e-06,1310.8206987862616,4800.0,1.0,,23,,,,,,,,
5.50275987400164,0.006727753466111608,0.07526041688397526,0.0,0.0,0.018860000000000002,4.0,0.94,-0.013325512991286814,0.4543469972908497,-0.004760261555202305,1.1061288284963667e-05,5.253690710560477e-06,182182.32599999997,1.0,179232.67409374999,1.6541547093681192e-06,1445.5507225957988,4800.0,1.0,,24,,,,,,,,
5.236882799999876,0.006209316058084368,0.06531575536355376,0.0,0.0,0.0188125,4.0,0.9375,-0.009138218860607594,0.4274376131594181,-0.0010996218537911774,7.090181964031217e-06,3.7279024297731667e-06,182028.05599999998,1.0,179613.90557812498,1.6541547093681192e-06,1113.6965909704384,4800.0,1.0,,25,,,,,,,,
4.737392437000381,0.013245842681499198,0.1438151054084301,0.0,1.0,0.018765,2.0,0.935,-0.0027821995317935944,0.4163270235061646,0.005027924384921789,6.073235363146523e-06,3.291962127605075e-06,182070.427,1.0,179810.0515,1.6541547093681192e-06,1072.180897810817,4800.0,1.0,,26,,,,,,,,
5.245579872000235,0.010654538185917772,0.11414388045668603,0.0,0.0,0.0187175,4.0,0.9325,-0.004975659667979926,0.3884479433298111,0.00229308808920905,5.42312284323998e-06,2.9696203682760824e-06,181380.55800000002,1.0,179353.56628125,1.6541547093681192e-06,1053.50880154044,4800.0,1.0,,27,,,,,,,,
5.34015645099862,0.009029239779920317,0.10323893316090108,0.0,0.0,0.01867,4.0,0.9299999999999999,-0.005476958979852497,0.3696689113974571,0.0014223810867406428,8.57960594657925e-06,3.040522659603084e-06,181008.061,1.0,178738.32549999998,1.6541547093681192e-06,979.5174794487638,4800.0,1.0,,28,,,,,,,,
5.284674722999625,0.008784622536040843,0.10654296883149073,0.0,0.0,0.0186225,4.0,0.9275,-0.004781125253066421,0.3780185982584953,0.0022541323327459396,2.1822245935254613e-05,4.42348442106777e-06,182463.62999999998,1.0,179833.82942187498,1.6541547093681192e-06,929.8702240025814,4800.0,1.0,,29,,,,,,,,
5.368251114003215,0.009397250303300098,0.10478515662252903,0.0,0.0,0.018575,4.0,0.925,-0.002212629362475127,0.3803515426814556,0.004838702478446066,0.00011966763923965118,3.462605945969699e-06,182655.30199999997,1.0,180069.12421875,1.6541547093681192e-06,1157.4128118229025,4800.0,1.0,,30,,,,,,,,
5.244075962997158,0.005373923611477949,0.06342773456126452,0.0,0.0,0.018527500000000002,4.0,0.9225,-0.007866370305418969,0.39664761647582053,-0.00055421048309654,0.00023834439871279757,2.57903540841653e-05,182520.52899999998,1.0,180418.15367187498,1.6541547093681192e-06,1044.0335633862385,4800.0,1.0,,31,,,,,,,,
5.283343331997457,0.004887425570632331,0.055501302145421504,0.0,0.0,0.01848,4.0,0.92,-0.007304579368792474,0.38828704729676244,-0.00035937073989771305,0.0012631497506390588,0.00020804117752959428,182993.203,1.0,181009.42179687502,1.6541547093681192e-06,881.8091721029086,4800.0,1.0,,32,,,,,,,,
5.247780664001766,0.006749272232991643,0.07958984419237822,0.0,0.0,0.0184325,4.0,0.9175,-0.006534075184026733,0.3802276611328125,0.0003704761154949665,6.519521502923453e-05,0.0001949508001189315,182614.007,1.0,180597.99346874998,1.6541547093681192e-06,852.1041380603212,4800.0,1.0,,33,,,,,,,,
5.316944268997759,0.0070211877842666585,0.08139648456126451,0.0,0.0,0.018385,4.0,0.915,-0.008104333793744445,0.37792652770876883,-0.0012561473606183427,2.801268195753437e-05,0.0001943840519288642,183134.785,1.0,180776.16835937498,1.6541547093681192e-06,1047.1152397439268,4800.0,1.0,,34,,,,,,,,
5.324915200999385,0.008213030613842421,0.0873372399713844,0.0,0.0,0.0183375,4.0,0.9125,-0.011119224317371845,0.39059794694185257,-0.0039921097690239545,1.7525017494790517e-05,6.744604908703877e-05,182340.23099999997,1.0,180558.31703125,1.6541547093681192e-06,891.3701194302669,4800.0,1.0,,35,,,,,,,,
4.766984247999062,0.015181622211821377,0.14215494822710753,0.0,1.0,0.01829,2.0,0.91,0.0012625581119209528,0.39112493842840196,0.00839809662065818,6.188471338646196e-05,2.3894463993201498e-05,183226.20799999998,1.0,180848.49793749998,1.6541547093681192e-06,1113.0946823084591,4800.0,1.0,,36,,,,,,,,
5.374467133999133,0.0061384457076201215,0.07778320340439678,0.0,0.0,0.018242500000000002,4.0,0.9075,-0.0022344235563650726,0.3933303616940975,0.004926600446924567,5.371810171936886e-05,1.7866576922642707e-05,183898.535,1.0,181344.05,1.6541547093681192e-06,1067.5729952287093,4800.0,1.0,,37,,,,,,,,
5.284983596000529,0.006190655511454679,0.07500000018626451,0.0,0.0,0.018195,4.0,0.905,-0.005805265053641051,0.3915083847939968,0.0013068461557850242,2.0819302005747885e-05,1.8603975786390947e-05,183350.62099999998,1.0,181039.66090624998,1.6541547093681192e-06,1024.9210994918064,4800.0,1.0,,38,,,,,,,,
5.408730482002284,0.003362240648129955,0.041943359375,0.0,0.0,0.0181475,4.0,0.9025,-0.007938283344265074,0.3896557830274105,-0.0008745136205106973,4.0899546240780184e-05,6.837000353243639e-06,183439.78900000002,1.0,181451.29628125002,1.6541547093681192e-06,869.0968511583495,4800.0,1.0,,39,,,,,,,,
5.366515172998334,0.005534089214052074,0.06276041688397527,0.0,0.0,0.0181,4.0,0.9,-0.004634572216309607,0.3878981091082096,0.002320221236732323,0.0006217515594471479,7.974653215114813e-06,183892.965,1.0,181664.25160937497,1.6541547093681192e-06,1070.637355795451,4800.0,1.0,,40,183898.535,183473.45599999998,182913.37599999996,70000042,181544.5611666667,best_of_k,183473.45599999998,847.365942855863
5.469833331997506,0.009274335182271897,0.09597981828264893,0.0,0.0,0.0180525,4.0,0.8975,-0.007215242192614824,0.3987839318811893,-7.807817310094834e-05,0.0006012186362340799,3.5229803074798838e-06,183011.26600000003,1.0,181572.07390625,1.6541547093681192e-06,716.7279365938773,4800.0,1.0,,41,,,,,,,,
5.335045214000274,0.008577815178432502,0.08162434920668601,0.0,0.0,0.018005,4.0,0.895,-0.0015552459633909165,0.38474845737218855,0.004834875278174877,0.005344508041525841,5.648254506240846e-06,183857.91199999998,1.0,181545.51034374998,1.6541547093681192e-06,1096.2219586040314,4800.0,1.0,,42,,,,,,,,
5.3531544679972285,0.006657190615078435,0.0795084638055414,0.0,0.0,0.0179575,4.0,0.8925,-0.004239963594591245,0.3841818541288376,0.002641598752234131,0.00015591247640713845,3.5815703881780792e-06,183378.99699999997,1.0,181549.707140625,1.6541547093681192e-06,1030.9282827142476,4800.0,1.0,,43,,,,,,,,
5.3514140189981845,0.006247028597863391,0.07106119829695672,0.0,0.0,0.017910000000000002,4.0,0.89,-0.005392835487145931,0.37676742300391197,0.0013495876570232212,4.0992879030454786e-05,2.764247000186515e-06,183119.614,1.0,181255.88412499998,1.6541547093681192e-06,747.5581891439396,4800.0,1.0,,44,,,,,,,,
5.358822111000336,0.00523950157512445,0.05836588554084301,0.0,0.0,0.0178625,4.0,0.8875,-0.0022801064769737422,0.3819002829492092,0.004538877098821103,1.1784768844336213e-05,3.0644442460925346e-06,183292.74599999998,1.0,181579.80614062498,1.6541547093681192e-06,1043.3625378696242,4800.0,1.0,,45,,,,,,,,
5.424999042003037,0.004978678585030138,0.055826823133975266,0.0,0.0,0.017815,4.0,0.885,-0.0038997363531962036,0.38949189260601996,0.00303716593189165,4.996068253149133e-06,2.791821020764473e-06,183520.061,1.0,181737.76996874998,1.6541547093681192e-06,807.4136335266188,4800.0,1.0,,46,,,,,,,,
5.424071797999204,0.008734373160405085,0.08277994822710752,0.0,0.0,0.017767500000000002,4.0,0.8825000000000001,-0.005301352543756366,0.3778393939137459,0.0014059993205592035,2.1839298449322085e-05,7.45109268223132e-06,183858.46299999996,1.0,181510.27553125,1.6541547093681192e-06,963.9565452027955,4800.0,1.0,,47,,,,,,,,
5.399597718998848,0.009245431781164371,0.09894205769523978,0.0,0.0,0.01772,4.0,0.88,-0.0038224744494073093,0.3653359219431877,0.002613305952399969,0.00016296250328196038,4.335249573159672e-05,183132.4,1.0,181369.4471875,1.6541547093681192e-06,979.9195488124092,4800.0,1.0,,48,,,,,,,,
5.371164404998126,0.008604801312321797,0.0867024746723473,0.0,0.0,0.0176725,4.0,0.8775,-0.006396135047543794,0.35809590741992,-0.0004007579991593957,0.0019279768057458568,0.00028055040197045856,183205.84499999997,1.0,181499.96209375,1.6541547093681192e-06,926.4901943312311,4800.0,1.0,,49,,,,,,,,
5.347237185000267,0.007616356169455685,0.08515625018626452,0.0,0.0,0.017625000000000002,4.0,0.875,0.0012208142201416195,0.360534505546093,0.0063648748327977955,0.010770527842487354,0.0002666139183929772,183388.274,1.0,181782.7205625,1.6541547093681192e-06,716.1368590098955,4800.0,1.0,,50,,,,,,,,
5.359485761000542,0.010753453618963248,0.0975911462213844,0.0,1.0,0.0175775,4.0,0.8725,-0.004447449679719284,0.36126423478126524,9.349028987344354e-05,0.016361238825629697,0.0003461145461187698,183877.61499999996,1.0,182141.346859375,1.6541547093681192e-06,847.4982299964694,4800.0,1.0,,51,,,,,,,,
5.407451389000926,0.007784925418673083,0.08821614587213844,0.0,0.0,0.01753,4.0,0.87,-0.0034819046035408975,0.3693216241896152,0.0027613177429884673,0.00222204938008872,1.7561867207405157e-05,183457.52699999997,1.0,182023.074875,1.6541547093681192e-06,806.031162867485,4800.0,1.0,,52,,,,,,,,
5.327190166000946,0.0057578595442464575,0.06863606786355377,0.0,0.0,0.0174825,4.0,0.8674999999999999,-0.0060027907602488995,0.35630387887358667,0.0002198750153183937,4.540673412520846e-05,3.7527248707647232e-06,183633.43099999995,1.0,181875.98693749998,1.6541547093681192e-06,1101.5306529904967,4800.0,1.0,,53,,,,,,,,
5.354631133999646,0.004814712912775576,0.04760742206126452,0.0,0.0,0.017435,4.0,0.865,-0.005889346933690831,0.34696452915668485,0.0001572851790115237,1.2370232798275538e-05,2.915153311278118e-06,184201.357,1.0,182107.015203125,1.6541547093681192e-06,881.0091966549666,4800.0,1.0,,54,,,,,,,,
5.459687496000697,0.006126462150132283,0.0659342449856922,0.0,0.0,0.0173875,4.0,0.8625,-0.005549121892545372,0.3377037785947323,0.00032055595656856897,8.798641874818714e-06,2.5336461874303496e-06,183266.966,1.0,182095.09060937498,1.6541547093681192e-06,876.0524073450105,4800.0,1.0,,55,,,,,,,,
5.373707241997181,0.00542010813660454,0.06407877616584301,0.0,0.0,0.01734,4.0,0.86,-0.006820318638347089,0.3266248874366283,-0.001158591639250517,6.764962029137677e-06,2.5439446915243023e-06,183900.663,1.0,182469.76478124998,1.6541547093681192e-06,657.7244619752073,4800.0,1.0,,56,,,,,,,,
5.4031763409984706,0.003886736300773919,0.041617838712409136,0.0,0.0,0.017292500000000002,4.0,0.8575,-0.003274817956844345,0.3347161434590816,0.002511611790396273,5.8358313253847886e-06,2.1316035770269083e-06,183611.998,1.0,182351.17306249996,1.6541547093681192e-06,626.5982238772979,4800.0,1.0,,57,,,,,,,,
5.4467675220003,0.007839819413493387,0.07457682294771076,0.0,0.0,0.017245,4.0,0.855,0.0025081222294829784,0.3280786469578743,0.008163854584563524,5.435894001948327e-06,2.8814799577503436e-06,183748.61599999998,1.0,182451.86915624997,1.6541547093681192e-06,669.9754946280043,4800.0,1.0,,58,,,,,,,,
5.358798729001137,0.0038615843281149865,0.038883463572710754,0.0,0.0,0.0171975,4.0,0.8525,-0.006465033884160221,0.33160423338413236,-0.0007639879477210343,4.710041480393556e-06,2.493104480549846e-06,184030.947,1.0,182448.43668749998,1.6541547093681192e-06,688.545348934233,4800.0,1.0,,59,,,,,,,,
5.327832221999415,0.007405645519611426,0.07599283875897526,0.0,0.0,0.017150000000000002,4.0,0.85,-0.004579281550832093,0.3203015998005867,0.0009110471466556192,4.529838452071999e-06,4.780888417599272e-06,183988.116,1.0,182761.9571875,1.6541547093681192e-06,619.8863046880512,4800.0,1.0,,60,184201.357,183815.479,183722.11,70000042,182916.3851,best_of_k,183815.479,558.6969051357081
5.454895625000063,0.005634606204694137,0.06290690111927688,0.0,0.0,0.0171025,4.0,0.8475,-0.003695532982237637,0.3283171907067299,0.0019170155632309616,3.844143896003515e-06,4.223053187502046e-06,183756.22199999998,1.0,182827.36601562498,1.6541547093681192e-06,554.265333903817,4800.0,1.0,,61,,,,,,,,
5.364576845000556,0.006264278219896368,0.06713867206126452,0.0,0.0,0.017055,4.0,0.845,-0.003242410038365051,0.3231445260345936,0.002267313771881163,3.7581431911348774e-06,2.259559894923768e-06,183828.906,1.0,182585.30312499998,1.6541547093681192e-06,729.4487781120309,4800.0,1.0,,62,,,,,,,,
5.4057482200005325,0.0068115971749648455,0.07130533885210752,0.0,0.0,0.017007500000000002,4.0,0.8425,-0.0016637382213957608,0.32333374843001367,0.0038341887993738055,3.12488584768289e-06,1.7190068490435806e-06,183725.53599999996,1.0,182697.72715624998,1.6541547093681192e-06,517.0862707277206,4800.0,1.0,,63,,,,,,,,
5.359461066000222,0.013067390947253444,0.09705403689295053,0.0,1.0,0.01696,4.0,0.84,0.002680956304538995,0.32295280545949934,0.00815459225559607,3.0406430539642313e-06,6.679696681999303e-06,183863.36299999995,1.0,182776.41353124997,1.6541547093681192e-06,432.19152624711296,4800.0,1.0,,64,,,,,,,,
5.322475901997677,0.006362072125193663,0.06642252625897527,0.0,0.0,0.0169125,4.0,0.8375,-0.006842600356321782,0.34261653050780294,-0.0010528929764404894,4.416578724431019e-06,8.705161587840848e-06,183808.60499999998,1.0,182487.66009375,1.6541547093681192e-06,831.5703564068654,4800.0,1.0,,65,,,,,,,,
5.404818895000062,0.006261199867003598,0.07014973973855376,0.0,0.0,0.016865,4.0,0.835,-0.003660719224717468,0.3461433187127113,0.002173999696969986,5.961370936802268e-06,4.783539520758495e-06,183880.66799999998,1.0,182263.85867187497,1.6541547093681192e-06,1295.5740151807079,4800.0,1.0,,66,,,,,,,,
5.4137602590017195,0.006555706390645355,0.06967773484066128,0.0,0.0,0.0168175,4.0,0.8325,-0.007245315617183223,0.3416324585676193,-0.0015016386947536375,4.100358461300857e-06,2.6343413821905417e-06,184179.64899999998,1.0,182363.568640625,1.6541547093681192e-06,899.7282831622065,4800.0,1.0,,67,,,,,,,,
4.49573729000258,0.02040233233710751,0.13444010615348817,0.0,1.0,0.01677,1.0,0.83,-0.0023168090032413603,0.34715352952480316,0.003502956498414278,5.548503486352274e-06,2.886506513277709e-06,183554.629,1.0,182038.54825,1.6541547093681192e-06,1023.4703615524529,4800.0,1.0,,68,,,,,,,,
5.367170088000421,0.005772578425239772,0.06593424496240914,0.0,0.0,0.0167225,4.0,0.8275,-0.006074657995486632,0.335133808106184,-0.00047224717272911223,4.371166664896009e-06,2.853799509239252e-06,184091.66200000004,1.0,182547.86559374997,1.6541547093681192e-06,983.2466770255909,4800.0,1.0,,69,,,,,,,,
5.397918198999832,0.0067716815712628884,0.061474609561264514,0.0,0.0,0.016675000000000002,4.0,0.825,-0.009886446339078248,0.33758383616805077,-0.004259123164229095,4.022010489279637e-06,2.970077764530288e-06,184287.63099999996,1.0,182588.370953125,1.6541547093681192e-06,1015.7850416552569,4800.0,1.0,,70,,,,,,,,
5.545544216001872,0.004470260400557891,0.0510253909509629,0.0,0.0,0.0166275,4.0,0.8225,-0.0036277844803407787,0.32875171974301337,0.0018368510995060206,3.628080975204284e-06,2.6409581039388284e-06,184073.431,1.0,182611.45625,1.6541547093681192e-06,821.288324501487,4800.0,1.0,,71,,,,,,,,
5.3754160220014455,0.005556612741202116,0.0606282553402707,0.0,0.0,0.01658,4.0,0.8200000000000001,-0.004446364927571267,0.3129357025027275,0.0007407240336760879,2.913730082809707e-06,2.1870763788456314e-06,183984.822,1.0,182793.01035937498,1.6541547093681192e-06,572.0291021763355,4800.0,1.0,,72,,,,,,,,
5.356876634999935,0.010393526899861172,0.08154296902939677,0.0,0.0,0.016532500000000002,4.0,0.8175,-0.0025919101783074437,0.31470102444291115,0.0026096814079210164,3.0805135168066044e-06,1.7902487513765664e-06,184861.89099999997,1.0,182988.43825,1.6541547093681192e-06,683.9568482639497,4800.0,1.0,,73,,,,,,,,
4.807550016997993,0.01357549467938952,0.12063802108168602,0.0,1.0,0.016485,2.0,0.815,-0.00020125845912843943,0.3342279016971588,0.005305450595915318,5.781350137112895e-06,4.91867544951674e-06,184771.10299999994,1.0,182422.82359374998,1.6541547093681192e-06,1463.2381779569257,4800.0,1.0,,74,,,,,,,,
5.312986175002152,0.01082586208358407,0.08463541716337204,0.0,0.0,0.0164375,4.0,0.8125,-0.0027460851124487817,0.325028595328331,0.00259372191503644,3.365093300544686e-06,5.02886865660912e-06,183897.62800000003,1.0,182416.3220625,1.6541547093681192e-06,827.2533078664377,4800.0,1.0,,75,,,,,,,,
5.35770608799794,0.008798775513423607,0.08668619816889986,0.0,0.0,0.016390000000000002,4.0,0.81,-0.0009143412346020341,0.311439398676157,0.004183301166631281,4.258864379380611e-06,1.2846300808178058e-05,184320.38299999997,1.0,182787.5559375,1.6541547093681192e-06,899.1997230365744,4800.0,1.0,,76,,,,,,,,
5.328406386997813,0.008265155841945671,0.07075195349752902,0.0,0.0,0.0163425,4.0,0.8075,-0.007644334004726261,0.3096564743667841,-0.0025880690896883606,3.806457414157194e-06,7.831252554524326e-06,184172.37900000002,1.0,182432.32034375,1.6541547093681192e-06,864.726496035234,4800.0,1.0,,77,,,,,,,,
5.371699556002568,0.011239028794807381,0.08626302126795053,0.0,0.0,0.016295,4.0,0.8049999999999999,0.0024977529188618063,0.3074736699461937,0.007505210346425884,3.061728091324767e-06,5.039863390265964e-06,184426.379,1.0,183097.56454687502,1.6541547093681192e-06,746.9065139594892,4800.0,1.0,,78,,,,,,,,
5.412675039999158,0.007460085916682147,0.07117513031698763,0.0,0.0,0.0162475,4.0,0.8025,-0.0031644997012335806,0.302859453856945,0.0017550041666254401,2.744971982338029e-06,1.8604093327212468e-06,184576.95600000003,1.0,183096.75103125,1.6541547093681192e-06,782.8346954047822,4800.0,1.0,,79,,,,,,,,
5.374746615998447,0.005620259197894484,0.05310872411355376,0.0,0.0,0.0162,4.0,0.8,-0.0038709648419171573,0.3023648805916309,0.0010261227493174375,2.652800725400084e-06,1.9170203302110165e-06,184264.054,1.0,182878.323296875,1.6541547093681192e-06,697.9229572919946,4800.0,1.0,,80,184861.89099999997,184297.973,183536.66799999998,70000042,183239.11113333332,best_of_k,184297.973,619.3709959797729
5.336633045000781,0.0058694079518318175,0.05289713558740914,0.0,0.0,0.0161525,4.0,0.7975,-0.004414457292295992,0.2840620394796133,0.00017291409894824029,2.0216237970771546e-06,1.4791097754596195e-06,184543.059,1.0,183218.3610625,1.6541547093681192e-06,545.2245542759468,4800.0,1.0,,81,,,,,,,,
5.05376557999989,0.015130354778375477,0.10462239633003871,0.0,1.0,0.016105,3.0,0.795,0.003943335684016347,0.2959420879681905,0.008708639908581972,1.8597319353830244e-06,1.314380661672961e-06,184488.71899999998,1.0,183244.20703125,1.6541547093681192e-06,461.08054291122573,4800.0,1.0,,82,,,,,,,,
5.40439851300107,0.006983117101481184,0.07389322947710752,0.0,0.0,0.016057500000000002,4.0,0.7925,-0.003029213007539511,0.30182335898280144,0.0018161054234951735,2.846065069661563e-06,1.8518987246807227e-06,184613.17799999999,1.0,182947.464984375,1.6541547093681192e-06,821.2225607055203,4800.0,1.0,,83,,,,,,,,
4.800649503999011,0.025619638088392092,0.15693359449505806,0.0,1.0,0.01601,2.0,0.79,0.0025425806641578676,0.30748532712459564,0.0074641331098973755,3.276930772244668e-06,1.920316833547986e-06,184294.53899999996,1.0,183064.005609375,1.6541547093681192e-06,803.6870783918666,4800.0,1.0,,84,,,,,,,,
5.385477325999091,0.0062835646327584985,0.06165364589542151,0.0,0.0,0.0159625,4.0,0.7875,-0.005127265956252814,0.3166437208652496,-7.490268908441066e-05,9.502609572109577e-06,2.2239459241291117e-06,184217.35400000002,1.0,182642.0914375,1.6541547093681192e-06,852.146017170049,4800.0,1.0,,85,,,,,,,,
5.319287637998059,0.0047558344929711895,0.042692057555541396,0.0,0.0,0.015915,4.0,0.785,-0.005073048290796578,0.3085856087505817,-0.000163889373652637,7.816089913603719e-06,2.398951701820806e-06,184302.19299999997,1.0,183015.187296875,1.6541547093681192e-06,643.7473401980179,4800.0,1.0,,86,,,,,,,,
5.34386860000086,0.006796052647405304,0.050341796875,0.0,0.0,0.0158675,4.0,0.7825,-0.0033872156694997103,0.2986074388027191,0.001342441001906991,4.438650114479969e-06,1.6105793909559908e-05,184093.356,1.0,182994.67062499997,1.6541547093681192e-06,572.2290677111545,4800.0,1.0,,87,,,,,,,,
5.17107044000295,0.015154614621618141,0.07879774322112401,0.0,1.0,0.01582,3.0,0.78,-0.0036946260603144764,0.29535152912139895,0.0009430170835306247,1.1872515172702454e-05,6.726200617777068e-05,183952.097,1.0,182686.70485937496,1.6541547093681192e-06,1082.7680800903568,4800.0,1.0,,88,,,,,,,,
5.311112218001654,0.006158126061200165,0.05799153679981828,0.0,0.0,0.015772500000000002,4.0,0.7775,-0.0010323351074475796,0.2883235700428486,0.0034485288051655516,2.118071998324922e-05,0.00012920241709935,184351.164,1.0,182967.05353124999,1.6541547093681192e-06,603.2090250078157,4800.0,1.0,,89,,,,,,,,
5.408942081001442,0.005137082870351151,0.04458007826469838,0.0,0.0,0.015725,4.0,0.775,-0.0014918271161150187,0.29768532514572144,0.0031357800704427063,2.5596265942340324e-05,0.00010186996771039958,184026.88799999995,1.0,182752.76757812497,1.6541547093681192e-06,795.0013414390758,4800.0,1.0,,90,,,,,,,,
5.362700950001454,0.003422688489081338,0.03056640625,0.0,0.0,0.0156775,4.0,0.7725,-0.005623364372877404,0.29321628212928774,-0.0010397079779068008,1.0138652078239829e-05,2.445589400394965e-05,183910.218,1.0,182942.46057812497,1.6541547093681192e-06,528.0555073994004,4800.0,1.0,,91,,,,,,,,
5.292625476999092,0.007841882281354629,0.07364908866584301,0.0,0.0,0.01563,4.0,0.77,-0.0011163927847519517,0.2954979665577412,0.0034961374243721367,1.060978095210885e-05,1.0084590041969931e-05,183748.617,1.0,183029.213296875,1.6541547093681192e-06,459.8820811399848,4800.0,1.0,,92,,,,,,,,
5.30797498299944,0.008132833140552975,0.0623209638055414,0.0,0.0,0.015582499999999999,4.0,0.7675,-0.00030334439943544564,0.30542843267321584,0.004454587795771658,2.3889456571168923e-06,2.335691945631879e-06,184371.66699999996,1.0,183148.7863125,1.6541547093681192e-06,463.76522614882555,4800.0,1.0,,93,,,,,,,,
5.384482762998232,0.009995689321658573,0.07242838554084301,0.0,0.0,0.015535,4.0,0.765,-0.004007789475144819,0.310991969704628,0.0008213056949898601,3.7007103685482433e-06,3.589706409456994e-06,183665.01799999998,1.0,182005.944703125,1.6541547093681192e-06,1404.1902085976517,4800.0,1.0,,94,,,,,,,,
5.348225624999031,0.008319189347093924,0.07703450536355376,0.0,0.0,0.015487500000000001,4.0,0.7625,-0.007531714520882815,0.29633533731102946,-0.0029437037417665126,2.8775711541584315e-06,2.390462310586372e-06,183565.429,1.0,182177.16604687498,1.6541547093681192e-06,1142.9546025251884,4800.0,1.0,,95,,,,,,,,
4.828546177002863,0.020401112211402506,0.13570963591337204,0.0,1.0,0.01544,2.0,0.76,0.00361789190210402,0.2986112356185913,0.0082271717954427,2.074553503916832e-06,2.139215990837329e-06,183486.09699999998,1.0,182489.28729687497,1.6541547093681192e-06,793.0296589487051,4800.0,1.0,,96,,,,,,,,
4.800561379997816,0.016811561811482533,0.13131510466337204,0.0,1.0,0.0153925,2.0,0.7575000000000001,0.003619301202706993,0.2999503418803215,0.008234687522053719,2.4407632622569508e-06,2.7120704089611538e-06,183822.003,1.0,182348.308796875,1.6541547093681192e-06,935.4981229322732,4800.0,1.0,,97,,,,,,,,
5.383550192000257,0.010668210030416958,0.07843424498569221,0.0,0.0,0.015345000000000001,4.0,0.755,-0.0009658826806116849,0.2965656578540802,0.003583525796420872,2.5572672711859924e-06,2.272322723229081e-06,183419.39699999997,1.0,182082.54695312498,1.6541547093681192e-06,847.585024172064,4800.0,1.0,,98,,,,,,,,
5.086069938999572,0.013167618265530716,0.09791666691501935,0.0,1.0,0.0152975,3.0,0.7525,0.0038091071726133424,0.3031108558177948,0.008444837667047978,2.5682209525257347e-06,1.7050223050318892e-06,182986.091,1.0,182169.525015625,1.6541547093681192e-06,590.3102027811449,4800.0,1.0,,99,,,,,,,,
5.364639660001558,0.007946739427279682,0.0646321615204215,0.0,0.0,0.01525,4.0,0.75,-0.0025833757827058434,0.3071260035037994,0.002098908997140825,2.3716142550256338e-06,2.2997112125722197e-06,183698.62499999997,1.0,182577.87579687499,1.6541547093681192e-06,674.2182767885802,4800.0,1.0,,100,184861.89099999997,183331.34399999998,182975.19499999995,70000042,182496.0267333333,best_of_k,183331.34399999998,501.42089614786863
5.387634595997952,0.009636195408529603,0.09039713591337203,0.0,0.0,0.0152025,4.0,0.7475,-0.0015645576175302267,0.3029173292219639,0.0030380063224583866,5.55374866735292e-06,3.963267818107852e-06,183646.79199999996,1.0,182313.1384375,1.6541547093681192e-06,752.3920703070097,4800.0,1.0,,101,,,,,,,,
4.53045081700111,0.020798715122509748,0.125390625,0.0,1.0,0.015155,1.0,0.745,0.005717494431883097,0.3178374469280243,0.010531277116388082,7.297734396161104e-06,4.6288388944049075e-06,183806.537,1.0,182643.51475,1.6541547093681192e-06,677.6910232976752,4800.0,1.0,,102,,,,,,,,
5.450902311000391,0.008401728654280304,0.08115234393626451,0.0,0.0,0.0151075,4.0,0.7424999999999999,-0.0008240487542934716,0.31576934456825256,0.0039445744245313104,8.755130579629622e-06,1.9734563295514817e-06,183602.62399999998,1.0,182654.31134374999,1.6541547093681192e-06,511.6440813402783,4800.0,1.0,,103,,,,,,,,
5.4267089380009566,0.009081436469568872,0.07631835974752903,0.0,0.0,0.01506,4.0,0.74,-0.004883285705000162,0.30780554190278053,-0.00024897273106034846,2.635519996374569e-06,1.950970931829943e-06,184193.01199999996,1.0,182342.779265625,1.6541547093681192e-06,720.6807400459613,4800.0,1.0,,104,,,,,,,,
5.490530824998132,0.006189222566899843,0.06326497411355377,0.0,0.0,0.015012500000000002,4.0,0.7375,-0.0029485811071936043,0.30214169099926946,0.001586296409368515,2.4524654719471074e-06,1.5574767104453713e-06,183626.774,1.0,182596.94957812497,1.6541547093681192e-06,572.7651490920699,4800.0,1.0,,105,,,,,,,,
5.279274407999765,0.007259903632802889,0.06700846366584301,0.0,0.0,0.014965,4.0,0.735,-0.005401098448783159,0.3127703584730625,-0.0007218781625851989,4.2035456516487105e-06,1.9355904782969445e-06,183615.89899999998,1.0,182551.601140625,1.6541547093681192e-06,557.5603470746977,4800.0,1.0,,106,,,,,,,,
5.362286460000178,0.004422479320783168,0.05283203134313226,0.0,0.0,0.0149175,4.0,0.7324999999999999,-0.005864081787876785,0.30627440512180326,-0.0012982051935978233,1.1025635879491347e-05,3.7388217663192337e-06,183678.75999999998,1.0,182759.58993749996,1.6541547093681192e-06,587.6708789871174,4800.0,1.0,,107,,,,,,,,
5.399829203997797,0.010193627772969194,0.07867838554084301,0.0,0.0,0.014870000000000001,4.0,0.73,-0.002702728449366987,0.3081761784851551,0.00187813964439556,5.081969078446491e-06,2.4075404922996313e-06,183725.86699999997,1.0,182603.7254375,1.6541547093681192e-06,581.4670893678087,4800.0,1.0,,108,,,,,,,,
5.371666396000364,0.00726588350662496,0.058610026352107526,0.0,0.0,0.014822499999999999,4.0,0.7275,-0.00304059071931988,0.3179330602288246,0.0016705358400940895,4.062665232140716e-06,2.059448107161188e-06,183863.119,1.0,182335.512171875,1.6541547093681192e-06,1048.9429115294688,4800.0,1.0,,109,,,,,,,,
5.249726370002463,0.008991043732385151,0.08523763050325214,0.0,0.0,0.014775,4.0,0.725,-0.0022842624341137705,0.2872377697378397,0.001958536286838353,2.5329788968520006e-06,1.7715003110652106e-06,183812.81299999997,1.0,182588.26,1.6541547093681192e-06,953.1246520432779,4800.0,1.0,,110,,,,,,,,
5.402710592999938,0.007374066082411446,0.077880859375,0.0,0.0,0.014727500000000001,4.0,0.7224999999999999,-0.005735301692038774,0.28226782828569413,-0.0015792260761372744,2.0087102370780487e-06,1.6469769434479531e-06,183853.23699999996,1.0,182747.916484375,1.6541547093681192e-06,792.8991878879767,4800.0,1.0,,111,,,,,,,,
5.3587447610007075,0.004739775977213867,0.04785156259313226,0.0,0.0,0.01468,4.0,0.72,-0.010482172935735435,0.2761230137199163,-0.0064295536372810606,1.779835696424925e-06,1.3771164702802706e-06,184378.501,1.0,183082.236953125,1.6541547093681192e-06,573.4420303726894,4800.0,1.0,,112,,,,,,,,
5.29635085100017,0.004780355942784809,0.05690104183740914,0.0,0.0,0.014632500000000001,4.0,0.7175,-0.002148976782336831,0.27109809815883634,0.001817032799590379,1.6920949406085128e-06,1.328828105329194e-06,184528.67500000002,1.0,183176.10284374998,1.6541547093681192e-06,525.6848689854596,4800.0,1.0,,113,,,,,,,,
5.2854792660000385,0.007165468178573065,0.06962890643626451,0.0,0.0,0.014585,4.0,0.7150000000000001,0.0012595428095664829,0.2701496291905642,0.005198839050717652,1.6158423733259041e-06,1.3485220307529743e-06,183743.97900000002,1.0,183037.10140624997,1.6541547093681192e-06,438.80253609139885,4800.0,1.0,,114,,,,,,,,
5.325198040001851,0.00743169232737273,0.06914062518626451,0.0,0.0,0.014537500000000002,4.0,0.7125,-0.004787209921050817,0.26568604446947575,-0.0009255580138415098,1.5798473356198883e-06,1.2021063369616058e-06,183961.11499999996,1.0,183103.935,1.6541547093681192e-06,468.708108009265,4800.0,1.0,,115,,,,,,,,
5.2829773270023,0.006676515605067834,0.055305989691987634,0.0,0.0,0.014490000000000001,4.0,0.71,-0.0031033074134029447,0.2644256383180618,0.0007275189273059368,1.4709464892348479e-06,1.1087293742662041e-06,184136.38999999998,1.0,183015.758984375,1.6541547093681192e-06,613.4138626806483,4800.0,1.0,,116,,,,,,,,
5.21124341900213,0.0045996065920917316,0.04920247411355376,0.0,0.0,0.0144425,4.0,0.7075,-0.001358289213385433,0.26328673474490644,0.0024436000938294457,1.4140240438109686e-06,9.755910809872149e-07,183767.32799999998,1.0,182975.074875,1.6541547093681192e-06,400.925013106622,4800.0,1.0,,117,,,,,,,,
4.718930893002835,0.015861149976262822,0.08229166716337204,0.0,1.0,0.014395000000000002,2.0,0.7050000000000001,-0.004255521786399185,0.2725082769989967,-0.0003334709443151951,1.3599113856344048e-06,1.1401429674151586e-06,183901.221,1.0,182985.673234375,1.6541547093681192e-06,639.7448107874911,4800.0,1.0,,118,,,,,,,,
5.318025656997634,0.007181256674812175,0.07872721385210753,0.0,0.0,0.014347500000000001,4.0,0.7025,-0.002420586335938424,0.2728037066757679,0.0014925632392987608,1.7788927721085202e-06,1.4481706585911524e-06,184191.69,1.0,183077.06425,1.6541547093681192e-06,612.658870934433,4800.0,1.0,,119,,,,,,,,
5.36629705499945,0.006031195449759252,0.05965169274713844,0.0,0.0,0.0143,4.0,0.7,-0.0009558938269037754,0.25776988454163074,0.00272930518258363,1.7729379351294483e-06,1.4663861918506881e-06,184123.38,1.0,183135.67715625,1.6541547093681192e-06,577.0572202787343,4800.0,1.0,,120,184861.89099999997,183956.34,183709.12199999997,70000042,183162.2273333333,best_of_k,183956.34,572.7515549900864
5.387248473998625,0.007453671333496459,0.07124023465439677,0.0,0.0,0.014252500000000001,4.0,0.6975,-0.0051868140406440945,0.24852668605744838,-0.0016455948702059687,2.1251509451758464e-06,1.3887381442145852e-06,184401.20699999997,1.0,183150.876640625,1.6541547093681192e-06,807.9050258580679,4800.0,1.0,,121,,,,,,,,
5.2836070060002385,0.005945482914103195,0.05856119804084301,0.0,0.0,0.014205,4.0,0.6950000000000001,-0.0027465130551718175,0.25524805411696433,0.0008781734271906316,2.83743366935596e-06,1.656977309494323e-06,183995.56799999997,1.0,183183.241625,1.6541547093681192e-06,553.5151218346019,4800.0,1.0,,122,,,,,,,,
4.6750990740001725,0.011832550604594871,0.06953125037252902,0.0,1.0,0.0141575,2.0,0.6925,-4.853698192164302e-05,0.2518566831946373,0.0035161374136805533,1.9104767318367522e-06,1.5919007068987411e-06,184358.64299999998,1.0,183256.88957812497,1.6541547093681192e-06,526.7160240166716,4800.0,1.0,,123,,,,,,,,
5.301247302002594,0.007844302317244001,0.07843424510210753,0.0,0.0,0.014110000000000001,4.0,0.69,-0.00014889593876432627,0.2600149780511856,0.0035190342692658304,1.9348778067751483e-06,1.3766447509055979e-06,184142.61599999995,1.0,183259.818328125,1.6541547093681192e-06,492.3318032221765,4800.0,1.0,,124,,,,,,,,
5.23055757000111,0.004263364971848205,0.04469401054084301,0.0,0.0,0.0140625,4.0,0.6875,-0.0021629659400787204,0.2637329138815403,0.001545158075168729,1.260797046143125e-06,9.874526838871133e-07,183967.374,1.0,183339.21031249998,1.6541547093681192e-06,357.36754652628406,4800.0,1.0,,125,,,,,,,,
5.245977365000726,0.004344617974129506,0.041162109561264516,0.0,0.0,0.014015,4.0,0.685,-0.00292762340977788,0.2672609705477953,0.0008173182141035795,1.4907577138956186e-06,1.1442251661719638e-06,184065.433,1.0,183152.89553125,1.6541547093681192e-06,629.0028152118304,4800.0,1.0,,126,,,,,,,,
4.882045436999761,0.019010863511357456,0.11429036483168602,0.0,1.0,0.0139675,2.0,0.6825,0.006210998131427914,0.2742717832326889,0.010041163023561239,1.662305260197172e-06,1.1198373755405555e-06,184043.544,1.0,183277.68057812497,1.6541547093681192e-06,417.9080149219361,4800.0,1.0,,127,,,,,,,,
5.303072508999321,0.006913367038941942,0.056298828311264516,0.0,0.0,0.01392,4.0,0.6799999999999999,-0.0025353735021781177,0.2717245664447546,0.0012457667151466012,2.8724039651706336e-06,1.956624394949813e-06,184003.102,1.0,183023.03775,1.6541547093681192e-06,543.7490802957984,4800.0,1.0,,128,,,,,,,,
5.318721285999345,0.006861660134745762,0.06533203143626451,0.0,0.0,0.0138725,4.0,0.6775,-0.00420968224061653,0.2700580798089504,-0.0004644076223485172,2.3178985031790946e-06,1.7490267680386751e-06,184176.199,1.0,183130.4698125,1.6541547093681192e-06,475.9441495517659,4800.0,1.0,,129,,,,,,,,
5.258694536998519,0.005785141797969118,0.05421549500897527,0.0,0.0,0.013825,4.0,0.675,-0.002617877029115334,0.25660378374159337,0.0009285690844990313,1.811637702076041e-06,1.839648103896252e-06,183862.19,1.0,183006.19421875,1.6541547093681192e-06,663.6313188141764,4800.0,1.0,,130,,,,,,,,
5.293869788001757,0.005978878375026397,0.0488281250349246,0.0,0.0,0.013777500000000002,4.0,0.6725,-0.0005429702694527804,0.24394996874034405,0.002817229903303087,1.4678515640298429e-06,1.3479694473517157e-06,184130.95500000002,1.0,183296.35575,1.6541547093681192e-06,339.79863707252133,4800.0,1.0,,131,,,,,,,,
5.246343886999966,0.008047447909484617,0.06904296902939677,0.0,0.0,0.01373,4.0,0.6699999999999999,0.0005056488327682019,0.24208754487335682,0.0038287597359158098,1.7773809815935237e-06,1.1455544765226478e-06,184504.26099999997,1.0,182873.317734375,1.6541547093681192e-06,689.2205872642064,4800.0,1.0,,132,,,,,,,,
5.2911046230001375,0.005722841931856237,0.05989583348855376,0.0,0.0,0.0136825,4.0,0.6675,-0.0035576802445575597,0.24722891487181187,-0.0001757048536092043,1.8608239372497336e-06,1.0966079727836587e-06,184045.61599999998,1.0,182932.961140625,1.6541547093681192e-06,573.0065108764007,4800.0,1.0,,133,,,,,,,,
5.256652840998868,0.007663658502860926,0.06953125027939677,0.0,0.0,0.013635000000000001,4.0,0.665,-0.002856969233835116,0.24798008650541306,0.0005230645765550435,7.575925042146991e-06,8.342120580095979e-07,183996.062,1.0,183179.418921875,1.6541547093681192e-06,413.5739934364926,4800.0,1.0,,134,,,,,,,,
5.354627230000915,0.005154461576603353,0.041259765857830644,0.0,0.0,0.013587499999999999,4.0,0.6625,0.0004087531939148903,0.2606842275708914,0.003943031537346542,2.453436077303195e-05,1.0629899813352495e-05,184172.31999999998,1.0,183186.61790625,1.6541547093681192e-06,545.0100312701993,4800.0,1.0,,135,,,,,,,,
5.224730825000734,0.007407519433763809,0.07366536483168602,0.0,0.0,0.01354,4.0,0.6599999999999999,0.002174110896885395,0.24093242064118386,0.0054306329577229915,1.821247140583182e-05,7.763685189843272e-06,184099.75199999995,1.0,183122.21042187497,1.6541547093681192e-06,595.0170928269819,4800.0,1.0,,136,,,,,,,,
5.383875450999767,0.008375591898220592,0.07828776054084301,0.0,0.0,0.013492500000000001,4.0,0.6575,0.001297405658988282,0.2231783341616392,0.004307270771823824,4.83002937414767e-06,1.7712071098685556e-06,184271.087,1.0,182962.51529687498,1.6541547093681192e-06,737.3086473396312,4800.0,1.0,,137,,,,,,,,
4.885699181999371,0.018739072516715773,0.10653211822112402,0.0,1.0,0.013445000000000002,3.0,0.655,0.0063896102287496126,0.22542716960112255,0.009419513982720673,3.403845418385269e-06,1.249725733032392e-06,184140.10499999998,1.0,183278.91153125,1.6541547093681192e-06,537.369989832158,4800.0,1.0,,138,,,,,,,,
5.241069569001411,0.006492264661937952,0.06038411472691223,0.0,0.0,0.013397500000000001,4.0,0.6525000000000001,-0.0022917247435543684,0.2224950261414051,0.0006885236012749374,1.509808947730562e-06,9.551540586016926e-07,184464.181,1.0,183439.88234374998,1.6541547093681192e-06,481.4498902106864,4800.0,1.0,,139,,,,,,,,
5.183432672998606,0.00896867816336453,0.08632812537252903,0.0,0.0,0.01335,4.0,0.65,0.0006868045195005835,0.22542791366577147,0.0036956181400455536,1.398366615035229e-06,1.019204408692076e-06,184293.98399999997,1.0,183296.98146875,1.6541547093681192e-06,518.7827000229981,4800.0,1.0,,140,184861.89099999997,184445.45500000002,183489.86299999998,70000042,183355.6054666667,best_of_k,184445.45500000002,593.8577720142987
5.204486662998534,0.0040279999899212274,0.047005208441987634,0.0,0.0,0.013302500000000002,4.0,0.6475,-0.0031533311295788733,0.2264166597276926,-0.00014210834633558987,1.5813476650805569e-06,1.053543319073924e-06,184199.97899999996,1.0,183299.57478124998,1.6541547093681192e-06,473.1319342981746,4800.0,1.0,,141,,,,,,,,
5.223321584999212,0.005878994512022473,0.0649251302704215,0.0,0.0,0.013255000000000001,4.0,0.645,-0.003943930106470361,0.23725814297795295,-0.0008000946836546063,2.155968891770499e-06,1.6112649149135904e-06,184586.09700000004,1.0,183186.9705,1.6541547093681192e-06,737.3439721011979,4800.0,1.0,,142,,,,,,,,
5.236396825999691,0.006779067340539768,0.07166341170668603,0.0,0.0,0.0132075,4.0,0.6425000000000001,-0.005733993509784341,0.23894756361842157,-0.0025789261562749743,1.617502493900247e-06,1.3412924957378891e-06,184392.24899999998,1.0,183201.81359375,1.6541547093681192e-06,502.30187663015255,4800.0,1.0,,143,,,,,,,,
5.216615210996679,0.0053298447950510305,0.048388671875,0.0,0.0,0.013160000000000002,4.0,0.64,-0.003230472686118446,0.23951768465340137,-7.896017632447183e-05,1.1531972518241674e-06,8.491418483913549e-07,184230.80099999998,1.0,183270.87168749998,1.6541547093681192e-06,546.6454655854949,4800.0,1.0,,144,,,,,,,,
5.2518678510023165,0.006321841606404632,0.06555989598855376,0.0,0.0,0.013112500000000001,4.0,0.6375,-0.0013666793616721406,0.24039405584335327,0.001784763904288411,1.9316672052127616e-06,1.061340259411736e-06,184204.245,1.0,183329.22609374998,1.6541547093681192e-06,626.0974397119519,4800.0,1.0,,145,,,,,,,,
5.2854295459983405,0.0068458174879197035,0.059261067863553764,0.0,0.0,0.013065,4.0,0.635,-0.0007194734702352434,0.22400229796767235,0.0022063111384341026,2.2796070282993243e-06,1.1553639780004233e-06,184557.03300000002,1.0,183438.06365625,1.6541547093681192e-06,544.6085667729064,4800.0,1.0,,146,,,,,,,,
5.2119024519997765,0.008031332545215264,0.06889648445649073,0.0,0.0,0.013017500000000001,4.0,0.6325000000000001,0.0011220208834856749,0.2287214148789644,0.004097423935309053,6.706194827188483e-06,2.6145245527686712e-06,184200.30400000003,1.0,183312.483453125,1.6541547093681192e-06,554.0118842033949,4800.0,1.0,,147,,,,,,,,
5.272238215999096,0.0059353989752708005,0.05110677117481828,0.0,0.0,0.01297,4.0,0.63,0.0005077758920378983,0.23758776038885115,0.003588250104803592,1.787997217661541e-06,1.72022079141243e-06,184497.683,1.0,183348.136546875,1.6541547093681192e-06,670.6845897712196,4800.0,1.0,,148,,,,,,,,
5.268141362997994,0.00528443819785025,0.05372721382882446,0.0,0.0,0.0129225,4.0,0.6275,-0.002840443715103902,0.22893922701478003,0.00011728720273822546,1.5951400399671912e-06,1.1524946614827059e-06,184912.702,1.0,183311.43751562497,1.6541547093681192e-06,668.0796689984561,4800.0,1.0,,149,,,,,,,,
5.3158941570000025,0.007028855371754616,0.07203776058740914,0.0,0.0,0.012875000000000001,4.0,0.625,-0.005382537766126916,0.24119030460715293,-0.002287916198838502,3.476058501235002e-05,1.4456056806011475e-05,184549.377,1.0,183288.932953125,1.6541547093681192e-06,803.8214341266657,4800.0,1.0,,150,,,,,,,,
5.31130137999935,0.003996957209892571,0.0421549481106922,0.0,0.0,0.0128275,4.0,0.6225,4.384438507258892e-05,0.2332714695483446,0.0030002975603565575,0.00023277507068542036,2.5117751908965148e-05,184577.87499999994,1.0,183467.11615624998,1.6541547093681192e-06,458.4169268631522,4800.0,1.0,,151,,,,,,,,
5.38014130800002,0.008900988730601966,0.08525390662252903,0.0,0.0,0.01278,4.0,0.62,9.683091193437576e-05,0.2408238686621189,0.0030643513309769332,0.0009068598424846642,3.9046002223130925e-05,184667.46700000003,1.0,183444.28743749997,1.6541547093681192e-06,589.7708851389035,4800.0,1.0,,152,,,,,,,,
5.18699172000197,0.0071274452842772,0.058658854523673656,0.0,0.0,0.0127325,4.0,0.6174999999999999,-0.0011972382781095803,0.2482364196330309,0.001950889197178185,6.194040663558553e-05,1.269806682557828e-05,184574.49499999997,1.0,183339.60373437498,1.6541547093681192e-06,743.3625355956231,4800.0,1.0,,153,,,,,,,,
4.775717265998537,0.015362878481391817,0.10979817770421504,0.0,1.0,0.012685,2.0,0.615,0.0004895564634352922,0.23821263611316681,0.003508794633671641,9.059152762347367e-06,3.166219522654501e-06,184604.063,1.0,183422.70598437497,1.6541547093681192e-06,723.730652415908,4800.0,1.0,,154,,,,,,,,
5.258673771000758,0.01872079473978374,0.11969401091337203,0.0,1.0,0.0126375,4.0,0.6125,0.0017303750617429614,0.2514085330069065,0.004904943972360343,8.780541850228474e-06,3.4559971169301207e-06,184794.36599999998,1.0,183524.85221875,1.6541547093681192e-06,597.1180326185872,4800.0,1.0,,155,,,,,,,,
5.255303423997248,0.010406415854231455,0.07773437537252903,0.0,0.0,0.01259,4.0,0.61,0.0008069899864494801,0.25954269953072073,0.0040733931818977,5.217495763076841e-06,1.435897024748556e-06,184802.12900000002,1.0,183303.413828125,1.6541547093681192e-06,612.3930630461809,4800.0,1.0,,156,,,,,,,,
5.300477779001085,0.009525771750486457,0.09630533903837205,0.0,0.0,0.012542500000000002,4.0,0.6074999999999999,-0.0005094294087029993,0.2785091452300549,0.0029825818724930286,2.966156932870945e-06,1.7865758053403624e-06,184463.12199999997,1.0,182659.19240625,1.6541547093681192e-06,960.1581493501255,4800.0,1.0,,157,,,,,,,,
5.379581052999129,0.010656730699702166,0.08603515643626451,0.0,0.0,0.012495,4.0,0.605,-0.001451147347688675,0.27358160093426703,0.0019662703154608606,2.1821401588795196e-06,1.5323159573199518e-06,184390.54499999998,1.0,182952.617125,1.6541547093681192e-06,866.4237717656257,4800.0,1.0,,158,,,,,,,,
5.419215502999577,0.009309387599932962,0.06795247411355376,0.0,0.0,0.0124475,4.0,0.6025,-0.0036354693176690487,0.2666737403720617,-0.00031720956321805714,2.244422790909084e-06,1.874341398888646e-06,184817.41999999998,1.0,183112.76584374998,1.6541547093681192e-06,976.4312202786411,4800.0,1.0,,159,,,,,,,,
5.2063090019983065,0.010596433997852728,0.07076822947710752,0.0,0.0,0.012400000000000001,4.0,0.6,-0.0025538750633131713,0.2694633580744267,0.0007862445898354053,2.2462686473545547e-06,2.0027419395773903e-06,184808.114,1.0,183226.08537499997,1.6541547093681192e-06,903.5134959942214,4800.0,1.0,,160,184912.702,184774.82599999997,183978.678,70000042,183105.6706333333,best_of_k,184774.82599999997,1028.0567555949574
5.280932762998418,0.007203957228921354,0.04760742224752903,0.0,0.0,0.012352499999999999,4.0,0.5974999999999999,-0.0035948352655395866,0.2652416992932558,-0.00031942210625857115,1.8472837439276191e-06,1.6008717068416444e-06,184655.23500000002,1.0,183233.335625,1.6541547093681192e-06,775.4661302509961,4800.0,1.0,,161,,,,,,,,
5.2128586920007365,0.007525159389479086,0.07410481777042151,0.0,0.0,0.012305,4.0,0.595,-0.0028079904266633095,0.2611129730939865,0.00040402754675596955,1.982401795430633e-06,1.55746489269859e-06,184468.157,1.0,183322.59737499998,1.6541547093681192e-06,753.0409729867229,4800.0,1.0,,162,,,,,,,,
5.278020429002936,0.003706111994688399,0.037011718819849194,0.0,0.0,0.012257500000000001,4.0,0.5925,-0.004102269496070221,0.2659279953688383,-0.0008435201132670044,2.3508575338837546e-06,1.2552643340768554e-06,184461.06600000002,1.0,183221.76601562498,1.6541547093681192e-06,636.4571919541842,4800.0,1.0,,163,,,,,,,,
5.247231972000009,0.006120671337703243,0.05193684934638441,0.0,0.0,0.012210000000000002,4.0,0.5900000000000001,-0.007237998326309026,0.26219110637903215,-0.004037426039576531,2.2180656884529526e-06,1.1185156338910929e-06,184867.94400000002,1.0,183362.79928125,1.6541547093681192e-06,646.5845375689107,4800.0,1.0,,164,,,,,,,,
5.250382686001103,0.006198657359345816,0.05491536473855376,0.0,0.0,0.012162500000000001,4.0,0.5875,-0.0018959455017466098,0.26830930933356284,0.0013666540384292603,1.387538998187665e-06,1.1475876220856662e-06,184752.09299999996,1.0,183492.61953124998,1.6541547093681192e-06,581.108755856523,4800.0,1.0,,165,,,,,,,,
5.2584253329987405,0.010096334596164524,0.07084960956126451,0.0,0.0,0.012115,4.0,0.585,-0.0054255587689112875,0.2687432628124952,-0.002171101700514555,2.2488217354066365e-06,2.2852514717897064e-06,184223.18699999998,1.0,182850.77287499997,1.6541547093681192e-06,1080.0914290587905,4800.0,1.0,,166,,,,,,,,
5.327703997998469,0.0073682287737028675,0.06232096366584301,0.0,0.0,0.0120675,4.0,0.5825,-0.0015819530963199213,0.2672829985618591,0.0016424283618107437,1.9291460461090536e-06,1.7260042113775853e-06,184688.505,1.0,183256.516109375,1.6541547093681192e-06,912.6391206603829,4800.0,1.0,,167,,,,,,,,
5.209067218002019,0.005335950531298294,0.05784505223855376,0.0,0.0,0.012020000000000001,4.0,0.5800000000000001,0.0010761876386823134,0.26633977629244326,0.0042768493411131205,1.4161439963800148e-06,1.2008967715360086e-06,184688.55899999998,1.0,183334.841890625,1.6541547093681192e-06,736.8308628729272,4800.0,1.0,,168,,,,,,,,
5.2273424830018484,0.006235439830925315,0.06015625018626451,0.0,0.0,0.0119725,4.0,0.5775,0.0012506392085924745,0.2558324530720711,0.004312780592590571,1.4937961481109596e-06,1.3259557590572512e-06,184842.398,1.0,183319.56751562498,1.6541547093681192e-06,853.6279955255507,4800.0,1.0,,169,,,,,,,,
5.447025917001156,0.005305975629016757,0.053727213852107526,0.0,0.0,0.011925000000000002,4.0,0.575,-0.0037113496393430976,0.25463669635355474,-0.0006754657253623009,1.2707284781754425e-06,1.063399473366644e-06,184633.247,1.0,183550.59946875,1.6541547093681192e-06,638.609832205397,4800.0,1.0,,170,,,,,,,,
5.349063434998243,0.0057194981491193175,0.06092122420668602,0.0,0.0,0.011877500000000001,4.0,0.5725,-0.007948149211006238,0.24690029956400394,-0.00501614750828594,1.1197533865470176e-06,8.899582084609392e-07,184520.058,1.0,183304.40324999997,1.6541547093681192e-06,569.316528686262,4800.0,1.0,,171,,,,,,,,
5.397096917000454,0.005226068303454667,0.0456380208954215,0.0,0.0,0.01183,4.0,0.5700000000000001,-0.002170402090996504,0.23894868567585945,0.0006559676490724087,9.053273245740456e-07,6.052931681210794e-07,184317.51599999997,1.0,183461.8306875,1.6541547093681192e-06,398.3866218765946,4800.0,1.0,,172,,,,,,,,
5.466424184000061,0.005654504636186175,0.05429687525611371,0.0,0.0,0.011782500000000001,4.0,0.5675,-0.0009663399716373533,0.23886380307376384,0.001847671577706933,1.0049502833453517e-06,6.029382220162915e-07,184556.97699999998,1.0,183519.83640624996,1.6541547093681192e-06,474.4093509140025,4800.0,1.0,,173,,,,,,,,
5.600358484000026,0.003569752752082422,0.04039713572710753,0.0,0.0,0.011735,4.0,0.565,-0.004355526471044868,0.23972916677594186,-0.0015427860198542476,9.997273039630273e-07,7.628210212828889e-07,184686.583,1.0,183595.614828125,1.6541547093681192e-06,474.10161344996914,4800.0,1.0,,174,,,,,,,,
5.4610273799989955,0.004906430235132575,0.04957682304084301,0.0,0.0,0.0116875,4.0,0.5625,-0.005252332537202165,0.23291700817644595,-0.002530860051047057,1.0066075176951018e-06,1.2887333923572442e-06,184545.46699999998,1.0,183443.31492187496,1.6541547093681192e-06,574.3497851022576,4800.0,1.0,,175,,,,,,,,
5.146111153000675,0.014900246173298607,0.07358940988779068,0.0,1.0,0.011640000000000001,3.0,0.56,0.0023614849002721408,0.22833275149265925,0.0050155166536569595,2.3818605806506337e-06,7.046272996073337e-06,184532.41999999995,1.0,183296.997984375,1.6541547093681192e-06,650.5088520308645,4800.0,1.0,,176,,,,,,,,
5.578608571999212,0.004456381953787059,0.046012369962409136,0.0,0.0,0.0115925,4.0,0.5575,-0.003488068946171552,0.23322885818779468,-0.0008043565205298365,2.174736315936343e-05,3.563683876848245e-05,183992.54400000002,1.0,183193.91259375,1.6541547093681192e-06,477.63893942556956,4800.0,1.0,,177,,,,,,,,
5.540517484998418,0.0044771896966267375,0.04099934920668602,0.0,0.0,0.011545,4.0,0.5549999999999999,-0.005238286801613867,0.2282668501138687,-0.002619725256226957,2.0166631611573393e-05,2.952659743868935e-05,184030.451,1.0,183281.017734375,1.6541547093681192e-06,538.6307256145375,4800.0,1.0,,178,,,,,,,,
5.4347233939988655,0.008049316194956191,0.06673177117481828,0.0,0.0,0.0114975,4.0,0.5525,-0.004409108858089894,0.2335398241877556,-0.0017303147818893195,2.844376888901934e-05,6.971251696086256e-06,184950.96600000001,1.0,183368.85839062498,1.6541547093681192e-06,517.5118334385494,4800.0,1.0,,179,,,,,,,,
5.438004644998728,0.00830712534370832,0.05883789081126452,0.0,0.0,0.01145,4.0,0.55,-0.0017005284258630126,0.2463705327361822,0.0011180712608620524,7.882243181711601e-06,3.109682262447677e-06,184430.524,1.0,183211.08732812497,1.6541547093681192e-06,587.6330424318301,4800.0,1.0,,180,184950.96600000001,184007.315,183620.25,70000042,182990.07899999994,best_of_k,184007.315,665.6010667010656
5.392103163998399,0.005467879326897673,0.056575520895421505,0.0,0.0,0.011402500000000001,4.0,0.5475,-0.004324521229136735,0.2414297167211771,-0.001573022932279855,1.8320502533697435e-06,2.4416458728637737e-06,184217.04999999996,1.0,183161.09715624998,1.6541547093681192e-06,578.2533754070885,4800.0,1.0,,181,,,,,,,,
5.377539586999774,0.005049525207141414,0.04010416679084301,0.0,0.0,0.011355,4.0,0.5449999999999999,-0.004870725597720593,0.2344793077558279,-0.002209662145469338,1.6466434530570951e-06,2.5689051312838274e-06,184337.87599999996,1.0,183336.82653124997,1.6541547093681192e-06,464.40085442673313,4800.0,1.0,,182,,,,,,,,
5.420145783999033,0.0037720611464465035,0.036669921968132256,0.0,0.0,0.0113075,4.0,0.5425,-0.006966229894896969,0.23065049313008784,-0.004358843434602022,1.043571236891694e-06,1.1785484915094457e-06,184680.398,1.0,183484.875359375,1.6541547093681192e-06,380.67059768019936,4800.0,1.0,,183,,,,,,,,
5.39964712699657,0.011478214466478676,0.08748372429981828,0.0,0.0,0.011260000000000001,4.0,0.54,0.002218781801639125,0.23376812674105168,0.004850427526980639,1.6716375824898933e-06,8.330309739790209e-07,184204.353,1.0,183369.337515625,1.6541547093681192e-06,420.08428395647104,4800.0,1.0,,184,,,,,,,,
5.450954511998134,0.007656687730923295,0.056363932555541396,0.0,0.0,0.0112125,4.0,0.5375,0.001786359352990985,0.224928505346179,0.0043078281451016665,1.4783261690354266e-06,7.875023612768928e-07,184598.15499999997,1.0,183537.67548437498,1.6541547093681192e-06,410.49345949258185,4800.0,1.0,,185,,,,,,,,
5.406840216001001,0.005121337532182224,0.037874349090270695,0.0,0.0,0.011165,4.0,0.5349999999999999,0.00362223555566743,0.22491637542843818,0.006044653756543994,0.000848734115646721,7.800360974385967e-06,184319.99,1.0,183426.857203125,1.6541547093681192e-06,408.78158695243656,4800.0,1.0,,186,,,,,,,,
5.602590441998473,0.0049260357307503,0.04969075545668602,0.0,0.0,0.0111175,4.0,0.5325,-0.002604458190035075,0.21011418327689171,-0.0003655194886960089,0.0008552770716050873,2.295609798466103e-05,184269.87399999998,1.0,183409.11765624996,1.6541547093681192e-06,355.5243565828231,4800.0,1.0,,187,,,,,,,,
5.72526554200158,0.005262345101800747,0.04969075545668602,0.0,0.0,0.011070000000000002,4.0,0.53,-0.001263500639470294,0.21536183953285218,0.001091077271848917,0.00023744490777062311,1.146601261154956e-05,184342.12099999998,1.0,183493.81620312497,1.6541547093681192e-06,331.40685165815887,4800.0,1.0,,188,,,,,,,,
5.631773766999686,0.009179183637024834,0.06292317723855376,0.0,0.0,0.011022500000000001,4.0,0.5275000000000001,0.00020408566924743355,0.24291350804269313,0.0028711795341223477,4.953812116355038e-05,1.0932519654716088e-05,184411.02300000002,1.0,183516.456125,1.6541547093681192e-06,377.898068363248,4800.0,1.0,,189,,,,,,,,
5.620511740002257,0.00550730736576952,0.053955078264698385,0.0,0.0,0.010975,4.0,0.525,-0.003434914513491094,0.2448570027947426,-0.0007831546477973461,5.032701776599424e-05,6.1025422232319217e-05,184294.02399999998,1.0,183379.99189062498,1.6541547093681192e-06,357.41148753616784,4800.0,1.0,,190,,,,,,,,
5.57235202299853,0.016455856422544456,0.07991536483168601,0.0,1.0,0.010927500000000001,4.0,0.5225,-0.0042274549719877545,0.2666154507547617,-0.001322917320067063,1.0505847825470482e-05,1.5705109666441787e-05,183857.646,1.0,183196.7456875,1.6541547093681192e-06,418.0041714457624,4800.0,1.0,,191,,,,,,,,
5.5951212420004595,0.003416142115020193,0.0333821615553461,0.0,0.0,0.01088,4.0,0.52,-0.002146579517284408,0.2619411863386631,0.0007017993135377765,4.117310476203784e-06,2.2598568193643588e-06,184676.991,1.0,182691.36120312498,1.6541547093681192e-06,721.0683509984327,4800.0,1.0,,192,,,,,,,,
5.410045620999881,0.0034577674145111815,0.03343098972691223,0.0,0.0,0.0108325,4.0,0.5175000000000001,-0.004742782004177571,0.2594771821051836,-0.001933010295033455,2.3663903448323255e-06,1.5562321976858585e-06,184590.07,1.0,182957.66924999998,1.6541547093681192e-06,610.6002738268837,4800.0,1.0,,193,,,,,,,,
5.456348813000659,0.006331202766159549,0.043212890694849196,0.0,0.0,0.010785000000000001,4.0,0.515,-0.0018155987752834335,0.2662843082100153,0.0010551729239523411,2.5371793242356945e-06,1.7029469262297424e-06,184363.51700000002,1.0,182901.730703125,1.6541547093681192e-06,631.801263179522,4800.0,1.0,,194,,,,,,,,
5.378208497000742,0.005186235043220222,0.041666666732635346,0.0,0.0,0.0107375,4.0,0.5125,-0.006297665627789684,0.26365293078124524,-0.0034676096751354636,2.108989255589222e-06,1.4137076448150764e-06,184418.862,1.0,183169.1173125,1.6541547093681192e-06,535.0428837125426,4800.0,1.0,,195,,,,,,,,
5.555430691998481,0.006717626232421026,0.054036458395421504,0.0,0.0,0.010690000000000002,4.0,0.51,-0.0012968258291948588,0.25926643051207066,0.001474071410484612,1.6847117649376742e-06,9.858799387529871e-07,184586.58999999997,1.0,183132.89764062501,1.6541547093681192e-06,559.3104870124191,4800.0,1.0,,196,,,,,,,,
5.491043965001154,0.006720498477807269,0.055452474113553765,0.0,0.0,0.010642500000000001,4.0,0.5075000000000001,-0.002211271008127369,0.2456249039620161,0.00040206790436059237,1.721654416542151e-06,1.104182001654408e-06,184713.926,1.0,183417.780390625,1.6541547093681192e-06,616.4707126136584,4800.0,1.0,,197,,,,,,,,
5.4181928360012535,0.007031104626366869,0.06323242192156613,0.0,0.0,0.010595,4.0,0.505,-0.007047486118972301,0.2461410067975521,-0.004440174100454897,1.399862665607543e-06,8.239333013193573e-07,184663.052,1.0,183424.29996874998,1.6541547093681192e-06,461.92970888757867,4800.0,1.0,,198,,,,,,,,
5.498893066000164,0.007503565138904378,0.05569661483168602,0.0,0.0,0.010547500000000001,4.0,0.5025,-8.488138555549086e-05,0.2464845895767212,0.0025142969680018723,1.4780537384240234e-06,9.401993992241842e-07,184584.795,1.0,183508.203015625,1.6541547093681192e-06,432.4214037909605,4800.0,1.0,,199,,,,,,,,
5.4619569960013905,0.00476163700222969,0.04627278661355376,0.0,0.0,0.0105,4.0,0.5,-0.0005860240111360326,0.24403290674090386,0.001975293061695993,1.6470015765435163e-06,1.7274905005137952e-06,184723.37600000002,1.0,183566.29028125,1.6541547093681192e-06,543.1175073472642,4800.0,1.0,,200,184950.96600000001,184628.087,183667.585,70000042,183696.3857333333,best_of_k,184628.087,458.9061488434541
5.430615024000872,0.0040622794986120425,0.040445963607635346,0.0,0.0,0.010452500000000002,4.0,0.49750000000000005,-0.0009091137908399105,0.2367548618465662,0.001564927294384688,1.2311223116512338e-06,1.03149768477806e-06,184644.518,1.0,183576.928140625,1.6541547093681192e-06,451.7480944916539,4800.0,1.0,,201,,,,,,,,
5.636795405000157,0.006895440863445401,0.06394856786355377,0.0,0.0,0.010405000000000001,4.0,0.495,-0.000352338666561991,0.23670587241649627,0.0021100640064105392,1.1008004719315067e-06,8.243568061061524e-07,184531.474,1.0,183565.72196874997,1.6541547093681192e-06,476.5944517591026,4800.0,1.0,,202,,,,,,,,
5.470765649999521,0.004517236640094779,0.02892252621240914,0.0,0.0,0.010357500000000002,4.0,0.49250000000000005,-0.0048766729247290645,0.2381632301956415,-0.0024106373195536433,1.4484844115258966e-06,1.1909297867873647e-06,184645.27500000002,1.0,183599.24059375,1.6541547093681192e-06,541.1649514431756,4800.0,1.0,,203,,,,,,,,
5.366203322999354,0.009073112276382744,0.054248046968132256,0.0,0.0,0.01031,4.0,0.49,0.0037771517934743317,0.23330664299428464,0.006174586771521717,1.2211831779040949e-05,1.3470100884660497e-05,184712.36099999998,1.0,183698.467640625,1.6541547093681192e-06,472.6058096761692,4800.0,1.0,,204,,,,,,,,
5.455148380999162,0.012068871094379574,0.07932942751795054,0.0,1.0,0.0102625,4.0,0.48750000000000004,-0.005495173810049892,0.24735711365938187,-0.0029586290125735103,8.296524057982424e-06,2.254997085060495e-06,184606.42399999997,1.0,183575.90996874997,1.6541547093681192e-06,654.6006745694043,4800.0,1.0,,205,,,,,,,,
5.347481349999725,0.00417765858292114,0.038151041977107523,0.0,0.0,0.010215,4.0,0.485,-0.000700863654492423,0.25151597112417223,0.0018674434191780164,2.0907252093138596e-06,1.4399619885807624e-06,184642.32499999998,1.0,183398.437390625,1.6541547093681192e-06,616.0846574183149,4800.0,1.0,,206,,,,,,,,
5.370144008000352,0.006004234956344589,0.049983724020421505,0.0,0.0,0.010167500000000001,4.0,0.48250000000000004,-0.0027499624935444444,0.2364650573581457,-0.00034671208704821764,1.9273804099384506e-06,1.6302880794683005e-06,184895.401,1.0,183332.772203125,1.6541547093681192e-06,767.0590861128356,4800.0,1.0,,207,,,,,,,,
5.469392748000246,0.007813677404192277,0.07333984402939678,0.0,0.0,0.01012,4.0,0.48,-0.0028332014800980685,0.23470458649098874,-0.0004587274277582765,1.4253074027692492e-06,1.18732321823245e-06,184726.18699999998,1.0,183554.40764062497,1.6541547093681192e-06,549.8794891878949,4800.0,1.0,,208,,,,,,,,
5.2268940469984955,0.007457183484802954,0.06682942733168602,0.0,0.0,0.010072500000000002,4.0,0.47750000000000004,-0.00011570374481379986,0.22657826729118824,0.002165869262535125,1.237530057096592e-06,1.026409711357701e-06,184837.75,1.0,183709.727109375,1.6541547093681192e-06,585.3620932163236,4800.0,1.0,,209,,,,,,,,
5.379383187999338,0.004109110636636615,0.03426106795668602,0.0,0.0,0.010025000000000001,4.0,0.475,-0.004680795222520828,0.22829566188156605,-0.002392971940571442,1.551997124238369e-06,1.3712926886455535e-06,185026.193,1.0,183731.39925,1.6541547093681192e-06,634.8627042560554,4800.0,1.0,,210,,,,,,,,
5.398137029998907,0.004930443267221562,0.047900390718132256,0.0,0.0,0.009977500000000002,4.0,0.47250000000000003,-0.0005519848666153849,0.21411397978663443,0.0015835400437936187,1.978482595177411e-06,1.1989132346457155e-06,184753.687,1.0,183740.50821875,1.6541547093681192e-06,527.663694504507,4800.0,1.0,,211,,,,,,,,
5.341266846000508,0.0038464151963125913,0.036181640811264515,0.0,0.0,0.00993,4.0,0.47,-0.0032675061549525706,0.21298535354435444,-0.0011531600262969731,1.171815695499845e-06,9.634984905915189e-07,184804.933,1.0,183759.111984375,1.6541547093681192e-06,616.2367776475942,4800.0,1.0,,212,,,,,,,,
5.325593655998091,0.00396770344232209,0.037027994822710755,0.0,0.0,0.0098825,4.0,0.4675,-0.002305360045284033,0.21166833490133286,-0.0002142017474398017,1.2719796586679877e-06,1.0538056500308813e-06,184782.35199999998,1.0,183587.64615624998,1.6541547093681192e-06,643.664195310945,4800.0,1.0,,213,,,,,,,,
5.246463260999008,0.005763875026605092,0.061083984654396774,0.0,0.0,0.009835,4.0,0.46499999999999997,0.0009123924741288647,0.20626363158226013,0.0029404341184999794,1.1764367599198523e-06,8.868284709251383e-07,184911.922,1.0,183747.16907812498,1.6541547093681192e-06,638.35305638265,4800.0,1.0,,214,,,,,,,,
5.3689944530015055,0.004306142817949876,0.04899088554084301,0.0,0.0,0.009787500000000001,4.0,0.4625,-0.006322363018989563,0.20279987752437592,-0.004338164220098406,1.4086006302704846e-06,1.1272463638078989e-06,184901.43,1.0,183694.59653125,1.6541547093681192e-06,724.9217670174844,4800.0,1.0,,215,,,,,,,,
5.2776472229998035,0.011092656495748088,0.039632161566987636,0.0,0.0,0.00974,4.0,0.45999999999999996,-0.0035865410114638506,0.2037834607064724,-0.0016024918877519667,3.6442413346549072e-06,8.741667386402696e-07,184981.91300000003,1.0,183765.03259375,1.6541547093681192e-06,608.3680352615189,4800.0,1.0,,216,,,,,,,,
5.391803156999231,0.005445932861766778,0.04287109384313226,0.0,0.0,0.009692500000000001,4.0,0.4575,-0.0008751433168072253,0.19945059046149255,0.0010556020744843409,1.3379727337792247e-05,2.183294645874412e-06,185082.499,1.0,183854.654265625,1.6541547093681192e-06,544.3058823683817,4800.0,1.0,,217,,,,,,,,
5.278191986999445,0.004933255551441107,0.0444173177704215,0.0,0.0,0.009644999999999999,4.0,0.45499999999999996,-0.0032514901482500135,0.20390355102717878,-0.0013072763802483677,0.00016478915885613786,1.1914021038705869e-05,184942.688,1.0,183821.02732812497,1.6541547093681192e-06,524.3620603230081,4800.0,1.0,,218,,,,,,,,
5.3740805400011595,0.0035494531388394535,0.029361979267559946,0.0,0.0,0.0095975,4.0,0.4525,0.0008956082252552733,0.19832563623785973,0.002775123983155936,0.00014647967436758335,1.8532324406805856e-05,184960.693,1.0,183724.8938125,1.6541547093681192e-06,558.435871880164,4800.0,1.0,,219,,,,,,,,
5.420932052998978,0.00664315177127719,0.05891927108168602,0.0,0.0,0.00955,4.0,0.44999999999999996,-0.000595736422110349,0.17291421443223953,0.001048210309818387,4.811277360659005e-05,5.146391765720182e-06,184994.92399999997,1.0,184072.02396874997,1.6541547093681192e-06,519.963371200079,4800.0,1.0,,220,185082.499,184747.421,184084.759,70000042,183905.3559,best_of_k,184747.421,431.8266371892252
5.302647595999588,0.004727456922410056,0.04090169277042151,0.0,0.0,0.0095025,4.0,0.4475,-0.0053830031887628135,0.1664161667227745,-0.003803521883673966,1.0241515934694689e-05,1.7291342743419592e-06,185024.56900000002,1.0,183829.83515625,1.6541547093681192e-06,614.0047190199188,4800.0,1.0,,221,,,,,,,,
5.317719210997893,0.008637480746256188,0.05169270876795053,0.0,0.0,0.009455,4.0,0.44499999999999995,0.0030751651618629696,0.16662964187562465,0.004649748932570219,3.3834099326668365e-06,1.121297120221243e-06,184998.26,1.0,183788.536390625,1.6541547093681192e-06,474.49312313060335,4800.0,1.0,,222,,,,,,,,
5.367279979000159,0.0054858874442288656,0.05598958348855376,0.0,0.0,0.009407500000000001,4.0,0.4425,0.002887505805119872,0.16502775587141513,0.0044394360389560465,1.1960047601178303e-06,8.963558798313898e-07,184808.998,1.0,183838.98285937498,1.6541547093681192e-06,374.8475569569901,4800.0,1.0,,223,,,,,,,,
5.40635567499703,0.006445232883561402,0.05097656277939677,0.0,0.0,0.00936,4.0,0.43999999999999995,0.0006757161900168285,0.17334342375397682,0.0022974304389208554,1.4676317476869372e-06,1.2664758429536959e-06,184969.395,1.0,183844.735890625,1.6541547093681192e-06,763.7032562366384,4800.0,1.0,,224,,,,,,,,
5.358114555998327,0.0027869167388416827,0.029199218843132257,0.0,0.0,0.009312500000000001,4.0,0.4375,0.0008646559057524428,0.17610992901027203,0.002504142897669226,1.0074977964791288e-06,8.715475019016595e-07,184929.082,1.0,183848.29825,1.6541547093681192e-06,557.9870640277311,4800.0,1.0,,225,,,,,,,,
5.364254863001406,0.0071489771537017075,0.048144531343132256,0.0,0.0,0.009265000000000002,4.0,0.43500000000000005,-0.0015959493292029947,0.17030137814581395,-1.8688722047954797e-05,1.1664792396004487e-06,9.30473213145433e-07,184907.48299999998,1.0,183855.65315625002,1.6541547093681192e-06,593.9769071695442,4800.0,1.0,,226,,,,,,,,
5.311282457998459,0.006043851203867234,0.0539388021454215,0.0,0.0,0.0092175,4.0,0.4325,-0.00039512952789664266,0.17571782134473324,0.0012240151088917627,1.00370625659707e-06,8.682733962928069e-07,184909.336,1.0,183936.37312499998,1.6541547093681192e-06,540.5096391080756,4800.0,1.0,,227,,,,,,,,
5.472121034999873,0.003761657149880193,0.041422526072710755,0.0,0.0,0.009170000000000001,4.0,0.43000000000000005,-0.00441109650710132,0.180697962641716,-0.0027547733625397086,1.2936073289893102e-06,1.0951300339456794e-06,184903.423,1.0,183693.71126562497,1.6541547093681192e-06,707.3867636816991,4800.0,1.0,,228,,,,,,,,
5.389183275001415,0.005510581389535219,0.05239257826469838,0.0,0.0,0.0091225,4.0,0.4275,-0.003290764466510154,0.17751141153275968,-0.0016721576917916535,1.4113917814029265e-06,1.1988005070406871e-06,184908.33599999998,1.0,183795.46910937497,1.6541547093681192e-06,786.0973238943442,4800.0,1.0,,229,,,,,,,,
5.396594195000944,0.010564543071086518,0.07259114626795053,0.0,0.0,0.009075000000000001,4.0,0.42500000000000004,0.003608674180577509,0.16778322048485278,0.005130754061974585,9.981258500602052e-07,9.056909505034127e-07,184907.22699999998,1.0,183860.728609375,1.6541547093681192e-06,568.7451155224488,4800.0,1.0,,230,,,,,,,,
5.3963575339985255,0.0036226687159796713,0.030598958395421504,0.0,0.0,0.0090275,4.0,0.4225,0.0010535687717492693,0.17159455195069312,0.002602073084563017,1.169205398809936e-06,8.975466002425492e-07,184747.62600000002,1.0,183820.80473437498,1.6541547093681192e-06,594.3596396920138,4800.0,1.0,,231,,,,,,,,
5.369327320000593,0.009355962375411763,0.06136067730840296,0.0,0.0,0.008980000000000002,4.0,0.42000000000000004,0.0019737881142646075,0.1748524248600006,0.003543512360192835,9.042865812602941e-07,7.209525122675586e-07,185000.32899999997,1.0,183797.71137499998,1.6541547093681192e-06,480.71294852865253,4800.0,1.0,,232,,,,,,,,
5.369235557998763,0.003603809484047815,0.030094401072710754,0.0,0.0,0.008932500000000001,4.0,0.4175,-0.00028620781959034505,0.17381392903625964,0.0012656838167458772,1.2308910385172566e-06,1.1574405220926565e-06,185003.759,1.0,183785.094375,1.6541547093681192e-06,609.8633142311569,4800.0,1.0,,233,,,,,,,,
5.384247871999833,0.00586749030626379,0.04474283859599382,0.0,0.0,0.008885,4.0,0.41500000000000004,0.0038317222584737464,0.17807700708508492,0.005413236306048929,1.0729190947245115e-06,1.1853107935166918e-06,184868.123,1.0,183868.586140625,1.6541547093681192e-06,438.4460110652845,4800.0,1.0,,234,,,,,,,,
5.422795511000004,0.01025020727829542,0.06902669286355376,0.0,0.0,0.0088375,4.0,0.4125,0.0012057262589223682,0.1713271476328373,0.0027189914137125014,1.6252685071549422e-06,1.3520154155344245e-06,184899.53600000002,1.0,183885.0680625,1.6541547093681192e-06,456.7025713567919,4800.0,1.0,,235,,,,,,,,
5.415016973998718,0.007517047185683623,0.051708984409924594,0.0,0.0,0.008790000000000001,4.0,0.41000000000000003,7.432655256707221e-05,0.1878213096410036,0.0017246696050278842,1.2223414444179071e-06,9.683501772883575e-07,184959.47300000003,1.0,183889.29746874998,1.6541547093681192e-06,494.6868266533627,4800.0,1.0,,236,,,,,,,,
5.437071430002106,0.007729026113520376,0.04988606795668602,0.0,0.0,0.0087425,4.0,0.4075,-0.0029060919536277653,0.19202449209988118,-0.0012280171504244208,1.351589330056413e-06,1.128667925343052e-06,184830.578,1.0,183788.6488125,1.6541547093681192e-06,534.6075487895849,4800.0,1.0,,237,,,,,,,,
5.389385914000741,0.0026930363004794345,0.028645833395421504,0.0,0.0,0.008695000000000001,4.0,0.405,-0.004373320174636319,0.19411096721887589,-0.0026862560771405697,1.402844776521306e-06,1.1804118742020365e-06,184971.94799999997,1.0,183838.17353124998,1.6541547093681192e-06,732.6705641884481,4800.0,1.0,,238,,,,,,,,
5.393035689998214,0.006859164292109199,0.051334635727107523,0.0,0.0,0.0086475,4.0,0.40249999999999997,-0.00059568825236056,0.19348896108567715,0.001076783798635006,1.381968382929699e-06,1.1710134714348897e-06,184826.23899999997,1.0,183842.16578125,1.6541547093681192e-06,793.9913694109863,4800.0,1.0,,239,,,,,,,,
5.373249162999855,0.00483091275091283,0.04361979179084301,0.0,0.0,0.008600000000000002,4.0,0.4,0.000912162777967751,0.18002008311450482,0.002459704235661775,1.2421117432381834e-06,1.0135755530882306e-06,184654.501,1.0,183738.11760937498,1.6541547093681192e-06,633.0281878134098,4800.0,1.0,,240,185082.499,184721.69600000003,184060.935,70000042,183738.16233333337,best_of_k,184721.69600000003,592.7743614084754
5.5018049709979095,0.005221157014602795,0.03225911483168602,0.0,0.0,0.0085525,4.0,0.39749999999999996,-0.0019336679455591367,0.1727053288370371,-0.00045733952429145576,2.1445648712870026e-06,1.0384233718241375e-06,184985.11700000003,1.0,183899.130421875,1.6541547093681192e-06,611.3463941372019,4800.0,1.0,,241,,,,,,,,
5.484920008999325,0.003501933297957294,0.026643880363553762,0.0,0.0,0.008505,4.0,0.395,-0.005088212803821079,0.16896237656474114,-0.003651745500974357,1.1532110406164975e-06,8.844266375263032e-07,184893.463,1.0,183812.518921875,1.6541547093681192e-06,638.0187218461051,4800.0,1.0,,242,,,,,,,,
5.411843656998826,0.004570471431361511,0.04285481785191223,0.0,0.0,0.0084575,4.0,0.39249999999999996,-0.004271310019248631,0.16536287143826484,-0.002874416299164295,2.8057529576130945e-06,2.7641637856845593e-06,184935.02599999998,1.0,183903.780375,1.6541547093681192e-06,455.79277965079245,4800.0,1.0,,243,,,,,,,,
5.451846952997585,0.005198180978186429,0.05297851581126452,0.0,0.0,0.00841,4.0,0.39,-0.00043748936732299624,0.16636300273239613,0.0009555181488394738,9.9373991020002e-06,1.0223190881220034e-05,184886.16500000004,1.0,183947.26284375,1.6541547093681192e-06,484.60191332207796,4800.0,1.0,,244,,,,,,,,
5.353045323998231,0.007532119142706506,0.05083007849752903,0.0,0.0,0.0083625,4.0,0.38749999999999996,-0.00494693499058485,0.1622149959206581,-0.003591475589200854,3.90024460159566e-06,1.3469977005797772e-06,184832.266,1.0,183894.71074999997,1.6541547093681192e-06,564.67300318138,4800.0,1.0,,245,,,,,,,,
5.409622961000423,0.006920431432081387,0.0572102865902707,0.0,0.0,0.008315000000000001,4.0,0.385,0.0019284991227323189,0.15834172815084457,0.003244349989108741,1.4111392289350989e-06,1.2389728880179974e-06,185034.75699999998,1.0,183756.238265625,1.6541547093681192e-06,712.7399459440857,4800.0,1.0,,246,,,,,,,,
5.4013696709989745,0.004261903144652024,0.03528645848855376,0.0,0.0,0.0082675,4.0,0.38249999999999995,-0.005328877485590055,0.1569214265793562,-0.0040324606699869035,3.7732850216798398e-06,1.1069044390410454e-06,184886.224,1.0,183868.7109375,1.6541547093681192e-06,634.1048863098254,4800.0,1.0,,247,,,,,,,,
5.338783293998858,0.005822409689426422,0.03107096371240914,0.0,0.0,0.008220000000000002,4.0,0.38,-0.003317567892372608,0.1589852325618267,-0.0020115537219680844,3.636988435573585e-06,9.614374050670448e-07,185114.279,1.0,184017.98124999998,1.6541547093681192e-06,505.49531667414783,4800.0,1.0,,248,,,,,,,,
5.308088859997952,0.004924412493710406,0.040185546944849194,0.0,0.0,0.0081725,4.0,0.37749999999999995,-0.0012920646928250789,0.16524440422654152,5.783329252153635e-05,1.2273508531279731e-06,8.77871771365335e-07,185082.54100000003,1.0,183974.94624999998,1.6541547093681192e-06,542.7706882610264,4800.0,1.0,,249,,,,,,,,
5.374186569999438,0.003845556834130548,0.041699218843132255,0.0,0.0,0.008125,4.0,0.375,-0.000795948231825605,0.16946790963411332,0.0005803297273814679,1.4251469025339247e-06,1.013514578573904e-06,185008.987,1.0,184001.56426562497,1.6541547093681192e-06,604.3523441049666,4800.0,1.0,,250,,,,,,,,
5.382723036000243,0.010812607649131677,0.06417643235763534,0.0,0.0,0.008077500000000001,4.0,0.37250000000000005,0.0003978694701800123,0.17031485363841056,0.0017724047764204442,3.508092051163203e-06,1.6645246702751138e-06,184968.913,1.0,184019.67475,1.6541547093681192e-06,610.3696866615991,4800.0,1.0,,251,,,,,,,,
5.363479217001441,0.0039068000769475475,0.03663736991584301,0.0,0.0,0.00803,4.0,0.37,-0.001285214227391407,0.1770481489598751,0.00013589588925242425,1.0275009117322042e-06,9.669829523772933e-07,185084.584,1.0,183894.84489062498,1.6541547093681192e-06,590.5662813037544,4800.0,1.0,,252,,,,,,,,
5.5357274130001315,0.003453438144060783,0.0378255208954215,0.0,0.0,0.007982500000000002,4.0,0.36750000000000005,-0.0025363767199451104,0.17199731841683388,-0.0011640282813459636,1.1694071289980456e-06,1.0059146816843168e-06,185110.761,1.0,183804.7418125,1.6541547093681192e-06,715.5046821363177,4800.0,1.0,,253,,,,,,,,
5.413991870998871,0.005961817406932824,0.042464192910119894,0.0,0.0,0.007935000000000001,4.0,0.365,0.004016024863813072,0.1674152210354805,0.0053433558437973264,6.76197215625507e-06,8.646723173910687e-07,185083.93,1.0,183986.84249999997,1.6541547093681192e-06,489.1887876575945,4800.0,1.0,,254,,,,,,,,
5.4105306130004465,0.003253112663514912,0.026139323075767606,0.0,0.0,0.007887500000000002,4.0,0.36250000000000004,-0.0008606198185589165,0.15912290513515473,0.0003938388079404831,1.947239948663082e-06,8.582587383898499e-07,185090.353,1.0,183872.31215625,1.6541547093681192e-06,588.4555790693561,4800.0,1.0,,255,,,,,,,,
5.366425946001982,0.004121067287633196,0.030598958441987633,0.0,0.0,0.00784,4.0,0.36,-0.000875723957142327,0.16216438822448254,0.0003947303630411625,2.2667323179348386e-06,1.3763984910042381e-06,185121.376,1.0,184018.188171875,1.6541547093681192e-06,577.6213339830559,4800.0,1.0,,256,,,,,,,,
5.325969090001308,0.005755946418503299,0.04078776063397527,0.0,0.0,0.007792500000000001,4.0,0.35750000000000004,-0.0040176109410822395,0.1591084238141775,-0.002778605051571503,2.482264899583697e-06,1.1961043142605376e-06,185094.397,1.0,184082.17303125,1.6541547093681192e-06,366.6251264431274,4800.0,1.0,,257,,,,,,,,
5.362836640997557,0.004330745004699566,0.049495442770421505,0.0,0.0,0.007745,4.0,0.355,-0.0041452765246503985,0.1675645936280489,-0.002848280232865363,1.6795348145137723e-06,1.247019406491745e-06,184937.95699999994,1.0,183793.832140625,1.6541547093681192e-06,796.1827302621609,4800.0,1.0,,258,,,,,,,,
5.40902621100031,0.004892258357722312,0.03826497406698763,0.0,0.0,0.007697500000000001,4.0,0.35250000000000004,-0.003123762205359526,0.16596293300390244,-0.001846931141335517,9.823516577966984e-07,1.141024272044433e-06,184983.622,1.0,184034.32271875,1.6541547093681192e-06,628.6896645393042,4800.0,1.0,,259,,,,,,,,
5.0995366200004355,0.024762358380636822,0.05201822935293118,0.0,1.0,0.0076500000000000005,3.0,0.35,0.012378981973355015,0.1648776392141978,0.013639706714699665,9.560896539066258e-07,9.855256716188401e-07,184995.048,1.0,183891.719671875,1.6541547093681192e-06,624.904291842462,4800.0,1.0,,260,185121.376,184819.549,183475.24899999998,70000042,184032.35856666666,best_of_k,184819.549,605.422477492632
5.47170945399921,0.0028619148710276932,0.02469075529370457,0.0,0.0,0.007602500000000002,4.0,0.34750000000000003,-0.004001411779609043,0.1690661434084177,-0.0027167517400812358,1.0885209050570665e-06,1.1128227527024136e-06,185068.253,1.0,183922.68065624998,1.6541547093681192e-06,734.1784468248609,4800.0,1.0,,261,,,,,,,,
5.367302025999379,0.003690855679451488,0.03442382825305686,0.0,0.0,0.007555000000000001,4.0,0.345,-0.001915432492387481,0.16689335256814958,-0.0006552285980433225,1.0463052419140696e-06,1.1427397026864127e-06,185022.581,1.0,183905.35128125,1.6541547093681192e-06,712.6503653945246,4800.0,1.0,,262,,,,,,,,
5.319720338000479,0.005536495207343251,0.04140625023283064,0.0,0.0,0.007507500000000002,4.0,0.3425,-0.0008413082512561231,0.16260865963995458,0.00037908058147877454,6.816286571620367e-07,6.555739602731591e-07,185035.472,1.0,183937.06020312497,1.6541547093681192e-06,507.1683713280717,4800.0,1.0,,263,,,,,,,,
5.419110756000009,0.004334693870623596,0.04225260429084301,0.0,0.0,0.00746,4.0,0.33999999999999997,-0.0023751721819280647,0.16867380663752557,-0.0011173293460160494,8.139000115647832e-07,7.648257081882548e-07,185077.44100000002,1.0,184089.5756875,1.6541547093681192e-06,581.778638004017,4800.0,1.0,,264,,,,,,,,
5.392314467000688,0.00412951688922476,0.03562825524713844,0.0,0.0,0.007412500000000001,4.0,0.3375,-0.0023732911446131765,0.15961917862296104,-0.001190585526637733,9.341358179426606e-07,7.566322892671451e-07,185000.428,1.0,183855.431578125,1.6541547093681192e-06,614.9406904371647,4800.0,1.0,,265,,,,,,,,
5.383192315999622,0.0048626686475472525,0.03953450536355376,0.0,0.0,0.007365,4.0,0.33499999999999996,0.0004880765234702267,0.15192741602659227,0.0016057332046329974,2.700663013399662e-06,2.0364434476505267e-06,184901.729,1.0,184002.25268749997,1.6541547093681192e-06,590.443502792729,4800.0,1.0,,266,,,,,,,,
5.348573375998967,0.006747454064316117,0.07003580778837204,0.0,0.0,0.007317500000000001,4.0,0.3325,-0.0024100241367705165,0.15474174469709395,-0.0013165431097149848,0.00020917892393299554,3.584827126701384e-05,185106.969,1.0,183953.49690625,1.6541547093681192e-06,604.2669945878826,4800.0,1.0,,267,,,,,,,,
5.377714030997595,0.005394878098741174,0.03665364603511989,0.0,0.0,0.00727,4.0,0.32999999999999996,-0.0041189920390024785,0.1574913550168276,-0.002978011011146009,2.005728368885684e-05,3.951661500423142e-06,185136.949,1.0,184073.81821875,1.6541547093681192e-06,541.7527887135948,4800.0,1.0,,268,,,,,,,,
5.405665021000459,0.004845574128557928,0.05353190111927688,0.0,0.0,0.0072225000000000015,4.0,0.3275,-0.0038871618919074534,0.14937373362481593,-0.0028107228456065057,1.1430603512962989e-05,2.539225107511811e-06,185088.81900000002,1.0,183966.26528124997,1.6541547093681192e-06,505.8060247115015,4800.0,1.0,,269,,,,,,,,
5.3220028020004975,0.0031401302956510337,0.034554036566987634,0.0,0.0,0.007174999999999999,4.0,0.32499999999999996,-0.004178078263066709,0.15323675237596035,-0.0030793156940490006,1.7779358842062721e-06,1.066924220083365e-06,185053.04100000003,1.0,183965.985109375,1.6541547093681192e-06,535.3251030049444,4800.0,1.0,,270,,,,,,,,
5.379714612998214,0.003147838352015242,0.026302083441987634,0.0,0.0,0.0071275,4.0,0.3225,-0.0019114547743811273,0.15511029660701753,-0.0008064797148108482,1.2126990895922063e-06,9.059871118211049e-07,185193.21600000001,1.0,184132.71709375,1.6541547093681192e-06,559.1943158053881,4800.0,1.0,,271,,,,,,,,
5.357295813999372,0.005867115192813799,0.04811197923263535,0.0,0.0,0.0070799999999999995,4.0,0.31999999999999995,0.0026646536512998863,0.15853964239358903,0.003786458552349359,1.3139251876737036e-06,1.0483661810667399e-06,185123.769,1.0,184018.05412500002,1.6541547093681192e-06,731.4813684372068,4800.0,1.0,,272,,,,,,,,
5.329832160998194,0.0030573617434129117,0.03155924489255994,0.0,0.0,0.0070325000000000006,4.0,0.3175,-0.001122264500008896,0.15257914885878562,-5.015560891479254e-05,3.685439253331424e-06,1.0712376194987883e-06,185107.40300000002,1.0,184053.301234375,1.6541547093681192e-06,653.2773855970322,4800.0,1.0,,273,,,,,,,,
5.375260008000623,0.0034321554470807315,0.039013672061264514,0.0,0.0,0.006985,4.0,0.31499999999999995,0.0028709059464745224,0.15485028252005578,0.003951506956946104,3.24879578670334e-06,1.4068767512753766e-06,185163.337,1.0,184029.96276562498,1.6541547093681192e-06,803.8773476411195,4800.0,1.0,,274,,,,,,,,
5.37649818799764,0.00511151528917253,0.04067382821813226,0.0,0.0,0.006937500000000001,4.0,0.3125,-2.4765172565821558e-05,0.157942745834589,0.0010698278521886096,3.331396078465332e-06,1.6034839703138459e-06,185127.95299999998,1.0,184236.89404687498,1.6541547093681192e-06,540.9223834630935,4800.0,1.0,,275,,,,,,,,
5.411049577000085,0.003478769079083577,0.032763672003056854,0.0,0.0,0.006890000000000002,4.0,0.31000000000000005,-0.0037580979755148292,0.1609595909714699,-0.002649850258603692,1.925213112485835e-06,1.1422268812566472e-06,185099.32100000003,1.0,184060.671375,1.6541547093681192e-06,570.4263608280655,4800.0,1.0,,276,,,,,,,,
5.386500175001856,0.0038120338489534334,0.03300781258149073,0.0,0.0,0.006842500000000001,4.0,0.3075,-0.0008601180685218424,0.15858406871557235,0.0002243559341877699,1.480316234392376e-06,9.796380311399844e-07,185116.36500000002,1.0,184012.35424999997,1.6541547093681192e-06,709.5905903341182,4800.0,1.0,,277,,,,,,,,
5.32456689099854,0.0049518687534146014,0.031933593773283066,0.0,0.0,0.006795000000000002,4.0,0.30500000000000005,0.0007090125931426883,0.15655908696353435,0.0017719036899507047,2.7636335659053658e-06,1.3022361102343894e-06,185163.021,1.0,184111.64428125,1.6541547093681192e-06,632.9683502521464,4800.0,1.0,,278,,,,,,,,
5.360732978002488,0.0030293398420326413,0.026302083488553764,0.0,0.0,0.0067475,4.0,0.3025,-0.00427455771714449,0.150817309319973,-0.003259687952231616,1.0997846209193085e-05,3.340549508834556e-06,185032.556,1.0,184225.06396875,1.6541547093681192e-06,571.5529302091421,4800.0,1.0,,279,,,,,,,,
5.418920034000621,0.003535137019935064,0.030371093819849194,0.0,0.0,0.006700000000000001,4.0,0.30000000000000004,0.0018743639171589165,0.15320016965270042,0.0028997930698096753,3.109813442847553e-06,1.401393484457003e-06,185145.437,1.0,184115.865609375,1.6541547093681192e-06,592.2953648093046,4800.0,1.0,,280,185193.21600000001,184993.91500000004,185132.88499999998,70000042,184324.96526666667,best_of_k,184993.91500000004,533.329096460206
5.332810496998718,0.003190477262251079,0.031282552238553765,0.0,0.0,0.0066525,4.0,0.2975,-0.005175731432973407,0.1500928457826376,-0.004178120871074498,2.2239711285010345e-06,1.3194840192909397e-06,185137.936,1.0,183946.59206249999,1.6541547093681192e-06,822.7818809550714,4800.0,1.0,,281,,,,,,,,
5.532504422000784,0.004718488681828603,0.02840169279370457,0.0,0.0,0.0066050000000000015,4.0,0.29500000000000004,-0.0016394773410866037,0.15004613511264325,-0.0006489156745374203,1.3213823308433348e-06,7.219855845619349e-07,185029.90099999998,1.0,184114.62050000002,1.6541547093681192e-06,537.5301253607173,4800.0,1.0,,282,,,,,,,,
5.424993174001429,0.010614341485779732,0.042073567770421504,0.0,0.0,0.006557500000000001,4.0,0.2925,-0.0010911811143159867,0.14924074225127698,-0.00011326982639729977,1.489547014443815e-06,1.173391999031992e-06,185122.832,1.0,184043.47978125,1.6541547093681192e-06,763.1027249977847,4800.0,1.0,,283,,,,,,,,
5.3539916340014315,0.003133316891035065,0.03647460946813226,0.0,0.0,0.006510000000000002,4.0,0.29000000000000004,-0.000978580882656388,0.1465866420418024,-2.51254765316844e-05,1.5637737334373014e-06,1.3342355714485165e-06,185134.773,1.0,183971.529609375,1.6541547093681192e-06,787.330275755425,4800.0,1.0,,284,,,,,,,,
5.308384773998114,0.004886622136109508,0.03697916669771075,0.0,0.0,0.0064624999999999995,4.0,0.2875,-0.0070510834630113095,0.14909504726529121,-0.006088332203216851,1.5907372613810367e-06,1.2329827114854197e-06,185138.32400000002,1.0,184104.87932812498,1.6541547093681192e-06,814.777983089738,4800.0,1.0,,285,,,,,,,,
5.447448062997864,0.0036534785060212014,0.035172526142559946,0.0,0.0,0.0064150000000000006,4.0,0.28500000000000003,-0.001029017529799603,0.14824833385646344,-7.879087934270501e-05,1.6730479387661036e-06,1.2382480605310775e-06,185148.75300000003,1.0,184285.40948437498,1.6541547093681192e-06,711.2024460325346,4800.0,1.0,,286,,,,,,,,
5.39087647800261,0.0069043116585817185,0.03468424486927688,0.0,0.0,0.0063675,4.0,0.2825,-0.0034977564049768262,0.141926309466362,-0.0025946306763216854,1.6244268152831864e-06,8.554006200256481e-07,185107.301,1.0,184235.02760937499,1.6541547093681192e-06,607.5346727136922,4800.0,1.0,,287,,,,,,,,
5.448884560999431,0.0038499133283039556,0.02607421879656613,0.0,0.0,0.006320000000000001,4.0,0.28,0.0020569595275446773,0.14249815363436938,0.0029569298028945925,1.0928415960620442e-06,1.016847255641551e-06,185145.504,1.0,184238.02318750002,1.6541547093681192e-06,664.0396326872639,4800.0,1.0,,288,,,,,,,,
5.420892088000983,0.0027364059118553997,0.02600911462213844,0.0,0.0,0.0062725,4.0,0.27749999999999997,-0.0005370748927816749,0.14144055172801018,0.00034963709767907856,8.545453255237589e-07,7.76335724594901e-07,185105.79,1.0,184180.429265625,1.6541547093681192e-06,625.5611354373765,4800.0,1.0,,289,,,,,,,,
5.304257348998362,0.006775735082919709,0.03181966147385538,0.0,0.0,0.006225000000000001,4.0,0.275,-0.002423535689013079,0.1393627256155014,-0.001556481805164367,8.115041396195011e-07,7.971436630782591e-07,185067.807,1.0,184232.81571875,1.6541547093681192e-06,620.743577217544,4800.0,1.0,,290,,,,,,,,
5.441381381999236,0.0024426895135547964,0.024462890764698385,0.0,0.0,0.006177500000000001,4.0,0.27249999999999996,-0.0016058448498370125,0.13444667626172305,-0.000776441884227097,3.328724793050242e-06,1.6168686457262992e-06,185055.388,1.0,183956.71270312497,1.6541547093681192e-06,603.8139479077379,4800.0,1.0,,291,,,,,,,,
5.2685379659997125,0.0051992653694469485,0.03795572929084301,0.0,0.0,0.006130000000000002,4.0,0.27,0.0004151424276642501,0.13946675844490528,0.0012691119220107794,2.647849133552427e-06,1.3921627783020086e-06,185052.78800000003,1.0,184179.583671875,1.6541547093681192e-06,552.483692273275,4800.0,1.0,,292,,,,,,,,
5.340650769001513,0.008311668518581427,0.05151367196813226,0.0,0.0,0.006082499999999999,4.0,0.26749999999999996,-0.0015551157528534531,0.13741345796734095,-0.000719951163046062,1.7442905559050815e-06,9.566607388933334e-07,185115.966,1.0,184003.75334375,1.6541547093681192e-06,687.5418581077975,4800.0,1.0,,293,,,,,,,,
5.334504541999195,0.003704977678717114,0.03683268232271075,0.0,0.0,0.006035,4.0,0.265,-0.003177549265092239,0.1301428120583296,-0.0023933605989441276,5.052792526782923e-06,1.4359565781774108e-06,185039.58800000002,1.0,184117.871296875,1.6541547093681192e-06,632.2247083816839,4800.0,1.0,,294,,,,,,,,
5.332785874001274,0.003591136808972806,0.034472656343132256,0.0,0.0,0.0059875,4.0,0.26249999999999996,-0.0028045786428265275,0.13103503696620464,-0.002020487654954195,9.724972400704246e-07,7.673982381106725e-07,185019.02,1.0,183934.105359375,1.6541547093681192e-06,588.1692299725812,4800.0,1.0,,295,,,,,,,,
5.306061588002194,0.005311806728423107,0.04150390652939677,0.0,0.0,0.005940000000000001,4.0,0.26,-0.0030217918567359446,0.13400855455547572,-0.00222630052594468,1.0871995385741684e-06,8.208892325001216e-07,185077.94900000002,1.0,184261.64459374998,1.6541547093681192e-06,583.7473265790137,4800.0,1.0,,296,,,,,,,,
5.425197674001538,0.002650581888156012,0.027441406343132257,0.0,0.0,0.0058925,4.0,0.25749999999999995,-0.0020264653750928117,0.13336915392428636,-0.001241429499350488,1.7612510944786664e-06,1.3321231236318453e-06,185133.14800000002,1.0,184147.929890625,1.6541547093681192e-06,692.2674446734864,4800.0,1.0,,297,,,,,,,,
5.372606213000836,0.003241019052802585,0.031396484561264516,0.0,0.0,0.005845000000000001,4.0,0.255,0.001410585263511166,0.13813349176198245,0.0022170833311975003,1.8932632428914075e-06,1.406245591795141e-06,185114.185,1.0,184155.87970312499,1.6541547093681192e-06,725.5641697110351,4800.0,1.0,,298,,,,,,,,
5.457149148001918,0.0031083656125701965,0.02929687510477379,0.0,0.0,0.005797500000000001,4.0,0.25249999999999995,0.0002844321701559238,0.13176693301647902,0.0010472923517227174,3.2563948039410207e-06,1.466242774483817e-06,185079.75,1.0,184108.250046875,1.6541547093681192e-06,607.0225508786069,4800.0,1.0,,299,,,,,,,,
5.3193457089982985,0.0021803350857226176,0.017757161543704568,0.0,0.0,0.005750000000000002,4.0,0.25,-0.003013807088427711,0.1320454493165016,-0.0022557118558324874,4.399005115374166e-06,1.451818594944143e-06,185148.57200000001,1.0,184289.42071874999,1.6541547093681192e-06,653.6643378893298,4800.0,1.0,,300,185193.21600000001,185076.00800000003,185057.067,70000042,184148.9743,best_of_k,185076.00800000003,491.29061630126694
5.339644854000653,0.0031339734996436164,0.033919270848855376,0.0,0.0,0.005702500000000001,4.0,0.24750000000000005,-0.001931111910380423,0.13040170930325984,-0.001190166489686817,1.6113110919491192e-05,2.1188490308077236e-06,185141.624,1.0,184168.64135937497,1.6541547093681192e-06,535.6592085227295,4800.0,1.0,,301,,,,,,,,
5.436245480999787,0.0035664310620632023,0.039827474020421506,0.0,0.0,0.005655,4.0,0.245,0.00136330456007272,0.13478104993700982,0.0021226446144282816,1.5699003529334733e-05,2.553657765247408e-06,185113.83700000003,1.0,184307.72023437498,1.6541547093681192e-06,631.6761712866098,4800.0,1.0,,302,,,,,,,,
5.2648849220022385,0.0036845807524514386,0.0363769531599246,0.0,0.0,0.005607500000000001,4.0,0.24250000000000005,4.256771499058232e-05,0.1369470439851284,0.0008098583726678044,2.0601176629497788e-06,8.6747369891782e-07,185089.278,1.0,184199.997875,1.6541547093681192e-06,558.5986036021689,4800.0,1.0,,303,,,,,,,,
5.358169901999645,0.0014281850271800067,0.010807291697710752,0.0,0.0,0.005560000000000001,4.0,0.24,-0.0029765135812340306,0.13651970587670803,-0.0022180337458848954,1.0890744974290101e-06,9.220173510016139e-07,185157.57199999996,1.0,184298.117734375,1.6541547093681192e-06,719.5225575383142,4800.0,1.0,,304,,,,,,,,
5.250610048999079,0.001917436980875209,0.019580078194849193,0.0,0.0,0.005512500000000002,4.0,0.23750000000000004,-0.00230746746819932,0.13352773021906614,-0.0015719319460913538,1.3897728251777154e-06,7.955232362633069e-07,185120.10499999998,1.0,184215.1789375,1.6541547093681192e-06,640.7833292148638,4800.0,1.0,,305,,,,,,,,
5.306669773999602,0.002843305020360276,0.02814127616584301,0.0,0.0,0.005465000000000001,4.0,0.235,-0.0019237335887737571,0.13537858258932828,-0.0011852480354718864,5.931163488526181e-06,1.5302294812613582e-06,185046.756,1.0,184188.55756249998,1.6541547093681192e-06,706.0854211021673,4800.0,1.0,,306,,,,,,,,
5.3474785319995135,0.003601514914771542,0.03943684911355376,0.0,0.0,0.005417500000000002,4.0,0.23250000000000004,-0.0017947890737559646,0.13282622639089822,-0.0010865184478461743,7.53567085268969e-05,7.559722587302531e-06,185157.317,1.0,184258.3770625,1.6541547093681192e-06,639.3996133531691,4800.0,1.0,,307,,,,,,,,
5.294062042001315,0.003999710560310632,0.0319010418606922,0.0,0.0,0.00537,4.0,0.22999999999999998,-0.006124412280041724,0.13340173549950124,-0.005412795580923557,3.114625272360172e-05,3.2705984239100873e-06,185119.6,1.0,184168.2365625,1.6541547093681192e-06,672.3027270485414,4800.0,1.0,,308,,,,,,,,
5.316696959998808,0.0019042635307414458,0.020003255282063037,0.0,0.0,0.005322500000000001,4.0,0.22750000000000004,-0.0015732445055618883,0.12760019358247518,-0.0008947847411036492,2.824857047301066e-06,8.190196467694477e-07,185165.08800000005,1.0,184477.47184375,1.6541547093681192e-06,519.3618839619523,4800.0,1.0,,309,,,,,,,,
5.280671652002638,0.0024917783390264957,0.026839192770421506,0.0,0.0,0.005275,4.0,0.22499999999999998,-0.0002399846795015037,0.12903866469860076,0.00044010933488607406,1.0201830860978588e-06,9.680863072958346e-07,185145.856,1.0,184321.21403124998,1.6541547093681192e-06,702.3197012097232,4800.0,1.0,,310,,,,,,,,
5.324705372000608,0.004429202064056881,0.03380533866584301,0.0,0.0,0.005227500000000001,4.0,0.22250000000000003,0.002536037826212123,0.12336011305451393,0.0031803958700038493,8.697419431769049e-07,8.402050426070673e-07,185164.06,1.0,184337.919203125,1.6541547093681192e-06,636.1297063057385,4800.0,1.0,,311,,,,,,,,
5.289263940998353,0.004446893694694154,0.03497721366584301,0.0,0.0,0.005180000000000001,4.0,0.21999999999999997,0.002258483599871397,0.11472501493990421,0.0028523294255137443,7.323989265728415e-07,7.131491159384496e-07,185172.225,1.0,184434.81246875002,1.6541547093681192e-06,560.4672949494907,4800.0,1.0,,312,,,,,,,,
5.2975952140004665,0.0064294392621377485,0.044222005270421506,0.0,0.0,0.005132500000000002,4.0,0.21750000000000003,-0.004149898211471737,0.11127935107797385,-0.003579255618387833,1.5158199460074684e-06,6.948362795355933e-07,185118.24,1.0,184451.45920312498,1.6541547093681192e-06,547.9710013173673,4800.0,1.0,,313,,,,,,,,
5.2448194440003135,0.0032493578270077705,0.037451171875,0.0,0.0,0.005085000000000001,4.0,0.21499999999999997,0.0027728167129680513,0.10930359568446875,0.003327934688422829,1.2057223628403335e-06,1.1401787546105878e-06,185143.212,1.0,184264.58234375,1.6541547093681192e-06,635.7954275718392,4800.0,1.0,,314,,,,,,,,
5.300755870997818,0.002505567256594077,0.029052734444849192,0.0,0.0,0.005037500000000002,4.0,0.21250000000000002,-0.0017994031280977652,0.10720142349600792,-0.0012597959022969008,8.754766966490024e-07,6.6382013983457e-07,185160.80000000002,1.0,184232.2175,1.6541547093681192e-06,560.0500501838533,4800.0,1.0,,315,,,,,,,,
5.250817256001028,0.0041607600898714734,0.03199869804084301,0.0,0.0,0.00499,4.0,0.20999999999999996,0.004643311846302822,0.10623772758990527,0.005173058202490211,6.72873956375497e-07,6.253836602354567e-07,185154.70799999998,1.0,184556.80946875003,1.6541547093681192e-06,542.3434894239937,4800.0,1.0,,316,,,,,,,,
5.274781763000647,0.008623143786098807,0.05315755219198763,0.0,0.0,0.004942500000000001,4.0,0.20750000000000002,-0.0008083151944447309,0.10637924317270517,-0.0002829567762091756,6.643973762265887e-07,7.084339586072019e-07,185148.536,1.0,184250.205015625,1.6541547093681192e-06,586.2406439701593,4800.0,1.0,,317,,,,,,,,
5.3564934599999106,0.0029271154664456843,0.02750651054084301,0.0,0.0,0.004895,4.0,0.20499999999999996,0.0001739909188472666,0.10387079659849405,0.0006821152521297336,5.068991058010397e-07,5.456175415474718e-07,185158.84799999997,1.0,184588.105046875,1.6541547093681192e-06,473.0810727512934,4800.0,1.0,,318,,,,,,,,
5.302623705003498,0.0024366379395360125,0.025911458395421506,0.0,0.0,0.004847500000000001,4.0,0.2025,-0.004429325751698343,0.10289855860173702,-0.003930849512107671,5.152333166336121e-07,5.472324026811748e-07,185166.756,1.0,184780.838515625,1.6541547093681192e-06,523.015741848774,4800.0,1.0,,319,,,,,,,,
5.299553417000425,0.002899497587350197,0.03500976569484919,0.0,0.0,0.0048000000000000004,4.0,0.19999999999999996,-0.003665754373650998,0.09810415431857109,-0.0031952348770573737,6.045474520988137e-07,6.393000717253017e-07,185171.00199999998,1.0,184565.6029375,1.6541547093681192e-06,592.9969771486745,4800.0,1.0,,320,185193.21600000001,185162.86800000002,185089.282,70000042,184638.35789999997,best_of_k,185162.86800000002,578.4943953783484
5.2937636009992275,0.0027091455209301784,0.029541015764698385,0.0,0.0,0.0047525000000000015,4.0,0.1975,-0.0024000612873351203,0.09558181092143059,-0.0019461204879917204,5.048493278536626e-07,5.218306945664608e-07,185170.372,1.0,184677.767359375,1.6541547093681192e-06,509.0208281186922,4800.0,1.0,,321,,,,,,,,
5.450724616999651,0.003382444873568602,0.03540039081126452,0.0,0.0,0.004704999999999999,4.0,0.19499999999999995,-0.001347265369258821,0.09313312247395515,-0.0009093886939808727,4.831608229949325e-07,5.325194841532266e-07,185165.572,1.0,184757.646078125,1.6541547093681192e-06,476.13334663464747,4800.0,1.0,,322,,,,,,,,
5.282315791002475,0.0027500738040544094,0.02848307304084301,0.0,0.0,0.0046575,4.0,0.1925,-0.00231088470609393,0.0939297853037715,-0.0018737899779807776,5.841555037022772e-07,6.500362317751751e-07,185162.60799999998,1.0,184642.058453125,1.6541547093681192e-06,613.1655809781613,4800.0,1.0,,323,,,,,,,,
5.372753272000409,0.0018393254242255353,0.019140625069849194,0.0,0.0,0.0046099999999999995,4.0,0.18999999999999995,0.002445753419306129,0.08777962923049927,0.0028501956956461074,3.233455807105656e-07,3.786191818733187e-07,185157.43200000003,1.0,184814.79890624998,1.6541547093681192e-06,336.4860474944848,4800.0,1.0,,324,,,,,,,,
5.2787332120024075,0.002779591968283057,0.034179687639698385,0.0,0.0,0.004562500000000001,4.0,0.1875,-0.0009490147298492957,0.084749685972929,-0.0005626692727673799,5.436060355634708e-07,5.410528736149445e-07,185164.4,1.0,184702.539625,1.6541547093681192e-06,482.61304443355147,4800.0,1.0,,325,,,,,,,,
5.29422079899814,0.0020153104080236515,0.023046875093132257,0.0,0.0,0.004515000000000002,4.0,0.18500000000000005,-0.00166444300848525,0.08430085554718972,-0.0012843416654504836,8.215384809773241e-07,8.697196989260192e-07,185193.93600000002,1.0,184851.014578125,1.6541547093681192e-06,379.71551358566046,4800.0,1.0,,326,,,,,,,,
5.249886177000008,0.0033124576439149678,0.029833984468132256,0.0,0.0,0.004467500000000001,4.0,0.1825,0.00023835853498894722,0.08693222552537919,0.0006261390633881092,9.767356957013362e-07,9.821425607015043e-07,185167.95200000002,1.0,184732.453328125,1.6541547093681192e-06,654.3225556756961,4800.0,1.0,,327,,,,,,,,
5.26221537800302,0.0034343155959504655,0.03528645838377997,0.0,0.0,0.004420000000000002,4.0,0.18000000000000005,-0.001526357771945186,0.08754618521779775,-0.0011396259535104037,3.652184425106952e-07,3.7233315737239535e-07,185177.49199999997,1.0,184937.565921875,1.6541547093681192e-06,364.89790350098707,4800.0,1.0,,328,,,,,,,,
5.2529619699998875,0.003468409669585526,0.03844401042442769,0.0,0.0,0.004372500000000001,4.0,0.1775,-0.0014504214108455927,0.0862692529335618,-0.0010736866155639292,8.301145612676919e-07,7.887001473250166e-07,185187.412,1.0,184671.342015625,1.6541547093681192e-06,518.9711480691716,4800.0,1.0,,329,,,,,,,,
5.316821725999034,0.0027002767048543317,0.032535807322710754,0.0,0.0,0.0043250000000000025,4.0,0.17500000000000004,-0.0018807276523148176,0.08601712305098771,-0.0015090669970959426,6.013247642044917e-07,6.070062639196294e-07,185164.58000000002,1.0,184766.9883125,1.6541547093681192e-06,479.24959440400613,4800.0,1.0,,330,,,,,,,,
5.2728919530018175,0.00304567416314967,0.02696940107271075,0.0,0.0,0.0042775,4.0,0.1725,0.0005071466031949968,0.08720792829990387,0.0008798693888820708,4.965603281448239e-07,5.190025930801312e-07,185174.648,1.0,184692.083203125,1.6541547093681192e-06,471.6813467427294,4800.0,1.0,,331,,,,,,,,
5.2982298559982155,0.0018529575594584458,0.02477213548263535,0.0,0.0,0.004230000000000001,4.0,0.17000000000000004,-0.0011583326326217503,0.08932896051555872,-0.0007807632151525468,5.282757676638994e-07,4.786914139742748e-07,185174.61200000002,1.0,184796.943859375,1.6541547093681192e-06,462.08923108407623,4800.0,1.0,,332,,,,,,,,
5.216293082001357,0.0024364650293136948,0.027392578206490725,0.0,0.0,0.004182500000000002,4.0,0.16749999999999998,0.000924361620855052,0.086387487500906,0.0012852785177528859,7.235503900915318e-07,6.531721794544865e-07,185173.136,1.0,184732.170546875,1.6541547093681192e-06,568.5319697729445,4800.0,1.0,,333,,,,,,,,
5.3251398350003,0.00249259659613017,0.023583984398283065,0.0,0.0,0.004135,4.0,0.16500000000000004,-0.0026118726760614662,0.09007807169109583,-0.0022397419321350752,5.607264682794266e-07,5.71900638135503e-07,185094.347,1.0,184618.552671875,1.6541547093681192e-06,505.0101703539984,4800.0,1.0,,334,,,,,,,,
5.416625359001046,0.004466159053845331,0.030110677191987633,0.0,0.0,0.004087500000000001,4.0,0.16249999999999998,0.001493756429408677,0.09056940376758575,0.0018636440741829573,5.818602666352035e-07,5.143586982114811e-07,185138.61699999997,1.0,184667.89559375,1.6541547093681192e-06,498.00629731387204,4800.0,1.0,,335,,,,,,,,
5.372280592000607,0.001935899248928763,0.02111002606106922,0.0,0.0,0.004040000000000002,4.0,0.16000000000000003,0.0005597327020950615,0.0905249584466219,0.0009251318406313658,5.106795661902197e-07,5.404078244453104e-07,185151.124,1.0,184645.827859375,1.6541547093681192e-06,468.9594035745154,4800.0,1.0,,336,,,,,,,,
5.383524575998308,0.0023120201512938365,0.028255208337213844,0.0,0.0,0.0039924999999999995,4.0,0.15749999999999997,0.003722185210790485,0.08952234275639057,0.004078421159647405,2.4343804611248744e-06,1.8762840639396927e-06,185158.65600000002,1.0,184715.86807812497,1.6541547093681192e-06,499.20467000705315,4800.0,1.0,,337,,,,,,,,
5.371393179000734,0.0024588304659118876,0.027278645930346103,0.0,0.0,0.003945000000000001,4.0,0.15500000000000003,-0.0029478590658982284,0.08838046751916409,-0.0025995980948209764,8.999499826245483e-07,6.206411768516773e-07,185170.64800000002,1.0,184746.081484375,1.6541547093681192e-06,513.6885356274669,4800.0,1.0,,338,,,,,,,,
5.441968947998248,0.0019013010663911701,0.02067057298263535,0.0,0.0,0.0038975000000000017,4.0,0.15249999999999997,0.0012509235530160367,0.08748177662491799,0.0015915736090391873,5.51898320111377e-07,5.10072202075662e-07,185168.80000000002,1.0,184747.568484375,1.6541547093681192e-06,502.45089241272797,4800.0,1.0,,339,,,,,,,,
5.381285504998232,0.0025006829149788246,0.026090494869276882,0.0,0.0,0.0038500000000000027,4.0,0.15000000000000002,-0.001752061882871203,0.08627865966409445,-0.001420160522684455,4.235957462128681e-07,4.5826171799490114e-07,185168.72,1.0,184756.69506250002,1.6541547093681192e-06,449.8144240746306,4800.0,1.0,,340,185193.93600000002,185167.27600000004,185069.09799999997,70000042,184737.3231,best_of_k,185167.27600000004,378.2310001886353
5.459591848997661,0.006034423114033416,0.04095052094198763,0.0,0.0,0.0038025000000000003,4.0,0.14749999999999996,-0.0010344263442675582,0.08294378872960806,-0.0007192273857071996,2.9526070761676236e-07,3.3166321387057e-07,185152.312,1.0,184824.28123437503,1.6541547093681192e-06,307.7238232870997,4800.0,1.0,,341,,,,,,,,
5.498320457001682,0.0023142172809457406,0.018310546898283063,0.0,0.0,0.0037550000000000014,4.0,0.14500000000000002,0.0008860492001986131,0.08230242971330881,0.0011947349412366748,6.206720478019178e-07,5.954459240342658e-07,185145.776,1.0,184693.86326562497,1.6541547093681192e-06,556.8548200775278,4800.0,1.0,,342,,,,,,,,
5.451994871000352,0.00324606012145523,0.03142903656698763,0.0,0.0,0.003707499999999999,4.0,0.14249999999999996,0.0043101018120069055,0.08549192659556866,0.004626762121915817,5.386853693778449e-07,4.942002711061378e-07,185171.65999999997,1.0,184788.74346875,1.6541547093681192e-06,439.53917534074094,4800.0,1.0,,343,,,,,,,,
5.557036041998799,0.0020977597188903017,0.023763020941987633,0.0,0.0,0.00366,4.0,0.14,-0.004162138604442589,0.08477119076997042,-0.003852077410556376,3.285377246697863e-07,3.3727649579873286e-07,185163.776,1.0,184845.379359375,1.6541547093681192e-06,328.1968060602311,4800.0,1.0,,344,,,,,,,,
5.4027066659982665,0.0018199529615230859,0.019384765671566127,0.0,0.0,0.003612500000000001,4.0,0.13749999999999996,-0.005252130975713953,0.08207458946853877,-0.004955809284001589,2.927867292612518e-07,2.865158041487348e-07,185150.30000000002,1.0,184819.99453124998,1.6541547093681192e-06,266.0020459258115,4800.0,1.0,,345,,,,,,,,
5.484091205002187,0.0019251056481152772,0.018522135459352284,0.0,0.0,0.003565000000000002,4.0,0.135,0.0018934650346636773,0.08001421671360731,0.002178426063619554,4.933465170608997e-07,4.810747725514375e-07,185103.76,1.0,184661.62179687497,1.6541547093681192e-06,487.29778255081413,4800.0,1.0,,346,,,,,,,,
5.316175921001559,0.002282598437159322,0.02351888029370457,0.0,0.0,0.0035175,4.0,0.13249999999999995,0.0009007823711726815,0.07920536659657955,0.001179165008943528,3.463578472917561e-07,3.7570165787315093e-07,185117.47600000002,1.0,184772.67539062497,1.6541547093681192e-06,380.9389359914165,4800.0,1.0,,347,,,,,,,,
5.468258835000597,0.0025985272135585547,0.01845703125,0.0,0.0,0.003470000000000001,4.0,0.13,0.0007919081224827095,0.07864640131592751,0.0010646076523698866,3.097406981567019e-07,3.4443763965441574e-07,185166.692,1.0,184820.58328125,1.6541547093681192e-06,352.21025796157153,4800.0,1.0,,348,,,,,,,,
5.317019503996562,0.0019230424979468808,0.020035807369276883,0.0,0.0,0.0034224999999999985,4.0,0.12749999999999995,-0.004389367025578394,0.08058860264718533,-0.0041137983091175554,3.818852512438298e-07,4.150874723052311e-07,185164.456,1.0,184868.57171875,1.6541547093681192e-06,411.99849795537375,4800.0,1.0,,349,,,,,,,,
5.3741134610027075,0.0026487431343412025,0.02669270858168602,0.0,0.0,0.0033749999999999995,4.0,0.125,0.00026502700056880714,0.07666525524109602,0.000523508177138865,4.2161911437688106e-07,4.4393591522862155e-07,185116.61300000004,1.0,184767.50496875,1.6541547093681192e-06,424.6048398411194,4800.0,1.0,,350,,,,,,,,
5.5169363470013195,0.0036067414068384094,0.03165690116584301,0.0,0.0,0.0033275000000000006,4.0,0.12250000000000005,-0.0023677259639953265,0.07732008751481771,-0.0021106613508891313,3.447806491863048e-07,3.66726585809829e-07,185171.108,1.0,184808.531625,1.6541547093681192e-06,368.04637185692616,4800.0,1.0,,351,,,,,,,,
5.277229504001298,0.0023986629792489113,0.025227864750195294,0.0,0.0,0.0032800000000000017,4.0,0.12,-0.004288255775463767,0.0779340237379074,-0.004032874014228582,3.856887012432253e-07,4.057019523884264e-07,185136.87700000004,1.0,184788.35001562498,1.6541547093681192e-06,426.18401911023295,4800.0,1.0,,352,,,,,,,,
5.270474863002164,0.001939085686171893,0.022607421875,0.0,0.0,0.0032325000000000027,4.0,0.11750000000000005,-0.001560868727392517,0.07968906043097376,-0.0013034582370892167,2.8099664390879297e-07,3.1378869138620755e-07,185177.03199999998,1.0,184856.0496875,1.6541547093681192e-06,309.31523105759993,4800.0,1.0,,353,,,,,,,,
5.379857530002482,0.0019872841898177286,0.018636067770421504,0.0,0.0,0.0031850000000000003,4.0,0.11499999999999999,0.0021225152129773052,0.0792254013940692,0.002374579734168947,4.190884759225355e-07,4.533510484350245e-07,185171.359,1.0,184825.27159375,1.6541547093681192e-06,449.0131448454759,4800.0,1.0,,354,,,,,,,,
5.400309930999356,0.001349837498855777,0.01575520836049691,0.0,0.0,0.0031375000000000014,4.0,0.11250000000000004,-0.0008011564495973289,0.0761448422446847,-0.0005625060759484768,3.997180023418423e-07,4.285626545197374e-07,185180.69600000003,1.0,184872.24456249998,1.6541547093681192e-06,384.32837542624867,4800.0,1.0,,355,,,,,,,,
5.277184305999981,0.003009313814982306,0.022216796898283063,0.0,0.0,0.003089999999999999,4.0,0.10999999999999999,-0.004680491751423687,0.07577505381777883,-0.004446642403490841,4.981544179827324e-07,4.909693664956194e-07,185152.66399999996,1.0,184916.67140624998,1.6541547093681192e-06,413.8054319557083,4800.0,1.0,,356,,,,,,,,
5.471648985003412,0.002170844847569242,0.025113932392559945,0.0,0.0,0.0030425,4.0,0.10750000000000004,0.00415338258499105,0.07795650791376829,0.004390321101527661,3.780120714225177e-07,4.118002493669337e-07,185198.40399999998,1.0,184844.500734375,1.6541547093681192e-06,431.52332476179583,4800.0,1.0,,357,,,,,,,,
5.306861557000957,0.0027567071752855553,0.02775065111927688,0.0,0.0,0.002995000000000001,4.0,0.10499999999999998,-0.004118358592677396,0.07496962212026119,-0.0038940172758884727,3.3255891338512813e-07,3.1890621343677594e-07,185175.084,1.0,184896.236078125,1.6541547093681192e-06,329.0480406313869,4800.0,1.0,,358,,,,,,,,
5.38519879100204,0.0015592990777804517,0.01202799481106922,0.0,0.0,0.002947500000000002,4.0,0.10250000000000004,-0.0001663188828388229,0.07487602392211556,5.402009992394596e-05,6.173646816876044e-07,5.934395687745564e-07,185185.969,1.0,184793.96196875,1.6541547093681192e-06,553.8168436241973,4800.0,1.0,,359,,,,,,,,
5.386575599997741,0.001553423487348482,0.016585286566987635,0.0,0.0,0.0029,4.0,0.09999999999999998,0.000880939094349742,0.07423254176974296,0.0010959845269098878,3.685444724510489e-07,3.844010791453911e-07,185167.36400000003,1.0,184882.485328125,1.6541547093681192e-06,402.3135204435602,4800.0,1.0,,360,185198.40399999998,185138.977,185028.243,70000042,184874.5762333333,best_of_k,185138.977,323.15838143874817
5.361895324000216,0.005268493974290323,0.03269856786355376,0.0,0.0,0.002852500000000001,4.0,0.09750000000000003,0.0015499268134590237,0.07558492347598075,0.0017653780756518244,2.425029997255024e-07,2.6035375526589634e-07,185197.712,1.0,184932.54521875,1.6541547093681192e-06,254.12574115666072,4800.0,1.0,,361,,,,,,,,
5.445801362002385,0.003052927626413293,0.028483072947710752,0.0,0.0,0.002805000000000002,4.0,0.09499999999999997,0.000624084085211507,0.07913675233721733,0.0008456741692498326,6.317737913263954e-07,6.50560964743363e-07,185128.70100000003,1.0,184760.71301562502,1.6541547093681192e-06,557.8381626173413,4800.0,1.0,,362,,,,,,,,
5.490915818998474,0.0033558848896063863,0.031103515764698386,0.0,0.0,0.002757500000000003,4.0,0.09250000000000003,0.00010753713722806424,0.07646732777357101,0.0003180141560733318,6.528315410037067e-07,6.322910721223707e-07,185094.638,1.0,184817.790296875,1.6541547093681192e-06,398.93430221880624,4800.0,1.0,,363,,,,,,,,
5.463207911998325,0.0024026950690313243,0.02545572929084301,0.0,0.0,0.0027100000000000006,4.0,0.08999999999999997,-0.004322139203577535,0.0790199663490057,-0.0041081602685153484,2.923768029461371e-07,2.719168918474679e-07,185177.928,1.0,184938.8209375,1.6541547093681192e-06,287.25480914359736,4800.0,1.0,,364,,,,,,,,
5.409823335998226,0.0015713995046098717,0.013948567758779973,0.0,0.0,0.0026625000000000017,4.0,0.08750000000000002,-0.002222544180403929,0.08052753321826459,-0.0020084863994270564,5.788075895907241e-07,5.781012532679597e-07,185167.66000000003,1.0,184754.9854375,1.6541547093681192e-06,595.1297124495459,4800.0,1.0,,365,,,,,,,,
5.414997430998483,0.0013295490352902561,0.015999348973855375,0.0,0.0,0.0026149999999999993,4.0,0.08499999999999996,0.0024978626519441605,0.07684561759233474,0.002698647393845022,2.490757630368989e-07,2.8338430269059245e-07,185147.396,1.0,184896.56493750002,1.6541547093681192e-06,308.8665766778881,4800.0,1.0,,366,,,,,,,,
5.395527139000478,0.0016517449024831877,0.02021484379656613,0.0,0.0,0.0025675000000000003,4.0,0.08250000000000002,0.00039341679748758904,0.07821763567626476,0.0005940136965364218,3.5251792880330867e-07,3.8283457044485657e-07,185176.06399999998,1.0,184903.44135937502,1.6541547093681192e-06,439.61939451041343,4800.0,1.0,,367,,,,,,,,
5.534955938001076,0.002866376745441812,0.020930989645421505,0.0,0.0,0.0025200000000000014,4.0,0.07999999999999996,-0.002249272493645549,0.07731796186417342,-0.0020545421401038768,1.5599449021408418e-07,1.9138987035205445e-07,185177.765,1.0,185000.60254687502,1.6541547093681192e-06,148.37452886687345,4800.0,1.0,,368,,,,,,,,
5.405716568999196,0.001780046995554585,0.01616210942156613,0.0,0.0,0.0024725000000000025,4.0,0.07750000000000001,0.0006810881401179359,0.08091064170002937,0.0008807052698102779,7.105145186869777e-07,7.272299967553409e-07,185147.01600000003,1.0,184603.97542187502,1.6541547093681192e-06,676.9825244142854,4800.0,1.0,,369,,,,,,,,
5.393568863997643,0.002181549178203568,0.019840494799427687,0.0,0.0,0.002425,4.0,0.07499999999999996,-0.0016769943322287872,0.07779037356376647,-0.0014887326280586422,6.529328899773645e-07,6.288911151841603e-07,185169.30800000002,1.0,184704.752515625,1.6541547093681192e-06,622.5578283711179,4800.0,1.0,,370,,,,,,,,
5.449323142001958,0.0023669792179134676,0.02452799491584301,0.0,0.0,0.002377500000000001,4.0,0.07250000000000001,-0.003501919738482684,0.07531686332076788,-0.0033231322304345667,4.297072017322989e-07,4.708852166857014e-07,185159.37699999998,1.0,184844.58301562502,1.6541547093681192e-06,418.30586245635794,4800.0,1.0,,371,,,,,,,,
5.42132561699691,0.0010352976503781974,0.012597656296566128,0.0,0.0,0.0023299999999999987,4.0,0.06999999999999995,0.0008618727559223771,0.07499711904674769,0.0010362036526203155,6.510760648836822e-07,6.94661876821101e-07,185159.14800000002,1.0,184780.445,1.6541547093681192e-06,416.9767609537727,4800.0,1.0,,372,,,,,,,,
5.478095933001896,0.0015327788627473638,0.017154948005918415,0.0,0.0,0.0022825,4.0,0.0675,-0.0021949544810922817,0.07573434021323919,-0.00202228887937963,3.2063902253298695e-07,3.319939260393312e-07,185112.909,1.0,184809.33515625,1.6541547093681192e-06,355.5684353759005,4800.0,1.0,,373,,,,,,,,
5.432284868002171,0.0009641054042731412,0.009082031296566128,0.0,0.0,0.002235000000000001,4.0,0.06499999999999995,-0.00039207158843055365,0.0758157866075635,-0.00022277581738308072,2.2784914470719287e-07,2.596707840751833e-07,185162.64800000002,1.0,184911.92025,1.6541547093681192e-06,281.9146361003534,4800.0,1.0,,374,,,,,,,,
5.4466575759979605,0.001928988234431017,0.025504557439126073,0.0,0.0,0.002187500000000002,4.0,0.0625,-0.001357471285155043,0.07371595734730363,-0.0011964449775405228,3.258146456630584e-07,3.8918717137903514e-07,185156.952,1.0,184856.34479687503,1.6541547093681192e-06,384.8581801984521,4800.0,1.0,,375,,,,,,,,
5.365118969002651,0.0013272829994093627,0.01456705735763535,0.0,0.0,0.002140000000000003,4.0,0.06000000000000005,0.0023478025890653954,0.07278513107448817,0.002503352181520313,3.407653618836548e-07,3.5318231041969737e-07,185142.64899999998,1.0,184843.26209374997,1.6541547093681192e-06,346.1720479335271,4800.0,1.0,,376,,,,,,,,
5.566632116999244,0.0016587872902164235,0.02348632817156613,0.0,0.0,0.0020925000000000006,4.0,0.057499999999999996,-0.003362628381000832,0.07173175420612096,-0.003212708584032953,2.7180908901414114e-07,3.0414699985215067e-07,185114.812,1.0,184886.71975000002,1.6541547093681192e-06,348.8278431611596,4800.0,1.0,,377,,,,,,,,
5.3983120000011695,0.0016681898181559519,0.020198567770421505,0.0,0.0,0.0020450000000000017,4.0,0.05500000000000005,-0.003710007734480314,0.07232211511582136,-0.003562279371544719,2.5560289493853363e-07,2.8969421634883473e-07,185136.62300000002,1.0,184830.699359375,1.6541547093681192e-06,341.7489952902451,4800.0,1.0,,378,,,,,,,,
5.497711861000425,0.0016545542006497272,0.017431640741415323,0.0,0.0,0.0019974999999999993,4.0,0.05249999999999999,-0.0025277604872826487,0.07204531021416187,-0.0023839846719056366,1.93108555279764e-07,2.3136415450153436e-07,185147.47600000002,1.0,184911.15293749998,1.6541547093681192e-06,262.23918720510903,4800.0,1.0,,379,,,,,,,,
5.437514034998458,0.0006743132471456192,0.005989583348855377,0.0,0.0,0.0019500000000000003,4.0,0.050000000000000044,0.0034638858211110345,0.07147396048530937,0.0036030995775945484,2.3634498944602455e-07,2.741082671064987e-07,185194.93999999997,1.0,184919.110265625,1.6541547093681192e-06,325.0148193753625,4800.0,1.0,,380,185198.40399999998,185130.736,185044.80700000003,70000042,184931.72389999995,best_of_k,185130.736,253.53557503873688
5.403155291998701,0.0007710590718488675,0.0069498698110692205,0.0,0.0,0.0019025000000000014,4.0,0.04749999999999999,-0.005550648464122787,0.06909686783328653,-0.005419379472732544,2.7448918267225507e-07,3.1989622399919427e-07,185138.308,1.0,184912.894265625,1.6541547093681192e-06,352.83630048983173,4800.0,1.0,,381,,,,,,,,
5.4399985000018205,0.001818970445310697,0.019042968773283063,0.0,0.0,0.0018550000000000025,4.0,0.04500000000000004,-0.0068549807649105786,0.06774000944569707,-0.00672943212557584,1.4911728136723922e-07,1.8734051288049614e-07,185174.45600000003,1.0,184997.740015625,1.6541547093681192e-06,130.13701767986888,4800.0,1.0,,382,,,,,,,,
5.5199337730009574,0.0011122251547931229,0.011572265671566129,0.0,0.0,0.0018075,4.0,0.04249999999999998,-0.0023329536439632647,0.06741250921040773,-0.002211299550253898,2.959862250406786e-07,3.2911628125020795e-07,185163.54400000002,1.0,184875.428625,1.6541547093681192e-06,376.9256960706261,4800.0,1.0,,383,,,,,,,,
5.575976801999786,0.0012851777762989513,0.01707356774713844,0.0,0.0,0.0017600000000000011,4.0,0.040000000000000036,0.0019931467482820152,0.06810784609988332,0.0021127874962985514,3.552185958710652e-07,3.8767335226452814e-07,185152.024,1.0,184848.413578125,1.6541547093681192e-06,450.1021536717323,4800.0,1.0,,384,,,,,,,,
5.432585809001466,0.0019554007492843086,0.02786458352347836,0.0,0.0,0.0017124999999999987,4.0,0.03749999999999998,-0.00026711371028795836,0.06840719915926456,-0.0001501859980635345,3.3406351604980957e-07,3.719689047443353e-07,185096.674,1.0,184963.547921875,1.6541547093681192e-06,260.34708715369965,4800.0,1.0,,385,,,,,,,,
5.442632163998496,0.001725374144007219,0.016829427110496908,0.0,0.0,0.0016649999999999998,4.0,0.03500000000000003,-0.002337332008937665,0.06643139943480492,-0.0022268966771662236,2.6965394290812127e-07,2.916796113083819e-07,185166.53200000004,1.0,184896.97178124997,1.6541547093681192e-06,307.69705885083215,4800.0,1.0,,386,,,,,,,,
5.405573130999983,0.001567993767093867,0.01354166674427688,0.0,0.0,0.0016175000000000009,4.0,0.03249999999999997,0.00026882734382525084,0.06569222370162606,0.00037491414695978165,2.410033175692661e-07,2.917351661579914e-07,185139.41700000002,1.0,184909.75578125002,1.6541547093681192e-06,323.3110850601391,4800.0,1.0,,387,,,,,,,,
5.387194118997286,0.0013617673015687616,0.01586914067156613,0.0,0.0,0.001570000000000002,4.0,0.030000000000000027,-0.0015581524377921597,0.06522409971803426,-0.001455855742096901,1.5766377412518295e-07,1.7882660152679364e-07,185148.96500000003,1.0,184978.23746874998,1.6541547093681192e-06,166.09561091366115,4800.0,1.0,,388,,,,,,,,
5.602926480998576,0.0009214561247063102,0.007861328136641532,0.0,0.0,0.0015224999999999995,4.0,0.02749999999999997,-0.0001143064655479975,0.06474296888336539,-1.59022631123662e-05,2.574582515180168e-07,2.8232625481905416e-07,185173.46,1.0,184959.88273437502,1.6541547093681192e-06,326.6959220525888,4800.0,1.0,,389,,,,,,,,
5.440920625002036,0.001390149082726566,0.019873046886641533,0.0,0.0,0.0014750000000000006,4.0,0.025000000000000022,0.002369104340323247,0.06393011305481196,0.002463258453644812,2.0110221115032801e-07,2.448622073103479e-07,185133.3,1.0,184935.222015625,1.6541547093681192e-06,284.457873827378,4800.0,1.0,,390,,,,,,,,
5.419207353003003,0.0012729553964163642,0.016129557334352285,0.0,0.0,0.0014275000000000017,4.0,0.022499999999999964,0.0006283661030465737,0.06491019492968916,0.0007209378760308027,1.1063248432918726e-07,1.5329888576331995e-07,185167.30400000003,1.0,185010.547390625,1.6541547093681192e-06,85.74128550701411,4800.0,1.0,,391,,,,,,,,
5.372629844001494,0.00037624901815433984,0.0037923177122138442,0.0,0.0,0.0013800000000000028,4.0,0.020000000000000018,0.00456471494762809,0.06462920494377614,0.00465377775253728,1.771725003152369e-07,2.1548083175559896e-07,185166.00800000003,1.0,184953.917359375,1.6541547093681192e-06,272.3259636079153,4800.0,1.0,,392,,,,,,,,
5.432896373000403,0.00233386538529885,0.020540364645421506,0.0,0.0,0.0013325000000000004,4.0,0.01749999999999996,-0.003267535596387461,0.06716152764856816,-0.003178139519877732,1.391053352506333e-07,1.6542572218725126e-07,185180.128,1.0,185011.4543125,1.6541547093681192e-06,189.5199156976068,4800.0,1.0,,393,,,,,,,,
5.41723187700336,0.0013388035142270383,0.014046224008779973,0.0,0.0,0.0012850000000000014,4.0,0.015000000000000013,-0.005985658276767935,0.06650856118649244,-0.005900475646922132,4.4115867936511677e-07,4.7345934319764636e-07,185165.765,1.0,184899.93651562498,1.6541547093681192e-06,497.97956707962504,4800.0,1.0,,394,,,,,,,,
5.488463966001291,0.001302113477504463,0.01171875004656613,0.0,0.0,0.001237499999999999,4.0,0.012499999999999956,0.00029474881011992693,0.0648489162325859,0.0003748214163351804,2.7486166231938114e-07,3.01374293343315e-07,185150.90000000002,1.0,184942.925109375,1.6541547093681192e-06,361.2476858982634,4800.0,1.0,,395,,,,,,,,
5.479884837001009,0.001436745055616484,0.016682942770421504,0.0,0.0,0.00119,4.0,0.010000000000000009,-0.0016412072523962705,0.06722666937857866,-0.0015613988856785,3.0105338879593544e-07,3.2224470878361446e-07,185164.208,1.0,184982.16785937498,1.6541547093681192e-06,390.2827907197071,4800.0,1.0,,396,,,,,,,,
5.5242188180018275,0.001472857162298169,0.013655598985496908,0.0,0.0,0.0011425000000000012,4.0,0.007499999999999951,-0.00259475409402512,0.06727813296020031,-0.002517986367456615,1.4002228585496823e-07,1.660002524772608e-07,185174.68800000002,1.0,185018.63684375,1.6541547093681192e-06,185.92961899022652,4800.0,1.0,,397,,,,,,,,
5.375002666001819,0.0017740548595611473,0.01871744802920148,0.0,0.0,0.0010950000000000022,4.0,0.0050000000000000044,0.000104029371868819,0.06778447087854148,0.00017807186814025044,2.970009347791347e-07,3.0325401993991364e-07,185142.58800000002,1.0,184952.88171875,1.6541547093681192e-06,374.07486575857524,4800.0,1.0,,398,,,,,,,,
5.388885291002225,0.0022721738365362397,0.015299479244276881,0.0,0.0,0.0010474999999999998,4.0,0.0024999999999999467,-0.0015060524921864272,0.06604612804949284,-0.0014369515469297768,1.0876193687892055e-07,1.4354150401629795e-07,185165.94900000002,1.0,185025.84574999998,1.6541547093681192e-06,96.37612846843085,4800.0,1.0,,399,,,,,,,,
5.46587930700116,0.001249365898547694,0.011263020848855377,0.0,0.0,0.0010000000000000009,4.0,0.0,-0.0001029629019285494,0.06803676867857575,-3.534681163728237e-05,7.114955394627032e-07,6.98561210299431e-07,185169.37200000003,1.0,184716.44315625,1.6541547093681192e-06,676.1641080365396,4800.0,1.0,,400,185198.40399999998,185169.272,185071.136,70000042,184944.32196666664,best_of_k,185169.272,296.5715442041445
