elapsed_seconds,optimization_approximate_kl,optimization_clip_fraction,optimization_count_loss,optimization_early_kl_stop,optimization_entropy_coefficient,optimization_epochs_completed,optimization_learning_rate_fraction,optimization_loss,optimization_normalized_entropy,optimization_policy_loss,optimization_q_loss,optimization_value_loss,rollout_best_objective,rollout_feasible_rate,rollout_mean_objective,rollout_reward_scale,rollout_std_objective,rollout_transitions,rollout_vectorized_rollouts,self_imitation_loss,update,validation_archive_best_objective,validation_best_of_k_objective,validation_deterministic_objective,validation_fixed_validation_seed,validation_mean_stochastic_objective,validation_selection_metric,validation_selection_objective,validation_std_stochastic_objective
5.977023078001366,0.005762121210864279,0.041300455729166664,0.0,0.0,0.0199525,4.0,0.9975,-0.017494655854534358,0.7993608862161636,-0.002441591340660428,0.001509661077761848,0.001490435351721923,234562.4885,1.0,202309.57973046874,9.554170288443626e-07,15440.497102481115,5760.0,1.0,,1,234562.4885,234524.36625,169746.28350000002,70000042,204978.48415,best_of_k,234524.36625,16242.313163577035
5.278117122001277,0.005108504330564756,0.065185546875,0.0,0.0,0.019905,4.0,0.995,-0.02107811686194812,0.7925895812610785,-0.005380367239316304,0.00017233135652835094,0.00012302702998567838,237171.16099999996,1.0,206472.0396953125,9.554170288443626e-07,12843.264909789566,5760.0,1.0,,2,,,,,,,,
5.209863113999745,0.0056268927291966975,0.061360677083333336,0.0,0.0,0.0198575,4.0,0.9925,-0.024266568070743233,0.7848509090642134,-0.00873885944020003,0.0001281606400880264,8.930492231229437e-05,246170.04300000006,1.0,218807.080578125,9.554170288443626e-07,11887.899333446821,5760.0,1.0,,3,,,,,,,,
5.314762629001052,0.005354055552743375,0.057820638020833336,0.0,0.0,0.01981,4.0,0.99,-0.015497444100522747,0.7707259667416414,-0.00028096076372700435,0.00010410599907118012,8.237697193180793e-05,241920.74450000003,1.0,221812.381390625,9.554170288443626e-07,11885.603814027216,5760.0,1.0,,4,,,,,,,,
5.203273326998897,0.005797755174474635,0.07014973958333333,0.0,0.0,0.0197625,4.0,0.9875,-0.023643162741791457,0.7548202400406202,-0.00877879910209837,0.00010185567543885554,8.516988418705296e-05,253052.85975000003,1.0,227377.3824609375,9.554170288443626e-07,11570.222668057422,5760.0,1.0,,5,,,,,,,,
5.256899418000103,0.006575675865557666,0.060953776041666664,0.0,0.0,0.019715,4.0,0.985,-0.01948802233285581,0.7502883598208427,-0.004736541130114347,8.001679536088584e-05,6.490330580769903e-05,256614.8235,1.0,234407.85819921875,9.554170288443626e-07,9332.318341921655,5760.0,1.0,,6,,,,,,,,
5.322500687998399,0.005599485133037281,0.046061197916666664,0.0,0.0,0.0196675,4.0,0.9825,-0.021062687669958297,0.7437586784362793,-0.0064734128924707575,7.772753042445402e-05,6.165359839845526e-05,256091.2255,1.0,239461.6398828125,9.554170288443626e-07,8147.763627540925,5760.0,1.0,,7,,,,,,,,
5.350478191001457,0.004595920036081225,0.031941731770833336,0.0,0.0,0.019620000000000002,4.0,0.98,-0.021814521014069516,0.7291722359756628,-0.00754599158729737,7.145736829746359e-05,6.136722504379577e-05,262434.87525000004,1.0,239069.197578125,9.554170288443626e-07,8235.863957740723,5760.0,1.0,,8,,,,,,,,
5.177973244997702,0.0055743566432890175,0.045613606770833336,0.0,0.0,0.0195725,4.0,0.9775,-0.02239552219786371,0.7246654182672501,-0.008246566304781785,6.792258538249978e-05,5.553147783151265e-05,253304.82675,1.0,239770.58137499998,9.554170288443626e-07,6051.823903129052,5760.0,1.0,,9,,,,,,,,
5.198158054998203,0.004380299981373052,0.034505208333333336,0.0,0.0,0.019525,4.0,0.975,-0.019581394221556064,0.7284913025796413,-0.005394014966441318,6.863710564175562e-05,5.910054831777719e-05,260693.4115,1.0,240629.813625,9.554170288443626e-07,8893.6131685407,5760.0,1.0,,10,,,,,,,,
5.28710216699983,0.0055673315218882635,0.0477294921875,0.0,0.0,0.019477500000000002,4.0,0.9725,-0.02232302164581294,0.7248250146706899,-0.008238043636083603,6.068163171827715e-05,5.346534976524708e-05,261684.5775,1.0,245110.4481875,9.554170288443626e-07,8196.3625122682,5760.0,1.0,,11,,,,,,,,
5.218662215000222,0.005976057162721797,0.049845377604166664,0.0,0.0,0.01943,4.0,0.97,-0.02113638856098987,0.7128993098934492,-0.007315797595462452,6.077065844086368e-05,4.993228700792921e-05,255907.875,1.0,244413.17515625,9.554170288443626e-07,7503.0486668453905,5760.0,1.0,,12,,,,,,,,
5.239590027002123,0.005596200312235548,0.055989583333333336,0.0,0.0,0.0193825,4.0,0.9675,-0.020093814266147092,0.700623327245315,-0.006544283940456808,5.9220614123963365e-05,4.875775319608996e-05,260613.45875,1.0,247243.76686328126,9.554170288443626e-07,6560.633762550591,5760.0,1.0,,13,,,,,,,,
5.3416202400003385,0.005465431655466091,0.041829427083333336,0.0,0.0,0.019335,4.0,0.965,-0.015693416023471702,0.710567599783341,-0.0019841318329175315,5.964702654637222e-05,4.715068515300421e-05,262253.01024999993,1.0,247099.03033984377,9.554170288443626e-07,7542.989568035405,5760.0,1.0,,14,,,,,,,,
5.19714798899804,0.004468955051076288,0.040079752604166664,0.0,0.0,0.0192875,4.0,0.9625,-0.0163026991164467,0.7084652036428452,-0.0026625874646318457,4.973090608473285e-05,3.88767117177243e-05,262487.42549999995,1.0,248879.80355078127,9.554170288443626e-07,6886.411086120344,5760.0,1.0,,15,,,,,,,,
5.148482742999477,0.004508853288522611,0.03369140625,0.0,0.0,0.01924,4.0,0.96,-0.018803715841689456,0.7000362810989221,-0.005358539094838004,4.663265652501044e-05,3.7714670346152466e-05,267255.76725,1.0,248299.0307109375,9.554170288443626e-07,7959.316180168134,5760.0,1.0,,16,,,,,,,,
5.217713103000278,0.004449718207373128,0.035359700520833336,0.0,0.0,0.0191925,4.0,0.9575,-0.017720838494521256,0.6923162254194418,-0.004457224596990272,4.89791185221596e-05,3.7535277253179324e-05,263898.47274999996,1.0,250372.21944140625,9.554170288443626e-07,6918.343678182647,5760.0,1.0,,17,,,,,,,,
5.219643635999091,0.006250564176298212,0.060506184895833336,0.0,0.0,0.019145,4.0,0.955,-0.02009692682380167,0.7031281404197216,-0.006656669720541686,4.447117771633202e-05,3.336910962540666e-05,267090.19875,1.0,252092.34292578127,9.554170288443626e-07,6255.148851714232,5760.0,1.0,,18,,,,,,,,
5.220626717000414,0.005139105475488274,0.04833984375,0.0,0.0,0.0190975,4.0,0.9525,-0.020767471539632727,0.7069027709464232,-0.007288818858796731,4.26000731295062e-05,3.4324328377503356e-05,273317.66325,1.0,253565.46431640623,9.554170288443626e-07,6865.862209880854,5760.0,1.0,,19,,,,,,,,
5.174959406002017,0.005718202560577386,0.059366861979166664,0.0,0.0,0.01905,4.0,0.95,-0.021125915499093633,0.6972949355840683,-0.007862282082593689,4.329679563852551e-05,3.1011782728758895e-05,265636.33175,1.0,254880.56340625,9.554170288443626e-07,6451.89441189675,5760.0,1.0,,20,273317.66325,274207.919,257370.11100000003,70000042,257025.27724166668,best_of_k,274207.919,7623.171557112677
5.166109592999419,0.005574156079092063,0.07706705729166667,0.0,0.0,0.019002500000000002,4.0,0.9475,-0.02106551657197997,0.6927818283438683,-0.007924348222635066,4.1674783991159835e-05,3.850281886267718e-05,270642.08725,1.0,256864.7032734375,9.554170288443626e-07,6570.137953087373,5760.0,1.0,,21,,,,,,,,
5.18798249899919,0.003636188482535848,0.028279622395833332,0.0,0.0,0.018955,4.0,0.945,-0.019842000590870157,0.6895468781391779,-0.006790803832700476,3.832547122328833e-05,3.066208614654897e-05,275873.6825,1.0,259041.66268749998,9.554170288443626e-07,7327.094790455797,5760.0,1.0,,22,,,,,,,,
5.339566290000221,0.0047732632713935646,0.054768880208333336,0.0,0.0,0.0189075,4.0,0.9425,-0.021494188947447885,0.6919965247313181,-0.00842879763028274,3.840332063494619e-05,2.938541782289879e-05,274255.06225,1.0,260696.3108046875,9.554170288443626e-07,7777.414644399874,5760.0,1.0,,23,,,,,,,,
5.220879835000233,0.005146283479310417,0.048828125,0.0,0.0,0.018860000000000002,4.0,0.94,-0.017843924996365484,0.6743660581608614,-0.005140165313302229,2.9017730412306264e-05,2.3765298540941632e-05,273753.19,1.0,261339.17695703125,9.554170288443626e-07,5696.06686042431,5760.0,1.0,,24,,,,,,,,
5.191033668001182,0.006456563309863365,0.08028157552083333,0.0,0.0,0.0188125,4.0,0.9375,-0.020277928192323696,0.6766106064120928,-0.0075633580175538855,3.0097200995745272e-05,2.231497349688046e-05,279461.567,1.0,265340.22280859377,9.554170288443626e-07,5852.899199439216,5760.0,1.0,,25,,,,,,,,
5.157116551999934,0.004406272930888615,0.048421223958333336,0.0,0.0,0.018765,4.0,0.935,-0.02092136108937363,0.6736578506728014,-0.008294585607169816,2.7564586048356432e-05,2.3315630452695284e-05,281362.1514999999,1.0,268741.395421875,9.554170288443626e-07,5811.918122608137,5760.0,1.0,,26,,,,,,,,
5.154427330002363,0.0030913471758443243,0.03076171875,0.0,0.0,0.0187175,4.0,0.9325,-0.017659975109078612,0.6587072536349297,-0.005341320938896388,2.4770917320893204e-05,1.6442656260551303e-05,279535.58074999996,1.0,269684.75957421877,9.554170288443626e-07,4942.017043508412,5760.0,1.0,,27,,,,,,,,
5.259815631001402,0.004415757684910204,0.048177083333333336,0.0,0.0,0.01867,4.0,0.9299999999999999,-0.017209208618927125,0.639087650924921,-0.005292452386735628,2.2317518812542403e-05,2.555746861313916e-05,283089.539,1.0,271211.42497265624,9.554170288443626e-07,5939.157590440472,5760.0,1.0,,28,,,,,,,,
5.245678919000056,0.0032169993331384226,0.0286865234375,0.0,0.0,0.0186225,4.0,0.9275,-0.012848823729048794,0.6258444984753927,-0.0012045954548132916,1.982789619129714e-05,1.7157609022433462e-05,285958.63724999997,1.0,275572.71350781247,9.554170288443626e-07,4712.302110827517,5760.0,1.0,,29,,,,,,,,
5.220430661996943,0.004562506345488752,0.0556640625,0.0,0.0,0.018575,4.0,0.925,-0.01826262824276152,0.6213212236762047,-0.006729437251730512,1.6733867880702746e-05,1.2354507665198374e-05,283988.463,1.0,276159.40159375,9.554170288443626e-07,4543.564047237469,5760.0,1.0,,30,,,,,,,,
5.326776092002547,0.005518283306931456,0.0697021484375,0.0,0.0,0.018527500000000002,4.0,0.9225,-0.015383318561362103,0.6171301069358984,-0.00395881655276753,1.7996985623843404e-05,1.5153349541681868e-05,288172.59274999995,1.0,277170.9413359375,9.554170288443626e-07,4805.102732580631,5760.0,1.0,,31,,,,,,,,
5.19347254099921,0.004262226568243932,0.046915690104166664,0.0,0.0,0.01848,4.0,0.92,-0.010491147831392785,0.5956510727604231,0.0005075472484653195,1.3671113132810811e-05,1.5138105851519867e-05,286789.01099999994,1.0,278639.99733203126,9.554170288443626e-07,3756.150567721983,5760.0,1.0,,32,,,,,,,,
5.203606564999063,0.003181712764974994,0.02685546875,0.0,0.0,0.0184325,4.0,0.9175,-0.011118211385716373,0.5958972896138827,-0.00014338440572222075,1.3435615604369863e-05,1.5411375329676957e-05,287909.121,1.0,279871.8148945313,9.554170288443626e-07,4556.382545447227,5760.0,1.0,,33,,,,,,,,
5.219575138002256,0.0037718118886308125,0.0406494140625,0.0,0.0,0.018385,4.0,0.915,-0.012861181603511795,0.5871618228654066,-0.002073151486304899,1.3163555138362426e-05,1.1247476853289603e-05,288533.86374999996,1.0,281042.267515625,9.554170288443626e-07,3968.1605706664336,5760.0,1.0,,34,,,,,,,,
5.230370348999713,0.004049017892005698,0.0477294921875,0.0,0.0,0.0183375,4.0,0.9125,-0.013444400421576574,0.5724915862083435,-0.002954908307098473,1.0808949184593075e-05,1.4981037357604995e-05,287633.79925000004,1.0,281136.7793007812,9.554170288443626e-07,3633.963505324207,5760.0,1.0,,35,,,,,,,,
5.257351898002526,0.003968781483611868,0.043212890625,0.0,0.0,0.01829,4.0,0.91,-0.01000551069349361,0.5742553186913332,0.0004912856966257095,1.0284249583492056e-05,1.0610157327543371e-05,289371.343,1.0,282500.6413671875,9.554170288443626e-07,3377.211338243331,5760.0,1.0,,36,,,,,,,,
5.1670495990001655,0.004524339628308856,0.052815755208333336,0.0,0.0,0.018242500000000002,4.0,0.9075,-0.01286828964172552,0.5669599734246731,-0.0025324057205580175,9.474620166353512e-06,1.1871230943446184e-05,288430.782,1.0,283271.7351757813,9.554170288443626e-07,3173.155567189933,5760.0,1.0,,37,,,,,,,,
5.263223874000687,0.003928239978752875,0.041544596354166664,0.0,0.0,0.018195,4.0,0.905,-0.015360586548922583,0.5624566674232483,-0.005138243645584832,1.1208031897543455e-05,2.087071607093094e-05,290744.32599999994,1.0,283460.8415,9.554170288443626e-07,3996.083121822048,5760.0,1.0,,38,,,,,,,,
5.177220199999283,0.0035325078594420725,0.03076171875,0.0,0.0,0.0181475,4.0,0.9025,-0.015356407374686873,0.5572594019273917,-0.0052496089386598515,9.910145744621937e-06,1.0150921345560468e-05,291299.66,1.0,284273.1431992187,9.554170288443626e-07,3332.3302004547763,5760.0,1.0,,39,,,,,,,,
5.250882934000401,0.0025187715315648043,0.019083658854166668,0.0,0.0,0.0181,4.0,0.9,-0.01085555469035171,0.548643613855044,-0.0009297487946848074,9.562328832165198e-06,7.374262272226891e-06,291773.4465,1.0,284893.89575,9.554170288443626e-07,3272.471123933971,5760.0,1.0,,40,291773.4465,291465.31425,278591.14375000005,70000042,284711.8574833333,best_of_k,291465.31425,3838.1540084553235
5.277955142002611,0.0029035989161153943,0.031819661458333336,0.0,0.0,0.0180525,4.0,0.8975,-0.013420765191161385,0.5426499582827091,-0.003629589977208525,9.13341648356436e-06,8.198561365209875e-06,291574.6845,1.0,284805.74555078126,9.554170288443626e-07,2893.562175547769,5760.0,1.0,,41,,,,,,,,
5.213994682002522,0.003858841497276444,0.0411376953125,0.0,0.0,0.018005,4.0,0.895,-0.012552022225766754,0.5401192468901476,-0.0028353926803295812,6.957893513496553e-06,1.5043193921352819e-05,290499.4865,1.0,285552.604375,9.554170288443626e-07,2697.3406783434325,5760.0,1.0,,42,,,,,,,,
5.1891997560014715,0.0030674065831893436,0.0335693359375,0.0,0.0,0.0179575,4.0,0.8925,-0.012693253549514338,0.5314222307254871,-0.0031568246292105564,6.89248948522921e-06,1.1792823253623888e-05,291517.1365,1.0,285381.92001562496,9.554170288443626e-07,2805.5626889350106,5760.0,1.0,,43,,,,,,,,
5.148694268002146,0.004991862821043469,0.064453125,0.0,0.0,0.017910000000000002,4.0,0.89,-0.01230571783768634,0.5287007037550211,-0.0028407979649879658,7.108403167421784e-06,6.797496335290513e-06,291398.9359999999,1.0,285987.1749882812,9.554170288443626e-07,2713.3251155906228,5760.0,1.0,,44,,,,,,,,
5.270545064999169,0.0034065191939589567,0.038655598958333336,0.0,0.0,0.0178625,4.0,0.8875,-0.010445014098271107,0.5235139889021715,-0.0010979564782852929,8.495323678895753e-06,6.723162584876263e-06,293406.56700000004,1.0,286843.7233125,9.554170288443626e-07,2950.7110379433793,5760.0,1.0,,45,,,,,,,,
5.264478017001238,0.0050323330239431625,0.061767578125,0.0,0.0,0.017815,4.0,0.885,-0.007210792449768633,0.5215086502333482,0.002074820086515198,9.128818826790544e-06,8.301200476050022e-06,292929.76999999996,1.0,287831.8663398438,9.554170288443626e-07,2951.846124390906,5760.0,1.0,,46,,,,,,,,
5.269149398998707,0.003895018705710148,0.0438232421875,0.0,0.0,0.017767500000000002,4.0,0.8825000000000001,-0.00913016427269516,0.5164734541128079,4.060261805231372e-05,6.072833353224875e-06,1.0135431892877023e-05,292408.588,1.0,287558.04260937497,9.554170288443626e-07,2358.9283133813883,5760.0,1.0,,47,,,,,,,,
5.281790179000382,0.0032138149520809143,0.034505208333333336,0.0,0.0,0.01772,4.0,0.88,-0.015100719378096983,0.5132441514482101,-0.006016476429067552,6.6585624362384506e-06,1.9555940203493567e-05,293369.7635,1.0,287421.8675625,9.554170288443626e-07,2916.7458129920315,5760.0,1.0,,48,,,,,,,,
5.278826361998654,0.0034641874881344847,0.033650716145833336,0.0,0.0,0.0176725,4.0,0.8775,-0.009237097527754182,0.5156266521662474,-0.00012970581883564591,6.7988947876074235e-06,8.67967678649014e-06,294118.12025000004,1.0,287772.79999609373,9.554170288443626e-07,2793.450533825129,5760.0,1.0,,49,,,,,,,,
5.190999218997604,0.0031352638980024494,0.022420247395833332,0.0,0.0,0.017625000000000002,4.0,0.875,-0.009449892987807592,0.5105555454889933,-0.00045544041980368394,5.983403601324729e-06,6.982643943350316e-06,293385.6625,1.0,288386.3946289063,9.554170288443626e-07,2377.1092727998944,5760.0,1.0,,50,,,,,,,,
5.250267218001682,0.004402966282214038,0.0556640625,0.0,0.0,0.0175775,4.0,0.8725,-0.009443951169184098,0.5085783880203962,-0.0005087843358827134,6.15975893462443e-06,7.507103887860467e-06,293273.38525000005,1.0,288278.2956640625,9.554170288443626e-07,2707.6224628254786,5760.0,1.0,,51,,,,,,,,
5.281563948999974,0.0035200855612250357,0.039103190104166664,0.0,0.0,0.01753,4.0,0.87,-0.01533757770084776,0.5019573743144671,-0.006542188813909888,6.2587480726961076e-06,6.595249971041994e-06,293460.74474999995,1.0,288955.13884375,9.554170288443626e-07,2987.274258798079,5760.0,1.0,,52,,,,,,,,
5.3491895830011345,0.0032853835339968405,0.028116861979166668,0.0,0.0,0.0174825,4.0,0.8674999999999999,-0.008493055395471552,0.49820554442703724,0.00020876001993504664,9.445781283072089e-06,1.4237341460443531e-05,293003.6075,1.0,287578.8989101562,9.554170288443626e-07,2628.214452148006,5760.0,1.0,,53,,,,,,,,
5.213251006000064,0.0033695681777317077,0.0413818359375,0.0,0.0,0.017435,4.0,0.865,-0.00735591899137944,0.4929515899469455,0.0012272751385656495,6.820174168827482e-06,2.1469729063028353e-05,293209.32525000005,1.0,288986.1103554687,9.554170288443626e-07,2523.987176958633,5760.0,1.0,,54,,,,,,,,
5.182813465002255,0.002458688752085436,0.018961588541666668,0.0,0.0,0.0173875,4.0,0.8625,-0.015670003175425034,0.4880895285556714,-0.007185803551692516,4.471137278490763e-06,4.021146210675397e-06,292975.43325,1.0,289482.9204257813,9.554170288443626e-07,2312.5522987926656,5760.0,1.0,,55,,,,,,,,
5.242978518999735,0.0038908245017713248,0.038126627604166664,0.0,0.0,0.01734,4.0,0.86,-0.011584647426692149,0.485035282249252,-0.0031767627224326134,4.821163121467483e-06,4.291032458543971e-06,295101.21775,1.0,289408.83121093747,9.554170288443626e-07,2474.948270491052,5760.0,1.0,,56,,,,,,,,
5.205094793000171,0.0035589094550232403,0.035319010416666664,0.0,0.0,0.017292500000000002,4.0,0.8575,-0.012069814945183074,0.4852393139153719,-0.0036824742370905974,3.829370844717535e-06,6.553993979233989e-06,295218.15924999997,1.0,289009.05385156255,9.554170288443626e-07,2359.7804346459993,5760.0,1.0,,57,,,,,,,,
5.25568586600275,0.0032511600390231856,0.032145182291666664,0.0,0.0,0.017245,4.0,0.855,-0.011446424139042696,0.48518319986760616,-0.0030833486234769225,1.1232441825844338e-05,5.570982348028035e-06,294352.93775000004,1.0,289682.10073437495,9.554170288443626e-07,2437.138505168642,5760.0,1.0,,58,,,,,,,,
5.2669720469966705,0.003859466548116567,0.048868815104166664,0.0,0.0,0.0171975,4.0,0.8525,-0.009849257602278763,0.47976104232172173,-0.001601920201210305,9.721695173918002e-06,4.761939460233104e-06,293887.82925,1.0,290031.52565234376,9.554170288443626e-07,2304.257081569484,5760.0,1.0,,59,,,,,,,,
5.245391132997611,0.0034626164318372807,0.033650716145833336,0.0,0.0,0.017150000000000002,4.0,0.85,-0.013980056091289347,0.4749154094606638,-0.00583852954635707,6.4851039004073146e-06,5.2479346758597485e-06,293765.89824999997,1.0,289877.4961484375,9.554170288443626e-07,3132.842328096846,5760.0,1.0,,60,295218.15924999997,295519.6235,288175.30549999996,70000042,290285.13960000005,best_of_k,295519.6235,2289.2346984080286
5.183688899000117,0.003903171033016406,0.045613606770833336,0.0,0.0,0.0171025,4.0,0.8475,-0.01124672865262255,0.4754485705246528,-0.0031184183123211064,5.899244295430132e-06,4.918141452018669e-06,294795.055,1.0,290470.46237890626,9.554170288443626e-07,2046.5358842021387,5760.0,1.0,,61,,,,,,,,
5.249802952999744,0.004407028689456638,0.048380533854166664,0.0,0.0,0.017055,4.0,0.845,-0.010380743100540712,0.4781791710605224,-0.002228007564553991,3.7524832473915617e-06,4.469631865807362e-06,293722.51874999993,1.0,290028.0119453125,9.554170288443626e-07,2224.1694593858224,5760.0,1.0,,62,,,,,,,,
5.2282874080010515,0.004169451802833161,0.040486653645833336,0.0,0.0,0.017007500000000002,4.0,0.8425,-0.00794064529084911,0.47479780949652195,0.00013213408722852668,3.573490512091363e-06,3.974044915366903e-06,294057.55299999996,1.0,290845.3650195312,9.554170288443626e-07,1689.0586003961623,5760.0,1.0,,63,,,,,,,,
5.262440312999388,0.003538846254135327,0.036905924479166664,0.0,0.0,0.01696,4.0,0.84,-0.01733584442990832,0.4765856309483449,-0.009257740535152456,4.355922811782875e-06,8.706456782192618e-06,293497.36449999997,1.0,289913.297171875,9.554170288443626e-07,2419.8169724144514,5760.0,1.0,,64,,,,,,,,
5.430640078000579,0.003553296400544544,0.036173502604166664,0.0,0.0,0.0169125,4.0,0.8375,-0.009763214649865404,0.4712140926470359,-0.0018006674654316157,5.2732673007464354e-06,1.2666131136522077e-05,295379.05725,1.0,291271.835984375,9.554170288443626e-07,2310.5972183050267,5760.0,1.0,,65,,,,,,,,
5.165575992999948,0.0033576460045878775,0.0328369140625,0.0,0.0,0.016865,4.0,0.835,-0.011958611498509223,0.46497464676698047,-0.004119584637616451,3.642676247750387e-06,4.812399618951228e-06,294387.05425000004,1.0,291134.23540625,9.554170288443626e-07,1828.4428603066372,5760.0,1.0,,66,,,,,,,,
5.350014826999541,0.002696627539990004,0.027262369791666668,0.0,0.0,0.0168175,4.0,0.8325,-0.00894512795881989,0.4658854367832343,-0.0011124120113284637,3.875691547250426e-06,3.849281289565927e-06,294308.33275,1.0,291169.8438242187,9.554170288443626e-07,2031.1355737880988,5760.0,1.0,,67,,,,,,,,
5.209155710999767,0.003345565843725732,0.031778971354166664,0.0,0.0,0.01677,4.0,0.83,-0.006732504960382357,0.46276726263264817,0.0010248448428077002,5.291289909337138e-06,5.454775598915755e-06,294840.61225,1.0,290763.2999882812,9.554170288443626e-07,2125.63108172073,5760.0,1.0,,68,,,,,,,,
5.298389220999525,0.0036379321366742565,0.044270833333333336,0.0,0.0,0.0167225,4.0,0.8275,-0.010366498871007934,0.45739678231378395,-0.002722284096914033,6.087016728884009e-06,7.988668613734262e-06,294449.41399999993,1.0,291173.4396796875,9.554170288443626e-07,1920.963521879495,5760.0,1.0,,69,,,,,,,,
5.211526179999055,0.00328439977117038,0.034261067708333336,0.0,0.0,0.016675000000000002,4.0,0.825,-0.01032041028762857,0.46085085223118466,-0.0026384874169404307,6.523574706799688e-06,4.22459529166493e-06,295121.96025,1.0,291078.054390625,9.554170288443626e-07,2267.533481038101,5760.0,1.0,,70,,,,,,,,
5.285242408001068,0.001847971296228934,0.00634765625,0.0,0.0,0.0166275,4.0,0.8225,-0.009302131045842543,0.4558005978663762,-0.0017274286171110969,3.2641259034941563e-06,7.591903776453061e-06,294766.27849999996,1.0,291501.50789843744,9.554170288443626e-07,1650.2524476363262,5760.0,1.0,,71,,,,,,,,
5.184288339998602,0.0031125574557033056,0.0299072265625,0.0,0.0,0.01658,4.0,0.8200000000000001,-0.013407026694039814,0.4566576723009348,-0.005840979681427901,6.588862386062526e-06,9.357999455043379e-06,294885.65325000003,1.0,291610.4264570313,9.554170288443626e-07,2254.1263892061447,5760.0,1.0,,72,,,,,,,,
5.2217097009997815,0.0038007427477471842,0.043782552083333336,0.0,0.0,0.016532500000000002,4.0,0.8175,-0.0068036265729460865,0.44824144306282204,0.0006030788111578053,2.9571390077383817e-06,7.099491862542588e-06,294453.15575,1.0,291768.5419179688,9.554170288443626e-07,1530.3819647171501,5760.0,1.0,,73,,,,,,,,
5.195800845001941,0.0035937206557719037,0.051595052083333336,0.0,0.0,0.016485,4.0,0.815,-0.01224515748132641,0.4454362851878007,-0.00490401991798232,2.85834783634679e-06,3.1885910705871843e-06,295258.68825,1.0,291787.22314453125,9.554170288443626e-07,1855.0250793378061,5760.0,1.0,,74,,,,,,,,
5.242174229999364,0.0035093885138242817,0.038004557291666664,0.0,0.0,0.0164375,4.0,0.8125,-0.00602446401414151,0.4478161931037903,0.0013336465732815366,4.6838430923420065e-06,4.7994042802201875e-06,294858.0315,1.0,291524.1614648437,9.554170288443626e-07,2019.0245545791774,5760.0,1.0,,75,,,,,,,,
5.161192359999404,0.002549408389313612,0.018473307291666668,0.0,0.0,0.016390000000000002,4.0,0.81,-0.008751728067484995,0.4432559522489707,-0.0014887361515623827,3.5873697944073988e-06,3.227707923751192e-06,295030.54424999986,1.0,291690.83159375,9.554170288443626e-07,1842.226381630623,5760.0,1.0,,76,,,,,,,,
5.23973547100104,0.0030391086499245525,0.031819661458333336,0.0,0.0,0.0163425,4.0,0.8075,-0.008558873882672438,0.4389556758105755,-0.0013873852634181578,2.813013198969353e-06,3.7273586552070506e-06,295169.98875,1.0,292249.49321484374,9.554170288443626e-07,1731.5461424319326,5760.0,1.0,,77,,,,,,,,
5.243219191997923,0.0033419148118506805,0.035888671875,0.0,0.0,0.016295,4.0,0.8049999999999999,-0.012655705931441238,0.43582414649426937,-0.005560959398280829,5.898881530204865e-06,1.2837492941268161e-05,294988.77749999997,1.0,291607.2220078125,9.554170288443626e-07,2083.297134293142,5760.0,1.0,,78,,,,,,,,
5.305266176001169,0.0030176538881884576,0.031290690104166664,0.0,0.0,0.0162475,4.0,0.8025,-0.008687158435350284,0.4352652697513501,-0.001617665751837194,3.3753414309482346e-06,4.284486190423801e-06,294544.1535,1.0,291820.1434609375,9.554170288443626e-07,1544.3614430918608,5760.0,1.0,,79,,,,,,,,
5.188256508998165,0.00415255107266906,0.050821940104166664,0.0,0.0,0.0162,4.0,0.8,-0.014158232462553618,0.4366202112287283,-0.0070868415738611175,3.0872844736980673e-06,3.095358917922416e-06,296043.80975,1.0,292234.03213671874,9.554170288443626e-07,1696.704193163016,5760.0,1.0,,80,296043.80975,295208.61475,291007.00875,70000042,292329.12315000006,best_of_k,295208.61475,1802.7594395396814
5.176453592997859,0.003687726045124388,0.032796223958333336,0.0,0.0,0.0161525,4.0,0.7975,-0.009980666412351033,0.43586202648778755,-0.002942671717998261,4.295378393711265e-06,3.6724412476966486e-06,295934.71624999994,1.0,292139.26278515626,9.554170288443626e-07,1812.7505252016276,5760.0,1.0,,81,,,,,,,,
5.410566516999097,0.003948087272874545,0.048990885416666664,0.0,0.0,0.016105,4.0,0.795,-0.00958448065406022,0.4344880810628335,-0.002589434268884361,4.109900828552782e-06,3.945701744593559e-06,296187.47375,1.0,292520.9799335938,9.554170288443626e-07,2017.0524397607248,5760.0,1.0,,82,,,,,,,,
5.237607809998735,0.0042593476876694085,0.058797200520833336,0.0,0.0,0.016057500000000002,4.0,0.7925,-0.013238578365417197,0.4321780235817035,-0.006300831475527957,3.542843643344895e-06,3.195792132260067e-06,295692.02125000005,1.0,292477.0219023437,9.554170288443626e-07,1812.7969449987613,5760.0,1.0,,83,,,,,,,,
5.269461988998955,0.0032658603158779442,0.037109375,0.0,0.0,0.01601,4.0,0.79,-0.01019133506148743,0.43467997945845127,-0.0032343735704974583,2.823757270675742e-06,3.964933535864172e-06,295618.73949999997,1.0,292312.942046875,9.554170288443626e-07,1900.1078166902337,5760.0,1.0,,84,,,,,,,,
5.2398356560006505,0.00471951202537942,0.0477294921875,0.0,0.0,0.0159625,4.0,0.7875,-0.009567560759023763,0.43217029608786106,-0.002686509037933623,3.9424905319644194e-06,3.414538078535164e-05,295920.09199999995,1.0,292286.5142929687,9.554170288443626e-07,2024.4845558429415,5760.0,1.0,,85,,,,,,,,
5.23854192699946,0.0044850965205114335,0.047119140625,0.0,0.0,0.015915,4.0,0.785,-0.007827952945566116,0.4259855430573225,-0.0010543237634313603,3.03113725408366e-06,1.125572789343702e-05,296280.174,1.0,292456.67461718747,9.554170288443626e-07,1786.2435199542176,5760.0,1.0,,86,,,,,,,,
5.159443365999323,0.004087008943315595,0.0579833984375,0.0,0.0,0.0158675,4.0,0.7825,-0.012801533492165618,0.4241435204943021,-0.006072822511972238,2.3839390432082532e-06,2.2956712655286537e-06,295906.11124999996,1.0,292807.92099218746,9.554170288443626e-07,1637.6456852943916,5760.0,1.0,,87,,,,,,,,
5.290279428998474,0.0039373872059513815,0.045857747395833336,0.0,0.0,0.01582,4.0,0.78,-0.008001427554214994,0.4278050058831771,-0.001235591732741644,4.653195697793914e-06,3.1483770612794615e-06,295727.32375,1.0,292518.8136953125,9.554170288443626e-07,2145.237875047094,5760.0,1.0,,88,,,,,,,,
5.270379452998895,0.0034767287021774487,0.0411376953125,0.0,0.0,0.015772500000000002,4.0,0.7775,-0.012980048151803203,0.42074042558670044,-0.006346121061748515,4.702352815873685e-06,3.462328119023065e-06,295615.34150000004,1.0,292689.3562890625,9.554170288443626e-07,1762.7055263285285,5760.0,1.0,,89,,,,,,,,
5.25288891299715,0.005257908111767999,0.07340494791666667,0.0,0.0,0.015725,4.0,0.775,-0.009132943276199512,0.4151604473590851,-0.0026062967566152415,3.1561609432628757e-06,2.872010696819416e-06,296234.9565,1.0,293026.40625,9.554170288443626e-07,1799.6584661224895,5760.0,1.0,,90,,,,,,,,
5.2527301460031595,0.002986075111645429,0.031778971354166664,0.0,0.0,0.0156775,4.0,0.7725,-0.0049469845156030106,0.4152645580470562,0.0015617778796392183,3.2236792127567546e-06,2.451397032624906e-06,296246.811,1.0,292801.4163046875,9.554170288443626e-07,1839.454847425592,5760.0,1.0,,91,,,,,,,,
5.16511203799746,0.0024529767227553143,0.02294921875,0.0,0.0,0.01563,4.0,0.77,-0.008248866108867029,0.41300698804358643,-0.001794916286598891,2.46575709420919e-06,2.2046677751556367e-06,296300.26775,1.0,293255.0888359375,9.554170288443626e-07,1661.0274816803521,5760.0,1.0,,92,,,,,,,,
5.252566839000792,0.003722389245619221,0.03564453125,0.0,0.0,0.015582499999999999,4.0,0.7675,-0.011335555580444634,0.4148194920271635,-0.004873316191757719,3.776052300471141e-06,2.614985090095464e-06,295509.7275,1.0,293092.2336835937,9.554170288443626e-07,1836.2161418547241,5760.0,1.0,,93,,,,,,,,
5.212589413000387,0.0036872598284389824,0.046590169270833336,0.0,0.0,0.015535,4.0,0.765,-0.007910153304692358,0.4118124470114708,-0.0015156147807526092,2.9282111029260705e-06,5.348360384497634e-06,295859.5685,1.0,292864.8139804688,9.554170288443626e-07,1736.8534394849291,5760.0,1.0,,94,,,,,,,,
5.201532584000233,0.0023708541314893714,0.017333984375,0.0,0.0,0.015487500000000001,4.0,0.7625,-0.007753074668774691,0.4088262692093849,-0.001428490465817352,3.5465500616282952e-06,1.3516149138581568e-05,296066.30525000003,1.0,293351.6964375,9.554170288443626e-07,1308.6662782762264,5760.0,1.0,,95,,,,,,,,
5.252508903999114,0.0024603337587905116,0.027140299479166668,0.0,0.0,0.01544,4.0,0.76,-0.009007583221925112,0.4096500215431054,-0.0026870337411916503,4.385113224240437e-06,8.016945287181443e-06,295737.84875,1.0,293139.7608828125,9.554170288443626e-07,1721.0064481245727,5760.0,1.0,,96,,,,,,,,
5.270120911001868,0.004182244517627017,0.048380533854166664,0.0,0.0,0.0153925,4.0,0.7575000000000001,-0.006965661091574778,0.40654195100069046,-0.0007095232528323928,2.5638397408063915e-06,2.60530476718183e-06,296115.47299999994,1.0,293439.33684765623,9.554170288443626e-07,1707.6233423331232,5760.0,1.0,,97,,,,,,,,
5.175799301003281,0.003360423482566451,0.033243815104166664,0.0,0.0,0.015345000000000001,4.0,0.755,-0.01105158479185775,0.4085812270641327,-0.004783501324709505,2.6904263895251765e-06,2.653108007658981e-06,295861.73350000003,1.0,293154.9792890625,9.554170288443626e-07,1866.8140081959584,5760.0,1.0,,98,,,,,,,,
5.251165542002127,0.0036730815215075077,0.045003255208333336,0.0,0.0,0.0152975,4.0,0.7525,-0.009224702196661383,0.40081770345568657,-0.0030949027568567544,3.5751567821762364e-06,2.7036534433477755e-06,296132.01925,1.0,293319.42374218744,9.554170288443626e-07,1579.4222293643231,5760.0,1.0,,99,,,,,,,,
5.122803354999633,0.002407378335192334,0.021240234375,0.0,0.0,0.01525,4.0,0.75,-0.006407773835235275,0.3966423769791921,-0.00036028126487508416,3.2510543282645208e-06,1.958101937778641e-06,296015.5485,1.0,293344.0957148437,9.554170288443626e-07,1275.3227614424693,5760.0,1.0,,100,296300.26775,296474.04925000004,292177.56249999994,70000042,293142.927575,best_of_k,296474.04925000004,1817.9978546397508
5.265653672002372,0.00427340465830639,0.06376139322916667,0.0,0.0,0.0152025,4.0,0.7475,-0.008131377030319223,0.39763921064635116,-0.0020878024612708637,4.613870636660522e-06,2.1488250065241723e-06,296213.49700000003,1.0,293148.3869570312,9.554170288443626e-07,1529.5401599491233,5760.0,1.0,,101,,,,,,,,
5.303814028000488,0.003919571157894097,0.054850260416666664,0.0,0.0,0.015155,4.0,0.745,-0.01121863096098726,0.39834308438003063,-0.00518347251151378,2.326298324343649e-06,2.9962167384193585e-06,296115.42299999995,1.0,293296.80225390627,9.554170288443626e-07,1542.3121057212002,5760.0,1.0,,102,,,,,,,,
5.360862187997554,0.0031712346462882124,0.032185872395833336,0.0,0.0,0.0151075,4.0,0.7424999999999999,-0.00909230403097657,0.39483273153503734,-0.003129331860691309,2.5776380046712197e-06,3.4109176615023293e-06,296416.76225,1.0,293781.99139062496,9.554170288443626e-07,1418.764178812813,5760.0,1.0,,103,,,,,,,,
5.272363775999111,0.00378289379295893,0.051106770833333336,0.0,0.0,0.01506,4.0,0.74,-0.010867825330933556,0.39366046401361626,-0.004941025807056576,4.648279646820204e-06,2.5237238219233404e-06,296555.06525,1.0,293698.88271875,9.554170288443626e-07,1384.8101983387348,5760.0,1.0,,104,,,,,,,,
5.177014156000951,0.004035742393170949,0.051188151041666664,0.0,0.0,0.015012500000000002,4.0,0.7375,-0.008061913167087672,0.39455075313647586,-0.0021405186077269414,4.558876289214216e-06,2.684337263284912e-06,297113.78325,1.0,293850.1883085938,9.554170288443626e-07,1468.6782475169828,5760.0,1.0,,105,,,,,,,,
5.226834887002042,0.0027294376219894425,0.022989908854166668,0.0,0.0,0.014965,4.0,0.735,-0.005276203723042272,0.39259741827845573,0.0005974388138080636,2.377686129761969e-06,2.68103728492027e-06,296141.13899999997,1.0,293798.6531523437,9.554170288443626e-07,1375.002241858643,5760.0,1.0,,106,,,,,,,,
5.234642225001153,0.0026037030014170646,0.026204427083333332,0.0,0.0,0.0149175,4.0,0.7324999999999999,-0.005512089550999614,0.39111645705997944,0.00032137381883027655,2.101830600527895e-06,1.6132829685489014e-06,296106.53699999995,1.0,294016.1972734375,9.554170288443626e-07,1235.0961918042854,5760.0,1.0,,107,,,,,,,,
5.299570319999475,0.0032222359902031408,0.034749348958333336,0.0,0.0,0.014870000000000001,4.0,0.73,-0.009798296979473283,0.38935594571133453,-0.0040103923189841835,3.17453258939319e-06,3.001453954709632e-06,296567.96449999994,1.0,293464.37010156247,9.554170288443626e-07,1853.7913305671063,5760.0,1.0,,108,,,,,,,,
5.196022862000973,0.0024692419368269234,0.024454752604166668,0.0,0.0,0.014822499999999999,4.0,0.7275,-0.007191350727225654,0.3853711324433486,-0.001489784277509898,4.009302022230561e-06,2.0392391282560613e-05,296674.51424999995,1.0,293893.7010429687,9.554170288443626e-07,1730.1300647319238,5760.0,1.0,,109,,,,,,,,
5.217053340002167,0.005307270640817781,0.07572428385416667,0.0,0.0,0.014775,4.0,0.725,-0.007022591880134617,0.3803820429990689,-0.0014063927810639143,4.423517836471547e-06,7.006251522057028e-06,296161.5805,1.0,293787.076625,9.554170288443626e-07,1291.1970147066975,5760.0,1.0,,110,,,,,,,,
5.178019087001303,0.0033359867059819712,0.037841796875,0.0,0.0,0.014727500000000001,4.0,0.7224999999999999,-0.008299049567237185,0.38200391829013824,-0.0026748429130141935,3.3383094901751065e-06,2.844725337070031e-06,296086.57475,1.0,293809.1309804687,9.554170288443626e-07,1661.3320411615512,5760.0,1.0,,111,,,,,,,,
5.339149147999706,0.0032362125518072085,0.039347330729166664,0.0,0.0,0.01468,4.0,0.72,-0.009174135634869648,0.3853159546852112,-0.0035187753480082997,1.7770710888006154e-06,1.801114310732525e-06,295932.58875,1.0,293847.0374648437,9.554170288443626e-07,1258.3113617011145,5760.0,1.0,,112,,,,,,,,
5.176205378000304,0.003331597734359093,0.0450439453125,0.0,0.0,0.014632500000000001,4.0,0.7175,-0.0059189278981648386,0.38369709936281043,-0.0003053288673982024,1.7133836346753621e-06,1.3552575405621308e-06,296300.63375,1.0,293872.14254687494,9.554170288443626e-07,1289.1675586985841,5760.0,1.0,,113,,,,,,,,
5.222575288000371,0.00309860787820071,0.030802408854166668,0.0,0.0,0.014585,4.0,0.7150000000000001,-0.007097623922163621,0.38367592232922715,-0.001503186096670106,2.26845216862633e-06,2.4974614376560567e-06,297464.54825,1.0,294080.5176210938,9.554170288443626e-07,1796.7203176926091,5760.0,1.0,,114,,,,,,,,
5.113963375999447,0.0029000654200596423,0.024169921875,0.0,0.0,0.014537500000000002,4.0,0.7125,0.00017206405755132437,0.3821180785695712,0.005725986042913671,2.084667526010738e-06,1.8222248693670433e-06,296946.58574999997,1.0,294261.49248046876,9.554170288443626e-07,1454.5618959075805,5760.0,1.0,,115,,,,,,,,
5.295822009000403,0.0028412132402687953,0.033854166666666664,0.0,0.0,0.014490000000000001,4.0,0.71,-0.008200683577645881,0.3772612971564134,-0.0027355924151682607,5.171024952232983e-06,1.8153820775523855e-06,296736.0285,1.0,294108.83382812503,9.554170288443626e-07,1486.1219954546607,5760.0,1.0,,116,,,,,,,,
5.166585315997509,0.0028225434628742128,0.031046549479166668,0.0,0.0,0.0144425,4.0,0.7075,-0.004897714689529191,0.3758897576481104,0.0005297959432937205,2.506899567341255e-06,2.0534862438618498e-06,296384.30725,1.0,293691.29517968744,9.554170288443626e-07,1422.9216025278026,5760.0,1.0,,117,,,,,,,,
5.219079927999701,0.0027994317085055322,0.027425130208333332,0.0,0.0,0.014395000000000002,4.0,0.7050000000000001,-0.008228843158576638,0.3755052064855893,-0.0028244594092636057,1.3928684031346468e-06,1.7481008048510678e-06,296720.59075000003,1.0,294304.75740234373,9.554170288443626e-07,1284.0111568120087,5760.0,1.0,,118,,,,,,,,
5.179296064001392,0.002734261863224674,0.028157552083333332,0.0,0.0,0.014347500000000001,4.0,0.7025,-0.005984810054845487,0.37908220415314037,-0.0005468009815861782,1.5137518829533292e-06,1.442940847103576e-06,296452.39525,1.0,294090.77324218745,9.554170288443626e-07,1181.2637365761038,5760.0,1.0,,119,,,,,,,,
5.271503151998331,0.0035771805535963117,0.038045247395833336,0.0,0.0,0.0143,4.0,0.7,-0.006063662964152172,0.37600155485173065,-0.0006876633269712329,1.14307566197643e-06,1.4170692731833394e-06,296065.26874999993,1.0,294078.29958593746,9.554170288443626e-07,1128.868575727641,5760.0,1.0,,120,297464.54825,296377.58325,293484.628,70000042,294608.9228,best_of_k,296377.58325,1171.9284402293413
5.1808420840025065,0.003287224472539189,0.039021809895833336,0.0,0.0,0.014252500000000001,4.0,0.6975,-0.005921137659849289,0.37326117356618244,-0.0006027719064150006,2.3051987175411646e-06,2.617358807318245e-06,296911.26225,1.0,294340.8913671875,9.554170288443626e-07,1581.170366321995,5760.0,1.0,,121,,,,,,,,
5.1217108399978315,0.0017474921890728485,0.012613932291666666,0.0,0.0,0.014205,4.0,0.6950000000000001,-0.006132736045401543,0.37590297621985275,-0.0007947800234736254,2.825089663834509e-06,2.9275540356366037e-06,296243.60675,1.0,293980.5408046875,9.554170288443626e-07,1431.6528599635226,5760.0,1.0,,122,,,,,,,,
5.211664241000108,0.0027634699993844456,0.019490559895833332,0.0,0.0,0.0141575,4.0,0.6925,-0.005830015293516529,0.3734723913172881,-0.0005438364848184089,4.710685239217582e-06,1.5709606403883451e-06,296188.33725000004,1.0,294485.1146640625,9.554170288443626e-07,1089.3633135175714,5760.0,1.0,,123,,,,,,,,
5.218737746999977,0.0030442711989356517,0.045939127604166664,0.0,0.0,0.014110000000000001,4.0,0.69,-0.003819613174224893,0.3737229307492574,0.0014522963028866798,2.111000211376298e-06,2.2201168429584564e-06,296863.2215,1.0,294476.3489765625,9.554170288443626e-07,1498.378623067522,5760.0,1.0,,124,,,,,,,,
5.2250919209982385,0.004097550023288932,0.043375651041666664,0.0,0.0,0.0140625,4.0,0.6875,-0.005533802546172713,0.37291365799804527,-0.00029143932624720037,2.17000638732164e-06,3.0354478610661317e-06,296868.48974999995,1.0,294300.76916406245,9.554170288443626e-07,1647.9484715125259,5760.0,1.0,,125,,,,,,,,
5.296564611999202,0.002351125741067032,0.020304361979166668,0.0,0.0,0.014015,4.0,0.685,-0.005484211428362566,0.3673734627664089,-0.0003432999753082792,1.4841381386077046e-06,1.535843182409735e-05,296445.879,1.0,294211.4581210938,9.554170288443626e-07,1480.1091415995745,5760.0,1.0,,126,,,,,,,,
5.201483600998472,0.002549426870245952,0.025309244791666668,0.0,0.0,0.0139675,4.0,0.6825,-0.010051844486345848,0.36589999931554,-0.004942792525980622,2.1061239650066454e-06,2.8910298060698856e-06,297308.1585,1.0,294259.33924218745,9.554170288443626e-07,1534.053877735178,5760.0,1.0,,127,,,,,,,,
5.144123611997202,0.0023372842406388372,0.021525065104166668,0.0,0.0,0.01392,4.0,0.6799999999999999,-0.011672020681241216,0.36361197630564374,-0.006611756970717882,3.3104599665989554e-06,1.7667230309825754e-06,296533.78900000005,1.0,294257.02396874997,9.554170288443626e-07,1228.4499023005117,5760.0,1.0,,128,,,,,,,,
5.249231739999232,0.0026868012525180043,0.033284505208333336,0.0,0.0,0.0138725,4.0,0.6775,-0.0117549565572214,0.36421840141216916,-0.006703754149687787,2.879035193359414e-06,2.2576216807124183e-06,297019.6835,1.0,294596.9324882812,9.554170288443626e-07,1538.1511327459064,5760.0,1.0,,129,,,,,,,,
5.219922738000605,0.003129815190429023,0.027628580729166668,0.0,0.0,0.013825,4.0,0.675,-0.003571421781089157,0.3647357610364755,0.0014699050225317478,2.2908513699348987e-06,1.8321173508676718e-06,296845.69675,1.0,294356.88196875,9.554170288443626e-07,1385.978101308831,5760.0,1.0,,130,,,,,,,,
5.315783568999905,0.004134845730732195,0.056193033854166664,0.0,0.0,0.013777500000000002,4.0,0.6725,-0.00484176809550263,0.3631640610595544,0.00016067080044498047,2.039326986391643e-06,1.6993533217638894e-06,296349.70675,1.0,294354.36210937495,9.554170288443626e-07,1572.9061356795432,5760.0,1.0,,131,,,,,,,,
5.226975173001847,0.0030152783292578533,0.033040364583333336,0.0,0.0,0.01373,4.0,0.6699999999999999,-0.006724713428411633,0.36231974015633267,-0.0017513284110464156,1.7676325256843484e-06,2.1770277574736005e-06,296957.51125,1.0,294247.90279296867,9.554170288443626e-07,1325.64088500494,5760.0,1.0,,132,,,,,,,,
5.337426422000135,0.0037652255705324933,0.045328776041666664,0.0,0.0,0.0136825,4.0,0.6675,-0.005488347174832597,0.3616454756508271,-0.0005413475058351954,2.033583349714263e-06,2.0226819780570318e-06,296958.22050000005,1.0,294328.96203125,9.554170288443626e-07,1582.87355258708,5760.0,1.0,,133,,,,,,,,
5.200481922998733,0.0030021659258636646,0.026407877604166668,0.0,0.0,0.013635000000000001,4.0,0.665,-0.004462863648465524,0.3575209913154443,0.0004107366451838364,1.2142643737907595e-06,2.1540456363785174e-06,296840.14574999997,1.0,294601.3042148437,9.554170288443626e-07,1228.8435342388716,5760.0,1.0,,134,,,,,,,,
5.221179309002764,0.0017317017821672682,0.019612630208333332,0.0,0.0,0.013587499999999999,4.0,0.6625,-0.004693321151232037,0.35274395036200684,9.786209557205439e-05,2.927861608270632e-06,2.8651757209748516e-06,296855.41799999995,1.0,294375.32471093745,9.554170288443626e-07,1483.4904638314,5760.0,1.0,,135,,,,,,,,
5.229205847997946,0.003147588860883843,0.041748046875,0.0,0.0,0.01354,4.0,0.6599999999999999,-0.006999213413412993,0.355457816272974,-0.0021872527237671116,2.728588159565485e-06,1.3304432731805111e-06,296648.83975,1.0,294306.18365625,9.554170288443626e-07,1393.1548763172818,5760.0,1.0,,136,,,,,,,,
5.17747146200054,0.0015051915106596425,0.013102213541666666,0.0,0.0,0.013492500000000001,4.0,0.6575,-0.0021937460890815905,0.3561681030939023,0.0026111155263303467,1.3927134231058365e-06,1.194438469317068e-06,296665.82125,1.0,294745.789171875,9.554170288443626e-07,1129.6430634338567,5760.0,1.0,,137,,,,,,,,
5.209821279000607,0.0019132447899513256,0.013834635416666666,0.0,0.0,0.013445000000000002,4.0,0.655,-0.004407451856726159,0.35484275842706364,0.00036174778748924535,2.7930728213239795e-06,2.764358005909647e-06,296646.45575,1.0,294394.561859375,9.554170288443626e-07,1301.7771611055139,5760.0,1.0,,138,,,,,,,,
5.204103784999461,0.0024705341153700524,0.022420247395833332,0.0,0.0,0.013397500000000001,4.0,0.6525000000000001,-0.00911105209767508,0.354984267304341,-0.004355789142816017,1.067646202557171e-06,1.062662217776733e-06,296840.02725,1.0,295029.30777343747,9.554170288443626e-07,1065.6634083954216,5760.0,1.0,,139,,,,,,,,
5.243825780002226,0.0019544612490183986,0.017415364583333332,0.0,0.0,0.01335,4.0,0.65,-0.00569818132983831,0.3539368125299613,-0.0009743062740502259,1.5378880521647413e-06,2.0546496462732953e-06,296815.25375,1.0,294605.725203125,9.554170288443626e-07,1158.0454067558126,5760.0,1.0,,140,297464.54825,296643.73925000004,293933.27999999997,70000042,294643.8014,best_of_k,296643.73925000004,1277.1546786721522
5.352703755997936,0.003097236095830643,0.035237630208333336,0.0,0.0,0.013302500000000002,4.0,0.6475,-0.007907142105977982,0.35237338207662106,-0.003222000067277501,6.776303417647493e-06,3.25440389066974e-06,296968.453,1.0,294643.02904687496,9.554170288443626e-07,1416.7959107255172,5760.0,1.0,,141,,,,,,,,
5.262268612001208,0.002735134335428787,0.024861653645833332,0.0,0.0,0.013255000000000001,4.0,0.645,-0.005358934654699017,0.35338008279601735,-0.0006798322622974714,1.4784167343388313e-05,6.943706042742785e-06,296886.1925,1.0,294340.5155273437,9.554170288443626e-07,1624.6308874895753,5760.0,1.0,,142,,,,,,,,
5.215169483999489,0.002571179630952732,0.024373372395833332,0.0,0.0,0.0132075,4.0,0.6425000000000001,-0.005273841447584952,0.3514317274093628,-0.0006343015896466871,4.698057521087169e-06,3.051143690887178e-06,296987.78625,1.0,294744.08662890625,9.554170288443626e-07,1211.0251632941402,5760.0,1.0,,143,,,,,,,,
5.269694942999195,0.002730694686761126,0.024251302083333332,0.0,0.0,0.013160000000000002,4.0,0.64,-0.006922143530876686,0.3507969944427411,-0.002306382462847978,1.3459837191476254e-06,1.1847129795701978e-06,297164.613,1.0,294938.2277421875,9.554170288443626e-07,1260.032622686911,5760.0,1.0,,144,,,,,,,,
5.2870439479993365,0.0016291633752795558,0.011962890625,0.0,0.0,0.013112500000000001,4.0,0.6375,-0.011420595425685557,0.3483821538587411,-0.006853284585910539,1.1753122469334205e-06,1.4656322093742347e-06,297401.68825,1.0,294634.9677890625,9.554170288443626e-07,1284.6225978879756,5760.0,1.0,,145,,,,,,,,
5.179496312997799,0.0023165667395611913,0.022054036458333332,0.0,0.0,0.013065,4.0,0.635,-0.0069542848408066975,0.349513977766037,-0.002393604217407604,1.5572690325408682e-06,1.1128223209292779e-05,297338.76425,1.0,294955.65208984376,9.554170288443626e-07,1182.6788732909301,5760.0,1.0,,146,,,,,,,,
5.22820142600176,0.0021843705277812355,0.024658203125,0.0,0.0,0.013017500000000001,4.0,0.6325000000000001,-0.009857394063146785,0.3456918119142453,-0.005359476694138721,1.560185658888713e-06,3.940029915365055e-06,297138.7985,1.0,294681.3337148437,9.554170288443626e-07,1405.558321820673,5760.0,1.0,,147,,,,,,,,
5.126281009997911,0.002877237551729195,0.036376953125,0.0,0.0,0.01297,4.0,0.63,-0.003980168597384666,0.34752324409782887,0.000526459994337832,1.1192741299718516e-06,1.271644136361753e-06,296737.07824999996,1.0,294730.699578125,9.554170288443626e-07,1116.1708535094626,5760.0,1.0,,148,,,,,,,,
5.210899499001243,0.0025507669367167787,0.023478190104166668,0.0,0.0,0.0129225,4.0,0.6275,-0.004733438181574456,0.3470744186391433,-0.0002492380832942824,1.2074130424366558e-06,1.4959684288366286e-06,297023.29825,1.0,295154.3565507813,9.554170288443626e-07,1120.6880278161832,5760.0,1.0,,149,,,,,,,,
5.314518907001911,0.0024179999866949706,0.022054036458333332,0.0,0.0,0.012875000000000001,4.0,0.625,-0.006709249229364407,0.343155753488342,-0.0022918592925028256,1.0248805513886812e-06,1.2762116554654312e-06,296887.91625,1.0,294872.35115234373,9.554170288443626e-07,1139.6534876242256,5760.0,1.0,,150,,,,,,,,
5.239147888998559,0.003578788814290116,0.040934244791666664,0.0,0.0,0.0128275,4.0,0.6225,-0.006661368242930621,0.33957796295483905,-0.002306332365454485,1.329506882067714e-06,1.5347537628921752e-06,296965.98575000005,1.0,294833.91730078124,9.554170288443626e-07,1230.2987169267205,5760.0,1.0,,151,,,,,,,,
5.210538572999212,0.003281011141856046,0.0443115234375,0.0,0.0,0.01278,4.0,0.62,-0.0088357127776059,0.3383180114130179,-0.0045132002657434596,1.3698160804172705e-06,2.1092765389122783e-06,297062.46024999995,1.0,294864.593625,9.554170288443626e-07,1272.6537182695117,5760.0,1.0,,152,,,,,,,,
5.2172796390004805,0.0027784165504272096,0.028361002604166668,0.0,0.0,0.0127325,4.0,0.6174999999999999,-0.004968537420306045,0.33742297378679115,-0.0006730380215837309,1.2599565278511211e-06,1.2258286297139875e-06,297072.1975,1.0,295048.025640625,9.554170288443626e-07,1342.9981258829416,5760.0,1.0,,153,,,,,,,,
5.194425883000804,0.002196702638078326,0.022135416666666668,0.0,0.0,0.012685,4.0,0.615,-0.004162902778868253,0.33313949468235177,6.205709845138092e-05,1.1736179127789608e-06,1.5944520939115137e-06,296592.796,1.0,294756.1968515625,9.554170288443626e-07,1067.3760507533345,5760.0,1.0,,154,,,,,,,,
5.178484894000576,0.002104120476966879,0.0174560546875,0.0,0.0,0.0126375,4.0,0.6125,-0.007123652777712171,0.3333159952114026,-0.002912203965631003,8.977854122349527e-07,1.484197354055065e-06,297271.1755,1.0,295061.809359375,9.554170288443626e-07,936.0185435265327,5760.0,1.0,,155,,,,,,,,
5.291632149001089,0.002803805354536356,0.028361002604166668,0.0,0.0,0.01259,4.0,0.61,-0.0047075133479665965,0.330032417550683,-0.0005531432010078182,1.1856510901964157e-06,1.23917996930345e-06,296926.4445,1.0,295082.177671875,9.554170288443626e-07,1128.260589199062,5760.0,1.0,,156,,,,,,,,
5.22943436100104,0.003080331392993685,0.035359700520833336,0.0,0.0,0.012542500000000002,4.0,0.6074999999999999,-0.006181189499329776,0.32892669675250846,-0.002056628252224376,1.737977655125178e-06,1.6565267368188568e-06,297140.92075,1.0,294824.51095312496,9.554170288443626e-07,1453.2398583555598,5760.0,1.0,,157,,,,,,,,
5.131705228999635,0.002062165064368552,0.017740885416666668,0.0,0.0,0.012495,4.0,0.605,-0.0025817088317126036,0.32856929550568265,0.0015228209473813574,1.1566492226222636e-06,1.6558938717992078e-06,297203.3955,1.0,295091.1800195312,9.554170288443626e-07,1123.6493682362934,5760.0,1.0,,158,,,,,,,,
5.187439630000881,0.002318493398585512,0.024454752604166668,0.0,0.0,0.0124475,4.0,0.6025,-0.0011729275526401277,0.32658229147394496,0.002890674009298285,1.3367494678580745e-06,2.7954260986007284e-06,296995.02625,1.0,294958.3007929687,9.554170288443626e-07,1080.1078612958577,5760.0,1.0,,159,,,,,,,,
5.137861448998592,0.002587608054454904,0.0318603515625,0.0,0.0,0.012400000000000001,4.0,0.6,-0.00743231476614407,0.32936778602500755,-0.003348984212304155,1.3371893885505415e-06,1.3934769593030676e-06,297211.85274999996,1.0,294979.1478710937,9.554170288443626e-07,1073.8670804831484,5760.0,1.0,,160,297464.54825,297048.64275,295996.52849999996,70000042,294997.39340833324,best_of_k,297048.64275,959.6504799376626
5.230961452998599,0.0030170267394472225,0.036824544270833336,0.0,0.0,0.012352499999999999,4.0,0.5974999999999999,-0.008715123122480387,0.3292193195472161,-0.00464974544593133,1.1042319224922419e-06,2.3873160147995045e-06,297005.98874999996,1.0,295122.5509414063,9.554170288443626e-07,1084.032485197421,5760.0,1.0,,161,,,,,,,,
5.307364029002201,0.0021127452831327296,0.016153971354166668,0.0,0.0,0.012305,4.0,0.595,-0.008435403603167893,0.32658266586561996,-0.004418070563891281,1.2946959723573552e-06,2.273135973969905e-06,296939.70075,1.0,294816.7422382812,9.554170288443626e-07,1143.6850201678353,5760.0,1.0,,162,,,,,,,,
5.210966697999538,0.0032141969689594894,0.035929361979166664,0.0,0.0,0.012257500000000001,4.0,0.5925,-0.005320102146166998,0.3266719728708267,-0.0013167577853891999,1.0095642982340298e-06,1.471833405967497e-06,297369.533,1.0,294943.5583281249,9.554170288443626e-07,1107.4219235173812,5760.0,1.0,,163,,,,,,,,
5.218502748997707,0.0020517793042624057,0.02392578125,0.0,0.0,0.012210000000000002,4.0,0.5900000000000001,-0.0038421224744524807,0.3281008979926507,0.00016157364007085562,1.334671619446226e-06,4.564393562371076e-06,296996.478,1.0,295053.43566015625,9.554170288443626e-07,1253.5411687703815,5760.0,1.0,,164,,,,,,,,
5.143950736997795,0.0030678537999240993,0.041585286458333336,0.0,0.0,0.012162500000000001,4.0,0.5875,-0.010412017790561853,0.32702353969216347,-0.0064355668146163225,2.087372204565933e-06,1.528145896638004e-06,297269.52775,1.0,294812.8038945313,9.554170288443626e-07,1242.1726137666876,5760.0,1.0,,165,,,,,,,,
5.196182244999363,0.00195313222745123,0.012003580729166666,0.0,0.0,0.012115,4.0,0.585,-0.003916499757906422,0.3280390277504921,5.697877107498547e-05,2.0586087015791086e-06,1.0159754495475681e-06,297061.36225,1.0,295083.76927343744,9.554170288443626e-07,1025.749309960161,5760.0,1.0,,166,,,,,,,,
5.211346117001085,0.0021962539079443863,0.017171223958333332,0.0,0.0,0.0120675,4.0,0.5825,-0.002815204231107297,0.32735878104964894,0.0011337891531487305,1.4607069296346253e-06,2.524935567294051e-06,297095.945,1.0,295180.3271640625,9.554170288443626e-07,1055.2901907661878,5760.0,1.0,,167,,,,,,,,
5.187538479000068,0.0032114345109827505,0.032470703125,0.0,0.0,0.012020000000000001,4.0,0.5800000000000001,-0.007550028298282996,0.3234567902982235,-0.0036631493809788176,1.7485464146223724e-06,1.793773539778461e-06,296968.5845,1.0,294984.8366328125,9.554170288443626e-07,1414.4970362533693,5760.0,1.0,,168,,,,,,,,
5.217829858996993,0.00198120241354142,0.013224283854166666,0.0,0.0,0.0119725,4.0,0.5775,-0.0040599848483301075,0.3291391997287671,-0.00012203986019206543,2.23608452879868e-06,4.900738889072424e-06,297483.23149999994,1.0,294983.0897890625,9.554170288443626e-07,1040.1997779142646,5760.0,1.0,,169,,,,,,,,
5.141989411000395,0.002575613936642185,0.017049153645833332,0.0,0.0,0.011925000000000002,4.0,0.575,-0.010716156645988425,0.33336048883696395,-0.0067414532143933075,1.2727429847814165e-06,9.857394272690574e-07,297018.75775000005,1.0,295296.069046875,9.554170288443626e-07,1065.0074124354264,5760.0,1.0,,170,,,,,,,,
5.263615910000226,0.002053152110117177,0.018107096354166668,0.0,0.0,0.011877500000000001,4.0,0.5725,-0.007055101566947997,0.32765085125962895,-0.003165487297034512,1.996371248462007e-06,3.718418154126842e-06,297209.13275,1.0,295111.52980859374,9.554170288443626e-07,1415.358475577385,5760.0,1.0,,171,,,,,,,,
5.186912203000247,0.002521532815687048,0.023518880208333332,0.0,0.0,0.01183,4.0,0.5700000000000001,-0.006203727418323979,0.3317008763551712,-0.0022814991728713117,1.8817152896607088e-06,3.211125941741481e-06,297383.43149999995,1.0,295224.3549140624,9.554170288443626e-07,1078.2232804608345,5760.0,1.0,,172,,,,,,,,
5.138870097001927,0.002759675291599706,0.033203125,0.0,0.0,0.011782500000000001,4.0,0.5675,-0.0030939255569440625,0.3258465050409238,0.0007445939312068125,1.5854722998180175e-06,1.2168535986252966e-06,297181.51450000005,1.0,295204.6110625,9.554170288443626e-07,1364.195621015717,5760.0,1.0,,173,,,,,,,,
5.216170014999079,0.001548283357503048,0.015869140625,0.0,0.0,0.011735,4.0,0.565,-0.008573252542798096,0.32475457340478897,-0.004762911354191601,1.2383470213706005e-06,1.0594486177240015e-06,297509.56474999996,1.0,295209.6475195312,9.554170288443626e-07,946.2624864184315,5760.0,1.0,,174,,,,,,,,
5.2439721769987955,0.002115934999892488,0.018636067708333332,0.0,0.0,0.0116875,4.0,0.5625,-0.00771529179958937,0.327106362208724,-0.0038928702512445548,1.3894657537131632e-06,9.907107442567546e-07,297486.21375,1.0,295084.0783984375,9.554170288443626e-07,1193.1769713987176,5760.0,1.0,,175,,,,,,,,
5.184656808996806,0.002346133997586245,0.022420247395833332,0.0,0.0,0.011640000000000001,4.0,0.56,-0.00827870498081514,0.3262019579609235,-0.004482693727671479,1.3484545983525702e-06,1.6886210628304827e-06,297402.557,1.0,295361.6943789062,9.554170288443626e-07,1119.36862756293,5760.0,1.0,,176,,,,,,,,
5.109744952998881,0.0022619186978166303,0.019571940104166668,0.0,0.0,0.0115925,4.0,0.5575,-0.003193359349097591,0.3300498848160108,0.0006318607969054332,1.3019455427828082e-06,1.5050945106528009e-06,296976.55175,1.0,294875.73032421875,9.554170288443626e-07,1166.4617332601629,5760.0,1.0,,177,,,,,,,,
5.143851255998015,0.0025676606868122085,0.0299072265625,0.0,0.0,0.011545,4.0,0.5549999999999999,-0.002939510600602565,0.32999173924326897,0.0008691972276816765,3.6633738010512693e-06,1.3607383818244518e-06,296778.614,1.0,295051.66754687496,9.554170288443626e-07,1055.325434673045,5760.0,1.0,,178,,,,,,,,
5.196553724999831,0.0025138942340466506,0.024739583333333332,0.0,0.0,0.0114975,4.0,0.5525,-0.009045285327980915,0.33089629622797173,-0.00524225429398939,6.295547905210697e-06,1.6387010030409026e-06,297468.35349999997,1.0,294776.0651601562,9.554170288443626e-07,1368.5020351317496,5760.0,1.0,,179,,,,,,,,
5.124712602999352,0.003056016175833065,0.0469970703125,0.0,0.0,0.01145,4.0,0.55,-0.002646243059037564,0.3292693855861823,0.0011219770725195606,3.0744742550344504e-06,3.213551166207177e-06,297241.8185,1.0,295339.000109375,9.554170288443626e-07,1013.4244572774303,5760.0,1.0,,180,297509.56474999996,296495.11975,294975.64574999997,70000042,295044.92685,best_of_k,296495.11975,1084.7086823826119
5.188812877000601,0.0019387778835759188,0.019775390625,0.0,0.0,0.011402500000000001,4.0,0.5475,-0.00367390562799604,0.3284307587891817,7.026871511091788e-05,1.1068557424683452e-06,1.293243109046216e-06,297680.1517500001,1.0,295335.0372929687,9.554170288443626e-07,1042.65009344224,5760.0,1.0,,181,,,,,,,,
5.091270607001206,0.0023464289188268594,0.01708984375,0.0,0.0,0.011355,4.0,0.5449999999999999,-0.0038652756848023273,0.3278693910688162,-0.0001430200645700097,1.0560776146917306e-06,1.1925343095242624e-06,297028.28424999997,1.0,295060.35021874995,9.554170288443626e-07,1206.7717610275388,5760.0,1.0,,182,,,,,,,,
5.218207617999724,0.002426971317618154,0.023111979166666668,0.0,0.0,0.0113075,4.0,0.5425,-0.0024523504107492045,0.3260337207466364,0.0012330619307855766,1.4101195565293285e-06,2.144762423957521e-06,297173.6815,1.0,295137.8074570312,9.554170288443626e-07,1315.234496648572,5760.0,1.0,,183,,,,,,,,
5.231378873002541,0.002135501582718765,0.0201416015625,0.0,0.0,0.011260000000000001,4.0,0.54,-0.00914252910297364,0.3223103495935599,-0.0055139838756682975,1.209477755281796e-06,1.0975313398849569e-06,296939.65525,1.0,295187.44960156246,9.554170288443626e-07,1183.535588955132,5760.0,1.0,,184,,,,,,,,
5.195177252000576,0.0026898656530344547,0.025553385416666668,0.0,0.0,0.0112125,4.0,0.5375,-0.0060493505880003795,0.32283914523820084,-0.002430562861263752,1.585340515456816e-06,1.7764215473429583e-06,297303.4732499999,1.0,295049.4520273437,9.554170288443626e-07,1341.3218928543483,5760.0,1.0,,185,,,,,,,,
5.22893681700225,0.0024678213812876493,0.025594075520833332,0.0,0.0,0.011165,4.0,0.5349999999999999,-5.315610906109214e-06,0.32181613023082417,0.003587099975751092,9.259270399297748e-07,1.1369368699831739e-06,297130.3605,1.0,295356.90556640626,9.554170288443626e-07,1017.7965603985928,5760.0,1.0,,186,,,,,,,,
5.226066339000681,0.0019101383222732693,0.02783203125,0.0,0.0,0.0111175,4.0,0.5325,-0.004280153572229513,0.3155417100836833,-0.0007726638480865707,5.539872092915251e-07,9.791438107716506e-07,297205.93649999995,1.0,295544.73192578123,9.554170288443626e-07,730.9711643777553,5760.0,1.0,,187,,,,,,,,
5.1423697120008,0.0020848567995320386,0.013916015625,0.0,0.0,0.011070000000000002,4.0,0.53,-0.002972350708053758,0.3208444019158681,0.0005786927455725769,1.282675372730561e-06,1.1527978832267156e-06,297574.0845,1.0,295399.5033242187,9.554170288443626e-07,1228.0502265982539,5760.0,1.0,,188,,,,,,,,
5.196131357002741,0.0025651836501007588,0.028645833333333332,0.0,0.0,0.011022500000000001,4.0,0.5275000000000001,-0.005426507220060254,0.3182156141847372,-0.001920675296181192,1.1470478102163877e-06,3.1691095069656208e-06,296957.51499999996,1.0,295098.99834375,9.554170288443626e-07,1205.2352980825876,5760.0,1.0,,189,,,,,,,,
5.145026497000799,0.0024251220190005065,0.024861653645833332,0.0,0.0,0.010975,4.0,0.525,-0.007581035005083929,0.3192010385294755,-0.004079099220689386,1.0694843600352517e-06,2.3777142400168336e-06,297112.01499999996,1.0,295256.93535156245,9.554170288443626e-07,1125.2580483113932,5760.0,1.0,,190,,,,,,,,
5.16416636300346,0.001878858817993508,0.019083658854166668,0.0,0.0,0.010927500000000001,4.0,0.5225,-0.0012818487108840297,0.3214696794748306,0.002230343942452843,9.577234637940062e-07,1.143707420917887e-06,297242.56775,1.0,295366.32666406245,9.554170288443626e-07,938.4605648586557,5760.0,1.0,,191,,,,,,,,
5.14218900600099,0.0030636727363647274,0.036702473958333336,0.0,0.0,0.01088,4.0,0.52,-0.0046406525652855635,0.31806300083796185,-0.0011808505514636636,1.582707444214293e-06,1.1306304739851687e-06,297341.59625,1.0,295458.2220351562,9.554170288443626e-07,1104.4958410475303,5760.0,1.0,,192,,,,,,,,
5.159837702001823,0.0019452114017137017,0.019978841145833332,0.0,0.0,0.0108325,4.0,0.5175000000000001,-0.0028367802491023517,0.31713132932782173,0.0005974061108039072,1.3520239150466296e-06,2.00741167688534e-06,297159.45,1.0,295310.4088398437,9.554170288443626e-07,1265.207618371383,5760.0,1.0,,193,,,,,,,,
5.135722512000939,0.003212388214402987,0.048624674479166664,0.0,0.0,0.010785000000000001,4.0,0.515,-0.003875247231917456,0.3162616152937214,-0.0004650133293277274,1.3206807878418658e-06,1.0315280386900365e-06,297195.67299999995,1.0,295385.50899999996,9.554170288443626e-07,1091.6371083574181,5760.0,1.0,,194,,,,,,,,
5.120380626998667,0.0029569787778503573,0.036580403645833336,0.0,0.0,0.0107375,4.0,0.5125,-0.005497429738170467,0.3192120995372534,-0.0020704398630186915,1.2982979621748807e-06,8.397359548458402e-07,297423.9955,1.0,295431.2773867187,9.554170288443626e-07,954.7039613910673,5760.0,1.0,,195,,,,,,,,
5.1386929680011235,0.003436971370926282,0.043701171875,0.0,0.0,0.010690000000000002,4.0,0.51,-0.0043207318522036076,0.3190144629528125,-0.0009118962140443424,1.4398562792431828e-06,2.5698697048900008e-06,297463.17649999994,1.0,295265.2016328125,9.554170288443626e-07,1249.7565476724803,5760.0,1.0,,196,,,,,,,,
5.1704877840020345,0.002532940348222231,0.022908528645833332,0.0,0.0,0.010642500000000001,4.0,0.5075000000000001,-0.013749620139909288,0.3189324239889781,-0.010356088392048454,1.0508150355785044e-06,1.2034012470962807e-06,297479.30925,1.0,295467.62026953127,9.554170288443626e-07,1106.7640341461645,5760.0,1.0,,197,,,,,,,,
5.210703543001728,0.0019420281848094116,0.016927083333333332,0.0,0.0,0.010595,4.0,0.505,-0.005668371678135979,0.31801252750058967,-0.0022997543953048685,1.6532902264998484e-06,1.1202653702468979e-06,297173.04425,1.0,295345.95548046875,9.554170288443626e-07,1155.5153550573343,5760.0,1.0,,198,,,,,,,,
5.149533366002288,0.001721374377666507,0.016886393229166668,0.0,0.0,0.010547500000000001,4.0,0.5025,-0.002814195671817288,0.3163188739369313,0.0005215712105079243,9.915838733813114e-07,1.014829832020799e-06,296960.71325,1.0,295095.1399296875,9.554170288443626e-07,1097.044902430842,5760.0,1.0,,199,,,,,,,,
5.302794793999055,0.0019378373447883253,0.021647135416666668,0.0,0.0,0.0105,4.0,0.5,-0.00802675789600471,0.31418535361687344,-0.004728241746003429,8.233112858135883e-07,6.954920917697412e-07,297353.26524999994,1.0,295518.9041210938,9.554170288443626e-07,894.9360745360995,5760.0,1.0,,200,297680.1517500001,297319.0415,296530.14925,70000042,295539.34630000003,best_of_k,297319.0415,881.050118598586
5.128126358998998,0.0016442838799169597,0.020589192708333332,0.0,0.0,0.010452500000000002,4.0,0.49750000000000005,-0.00806232951435959,0.3120825340350469,-0.004800889010463531,6.83541917586202e-07,1.0674913758871678e-06,297466.92075000005,1.0,295677.1160507813,9.554170288443626e-07,874.4088333039679,5760.0,1.0,,201,,,,,,,,
5.175052214999596,0.0031051254554768093,0.031453450520833336,0.0,0.0,0.010405000000000001,4.0,0.495,-0.005803277434703584,0.31277033624549705,-0.002549663884565234,1.5568287802617913e-06,1.2125402844750017e-06,296958.862,1.0,295380.537703125,9.554170288443626e-07,1012.700942196431,5760.0,1.0,,202,,,,,,,,
5.140834207999433,0.001128364999506933,0.006103515625,0.0,0.0,0.010357500000000002,4.0,0.49250000000000005,-0.003322134575379702,0.3122109112640222,-8.997786790132523e-05,1.310610053669355e-06,2.873282696214119e-06,297413.98500000004,1.0,295711.2115078125,9.554170288443626e-07,1015.7408416529887,5760.0,1.0,,203,,,,,,,,
5.125571471002331,0.0026497844082769006,0.026326497395833332,0.0,0.0,0.01031,4.0,0.49,-0.005054355793011685,0.3087291767199834,-0.0018722158468638856,1.4511341296004805e-06,1.4261399658247835e-06,297208.581,1.0,295367.67183984374,9.554170288443626e-07,1499.4077397979559,5760.0,1.0,,204,,,,,,,,
5.1895701169996755,0.001828878548015685,0.012939453125,0.0,0.0,0.0102625,4.0,0.48750000000000004,-0.006438613859548544,0.307822289566199,-0.0032802898300966867,2.1108680610855877e-06,9.823270907816095e-07,297540.018,1.0,295563.17384375,9.554170288443626e-07,1039.9168191501578,5760.0,1.0,,205,,,,,,,,
5.133693839998159,0.001158307983132545,0.005859375,0.0,0.0,0.010215,4.0,0.485,-0.004685302750052263,0.3062430402884881,-0.0015578424839380507,1.1565994952889014e-06,1.3940471840593698e-06,297615.18675,1.0,295642.8512109375,9.554170288443626e-07,898.5310503200219,5760.0,1.0,,206,,,,,,,,
5.22148687400113,0.0017381404444070843,0.017374674479166668,0.0,0.0,0.010167500000000001,4.0,0.48250000000000004,-0.007251623591097693,0.3051190407325824,-0.004150102322455496,1.4660522739499509e-06,1.2603020991264202e-06,297141.7645,1.0,295554.52194921876,9.554170288443626e-07,1029.9874909680982,5760.0,1.0,,207,,,,,,,,
5.167581646001054,0.0017460216088996579,0.009724934895833334,0.0,0.0,0.01012,4.0,0.48,-0.00551871613424737,0.3052021184315284,-0.002430704000289552,9.685685699404682e-07,1.0721500546632494e-06,297503.85099999997,1.0,295447.9506601562,9.554170288443626e-07,1024.831762119837,5760.0,1.0,,208,,,,,,,,
5.257450103999872,0.0023367059669302157,0.0201416015625,0.0,0.0,0.010072500000000002,4.0,0.47750000000000004,-0.003971451321073498,0.30545511841773987,-0.0008955867670010775,1.34324544257917e-06,1.3963996773706337e-06,297278.96775,1.0,295366.7867421875,9.554170288443626e-07,1257.7680926762387,5760.0,1.0,,209,,,,,,,,
5.192730247999862,0.0018333522966713645,0.013712565104166666,0.0,0.0,0.010025000000000001,4.0,0.475,-0.0049475423341694596,0.302778381233414,-0.0019132615416310728,1.027786726837121e-06,1.938293846611335e-06,297299.17575,1.0,295390.479234375,9.554170288443626e-07,1106.3986635292702,5760.0,1.0,,210,,,,,,,,
5.175367126998026,0.0025316390359269767,0.0289306640625,0.0,0.0,0.009977500000000002,4.0,0.47250000000000003,-0.007056279151584022,0.3007701138655345,-0.004055915730229269,1.0358251714137623e-06,9.340393193705646e-07,296989.9259999999,1.0,295226.58353906247,9.554170288443626e-07,1164.0385523705022,5760.0,1.0,,211,,,,,,,,
5.13639162400068,0.0018286008562427014,0.015869140625,0.0,0.0,0.00993,4.0,0.47,-0.0069030360245960765,0.3024327699095011,-0.0039007791880673417,8.504087449049772e-07,1.6308244343103222e-06,297487.61224999995,1.0,295639.9064101563,9.554170288443626e-07,945.39207036526,5760.0,1.0,,212,,,,,,,,
5.150526569002977,0.0014908903370572564,0.011149088541666666,0.0,0.0,0.0098825,4.0,0.4675,-0.005642642650248793,0.30614468455314636,-0.002617885407137995,1.6214934935495269e-06,1.1109583297752579e-06,297305.428,1.0,295542.06891406246,9.554170288443626e-07,1042.350434295324,5760.0,1.0,,213,,,,,,,,
5.11556167299932,0.0017887504460910957,0.0166015625,0.0,0.0,0.009835,4.0,0.46499999999999997,-0.0022079566648850837,0.305837561065952,0.0007994274880426625,1.1200581191417314e-06,8.330094516395548e-07,297629.065,1.0,295473.5948554687,9.554170288443626e-07,995.4615874897819,5760.0,1.0,,214,,,,,,,,
5.2949761010022485,0.002018115648146098,0.015177408854166666,0.0,0.0,0.009787500000000001,4.0,0.4625,-0.006321047243545763,0.3055233241369327,-0.0033314293153428784,1.1420348234499518e-06,1.1541290814894485e-06,296985.61825,1.0,295385.662796875,9.554170288443626e-07,1021.1169198593143,5760.0,1.0,,215,,,,,,,,
5.138733666997723,0.0019220501999370754,0.0174560546875,0.0,0.0,0.00974,4.0,0.45999999999999996,-0.0037506949059509984,0.30620176158845425,-0.0007690803613513708,1.0216070608729904e-06,1.3770845311474507e-06,297481.27925,1.0,295581.01455859374,9.554170288443626e-07,1000.4700553476333,5760.0,1.0,,216,,,,,,,,
5.181765618999634,0.0023913871652136245,0.0286865234375,0.0,0.0,0.009692500000000001,4.0,0.4575,-0.0031424190286391727,0.30500556839009124,-0.0001873945778546234,1.392829301967898e-06,2.2043055913911758e-06,297010.35575,1.0,295530.36626953125,9.554170288443626e-07,873.1462297789036,5760.0,1.0,,217,,,,,,,,
5.3165299739994225,0.0017719279591498587,0.0150146484375,0.0,0.0,0.009644999999999999,4.0,0.45499999999999996,-0.005364193037773172,0.30666569247841835,-0.0024069840631758175,9.179116157535342e-07,9.802704840448466e-07,297398.10825,1.0,295707.6276875,9.554170288443626e-07,1091.3202439618008,5760.0,1.0,,218,,,,,,,,
5.375472732001072,0.0025650059857677356,0.023966471354166668,0.0,0.0,0.0095975,4.0,0.4525,-0.005344462008603538,0.30348733129600686,-0.002432503766613081,9.031871333794091e-07,1.3426464064991706e-06,297088.1305,1.0,295430.17770703125,9.554170288443626e-07,1043.8619396508598,5760.0,1.0,,219,,,,,,,,
5.28359290699882,0.0014885421405779198,0.011962890625,0.0,0.0,0.00955,4.0,0.44999999999999996,-0.005971883190795779,0.3019287381321192,-0.003088999636626492,8.312929674995454e-07,9.044816652685009e-07,297350.423,1.0,295720.1417695312,9.554170288443626e-07,843.612602241541,5760.0,1.0,,220,297680.1517500001,297210.8185,294227.89225,70000042,295649.17712500005,best_of_k,297210.8185,1255.705509903816
5.142540280998219,0.0014094246968549367,0.007568359375,0.0,0.0,0.0095025,4.0,0.4475,-0.004771184171355951,0.30236563831567764,-0.0018987089667158823,1.1418654182193677e-06,1.2801714497356897e-06,297413.0595,1.0,295624.4690390625,9.554170288443626e-07,1288.164556050192,5760.0,1.0,,221,,,,,,,,
5.222350222997193,0.0020749347701591128,0.019327799479166668,0.0,0.0,0.009455,4.0,0.44499999999999995,-0.004551704160500473,0.3042092428853114,-0.001676009987325718,1.8313176054126263e-06,8.42074435070117e-07,296936.8255,1.0,295534.80555078125,9.554170288443626e-07,1059.0825742318366,5760.0,1.0,,222,,,,,,,,
5.154722727002081,0.0017824582804072027,0.018269856770833332,0.0,0.0,0.009407500000000001,4.0,0.4425,-0.008053232915699482,0.3041749894618988,-0.0051923618496706085,1.4029105119088097e-06,1.029812640496175e-06,297721.01174999995,1.0,295699.946484375,9.554170288443626e-07,1126.2460857581161,5760.0,1.0,,223,,,,,,,,
5.242237132999435,0.0023691460592090152,0.022013346354166668,0.0,0.0,0.00936,4.0,0.43999999999999995,-0.0025152316666208208,0.3031070673217376,0.00032136997712465626,8.048050699945483e-07,7.984684155341407e-07,297445.47424999997,1.0,295642.1098476562,9.554170288443626e-07,1035.3582430392964,5760.0,1.0,,224,,,,,,,,
5.17171519600015,0.0022552270432546115,0.0189208984375,0.0,0.0,0.009312500000000001,4.0,0.4375,-0.004636154975742102,0.3025711023559173,-0.001818889034135888,8.658591011586244e-07,6.815308388752328e-07,297376.24875,1.0,295698.43407421873,9.554170288443626e-07,955.3513008323462,5760.0,1.0,,225,,,,,,,,
5.2039916749999975,0.0013444232220839087,0.009358723958333334,0.0,0.0,0.009265000000000002,4.0,0.43500000000000005,-0.002596538072490754,0.30032141134142876,0.00018521609793727598,9.090155093834559e-07,1.2651961185383698e-06,297599.43,1.0,295505.1360898437,9.554170288443626e-07,990.0285376924315,5760.0,1.0,,226,,,,,,,,
5.081050333003077,0.0020933439567064247,0.0186767578125,0.0,0.0,0.0092175,4.0,0.4325,-0.004841544607188553,0.29854510600368184,-0.002090306292908887,1.1654790436447608e-06,9.690753959290532e-07,297432.23425,1.0,295619.339921875,9.554170288443626e-07,1035.5558537155207,5760.0,1.0,,227,,,,,,,,
5.140410415999213,0.0022023564282183847,0.022298177083333332,0.0,0.0,0.009170000000000001,4.0,0.43000000000000005,-0.0031846971542108804,0.2959344356010358,-0.00047186560307939846,8.409490194575634e-07,1.6065307223792995e-06,297157.70125,1.0,295586.3022109375,9.554170288443626e-07,1021.6628833394365,5760.0,1.0,,228,,,,,,,,
5.09162696400017,0.0015259686479112133,0.0140380859375,0.0,0.0,0.0091225,4.0,0.4275,-0.005872559517835422,0.2985292163987954,-0.003151562608157595,1.1485701018424759e-06,4.441594950795509e-06,297306.2065,1.0,295619.3029179687,9.554170288443626e-07,975.5416814247968,5760.0,1.0,,229,,,,,,,,
5.312637384999107,0.0011271562228406158,0.00537109375,0.0,0.0,0.009075000000000001,4.0,0.42500000000000004,-0.0036855140739741423,0.2972922765960296,-0.0009883884243511905,6.719901553727444e-07,1.4689261078615345e-06,297513.35124999995,1.0,295838.1724882812,9.554170288443626e-07,851.8363328569278,5760.0,1.0,,230,,,,,,,,
5.215108675001829,0.001280039354848365,0.009684244791666666,0.0,0.0,0.0090275,4.0,0.4225,-0.006916373939020559,0.2970163933932781,-0.00423570900845031,8.59612391934661e-07,1.1292939111247808e-06,297486.12925,1.0,295797.25028906245,9.554170288443626e-07,909.4801037793031,5760.0,1.0,,231,,,,,,,,
5.236956961001852,0.001720074753393419,0.016764322916666668,0.0,0.0,0.008980000000000002,4.0,0.42000000000000004,-0.003487345590353167,0.2969991819312175,-0.0008207451707373062,8.083272421780899e-07,7.436956857749996e-07,297283.972,1.0,295640.5372265625,9.554170288443626e-07,972.5289913383752,5760.0,1.0,,232,,,,,,,,
5.180060136997781,0.0015047981796669774,0.013468424479166666,0.0,0.0,0.008932500000000001,4.0,0.4175,-0.005270017616567202,0.29391810577362776,-0.0026450808703278503,7.042443499472029e-07,8.336119314833468e-07,297572.95275,1.0,296030.502078125,9.554170288443626e-07,790.0722670204754,5760.0,1.0,,233,,,,,,,,
5.226638570002251,0.0014297987121002127,0.013631184895833334,0.0,0.0,0.008885,4.0,0.41500000000000004,-0.007961763801480023,0.2947673400243123,-0.005343272738779585,8.499094240240387e-07,8.624532317943098e-07,297185.294,1.0,295690.5041171875,9.554170288443626e-07,856.3674858304546,5760.0,1.0,,234,,,,,,,,
5.315589827001531,0.0016318298900538746,0.0130615234375,0.0,0.0,0.0088375,4.0,0.4125,0.0004883846219551439,0.29351396051545936,0.0030817996012046933,7.044216860189559e-07,8.891033556797842e-07,297424.24724999996,1.0,295665.2584453125,9.554170288443626e-07,970.8190400420997,5760.0,1.0,,235,,,,,,,,
5.201793547999841,0.0022549734446026073,0.0245361328125,0.0,0.0,0.008790000000000001,4.0,0.41000000000000003,-0.005317425859781603,0.2936555811514457,-0.002736728230956942,1.0268548393810306e-06,8.652080036123758e-07,297114.46374999994,1.0,295567.163859375,9.554170288443626e-07,1124.5063103619025,5760.0,1.0,,236,,,,,,,,
5.254329875999247,0.0011202024446295884,0.0072021484375,0.0,0.0,0.0087425,4.0,0.4075,-0.007123765880047965,0.2930430279423793,-0.004562305800694351,9.423514294818839e-07,7.486949892647014e-07,297450.1005,1.0,295924.3790585937,9.554170288443626e-07,939.4749569894094,5760.0,1.0,,237,,,,,,,,
5.210254139998142,0.0015271023075911216,0.01220703125,0.0,0.0,0.008695000000000001,4.0,0.405,-0.003757870751239049,0.2916029014935096,-0.001222922020436575,8.26758265996356e-07,9.124207724179693e-07,297541.59625000006,1.0,295771.08010546875,9.554170288443626e-07,1072.570685582195,5760.0,1.0,,238,,,,,,,,
5.156812932000321,0.0012200589723458204,0.010416666666666666,0.0,0.0,0.0086475,4.0,0.40249999999999997,-0.006941598772148912,0.2903709299862385,-0.004431199845081816,6.470320705886934e-07,1.0374202901175522e-06,297158.54799999995,1.0,295678.7860820312,9.554170288443626e-07,882.6669107256589,5760.0,1.0,,239,,,,,,,,
5.116673548000108,0.002455086272675544,0.027750651041666668,0.0,0.0,0.008600000000000002,4.0,0.4,-0.003605517471441999,0.28964698159446317,-0.0011149805019764851,9.09769254301788e-07,6.715522407792681e-07,297362.62075000006,1.0,295771.471796875,9.554170288443626e-07,1038.6383142982029,5760.0,1.0,,240,297721.01174999995,297302.22725,296259.74075,70000042,296048.16780833335,best_of_k,297302.22725,921.0485625147669
5.196997134000412,0.0014830124394696516,0.011474609375,0.0,0.0,0.0085525,4.0,0.39749999999999996,-0.003108425560640171,0.29156645325322944,-0.000615360807084168,1.8099016341939962e-06,7.524800693659017e-07,297440.99025,1.0,295914.40739453124,9.554170288443626e-07,921.7518982304093,5760.0,1.0,,241,,,,,,,,
5.165484776000085,0.001663898578650939,0.012898763020833334,0.0,0.0,0.008505,4.0,0.395,-0.005263309537743528,0.28937626009186107,-0.0028030748944729567,1.1921763499363653e-06,1.582005108247131e-06,297456.08375000005,1.0,295791.408484375,9.554170288443626e-07,997.936761187003,5760.0,1.0,,242,,,,,,,,
5.279369890002272,0.0024515028999303468,0.024454752604166668,0.0,0.0,0.0084575,4.0,0.39249999999999996,-0.0046134432923281565,0.2901280851413806,-0.0021607649396173656,7.363523456168272e-07,2.012344294162934e-06,297323.85625,1.0,295906.2073359375,9.554170288443626e-07,998.6965201777809,5760.0,1.0,,243,,,,,,,,
5.106240549997892,0.0013744265888817608,0.008992513020833334,0.0,0.0,0.00841,4.0,0.39,-0.005847931272001006,0.2896661125123501,-0.0034128253270561495,7.745561430757183e-07,1.8178033324526648e-06,297735.40225,1.0,295944.11787109374,9.554170288443626e-07,1003.4267402590278,5760.0,1.0,,244,,,,,,,,
5.294958091999433,0.001199209732779612,0.0047607421875,0.0,0.0,0.0083625,4.0,0.38749999999999996,-0.008348938320220137,0.28882905716697377,-0.005934602794392656,9.221224080609621e-07,1.8106272143825208e-06,297506.18049999996,1.0,295948.27926171874,9.554170288443626e-07,959.1399227052549,5760.0,1.0,,245,,,,,,,,
5.12628622199918,0.0012309560261201113,0.008748372395833334,0.0,0.0,0.008315000000000001,4.0,0.385,0.0033656665376232318,0.2876750628153483,0.00575720748747699,8.892394352718233e-07,7.776813291116014e-07,297300.258,1.0,295843.8410039062,9.554170288443626e-07,988.8691894690063,5760.0,1.0,,246,,,,,,,,
5.213169835002191,0.0022450925995750972,0.02734375,0.0,0.0,0.0082675,4.0,0.38249999999999995,-0.009141009834517414,0.28848925046622753,-0.006756492400503096,9.66525071532942e-07,9.426595977875726e-07,297656.3505,1.0,295649.522171875,9.554170288443626e-07,1168.857178241134,5760.0,1.0,,247,,,,,,,,
5.183526429998892,0.0017931402956795257,0.015218098958333334,0.0,0.0,0.008220000000000002,4.0,0.38,-0.008036864741976993,0.29210486138860386,-0.005636225134367123,8.184409310274532e-07,7.612548150367123e-07,297708.19525,1.0,295755.11813671875,9.554170288443626e-07,954.8232875368112,5760.0,1.0,,248,,,,,,,,
5.183043647000886,0.0026916357843826213,0.033976236979166664,0.0,0.0,0.0081725,4.0,0.37749999999999995,-0.0074430735112400725,0.2885347114255031,-0.005085558999174585,1.059007033177295e-06,8.596871173457051e-07,297781.67925,1.0,295713.4028710937,9.554170288443626e-07,1083.423405943116,5760.0,1.0,,249,,,,,,,,
5.106358499000635,0.00138787716908458,0.0145263671875,0.0,0.0,0.008125,4.0,0.375,-0.002591111566289328,0.2892707660794258,-0.00024233171522306898,8.895983458027482e-07,2.9116304567367024e-06,297559.28575000004,1.0,295765.41029296874,9.554170288443626e-07,1052.8425145026906,5760.0,1.0,,250,,,,,,,,
5.144029761999263,0.00125621414432923,0.011678059895833334,0.0,0.0,0.008077500000000001,4.0,0.37250000000000005,-0.004405183011840563,0.2901013145844142,-0.002062345447484404,7.361377214465392e-07,7.637144771403351e-07,297445.69025,1.0,295743.21211328125,9.554170288443626e-07,925.4066439540998,5760.0,1.0,,251,,,,,,,,
5.278725445001328,0.0014295678071600075,0.011027018229166666,0.0,0.0,0.00803,4.0,0.37,-0.006525122136129842,0.2890118230134249,-0.004204697926373531,5.717216318146257e-07,5.669798562498348e-07,297469.48049999995,1.0,296039.4016484375,9.554170288443626e-07,810.2816829727359,5760.0,1.0,,252,,,,,,,,
5.179143461002241,0.0013691502244910225,0.010335286458333334,0.0,0.0,0.007982500000000002,4.0,0.36750000000000005,-0.0035107476433040574,0.28898412734270096,-0.0012043915533771117,8.629745854212464e-07,7.468808445783756e-07,297198.069,1.0,295787.90494531253,9.554170288443626e-07,959.3215702678411,5760.0,1.0,,253,,,,,,,,
5.17505453099875,0.0014428072317969054,0.011678059895833334,0.0,0.0,0.007935000000000001,4.0,0.365,-0.004067079532736291,0.2894173761208852,-0.0017710007571925719,8.605869498505095e-07,7.247720195853921e-07,297360.15174999996,1.0,295940.9259414063,9.554170288443626e-07,1091.0877636196983,5760.0,1.0,,254,,,,,,,,
5.165679582001758,0.0009877627817331813,0.0036214192708333335,0.0,0.0,0.007887500000000002,4.0,0.36250000000000004,-0.0019448265569129337,0.28979581594467163,0.0003405525252067794,5.469386614720406e-07,6.616833883773173e-07,297448.4925,1.0,295945.7801875,9.554170288443626e-07,737.7002279486442,5760.0,1.0,,255,,,,,,,,
5.175085331000446,0.0010225522491964512,0.0015462239583333333,0.0,0.0,0.00784,4.0,0.36,-0.007517691138976564,0.28731008774290484,-0.005265591025818139,5.429555827163313e-07,7.136147874102031e-07,297488.11699999997,1.0,296046.3988867187,9.554170288443626e-07,812.7330794406955,5760.0,1.0,,256,,,,,,,,
5.093829134999396,0.0015850267615557339,0.0123291015625,0.0,0.0,0.007792500000000001,4.0,0.35750000000000004,-0.001085750026201519,0.2881028763949871,0.0011587725020945072,8.464285485842993e-07,8.689822550422832e-07,297356.40049999993,1.0,295841.8917304687,9.554170288443626e-07,930.4216796019931,5760.0,1.0,,257,,,,,,,,
5.18031191299815,0.0012515896548090193,0.007609049479166667,0.0,0.0,0.007745,4.0,0.355,-0.002201819511052842,0.2842769082635641,-5.770416464656591e-07,8.030336502429236e-07,8.031864548267246e-07,297418.26125000004,1.0,295818.38640624995,9.554170288443626e-07,968.3734260872668,5760.0,1.0,,258,,,,,,,,
5.171041761001106,0.0011564667244480613,0.006184895833333333,0.0,0.0,0.007697500000000001,4.0,0.35250000000000004,-0.0057595524097754,0.2840548387418191,-0.003573513803227494,8.341988610993667e-07,7.791130075910738e-07,297862.21599999996,1.0,295796.915953125,9.554170288443626e-07,1235.8996932192542,5760.0,1.0,,259,,,,,,,,
5.134783440000319,0.00163907549722353,0.012532552083333334,0.0,0.0,0.0076500000000000005,4.0,0.35,-0.0008661934237655563,0.2848786022514105,0.0013124066560218732,1.230623070114234e-06,1.195207580906299e-06,297435.84475000005,1.0,295692.066921875,9.554170288443626e-07,1151.3732390899656,5760.0,1.0,,260,297862.21599999996,297586.75575,294782.24975,70000042,296114.4692666666,best_of_k,297586.75575,817.9595819858808
5.173015987002145,0.00167615566412375,0.016357421875,0.0,0.0,0.007602500000000002,4.0,0.34750000000000003,0.0002572249116686483,0.2845809863259395,0.0024201760825235397,7.904354859533669e-07,9.929161854197825e-07,297254.5565,1.0,296061.17801953125,9.554170288443626e-07,854.174750162765,5760.0,1.0,,261,,,,,,,,
5.107191252998746,0.0017778517940314487,0.022623697916666668,0.0,0.0,0.007555000000000001,4.0,0.345,-0.0073004067283667,0.2825279403477907,-0.005166984745301306,1.2354907390488279e-06,1.9056893651262878e-06,297134.02475,1.0,295914.09061328124,9.554170288443626e-07,962.7801128305799,5760.0,1.0,,262,,,,,,,,
5.087131780997879,0.0018724488084747766,0.0194091796875,0.0,0.0,0.007507500000000002,4.0,0.3425,-0.004070914202505567,0.28373746077219647,-0.0019411197766506423,7.597078314584375e-07,5.7820581567114e-07,297493.064,1.0,296005.8145078125,9.554170288443626e-07,828.4723930361877,5760.0,1.0,,263,,,,,,,,
5.149241106999398,0.0009829273088447128,0.007771809895833333,0.0,0.0,0.00746,4.0,0.33999999999999997,-0.005050673949881457,0.2861840948462486,-0.002916187009153267,1.174951106482543e-06,6.578518358206035e-07,297216.07200000004,1.0,295729.5539414062,9.554170288443626e-07,838.0078456120798,5760.0,1.0,,264,,,,,,,,
5.198321094998391,0.0011484664889091316,0.008463541666666666,0.0,0.0,0.007412500000000001,4.0,0.3375,-0.0018088168241471674,0.28175137750804424,0.00027935797697864473,5.316860611041344e-07,5.07772726384322e-07,297298.3719999999,1.0,295824.7276835937,9.554170288443626e-07,811.2897078774535,5760.0,1.0,,265,,,,,,,,
5.16545423199932,0.0020392298198809535,0.024576822916666668,0.0,0.0,0.007365,4.0,0.33499999999999996,-0.0032675684099861733,0.28249546388785046,-0.0011874109817047913,1.0554818127654169e-06,6.320056928169985e-07,297151.81375,1.0,295678.2185898437,9.554170288443626e-07,1044.4828233011933,5760.0,1.0,,266,,,,,,,,
5.18939348099957,0.003575742715232385,0.048055013020833336,0.0,0.0,0.007317500000000001,4.0,0.3325,-0.007371892092730074,0.28340214242537815,-0.005298445277730934,5.219151137936251e-07,5.929241453372924e-07,297781.24974999996,1.0,296101.16126953124,9.554170288443626e-07,829.7040628444006,5760.0,1.0,,267,,,,,,,,
5.130842499998835,0.0016465231359082584,0.0133056640625,0.0,0.0,0.00727,4.0,0.32999999999999996,-0.0018112108155037276,0.2852535527199507,0.0002622246101964265,6.860031251202751e-07,5.781616601770642e-07,297533.977,1.0,296086.4485429687,9.554170288443626e-07,881.5918897438471,5760.0,1.0,,268,,,,,,,,
5.3535223309991125,0.0016833941408549435,0.015421549479166666,0.0,0.0,0.0072225000000000015,4.0,0.3275,-0.0077578402900447445,0.2850596954425176,-0.005699388682842255,5.609259012828716e-07,6.71345538568365e-07,297233.7695,1.0,295996.00651953125,9.554170288443626e-07,748.4386491257653,5760.0,1.0,,269,,,,,,,,
5.098964461998548,0.0016952539153862745,0.017862955729166668,0.0,0.0,0.007174999999999999,4.0,0.32499999999999996,-0.003299559461690175,0.2818258615831534,-0.0012780931040955086,1.1779681810727045e-06,1.0323720071407176e-06,297602.505,1.0,295889.2073867187,9.554170288443626e-07,1112.6464803888161,5760.0,1.0,,270,,,,,,,,
5.231067811000685,0.001885717734694481,0.014200846354166666,0.0,0.0,0.0071275,4.0,0.3225,-0.005980026922770776,0.28065305141111213,-0.003980368560102458,1.1948853876712444e-06,1.1534813756005253e-06,297589.58875000005,1.0,295746.0495195312,9.554170288443626e-07,1167.9602515096221,5760.0,1.0,,271,,,,,,,,
5.08556346000114,0.0014365961930404107,0.012613932291666666,0.0,0.0,0.0070799999999999995,4.0,0.31999999999999995,-0.0024578023488478116,0.27988119920094806,-0.0004766642620476584,4.966021975860713e-07,7.41667866085057e-07,297294.70525,1.0,296205.3690664063,9.554170288443626e-07,752.3418503835632,5760.0,1.0,,272,,,,,,,,
5.225230541000201,0.0010406798804372859,0.008463541666666666,0.0,0.0,0.0070325000000000006,4.0,0.3175,-0.0022281426936388016,0.28091765629748505,-0.0002531400726487239,9.178719733900683e-07,9.181830407101188e-07,297626.83800000005,1.0,296007.82774609374,9.554170288443626e-07,864.1597221391982,5760.0,1.0,,273,,,,,,,,
5.205440789999557,0.001976093764824327,0.018107096354166668,0.0,0.0,0.006985,4.0,0.31499999999999995,-0.006707448507465112,0.282408369705081,-0.004735203188223143,6.869077271431934e-07,6.17420624848819e-07,297699.118,1.0,296041.04940625,9.554170288443626e-07,951.4129122030419,5760.0,1.0,,274,,,,,,,,
5.196885195000505,0.0011032462328633603,0.005696614583333333,0.0,0.0,0.006937500000000001,4.0,0.3125,-0.0021889247097230204,0.28129565839966136,-0.0002379542177853485,6.281207186968155e-07,9.10731950890901e-07,297602.941,1.0,295989.0843945312,9.554170288443626e-07,982.4773932626871,5760.0,1.0,,275,,,,,,,,
5.2480022859999735,0.001245164991511653,0.008097330729166666,0.0,0.0,0.006890000000000002,4.0,0.31000000000000005,-0.002285484370077029,0.28123610373586416,-0.00034822690455863875,5.998199625878442e-07,7.990354689013657e-07,297427.62374999997,1.0,296002.4085898437,9.554170288443626e-07,917.6392605857093,5760.0,1.0,,276,,,,,,,,
5.308224614997016,0.000978579802904278,0.007405598958333333,0.0,0.0,0.006842500000000001,4.0,0.3075,0.0019597474165493622,0.28220592252910137,0.003890035227717211,1.1410825481542968e-06,1.1851693078786714e-06,297428.3005,1.0,295913.763296875,9.554170288443626e-07,1355.177046725238,5760.0,1.0,,277,,,,,,,,
5.272460824999143,0.00064288268670983,0.003662109375,0.0,0.0,0.006795000000000002,4.0,0.30500000000000005,-0.002876460464904085,0.28147999476641417,-0.0009642591661152741,5.501779914614721e-07,7.989451784595758e-07,297633.077,1.0,296153.4554648437,9.554170288443626e-07,780.132892240771,5760.0,1.0,,278,,,,,,,,
5.273887833998742,0.0008211379705850655,0.0019124348958333333,0.0,0.0,0.0067475,4.0,0.3025,-0.0034284484936506487,0.2794228171308835,-0.0015434336091857404,6.197910262054999e-07,6.572499605302559e-07,297602.7705,1.0,296130.6981328125,9.554170288443626e-07,803.6162805302047,5760.0,1.0,,279,,,,,,,,
5.15423588900012,0.0014709964986347284,0.008056640625,0.0,0.0,0.006700000000000001,4.0,0.30000000000000004,-0.0018407704580264788,0.2789390627294779,2.7800696746756632e-05,6.329625629556782e-07,5.133157543468769e-07,297557.04500000004,1.0,296126.27909765625,9.554170288443626e-07,960.9772658974057,5760.0,1.0,,280,297862.21599999996,297067.94225,297041.99425,70000042,296167.4699916667,best_of_k,297067.94225,651.9589385234283
5.169860891001008,0.0005962475091412974,0.0025227864583333335,0.0,0.0,0.0066525,4.0,0.2975,0.0020115079557096274,0.27796314004808664,0.0038603406380085894,5.044197107414069e-07,5.322125531392885e-07,297681.01025000005,1.0,296184.07121093746,9.554170288443626e-07,782.9950411617672,5760.0,1.0,,281,,,,,,,,
5.211933532002149,0.0009297990861038367,0.00634765625,0.0,0.0,0.0066050000000000015,4.0,0.29500000000000004,-0.0027079405578357787,0.27759038160244626,-0.0008748279457601408,6.057450280631352e-07,6.235433514708196e-07,297463.73824999994,1.0,295815.6923085937,9.554170288443626e-07,992.6657052376606,5760.0,1.0,,282,,,,,,,,
5.145642649000365,0.0016829333205047685,0.014811197916666666,0.0,0.0,0.006557500000000001,4.0,0.2925,-0.006636265813237212,0.2783635252465804,-0.004811266689406087,6.06043008370231e-07,6.186893912740743e-07,297411.338,1.0,295963.63730468747,9.554170288443626e-07,994.8262249344375,5760.0,1.0,,283,,,,,,,,
5.164539956000226,0.002253433999915918,0.022867838541666668,0.0,0.0,0.006510000000000002,4.0,0.29000000000000004,0.000749213169910945,0.2771670278161764,0.002553066015631581,5.423516326411951e-07,9.00952228377605e-07,297850.65275,1.0,296221.77244140627,9.554170288443626e-07,846.3215418233362,5760.0,1.0,,284,,,,,,,,
5.19410628300102,0.0012899361754534766,0.013834635416666666,0.0,0.0,0.0064624999999999995,4.0,0.2875,-0.0019402627658564597,0.2769574566433827,-0.00015094480477273464,8.376594256750044e-07,8.7204902143867e-07,297548.69275000005,1.0,295857.3228867187,9.554170288443626e-07,942.0633484931296,5760.0,1.0,,285,,,,,,,,
5.343246291002288,0.0009413605487983053,0.0034993489583333335,0.0,0.0,0.0064150000000000006,4.0,0.28500000000000003,-0.0011806450978231926,0.2760876559962829,0.0005900546869573494,6.701046798932945e-07,6.715948401847527e-07,297567.46775,1.0,296127.09383203124,9.554170288443626e-07,823.6702675802358,5760.0,1.0,,286,,,,,,,,
5.202069594000932,0.0013749741483479738,0.012451171875,0.0,0.0,0.0063675,4.0,0.2825,-0.001503698069427628,0.27927940028409165,0.0002740058892716964,7.692750969567896e-07,1.06109509564097e-06,297618.7315,1.0,296102.88689453126,9.554170288443626e-07,1072.89067966955,5760.0,1.0,,287,,,,,,,,
5.1639288070000475,0.0012456685823660034,0.011637369791666666,0.0,0.0,0.006320000000000001,4.0,0.28,-0.002320688023852805,0.2744678904612859,-0.0005864676592561106,6.958839643781781e-07,6.942057133585422e-07,297551.0785,1.0,296020.587453125,9.554170288443626e-07,938.6914003641174,5760.0,1.0,,288,,,,,,,,
5.236718562999158,0.0014777451312208238,0.009928385416666666,0.0,0.0,0.0062725,4.0,0.27749999999999997,0.002113817439142925,0.2755032206575076,0.0038415384284841516,4.6443884886097447e-07,6.530478930955042e-07,297361.6125,1.0,296080.24846875,9.554170288443626e-07,763.9702985469833,5760.0,1.0,,289,,,,,,,,
5.1570231080004305,0.001209670086003219,0.012980143229166666,0.0,0.0,0.006225000000000001,4.0,0.275,-9.540742272899176e-05,0.2781312670558691,0.0016356814206422616,4.745867657381571e-07,4.6233151351771085e-07,297329.27749999997,1.0,296098.8889609375,9.554170288443626e-07,783.133893770576,5760.0,1.0,,290,,,,,,,,
5.1417981650010915,0.001459703754032186,0.011271158854166666,0.0,0.0,0.006177500000000001,4.0,0.27249999999999996,-0.004814590077633814,0.27695672151943046,-0.00310395520258074,4.789402533826129e-07,4.3453133535820143e-07,297807.1595,1.0,296294.2974960938,9.554170288443626e-07,813.2389896248148,5760.0,1.0,,291,,,,,,,,
5.189574985000945,0.0012168695878547926,0.0091552734375,0.0,0.0,0.006130000000000002,4.0,0.27,-0.005596479221518773,0.2767199793209632,-0.0039004767895676196,4.4225066334983393e-07,4.939055025706315e-07,297458.663,1.0,296194.1742265625,9.554170288443626e-07,823.0604783261319,5760.0,1.0,,292,,,,,,,,
5.155120383999019,0.0012921244730629648,0.014729817708333334,0.0,0.0,0.006082499999999999,4.0,0.26749999999999996,-0.005566049682480904,0.2753592866162459,-0.0038915105590907237,5.589043278556952e-07,5.554126539427292e-07,297378.62925,1.0,296093.9018125,9.554170288443626e-07,898.5278571949252,5760.0,1.0,,293,,,,,,,,
5.1806346509984,0.0017684976482996717,0.010945638020833334,0.0,0.0,0.006035,4.0,0.265,-0.003378757721899698,0.2784477109089494,-0.0016987647589606543,7.306725393618763e-07,7.330452144553116e-07,297193.27625,1.0,295967.75721093745,9.554170288443626e-07,850.5510766840423,5760.0,1.0,,294,,,,,,,,
5.066955054000573,0.0011885129109335442,0.01171875,0.0,0.0,0.0059875,4.0,0.26249999999999996,0.001354559256772821,0.2758551985025406,0.0030058044746207693,7.043549595427597e-07,7.345473414706779e-07,297318.94875,1.0,296094.2021640625,9.554170288443626e-07,906.925289368502,5760.0,1.0,,295,,,,,,,,
5.097517706999497,0.001720076967709853,0.014729817708333334,0.0,0.0,0.005940000000000001,4.0,0.26,-0.006441788197359226,0.27516852722813684,-0.0048075935725743575,5.213398542499211e-07,5.091433491107485e-07,297830.41449999996,1.0,296112.55421875004,9.554170288443626e-07,759.7284167682978,5760.0,1.0,,296,,,,,,,,
5.048777701002109,0.0006382157152984291,0.004150390625,0.0,0.0,0.0058925,4.0,0.25749999999999995,-0.004810660279569372,0.27367731370031834,-0.0031984482775442302,7.784711713772671e-07,7.06385382187591e-07,297422.285,1.0,296056.6369023437,9.554170288443626e-07,825.7137727016466,5760.0,1.0,,297,,,,,,,,
5.179659497996909,0.0007615854289421501,0.001953125,0.0,0.0,0.005845000000000001,4.0,0.255,-0.007194279906495164,0.27434433810412884,-0.005591177303964893,8.430626590912501e-07,7.106756025147357e-07,297284.39274999994,1.0,296023.8403476562,9.554170288443626e-07,1003.6886354150296,5760.0,1.0,,298,,,,,,,,
5.190207387000555,0.0006783668917099325,0.0006510416666666666,0.0,0.0,0.005797500000000001,4.0,0.25249999999999995,-0.0036116606885722526,0.2751692247887452,-0.002016705305625995,4.985447243181321e-07,5.76119246531448e-07,297466.79425000004,1.0,296252.8077421875,9.554170288443626e-07,768.0904090606458,5760.0,1.0,,299,,,,,,,,
5.194599293998181,0.0010291831883174989,0.007527669270833333,0.0,0.0,0.005750000000000002,4.0,0.25,2.1905272054330755e-05,0.2724887393414974,0.0015884596505202353,4.1040510782390055e-07,4.288156887355399e-07,297590.66174999997,1.0,296274.1294335937,9.554170288443626e-07,772.6981467510632,5760.0,1.0,,300,297862.21599999996,297537.9455,297145.0515,70000042,296257.3175333334,best_of_k,297537.9455,1294.589394815274
5.13295763899805,0.000850970929604955,0.005167643229166667,0.0,0.0,0.005702500000000001,4.0,0.24750000000000005,-0.0060819919453933835,0.2721756137907505,-0.0045301474165171385,4.115398546389315e-07,3.9147023223051747e-07,297451.72550000006,1.0,296333.0109570313,9.554170288443626e-07,780.6215037658586,5760.0,1.0,,301,,,,,,,,
5.0616859380024835,0.0003858605705318041,0.0016682942708333333,0.0,0.0,0.005655,4.0,0.245,-0.0008445924928916307,0.2707893451054891,0.0006862579418035845,7.913741022491649e-07,7.676178732651806e-07,297513.14924999996,1.0,296013.3444140625,9.554170288443626e-07,1111.5433097510293,5760.0,1.0,,302,,,,,,,,
5.308107344000746,0.0008909612006391399,0.006184895833333333,0.0,0.0,0.005607500000000001,4.0,0.24250000000000005,-0.005223730957368389,0.2725402557601531,-0.00369595936111485,6.150543375345782e-07,8.735298351325582e-07,297443.9925,1.0,296118.8831445312,9.554170288443626e-07,852.4749392509035,5760.0,1.0,,303,,,,,,,,
5.277278845998808,0.0013596079782776844,0.013916015625,0.0,0.0,0.005560000000000001,4.0,0.24,-0.001678639542660676,0.27013807867964107,-0.0001769179458885143,4.1906128700475165e-07,4.0863693525257833e-07,297601.1625,1.0,296257.7122695312,9.554170288443626e-07,721.859854067964,5760.0,1.0,,304,,,,,,,,
5.1923916330015345,0.00040631694719195366,0.00048828125,0.0,0.0,0.005512500000000002,4.0,0.23750000000000004,-0.002211705284328976,0.27100594993680716,-0.0007181141991168261,5.08637734005409e-07,5.569044917071627e-07,297403.75575,1.0,296231.276328125,9.554170288443626e-07,932.2512189839031,5760.0,1.0,,305,,,,,,,,
5.111186758000258,0.0009806584979135853,0.0042724609375,0.0,0.0,0.005465000000000001,4.0,0.235,-0.0008084402603950972,0.2726113637909293,0.0006810354146485528,4.601234972293848e-07,5.96497221394543e-07,297687.12149999995,1.0,296287.13958984375,9.554170288443626e-07,717.4651915131207,5760.0,1.0,,306,,,,,,,,
5.175318738998612,0.0010054020870787401,0.004475911458333333,0.0,0.0,0.005417500000000002,4.0,0.23250000000000004,-0.00589042416443893,0.27178590279072523,-0.004418323767216255,6.018388270708405e-07,4.789303608513743e-07,297572.31499999994,1.0,296085.884671875,9.554170288443626e-07,919.9223688700853,5760.0,1.0,,307,,,,,,,,
5.055516286000056,0.0005914465388438354,0.0024007161458333335,0.0,0.0,0.00537,4.0,0.22999999999999998,0.00030841964811164263,0.27345466303328675,0.0017765867717874546,5.014970560305679e-07,4.694303239460851e-07,297380.4125,1.0,296010.5586992187,9.554170288443626e-07,822.0030765929876,5760.0,1.0,,308,,,,,,,,
5.204336861999764,0.0006425161676209731,0.0023193359375,0.0,0.0,0.005322500000000001,4.0,0.22750000000000004,-0.006118157762102783,0.2697743990768989,-0.0046826253237668425,5.604989912200153e-07,5.715982354104199e-07,297435.17575,1.0,296154.3196679688,9.554170288443626e-07,812.9857192752535,5760.0,1.0,,309,,,,,,,,
5.2154050009994535,0.0014352382543923643,0.017130533854166668,0.0,0.0,0.005275,4.0,0.22499999999999998,-0.00475132287829183,0.26988900856425363,-0.003327882227798303,4.204853928750178e-07,3.638491984740237e-07,297436.372,1.0,296309.94585937494,9.554170288443626e-07,741.4887442296485,5760.0,1.0,,310,,,,,,,,
5.171151710001141,0.0009529134088855548,0.00439453125,0.0,0.0,0.005227500000000001,4.0,0.22250000000000003,-0.007457159396532613,0.2697502352918188,-0.006047424491650115,3.867435201717247e-07,6.910667303590875e-07,297633.31375,1.0,296244.94940625,9.554170288443626e-07,761.6204393619304,5760.0,1.0,,311,,,,,,,,
5.1136566899986065,0.0007522190644522198,0.004313151041666667,0.0,0.0,0.005180000000000001,4.0,0.21999999999999997,-0.005087004038311231,0.2695429176092148,-0.003691016521770507,4.122009678771595e-07,4.0742760572716935e-07,297779.79175000003,1.0,296286.746453125,9.554170288443626e-07,865.3243894047624,5760.0,1.0,,312,,,,,,,,
5.184521095001401,0.0016354896676299784,0.010782877604166666,0.0,0.0,0.005132500000000002,4.0,0.21750000000000003,-0.004543042943017402,0.27026937746753293,-0.0031561985573110483,5.58492559458538e-07,5.139484683761945e-07,297818.28125,1.0,296238.6818203125,9.554170288443626e-07,958.2670461675657,5760.0,1.0,,313,,,,,,,,
5.12400084699766,0.0006895450884864355,0.0023600260416666665,0.0,0.0,0.005085000000000001,4.0,0.21499999999999997,-0.002978699133867243,0.27078637139250833,-0.0016020594824415941,5.768215682877553e-07,5.02777804574824e-07,297592.826,1.0,296043.098234375,9.554170288443626e-07,939.5463071275329,5760.0,1.0,,314,,,,,,,,
5.2352403630029585,0.0006779826338364122,0.006632486979166667,0.0,0.0,0.005037500000000002,4.0,0.21250000000000002,-0.0020775168716985113,0.27105904805163544,-0.0007123504765331745,4.711045106612725e-07,4.930232263925897e-07,297737.61925,1.0,296326.4877109375,9.554170288443626e-07,878.4761418381603,5760.0,1.0,,315,,,,,,,,
5.148221701998409,0.00043378731546302635,0.0027262369791666665,0.0,0.0,0.00499,4.0,0.20999999999999996,0.003569021386889896,0.2693105451762676,0.004912628268357366,4.186637318307855e-07,4.214936216347572e-07,297804.684,1.0,296314.20912890625,9.554170288443626e-07,827.9814074487267,5760.0,1.0,,316,,,,,,,,
5.165051093001239,0.0005364484750316478,0.0019938151041666665,0.0,0.0,0.004942500000000001,4.0,0.20750000000000002,0.0016944832920368451,0.2663894739622871,0.0030108853825367987,3.612302889403433e-07,3.828894783453052e-07,297650.1755,1.0,296425.0457304687,9.554170288443626e-07,750.9161575867419,5760.0,1.0,,317,,,,,,,,
5.203934027002106,0.000634223542874679,0.0015055338541666667,0.0,0.0,0.004895,4.0,0.20499999999999996,0.0032056502592846905,0.2687993102396528,0.004521109513007104,6.98795137902645e-07,4.862799786546171e-07,297509.39075,1.0,296243.4999921875,9.554170288443626e-07,866.1373571269559,5760.0,1.0,,318,,,,,,,,
5.131088219000958,0.0015645417297491804,0.018595377604166668,0.0,0.0,0.004847500000000001,4.0,0.2025,-0.003964075372399141,0.26904928249617416,-0.0026602484091805914,5.397628542643437e-07,6.709772003195743e-07,297661.32725,1.0,296177.5607890625,9.554170288443626e-07,749.6648073212896,5760.0,1.0,,319,,,,,,,,
5.119589620000625,0.0006523481667196999,0.0033772786458333335,0.0,0.0,0.0048000000000000004,4.0,0.19999999999999996,-0.00229035963275237,0.26889794785529375,-0.0009999550917806725,3.743493029636132e-07,5.362749041874318e-07,297395.6497499999,1.0,296175.1334921875,9.554170288443626e-07,855.0840576278969,5760.0,1.0,,320,297862.21599999996,297507.09975,296917.42025,70000042,296320.5589583333,best_of_k,297507.09975,853.0195957098797
5.189874032999796,0.0011522831434073548,0.008707682291666666,0.0,0.0,0.0047525000000000015,4.0,0.1975,-0.004577951331157237,0.26778709578017396,-0.0033055764506570995,4.133399216973051e-07,4.844506206561997e-07,297710.275,1.0,296244.9768984375,9.554170288443626e-07,881.8337040975736,5760.0,1.0,,321,,,,,,,,
5.294037971998478,0.00043416704041495297,0.0,0.0,0.0,0.004704999999999999,4.0,0.19499999999999995,-0.002419958923079927,0.2676826383297642,-0.0011607236810959876,3.8719258614131985e-07,3.467492846927674e-07,297651.15550000005,1.0,296116.5771914062,9.554170288443626e-07,779.5444334425487,5760.0,1.0,,322,,,,,,,,
5.109869965999678,0.0012761259107113194,0.011515299479166666,0.0,0.0,0.0046575,4.0,0.1925,-0.007306632408775234,0.26678414021929103,-0.006064325454644859,4.5621741643723607e-07,3.8837840913667304e-07,297736.8825,1.0,296278.98849218746,9.554170288443626e-07,820.0235700495776,5760.0,1.0,,323,,,,,,,,
5.319358785000077,0.0011370160330746633,0.009480794270833334,0.0,0.0,0.0046099999999999995,4.0,0.18999999999999995,-0.0029691822298142747,0.26664572581648827,-0.0017403285407150786,3.7633558432522324e-07,6.909645300368084e-07,297707.70225,1.0,296430.8314765625,9.554170288443626e-07,665.3570234000483,5760.0,1.0,,324,,,,,,,,
5.271444015997986,0.0008735384835745208,0.0035807291666666665,0.0,0.0,0.004562500000000001,4.0,0.1875,-0.002332391433204369,0.26503111453106004,-0.0011234881433968742,3.8299531013308297e-07,5.261239278316528e-07,297456.68375,1.0,296214.11044140626,9.554170288443626e-07,802.6016644792845,5760.0,1.0,,325,,,,,,,,
5.194389582997246,0.0009465023152491389,0.008992513020833334,0.0,0.0,0.004515000000000002,4.0,0.18500000000000005,-0.0022061216914153192,0.26700684024641913,-0.0010008973573955398,5.521792161289341e-07,5.118876581870305e-07,297517.0675,1.0,296223.4237851562,9.554170288443626e-07,900.9394078439889,5760.0,1.0,,326,,,,,,,,
5.1724464670005545,0.000717097206991942,0.0037434895833333335,0.0,0.0,0.004467500000000001,4.0,0.1825,0.0018849500168774587,0.26972910047819215,0.0030896517952593663,5.486763778132323e-07,5.157288883358054e-07,297742.12100000004,1.0,296284.74417578126,9.554170288443626e-07,910.3887734408172,5760.0,1.0,,327,,,,,,,,
5.194264637997549,0.0006858039171978211,0.005126953125,0.0,0.0,0.004420000000000002,4.0,0.18000000000000005,-0.0011616559446944545,0.2678008660053213,2.1674359838167827e-05,5.879188792097997e-07,5.831999683181266e-07,297571.23449999996,1.0,296125.84152343747,9.554170288443626e-07,965.7160485813605,5760.0,1.0,,328,,,,,,,,
5.122040428999753,0.000621572619517489,0.0021158854166666665,0.0,0.0,0.004372500000000001,4.0,0.1775,-0.001174749580968637,0.27041630167514086,7.420506638785203e-06,3.853075713304103e-07,3.728754188377555e-07,297536.42725,1.0,296341.529015625,9.554170288443626e-07,772.4781397294639,5760.0,1.0,,329,,,,,,,,
5.16624856999988,0.0012057533846624817,0.013142903645833334,0.0,0.0,0.0043250000000000025,4.0,0.17500000000000004,-0.003728942664262528,0.26959475812812644,-0.002563237212598324,4.889393287281033e-07,4.868004482479668e-07,297658.1285,1.0,296191.30626953125,9.554170288443626e-07,971.3031252558505,5760.0,1.0,,330,,,,,,,,
5.155790965000051,0.0005725572773371823,0.0027669270833333335,0.0,0.0,0.0042775,4.0,0.1725,-0.0067481417014884455,0.27108037440727156,-0.005588910377506788,4.5949910661609766e-07,5.376258140898926e-07,297634.22675000003,1.0,296358.2772890625,9.554170288443626e-07,808.979787235904,5760.0,1.0,,331,,,,,,,,
5.249531512999965,0.000562238012207672,0.0034993489583333335,0.0,0.0,0.004230000000000001,4.0,0.17000000000000004,0.0007740519140497781,0.2714899831141035,0.0019222210394218564,3.817494400593091e-07,3.9044427513346136e-07,297800.547,1.0,296318.31120703125,9.554170288443626e-07,749.8272042489002,5760.0,1.0,,332,,,,,,,,
5.3990759379994415,0.0006783172430004925,0.0034993489583333335,0.0,0.0,0.004182500000000002,4.0,0.16749999999999998,0.0022315599514210285,0.27147148083895445,0.0033664889924693853,7.358482593626073e-07,8.541014260288193e-07,297734.10650000005,1.0,296190.74336328125,9.554170288443626e-07,1078.5123487263795,5760.0,1.0,,333,,,,,,,,
5.196874772998854,0.0012124404820497148,0.010986328125,0.0,0.0,0.004135,4.0,0.16500000000000004,-0.0052166923123877496,0.2654477342342337,-0.0041193328409766155,4.573815364968444e-07,4.427061206513372e-07,297709.04000000004,1.0,296388.62903124996,9.554170288443626e-07,922.9430493748587,5760.0,1.0,,334,,,,,,,,
5.267975885999476,0.00043709054443752393,0.003946940104166667,0.0,0.0,0.004087500000000001,4.0,0.16249999999999998,-0.0032985891981904083,0.2685510929053028,-0.002201150346081704,4.796327814915458e-07,4.306170951669704e-07,297758.88800000004,1.0,296316.3246328125,9.554170288443626e-07,847.1308864910819,5760.0,1.0,,335,,,,,,,,
5.182335110002896,0.0006097270864605283,0.0034586588541666665,0.0,0.0,0.004040000000000002,4.0,0.16000000000000003,-0.0028949271630456983,0.2652154214059313,-0.001823639904614538,2.9216045701237664e-07,3.0684611000234935e-07,297758.6785,1.0,296417.88003515627,9.554170288443626e-07,657.6546486508392,5760.0,1.0,,336,,,,,,,,
5.248753072002728,0.0006787526605573172,0.006103515625,0.0,0.0,0.0039924999999999995,4.0,0.15749999999999997,-0.005633692856160148,0.263896173487107,-0.004580310080200434,4.221053314286867e-07,3.6125549485177544e-07,297728.64,1.0,296271.8412070312,9.554170288443626e-07,805.5690822410176,5760.0,1.0,,337,,,,,,,,
5.30289651899875,0.0008555485813606841,0.004109700520833333,0.0,0.0,0.003945000000000001,4.0,0.15500000000000003,-0.001089290880675738,0.2662897339711587,-3.914121771231294e-05,6.341774761627524e-07,5.989409631960522e-07,297700.99624999997,1.0,296400.781875,9.554170288443626e-07,1146.8583189455358,5760.0,1.0,,338,,,,,,,,
5.182040016999963,0.0007891382071344802,0.004842122395833333,0.0,0.0,0.0038975000000000017,4.0,0.15249999999999997,-0.002498882905153247,0.26280274024854106,-0.0014748969115316868,4.0845629278862816e-07,4.925739762740022e-07,297707.039,1.0,296354.73564843746,9.554170288443626e-07,758.5015017430501,5760.0,1.0,,339,,,,,,,,
5.166344924000441,0.0011513148128869943,0.008951822916666666,0.0,0.0,0.0038500000000000027,4.0,0.15000000000000002,-0.0042097250346463016,0.26345146757860977,-0.0031958832890571407,7.334181463628889e-07,7.474921209412363e-07,297549.66599999997,1.0,296120.2868671875,9.554170288443626e-07,1109.7422328541222,5760.0,1.0,,340,297862.21599999996,297414.64775,295969.5735,70000042,296374.243775,best_of_k,297414.64775,1284.608665847262
5.27336173599906,0.0010673507325312432,0.01123046875,0.0,0.0,0.0038025000000000003,4.0,0.14749999999999996,-0.004287490349573393,0.260962864694496,-0.0032954690007803342,4.4000122538060776e-07,4.913000015704938e-07,297644.72225,1.0,296327.258921875,9.554170288443626e-07,772.2252063437152,5760.0,1.0,,341,,,,,,,,
5.23667415700038,0.0002715527152759023,0.0001220703125,0.0,0.0,0.0037550000000000014,4.0,0.14500000000000002,0.0006850931543643431,0.26008622410396737,0.001661442860495299,4.975813722533454e-07,4.485835554864555e-07,297666.67699999997,1.0,296122.1797421875,9.554170288443626e-07,914.2513161975489,5760.0,1.0,,342,,,,,,,,
5.207917887000804,0.000759233626013156,0.008951822916666666,0.0,0.0,0.003707499999999999,4.0,0.14249999999999996,-0.0012750773288037938,0.2596150953322649,-0.0003127448629432668,3.3638359771733423e-07,3.141277951831019e-07,297406.14999999997,1.0,296241.10523828125,9.554170288443626e-07,690.6186937745706,5760.0,1.0,,343,,,,,,,,
5.218992463000177,0.0005554467182567654,0.0032145182291666665,0.0,0.0,0.00366,4.0,0.14,-0.005299690739775542,0.2613621378938357,-0.004343323797608416,3.825392391002917e-07,3.5980379979131766e-07,297816.14749999996,1.0,296521.63940625,9.554170288443626e-07,800.6424466808119,5760.0,1.0,,344,,,,,,,,
5.1798593280000205,0.000413253357692156,0.00146484375,0.0,0.0,0.003612500000000001,4.0,0.13749999999999996,-0.0005300646225805394,0.26348305710901815,0.0004213631618767977,7.083270965324573e-07,6.675147261603342e-07,297912.99975,1.0,296239.19954296877,9.554170288443626e-07,1120.7734449609502,5760.0,1.0,,345,,,,,,,,
5.174393675002648,0.0004092773427449477,0.0032145182291666665,0.0,0.0,0.003565000000000002,4.0,0.135,0.002197724323195871,0.2589161451905966,0.0031205088598653674,4.815907518699684e-07,4.072012226667236e-07,297698.618,1.0,296300.15335937496,9.554170288443626e-07,869.9253628271894,5760.0,1.0,,346,,,,,,,,
5.192637798998476,0.0004444675408497763,0.0025227864583333335,0.0,0.0,0.0035175,4.0,0.13249999999999995,-0.0005507005310694998,0.26199811821182567,0.0003705930624467631,5.172689914919223e-07,4.666598698577218e-07,297784.565,1.0,296162.7193085938,9.554170288443626e-07,889.0829376558816,5760.0,1.0,,347,,,,,,,,
5.309848935998161,0.00035299613955430686,0.0008138020833333334,0.0,0.0,0.003470000000000001,4.0,0.13,-0.0033913662385505936,0.2593548974643151,-0.0024916717472175756,4.494847208510085e-07,4.438225650697329e-07,297623.901,1.0,296124.7372304688,9.554170288443626e-07,880.5399066952559,5760.0,1.0,,348,,,,,,,,
5.2094820070014975,0.00016923338504663357,0.0009765625,0.0,0.0,0.0034224999999999985,4.0,0.12749999999999995,-0.0020800374538036217,0.258648332208395,-0.0011950900855784614,5.042460837027344e-07,4.5267122080379824e-07,297770.502,1.0,296327.12325,9.554170288443626e-07,823.5870317948873,5760.0,1.0,,349,,,,,,,,
5.167613630001142,0.00047144733495467034,0.0032145182291666665,0.0,0.0,0.0033749999999999995,4.0,0.125,-0.0022628459652575352,0.2586827107394735,-0.0013900175302599866,4.0698092895752325e-07,3.6952618742702725e-07,297499.95774999994,1.0,296267.44833203126,9.554170288443626e-07,854.084913828821,5760.0,1.0,,350,,,,,,,,
5.169993693001743,0.0005873379777767695,0.0037841796875,0.0,0.0,0.0033275000000000006,4.0,0.12250000000000005,-0.0062131127233442385,0.2601530722652872,-0.0053477101027965546,4.2254323714037884e-07,4.2852811432680937e-07,297651.2535,1.0,296397.2291484375,9.554170288443626e-07,861.976554513618,5760.0,1.0,,351,,,,,,,,
5.228623974002403,0.00019674980527876565,0.0,0.0,0.0,0.0032800000000000017,4.0,0.12,-0.0009882945135662642,0.2593207197884719,-0.0001379683283933749,4.100836269079385e-07,4.1006175107346127e-07,297653.49275000003,1.0,296390.99242968747,9.554170288443626e-07,829.7414306610702,5760.0,1.0,,352,,,,,,,,
5.158802358997491,0.0004063579084080023,0.0030517578125,0.0,0.0,0.0032325000000000027,4.0,0.11750000000000005,-0.00261505157626137,0.25848711964984733,-0.0017797199058501671,3.8170950726149994e-07,3.8027358921037074e-07,297845.222,1.0,296381.4319453125,9.554170288443626e-07,844.9292409529774,5760.0,1.0,,353,,,,,,,,
5.228349281998817,0.0002121089661765533,0.0005696614583333334,0.0,0.0,0.0031850000000000003,4.0,0.11499999999999999,0.00013827106158714741,0.25774067422995967,0.0009589517527880768,3.7146447695590723e-07,3.715350960220576e-07,297746.44825,1.0,296435.17457421875,9.554170288443626e-07,810.2130640125117,5760.0,1.0,,354,,,,,,,,
5.33037816399883,0.0008747558482961418,0.0087890625,0.0,0.0,0.0031375000000000014,4.0,0.11250000000000004,-0.006288968925218796,0.2597701794778307,-0.00547445664415136,8.497781796753164e-07,8.637574104852774e-07,297980.24675,1.0,296185.1757382812,9.554170288443626e-07,1285.3461208946244,5760.0,1.0,,355,,,,,,,,
5.281363049001811,0.000356067170893463,0.0027262369791666665,0.0,0.0,0.003089999999999999,4.0,0.10999999999999999,-0.0009213482359579454,0.2585056209936738,-0.00012293558878203234,5.565516261185621e-07,6.287309381273568e-07,297670.35225,1.0,296317.1172539062,9.554170288443626e-07,975.805891087432,5760.0,1.0,,356,,,,,,,,
5.157364622002206,0.0005944317551135706,0.005045572916666667,0.0,0.0,0.0030425,4.0,0.10750000000000004,0.002854391150928374,0.25746503099799156,0.0036374982834483185,4.2228347692703966e-07,3.764146481917881e-07,297777.647,1.0,296297.63853125,9.554170288443626e-07,802.889574758062,5760.0,1.0,,357,,,,,,,,
5.185843162002129,0.0002750103206684192,0.0007731119791666666,0.0,0.0,0.002995000000000001,4.0,0.10499999999999998,-0.0021867558910647253,0.25651630386710167,-0.0014186827659917374,3.067870781118624e-07,3.2348650395401063e-07,297793.62425000005,1.0,296461.6724140625,9.554170288443626e-07,724.0127777613212,5760.0,1.0,,358,,,,,,,,
5.164497773999756,0.0006715527464014789,0.0034993489583333335,0.0,0.0,0.002947500000000002,4.0,0.10250000000000004,-0.005189525548000044,0.2599293651680152,-0.004423650088331972,4.7516291227604296e-07,4.382494035818733e-07,297730.82675,1.0,296348.1615898437,9.554170288443626e-07,946.2093717460664,5760.0,1.0,,359,,,,,,,,
5.218035093999788,0.0005011931643821299,0.0029703776041666665,0.0,0.0,0.0029,4.0,0.09999999999999998,-0.00295120894224965,0.2623442482824127,-0.0021906701925521097,4.525345437637422e-07,4.2844046591975865e-07,297865.03500000003,1.0,296611.759984375,9.554170288443626e-07,994.2619643257219,5760.0,1.0,,360,297980.24675,297828.56,296388.16675,70000042,296437.33290833334,best_of_k,297828.56,1080.562657414721
5.198795469998004,0.00020636547318038842,0.000732421875,0.0,0.0,0.002852500000000001,4.0,0.09750000000000003,-0.0008093701568820203,0.2643705088024338,-5.553986799592773e-05,4.835116721816727e-07,4.7667274927221115e-07,297932.28325,1.0,296429.67679687496,9.554170288443626e-07,1017.2196872362432,5760.0,1.0,,361,,,,,,,,
5.080979471000319,0.0008058874688382881,0.006917317708333333,0.0,0.0,0.002805000000000002,4.0,0.09499999999999997,0.002194967886680388,0.26350685333212215,0.0029337080971648297,6.535419636577444e-07,6.618941726562374e-07,298024.58525000006,1.0,296507.834953125,9.554170288443626e-07,1146.0572234186377,5760.0,1.0,,362,,,,,,,,
5.287197187997663,0.0004601111844143209,0.0027669270833333335,0.0,0.0,0.002757500000000003,4.0,0.09250000000000003,-0.003941696902378074,0.26400541234761477,-0.0032138929430705807,3.4679578438575237e-07,3.124196368275989e-07,297711.3745,1.0,296546.4163085937,9.554170288443626e-07,744.3381179489446,5760.0,1.0,,363,,,,,,,,
5.140303370000765,0.0005861667159479111,0.003662109375,0.0,0.0,0.0027100000000000006,4.0,0.08999999999999997,-0.004958078766018541,0.2631025842080514,-0.00424535420218793,4.907166974987831e-07,4.695111541034673e-07,297712.6225,1.0,296274.9259648438,9.554170288443626e-07,973.5933349543108,5760.0,1.0,,364,,,,,,,,
5.30467084799966,0.0005709199467673898,0.005452473958333333,0.0,0.0,0.0026625000000000017,4.0,0.08750000000000002,-0.005097229305344324,0.2610361414651076,-0.004402447695611045,4.0814125827163633e-07,3.728296249505547e-07,297886.24675,1.0,296520.5329101563,9.554170288443626e-07,827.634740936021,5760.0,1.0,,365,,,,,,,,
5.351082200999372,0.00011416197715637584,0.0,0.0,0.0,0.0026149999999999993,4.0,0.08499999999999996,0.0010515654018187586,0.26329346497853595,0.0017398521304130554,3.793209787753919e-07,3.761230136234417e-07,297758.757,1.0,296293.18167578126,9.554170288443626e-07,928.6490744791897,5760.0,1.0,,366,,,,,,,,
5.2718101639984525,0.00030958126202070463,0.0019938151041666665,0.0,0.0,0.0025675000000000003,4.0,0.08250000000000002,5.9814202055955924e-05,0.2620261317739884,0.0007323770987568423,3.1216222081316875e-07,3.1601789451940476e-07,297629.00724999997,1.0,296437.63101171877,9.554170288443626e-07,853.1082017298093,5760.0,1.0,,367,,,,,,,,
5.1816773419996025,0.000547475487110205,0.006022135416666667,0.0,0.0,0.0025200000000000014,4.0,0.07999999999999996,-0.0056862411147449166,0.2609565540527304,-0.005028843705076724,3.813617190928653e-07,3.494086264765883e-07,297663.27999999997,1.0,296320.06484375,9.554170288443626e-07,764.4662391741205,5760.0,1.0,,368,,,,,,,,
5.222183943998971,0.000531277929743131,0.003946940104166667,0.0,0.0,0.0024725000000000025,4.0,0.07750000000000001,-0.002350763684565512,0.26074728028227884,-0.001706249100000908,3.026260285328893e-07,3.0545102151317377e-07,297670.78825000004,1.0,296519.00275390624,9.554170288443626e-07,809.1193481561178,5760.0,1.0,,369,,,,,,,,
5.126888037000754,0.00012591195506198952,0.0007731119791666666,0.0,0.0,0.002425,4.0,0.07499999999999996,-0.003301705448393477,0.26151033366719884,-0.002667861602579554,5.345480988220667e-07,5.304138207170203e-07,297616.87075,1.0,296367.5785976562,9.554170288443626e-07,994.1214779509618,5760.0,1.0,,370,,,,,,,,
5.307303554996906,4.223914099081109e-05,0.0,0.0,0.0,0.002377500000000001,4.0,0.07250000000000001,-0.0012212014577623147,0.26071167923510075,-0.0006015521648805588,3.268980037773872e-07,3.189576881131491e-07,297736.0945,1.0,296498.55352343747,9.554170288443626e-07,852.9472256582466,5760.0,1.0,,371,,,,,,,,
5.278597656000784,0.0001714092917003048,4.0690104166666664e-05,0.0,0.0,0.0023299999999999987,4.0,0.06999999999999995,-0.0024636881717015058,0.263727016436557,-0.0018494478426873684,4.320357878858279e-07,4.00766405543133e-07,297786.73099999997,1.0,296173.05099218746,9.554170288443626e-07,941.1897270481111,5760.0,1.0,,372,,,,,,,,
5.1863668219994,5.698301538359374e-05,0.00016276041666666666,0.0,0.0,0.0022825,4.0,0.0675,-0.0006313180771636931,0.26091522071510553,-3.6074566499640547e-05,4.842532922803381e-07,4.940406845103477e-07,297589.3095,1.0,296293.9213828125,9.554170288443626e-07,969.406358083184,5760.0,1.0,,373,,,,,,,,
5.138528592997318,7.66542677107888e-05,0.00016276041666666666,0.0,0.0,0.002235000000000001,4.0,0.06499999999999995,-0.005022658428667152,0.26232644139478606,-0.004436607278573017,4.0013952210908127e-07,4.1697167615003156e-07,297623.20425,1.0,296487.5088125,9.554170288443626e-07,963.25356659952,5760.0,1.0,,374,,,,,,,,
5.184362293002778,3.9511374779976904e-05,4.0690104166666664e-05,0.0,0.0,0.002187500000000002,4.0,0.0625,-0.0008586726556435073,0.26368542419125635,-0.000282096133256952,4.1462364208655345e-07,3.8815125809795365e-07,297636.35675,1.0,296376.0040742187,9.554170288443626e-07,843.2577757497036,5760.0,1.0,,375,,,,,,,,
5.187801243002468,0.00031526693298170966,0.004150390625,0.0,0.0,0.002140000000000003,4.0,0.06000000000000005,0.0006337065036253383,0.26264249502370757,0.0011955143418163061,4.2216145601514654e-07,4.104624616492932e-07,297828.25224999996,1.0,296273.83714843745,9.554170288443626e-07,910.3766898507376,5760.0,1.0,,376,,,,,,,,
5.184813904001203,0.00034850827311553684,0.0017903645833333333,0.0,0.0,0.0020925000000000006,4.0,0.057499999999999996,0.00224874616045175,0.2627178439870477,0.0027982592582702637,4.0217866311328027e-07,3.680456247915724e-07,297762.67875,1.0,296400.5070195312,9.554170288443626e-07,797.9828330612168,5760.0,1.0,,377,,,,,,,,
5.316220279000845,0.0002094379184806409,0.0004475911458333333,0.0,0.0,0.0020450000000000017,4.0,0.05500000000000005,-0.005886137461250958,0.260240594856441,-0.005354169484538336,3.8151232513901806e-07,3.7197599548714305e-07,297616.01149999996,1.0,296385.1243164062,9.554170288443626e-07,863.8705718094297,5760.0,1.0,,378,,,,,,,,
5.165973507999297,0.00014591801300412044,0.0005289713541666666,0.0,0.0,0.0019974999999999993,4.0,0.05249999999999999,-0.0021376839285949245,0.2592706788952152,-0.0016199617530219257,2.85594885518492e-07,2.8444364907898034e-07,297876.7375,1.0,296572.39496874996,9.554170288443626e-07,744.0505358888549,5760.0,1.0,,379,,,,,,,,
5.198226858999988,8.167354826582596e-05,0.000244140625,0.0,0.0,0.0019500000000000003,4.0,0.050000000000000044,-0.0028866159955214243,0.256277894290785,-0.0023870805356030664,3.486573548390955e-07,3.4275753198661124e-07,297827.484,1.0,296330.8208203125,9.554170288443626e-07,749.4795280561995,5760.0,1.0,,380,298024.58525000006,297506.73274999997,296839.32475,70000042,296380.45997499995,best_of_k,297506.73274999997,908.5465836910851
5.16061584199997,0.00016405609979604682,0.000732421875,0.0,0.0,0.0019025000000000014,4.0,0.04749999999999999,-0.0068667694480003165,0.2565567120909691,-0.006378885833934571,3.5079827872171637e-07,3.613841463116311e-07,297658.15575000003,1.0,296463.85261718754,9.554170288443626e-07,848.0045549977958,5760.0,1.0,,381,,,,,,,,
5.189904735998425,4.582626085417966e-05,0.0,0.0,0.0,0.0018550000000000025,4.0,0.04500000000000004,0.004704919028275374,0.25945162990440923,0.005186021017531554,2.9018615303281575e-07,3.034799635296774e-07,297736.08825,1.0,296501.02221093746,9.554170288443626e-07,752.6470389113607,5760.0,1.0,,382,,,,,,,,
5.209922540998377,0.00047186753605880466,0.0036214192708333335,0.0,0.0,0.0018075,4.0,0.04249999999999998,0.0006979943282203749,0.259323760556678,0.0011665014899335802,3.4728301301356623e-07,3.714406791033298e-07,297764.20924999996,1.0,296395.4071757812,9.554170288443626e-07,852.1259138847837,5760.0,1.0,,383,,,,,,,,
5.182196671001293,7.495725488600631e-05,0.0006917317708333334,0.0,0.0,0.0017600000000000011,4.0,0.040000000000000036,0.0030567175836040406,0.2619151982168357,0.003517409844789654,4.696899562617318e-07,4.6381975119894986e-07,297764.8287499999,1.0,296277.58621093753,9.554170288443626e-07,923.3735184005104,5760.0,1.0,,384,,,,,,,,
5.1177429700001085,3.044597542611882e-05,0.00016276041666666666,0.0,0.0,0.0017124999999999987,4.0,0.03749999999999998,0.001839293137891218,0.2606539772823453,0.002285251975990832,7.276814931363637e-07,6.77497747384829e-07,297621.84375,1.0,296230.9139609375,9.554170288443626e-07,1144.2356586334845,5760.0,1.0,,385,,,,,,,,
5.139657053998235,0.00022566232413131124,0.0010579427083333333,0.0,0.0,0.0016649999999999998,4.0,0.03500000000000003,-0.004226723699806219,0.25878856641550857,-0.0037960297777317464,3.1197881256161963e-07,3.154311709607782e-07,297675.507,1.0,296507.9142109375,9.554170288443626e-07,785.681622559626,5760.0,1.0,,386,,,,,,,,
5.160414043999481,0.0004248852589322875,0.0033365885416666665,0.0,0.0,0.0016175000000000009,4.0,0.03249999999999997,-0.0015632243812433444,0.2592425315330426,-0.0011440905315491061,3.391607184729158e-07,3.139382431053643e-07,297721.32074999996,1.0,296464.81367578125,9.554170288443626e-07,831.4665761726546,5760.0,1.0,,387,,,,,,,,
5.205657538001105,0.00019083297471903885,0.002685546875,0.0,0.0,0.001570000000000002,4.0,0.030000000000000027,-0.004372655074500169,0.2615044054885705,-0.003962421459921946,5.612702320689777e-07,5.443369310853541e-07,297918.61225,1.0,296406.3062929688,9.554170288443626e-07,1045.4160345888727,5760.0,1.0,,388,,,,,,,,
5.246444723998138,7.301498650728415e-05,0.0,0.0,0.0,0.0015224999999999995,4.0,0.02749999999999997,0.001320046538846024,0.2624133586262663,0.0017193202899458508,4.4192692172373427e-07,4.125119096679934e-07,297775.382,1.0,296560.948078125,9.554170288443626e-07,889.03212313427,5760.0,1.0,,389,,,,,,,,
5.129901935000817,0.0002820263301449207,0.0030924479166666665,0.0,0.0,0.0014750000000000006,4.0,0.025000000000000022,-0.00211772585316794,0.259622635319829,-0.0017349445455086727,2.8038600922523454e-07,2.679733069517927e-07,297807.48075,1.0,296538.92355468747,9.554170288443626e-07,743.4788016362287,5760.0,1.0,,390,,,,,,,,
5.135228499999357,0.0002380915539106354,0.0020751953125,0.0,0.0,0.0014275000000000017,4.0,0.022499999999999964,0.0004368821343329425,0.26146489723275107,0.0008098398199460158,3.769247112946535e-07,4.91665270274666e-07,297763.19975,1.0,296273.81497265626,9.554170288443626e-07,802.7389155724238,5760.0,1.0,,391,,,,,,,,
5.197038518999761,4.1550474027947835e-05,8.138020833333333e-05,0.0,0.0,0.0013800000000000028,4.0,0.020000000000000018,0.0003774098944025657,0.26225934115548927,0.0007390746807989975,4.2012341516795004e-07,4.218774390570464e-07,297740.08050000004,1.0,296337.88599218754,9.554170288443626e-07,936.2756634186828,5760.0,1.0,,392,,,,,,,,
5.201626527999906,3.665560264683639e-05,0.0,0.0,0.0,0.0013325000000000004,4.0,0.01749999999999996,0.005520663233255618,0.259599342631797,0.005866382678505033,3.519752163801589e-07,3.2346302466142635e-07,297689.39675,1.0,296523.43020703126,9.554170288443626e-07,850.6387220753605,5760.0,1.0,,393,,,,,,,,
5.141089665998152,0.00027724832762032747,0.0013020833333333333,0.0,0.0,0.0012850000000000014,4.0,0.015000000000000013,-0.0024026936104443544,0.2623471599072218,-0.002065782085992396,3.594324535782789e-07,3.3732824059976946e-07,297700.91075,1.0,296320.4061992187,9.554170288443626e-07,889.8253450319521,5760.0,1.0,,394,,,,,,,,
5.271045634999609,3.9887136760322996e-05,0.0,0.0,0.0,0.001237499999999999,4.0,0.012499999999999956,-0.002802708639743893,0.26185201232632,-0.002478878537658602,3.5043816086025953e-07,3.545483841331058e-07,297677.08475,1.0,296417.2965351562,9.554170288443626e-07,886.3215513991125,5760.0,1.0,,395,,,,,,,,
5.261537384998519,0.0002318366023246199,0.0019938151041666665,0.0,0.0,0.00119,4.0,0.010000000000000009,-0.0038994704682409065,0.26298187238474685,-0.003586754396868249,3.7840914046682883e-07,3.878328964646016e-07,297675.82375,1.0,296423.021171875,9.554170288443626e-07,878.6921844359686,5760.0,1.0,,396,,,,,,,,
5.180166507998365,5.774107557954267e-05,0.0,0.0,0.0,0.0011425000000000012,4.0,0.007499999999999951,0.0026142810626576343,0.2624923928330342,0.0029139746135721603,3.7294335146024576e-07,3.327906992941128e-07,297625.90699999995,1.0,296421.47131640627,9.554170288443626e-07,794.2568717302721,5760.0,1.0,,397,,,,,,,,
5.116996519998793,0.0001271161284724561,0.0,0.0,0.0,0.0010950000000000022,4.0,0.0050000000000000044,-0.0012522841583025486,0.26161243052532274,-0.0009661019333483031,4.297677520526122e-07,4.801056447215993e-07,297596.87325,1.0,296249.41466796875,9.554170288443626e-07,991.08115776949,5760.0,1.0,,398,,,,,,,,
5.175566018002428,0.00017526016502718753,0.0004475911458333333,0.0,0.0,0.0010474999999999998,4.0,0.0024999999999999467,-0.0020785922970389947,0.25957408764710027,-0.0018069262150675058,3.82023521557547e-07,3.991260365173351e-07,297893.24,1.0,296441.79237499996,9.554170288443626e-07,902.5052841683496,5760.0,1.0,,399,,,,,,,,
5.162346912999055,5.451411319275697e-05,0.0,0.0,0.0,0.0010000000000000009,4.0,0.0,0.0016529514353654424,0.260035019988815,0.0019128275598632172,2.3567118153285568e-07,2.699171967416684e-07,297865.11525000003,1.0,296764.0308242187,9.554170288443626e-07,650.3407539628646,5760.0,1.0,,400,298024.58525000006,297575.0745,296854.2775,70000042,296407.97150833334,best_of_k,297575.0745,867.0761403107723
