elapsed_seconds,optimization_approximate_kl,optimization_clip_fraction,optimization_count_loss,optimization_early_kl_stop,optimization_entropy_coefficient,optimization_epochs_completed,optimization_learning_rate_fraction,optimization_loss,optimization_normalized_entropy,optimization_policy_loss,optimization_q_loss,optimization_value_loss,rollout_best_objective,rollout_feasible_rate,rollout_mean_objective,rollout_reward_scale,rollout_std_objective,rollout_transitions,rollout_vectorized_rollouts,self_imitation_loss,update,validation_archive_best_objective,validation_best_of_k_objective,validation_deterministic_objective,validation_fixed_validation_seed,validation_mean_stochastic_objective,validation_selection_metric,validation_selection_objective,validation_std_stochastic_objective
7.429351666999992,0.0057432748231804,0.07294921893626452,0.0,0.0,0.0199525,4.0,0.9975,-0.02015384831465781,0.7821664705872535,-0.006374150246847421,0.0005750746109697502,0.0035379434440983458,182964.33500000002,1.0,149029.591390625,4.248655765147055e-07,14159.229370952455,4800.0,1.0,,1,182964.33500000002,194017.98200000002,149478.77000000002,70000042,155222.06713333333,best_of_k,194017.98200000002,15586.931683431916
6.1137728719997995,0.005782212852500379,0.07104492206126452,0.0,0.0,0.019905,4.0,0.995,-0.019855869514867664,0.7797656744718552,-0.004382010169501882,8.026035729926661e-05,7.870282624935498e-05,185201.38299999997,1.0,154627.7551875,4.248655765147055e-07,14644.678565409222,4800.0,1.0,,2,,,,,,,,
6.026271198999893,0.005837959080236032,0.08380533866584301,0.0,0.0,0.0198575,4.0,0.9925,-0.02743036861065775,0.7717394545674324,-0.012127515347674488,4.914698165521258e-05,3.409536520848633e-05,194154.80000000002,1.0,158246.14639062504,4.248655765147055e-07,16669.483299652704,4800.0,1.0,,3,,,,,,,,
5.969940051999856,0.006795911566587165,0.10847981786355376,0.0,0.0,0.01981,4.0,0.99,-0.019413479790091514,0.7646801948547364,-0.0042826411081478,4.039489049318945e-05,2.6874365903495346e-05,205440.125,1.0,166842.115671875,4.248655765147055e-07,18283.30116437481,4800.0,1.0,,4,,,,,,,,
6.05219053299993,0.005060707620577887,0.08232421893626451,0.0,0.0,0.0197625,4.0,0.9875,-0.022060238244011997,0.7566706299781799,-0.007122489522589604,3.752525767595216e-05,2.440327602926118e-05,215403.31699999998,1.0,178014.782140625,4.248655765147055e-07,14660.373969514567,4800.0,1.0,,5,,,,,,,,
5.934368883000161,0.007371026679174974,0.10011393278837204,0.0,0.0,0.019715,4.0,0.985,-0.023063594778068363,0.7430254727602005,-0.008427364222006873,2.8787539440600086e-05,1.927617877299781e-05,216071.76799999998,1.0,185233.340734375,4.248655765147055e-07,14870.63679404498,4800.0,1.0,,6,,,,,,,,
6.026323301000048,0.006498244358226657,0.09599609375,0.0,0.0,0.0196675,4.0,0.9825,-0.02333755298750475,0.7255546018481255,-0.00908289449289441,3.561959274520632e-05,2.3249070954989294e-05,228487.35900000003,1.0,192609.43690625002,4.248655765147055e-07,15857.009611968786,4800.0,1.0,,7,,,,,,,,
6.054324195999925,0.007423715238110163,0.10686848983168602,0.0,0.0,0.019620000000000002,4.0,0.98,-0.02097198771080002,0.6999816074967384,-0.007251234934665262,3.0305925474749528e-05,1.971209221665049e-05,229192.79200000002,1.0,206760.1665625,4.248655765147055e-07,11732.403539026258,4800.0,1.0,,8,,,,,,,,
6.001227470999993,0.0055427083483664315,0.05930989598855376,0.0,0.0,0.0195725,4.0,0.9775,-0.013814141927286982,0.6821538761258126,-0.0004716567462310195,2.1123499845998594e-05,1.3718689888264635e-05,231364.938,1.0,211395.326,4.248655765147055e-07,9404.58110879827,4800.0,1.0,,9,,,,,,,,
6.0413641469999675,0.007407581864390523,0.09261067733168601,0.0,0.0,0.019525,4.0,0.975,-0.02057058239588514,0.6662778407335281,-0.007570682745426893,2.1012053730373735e-05,1.4149521098261175e-05,236015.564,1.0,214565.4935625,4.248655765147055e-07,10964.032921147034,4800.0,1.0,,10,,,,,,,,
5.9535313799999585,0.004982083701179363,0.059586588852107526,0.0,0.0,0.019477500000000002,4.0,0.9725,-0.023611823609098793,0.6471550360321998,-0.011015914706513285,1.8563215530775778e-05,1.4394216782420699e-05,238791.49600000004,1.0,219476.55915625,4.248655765147055e-07,10203.825527185902,4800.0,1.0,,11,,,,,,,,
6.090436038000007,0.004962889855960384,0.05581054696813226,0.0,0.0,0.01943,4.0,0.97,-0.01647034497000277,0.6377492114901543,-0.004086401173844933,1.7109997929765087e-05,1.1624560238487902e-05,238615.508,1.0,221542.88782812498,4.248655765147055e-07,8924.681812807732,4800.0,1.0,,12,,,,,,,,
5.982415555999978,0.005806967787793838,0.06712239622138441,0.0,0.0,0.0193825,4.0,0.9675,-0.016980297467671334,0.6338002532720566,-0.00470336799044162,1.9558907661121337e-05,1.1494282875901263e-05,244269.05899999998,1.0,222182.320921875,4.248655765147055e-07,8579.905581102068,4800.0,1.0,,13,,,,,,,,
5.934166337999841,0.006104924142709934,0.07159830760210753,0.0,0.0,0.019335,4.0,0.965,-0.015306196978781373,0.6240902334451676,-0.003246439271606505,1.6385533126594964e-05,1.0777151260299433e-05,243725.39700000003,1.0,225690.5614375,4.248655765147055e-07,9007.004556072872,4800.0,1.0,,14,,,,,,,,
6.0200668370000585,0.00509016667783726,0.056168619892559946,0.0,0.0,0.0192875,4.0,0.9625,-0.018029796669725328,0.6264707326889039,-0.005952859809622168,1.311453606831492e-05,9.6121590331677e-06,244270.384,1.0,224615.6060625,4.248655765147055e-07,7916.553762675525,4800.0,1.0,,15,,,,,,,,
5.9494513959998585,0.005099501766380854,0.06044921884313226,0.0,0.0,0.01924,4.0,0.96,-0.019706681021489203,0.621797876060009,-0.0077488455077400435,1.2304615597713565e-05,8.649178653286071e-06,239553.457,1.0,224790.37932812498,4.248655765147055e-07,8902.796244235635,4800.0,1.0,,16,,,,,,,,
5.979965914000104,0.005700884771067649,0.05509440116584301,0.0,0.0,0.0191925,4.0,0.9575,-0.021898622193839402,0.6144875526428223,-0.010111130529548974,1.546986136418127e-05,9.026585769333905e-06,245532.964,1.0,227340.297140625,4.248655765147055e-07,7747.521505375601,4800.0,1.0,,17,,,,,,,,
5.985764923000033,0.004428895242745057,0.04443359393626452,0.0,0.0,0.019145,4.0,0.955,-0.015699866262730212,0.6039509505033493,-0.004143222304992378,1.7354383567180774e-05,8.524638803919516e-06,248645.313,1.0,230617.066109375,4.248655765147055e-07,7424.440620910156,4800.0,1.0,,18,,,,,,,,
5.94378922199985,0.004459890405996703,0.04724934911355376,0.0,0.0,0.0190975,4.0,0.9525,-0.01826888956129551,0.5974346116185189,-0.006864671455696225,1.222518139911699e-05,8.133537119192624e-06,249340.586,1.0,230770.88603125,4.248655765147055e-07,7439.1419986255305,4800.0,1.0,,19,,,,,,,,
5.980280374000131,0.0034944553510285912,0.04041341146221385,0.0,0.0,0.01905,4.0,0.95,-0.01764125891495496,0.592825961112976,-0.006352528318529949,1.0176972057251988e-05,7.172844800606981e-06,249218.342,1.0,236229.424734375,4.248655765147055e-07,6246.090516881539,4800.0,1.0,,20,249340.586,249476.03599999996,228812.687,70000042,236991.63613333335,best_of_k,249476.03599999996,6818.086390320935
5.9506953510001495,0.004247280056006275,0.04316406256984919,0.0,0.0,0.019002500000000002,4.0,0.9475,-0.01145103657618165,0.5909136980772018,-0.00022667277371510864,1.1388008624635404e-05,6.671382504919166e-06,247195.21600000001,1.0,236018.47351562502,4.248655765147055e-07,6642.003275059511,4800.0,1.0,,21,,,,,,,,
5.900656154999979,0.004118000573362224,0.03665364584885537,0.0,0.0,0.018955,4.0,0.945,-0.016984621225856245,0.5901058658957481,-0.005803381290752441,1.1280356739007403e-05,6.1767318470629105e-06,248330.364,1.0,237686.590859375,4.248655765147055e-07,5751.68933778018,4800.0,1.0,,22,,,,,,,,
5.968740442000126,0.0047978400281863285,0.05089518250897527,0.0,0.0,0.0189075,4.0,0.9425,-0.015221058228053152,0.5791529893875123,-0.0042748331325128675,9.31814458908775e-06,6.357433846915228e-06,252417.96300000002,1.0,240170.854125,4.248655765147055e-07,6517.042308101007,4800.0,1.0,,23,,,,,,,,
6.044660097000133,0.00439643957070075,0.04062500018626451,0.0,0.0,0.018860000000000002,4.0,0.94,-0.015116507257334887,0.5689797952771187,-0.00438989665126428,1.2427726665009686e-05,6.209256991951406e-06,250822.827,1.0,241178.656546875,4.248655765147055e-07,6274.031127469299,4800.0,1.0,,24,,,,,,,,
5.939554712000017,0.006999823366641067,0.08946940111927688,0.0,0.0,0.0188125,4.0,0.9375,-0.015674501564353703,0.5679833099246026,-0.004993034643121064,1.30773047430921e-05,4.823167921585992e-06,255598.04499999998,1.0,243881.988890625,4.248655765147055e-07,5408.147990954451,4800.0,1.0,,25,,,,,,,,
5.966089366000006,0.004942640324588865,0.06526692736661062,0.0,0.0,0.018765,4.0,0.935,-0.014844323904253543,0.5692043483257294,-0.004166835965588689,1.1407724275613874e-05,4.981932613645768e-06,257790.476,1.0,245876.57187500002,4.248655765147055e-07,5128.7388655696805,4800.0,1.0,,26,,,,,,,,
5.868571349999911,0.0052192413917509835,0.068505859375,0.0,0.0,0.0187175,4.0,0.9325,-0.013984872773289681,0.5586953520774841,-0.0035302428295835853,6.792942861011397e-06,4.1398795644909114e-06,255124.336,1.0,246595.61142187502,4.248655765147055e-07,4850.83780016433,4800.0,1.0,,27,,,,,,,,
6.0753314639998734,0.005422168789664283,0.07062174491584301,0.0,0.0,0.01867,4.0,0.9299999999999999,-0.016451661265455185,0.556548684835434,-0.00606379682867555,7.033367251096934e-06,4.391631705402688e-06,258085.249,1.0,245685.727984375,4.248655765147055e-07,5422.814331000901,4800.0,1.0,,28,,,,,,,,
6.197038375000147,0.00505261592916213,0.0603515625,0.0,0.0,0.0186225,4.0,0.9275,-0.012683106155600398,0.5522757038474083,-0.0024014248512685297,6.8576143462451e-06,4.774872263624275e-06,260109.09399999998,1.0,248023.58196875002,4.248655765147055e-07,4992.509453489517,4800.0,1.0,,29,,,,,,,,
5.938860585999919,0.004204872591071762,0.04103190125897527,0.0,0.0,0.018575,4.0,0.925,-0.014851345552597196,0.5526998355984688,-0.004587649879977107,7.162976851304848e-06,3.974400624429109e-06,260702.47200000004,1.0,249670.714078125,4.248655765147055e-07,5475.617450980503,4800.0,1.0,,30,,,,,,,,
5.978916366000021,0.004588698581210337,0.059212240017950536,0.0,0.0,0.018527500000000002,4.0,0.9225,-0.012405387114267797,0.5490747332572937,-0.0022352047613821923,7.819784059392987e-06,4.035256591805592e-06,263133.482,1.0,251028.086328125,4.248655765147055e-07,5388.512460607261,4800.0,1.0,,31,,,,,,,,
5.903820033000102,0.004832816711859778,0.06040039069484919,0.0,0.0,0.01848,4.0,0.92,-0.015613606479018927,0.5332183308899403,-0.0057620892999693755,6.911033028700331e-06,3.331607450718366e-06,264350.78,1.0,252691.33925000002,4.248655765147055e-07,4753.981215812868,4800.0,1.0,,32,,,,,,,,
5.947617709999804,0.004957086365902796,0.053011067863553765,0.0,0.0,0.0184325,4.0,0.9175,-0.014932168228551746,0.5414042219519615,-0.004955086414702237,6.157288640906699e-06,3.4724004024155874e-06,265290.94000000006,1.0,253799.751296875,4.248655765147055e-07,4530.713609036926,4800.0,1.0,,33,,,,,,,,
5.9667918669999835,0.003948545368621126,0.04519856802653521,0.0,0.0,0.018385,4.0,0.915,-0.014471552602481097,0.5379798851907254,-0.004583411291241646,6.200898894803686e-06,3.997291770474476e-06,263899.316,1.0,253497.608,4.248655765147055e-07,4874.274935536003,4800.0,1.0,,34,,,,,,,,
5.984317834999956,0.003976301455986686,0.04842122411355376,0.0,0.0,0.0183375,4.0,0.9125,-0.01229256730293855,0.5334560699760914,-0.0025122940307483075,5.17729008038259e-06,2.91836814767521e-06,263499.837,1.0,254605.670890625,4.248655765147055e-07,4067.2311447615502,4800.0,1.0,,35,,,,,,,,
5.9044286429998465,0.004532441080664284,0.05426432304084301,0.0,0.0,0.01829,4.0,0.91,-0.01767063660081476,0.5418398544192314,-0.007762495696078986,5.379780412795299e-06,3.1436232859505255e-06,261812.593,1.0,255595.210484375,4.248655765147055e-07,4182.4464001431425,4800.0,1.0,,36,,,,,,,,
5.903346364999834,0.005157143261749297,0.060253906436264514,0.0,0.0,0.018242500000000002,4.0,0.9075,-0.01688147580716759,0.54302376806736,-0.006977732642553747,5.0361054377390245e-06,3.7286219651377904e-06,265413.36199999996,1.0,256338.18353125,4.248655765147055e-07,4965.645390342382,4800.0,1.0,,37,,,,,,,,
5.977563756999871,0.005036325502442196,0.0648763021454215,0.0,0.0,0.018195,4.0,0.905,-0.013776420068461448,0.5428318426012992,-0.0039016618320601992,4.851952860462916e-06,3.164183826243061e-06,263221.132,1.0,256832.60878125002,4.248655765147055e-07,3420.9027569866303,4800.0,1.0,,38,,,,,,,,
5.854073649000156,0.004318549732852261,0.060253906436264514,0.0,0.0,0.0181475,4.0,0.9025,-0.014216539892368018,0.5241987235844136,-0.004705812124302611,4.412896618077866e-06,3.453542970532908e-06,265346.446,1.0,258202.884921875,4.248655765147055e-07,3618.3833491987434,4800.0,1.0,,39,,,,,,,,
5.93650194199995,0.0053141603275435045,0.06650390643626451,0.0,0.0,0.0181,4.0,0.9,-0.01644611156079918,0.5354646310210228,-0.006757994391955435,6.151214790861559e-06,6.355124924084521e-06,264165.832,1.0,256959.4466875,4.248655765147055e-07,4744.569276891406,4800.0,1.0,,40,265413.36199999996,266671.265,252295.413,70000042,256796.86963333335,best_of_k,266671.265,4038.296733658381
5.925672602999839,0.006026771338656545,0.07706705741584301,0.0,0.0,0.0180525,4.0,0.8975,-0.014824392762966454,0.5167216636240483,-0.0054997836472466585,8.656503257498117e-06,5.28551850607073e-06,265721.683,1.0,257718.066734375,4.248655765147055e-07,4256.588108093287,4800.0,1.0,,41,,,,,,,,
6.020560205000038,0.003663629633956589,0.049088541977107526,0.0,0.0,0.018005,4.0,0.895,-0.009915917995385826,0.5162721261382103,-0.00062234818469733,3.910885817504095e-06,3.037815821471668e-06,265067.58400000003,1.0,258329.88674999998,4.248655765147055e-07,3825.9967838696234,4800.0,1.0,,42,,,,,,,,
5.936639643000035,0.0036854711594060062,0.03390299485763535,0.0,0.0,0.0179575,4.0,0.8925,-0.013467761757783591,0.5030291505157948,-0.004436570208054036,4.1351002607825645e-06,3.0812430850346574e-06,266107.531,1.0,259081.22053125,4.248655765147055e-07,3529.538031018492,4800.0,1.0,,43,,,,,,,,
5.986768482000116,0.004555230523692444,0.054003906436264515,0.0,0.0,0.017910000000000002,4.0,0.89,-0.01421475795796141,0.4917161300778389,-0.005413403059355915,9.709004893920792e-06,8.621166898592492e-06,267164.72099999996,1.0,258834.39578125,4.248655765147055e-07,3933.1678602200136,4800.0,1.0,,44,,,,,,,,
6.011428036000098,0.003217660621157847,0.03307291679084301,0.0,0.0,0.0178625,4.0,0.8875,-0.007960949465632439,0.4923898376524448,0.0008323946036398411,7.304789158979475e-06,2.4788641610484774e-06,266070.23699999996,1.0,260345.722109375,4.248655765147055e-07,3639.9756734100097,4800.0,1.0,,45,,,,,,,,
5.95636797599991,0.0039027309365337716,0.05651041679084301,0.0,0.0,0.017815,4.0,0.885,-0.010713676328305156,0.4933260828256607,-0.0019284560577943922,4.555434975372918e-06,5.856377097757104e-06,266270.388,1.0,260650.335046875,4.248655765147055e-07,3214.4269029545994,4800.0,1.0,,46,,,,,,,,
5.970090581000022,0.003179214190458879,0.03164062516298145,0.0,0.0,0.017767500000000002,4.0,0.8825000000000001,-0.012815442879218607,0.48574109748005867,-0.004187112778890878,3.880821299162562e-06,3.3738837089458683e-06,268860.0150000001,1.0,260290.518265625,4.248655765147055e-07,3751.1978267673653,4800.0,1.0,,47,,,,,,,,
5.932904753999992,0.005095436764531769,0.08177083348855377,0.0,0.0,0.01772,4.0,0.88,-0.013997700321488083,0.47973162233829497,-0.005498504126444459,3.0528457443779187e-06,2.686148781094744e-06,268165.271,1.0,260858.9686875,4.248655765147055e-07,3469.299232117348,4800.0,1.0,,48,,,,,,,,
5.989270289999922,0.0050234973663464185,0.06489257849752902,0.0,0.0,0.0176725,4.0,0.8775,-0.009291097265668213,0.4818446166813374,-0.0007784225046634675,3.2992833268963296e-06,4.787435076991642e-06,267459.60900000005,1.0,261181.47209375,4.248655765147055e-07,3494.233675364992,4800.0,1.0,,49,,,,,,,,
5.91339680100009,0.004473782726563513,0.059733073227107525,0.0,0.0,0.017625000000000002,4.0,0.875,-0.01241704699350521,0.47547860592603686,-0.004038773453794419,2.9014575886776585e-06,3.4936424498255294e-06,271124.134,1.0,262185.603921875,4.248655765147055e-07,3568.7616549496593,4800.0,1.0,,50,,,,,,,,
6.062778029000128,0.003277858457295224,0.036995442816987634,0.0,0.0,0.0175775,4.0,0.8725,-0.00989359653322026,0.47179409191012384,-0.0016025573015213013,3.031504155615039e-06,3.2352503154697844e-06,267998.45700000005,1.0,262486.06481250003,4.248655765147055e-07,3259.469498453209,4800.0,1.0,,51,,,,,,,,
6.05344794299981,0.004659499606350437,0.06207682293606922,0.0,0.0,0.01753,4.0,0.87,-0.015278618910815566,0.46486404463648795,-0.007131196022965014,3.441556179950567e-06,2.5998790988523977e-06,268028.61,1.0,262469.74917187507,4.248655765147055e-07,3325.290594522357,4800.0,1.0,,52,,,,,,,,
5.995725794000009,0.004965850201551802,0.057731119869276884,0.0,0.0,0.0174825,4.0,0.8674999999999999,-0.012006716313771903,0.457853801548481,-0.004025690024718642,6.0086836924710955e-06,4.560257114576416e-05,269219.05000000005,1.0,261302.531140625,4.248655765147055e-07,3681.353187669297,4800.0,1.0,,53,,,,,,,,
6.015777521000018,0.004672593969735317,0.05805664075305685,0.0,0.0,0.017435,4.0,0.865,-0.015070445789024233,0.4594844028353691,-0.007070768001722172,3.7446138918539873e-06,2.2116101013125446e-05,268915.656,1.0,263064.195234375,4.248655765147055e-07,3859.0013911826763,4800.0,1.0,,54,,,,,,,,
5.916410347999772,0.00308434487960767,0.023535156343132257,0.0,0.0,0.0173875,4.0,0.8625,-0.010835341096390038,0.453116998821497,-0.0029585973941721024,2.747860878571373e-06,3.1068645029108667e-06,269988.634,1.0,262561.67223437503,4.248655765147055e-07,3374.6371154779285,4800.0,1.0,,55,,,,,,,,
5.899512210000012,0.0037956839049002157,0.058642578311264515,0.0,0.0,0.01734,4.0,0.86,-0.011004471173509955,0.4518707446753979,-0.0031704762601293623,3.4020972464077205e-06,2.208367135381195e-06,269398.366,1.0,262644.72115625,4.248655765147055e-07,3041.947447320631,4800.0,1.0,,56,,,,,,,,
5.849613472999863,0.004545582459832076,0.060823568049818276,0.0,0.0,0.017292500000000002,4.0,0.8575,-0.008359245606698096,0.44216194525361063,-0.0007142313406802714,3.3533360607407304e-06,1.472277955372192e-06,269312.5,1.0,263948.694546875,4.248655765147055e-07,3448.036890821843,4800.0,1.0,,57,,,,,,,,
6.020322312999724,0.003819820954231545,0.0392903646454215,0.0,0.0,0.017245,4.0,0.855,-0.010880469949916005,0.44815009012818335,-0.0031531106680631636,2.862810137571614e-06,1.4071138338067613e-06,270367.69000000006,1.0,264640.0874375,4.248655765147055e-07,2601.884346548159,4800.0,1.0,,58,,,,,,,,
5.978177060999769,0.0038378952303901315,0.046712239645421504,0.0,0.0,0.0171975,4.0,0.8525,-0.007921181700658054,0.4480705834925175,-0.0002165578305721283,2.292545045179395e-06,1.6818696906284458e-06,269799.466,1.0,264960.147703125,4.248655765147055e-07,2796.0698312461573,4800.0,1.0,,59,,,,,,,,
5.8680913019998115,0.004780582257080823,0.058024088572710755,0.0,0.0,0.017150000000000002,4.0,0.85,-0.01370531745487824,0.44228741303086283,-0.006121202098438516,2.918380081951e-06,1.6434807179166456e-06,271284.235,1.0,264672.89434374997,4.248655765147055e-07,2927.1253575818255,4800.0,1.0,,60,271284.235,271162.233,264033.768,70000042,264926.6713666667,best_of_k,271162.233,2266.80417038953
6.12375119599983,0.004071965720504523,0.043538411520421504,0.0,0.0,0.0171025,4.0,0.8475,-0.010106181364972145,0.43996273130178454,-0.002583225793205202,3.718903514027261e-06,2.270916533575473e-06,271635.665,1.0,264869.643703125,4.248655765147055e-07,3075.7690492049956,4800.0,1.0,,61,,,,,,,,
6.0082537040002535,0.003533935619634576,0.0455729168606922,0.0,0.0,0.017055,4.0,0.845,-0.01275110050337389,0.4404220558702946,-0.005241586861666292,3.3095074854827543e-06,3.1063637237593865e-06,269934.162,1.0,264909.033984375,4.248655765147055e-07,2646.2464810565684,4800.0,1.0,,62,,,,,,,,
5.9999468179998985,0.004308704833965749,0.05397135431412607,0.0,0.0,0.017007500000000002,4.0,0.8425,-0.0159148424398154,0.43712768480181696,-0.008481432998087257,2.559270447477502e-06,1.5676946645726275e-06,269861.865,1.0,264956.72923437494,4.248655765147055e-07,3399.3159917980483,4800.0,1.0,,63,,,,,,,,
6.074010247999922,0.00514986245543696,0.07519531272118911,0.0,0.0,0.01696,4.0,0.84,-0.012285232136491686,0.43505059033632276,-0.004907911061309278,3.180879863862174e-06,1.6378209323875126e-06,269498.458,1.0,265191.81137500005,4.248655765147055e-07,2899.8958570305963,4800.0,1.0,,64,,,,,,,,
6.01555353599997,0.005545854746014811,0.07008463554084302,0.0,0.0,0.0169125,4.0,0.8375,-0.01107451532734558,0.4364065989851952,-0.0036947217653505505,2.3426741279308772e-06,1.3975252528553028e-06,270031.68200000003,1.0,265254.36785937496,4.248655765147055e-07,2802.4305346955593,4800.0,1.0,,65,,,,,,,,
5.884487745000115,0.00466846544877626,0.06217447973322123,0.0,0.0,0.016865,4.0,0.835,-0.01587053332477808,0.4397906892001629,-0.008454617531970143,3.3768049149784927e-06,1.6334387879624046e-06,271918.90900000004,1.0,265358.7995625,4.248655765147055e-07,3479.0247147054774,4800.0,1.0,,66,,,,,,,,
6.0504672590000155,0.004577810442424379,0.05856119792442769,0.0,0.0,0.0168175,4.0,0.8325,-0.011774992838036269,0.443105348944664,-0.004324242169968784,3.801291114768901e-06,1.5874501059442992e-06,270216.097,1.0,265227.48190625,4.248655765147055e-07,3159.124734183758,4800.0,1.0,,67,,,,,,,,
5.905991186000392,0.004157636628951878,0.052685546968132255,0.0,0.0,0.01677,4.0,0.83,-0.0124365228228271,0.4467928871512413,-0.004945016081910581,4.4949420271223065e-06,1.5207259835392506e-06,272137.739,1.0,265315.385,4.248655765147055e-07,2861.7369538109774,4800.0,1.0,,68,,,,,,,,
6.001981489000173,0.004029530702973716,0.05304362007882446,0.0,0.0,0.0167225,4.0,0.8275,-0.013423156394856051,0.4382673420011997,-0.006097625684924423,2.3450165315352934e-06,6.320723741737311e-06,271096.40199999994,1.0,265070.03170312505,4.248655765147055e-07,3134.912748764431,4800.0,1.0,,69,,,,,,,,
5.947816740000235,0.004847359575796873,0.058040364645421505,0.0,0.0,0.016675000000000002,4.0,0.825,-0.017621857498306782,0.4321809820830822,-0.010416319931391627,2.3370239688347285e-06,1.6913978598154244e-06,272116.85299999994,1.0,266554.9246875,4.248655765147055e-07,2456.8750781123485,4800.0,1.0,,70,,,,,,,,
5.92666349000001,0.003709785809041932,0.038411458395421504,0.0,0.0,0.0166275,4.0,0.8225,-0.011494575580582023,0.43083863109350207,-0.004332626191899181,4.185210718787857e-06,2.802850247007882e-06,271964.575,1.0,265713.2186875,4.248655765147055e-07,3094.9461104901197,4800.0,1.0,,71,,,,,,,,
5.866085893000218,0.004215721841319464,0.04736328134313226,0.0,0.0,0.01658,4.0,0.8200000000000001,-0.005978390772361309,0.4278010159730911,0.0011112783569842577,3.662496533252124e-06,5.812215275113886e-06,271587.151,1.0,266637.91695312504,4.248655765147055e-07,3556.538022828466,4800.0,1.0,,72,,,,,,,,
5.9430119799999375,0.003316198388347402,0.041129557345993814,0.0,0.0,0.016532500000000002,4.0,0.8175,-0.009080676781013607,0.4181215904653072,-0.0021750261075794697,2.61069598082031e-06,1.3365521010655356e-05,271338.308,1.0,266304.27228125,4.248655765147055e-07,2467.970192163001,4800.0,1.0,,73,,,,,,,,
5.904134071000044,0.003245812168461271,0.03004557304084301,0.0,0.0,0.016485,4.0,0.815,-0.005297250440344214,0.41528871431946757,0.0015474103158339858,2.6094498537077014e-06,2.2251664731243183e-06,271219.18799999997,1.0,266464.64632812503,4.248655765147055e-07,2722.2148171708964,4800.0,1.0,,74,,,,,,,,
5.890202122000119,0.0032111077685840427,0.03699544286355376,0.0,0.0,0.0164375,4.0,0.8125,-0.01004306027898565,0.4163241907954216,-0.0032005518558435144,1.9566703599593893e-06,1.2506251877653086e-06,272838.37000000005,1.0,267114.62878125,4.248655765147055e-07,2642.0584048130318,4800.0,1.0,,75,,,,,,,,
5.808623969000109,0.0037440286163473503,0.05084635426755994,0.0,0.0,0.016390000000000002,4.0,0.81,-0.010381711355876178,0.4102991819381714,-0.0036577732069417836,2.3057183284436176e-06,1.2694403210389283e-06,271533.402,1.0,266349.54028125,4.248655765147055e-07,2716.8217812868743,4800.0,1.0,,76,,,,,,,,
5.933861859999979,0.003966591719654388,0.046826171968132255,0.0,0.0,0.0163425,4.0,0.8075,-0.010572206520009786,0.4040523611009121,-0.0039707060204818845,1.722262521752782e-06,3.1061592281389493e-06,271328.73800000007,1.0,266976.67146875,4.248655765147055e-07,2466.1491501651635,4800.0,1.0,,77,,,,,,,,
6.000839113999973,0.003638018065248616,0.04103190116584301,0.0,0.0,0.016295,4.0,0.8049999999999999,-0.014650519646238536,0.4027827113866806,-0.008088839624542743,1.993776777453604e-06,2.9286006878237457e-06,270885.748,1.0,267297.08221875003,4.248655765147055e-07,2389.5790475508866,4800.0,1.0,,78,,,,,,,,
5.9843421989999115,0.004089071339694783,0.045686849299818276,0.0,0.0,0.0162475,4.0,0.8025,-0.01092090989695862,0.39916627258062365,-0.004446027090307325,2.885640819272339e-06,2.056546844642071e-05,271117.423,1.0,266936.95087500004,4.248655765147055e-07,2595.3813767444053,4800.0,1.0,,79,,,,,,,,
5.932535284000096,0.0026768980984343215,0.025585937593132258,0.0,0.0,0.0162,4.0,0.8,-0.011663545470219106,0.3944384180009365,-0.005275585572235286,2.0124458160353244e-06,3.4834556927876292e-06,271653.112,1.0,267698.663,4.248655765147055e-07,2363.4619683592778,4800.0,1.0,,80,272838.37000000005,273675.042,265409.081,70000042,267819.65150000004,best_of_k,273675.042,2362.498033223734
5.876324124000348,0.003920372112770565,0.0419596356106922,0.0,0.0,0.0161525,4.0,0.7975,-0.0068823527311906215,0.39603410214185714,-0.00048626811476424334,2.378150929871481e-06,1.2358288870473188e-06,274335.712,1.0,268056.975453125,4.248655765147055e-07,3020.832698617297,4800.0,1.0,,81,,,,,,,,
6.009748678000051,0.003472432660055347,0.0359700522152707,0.0,0.0,0.016105,4.0,0.795,-0.011725980578921736,0.39643084108829496,-0.0053422011587827,2.0185070340517085e-06,1.074127129641056e-06,272329.32899999997,1.0,267627.8829375,4.248655765147055e-07,2322.4620933238853,4800.0,1.0,,82,,,,,,,,
5.945671637000032,0.003594901040196419,0.04257812516298145,0.0,0.0,0.016057500000000002,4.0,0.7925,-0.012882325961254538,0.3964045807719231,-0.006518423743546009,4.718395877034709e-06,1.7860832116411983e-06,271949.34900000005,1.0,267445.476734375,4.248655765147055e-07,3003.765506140893,4800.0,1.0,,83,,,,,,,,
5.907644833999711,0.0032163823459995912,0.03694661473855376,0.0,0.0,0.01601,4.0,0.79,-0.01193489192519337,0.39207580462098124,-0.005658967513591051,2.6364592685013124e-06,1.8905104639088677e-06,272572.206,1.0,267750.44049999997,4.248655765147055e-07,2440.6532590101187,4800.0,1.0,,84,,,,,,,,
5.907872130000214,0.004224602240719832,0.05359700554981828,0.0,0.0,0.0159625,4.0,0.7875,-0.007159941783174873,0.39725879654288293,-0.00081997225061059,4.6543499507833985e-06,1.6165845792670553e-06,271921.03400000004,1.0,267077.695515625,4.248655765147055e-07,2052.216353211592,4800.0,1.0,,85,,,,,,,,
5.890623206999862,0.004422054812312126,0.050195312779396775,0.0,0.0,0.015915,4.0,0.785,-0.008196005318313836,0.39240231886506083,-0.001953866030089557,2.956232208362053e-06,5.296502969542871e-06,272675.652,1.0,267590.95296875003,4.248655765147055e-07,2261.973964452479,4800.0,1.0,,86,,,,,,,,
5.861940842999957,0.0035635297826956958,0.03819986991584301,0.0,0.0,0.0158675,4.0,0.7825,-0.007877569901756943,0.3870027281343937,-0.0017381768731866032,7.903568786105097e-06,1.1645108600077946e-06,272176.20300000004,1.0,267549.16884375,4.248655765147055e-07,2430.6655773416123,4800.0,1.0,,87,,,,,,,,
5.853633949000141,0.002822852777171647,0.03346354179084301,0.0,0.0,0.01582,4.0,0.78,-0.011636980681214482,0.3807473979890347,-0.005615164083428681,1.1033417297312554e-05,1.0073444073555039e-06,273008.028,1.0,268012.74285937496,4.248655765147055e-07,2670.8311544241706,4800.0,1.0,,88,,,,,,,,
5.853640715999973,0.0037897976639214904,0.0455891928402707,0.0,0.0,0.015772500000000002,4.0,0.7775,-0.010050263383891433,0.38068772852420807,-0.0040465824538841845,1.845463671656944e-06,1.0618979572996068e-06,272179.76800000004,1.0,267976.35828125,4.248655765147055e-07,2940.1649706548933,4800.0,1.0,,89,,,,,,,,
6.007813077999799,0.003108227887423709,0.026953125069849194,0.0,0.0,0.015725,4.0,0.775,-0.004975322086829692,0.37240368202328683,0.000876315962523222,1.3848401948735046e-06,8.542606036598954e-06,274859.254,1.0,268885.249859375,4.248655765147055e-07,2258.2398797225314,4800.0,1.0,,90,,,,,,,,
5.954654139000013,0.003688033393700607,0.04073893232271075,0.0,0.0,0.0156775,4.0,0.7725,-0.008705516264308244,0.37125384509563447,-0.0028942069970071317,1.4395757290230904e-06,1.775895021012275e-05,273745.14900000003,1.0,268195.30278125,4.248655765147055e-07,3098.3406114213167,4800.0,1.0,,91,,,,,,,,
5.859962235999774,0.0033652090234681962,0.039990234468132255,0.0,0.0,0.01563,4.0,0.77,-0.009968716138973831,0.36354698017239573,-0.004287261248100549,1.4796197291389035e-06,1.2729020852475515e-06,272641.597,1.0,268550.975421875,4.248655765147055e-07,2679.1301971985113,4800.0,1.0,,92,,,,,,,,
5.97476685599986,0.0030198113701771943,0.030501302145421506,0.0,0.0,0.015582499999999999,4.0,0.7675,-0.010793195717269555,0.36651837900280954,-0.005083973961882293,1.5200804909909494e-06,3.797384738390974e-06,274060.309,1.0,268765.5126875,4.248655765147055e-07,2488.0926333096745,4800.0,1.0,,93,,,,,,,,
5.926193942000282,0.0039788698486518115,0.043554687639698386,0.0,0.0,0.015535,4.0,0.765,-0.010536294966004788,0.3697583727538586,-0.004795822547748685,2.7583461331914806e-06,6.894984622363154e-06,273159.981,1.0,268018.896171875,4.248655765147055e-07,2982.8793249871005,4800.0,1.0,,94,,,,,,,,
6.089152499999727,0.003346697287634015,0.03286132817156613,0.0,0.0,0.015487500000000001,4.0,0.7625,-0.006443106930237264,0.36581615507602694,-0.0007786885369569063,1.7604654289016254e-06,1.9664221881043887e-06,273429.624,1.0,268907.33942187496,4.248655765147055e-07,2592.43136282721,4800.0,1.0,,95,,,,,,,,
5.810969077000209,0.002867073001107201,0.0291341146803461,0.0,0.0,0.01544,4.0,0.76,-0.011388370802160352,0.36428147852420806,-0.005764418671606109,1.0624241369328046e-06,8.949946689540411e-07,273728.423,1.0,268889.217546875,4.248655765147055e-07,2673.9748761674145,4800.0,1.0,,96,,,,,,,,
5.93118252100021,0.003426272072829306,0.03725585946813226,0.0,0.0,0.0153925,4.0,0.7575000000000001,-0.008392567059490829,0.3625060148537159,-0.0028137379325926305,1.925623138276933e-06,1.7044178207470394e-06,273376.038,1.0,268023.594671875,4.248655765147055e-07,3248.978938170089,4800.0,1.0,,97,,,,,,,,
5.902911412999856,0.0028171839541755615,0.030940755247138442,0.0,0.0,0.015345000000000001,4.0,0.755,-0.009090539312455802,0.3564716637134552,-0.0036212907289154828,2.0145913438796016e-06,1.2154761989791041e-06,273756.439,1.0,269756.943078125,4.248655765147055e-07,1954.5589955248415,4800.0,1.0,,98,,,,,,,,
5.904312905000097,0.0025545477226842197,0.034228515811264515,0.0,0.0,0.0152975,4.0,0.7525,-0.005814814678160474,0.3513009317219257,-0.00044158577220514416,1.7036558745076037e-06,1.253931456801638e-06,273219.326,1.0,268788.32385937497,4.248655765147055e-07,2392.435625450829,4800.0,1.0,,99,,,,,,,,
5.911731179000071,0.004979929607361555,0.07257487010210753,0.0,0.0,0.01525,4.0,0.75,-0.008721470722230151,0.35214576944708825,-0.003352596494369209,2.050238776973856e-06,2.2874057236776933e-06,273084.07000000007,1.0,269113.267859375,4.248655765147055e-07,2186.85414794346,4800.0,1.0,,100,274859.254,274367.22000000003,269988.123,70000042,270073.3138333333,best_of_k,274367.22000000003,1933.260700852654
5.905191348999779,0.004640950716566295,0.06546223992481828,0.0,0.0,0.0152025,4.0,0.7475,-0.007820578420069068,0.3498517148196697,-0.002502470789477229,1.4603199900875552e-06,7.327519490729629e-07,272746.269,1.0,269208.0305,4.248655765147055e-07,2026.5690060566435,4800.0,1.0,,101,,,,,,,,
5.797089571000015,0.0034986309037776664,0.03828125004656613,0.0,0.0,0.015155,4.0,0.745,-0.003051889018388465,0.34237524643540385,0.0021362698869779708,1.4708596779655637e-06,7.817023643497123e-07,273595.329,1.0,268893.02499999997,4.248655765147055e-07,2386.1937925006387,4800.0,1.0,,102,,,,,,,,
5.989013236000119,0.0032144186188816093,0.042919921968132255,0.0,0.0,0.0151075,4.0,0.7424999999999999,-0.006482780363876372,0.3378711201250553,-0.0013792539015412331,1.1771724288678342e-06,1.4867764221548896e-06,273293.915,1.0,269414.683078125,4.248655765147055e-07,1995.868912190049,4800.0,1.0,,103,,,,,,,,
5.866720118000103,0.0033064115988963748,0.04332682313397527,0.0,0.0,0.01506,4.0,0.74,-0.006787730252835899,0.3366528794169426,-0.0017189139267429709,1.536921735123542e-06,2.04505430900781e-06,273114.758,1.0,269791.550140625,4.248655765147055e-07,1918.807374581204,4800.0,1.0,,104,,,,,,,,
5.8482802570001695,0.0023201226867968217,0.014420572970993816,0.0,0.0,0.015012500000000002,4.0,0.7375,-0.006344773422461003,0.33804128915071485,-0.0012713978299871086,1.5976937888240172e-06,2.618687614130977e-06,272647.476,1.0,269460.71879687504,4.248655765147055e-07,1687.4096864759567,4800.0,1.0,,105,,,,,,,,
5.86662337000007,0.00503970124409534,0.07534179715439678,0.0,0.0,0.014965,4.0,0.735,-0.007923441205639392,0.3358853831887245,-0.0028974533546715976,1.4057651682719552e-06,7.922962574014036e-07,273534.55299999996,1.0,269143.06367187505,4.248655765147055e-07,2474.756602277165,4800.0,1.0,,106,,,,,,,,
5.918876191999971,0.003959833292174153,0.04392903661355376,0.0,0.0,0.0149175,4.0,0.7324999999999999,-0.008273940673097968,0.3359534092247486,-0.0032739958667661996,8.982321361372669e-07,2.3101824973537076e-05,273426.223,1.0,269611.580453125,4.248655765147055e-07,2091.40947936081,4800.0,1.0,,107,,,,,,,,
5.901653943999918,0.0032535104983253404,0.041715494904201476,0.0,0.0,0.014870000000000001,4.0,0.73,-0.00977375089423731,0.33233040794730184,-0.004835830139927566,1.1928042241038383e-06,7.426186061820772e-06,273455.88,1.0,268889.4621875,4.248655765147055e-07,2511.06246779708,4800.0,1.0,,108,,,,,,,,
5.866485661000297,0.0029106822781614027,0.0314778646803461,0.0,0.0,0.014822499999999999,4.0,0.7275,-0.00956533282296732,0.32964839562773707,-0.004680812207516283,2.4490551396638693e-06,2.895054043960954e-06,273361.71900000004,1.0,269919.960828125,4.248655765147055e-07,2436.81340914801,4800.0,1.0,,109,,,,,,,,
5.912419549000333,0.0035571629152400417,0.044954427238553765,0.0,0.0,0.014775,4.0,0.725,-0.006027058919426054,0.33418433740735054,-0.0010901729809120297,1.286996854332756e-06,1.1167832667524635e-06,274288.34,1.0,269559.10801562504,4.248655765147055e-07,2314.774472136648,4800.0,1.0,,110,,,,,,,,
6.021525801999815,0.002395745544345118,0.024104817747138442,0.0,0.0,0.014727500000000001,4.0,0.7224999999999999,-0.005558262014528736,0.3340650901198387,-0.0006387245026417077,1.0017617682933632e-06,6.113134915608498e-07,273714.269,1.0,270191.83787499997,4.248655765147055e-07,2036.3184618938908,4800.0,1.0,,111,,,,,,,,
5.9796820079996,0.0042763992445543405,0.05232747411355376,0.0,0.0,0.01468,4.0,0.72,-0.009769973554648459,0.3316545061767101,-0.004901780956424772,1.069524489594187e-06,7.765769694856317e-07,272983.81799999997,1.0,269699.5901875,4.248655765147055e-07,2284.2490643413175,4800.0,1.0,,112,,,,,,,,
6.012365817000045,0.0025004483497468753,0.027034505316987634,0.0,0.0,0.014632500000000001,4.0,0.7175,-0.008188933855853975,0.33215940818190576,-0.003328947047702968,8.657363117947625e-07,4.982042362655648e-07,274109.624,1.0,270298.54684375,4.248655765147055e-07,1551.0225539446703,4800.0,1.0,,113,,,,,,,,
5.8837565769999856,0.0032172500126762316,0.03489583358168602,0.0,0.0,0.014585,4.0,0.7150000000000001,-0.010447274160105735,0.33287991061806677,-0.005592652782797814,1.3807651640718176e-06,5.873594894012512e-07,273230.59900000005,1.0,270361.0121875,4.248655765147055e-07,1980.307379015172,4800.0,1.0,,114,,,,,,,,
5.897128980000161,0.0030373132234672085,0.03242187506984919,0.0,0.0,0.014537500000000002,4.0,0.7125,-0.007031539326999336,0.3323702417314053,-0.0022006348241120576,1.7811401420431139e-06,1.4998772556396035e-06,274510.335,1.0,270179.157515625,4.248655765147055e-07,2116.483428294352,4800.0,1.0,,115,,,,,,,,
5.868835716999911,0.0033107378636486827,0.03131510437233374,0.0,0.0,0.014490000000000001,4.0,0.71,-0.004229020822094753,0.33272025510668757,0.0005916524372878484,1.2006352733351378e-06,6.461010400471423e-07,274279.792,1.0,270100.20896874997,4.248655765147055e-07,2080.8469008363,4800.0,1.0,,116,,,,,,,,
5.961177805999796,0.003317901652189903,0.04246419286355376,0.0,0.0,0.0144425,4.0,0.7075,-0.005292886216193437,0.33460238128900527,-0.0004607931477949023,9.011594158891967e-07,6.232366139613532e-07,273768.72500000003,1.0,269644.098265625,4.248655765147055e-07,2027.3089498335069,4800.0,1.0,,117,,,,,,,,
5.928534521000074,0.0028617926291190088,0.03351236991584301,0.0,0.0,0.014395000000000002,4.0,0.7050000000000001,-0.01305367353488691,0.3298288606107235,-0.008306480874307454,1.9369333244867447e-06,1.0007185352378655e-06,275195.221,1.0,270032.002703125,4.248655765147055e-07,2636.1535081716306,4800.0,1.0,,118,,,,,,,,
5.810556042999906,0.0031922255897370634,0.038020833395421505,0.0,0.0,0.014347500000000001,4.0,0.7025,-0.006011616555042565,0.3252431243658066,-0.001346452417783439,8.207595516296352e-06,8.817800988936142e-07,274753.791,1.0,270176.886328125,4.248655765147055e-07,2218.2472965043517,4800.0,1.0,,119,,,,,,,,
5.862369442000272,0.0025794674846110867,0.02516276043606922,0.0,0.0,0.0143,4.0,0.7,-0.004554610943887383,0.3255932487547398,0.00010085382964462042,2.2969106694858967e-06,5.792184609276774e-07,274173.71800000005,1.0,270032.37964062503,4.248655765147055e-07,1750.3425213783437,4800.0,1.0,,120,275195.221,275116.02100000007,269806.879,70000042,270384.5307333333,best_of_k,275116.02100000007,1975.2173254203394
5.875925540000026,0.003821238406817429,0.04479166679084301,0.0,0.0,0.014252500000000001,4.0,0.6975,-0.008803455444285646,0.3312433183193207,-0.004082840017508716,8.233432609472402e-07,6.960599726824057e-07,274450.964,1.0,270868.53590625,4.248655765147055e-07,1824.5603335065398,4800.0,1.0,,121,,,,,,,,
5.8528517069999,0.003272225457476452,0.03841145848855376,0.0,0.0,0.014205,4.0,0.6950000000000001,-0.011186154588358477,0.3324591189622879,-0.006464746291749179,9.488015990655185e-07,2.157546902026297e-06,274037.064,1.0,270126.73303125,4.248655765147055e-07,2324.3966642285345,4800.0,1.0,,122,,,,,,,,
5.885966209999879,0.0035165858891559763,0.04444986985763535,0.0,0.0,0.0141575,4.0,0.6925,-0.012941862759180366,0.3287666939198971,-0.0082877978682518,9.247172584991859e-07,7.144852190776874e-07,274111.807,1.0,270407.7045625,4.248655765147055e-07,1622.0125906550957,4800.0,1.0,,123,,,,,,,,
5.839826689999882,0.0033451508526923133,0.041927083488553764,0.0,0.0,0.014110000000000001,4.0,0.69,-0.0067745781561825424,0.3263858646154404,-0.002170183905400336,9.832882540194986e-07,1.6231397808041947e-06,273852.87,1.0,270279.14582812495,4.248655765147055e-07,2113.8663809890177,4800.0,1.0,,124,,,,,,,,
5.931076221999774,0.002680868763127364,0.026497395930346102,0.0,0.0,0.0140625,4.0,0.6875,-0.006515936501091346,0.32699074372649195,-0.0019214860629290342,1.022329327327043e-06,7.508114565268898e-06,273756.118,1.0,270979.241375,4.248655765147055e-07,1730.0926519158313,4800.0,1.0,,125,,,,,,,,
5.936882793999757,0.002518838866672013,0.021907552098855376,0.0,0.0,0.014015,4.0,0.685,-0.006455172825371847,0.3253366895020008,-0.0018980002845637501,1.3144028969236388e-06,4.579450107655703e-06,274192.49899999995,1.0,270588.71946875,4.248655765147055e-07,1834.972940810375,4800.0,1.0,,126,,,,,,,,
5.873962632999792,0.0019954268951551057,0.018701171886641534,0.0,0.0,0.0139675,4.0,0.6825,-0.006395467038964852,0.31895336508750916,-0.0019408939173445106,8.35865689197135e-07,6.485632503938632e-07,273624.961,1.0,270835.11582812504,4.248655765147055e-07,1684.210451274791,4800.0,1.0,,127,,,,,,,,
6.012123702999816,0.0022325587226077913,0.02132161462213844,0.0,0.0,0.01392,4.0,0.6799999999999999,-0.0052231057430617515,0.3184230521321297,-0.0007912064669653773,8.735859779562816e-07,9.244994814139318e-07,274286.271,1.0,271253.5155,4.248655765147055e-07,1806.7365567848385,4800.0,1.0,,128,,,,,,,,
5.8456341430000975,0.003240011932211928,0.03740234376164153,0.0,0.0,0.0138725,4.0,0.6775,-0.009670216962695122,0.3174735873937607,-0.005266737251076847,1.2405724575614841e-06,1.0966106387400032e-06,274624.83900000004,1.0,270538.498109375,4.248655765147055e-07,2107.36812127991,4800.0,1.0,,129,,,,,,,,
5.888019199000155,0.003179333664593287,0.044954427215270695,0.0,0.0,0.013825,4.0,0.675,-0.010760317940730601,0.31367706060409545,-0.006424203177448362,9.995916713023688e-07,7.409365068156148e-07,273921.51100000006,1.0,270514.91653125,4.248655765147055e-07,2056.6317380783585,4800.0,1.0,,130,,,,,,,,
5.943425600999944,0.003188723801576998,0.04049479176755995,0.0,0.0,0.013777500000000002,4.0,0.6725,-0.013701573293656111,0.3072285555303097,-0.00946925055468455,8.580371996913528e-07,8.665053258027911e-07,273884.09900000005,1.0,270799.85603125,4.248655765147055e-07,1567.8611123537642,4800.0,1.0,,131,,,,,,,,
5.8634272649997,0.001764911733334884,0.01899414069484919,0.0,0.0,0.01373,4.0,0.6699999999999999,-0.0033210967550985513,0.30496222376823423,0.0008655991987325251,8.237397352672815e-07,7.051061984952867e-07,274785.504,1.0,271314.302734375,4.248655765147055e-07,1616.2278455033882,4800.0,1.0,,132,,,,,,,,
5.965371093000158,0.002430954902956728,0.03212890634313226,0.0,0.0,0.0136825,4.0,0.6675,-0.0053458487440366294,0.30724057406187055,-0.0011424203286878765,1.239959765086951e-06,5.345704380488314e-07,273978.57399999996,1.0,270820.437109375,4.248655765147055e-07,1927.2575703463265,4800.0,1.0,,133,,,,,,,,
5.93251952799983,0.0021142001351108775,0.01904296884313226,0.0,0.0,0.013635000000000001,4.0,0.665,-0.00821130194235593,0.31228060498833654,-0.00395418934058398,1.3479712364983242e-06,1.3971392448297592e-06,274355.244,1.0,271128.16551562503,4.248655765147055e-07,1857.7098475222629,4800.0,1.0,,134,,,,,,,,
5.89953466299994,0.005316409963415936,0.07478841189295053,0.0,0.0,0.013587499999999999,4.0,0.6625,-0.007978629146236926,0.31414513289928436,-0.0037114364095032215,1.3620889319554407e-06,2.23664368519394e-06,274300.247,1.0,271002.77282812505,4.248655765147055e-07,2186.5523222306997,4800.0,1.0,,135,,,,,,,,
5.916702498000177,0.0030634556809673087,0.027490234572906048,0.0,0.0,0.01354,4.0,0.6599999999999999,-0.0061304701841436325,0.308192303031683,-0.001982627355027944,3.0055177603571793e-06,4.956107245845942e-05,274500.00000000006,1.0,271146.29625,4.248655765147055e-07,1882.7169195315216,4800.0,1.0,,136,,,,,,,,
5.972800724000081,0.0024245839143986815,0.019873046886641533,0.0,0.0,0.013492500000000001,4.0,0.6575,-0.003447495261207223,0.30812804847955705,0.0007090765982866287,1.1128890008649251e-06,1.4699940194873306e-06,274246.228,1.0,271008.11803125,4.248655765147055e-07,1791.964077813085,4800.0,1.0,,137,,,,,,,,
6.081707759999972,0.002818692135042511,0.03100585946813226,0.0,0.0,0.013445000000000002,4.0,0.655,-0.00643285415135324,0.3062396876513958,-0.0023159485775977374,1.419522511980631e-06,6.903397050450622e-07,274479.05600000004,1.0,270913.6095,4.248655765147055e-07,1958.8410132546967,4800.0,1.0,,138,,,,,,,,
6.0015738259999125,0.003144786285702139,0.03341471354942769,0.0,0.0,0.013397500000000001,4.0,0.6525000000000001,-0.006011376780224964,0.31181076914072037,-0.0018344059237278998,8.905097089950686e-07,8.491375211860941e-07,274734.256,1.0,270850.182359375,4.248655765147055e-07,2490.796446822099,4800.0,1.0,,139,,,,,,,,
5.970484998000302,0.0037050012499094008,0.04352213554084301,0.0,0.0,0.01335,4.0,0.65,-0.007852897682460025,0.3108911834657192,-0.003702949860598892,8.138793049283777e-07,7.35703146403921e-07,274070.722,1.0,271243.285984375,4.248655765147055e-07,1983.6706827219675,4800.0,1.0,,140,275195.221,273944.918,272656.644,70000042,271091.1158,best_of_k,273944.918,1560.4631837199106
5.826969159999862,0.0047710482293041425,0.06884765643626452,0.0,0.0,0.013302500000000002,4.0,0.6475,-0.005947028228547424,0.3064685076475143,-0.0018705857452005147,1.0694858147530795e-06,4.958230746865411e-07,274626.20700000005,1.0,271104.54753125005,4.248655765147055e-07,1727.7606594949395,4800.0,1.0,,141,,,,,,,,
5.839369618000092,0.003309279988752678,0.04062500016298145,0.0,0.0,0.013255000000000001,4.0,0.645,-0.008025822148192674,0.30645025670528414,-0.003964296611957252,1.692745195214229e-06,6.069468398095523e-07,274645.41099999996,1.0,270482.1610625,4.248655765147055e-07,1832.4084469358345,4800.0,1.0,,142,,,,,,,,
5.949098993999996,0.003172046461259015,0.0330240887356922,0.0,0.0,0.0132075,4.0,0.6425000000000001,-0.0043186870345380155,0.30600344836711885,-0.00027776991482824086,3.425112470267777e-06,5.615353352084185e-07,273632.096,1.0,270560.62676562497,4.248655765147055e-07,1706.1543659852327,4800.0,1.0,,143,,,,,,,,
5.9953338790001,0.0029717252327827737,0.0344075522152707,0.0,0.0,0.013160000000000002,4.0,0.64,-0.0033106218674220146,0.3074147865176201,0.0007345277350395918,1.3889762485064238e-06,5.81112896469449e-07,274218.69200000004,1.0,270401.18310937495,4.248655765147055e-07,2050.3598157424112,4800.0,1.0,,144,,,,,,,,
5.958804633999989,0.003887304224190302,0.05078125027939677,0.0,0.0,0.013112500000000001,4.0,0.6375,-0.004106518597109243,0.30756433829665186,-7.390810642391444e-05,8.811455359136744e-07,4.785404513540925e-07,275052.43299999996,1.0,271051.1008125,4.248655765147055e-07,1988.271284370073,4800.0,1.0,,145,,,,,,,,
5.948434215000361,0.002470612956676632,0.02421875010477379,0.0,0.0,0.013065,4.0,0.635,-0.006561085127759725,0.3020167663693428,-0.0026156795676797627,1.2710929652826053e-06,6.319868013804352e-07,275195.10500000004,1.0,270936.194265625,4.248655765147055e-07,2108.3991943553187,4800.0,1.0,,146,,,,,,,,
5.843749270999979,0.003653805052454118,0.04729817727347836,0.0,0.0,0.013017500000000001,4.0,0.6325000000000001,-0.005499923176830635,0.29951711297035216,-0.0016013518907129765,1.082639434457633e-06,5.688749482146705e-07,275040.92500000005,1.0,270987.02654687496,4.248655765147055e-07,2294.548423363206,4800.0,1.0,,147,,,,,,,,
5.936393485999815,0.002034396500675939,0.012402343819849193,0.0,0.0,0.01297,4.0,0.63,-0.005886303045554086,0.30184500813484194,-0.0019718264462426304,8.459723815690268e-07,7.38869615446447e-07,274182.511,1.0,271073.73182812496,4.248655765147055e-07,1858.5962910146407,4800.0,1.0,,148,,,,,,,,
5.995013244999882,0.0019531687925336883,0.02428385424427688,0.0,0.0,0.0129225,4.0,0.6275,-0.005813298764405772,0.3013755835592747,-0.001919016893953085,6.730309742408736e-07,3.537323244984236e-07,274426.21900000004,1.0,271736.732328125,4.248655765147055e-07,1510.9915925911923,4800.0,1.0,,149,,,,,,,,
5.938300024,0.0019969386310549455,0.015169270895421505,0.0,0.0,0.012875000000000001,4.0,0.625,-0.00178010985837318,0.30506628975272176,0.0021473104367032646,6.737134441436865e-07,4.819465971195313e-07,274271.57399999996,1.0,271027.8508125,4.248655765147055e-07,1723.927421321819,4800.0,1.0,,150,,,,,,,,
5.939625584999703,0.002653377829119563,0.02713216160191223,0.0,0.0,0.0128275,4.0,0.6225,-0.0080260947230272,0.30280366986989976,-0.004142228339333087,9.245153691495034e-07,5.098277462423084e-07,274518.914,1.0,271759.373015625,4.248655765147055e-07,1423.9424128636028,4800.0,1.0,,151,,,,,,,,
5.8789475049998146,0.004107353975996375,0.05555013054981828,0.0,0.0,0.01278,4.0,0.62,-0.011896205402445048,0.2974900364875793,-0.008094574615824968,6.668491195682691e-07,4.5055784028136257e-07,274894.05,1.0,271490.55817187496,4.248655765147055e-07,1621.8165843788167,4800.0,1.0,,152,,,,,,,,
6.034477826000057,0.002021318403421901,0.016259765718132257,0.0,0.0,0.0127325,4.0,0.6174999999999999,-0.008431612001731991,0.3002625562250614,-0.004608951967020403,1.2047678168869424e-06,6.247234857426065e-07,274628.69200000004,1.0,270621.71140624996,4.248655765147055e-07,2265.8598773734575,4800.0,1.0,,153,,,,,,,,
6.008378429000004,0.0013530822056054604,0.00882161462213844,0.0,0.0,0.012685,4.0,0.615,-0.0023698406817857175,0.2966092385351658,0.0013889664784073829,5.107944673454767e-06,6.342107913326345e-06,275051.70900000003,1.0,270983.90134375,4.248655765147055e-07,2178.2452955972412,4800.0,1.0,,154,,,,,,,,
5.9106327800000145,0.0028618761396501215,0.026708984456490725,0.0,0.0,0.0126375,4.0,0.6125,-0.00663054171600379,0.29294211268424986,-0.0029295771848410366,5.115481141615419e-06,1.1595216804494157e-06,275118.66300000006,1.0,271223.25220312504,4.248655765147055e-07,1655.7715251278,4800.0,1.0,,155,,,,,,,,
5.820466293000209,0.0024098628084175287,0.024251302191987633,0.0,0.0,0.01259,4.0,0.61,-0.0038420462689828126,0.28375746607780455,-0.00026995993684977295,1.2708902772828878e-06,5.859416916109694e-07,274028.408,1.0,271109.465890625,4.248655765147055e-07,1797.7326003881417,4800.0,1.0,,156,,,,,,,,
5.7440912619999835,0.0018902838346548378,0.014567057299427689,0.0,0.0,0.012542500000000002,4.0,0.6074999999999999,-0.001995140133658424,0.28555516600608827,0.0015861163614317776,6.216950474424721e-07,5.123131920470314e-07,273995.639,1.0,271109.838171875,4.248655765147055e-07,1841.7143214285227,4800.0,1.0,,157,,,,,,,,
5.837685280000187,0.00271311845863238,0.030289713700767606,0.0,0.0,0.012495,4.0,0.605,-0.00523325682443101,0.2824405409395695,-0.0017045125059667043,5.819869400625066e-07,5.832194169386185e-07,274092.92000000004,1.0,271120.248015625,4.248655765147055e-07,1751.1492600843837,4800.0,1.0,,158,,,,,,,,
5.7647726830000465,0.0024752798140980302,0.0254231772152707,0.0,0.0,0.0124475,4.0,0.6025,-0.006337493483442813,0.2837556354701519,-0.0028057855321094393,6.042738320388708e-07,5.594119862450953e-07,275618.975,1.0,271629.451296875,4.248655765147055e-07,1591.129889988198,4800.0,1.0,,159,,,,,,,,
5.770323373000338,0.0016541174685698935,0.008430989598855377,0.0,0.0,0.012400000000000001,4.0,0.6,-0.004319326503900811,0.2839497156441212,-0.0007986366981640458,5.53787965174024e-07,4.6184001689653087e-07,274698.27400000003,1.0,271811.64537499996,4.248655765147055e-07,1587.3400075047537,4800.0,1.0,,160,275618.975,274699.03300000005,272903.972,70000042,271796.5468666667,best_of_k,274699.03300000005,1212.5634864489632
5.972230351000235,0.002889217808842659,0.04000651054084301,0.0,0.0,0.012352499999999999,4.0,0.5974999999999999,-0.004024679824942723,0.28854813799262047,-0.00046068176161497834,6.10748310236886e-07,4.6226560357354174e-07,275433.347,1.0,271277.316484375,4.248655765147055e-07,1916.3056006852846,4800.0,1.0,,161,,,,,,,,
5.843923335999989,0.002203714524512179,0.01630859379656613,0.0,0.0,0.012305,4.0,0.595,-0.004981326730921864,0.28555320054292677,-0.0014679350424557924,7.0215763514625e-07,5.400283228595981e-07,274297.648,1.0,271318.42081249994,4.248655765147055e-07,1906.3326003753298,4800.0,1.0,,162,,,,,,,,
5.8239874130003955,0.002701453119516373,0.03006184910191223,0.0,0.0,0.012257500000000001,4.0,0.5925,-0.007068878290010616,0.2885097526013851,-0.0035328702768310906,8.946827378508715e-07,6.217830915034028e-07,274118.161,1.0,271361.515640625,4.248655765147055e-07,2167.556875251631,4800.0,1.0,,163,,,,,,,,
5.891859905999809,0.0030558696249499916,0.026578776119276882,0.0,0.0,0.012210000000000002,4.0,0.5900000000000001,-0.005609193030977622,0.28894598707556723,-0.002081546140834689,8.500087830043413e-07,5.988436846848799e-07,274991.333,1.0,271418.287,4.248655765147055e-07,2057.7244451422875,4800.0,1.0,,164,,,,,,,,
5.829483068000172,0.0026211115444311874,0.02555338542442769,0.0,0.0,0.012162500000000001,4.0,0.5875,-0.009085231670178473,0.29087840393185616,-0.005547825223766267,8.275935044821381e-07,6.392761740414698e-07,274931.291,1.0,271426.991546875,4.248655765147055e-07,2078.8633086435443,4800.0,1.0,,165,,,,,,,,
5.932713006000085,0.002280603817052906,0.022639974020421505,0.0,0.0,0.012115,4.0,0.585,-0.0021220775146503002,0.2931237451732159,0.0014287575846537947,7.640594873237206e-07,5.660167815335626e-07,275201.3900000001,1.0,271759.5775625,4.248655765147055e-07,1942.276263629774,4800.0,1.0,,166,,,,,,,,
5.890347941000073,0.0025084559645620176,0.02202148442156613,0.0,0.0,0.0120675,4.0,0.5825,-0.005435297935036942,0.2876314990222454,-0.001964860688894987,8.137249594142304e-07,9.497379195977374e-07,275191.229,1.0,271762.046578125,4.248655765147055e-07,1665.1332147712576,4800.0,1.0,,167,,,,,,,,
5.866647546999957,0.0023145981394918635,0.020410156331490726,0.0,0.0,0.012020000000000001,4.0,0.5800000000000001,-0.003657999268034473,0.28771769553422927,-0.00020070504397153854,9.218137151378869e-07,1.960395016453731e-06,274696.63200000004,1.0,271833.115984375,4.248655765147055e-07,1410.8096486597103,4800.0,1.0,,168,,,,,,,,
5.841515985999649,0.002857030788436532,0.027001953159924597,0.0,0.0,0.0119725,4.0,0.5775,-0.006754038648796268,0.2926220767199993,-0.003251067327801138,1.5752633728993714e-06,5.771758075923117e-07,274216.575,1.0,271647.14703124994,4.248655765147055e-07,1621.3729392809178,4800.0,1.0,,169,,,,,,,,
5.851404661000288,0.0032289666181895883,0.03357747410191223,0.0,0.0,0.011925000000000002,4.0,0.575,-0.004553322761785239,0.29317800924181936,-0.0010577638982795178,2.974390403664984e-06,5.831518535615033e-07,275183.28,1.0,271163.3885625,4.248655765147055e-07,2049.0729341465562,4800.0,1.0,,170,,,,,,,,
5.7929115060001095,0.002519872740958817,0.03255208340706304,0.0,0.0,0.011877500000000001,4.0,0.5725,-0.007666537398472428,0.2893007069826126,-0.0042307898926083,9.940722094370358e-07,6.453192739286351e-07,275283.516,1.0,271754.654140625,4.248655765147055e-07,1605.1054227247596,4800.0,1.0,,171,,,,,,,,
5.85095886199997,0.002376032408210449,0.023697916732635348,0.0,0.0,0.01183,4.0,0.5700000000000001,-0.004763852024916559,0.288326009362936,-0.0013532158540328965,7.277231560465225e-07,3.7658503231341457e-07,275441.92,1.0,272092.70143749996,4.248655765147055e-07,1683.0350974506418,4800.0,1.0,,172,,,,,,,,
5.966635750000023,0.0031334516272181643,0.04342447917442769,0.0,0.0,0.011782500000000001,4.0,0.5675,-0.00217978447326459,0.28326802179217336,0.0011574390460737049,5.296601948145963e-07,6.586305659084246e-07,274450.45599999995,1.0,271970.899140625,4.248655765147055e-07,1516.215868493145,4800.0,1.0,,173,,,,,,,,
5.8032155259998035,0.002355720728519373,0.02643229179084301,0.0,0.0,0.011735,4.0,0.565,-0.0003224837011657655,0.28834313750267027,0.0030601585283875467,6.063192195426836e-07,2.0079093786762315e-06,275408.61100000003,1.0,271694.176703125,4.248655765147055e-07,1786.9465069039131,4800.0,1.0,,174,,,,,,,,
5.776341325999965,0.0018053468040307053,0.013069661497138441,0.0,0.0,0.0116875,4.0,0.5625,-0.0062509810784831645,0.2884397253394127,-0.002883220068179071,7.879127664978114e-07,6.5986468754886115e-06,275044.12600000005,1.0,271494.92770312505,4.248655765147055e-07,1769.7866192976205,4800.0,1.0,,175,,,,,,,,
5.841391076000036,0.001733286731177941,0.014892578253056853,0.0,0.0,0.011640000000000001,4.0,0.56,-0.005828808393562213,0.2873634621500969,-0.002484574168920517,9.539696790739071e-07,1.1623519668546578e-06,274700.076,1.0,271449.26749999996,4.248655765147055e-07,1998.3528258873207,4800.0,1.0,,176,,,,,,,,
5.827249576000213,0.0019983712962130086,0.018570963607635348,0.0,0.0,0.0115925,4.0,0.5575,-0.0041509952396154405,0.2868221290409565,-0.0008263627300038934,8.22306635939185e-07,5.417901888904453e-07,275161.319,1.0,271961.231046875,4.248655765147055e-07,1888.4242420947187,4800.0,1.0,,177,,,,,,,,
5.927104931000031,0.0014343725859362166,0.014241536473855376,0.0,0.0,0.011545,4.0,0.5549999999999999,-0.0009635915223043412,0.28799178153276445,0.0023607464390806854,2.6628376659232345e-06,5.209553961549318e-07,274777.467,1.0,271520.92403125,4.248655765147055e-07,1613.2733410413412,4800.0,1.0,,178,,,,,,,,
5.733897504000197,0.0029278383837663567,0.03400065115420148,0.0,0.0,0.0114975,4.0,0.5525,-0.006569285882869735,0.28509328663349154,-0.0032917841570451857,1.1540429781575766e-06,4.851987981169259e-07,274752.95499999996,1.0,271204.804484375,4.248655765147055e-07,1925.7381680255503,4800.0,1.0,,179,,,,,,,,
5.766509756999767,0.0027129754860652612,0.027473958348855375,0.0,0.0,0.01145,4.0,0.55,-0.005474210239481181,0.2822498261928558,-0.0022428469499573113,8.392032228243806e-07,6.269159982252859e-07,274588.014,1.0,271944.379,4.248655765147055e-07,1633.4852909608974,4800.0,1.0,,180,275618.975,274953.939,273212.55299999996,70000042,271905.9849,best_of_k,274953.939,1345.3789963886375
5.811365600000045,0.001859214308205992,0.021240234503056853,0.0,0.0,0.011402500000000001,4.0,0.5475,-0.005123367998749018,0.2809219308197498,-0.0019204299664124847,4.986824173158766e-07,4.492286478807728e-07,275057.53500000003,1.0,271978.401078125,4.248655765147055e-07,1775.804639153513,4800.0,1.0,,181,,,,,,,,
5.811083543999757,0.001998586839181371,0.019873046898283064,0.0,0.0,0.011355,4.0,0.5449999999999999,-0.005045198631705716,0.2759061813354492,-0.0019125382183119654,4.7894939143589e-07,4.1288751049251007e-07,273992.832,1.0,271671.10112500004,4.248655765147055e-07,1445.6508188392465,4800.0,1.0,,182,,,,,,,,
5.870817442999851,0.002190538650029339,0.022884114691987634,0.0,0.0,0.0113075,4.0,0.5425,-0.0036626944289309903,0.28121303468942643,-0.00048321245703846215,4.338626332867079e-07,5.822923192511098e-07,274400.37100000004,1.0,272059.30565625,4.248655765147055e-07,1426.0909447137221,4800.0,1.0,,183,,,,,,,,
5.830832900000132,0.002218710299348459,0.024316406343132257,0.0,0.0,0.011260000000000001,4.0,0.54,-0.007534582051448524,0.28221606835722923,-0.004357114061713218,5.788325530886596e-07,4.5438438931455496e-07,274996.55799999996,1.0,271913.25053125,4.248655765147055e-07,1884.9333597824657,4800.0,1.0,,184,,,,,,,,
5.879281465000076,0.00268965067807585,0.03136393250897527,0.0,0.0,0.0112125,4.0,0.5375,-0.008256732998415828,0.2785562533885241,-0.005133854411542416,5.476687768179999e-07,7.581602076811578e-07,274351.439,1.0,271520.178375,4.248655765147055e-07,2011.1963017123628,4800.0,1.0,,185,,,,,,,,
5.952527804000056,0.002465436291822698,0.030338541697710754,0.0,0.0,0.011165,4.0,0.5349999999999999,-0.005725509015610442,0.27146799899637697,-0.0026949473307468,5.121394615059671e-07,6.544555077425685e-07,275118.44000000006,1.0,272250.267578125,4.248655765147055e-07,1382.9724872575107,4800.0,1.0,,186,,,,,,,,
5.895152914999926,0.0018564028985565528,0.016992187569849194,0.0,0.0,0.0111175,4.0,0.5325,-0.006773707561660558,0.26939344480633737,-0.0037790657603181898,9.813916236112163e-07,4.846214793019499e-07,274834.995,1.0,271956.609359375,4.248655765147055e-07,1531.650567729205,4800.0,1.0,,187,,,,,,,,
5.938710914999774,0.0022307406325126067,0.024560546968132257,0.0,0.0,0.011070000000000002,4.0,0.53,-0.005145251075737179,0.2739940878003836,-0.0021125172497704625,6.895196356992983e-07,6.235311197144711e-07,274963.93,1.0,271771.68895312503,4.248655765147055e-07,1511.9034648225354,4800.0,1.0,,188,,,,,,,,
5.919857116000003,0.001976553423446603,0.01899414069484919,0.0,0.0,0.011022500000000001,4.0,0.5275000000000001,-0.002917553600855172,0.27292458079755305,9.039085125550628e-05,1.1778801095374546e-06,4.975830712794505e-07,274827.007,1.0,271991.71298437496,4.248655765147055e-07,1642.6315269977076,4800.0,1.0,,189,,,,,,,,
5.9378763070003515,0.0018002642667852343,0.009863281273283064,0.0,0.0,0.010975,4.0,0.525,-0.002948996715713292,0.2732733443379402,4.9640812358120455e-05,8.778785755225726e-07,8.991043699779766e-07,275307.904,1.0,271981.37765625,4.248655765147055e-07,1371.6950021417229,4800.0,1.0,,190,,,,,,,,
5.96552996499986,0.0015310022339690478,0.01419270837213844,0.0,0.0,0.010927500000000001,4.0,0.5225,-0.0053687897103372965,0.27247399389743804,-0.0023916369653306903,5.089036399397173e-07,5.119822390042828e-07,275300.773,1.0,271723.690046875,4.248655765147055e-07,1604.2575226862614,4800.0,1.0,,191,,,,,,,,
5.9714665530000275,0.00243694597738795,0.024511718843132257,0.0,0.0,0.01088,4.0,0.52,-0.008929796691518277,0.2753671891987324,-0.0059340707841329275,5.880003342895179e-07,4.1965137427268927e-07,275215.47300000006,1.0,271793.981796875,4.248655765147055e-07,1620.0401993430285,4800.0,1.0,,192,,,,,,,,
5.9984058650002225,0.002426812201156281,0.022184244892559945,0.0,0.0,0.0108325,4.0,0.5175000000000001,-0.0020148231240455063,0.2765816479921341,0.000980257662013173,9.776019240348433e-07,1.7848467464887107e-06,275659.87600000005,1.0,272153.086375,4.248655765147055e-07,1615.1375991573984,4800.0,1.0,,193,,,,,,,,
5.992689518000134,0.001866871488164179,0.02182617203798145,0.0,0.0,0.010785000000000001,4.0,0.515,-0.006846518040401861,0.2720052644610405,-0.003913194872438908,6.829950983444633e-07,3.708319859185849e-07,274967.827,1.0,272276.76324999996,4.248655765147055e-07,1565.372999260206,4800.0,1.0,,194,,,,,,,,
5.761772094000207,0.0019723187360796146,0.017382812581490725,0.0,0.0,0.0107375,4.0,0.5125,-0.0030220318760257213,0.2746374547481537,-7.338932482525706e-05,5.042625261353351e-07,4.529263499364333e-07,275085.981,1.0,271900.892140625,4.248655765147055e-07,1471.4693796777626,4800.0,1.0,,195,,,,,,,,
5.797284181000123,0.002026064824895002,0.016780599043704568,0.0,0.0,0.010690000000000002,4.0,0.51,-0.002057323494227603,0.2762005962431431,0.0008933229517424479,6.868382683933305e-07,3.7377866163978977e-06,274557.63899999997,1.0,272059.525171875,4.248655765147055e-07,1447.378488785984,4800.0,1.0,,196,,,,,,,,
5.761386120000225,0.002319708280265331,0.023128255270421505,0.0,0.0,0.010642500000000001,4.0,0.5075000000000001,-0.0064532570540905,0.2709380783140659,-0.003570791834499687,9.435804670943071e-07,1.7977561185489322e-06,274660.86,1.0,271425.979703125,4.248655765147055e-07,2158.842106416458,4800.0,1.0,,197,,,,,,,,
5.819995425000343,0.0012635938328457996,0.008430989598855377,0.0,0.0,0.010595,4.0,0.505,-0.002795967212296091,0.27297521345317366,9.586215019226074e-05,1.2859545691412676e-06,4.290155821706776e-07,274703.927,1.0,272330.218265625,4.248655765147055e-07,1266.33273353457,4800.0,1.0,,198,,,,,,,,
5.920481870999993,0.0025384721928276123,0.02932942712213844,0.0,0.0,0.010547500000000001,4.0,0.5025,-0.0024434766673948616,0.27243149317800996,0.00042965253815054896,1.0024918211115619e-06,4.838601590506642e-07,274803.72300000006,1.0,272017.010671875,4.248655765147055e-07,1421.410564631035,4800.0,1.0,,199,,,,,,,,
5.757251083000028,0.0027076898113591596,0.03784179696813226,0.0,0.0,0.0105,4.0,0.5,-0.008598387200618163,0.27529440373182296,-0.005708066816441715,7.995209927003089e-07,3.8088484757281547e-07,275332.149,1.0,272023.483171875,4.248655765147055e-07,1326.2451251783132,4800.0,1.0,,200,275659.87600000005,274331.51399999997,271289.306,70000042,272165.6718666667,best_of_k,274331.51399999997,1131.2896746902927
5.9239584250003645,0.0031340434215962887,0.0350911459303461,0.0,0.0,0.010452500000000002,4.0,0.49750000000000005,-0.006630695512285456,0.27807172387838364,-0.003725037584081292,4.736940070415585e-07,1.678804564875236e-06,275835.78,1.0,271766.96521875,4.248655765147055e-07,1520.0541966970964,4800.0,1.0,,201,,,,,,,,
5.863883725000051,0.0023942057945532725,0.026041666767559944,0.0,0.0,0.010405000000000001,4.0,0.495,-0.00736073543666862,0.2755944348871708,-0.004493454960174859,5.286084601152652e-07,4.5300102726741896e-07,275159.964,1.0,272030.10901562497,4.248655765147055e-07,1375.4238158311487,4800.0,1.0,,202,,,,,,,,
5.886401133999698,0.0026890041277511044,0.028824869985692204,0.0,0.0,0.010357500000000002,4.0,0.49250000000000005,-0.00541999040869996,0.279745114594698,-0.0025227823411114515,6.517126848848421e-07,3.7372565415694224e-07,274464.464,1.0,272047.409109375,4.248655765147055e-07,1547.64873716271,4800.0,1.0,,203,,,,,,,,
5.881303176000074,0.0018748086324194447,0.015104166720993817,0.0,0.0,0.01031,4.0,0.49,-0.004400696558877826,0.28207414895296096,-0.0014927292941138148,7.540129665528638e-07,2.8433278274064835e-07,274430.606,1.0,272067.314625,4.248655765147055e-07,1154.3347276802413,4800.0,1.0,,204,,,,,,,,
5.843202408000252,0.0015919615616439842,0.014355468796566129,0.0,0.0,0.0102625,4.0,0.48750000000000004,-0.005821292998734862,0.28266773372888565,-0.0029207524261437357,9.606057915334532e-07,4.822736052290111e-07,275318.63100000005,1.0,272222.66150000005,4.248655765147055e-07,1675.2356901406934,4800.0,1.0,,205,,,,,,,,
5.888687281999864,0.002125261558103375,0.027083333337213845,0.0,0.0,0.010215,4.0,0.485,-0.0062592871952801945,0.27970079258084296,-0.003402436396572739,6.465289843049505e-07,4.565704628589629e-07,275234.016,1.0,272330.72159375006,4.248655765147055e-07,1254.0194248340656,4800.0,1.0,,206,,,,,,,,
5.853311093999764,0.0029357257124502214,0.03419596360763535,0.0,0.0,0.010167500000000001,4.0,0.48250000000000004,-0.005987800870207139,0.27995459735393524,-0.0031416746554896236,7.866428958891448e-07,4.67513163471267e-07,275959.204,1.0,272205.981859375,4.248655765147055e-07,1536.2495391357036,4800.0,1.0,,207,,,,,,,,
5.80313754000008,0.002613094347179867,0.02799479174427688,0.0,0.0,0.01012,4.0,0.48,-0.005982047924771905,0.2838471882045269,-0.003109825379215181,6.751572193763877e-07,4.86718860770452e-07,274552.189,1.0,272059.67815625,4.248655765147055e-07,1652.284958578333,4800.0,1.0,,208,,,,,,,,
5.877563416000157,0.0025208181265043094,0.02848307299427688,0.0,0.0,0.010072500000000002,4.0,0.47750000000000004,-0.00738109367666766,0.2800965838134289,-0.004560146108269691,5.660963559250831e-07,5.370506755753013e-07,275207.38899999997,1.0,271814.676015625,4.248655765147055e-07,1745.5011454449443,4800.0,1.0,,209,,,,,,,,
5.862000944000101,0.0019206396522349679,0.014436848962213844,0.0,0.0,0.010025000000000001,4.0,0.475,-0.0069374761893413964,0.27614811435341835,-0.0041694989893585445,4.6325949796255374e-07,7.238554275090791e-07,274655.87,1.0,272378.10703125,4.248655765147055e-07,1267.0104969152812,4800.0,1.0,,210,,,,,,,,
5.9750080660001,0.0019811120349913836,0.015087890625,0.0,0.0,0.009977500000000002,4.0,0.47250000000000003,-0.0035010554653126746,0.2753154642879963,-0.0007545122411102056,5.873622818342028e-07,7.154109859186519e-07,274683.96900000004,1.0,272401.971796875,4.248655765147055e-07,1432.1016606084947,4800.0,1.0,,211,,,,,,,,
5.864421521000168,0.0023654993303352965,0.028401692863553762,0.0,0.0,0.00993,4.0,0.47,-0.0061880153138190504,0.26832911372184753,-0.003525041474495083,8.571249473732223e-07,2.8969702526637774e-06,274384.643,1.0,271616.93512499996,4.248655765147055e-07,1558.206449012689,4800.0,1.0,,212,,,,,,,,
5.952393712999765,0.0019344206986716018,0.015462239657063037,0.0,0.0,0.0098825,4.0,0.4675,-0.0028706641460303217,0.26692391335964205,-0.00023364558583125473,8.383993289839964e-07,1.5466866194913109e-06,275460.918,1.0,272124.19828124996,4.248655765147055e-07,1384.1541624102442,4800.0,1.0,,213,,,,,,,,
5.946054380000078,0.0021316245052730664,0.0181477865553461,0.0,0.0,0.009835,4.0,0.46499999999999997,-0.0018327737925574183,0.26639274396002294,0.0007869069289881736,8.794426143765577e-07,4.061331114968425e-07,274512.988,1.0,272427.32315625,4.248655765147055e-07,1212.3438171524708,4800.0,1.0,,214,,,,,,,,
5.851175162000345,0.0010341631685150787,0.003759765636641532,0.0,0.0,0.009787500000000001,4.0,0.4625,-0.002891277725575492,0.26957582831382754,-0.0002530409663449973,8.639400419951925e-07,2.9949823243669016e-07,275063.67000000004,1.0,272767.906546875,4.248655765147055e-07,1402.7612302399803,4800.0,1.0,,215,,,,,,,,
5.917076578999968,0.0022122839000076056,0.030126953264698386,0.0,0.0,0.00974,4.0,0.45999999999999996,-0.004827225423650816,0.2702352568507195,-0.0021953584509901702,7.050042590606154e-07,3.07238343566496e-07,274694.836,1.0,272295.173265625,4.248655765147055e-07,1423.1207732529265,4800.0,1.0,,216,,,,,,,,
5.8460161749999315,0.0016390380449593067,0.01578776043606922,0.0,0.0,0.009692500000000001,4.0,0.4575,-0.005870795203372836,0.2734376937150955,-0.003220807295292616,9.990413289528988e-07,4.131108291005603e-07,275734.355,1.0,272338.014359375,4.248655765147055e-07,1511.7645476435216,4800.0,1.0,,217,,,,,,,,
5.962335003000135,0.0020594161876942964,0.019075521000195293,0.0,0.0,0.009644999999999999,4.0,0.45499999999999996,-0.00528622871497646,0.27194878794252875,-0.002663653704803437,5.653610372746698e-07,6.289557397565204e-07,274999.188,1.0,271869.62209375,4.248655765147055e-07,1525.5020382202465,4800.0,1.0,,218,,,,,,,,
5.928091277000021,0.0034607606037752705,0.04127604183740914,0.0,0.0,0.0095975,4.0,0.4525,-0.007020730758085847,0.270497140288353,-0.004424854565877467,4.4785153150428416e-07,3.496886002096744e-07,275082.418,1.0,272414.334765625,4.248655765147055e-07,1419.3273874591384,4800.0,1.0,,219,,,,,,,,
5.875736955999855,0.001814090897096321,0.015966796968132257,0.0,0.0,0.00955,4.0,0.44999999999999996,-0.00827382070128806,0.26722023636102676,-0.005722358555067331,4.599411788319685e-07,8.90084395877011e-07,275100.906,1.0,272258.77840625006,4.248655765147055e-07,1729.7014974237543,4800.0,1.0,,220,275959.204,274019.472,272307.52300000004,70000042,272658.3759666666,best_of_k,274019.472,805.86903498101
5.930191594000007,0.002172147433157079,0.02246093754656613,0.0,0.0,0.0095025,4.0,0.4475,-0.007321600377326831,0.26593087390065195,-0.004795093135908246,9.375185030080502e-07,8.138319927297743e-07,275437.908,1.0,272717.442109375,4.248655765147055e-07,1399.6347407004982,4800.0,1.0,,221,,,,,,,,
5.928084513000158,0.0020399548549903555,0.012988281331490725,0.0,0.0,0.009455,4.0,0.44499999999999995,-0.0027406173350755124,0.2668091353029013,-0.00021871398203074933,4.279967969011978e-06,6.977552637010831e-07,275392.478,1.0,272561.13834375003,4.248655765147055e-07,1412.261008585319,4800.0,1.0,,222,,,,,,,,
5.94216627600008,0.0026208351890090855,0.031754557427484544,0.0,0.0,0.009407500000000001,4.0,0.4425,-0.005515627906424925,0.2611481133848429,-0.0030593535862863063,1.2046519202613126e-06,7.111892927014196e-07,275615.04000000004,1.0,272239.866359375,4.248655765147055e-07,1797.7470448615213,4800.0,1.0,,223,,,,,,,,
5.90634174600018,0.0018216392316389828,0.023144531378056853,0.0,0.0,0.00936,4.0,0.43999999999999995,-0.00455154490773566,0.2657591912895441,-0.0020683985319919886,9.378047451491512e-07,8.531591183924548e-06,274988.87700000004,1.0,272307.377578125,4.248655765147055e-07,1832.4025782370757,4800.0,1.0,,224,,,,,,,,
5.78754742000001,0.0012200257784570566,0.009505208383779972,0.0,0.0,0.009312500000000001,4.0,0.4375,0.0002546072995755821,0.26135376170277597,0.002686698758043349,7.405072700805704e-07,3.383918949850795e-06,275683.22599999997,1.0,272369.85415625,4.248655765147055e-07,1657.226812976277,4800.0,1.0,,225,,,,,,,,
5.893655174999822,0.0015173590123595203,0.011637369799427689,0.0,0.0,0.009265000000000002,4.0,0.43500000000000005,-0.0020521936006844045,0.2624709092080593,0.00037929636891931295,6.754617260185114e-07,4.7117690087361553e-07,274606.38800000004,1.0,272290.17703125,4.248655765147055e-07,1556.888640249041,4800.0,1.0,,226,,,,,,,,
5.9211574330001895,0.0022113470477052033,0.024593099125195295,0.0,0.0,0.0092175,4.0,0.4325,-0.0030889136076439174,0.2603881675750017,-0.0006890966789796949,6.612487638335552e-07,4.890170309579389e-07,275333.38200000004,1.0,272333.73503125005,4.248655765147055e-07,1585.580755049653,4800.0,1.0,,227,,,,,,,,
5.948765042000105,0.0027037423715228215,0.030908203218132257,0.0,0.0,0.009170000000000001,4.0,0.43000000000000005,-0.0037339735077694058,0.2616173177957535,-0.0013351866276934744,8.647990220822521e-07,3.1637621589197806e-07,275646.991,1.0,272746.35825000005,4.248655765147055e-07,1399.198261842569,4800.0,1.0,,228,,,,,,,,
5.896366361000219,0.003172165370779112,0.038964843819849194,0.0,0.0,0.0091225,4.0,0.4275,-0.004697851993842051,0.2626001540571451,-0.002302609686739743,5.746443740406449e-07,5.390424668405558e-07,275434.634,1.0,272452.45654687495,4.248655765147055e-07,1740.9656231176623,4800.0,1.0,,229,,,,,,,,
5.904211818999556,0.0015882851817877962,0.010139973997138441,0.0,0.0,0.009075000000000001,4.0,0.42500000000000004,-0.0041890396416420115,0.25632915571331977,-0.0018631706247106195,3.782483609882092e-07,5.605545105424881e-07,275571.886,1.0,272545.97825000004,4.248655765147055e-07,1648.7370291458817,4800.0,1.0,,230,,,,,,,,
5.8962460570000985,0.0018191102804848923,0.01910807299427688,0.0,0.0,0.0090275,4.0,0.4225,-0.005282495566643774,0.2590476434677839,-0.0029443314764648677,3.605290039843112e-07,7.048485883842659e-07,274793.04400000005,1.0,272739.670234375,4.248655765147055e-07,1400.2684687479657,4800.0,1.0,,231,,,,,,,,
5.8968901140001435,0.0012704314809525385,0.006982421886641532,0.0,0.0,0.008980000000000002,4.0,0.42000000000000004,-0.0011848930618725718,0.2603796526789665,0.0011530700896400959,4.071366618063621e-07,4.104555856088155e-07,274986.092,1.0,272415.63303125,4.248655765147055e-07,1580.8311870543732,4800.0,1.0,,232,,,,,,,,
5.874952714999836,0.0014852844848064705,0.013671875034924596,0.0,0.0,0.008932500000000001,4.0,0.4175,-0.001891471608541906,0.25510446131229403,0.00038703795580659063,3.595037071590923e-07,3.5074269391088817e-07,275687.589,1.0,272413.00123437506,4.248655765147055e-07,1319.0310143369459,4800.0,1.0,,233,,,,,,,,
5.841334827000082,0.0021944521969999185,0.023828125093132257,0.0,0.0,0.008885,4.0,0.41500000000000004,-0.004027888958808035,0.2562439858913422,-0.0017513917875476182,4.739762836436512e-07,3.669264074801504e-07,274916.33,1.0,272400.70384374994,4.248655765147055e-07,1542.747229206064,4800.0,1.0,,234,,,,,,,,
5.745444227999997,0.0021810027217725294,0.029296875128056853,0.0,0.0,0.0088375,4.0,0.4125,-0.003965159191284329,0.2598599445074797,-0.001668828330002725,4.236927892975473e-07,2.79110517098502e-07,275311.408,1.0,272496.374375,4.248655765147055e-07,1431.064633288946,4800.0,1.0,,235,,,,,,,,
5.846769783000127,0.0016113711491925642,0.010595703206490725,0.0,0.0,0.008790000000000001,4.0,0.41000000000000003,-0.0027231641899561508,0.2615248844027519,-0.0004245836869813502,4.910818638848013e-07,3.489537803602616e-07,275107.892,1.0,272618.08778125,4.248655765147055e-07,1567.2853797131613,4800.0,1.0,,236,,,,,,,,
5.883002741999917,0.0029618699074489994,0.031673177145421505,0.0,0.0,0.0087425,4.0,0.4075,-0.0049766054202336815,0.2619331780821085,-0.002687033529946348,4.582210877401849e-07,6.668051327096691e-07,275845.525,1.0,272423.188140625,4.248655765147055e-07,1713.788223445195,4800.0,1.0,,237,,,,,,,,
5.887688638999862,0.001980060744972434,0.020589192816987633,0.0,0.0,0.008695000000000001,4.0,0.405,0.00013802585017401724,0.2624141354113817,0.0024194149300456047,5.070030908882472e-07,5.018360916153596e-07,274750.91500000004,1.0,271790.26046875,4.248655765147055e-07,1860.8730208101954,4800.0,1.0,,238,,,,,,,,
5.939527398000337,0.0019631036149803547,0.017854817770421506,0.0,0.0,0.0086475,4.0,0.40249999999999997,-0.003186371870106086,0.2605085950344801,-0.0009339048177935183,4.783390018303635e-07,4.6668879321032365e-07,275543.828,1.0,272260.66259374993,4.248655765147055e-07,1682.373877652397,4800.0,1.0,,239,,,,,,,,
5.838960032000159,0.0016067504097009079,0.010644531296566128,0.0,0.0,0.008600000000000002,4.0,0.4,-0.0010248008999042212,0.25998961851000785,0.0012108927010558545,4.712943322715546e-07,3.395052900145856e-07,275886.65599999996,1.0,272285.25925,4.248655765147055e-07,1596.621254106391,4800.0,1.0,,240,275959.204,276011.013,272203.21900000004,70000042,272551.23740000004,best_of_k,276011.013,1183.689527571327
5.842058760000327,0.0017693288333248346,0.020263671909924598,0.0,0.0,0.0085525,4.0,0.39749999999999996,-0.004688327098847367,0.2644430845975876,-0.002426878607366234,4.005889913116789e-07,3.22082432546722e-07,275845.476,1.0,272569.00101562496,4.248655765147055e-07,1518.3773737533154,4800.0,1.0,,241,,,,,,,,
5.956759988000158,0.0017995974340010434,0.02286783866584301,0.0,0.0,0.008505,4.0,0.395,-0.006025785973179154,0.26030245423316956,-0.0038124976796098053,3.9301628547150357e-07,1.08818640995878e-06,275217.803,1.0,272337.77725,4.248655765147055e-07,1594.5075057970844,4800.0,1.0,,242,,,,,,,,
5.938884004000101,0.0018079031171509996,0.02135416674427688,0.0,0.0,0.0084575,4.0,0.39249999999999996,0.0005049271509051323,0.2594812083989382,0.002699286281131208,2.918182840261352e-07,3.4824454573367804e-07,275592.218,1.0,272838.5973125,4.248655765147055e-07,1287.2115212391266,4800.0,1.0,,243,,,,,,,,
5.972809573000177,0.0014685634640045464,0.013704427145421505,0.0,0.0,0.00841,4.0,0.39,-0.0017002127831801772,0.2598533075302839,0.0004848071606829762,4.719973169642344e-07,5.981902688745322e-07,275806.863,1.0,272462.08526562504,4.248655765147055e-07,1652.1282469028774,4800.0,1.0,,244,,,,,,,,
5.904455343000336,0.0013512589299352839,0.011165364587213844,0.0,0.0,0.0083625,4.0,0.38749999999999996,-0.0036941722850315274,0.2636045109480619,-0.0014903277973644436,5.899653423568907e-07,9.780169385464887e-07,275381.172,1.0,272303.703421875,4.248655765147055e-07,1578.6319022323587,4800.0,1.0,,245,,,,,,,,
5.880602037000244,0.0014314271211333107,0.011686197947710752,0.0,0.0,0.008315000000000001,4.0,0.385,-0.0026633648318238556,0.2618901073932648,-0.0004860109416767955,7.060420294635606e-07,3.8305118366110946e-07,274834.434,1.0,272388.18796875,4.248655765147055e-07,1351.9099482273725,4800.0,1.0,,246,,,,,,,,
5.935490886000025,0.0020348282472696156,0.01982421879656613,0.0,0.0,0.0082675,4.0,0.38249999999999995,-0.0020835772913414983,0.2641831781715155,0.00010031647980213165,5.242647510783627e-07,3.768467543352472e-07,275087.102,1.0,272562.95696875,4.248655765147055e-07,1430.968590850339,4800.0,1.0,,247,,,,,,,,
5.9609454249998635,0.0018161618354497477,0.013606770930346101,0.0,0.0,0.008220000000000002,4.0,0.38,-0.0063172301452141255,0.2653176311403513,-0.004137095902115107,6.473409456475565e-07,1.4240218895622547e-06,275390.885,1.0,272794.34140625,4.248655765147055e-07,1336.116281909729,4800.0,1.0,,248,,,,,,,,
5.8619031640000685,0.0023193133121822028,0.025162760517559946,0.0,0.0,0.0081725,4.0,0.37749999999999995,-0.005102747544879094,0.2561183996498585,-0.0030102215183433144,1.197677532616126e-06,9.63406182563631e-07,275738.02,1.0,272492.812046875,4.248655765147055e-07,2086.217678586655,4800.0,1.0,,249,,,,,,,,
5.775573334000001,0.001806275722628925,0.019449869822710752,0.0,0.0,0.008125,4.0,0.375,-0.0027688666334142907,0.2580568857491016,-0.0006726003717631102,4.786102522302826e-07,7.956911282747115e-07,276068.092,1.0,272720.95315625006,4.248655765147055e-07,1460.3688150621556,4800.0,1.0,,250,,,,,,,,
5.801489817999936,0.0017443826014641672,0.01679687506984919,0.0,0.0,0.008077500000000001,4.0,0.37250000000000005,-0.003364523284835741,0.25674025118350985,-0.0012909465003758669,3.8107910498297316e-07,4.089810133223182e-07,275268.618,1.0,272725.50492187496,4.248655765147055e-07,1730.8072651706957,4800.0,1.0,,251,,,,,,,,
5.863865736999742,0.001157583517488092,0.008089192712213844,0.0,0.0,0.00803,4.0,0.37,-0.0042217048554448414,0.25788044594228265,-0.0021512785693630575,5.167147733686761e-07,6.041483963770134e-07,275450.66,1.0,272305.6118125,4.248655765147055e-07,1745.2547746708708,4800.0,1.0,,252,,,,,,,,
5.764796726999975,0.0007606101815326837,0.00406901043606922,0.0,0.0,0.007982500000000002,4.0,0.36750000000000005,-0.0026139256253372876,0.2567932613193989,-0.0005644419812597335,5.857531078845568e-07,6.196825772519787e-07,275560.235,1.0,272292.2924375,4.248655765147055e-07,1848.5237199566918,4800.0,1.0,,253,,,,,,,,
5.746262307000052,0.0016682228597346693,0.012565104197710753,0.0,0.0,0.007935000000000001,4.0,0.365,-0.0019093494163826108,0.2581546247005463,0.00013882338535040618,6.03103799079463e-07,4.474578481961089e-07,275358.863,1.0,272374.77340625,4.248655765147055e-07,1571.0339056967966,4800.0,1.0,,254,,,,,,,,
5.668263244000173,0.0011881024853209964,0.007486979209352285,0.0,0.0,0.007887500000000002,4.0,0.36250000000000004,-0.0011412405612645671,0.25437966324388983,0.0008647039299830795,4.977128263305985e-07,8.514477656262898e-07,275591.59400000004,1.0,272775.12651562504,4.248655765147055e-07,1325.4380832641061,4800.0,1.0,,255,,,,,,,,
5.799232388999826,0.0017945017767488024,0.012483723973855377,0.0,0.0,0.00784,4.0,0.36,-0.005086672771722078,0.2541627984493971,-0.0030944790109060706,4.2581366486160734e-07,7.994982397008244e-07,276120.804,1.0,272753.7958125,4.248655765147055e-07,1427.8520005044954,4800.0,1.0,,256,,,,,,,,
5.812210162000156,0.0015976836373738478,0.013134765625,0.0,0.0,0.007792500000000001,4.0,0.35750000000000004,-0.007291210163384676,0.25463420413434507,-0.005307200364768505,4.408502029207284e-07,3.666227236465147e-07,275525.622,1.0,272480.731859375,4.248655765147055e-07,1551.2894660429708,4800.0,1.0,,257,,,,,,,,
5.79225287700001,0.0019130324908473995,0.012141927087213844,0.0,0.0,0.007745,4.0,0.355,-0.00390882907086052,0.25472841002047064,-0.0019363325845915824,6.291146014802962e-07,6.241781456139961e-07,275457.85000000003,1.0,272486.16446875,4.248655765147055e-07,1850.9614091414194,4800.0,1.0,,258,,,,,,,,
5.82215269199969,0.0020212882314808666,0.01744791674427688,0.0,0.0,0.007697500000000001,4.0,0.35250000000000004,-0.004935039667179808,0.2601971384137869,-0.002932348940521479,3.019351723310137e-07,2.923096623419497e-07,275042.19299999997,1.0,272718.73301562504,4.248655765147055e-07,1241.528565003622,4800.0,1.0,,259,,,,,,,,
5.748435509000046,0.0008750756183872,0.009358724020421505,0.0,0.0,0.0076500000000000005,4.0,0.35,-0.005152717302553356,0.2601584792137146,-0.003162784455344081,3.3324246828669857e-07,4.922176628952001e-07,275106.531,1.0,272604.1315625,4.248655765147055e-07,1321.563239284848,4800.0,1.0,,260,276120.804,275313.403,273559.867,70000042,272723.30933333334,best_of_k,275313.403,1197.3051285462184
5.815480162999847,0.0021691499452572314,0.022070312628056855,0.0,0.0,0.007602500000000002,4.0,0.34750000000000003,-0.008248782480950467,0.2581769164651632,-0.006286254012957215,3.694101430085084e-07,4.4999610508966726e-07,275733.384,1.0,272647.90714062494,4.248655765147055e-07,1285.5099603511921,4800.0,1.0,,261,,,,,,,,
5.825320580000152,0.0012839349641581067,0.014876302122138441,0.0,0.0,0.007555000000000001,4.0,0.345,-0.006437597557669506,0.26296091079711914,-0.00445115320617333,5.025546734316322e-07,3.5011163745934937e-07,275734.58,1.0,272586.143328125,4.248655765147055e-07,1617.315565566373,4800.0,1.0,,262,,,,,,,,
5.886836061999929,0.0014289118378655985,0.00865885418606922,0.0,0.0,0.007507500000000002,4.0,0.3425,-0.005024783412227407,0.2625325839966536,-0.003054016956593841,5.904355298014252e-07,2.764836018798178e-07,275370.0,1.0,272687.805921875,4.248655765147055e-07,1421.2110451725698,4800.0,1.0,,263,,,,,,,,
5.737264369000059,0.0013070119806798176,0.009098307369276882,0.0,0.0,0.00746,4.0,0.33999999999999997,-0.0031094947597011926,0.26208641156554224,-0.0011545690475031733,5.22796437252282e-07,3.7334538092181904e-07,275414.576,1.0,272495.4740625,4.248655765147055e-07,1663.7264760891373,4800.0,1.0,,264,,,,,,,,
5.884459692000291,0.0017468681005993858,0.01731770837213844,0.0,0.0,0.007412500000000001,4.0,0.3375,-0.004478157401899807,0.25845118388533594,-0.002562757220584899,6.574807642323322e-07,6.077544682625558e-07,275457.169,1.0,272507.90084375,4.248655765147055e-07,2051.192831753818,4800.0,1.0,,265,,,,,,,,
5.929987275000258,0.0019618958089267836,0.02042643229942769,0.0,0.0,0.007365,4.0,0.33499999999999996,-0.0030713735468452796,0.2540346313267946,-0.0012006312957964838,4.0564774792528626e-07,3.636970642872939e-07,274825.101,1.0,272558.88821875,4.248655765147055e-07,1186.057268688624,4800.0,1.0,,266,,,,,,,,
5.781494214999839,0.0016099130902148318,0.015722656343132257,0.0,0.0,0.007317500000000001,4.0,0.3325,0.001840066135628149,0.2526583973318338,0.003688555455300957,3.367766197470701e-07,6.105439730674789e-07,275550.411,1.0,272953.719015625,4.248655765147055e-07,1174.9614121864565,4800.0,1.0,,267,,,,,,,,
5.704870390999986,0.002048476695199497,0.018701171968132257,0.0,0.0,0.00727,4.0,0.32999999999999996,-0.00558091860730201,0.25511234551668166,-0.0037266628118231893,6.618600110641637e-07,6.88497988932113e-07,275597.427,1.0,272190.91832812503,4.248655765147055e-07,1845.2260613424805,4800.0,1.0,,268,,,,,,,,
5.761132027999793,0.0020856877934420483,0.016910807322710754,0.0,0.0,0.0072225000000000015,4.0,0.3275,-0.002675011655082926,0.2571948453783989,-0.0008179004886187613,4.906764068834945e-07,8.587397907433569e-07,275495.711,1.0,272755.217921875,4.248655765147055e-07,1549.9935859536927,4800.0,1.0,,269,,,,,,,,
5.7865178309998555,0.0009976342051231768,0.007454427087213844,0.0,0.0,0.007174999999999999,4.0,0.32499999999999996,-0.006865566948545165,0.254996033385396,-0.005036234285216779,4.2726028297579434e-07,4.4157398377819844e-07,275434.941,1.0,272627.431015625,4.248655765147055e-07,1308.8927232674175,4800.0,1.0,,270,,,,,,,,
5.792893142000139,0.0013179109460907056,0.01131184899713844,0.0,0.0,0.0071275,4.0,0.3225,0.00018891325744334607,0.2558788929134607,0.002012306218966842,6.472596993489788e-07,6.382256152903664e-07,275735.20300000004,1.0,272373.98792187497,4.248655765147055e-07,1964.1961898227737,4800.0,1.0,,271,,,,,,,,
5.814291679000235,0.0014455278142122552,0.014990234421566129,0.0,0.0,0.0070799999999999995,4.0,0.31999999999999995,-0.004549354725168086,0.25533714406192304,-0.002741797245107591,4.6372380566594986e-07,3.6545685730970947e-07,275312.78200000006,1.0,272510.4701875,4.248655765147055e-07,1685.900260406924,4800.0,1.0,,272,,,,,,,,
5.73230705800006,0.0013489356584614142,0.012076822924427688,0.0,0.0,0.0070325000000000006,4.0,0.3175,-0.0005582472600508481,0.2539213228970766,0.0012272456777282059,3.46079634994112e-07,3.4831791282385895e-07,275317.7810000001,1.0,272642.057421875,4.248655765147055e-07,1393.3350825924076,4800.0,1.0,,273,,,,,,,,
5.701627942999949,0.0011961197407799773,0.013346354197710752,0.0,0.0,0.006985,4.0,0.31499999999999995,-0.0025570990605046973,0.2550577327609062,-0.0007757790066534653,6.074851285120531e-07,3.943571037723359e-07,275568.499,1.0,272692.313,4.248655765147055e-07,1626.8088523090198,4800.0,1.0,,274,,,,,,,,
5.712132903000111,0.001566101989010349,0.017626953159924595,0.0,0.0,0.006937500000000001,4.0,0.3125,-0.0025922979140887035,0.2529138572514057,-0.0008379011880606413,4.236902547916088e-07,3.0148947516295266e-07,275582.48199999996,1.0,272584.7243125,4.248655765147055e-07,1290.269303530237,4800.0,1.0,,275,,,,,,,,
5.817334759999994,0.001131840002926765,0.010205078194849193,0.0,0.0,0.006890000000000002,4.0,0.31000000000000005,-0.005171553541731555,0.2543377913534641,-0.003419433219823986,3.5890944687366756e-07,4.6196123051345237e-07,275491.277,1.0,272451.834265625,4.248655765147055e-07,1350.8800041305515,4800.0,1.0,,276,,,,,,,,
5.762698627000191,0.0011737307446310296,0.008886718784924596,0.0,0.0,0.006842500000000001,4.0,0.3075,-0.005214812746271491,0.24954329319298268,-0.003507555741816759,5.306477198985249e-07,3.79305430087129e-07,275074.314,1.0,272873.61854687496,4.248655765147055e-07,1230.3408890254652,4800.0,1.0,,277,,,,,,,,
5.96953660500003,0.0017764903779607267,0.018896484456490725,0.0,0.0,0.006795000000000002,4.0,0.30500000000000005,-0.0025866268028039486,0.24874829463660716,-0.0008965990506112576,4.4306305113650524e-07,3.462929537789705e-07,275320.423,1.0,272717.2349375,4.248655765147055e-07,1105.0251024252768,4800.0,1.0,,278,,,,,,,,
5.937488851000126,0.0015753100713482126,0.0134602865553461,0.0,0.0,0.0067475,4.0,0.3025,-0.0009841308201430365,0.24750689826905728,0.0006843073526397348,4.128852715723497e-07,3.14705352266742e-06,275677.21,1.0,272494.50871875003,4.248655765147055e-07,1724.872119382752,4800.0,1.0,,279,,,,,,,,
5.854159080000045,0.0014064709728700108,0.00885416668606922,0.0,0.0,0.006700000000000001,4.0,0.30000000000000004,-0.007106757586007007,0.2485939297825098,-0.00544199381256476,3.1894462431125704e-07,1.5679807624735532e-06,276097.857,1.0,272566.17325,4.248655765147055e-07,1303.217457890732,4800.0,1.0,,280,276120.804,274844.897,272441.275,70000042,272810.37710000004,best_of_k,274844.897,1012.5395599120245
5.901707035000072,0.001240444697032217,0.01051432293606922,0.0,0.0,0.0066525,4.0,0.2975,-0.003833953815046698,0.24971267990767956,-0.0021730287931859492,4.0741365694429985e-07,4.952741335273458e-07,275892.92600000004,1.0,272479.09320312506,4.248655765147055e-07,1665.8860144635894,4800.0,1.0,,281,,,,,,,,
5.975445004999983,0.001092181850981433,0.012239583348855377,0.0,0.0,0.0066050000000000015,4.0,0.29500000000000004,-0.004529610089957714,0.24884698912501335,-0.002886154758743942,4.044715268491927e-07,2.769824842374646e-07,275061.952,1.0,272774.1423125,4.248655765147055e-07,1249.5166632227888,4800.0,1.0,,282,,,,,,,,
6.007444534000115,0.000759031301640789,0.006380208348855376,0.0,0.0,0.006557500000000001,4.0,0.2925,-0.003427601663861424,0.24818779453635215,-0.0018004077719524503,1.4203841701032615e-06,3.1198447807412323e-07,275163.989,1.0,272804.77410937496,4.248655765147055e-07,1159.705687203188,4800.0,1.0,,283,,,,,,,,
5.885804407999785,0.0019384977989830078,0.019254557369276882,0.0,0.0,0.006510000000000002,4.0,0.29000000000000004,-0.005517143214819953,0.25127187483012675,-0.0038816174725070595,1.1070819304848102e-06,2.8694437155252216e-07,275354.50500000006,1.0,272372.71546875,4.248655765147055e-07,1643.0758534370912,4800.0,1.0,,284,,,,,,,,
5.840856749000068,0.0010235505746095442,0.007389322947710752,0.0,0.0,0.0064624999999999995,4.0,0.2875,-0.0002589777606772259,0.2500697411596775,0.0013568630209192633,7.829856009777814e-07,3.131715061499563e-07,275318.595,1.0,272871.846609375,4.248655765147055e-07,1225.174829706802,4800.0,1.0,,285,,,,,,,,
5.9249629529999766,0.0010187407489866019,0.007991536520421505,0.0,0.0,0.0064150000000000006,4.0,0.28500000000000003,-0.0006664184562396258,0.25019452162086964,0.0009384325938299298,4.0568855901312874e-07,2.1189875987204232e-07,274759.67600000004,1.0,272607.7611875,4.248655765147055e-07,1151.5172326067507,4800.0,1.0,,286,,,,,,,,
5.957683248000194,0.0011926623235922306,0.006022135424427688,0.0,0.0,0.0063675,4.0,0.2825,0.0003626291290856898,0.2501991018652916,0.001955584849929437,3.3197813991137083e-07,3.0766439209628513e-07,275462.295,1.0,272847.747421875,4.248655765147055e-07,1341.7442459302815,4800.0,1.0,,287,,,,,,,,
5.848232236000058,0.0015850183248403483,0.015722656331490725,0.0,0.0,0.006320000000000001,4.0,0.28,-0.005946302991651465,0.25300150401890276,-0.004347472684457898,2.8414614199334666e-07,2.2128727010795047e-07,275116.771,1.0,272933.533171875,4.248655765147055e-07,1157.0120864444443,4800.0,1.0,,288,,,,,,,,
5.914114826000059,0.0008502573480654973,0.0044108072994276885,0.0,0.0,0.0062725,4.0,0.27749999999999997,-0.002608049041009508,0.25241951309144495,-0.0010249415334783406,3.169986801054847e-07,3.248470033412332e-07,275300.065,1.0,272682.438234375,4.248655765147055e-07,1389.1472797886079,4800.0,1.0,,289,,,,,,,,
5.880758198999956,0.0012200265802675859,0.011653645860496909,0.0,0.0,0.006225000000000001,4.0,0.275,-0.0033020409202435983,0.2513924393802881,-0.001737312925979495,3.0260788932423564e-07,3.1864666318881516e-07,275460.156,1.0,272886.84496875,4.248655765147055e-07,1392.1147234384987,4800.0,1.0,,290,,,,,,,,
5.910380786999667,0.0008669064467540011,0.006542968796566129,0.0,0.0,0.006177500000000001,4.0,0.27249999999999996,-0.0018522664322517812,0.25059382878243924,-0.0003046381287276745,3.9637564626104903e-07,7.510773528451864e-07,275393.911,1.0,272799.26696875005,4.248655765147055e-07,1471.7958265933091,4800.0,1.0,,291,,,,,,,,
5.9811382399998365,0.0010461067970027216,0.008854166674427687,0.0,0.0,0.006130000000000002,4.0,0.27,-0.0022236786971916445,0.25282424353063104,-0.0006741385441273451,4.260184375937115e-07,4.601662787706573e-07,275670.81899999996,1.0,272282.788359375,4.248655765147055e-07,1549.949331619167,4800.0,1.0,,292,,,,,,,,
5.966472744999919,0.0010198843094258337,0.010709635424427688,0.0,0.0,0.006082499999999999,4.0,0.26749999999999996,-0.004315919888904318,0.2485267236828804,-0.0028044049511663617,3.1773367901166696e-07,2.345098092604303e-07,275849.10500000004,1.0,273168.42446875,4.248655765147055e-07,1279.179625608088,4800.0,1.0,,293,,,,,,,,
6.032439077000163,0.0011007073677319567,0.0039225260494276885,0.0,0.0,0.006035,4.0,0.265,-0.003617463505361229,0.24833468683063983,-0.002118983387481421,3.6379893089133473e-07,3.6619154215600246e-07,275585.983,1.0,273061.67284375,4.248655765147055e-07,1367.9673029930734,4800.0,1.0,,294,,,,,,,,
5.852759461000005,0.0006478653100202792,0.0036295573227107525,0.0,0.0,0.0059875,4.0,0.26249999999999996,-0.0010346715920604766,0.24479572884738446,0.00043084317876491697,3.02531895712832e-07,3.383010056978719e-07,274959.966,1.0,272737.5650625,4.248655765147055e-07,1299.7311722986033,4800.0,1.0,,295,,,,,,,,
5.924451649000275,0.0021759202587418257,0.022558593889698386,0.0,0.0,0.005940000000000001,4.0,0.26,-0.009161910263355822,0.245941723883152,-0.0077012235065922145,3.9612720428294777e-07,3.344129197557777e-07,275541.40300000005,1.0,272865.693953125,4.248655765147055e-07,1483.7299983536825,4800.0,1.0,,296,,,,,,,,
5.922220880999703,0.000934363971464336,0.007503255235496909,0.0,0.0,0.0058925,4.0,0.25749999999999995,-0.005124485562555492,0.24892329052090645,-0.00365790284704417,3.390635249900242e-07,3.268350194929326e-07,275711.71,1.0,273045.04500000004,4.248655765147055e-07,1401.751020937332,4800.0,1.0,,297,,,,,,,,
5.868312140999933,0.0013950093765743078,0.013883463572710752,0.0,0.0,0.005845000000000001,4.0,0.255,-0.0006190411862917244,0.2441542711108923,0.00080779874115251,3.2615915159794893e-07,4.1759441131716813e-07,275687.03,1.0,273008.847828125,4.248655765147055e-07,1523.570923806925,4800.0,1.0,,298,,,,,,,,
5.983507102000203,0.0019827266136417166,0.01416015625,0.0,0.0,0.005797500000000001,4.0,0.25249999999999995,-0.003974232962355018,0.2427389297634363,-0.002567144896602258,2.7417461510026444e-07,3.257844085169381e-07,275776.18200000003,1.0,272868.775453125,4.248655765147055e-07,1304.813643742298,4800.0,1.0,,299,,,,,,,,
5.867717296000137,0.002308578454540111,0.02579752616584301,0.0,0.0,0.005750000000000002,4.0,0.25,-0.008986797032412142,0.234621187672019,-0.007637981581501663,4.0779257588496874e-07,4.30569149045823e-07,275480.41099999996,1.0,272821.251890625,4.248655765147055e-07,1657.71790977911,4800.0,1.0,,300,276120.804,274913.10599999997,273680.404,70000042,273078.1983,best_of_k,274913.10599999997,1020.0558065462192
5.918925399999807,0.0009215407480951399,0.009488932299427688,0.0,0.0,0.005702500000000001,4.0,0.24750000000000005,-0.004385840581380762,0.23744567334651948,-0.003031972120516002,3.19290379380277e-07,2.684687078868819e-07,275632.867,1.0,273030.17584374995,4.248655765147055e-07,1329.4362052595145,4800.0,1.0,,301,,,,,,,,
5.957082141999763,0.0011166401207447052,0.010970052110496908,0.0,0.0,0.005655,4.0,0.245,-0.0003847840300295502,0.2394258413463831,0.0009689689497463406,4.632238415069878e-07,3.0918558309167564e-07,275711.94,1.0,272905.21228125,4.248655765147055e-07,1472.8819859507414,4800.0,1.0,,302,,,,,,,,
5.93304907799984,0.0010787784704007208,0.008577473973855377,0.0,0.0,0.005607500000000001,4.0,0.24250000000000005,-0.0036118017218541355,0.2439784411340952,-0.002244014060124755,4.2034730824980214e-07,5.576283570007945e-07,275394.835,1.0,272848.366703125,4.248655765147055e-07,1715.3455065241085,4800.0,1.0,,303,,,,,,,,
5.998281841999869,0.000639843477983959,0.0018229166744276881,0.0,0.0,0.005560000000000001,4.0,0.24,-0.002122897446679417,0.24393772147595882,-0.0007671381419640966,2.8536077820717767e-07,1.0122788104638404e-06,275356.955,1.0,272716.092703125,4.248655765147055e-07,1460.7698745107919,4800.0,1.0,,304,,,,,,,,
5.988328707000164,0.000945036810298916,0.007535807299427688,0.0,0.0,0.005512500000000002,4.0,0.23750000000000004,-0.00415300705935806,0.24707087688148022,-0.0027913179714232684,2.578589207047344e-07,5.25338183976487e-07,275906.276,1.0,273344.003453125,4.248655765147055e-07,1309.8950596300435,4800.0,1.0,,305,,,,,,,,
6.024190576999899,0.0008341612192452885,0.002311197924427688,0.0,0.0,0.005465000000000001,4.0,0.235,0.0005551402980927378,0.24111656323075295,0.0018726479145698249,3.5707153500652566e-07,3.1692671598193556e-07,275413.837,1.0,272977.98409375,4.248655765147055e-07,1583.1489566802666,4800.0,1.0,,306,,,,,,,,
6.03582367700028,0.0012517634924734012,0.008935546875,0.0,0.0,0.005417500000000002,4.0,0.23250000000000004,-0.0027685538516379893,0.23794583939015865,-0.001479685679078102,3.512467465327518e-07,3.3650673287866083e-07,275789.566,1.0,273037.37593750004,4.248655765147055e-07,1614.7280945825285,4800.0,1.0,,307,,,,,,,,
6.079613142999733,0.0013519395113689825,0.013948567735496908,0.0,0.0,0.00537,4.0,0.22999999999999998,-0.003635047913121525,0.23573695160448552,-0.002369320287834853,3.2650830803504507e-07,2.943730258664345e-07,276085.555,1.0,272642.075046875,4.248655765147055e-07,1495.57688953007,4800.0,1.0,,308,,,,,,,,
6.037904247999904,0.0007849392859498039,0.004296875011641532,0.0,0.0,0.005322500000000001,4.0,0.22750000000000004,-0.0030750912963412704,0.23437757194042205,-0.0018277609022334218,3.6836770789250295e-07,2.1441529369781164e-07,275356.85599999997,1.0,273116.92428125,4.248655765147055e-07,1192.232661740477,4800.0,1.0,,309,,,,,,,,
5.8551240540000435,0.0009956754351151177,0.01041666668606922,0.0,0.0,0.005275,4.0,0.22499999999999998,-0.0003834484377875924,0.23491981364786624,0.0008555825217626989,3.342129566874519e-07,2.749389892642284e-07,274882.971,1.0,272828.50571875,4.248655765147055e-07,1323.891385807549,4800.0,1.0,,310,,,,,,,,
5.895152253000106,0.0012781407800503074,0.01066080731106922,0.0,0.0,0.005227500000000001,4.0,0.22250000000000003,-0.005856489384314045,0.23313029669225216,-0.004638029022316914,3.5434252581012516e-07,3.857157338416073e-07,275570.117,1.0,272837.4700625,4.248655765147055e-07,1557.9513057454676,4800.0,1.0,,311,,,,,,,,
5.890872500000114,0.0007464635884389282,0.004492187523283064,0.0,0.0,0.005180000000000001,4.0,0.21999999999999997,0.0003056722925975919,0.23148200772702693,0.001504558848682791,3.434554116665822e-07,3.120511436804918e-07,275150.534,1.0,272822.26021875,4.248655765147055e-07,1468.611601896229,4800.0,1.0,,312,,,,,,,,
5.949660918000063,0.0009839723745244556,0.006917317712213844,0.0,0.0,0.005132500000000002,4.0,0.21750000000000003,-0.002954023965867236,0.23060813099145888,-0.0017706403858028352,3.993796298118468e-07,3.4487032465335685e-07,275799.514,1.0,272771.26751562505,4.248655765147055e-07,1451.8698857846246,4800.0,1.0,,313,,,,,,,,
5.909328413999901,0.000860262355672603,0.006868489622138441,0.0,0.0,0.005085000000000001,4.0,0.21499999999999997,-0.001396410760935396,0.22873991392552853,-0.00023344926303252577,3.6669536633837653e-07,2.885864876844835e-07,275553.992,1.0,272653.46875,4.248655765147055e-07,1461.4838042660347,4800.0,1.0,,314,,,,,,,,
5.911078085000099,0.0010631189332343638,0.009554036485496908,0.0,0.0,0.005037500000000002,4.0,0.21250000000000002,-0.0036339201498776673,0.22923671826720238,-0.0024793749471427873,5.869018664839131e-07,3.5248917313879246e-07,275093.927,1.0,272767.979109375,4.248655765147055e-07,1213.106496982534,4800.0,1.0,,315,,,,,,,,
5.905500316000143,0.0012741258935420774,0.013883463572710752,0.0,0.0,0.00499,4.0,0.20999999999999996,-0.0038968376902630553,0.22897759452462196,-0.0027544885640963914,3.8364975978311123e-07,4.214478533270949e-07,275694.833,1.0,273018.621921875,4.248655765147055e-07,1350.120746837385,4800.0,1.0,,316,,,,,,,,
5.980410975999803,0.0012868897923908663,0.005712890636641532,0.0,0.0,0.004942500000000001,4.0,0.20750000000000002,0.0012092640856280923,0.23054001852869987,0.0023483924334868787,2.3566169566890948e-07,5.845760277622958e-07,275996.40900000004,1.0,273063.01307812496,4.248655765147055e-07,1204.5988731434202,4800.0,1.0,,317,,,,,,,,
5.873529867999878,0.001243608701042831,0.011344401095993818,0.0,0.0,0.004895,4.0,0.20499999999999996,-0.004464660520898178,0.2287110432982445,-0.003345277823973447,2.2057539830200313e-07,2.712940965210464e-07,275522.659,1.0,273026.013078125,4.248655765147055e-07,1243.6477340352471,4800.0,1.0,,318,,,,,,,,
5.992548836999958,0.0010734173494711286,0.007356770848855376,0.0,0.0,0.004847500000000001,4.0,0.2025,-0.0011154381980304606,0.22586138360202312,-2.0725850481539966e-05,2.336054819807032e-07,2.547736567493075e-07,276076.40300000005,1.0,273191.52289062506,4.248655765147055e-07,1082.6098143112283,4800.0,1.0,,319,,,,,,,,
5.936663820999911,0.0012262803051271477,0.009309895848855377,0.0,0.0,0.0048000000000000004,4.0,0.19999999999999996,-0.002028767659794539,0.22666171789169312,-0.0009409459074959159,2.6333758107455196e-07,2.574462957483092e-07,275661.513,1.0,273070.80490625,4.248655765147055e-07,1459.2851904036418,4800.0,1.0,,320,276120.804,274973.94,273053.49600000004,70000042,272660.64793333336,best_of_k,274973.94,1265.838889729935
5.874598509999942,0.001148531143553555,0.009488932311069221,0.0,0.0,0.0047525000000000015,4.0,0.1975,-0.0004954634787281975,0.22693630494177341,0.0005828997062053531,2.349328362072356e-07,2.5641187129110676e-07,275005.767,1.0,273019.519515625,4.248655765147055e-07,1152.4597297865364,4800.0,1.0,,321,,,,,,,,
5.9395294219998505,0.0010365617577917873,0.008984375011641533,0.0,0.0,0.004704999999999999,4.0,0.19499999999999995,-0.00482496244367212,0.2265991635620594,-0.003758965129964054,2.115587452777845e-07,2.6125478953531455e-07,274956.02300000004,1.0,272528.051109375,4.248655765147055e-07,1301.3472946413176,4800.0,1.0,,322,,,,,,,,
6.0054037800000515,0.002026675411616452,0.019921875034924597,0.0,0.0,0.0046575,4.0,0.1925,0.0004638832644559443,0.22844952419400216,0.0015277728321962058,1.804885389589117e-07,1.926617091640992e-07,275787.676,1.0,272952.53340625,4.248655765147055e-07,1201.5228160790844,4800.0,1.0,,323,,,,,,,,
5.874596675000248,0.0004958708786944044,0.003206380212213844,0.0,0.0,0.0046099999999999995,4.0,0.18999999999999995,-0.003946675495535601,0.2300626415759325,-0.0028862534440122546,2.972773600617984e-07,2.7328274256888106e-07,275423.895,1.0,272833.86364062503,4.248655765147055e-07,1434.334994667317,4800.0,1.0,,324,,,,,,,,
5.963265211999897,0.0015019052108982578,0.015266927122138441,0.0,0.0,0.004562500000000001,4.0,0.1875,-0.0012812567700166255,0.2326394349336624,-0.00021995927672833205,2.490332867921552e-07,1.9033344287322506e-07,275294.079,1.0,272951.136015625,4.248655765147055e-07,1136.5414024869451,4800.0,1.0,,325,,,,,,,,
5.869848596999873,0.0004261204473550606,0.001708984375,0.0,0.0,0.004515000000000002,4.0,0.18500000000000005,-0.003452148953510914,0.23477938510477542,-0.0023922942113131286,3.2454366944989487e-07,2.823851595223914e-07,275690.1780000001,1.0,272953.74978125,4.248655765147055e-07,1565.7666855129803,4800.0,1.0,,326,,,,,,,,
6.047143407000021,0.0011222511158848647,0.00953776048263535,0.0,0.0,0.004467500000000001,4.0,0.1825,-0.0006825389340519905,0.23569272682070733,0.0003702172602061182,3.204744849938379e-07,3.3724731878237436e-07,275603.678,1.0,272710.720703125,4.248655765147055e-07,1600.5060343230116,4800.0,1.0,,327,,,,,,,,
5.965823587999694,0.0005114804869663203,0.002197265625,0.0,0.0,0.004420000000000002,4.0,0.18000000000000005,-0.0050614488893188534,0.239393125846982,-0.004003490519244224,2.7721750655018696e-07,2.6392969765254293e-07,275660.23,1.0,273117.09515625006,4.248655765147055e-07,1626.6224181335317,4800.0,1.0,,328,,,,,,,,
5.912634734000221,0.000757782717118971,0.003645833337213844,0.0,0.0,0.004372500000000001,4.0,0.1775,-0.004702068236656487,0.23707743361592293,-0.00366555912187323,1.902799827036006e-07,1.8603128459915297e-07,275508.145,1.0,273460.65248437505,4.248655765147055e-07,1188.4627128549432,4800.0,1.0,,329,,,,,,,,
5.943777844000124,0.0011676713533233852,0.008203125023283065,0.0,0.0,0.0043250000000000025,4.0,0.17500000000000004,0.0002824922616127878,0.23766432851552963,0.0013102208264172076,2.835523307709309e-07,2.822004351088481e-07,275780.70800000004,1.0,273134.926046875,4.248655765147055e-07,1472.4357716995023,4800.0,1.0,,330,,,,,,,,
5.89744644800021,0.0003640208044089377,0.0020182291744276883,0.0,0.0,0.0042775,4.0,0.1725,0.00038594541838392614,0.23527828082442284,0.0013921809382736682,2.893123969727185e-07,2.7694139141942743e-07,275577.822,1.0,273081.599734375,4.248655765147055e-07,1478.5520783801285,4800.0,1.0,,331,,,,,,,,
5.960060616000192,0.0006831025224528275,0.0034179687616415324,0.0,0.0,0.004230000000000001,4.0,0.17000000000000004,-0.0018139635940315202,0.23618623428046703,-0.0008151221787557006,4.7519948154217673e-07,3.572127695861127e-07,275707.553,1.0,272914.09985937504,4.248655765147055e-07,1512.6192806755364,4800.0,1.0,,332,,,,,,,,
5.916156476000197,0.0015704919103882275,0.014794921909924597,0.0,0.0,0.004182500000000002,4.0,0.16749999999999998,-0.004838262137491256,0.23663828186690808,-0.0038486817968077956,2.921056466931304e-07,2.613347863444915e-07,275733.638,1.0,272738.128171875,4.248655765147055e-07,1500.8998178352524,4800.0,1.0,,333,,,,,,,,
5.890672400000312,0.0002458399852912407,0.0007161458372138441,0.0,0.0,0.004135,4.0,0.16500000000000004,-0.0003816410608123988,0.23783905394375324,0.0006016620609443635,2.770137385255111e-07,2.6746019550216714e-07,276312.117,1.0,273215.5383125,4.248655765147055e-07,1483.2499961814226,4800.0,1.0,,334,,,,,,,,
5.926131322999936,0.0010795935057103633,0.011067708337213844,0.0,0.0,0.004087500000000001,4.0,0.16249999999999998,-0.0037459929939359427,0.23982834853231907,-0.0027658168226480486,2.171270342188336e-07,2.012757914116037e-07,275956.979,1.0,273004.95228125004,4.248655765147055e-07,1222.904043559473,4800.0,1.0,,335,,,,,,,,
5.893659498000034,0.0009007028405903838,0.009244791697710752,0.0,0.0,0.004040000000000002,4.0,0.16000000000000003,-0.0005643542084726505,0.2381116461008787,0.0003974278690293431,2.747647087630867e-07,3.23841393523594e-07,275796.552,1.0,273256.19717187504,4.248655765147055e-07,1305.2820277457827,4800.0,1.0,,336,,,,,,,,
5.974386243000026,0.0007122456729121041,0.003678385424427688,0.0,0.0,0.0039924999999999995,4.0,0.15749999999999997,-0.002685481950175017,0.23798967897891998,-0.0017354985466226935,3.178980264806341e-07,3.171873256491153e-07,275315.11600000004,1.0,272789.93090625,4.248655765147055e-07,1547.0334862102263,4800.0,1.0,,337,,,,,,,,
6.044196366000051,0.0014977365965023637,0.018489583395421505,0.0,0.0,0.003945000000000001,4.0,0.15500000000000003,-0.0014443780877627433,0.2352515146136284,-0.0005164802307263017,2.978825122568196e-07,2.791598632256864e-07,275902.08800000005,1.0,273123.74325000006,4.248655765147055e-07,1458.6544295511562,4800.0,1.0,,338,,,,,,,,
5.882972133999829,0.0008512173197232186,0.002718098962213844,0.0,0.0,0.0038975000000000017,4.0,0.15249999999999997,-0.002538613862998318,0.23455593474209308,-0.001624546067614574,2.0565612288692136e-07,1.8687508962500488e-07,275963.48600000003,1.0,273054.754515625,4.248655765147055e-07,1174.7404122313515,4800.0,1.0,,339,,,,,,,,
5.866522973999963,0.0013799909298541023,0.014290364691987634,0.0,0.0,0.0038500000000000027,4.0,0.15000000000000002,-0.001893112102698069,0.23430516831576825,-0.0009911718312650918,2.0646500829002434e-07,2.2941970492240671e-07,276093.69,1.0,273012.26021875,4.248655765147055e-07,1301.1631610176055,4800.0,1.0,,340,276312.117,274943.835,273417.81499999994,70000042,273195.3097666667,best_of_k,274943.835,1156.1578655900676
5.842414890999862,0.0012947529583470895,0.01455078125,0.0,0.0,0.0038025000000000003,4.0,0.14749999999999996,-0.002147283982776571,0.23309264294803142,-0.0012610887410119177,2.2012292717477066e-07,2.3509320641323938e-07,275164.859,1.0,272922.94282812503,4.248655765147055e-07,1399.5338355379263,4800.0,1.0,,341,,,,,,,,
5.822738772000321,0.000644234230821894,0.0062988281366415325,0.0,0.0,0.0037550000000000014,4.0,0.14500000000000002,0.0009361205622553826,0.23075013123452665,0.0018024519318714737,2.3484456406208666e-07,2.2287462257963854e-07,275560.56299999997,1.0,273134.641015625,4.248655765147055e-07,1403.9282191463105,4800.0,1.0,,342,,,,,,,,
5.901729932999842,0.0009245098219253123,0.01007486981106922,0.0,0.0,0.003707499999999999,4.0,0.14249999999999996,-0.0033258858136832716,0.2326610777527094,-0.0024634577333927155,2.8719802607213297e-07,2.6862990623044423e-07,275916.062,1.0,273022.51793750003,4.248655765147055e-07,1708.7322282151092,4800.0,1.0,,343,,,,,,,,
5.909580415000164,0.0004098105553566711,0.001839192712213844,0.0,0.0,0.00366,4.0,0.14,-0.002678964613005519,0.23334966748952865,-0.0018250214401632548,1.8285618494928712e-07,1.9699982836129948e-07,275636.282,1.0,273243.708171875,4.248655765147055e-07,1189.4992986242316,4800.0,1.0,,344,,,,,,,,
5.854731137999806,0.0012872110339230858,0.009798177098855377,0.0,0.0,0.003612500000000001,4.0,0.13749999999999996,-0.000664424046408385,0.23325149118900299,0.0001780315302312374,2.3642882389651733e-07,2.832747973968708e-07,275591.64300000004,1.0,273257.48793750006,4.248655765147055e-07,1377.988728844078,4800.0,1.0,,345,,,,,,,,
5.895250862000012,0.0002476960587955546,0.001025390625,0.0,0.0,0.003565000000000002,4.0,0.135,0.004887278485693969,0.23381484672427177,0.0057206989149563015,2.2775780941231006e-07,2.139377411225496e-07,275257.97000000003,1.0,272948.17565625,4.248655765147055e-07,1251.7119395104849,4800.0,1.0,,346,,,,,,,,
5.893728492000264,0.0015718902985099703,0.012923177087213845,0.0,0.0,0.0035175,4.0,0.13249999999999995,-0.007943797155166975,0.23483339846134185,-0.007117921346798539,2.4817971784329983e-07,2.509894567737092e-07,275398.494,1.0,272901.887578125,4.248655765147055e-07,1475.0950376823084,4800.0,1.0,,347,,,,,,,,
5.933713560999877,0.0004461442733372678,0.0014973958488553763,0.0,0.0,0.003470000000000001,4.0,0.13,-0.00036483190197031943,0.2321226265281439,0.0004404767998494208,2.731348832440972e-07,2.5891792354570953e-07,275826.63200000004,1.0,272714.61267187493,4.248655765147055e-07,1452.1880642252686,4800.0,1.0,,348,,,,,,,,
5.889111756000148,0.00098266186832916,0.011800130270421505,0.0,0.0,0.0034224999999999985,4.0,0.12749999999999995,0.0004342894768342376,0.23531945645809174,0.0012395333498716355,2.7145285130814045e-07,2.195058673493122e-07,275645.113,1.0,273080.308703125,4.248655765147055e-07,1355.0907842195018,4800.0,1.0,,349,,,,,,,,
5.936046754000017,0.0007240711431222735,0.006087239645421505,0.0,0.0,0.0033749999999999995,4.0,0.125,-0.00345934194047004,0.23422079682350158,-0.0026690117083489895,2.933054553011516e-07,2.704375344109167e-07,275636.011,1.0,272940.45214062504,4.248655765147055e-07,1546.2563773030386,4800.0,1.0,,350,,,,,,,,
5.991846234999684,0.0003633617736340966,0.001416015636641532,0.0,0.0,0.0033275000000000006,4.0,0.12250000000000005,0.0015012465068139137,0.23272109106183053,0.0022754882578738035,2.413340919105167e-07,2.2709504676754477e-07,275714.06700000004,1.0,273040.01670312503,4.248655765147055e-07,1411.9958722989522,4800.0,1.0,,351,,,,,,,,
5.92909388399994,0.0006751938412890013,0.004622395848855376,0.0,0.0,0.0032800000000000017,4.0,0.12,-0.0023949456357513555,0.23429762348532676,-0.0016266474965959787,2.9918515522808773e-07,3.3654930220450296e-07,275796.53400000004,1.0,273069.7620625,4.248655765147055e-07,1641.9099264662393,4800.0,1.0,,352,,,,,,,,
5.908752278000065,0.0005577730742515996,0.004866536473855376,0.0,0.0,0.0032325000000000027,4.0,0.11750000000000005,-0.004526800257735886,0.2333829913288355,-0.0037724874448031185,1.936647869626995e-07,1.5680302141163337e-07,275007.346,1.0,273058.8869375,4.248655765147055e-07,1108.7638593035874,4800.0,1.0,,353,,,,,,,,
5.816558203000113,0.000566662479104707,0.007666015659924597,0.0,0.0,0.0031850000000000003,4.0,0.11499999999999999,-0.0025624442772823387,0.2318205125629902,-0.001824249408673495,2.6635411600750556e-07,2.539023338243851e-07,275725.12799999997,1.0,273119.92864062503,4.248655765147055e-07,1444.3220588166475,4800.0,1.0,,354,,,,,,,,
5.93563076800001,0.00040623776440043005,0.0020182291744276883,0.0,0.0,0.0031375000000000014,4.0,0.11250000000000004,-0.0005739053711295127,0.23174262195825576,0.00015306944260373712,2.1402231347167345e-07,1.9279687641926556e-07,275458.037,1.0,273075.40984375,4.248655765147055e-07,1305.77716829933,4800.0,1.0,,355,,,,,,,,
5.954193205000138,0.0004405553379910998,0.003271484386641532,0.0,0.0,0.003089999999999999,4.0,0.10999999999999999,-0.0007338387018535286,0.23007122837007046,-2.30500940233469e-05,2.1978635480479625e-07,2.1902093259029697e-07,275039.71299999993,1.0,273141.588171875,4.248655765147055e-07,1364.834230913191,4800.0,1.0,,356,,,,,,,,
5.947516038999765,0.0008599062828579917,0.007568359398283065,0.0,0.0,0.0030425,4.0,0.10750000000000004,0.0002871225995477289,0.22967219389975072,0.000985787983518094,2.947622920856929e-07,1.6652883765289063e-07,275704.871,1.0,273481.5629375,4.248655765147055e-07,1275.5871443928474,4800.0,1.0,,357,,,,,,,,
6.0736746600000515,0.00017207377036356774,0.00047200521221384405,0.0,0.0,0.002995000000000001,4.0,0.10499999999999998,-0.0008675865625264123,0.22985160090029239,-0.00017931186594069004,2.282390706653814e-07,2.1626246251571502e-07,276106.41400000005,1.0,273175.70621875,4.248655765147055e-07,1375.6143126618801,4800.0,1.0,,358,,,,,,,,
5.988967015000071,0.00019807387197943172,0.0016276041744276882,0.0,0.0,0.002947500000000002,4.0,0.10250000000000004,0.00037341464194469155,0.2304444283246994,0.0010525006568059326,2.2673709239029448e-07,2.5217619032957827e-07,275493.76100000006,1.0,273417.61106250004,4.248655765147055e-07,1486.6272705240006,4800.0,1.0,,359,,,,,,,,
5.951755222999964,0.0009372984117362648,0.007861328125,0.0,0.0,0.0029,4.0,0.09999999999999998,-0.0014968002680689097,0.23400816768407823,-0.000818356778472662,2.901974532676377e-07,3.025913045462403e-07,275728.151,1.0,273450.98542187497,4.248655765147055e-07,1595.9372560790214,4800.0,1.0,,360,276312.117,275762.79,273317.88300000003,70000042,273367.3041333333,best_of_k,275762.79,1427.4296880194272
