elapsed_seconds,optimization_approximate_kl,optimization_clip_fraction,optimization_count_loss,optimization_early_kl_stop,optimization_entropy_coefficient,optimization_epochs_completed,optimization_learning_rate_fraction,optimization_loss,optimization_normalized_entropy,optimization_policy_loss,optimization_q_loss,optimization_value_loss,rollout_best_objective,rollout_feasible_rate,rollout_mean_objective,rollout_reward_scale,rollout_std_objective,rollout_transitions,rollout_vectorized_rollouts,self_imitation_loss,update,validation_archive_best_objective,validation_best_of_k_objective,validation_deterministic_objective,validation_fixed_validation_seed,validation_mean_stochastic_objective,validation_selection_metric,validation_selection_objective,validation_std_stochastic_objective
10.428253288000633,0.0058522965434046155,0.06689453125,0.0,0.0,0.0199525,4.0,0.9975,-0.021309941153352458,0.7803564680119356,-0.007089875910120706,0.0006305582974164281,0.0025738823836339484,354149.804,1.0,282554.06229296874,1.12176296559331e-07,29794.072268007643,5760.0,1.0,,1,354149.804,348438.22525,294655.2665,70000042,285808.740025,best_of_k,348438.22525,28881.231215955293
9.171204430999751,0.006356802189354009,0.0977783203125,0.0,0.0,0.019905,4.0,0.995,-0.023611525849749643,0.779531958202521,-0.008114136493531987,5.030831334806862e-05,2.8327012557838316e-05,373566.43575,1.0,295045.72780078126,1.12176296559331e-07,35333.31813941266,5760.0,1.0,,2,,,,,,,,
9.128432686999986,0.0057573496451368555,0.07246907552083333,0.0,0.0,0.0198575,4.0,0.9925,-0.02362251254574706,0.7741962298750877,-0.008258409575015927,3.52994798807534e-05,1.1937471697365254e-05,359135.89925,1.0,299959.02450000006,1.12176296559331e-07,32144.250321853022,5760.0,1.0,,3,,,,,,,,
9.145866644000307,0.005589194634618859,0.08426920572916667,0.0,0.0,0.01981,4.0,0.99,-0.023920098824116092,0.7700965901215872,-0.008672521663053582,3.049159048866083e-05,9.975057650990493e-06,397551.0295,1.0,321169.55005859374,1.12176296559331e-07,37770.238419449954,5760.0,1.0,,4,,,,,,,,
9.18954720399961,0.006677743476757314,0.09370930989583333,0.0,0.0,0.0197625,4.0,0.9875,-0.024369240854866803,0.7615823025504748,-0.009326009914123764,2.6833277805356676e-05,9.710832254465155e-06,411362.1812500001,1.0,346519.91183203127,1.12176296559331e-07,34744.23408914129,5760.0,1.0,,5,,,,,,,,
9.083575596000628,0.006452949475108956,0.10115559895833333,0.0,0.0,0.019715,4.0,0.985,-0.023070171378397692,0.754234004765749,-0.008206284837797284,2.1502197379656234e-05,7.373658993022521e-06,413722.56000000006,1.0,355439.56528515625,1.12176296559331e-07,28089.22031487071,5760.0,1.0,,6,,,,,,,,
9.309693722999327,0.008452362477934608,0.1385498046875,0.0,0.0,0.0196675,4.0,0.9825,-0.02486317647465815,0.741535734385252,-0.010284661722835153,2.120526996426027e-05,7.038598350087947e-06,483462.4375,1.0,381473.5096796875,1.12176296559331e-07,34815.84080430201,5760.0,1.0,,7,,,,,,,,
9.201007488999494,0.0068074765998365665,0.10396321614583333,0.0,0.0,0.019620000000000002,4.0,0.98,-0.02304895597626455,0.7321927708884081,-0.008688258778420277,1.7382527232712164e-05,6.372575067340828e-06,486085.98275,1.0,403221.58873046876,1.12176296559331e-07,32708.369338832064,5760.0,1.0,,8,,,,,,,,
9.326979464999567,0.006344027916687385,0.09293619791666667,0.0,0.0,0.0195725,4.0,0.9775,-0.024849685820906114,0.713370164235433,-0.010892532300204039,1.760796836454877e-05,7.047113304755233e-06,486832.65674999997,1.0,420852.3681757812,1.12176296559331e-07,29974.990019408757,5760.0,1.0,,9,,,,,,,,
9.357036380999489,0.007765556198137347,0.1187744140625,0.0,0.0,0.019525,4.0,0.975,-0.025222448535108317,0.694784247626861,-0.011661381722660735,1.5632416970371803e-05,6.065799018036462e-06,514373.01875,1.0,451283.24622656254,1.12176296559331e-07,29354.513236320454,5760.0,1.0,,10,,,,,,,,
8.993272190000425,0.007277192373294383,0.1038818359375,0.0,0.0,0.019477500000000002,4.0,0.9725,-0.026205425965599716,0.6750712879002094,-0.0130612318268201,1.754814210623105e-05,5.503564371641308e-06,517649.23425,1.0,461003.08735937503,1.12176296559331e-07,28663.324661639184,5760.0,1.0,,11,,,,,,,,
9.081461725999361,0.0045857005316065624,0.060709635416666664,0.0,0.0,0.01943,4.0,0.97,-0.015887513126169022,0.671057216823101,-0.0028532625001389533,1.8615568933455506e-05,5.058149994852101e-06,538059.72475,1.0,479188.91703125,1.12176296559331e-07,23942.475813977304,5760.0,1.0,,12,,,,,,,,
9.031011998000395,0.004987227167778959,0.06778971354166667,0.0,0.0,0.0193825,4.0,0.9675,-0.019085280762131635,0.6584013476967812,-0.006328117868785436,1.6211593845127936e-05,5.359100195316084e-06,549682.7717500001,1.0,490348.43861328124,1.12176296559331e-07,28204.154585714397,5760.0,1.0,,13,,,,,,,,
8.98727701200005,0.006913959342152036,0.09004720052083333,0.0,0.0,0.019335,4.0,0.965,-0.021293788236410666,0.6487776239713033,-0.008753431553486735,1.4485277612645101e-05,4.619919527234136e-06,551948.9765000001,1.0,501511.68678125,1.12176296559331e-07,25590.887888596342,5760.0,1.0,,14,,,,,,,,
9.084840503999658,0.005511850754070717,0.055257161458333336,0.0,0.0,0.0192875,4.0,0.9625,-0.014334635178480918,0.6272072618206342,-0.002240876608993858,1.1163952384170747e-05,4.770387983891548e-06,560256.051,1.0,511407.42308593745,1.12176296559331e-07,24125.381624750942,5760.0,1.0,,15,,,,,,,,
8.996386155000437,0.005436628799846706,0.054972330729166664,0.0,0.0,0.01924,4.0,0.96,-0.015097028226591647,0.6211470092336336,-0.003149687370751053,1.1470376970616295e-05,4.7613314961836295e-06,576341.37875,1.0,523041.17903125,1.12176296559331e-07,23205.441252711204,5760.0,1.0,,16,,,,,,,,
9.08231461699961,0.005557899043196812,0.071533203125,0.0,0.0,0.0191925,4.0,0.9575,-0.01723166846204549,0.6171460424860319,-0.005390753717316936,1.3604602145278477e-05,4.599641637052325e-06,569344.9842500001,1.0,533104.7538007812,1.12176296559331e-07,20392.861409852125,5760.0,1.0,,17,,,,,,,,
9.065510088000337,0.00584372777423899,0.07035319010416667,0.0,0.0,0.019145,4.0,0.955,-0.019281927350675687,0.6009830757975578,-0.007781310113690172,3.0186394269549055e-05,4.371420724661827e-06,568515.078,1.0,532967.8448828126,1.12176296559331e-07,19076.195980633824,5760.0,1.0,,18,,,,,,,,
9.071683326999846,0.004613166267517954,0.053385416666666664,0.0,0.0,0.0190975,4.0,0.9525,-0.015937639594388504,0.5903586149215698,-0.004666937844982992,1.5138712891863785e-05,4.314749143456235e-06,585389.8135,1.0,539766.6242617187,1.12176296559331e-07,18992.557353341163,5760.0,1.0,,19,,,,,,,,
8.965921968999282,0.006044200308679137,0.053792317708333336,0.0,0.0,0.01905,4.0,0.95,-0.01572988083353266,0.5877775189777216,-0.0045355155210321145,1.0257174788345461e-05,3.5419832803048243e-06,595196.937,1.0,549549.7018007813,1.12176296559331e-07,18949.269383221996,5760.0,1.0,,20,595196.937,588593.3135,549092.8660000002,70000042,554963.1132083334,best_of_k,588593.3135,19395.83965812628
8.952324832999693,0.005319042533907729,0.061482747395833336,0.0,0.0,0.019002500000000002,4.0,0.9475,-0.011107301067871353,0.5768923958142599,-0.00014746418067564568,7.696834008659911e-06,3.5839907278993146e-06,585426.6625,1.0,551364.9396523437,1.12176296559331e-07,18877.69949634898,5760.0,1.0,,21,,,,,,,,
9.164626873999623,0.003638094904696724,0.039957682291666664,0.0,0.0,0.018955,4.0,0.945,-0.01536412484711036,0.5657914280891418,-0.0046418642353576916,7.442176903775059e-06,3.1425834284467178e-06,596342.04825,1.0,564668.1444101562,1.12176296559331e-07,14552.384140884564,5760.0,1.0,,22,,,,,,,,
9.081211026000346,0.005636321928856584,0.050130208333333336,0.0,0.0,0.0189075,4.0,0.9425,-0.01575818405641864,0.5791127520302931,-0.004810949962120503,8.05468184239544e-06,3.0702707363161608e-06,591885.493,1.0,563281.24884375,1.12176296559331e-07,17091.580519917585,5760.0,1.0,,23,,,,,,,,
9.023696889999883,0.0046149217572140815,0.044881184895833336,0.0,0.0,0.018860000000000002,4.0,0.94,-0.014023695286596194,0.5783627393345038,-0.003118131833616644,8.77897108845597e-06,2.9583911640429505e-06,594287.8355,1.0,570067.2413710938,1.12176296559331e-07,14353.601146567327,5760.0,1.0,,24,,,,,,,,
9.224143995999839,0.005000445009500254,0.061726888020833336,0.0,0.0,0.0188125,4.0,0.9375,-0.013349459157325327,0.5615248916049799,-0.0027881415735464543,8.338574995529294e-06,3.0707879972169394e-06,606259.6347499999,1.0,573948.363671875,1.12176296559331e-07,17655.619869729668,5760.0,1.0,,25,,,,,,,,
9.314850851999836,0.005046228844245586,0.060750325520833336,0.0,0.0,0.018765,4.0,0.935,-0.015272160109210139,0.5643231819073359,-0.004684954357799143,9.183884486674287e-06,2.80164380228598e-06,618887.8227499999,1.0,578904.1811796875,1.12176296559331e-07,19431.013016409044,5760.0,1.0,,26,,,,,,,,
9.021128547999979,0.004714407771340727,0.0550537109375,0.0,0.0,0.0187175,4.0,0.9325,-0.017921110401706148,0.5506450434525808,-0.007617222804886599,1.682083209667932e-05,2.25732299933649e-06,634490.8160000001,1.0,586992.6396406251,1.12176296559331e-07,16425.60502716586,5760.0,1.0,,27,,,,,,,,
9.150070859999687,0.0062327291670953855,0.08683268229166667,0.0,0.0,0.01867,4.0,0.9299999999999999,-0.009345818039340278,0.5527185599009196,0.0009711809543659911,7.5007352033177694e-06,3.0132529407940942e-06,623698.547,1.0,588935.7282148437,1.12176296559331e-07,17833.701097591445,5760.0,1.0,,28,,,,,,,,
9.234782515000006,0.005182756925933063,0.058186848958333336,0.0,0.0,0.0186225,4.0,0.9275,-0.023337987542618066,0.5325510290761789,-0.013422451971564442,5.88684550943223e-06,2.6143312889341055e-06,622557.0225000001,1.0,594849.7641601562,1.12176296559331e-07,13684.27515888668,5760.0,1.0,,29,,,,,,,,
9.043304277999596,0.00585855149741595,0.07645670572916667,0.0,0.0,0.018575,4.0,0.925,-0.018579166188525658,0.5374864973127842,-0.008597296934264401,1.0186961020508534e-05,1.8470673855593607e-06,629411.91975,1.0,601463.3618710937,1.12176296559331e-07,12782.695767839128,5760.0,1.0,,30,,,,,,,,
9.023185222999928,0.0038719613172967606,0.040201822916666664,0.0,0.0,0.018527500000000002,4.0,0.9225,-0.012963827301670486,0.5328171501557032,-0.003094134774679939,1.2502866553631975e-05,1.6540208562787484e-06,628942.0107500001,1.0,604591.0831835937,1.12176296559331e-07,13160.468819201637,5760.0,1.0,,31,,,,,,,,
8.9053754939996,0.0038641253825820363,0.045654296875,0.0,0.0,0.01848,4.0,0.92,-0.009895104070892558,0.5306782660384973,-9.00729113103201e-05,1.0273546412994014e-05,1.7509847817602047e-06,629386.0464999999,1.0,609595.5108242187,1.12176296559331e-07,10424.090731928118,5760.0,1.0,,32,,,,,,,,
9.059933531999377,0.005553108431437674,0.0634765625,0.0,0.0,0.0184325,4.0,0.9175,-0.019664272559263434,0.5196970906108618,-0.010086322504018122,4.820496329216439e-06,1.7674480356314841e-06,642706.40125,1.0,608847.8058164063,1.12176296559331e-07,14271.819746221767,5760.0,1.0,,33,,,,,,,,
9.060335027000292,0.004688232758780941,0.062215169270833336,0.0,0.0,0.018385,4.0,0.915,-0.01714698115635353,0.5081983022391796,-0.007804873011385401,3.943936353797047e-06,1.4460169974010266e-06,643661.155,1.0,615728.1186875,1.12176296559331e-07,13275.606826950925,5760.0,1.0,,34,,,,,,,,
9.24316490900037,0.006316119834082201,0.08646647135416667,0.0,0.0,0.0183375,4.0,0.9125,-0.009311918411791945,0.5016333572566509,-0.00011455964219445984,4.644595477998337e-06,1.7563453056368417e-06,648363.774,1.0,622655.411578125,1.12176296559331e-07,12048.460248169165,5760.0,1.0,,35,,,,,,,,
9.06962552799996,0.004817859182367101,0.054280598958333336,0.0,0.0,0.01829,4.0,0.91,-0.014318046994352093,0.48748423904180527,-0.005404158543872957,3.1823667635914412e-06,3.7603110361790946e-06,651053.7182500002,1.0,627903.6230742187,1.12176296559331e-07,10932.42383175251,5760.0,1.0,,36,,,,,,,,
9.079670588000226,0.0040972013254455915,0.046712239583333336,0.0,0.0,0.018242500000000002,4.0,0.9075,-0.015646941086743027,0.47746667886773747,-0.006938430490360285,4.206672031159542e-06,2.50952801176633e-06,652942.3765,1.0,631559.7153984375,1.12176296559331e-07,13298.400761035782,5760.0,1.0,,37,,,,,,,,
9.01277742900038,0.004436332210995412,0.0552978515625,0.0,0.0,0.018195,4.0,0.905,-0.015725268798026566,0.4718117080628872,-0.007142322322276111,5.201945218876365e-06,2.294107576498542e-06,653529.3485,1.0,634099.2611601562,1.12176296559331e-07,10872.336855964528,5760.0,1.0,,38,,,,,,,,
9.000137838999763,0.0056960582005558535,0.0721435546875,0.0,0.0,0.0181475,4.0,0.9025,-0.011963436787482351,0.4808352968345086,-0.0032385234953835607,4.026632391666378e-06,1.2855141922803643e-06,652044.55875,1.0,630353.7892578125,1.12176296559331e-07,11394.824997449194,5760.0,1.0,,39,,,,,,,,
9.171302980000291,0.005263795753611096,0.0718994140625,0.0,0.0,0.0181,4.0,0.9,-0.010385161867210021,0.47999887106319267,-0.0016980481644471486,3.4219949327507493e-06,1.0489473882084137e-06,654045.24875,1.0,633487.9661757813,1.12176296559331e-07,11211.433147208281,5760.0,1.0,,40,654045.24875,652530.248,654546.2565,70000042,636472.9439249999,best_of_k,652530.248,13295.424392850247
9.054427279000265,0.004282573155554322,0.050211588541666664,0.0,0.0,0.0180525,4.0,0.8975,-0.01357802552714323,0.4699287377297878,-0.0050956632088248925,3.932088347369245e-06,1.2646276855339995e-06,658617.40625,1.0,633550.1241796876,1.12176296559331e-07,12497.891828163538,5760.0,1.0,,41,,,,,,,,
8.956925892000072,0.006303653562402663,0.09261067708333333,0.0,0.0,0.018005,4.0,0.895,-0.015858482064989705,0.4583280049264431,-0.007607849411821614,3.495614985619492e-06,2.427274183721314e-06,657674.4082500001,1.0,639901.964375,1.12176296559331e-07,10534.864424340336,5760.0,1.0,,42,,,,,,,,
8.94291450000037,0.00460885989984187,0.060262044270833336,0.0,0.0,0.0179575,4.0,0.8925,-0.01280964698526077,0.45500784553587437,-0.00463970605051145,4.260764801718627e-06,8.711343220113577e-07,656651.5265,1.0,639009.289328125,1.12176296559331e-07,10751.917894734512,5760.0,1.0,,43,,,,,,,,
8.902906194000025,0.004701029829448089,0.060465494791666664,0.0,0.0,0.017910000000000002,4.0,0.89,-0.014881310974791026,0.4520912766456604,-0.006785071028086047,2.9417855860932227e-06,8.405028080934093e-07,656084.77475,1.0,641637.1270078125,1.12176296559331e-07,8862.291758912841,5760.0,1.0,,44,,,,,,,,
8.843821491000199,0.00491599390564564,0.058878580729166664,0.0,0.0,0.0178625,4.0,0.8875,-0.011566410316542411,0.4363703317940235,-0.003773450560402125,4.638936928813564e-06,2.483646953284809e-06,661335.6322500001,1.0,641389.8287304688,1.12176296559331e-07,9624.25007063709,5760.0,1.0,,45,,,,,,,,
8.83323775200006,0.003479239579367762,0.032918294270833336,0.0,0.0,0.017815,4.0,0.885,-0.013787488879946371,0.42745973852773506,-0.0061739530744186295,3.320162122122383e-06,2.6543832554182245e-06,663172.7777499999,1.0,644501.4981835937,1.12176296559331e-07,9980.315463515673,5760.0,1.0,,46,,,,,,,,
8.998404726000444,0.004358271602541208,0.057332356770833336,0.0,0.0,0.017767500000000002,4.0,0.8825000000000001,-0.01286967284977436,0.4265706582615773,-0.005291334392192463,2.54583353154203e-06,1.0029705054629783e-06,663351.253,1.0,649066.2179921875,1.12176296559331e-07,8434.475639827888,5760.0,1.0,,47,,,,,,,,
8.970679052000378,0.0038439316000828208,0.0418701171875,0.0,0.0,0.01772,4.0,0.88,-0.011611223764096698,0.416265652825435,-0.004238690851101031,2.3327040281628797e-06,6.9228717478608814e-06,663714.0910000001,1.0,648335.2018398438,1.12176296559331e-07,7566.95803665802,5760.0,1.0,,48,,,,,,,,
8.9412712379999,0.003600639960495755,0.042439778645833336,0.0,0.0,0.0176725,4.0,0.8775,-0.009888086400072401,0.4179593852410714,-0.002502326989391198,2.677780891247039e-06,7.203711736754789e-07,659718.11425,1.0,648934.7120820313,1.12176296559331e-07,7566.727082604478,5760.0,1.0,,49,,,,,,,,
8.920215877000373,0.004850182730782156,0.061197916666666664,0.0,0.0,0.017625000000000002,4.0,0.875,-0.009874563411964724,0.40701809090872604,-0.0027016211145867905,3.4389884978243876e-06,8.148765514211694e-07,665930.13775,1.0,648630.5072890625,1.12176296559331e-07,8934.20455863787,5760.0,1.0,,50,,,,,,,,
9.1195541649995,0.005188844821532257,0.0675048828125,0.0,0.0,0.0175775,4.0,0.8725,-0.011830829714502519,0.4008762501180172,-0.004785613932957252,2.3445166329831104e-06,1.9033364561475234e-06,662690.6945,1.0,650410.6487734376,1.12176296559331e-07,7216.92726545175,5760.0,1.0,,51,,,,,,,,
8.904748307000773,0.00592400681731912,0.0814208984375,0.0,0.0,0.01753,4.0,0.87,-0.011106477623494962,0.4006217035154502,-0.004106469491186242,2.1474229209654063e-06,4.535074121392313e-05,662131.3647500001,1.0,650207.4023320313,1.12176296559331e-07,7410.0585411047205,5760.0,1.0,,52,,,,,,,,
8.798633258999871,0.004270197503501549,0.041788736979166664,0.0,0.0,0.0174825,4.0,0.8674999999999999,-0.009075916061798731,0.39370165082315606,-0.0021964239228206375,1.1259164097054963e-05,4.541482271728607e-06,667867.47825,1.0,650265.25421875,1.12176296559331e-07,6707.537025679615,5760.0,1.0,,53,,,,,,,,
8.97376689199973,0.0035660784851643257,0.033528645833333336,0.0,0.0,0.017435,4.0,0.865,-0.008110783654653156,0.4030339904129505,-0.0010847871890291572,4.946177943073356e-06,8.129805279348071e-07,664574.7745,1.0,651358.376515625,1.12176296559331e-07,7671.237930483229,5760.0,1.0,,54,,,,,,,,
8.98878530300044,0.004833468893290653,0.06949869791666667,0.0,0.0,0.0173875,4.0,0.8625,-0.014085842684532205,0.39169143202404183,-0.007275803596712649,2.01080647125688e-06,5.883874294454472e-07,664516.3345,1.0,651432.5992187499,1.12176296559331e-07,6080.198540952608,5760.0,1.0,,55,,,,,,,,
8.953886012000112,0.005698772477141271,0.073486328125,0.0,0.0,0.01734,4.0,0.86,-0.013893018302042037,0.39356485940515995,-0.007069097793040176,1.7820898783327266e-06,6.311653037253487e-07,667168.9615,1.0,650805.3163164062,1.12176296559331e-07,7321.048121687226,5760.0,1.0,,56,,,,,,,,
8.954375604000234,0.00405547193561991,0.041748046875,0.0,0.0,0.017292500000000002,4.0,0.8575,-0.007531820815832664,0.3967073857784271,-0.0006721574172843248,1.7843653701277162e-06,4.4093065435883244e-07,663838.1255,1.0,652836.0673632813,1.12176296559331e-07,6127.065790059992,5760.0,1.0,,57,,,,,,,,
8.995077311999921,0.005074721569447623,0.0560302734375,0.0,0.0,0.017245,4.0,0.855,-0.01006053899861096,0.3908687314639489,-0.0033204767581385872,2.1053616900227703e-06,5.166830074898598e-07,666077.63725,1.0,651189.3260429688,1.12176296559331e-07,8424.13663234129,5760.0,1.0,,58,,,,,,,,
8.978282390000459,0.005205032442366549,0.07014973958333333,0.0,0.0,0.0171975,4.0,0.8525,-0.0123459428238372,0.3840291736026605,-0.005742055072914809,1.3059859125993019e-06,6.480289981662205e-07,666199.802,1.0,651495.5973906249,1.12176296559331e-07,6540.365429391154,5760.0,1.0,,59,,,,,,,,
8.878839875999802,0.004329779988135367,0.054158528645833336,0.0,0.0,0.017150000000000002,4.0,0.85,-0.012541978527830603,0.37474179329971474,-0.006115628930274397,1.629810373771079e-06,6.173627925913175e-07,666055.73375,1.0,655709.3021093749,1.12176296559331e-07,5417.584460977402,5760.0,1.0,,60,667867.47825,665879.52575,660846.106,70000042,653454.8584,best_of_k,665879.52575,7524.3677487589375
9.089036670000496,0.004680909182449493,0.0504150390625,0.0,0.0,0.0171025,4.0,0.8475,-0.015191187577632567,0.369719543804725,-0.008868454082403332,1.2722797606556924e-06,5.352349644975144e-07,665460.9510000001,1.0,654146.0097539063,1.12176296559331e-07,6825.8109838745095,5760.0,1.0,,61,,,,,,,,
8.94573332500022,0.006303096624227085,0.07792154947916667,0.0,0.0,0.017055,4.0,0.845,-0.0115048905427102,0.3569317509730657,-0.005417739642628779,1.318693894821384e-06,3.757783577640339e-07,668630.4082500001,1.0,655563.5656210937,1.12176296559331e-07,7015.303924151339,5760.0,1.0,,62,,,,,,,,
8.954741411000214,0.004898937200778164,0.0548095703125,0.0,0.0,0.017007500000000002,4.0,0.8425,-0.01207443161304885,0.3501255965481202,-0.00612027680229706,2.0690830631053814e-06,7.986114661425366e-07,664049.6955,1.0,652979.3238007813,1.12176296559331e-07,7222.94650287123,5760.0,1.0,,63,,,,,,,,
8.901594318999742,0.004689522356784437,0.056722005208333336,0.0,0.0,0.01696,4.0,0.84,-0.008034236554522067,0.35313201881945133,-0.002046219752325366,7.897303490267404e-06,6.248527194922341e-07,665000.4185,1.0,654515.8185039063,1.12176296559331e-07,6730.213506344857,5760.0,1.0,,64,,,,,,,,
9.115667966999354,0.003327415368403308,0.031901041666666664,0.0,0.0,0.0169125,4.0,0.8375,-0.012282585778545277,0.352472722530365,-0.006322157025958101,4.2558922714874825e-06,6.81065610426875e-07,665490.3545,1.0,656415.1650390625,1.12176296559331e-07,5741.994363979147,5760.0,1.0,,65,,,,,,,,
9.063333635999697,0.0029778644214578285,0.025960286458333332,0.0,0.0,0.016865,4.0,0.835,-0.00539781826955732,0.3451979588717222,0.0004234085693800201,3.6695147211200188e-06,3.4003552625468575e-07,667176.40625,1.0,656201.2545546875,1.12176296559331e-07,5877.816861217668,5760.0,1.0,,66,,,,,,,,
9.019473457999993,0.004408478135398279,0.046956380208333336,0.0,0.0,0.0168175,4.0,0.8325,-0.007557255196540306,0.3489852709074815,-0.001688607269898057,2.357737345211793e-06,3.5298437358240636e-07,669820.6469999999,1.0,657969.8817617188,1.12176296559331e-07,5848.283813212765,5760.0,1.0,,67,,,,,,,,
9.037647145999472,0.00468344337423332,0.048177083333333336,0.0,0.0,0.01677,4.0,0.83,-0.008430381916696206,0.3476488484690587,-0.0026006304542534053,1.3096151671258365e-06,3.7751038206579324e-07,668106.26,1.0,657921.6282421874,1.12176296559331e-07,5395.779068104323,5760.0,1.0,,68,,,,,,,,
9.132697414000177,0.004398342226825965,0.056640625,0.0,0.0,0.0167225,4.0,0.8275,-0.0009720842645037919,0.33555175674458343,0.004638650027724604,1.8438360989136982e-06,6.920695193220657e-07,668401.9839999999,1.0,658163.0303554689,1.12176296559331e-07,6971.953590720518,5760.0,1.0,,69,,,,,,,,
8.955235401999744,0.0038955384588916786,0.045694986979166664,0.0,0.0,0.016675000000000002,4.0,0.825,-0.004007543136443322,0.3382754921913147,0.001632782902258138,1.5372865765546824e-06,5.284164353488071e-07,669424.69975,1.0,658419.4495859375,1.12176296559331e-07,5885.358343313868,5760.0,1.0,,70,,,,,,,,
8.965401189000659,0.0035729916562559083,0.034464518229166664,0.0,0.0,0.0166275,4.0,0.8225,-0.009739801083924249,0.33014145369331044,-0.004252596670994535,1.1850117213422588e-06,4.207695790015009e-06,667715.40625,1.0,658979.2153945314,1.12176296559331e-07,5031.981888150927,5760.0,1.0,,71,,,,,,,,
9.061039690000143,0.004898997984128073,0.059366861979166664,0.0,0.0,0.01658,4.0,0.8200000000000001,-0.010482859904489791,0.33512358367443085,-0.004928168375045061,1.0730386890145382e-06,3.1000247264027316e-06,666049.5442500002,1.0,656579.4434101563,1.12176296559331e-07,5896.612679479291,5760.0,1.0,,72,,,,,,,,
8.876927511999384,0.0035843881972444556,0.039754231770833336,0.0,0.0,0.016532500000000002,4.0,0.8175,-0.011256302377053847,0.3308313625554244,-0.005787218736562257,1.6059145397188483e-06,4.5029254458484047e-07,669160.6145,1.0,659102.9421835938,1.12176296559331e-07,5096.573893326976,5760.0,1.0,,73,,,,,,,,
9.009774219000064,0.00369840751469989,0.042561848958333336,0.0,0.0,0.016485,4.0,0.815,-0.008941757376305759,0.3334948228051265,-0.0034448099128591516,1.3907242859545477e-06,1.1516710471208096e-06,669773.7775,1.0,659052.01684375,1.12176296559331e-07,5803.946399598576,5760.0,1.0,,74,,,,,,,,
9.10940132199994,0.005385742149276969,0.06868489583333333,0.0,0.0,0.0164375,4.0,0.8125,-0.009874640750543525,0.3289449519167344,-0.004469756328035146,9.237767694495839e-07,4.1116857723011435e-06,668459.0452500001,1.0,660150.2432695313,1.12176296559331e-07,5150.710706666793,5760.0,1.0,,75,,,,,,,,
9.127680321999833,0.003900048223537548,0.037801106770833336,0.0,0.0,0.016390000000000002,4.0,0.81,-0.008962140971561894,0.3216616517553727,-0.0036904559722946337,8.833258367720495e-07,5.226944802908898e-07,669243.62525,1.0,659512.777609375,1.12176296559331e-07,5395.091805773969,5760.0,1.0,,76,,,,,,,,
8.970120117000079,0.004621893747147017,0.054484049479166664,0.0,0.0,0.0163425,4.0,0.8075,-0.01569386476573224,0.31966704564789933,-0.010470447460344682,1.2881504278065374e-06,1.2255039158285779e-06,670945.21475,1.0,660310.0395976562,1.12176296559331e-07,6879.64894488283,5760.0,1.0,,77,,,,,,,,
8.90811729699999,0.004942180018891425,0.07014973958333333,0.0,0.0,0.016295,4.0,0.8049999999999999,-0.010981884067102024,0.31763909322520095,-0.005807641350353758,1.3069008997964222e-06,3.110664840969927e-06,669395.3195,1.0,660370.5650234375,1.12176296559331e-07,4426.7167710204585,5760.0,1.0,,78,,,,,,,,
8.891336627999408,0.005456032318761572,0.06660970052083333,0.0,0.0,0.0162475,4.0,0.8025,-0.00921182621580859,0.3149674280236165,-0.004094887292012572,1.4483560543491574e-06,6.982238343056224e-07,668076.9242499999,1.0,660258.9271054687,1.12176296559331e-07,5199.045566584882,5760.0,1.0,,79,,,,,,,,
8.912038920000668,0.003155648046231363,0.030558268229166668,0.0,0.0,0.0162,4.0,0.8,-0.00877030399957827,0.3101829818139474,-0.0037458370400903127,2.9502962159237236e-06,4.041548088788242e-07,667471.0285,1.0,660110.2539648437,1.12176296559331e-07,5215.464887099185,5760.0,1.0,,80,670945.21475,666931.2147499999,662733.3472500001,70000042,659453.4572416666,best_of_k,666931.2147499999,5122.291893446093
8.960641114000282,0.0041739691369002685,0.0517578125,0.0,0.0,0.0161525,4.0,0.7975,-0.00792938102191935,0.3130440196643273,-0.002873682494585713,2.2596659547957643e-06,1.0376094513967853e-06,668231.857,1.0,660057.5595507813,1.12176296559331e-07,6031.423878941945,5760.0,1.0,,81,,,,,,,,
8.765414489999785,0.004932559706503525,0.0582275390625,0.0,0.0,0.016105,4.0,0.795,-0.009875443861043701,0.3094819324711959,-0.004891764760638277,1.3581333876781325e-06,7.837072969844409e-07,668627.422,1.0,661320.8114453126,1.12176296559331e-07,4957.473676411783,5760.0,1.0,,82,,,,,,,,
8.954929652999454,0.004855090786198464,0.06005859375,0.0,0.0,0.016057500000000002,4.0,0.7925,-0.007100496450827147,0.31209774936238927,-0.002090181806124747,2.0354704020064673e-06,1.9831554004904697e-06,669527.415,1.0,659256.7054335938,1.12176296559331e-07,6047.231794571908,5760.0,1.0,,83,,,,,,,,
9.046512453000105,0.004629902776893384,0.052001953125,0.0,0.0,0.01601,4.0,0.79,-0.005688159304554574,0.30869504374762374,-0.0007586831343360245,1.508857163656785e-06,2.5162056929003047e-05,672301.76,1.0,661301.6478984375,1.12176296559331e-07,4971.28451691895,5760.0,1.0,,84,,,,,,,,
9.092934315000093,0.00443631837212403,0.050537109375,0.0,0.0,0.0159625,4.0,0.7875,-0.008064348624126675,0.3071851059794426,-0.0031814906105864793,8.167664938459515e-07,4.1006017706735065e-05,670171.15675,1.0,660292.1650273438,1.12176296559331e-07,5849.529289920539,5760.0,1.0,,85,,,,,,,,
9.17245678100062,0.003343241357166941,0.038004557291666664,0.0,0.0,0.015915,4.0,0.785,-0.008377865432218337,0.3062605081746976,-0.0035041673691011965,7.968925033926174e-07,7.165302378098204e-07,669642.5792500001,1.0,660329.9675390625,1.12176296559331e-07,4934.287895629936,5760.0,1.0,,86,,,,,,,,
9.040483543999471,0.004903299884366182,0.058064778645833336,0.0,0.0,0.0158675,4.0,0.7825,-0.013713125692447647,0.30449832044541836,-0.008881862081276873,1.4559944834976097e-06,4.3581996915046756e-07,669060.77775,1.0,660340.5343359376,1.12176296559331e-07,6045.001227261496,5760.0,1.0,,87,,,,,,,,
9.00000768100017,0.003381525556809114,0.0367431640625,0.0,0.0,0.01582,4.0,0.78,-0.010221532526581237,0.30347335152328014,-0.005421090851693104,3.3385592175250167e-06,3.462257994376235e-07,671742.21575,1.0,660959.8897265625,1.12176296559331e-07,5929.459997680098,5760.0,1.0,,88,,,,,,,,
8.875472675999845,0.0048031588303274475,0.05126953125,0.0,0.0,0.015772500000000002,4.0,0.7775,-0.007570090752172594,0.3026211205869913,-0.002797594352159649,4.31070066989984e-06,3.2844194149580136e-07,668490.80825,1.0,662160.0499609376,1.12176296559331e-07,4165.398741295778,5760.0,1.0,,89,,,,,,,,
9.027216389999921,0.0038566563040755377,0.039388020833333336,0.0,0.0,0.015725,4.0,0.775,-0.00036101538959580165,0.29858022679885227,0.004333797347499058,2.1533267566079908e-06,2.9088513227767027e-07,670304.50375,1.0,661959.1708320312,1.12176296559331e-07,4380.638641296941,5760.0,1.0,,90,,,,,,,,
8.971376428999974,0.004519317929710572,0.05615234375,0.0,0.0,0.0156775,4.0,0.7725,-0.010446034551326496,0.2994862738996744,-0.005751162942033261,1.9393272125967087e-06,2.620680277232168e-07,669682.2685,1.0,662018.5085625001,1.12176296559331e-07,4304.223751098067,5760.0,1.0,,91,,,,,,,,
8.953978730000017,0.0027804702185676433,0.026692708333333332,0.0,0.0,0.01563,4.0,0.77,-0.007837020617444068,0.2964206946392854,-0.0032042786576009044,1.4629605023704546e-06,3.344506156466309e-07,670422.877,1.0,661571.52034375,1.12176296559331e-07,4713.806607978481,5760.0,1.0,,92,,,,,,,,
8.84506206199967,0.004028536498177952,0.0362548828125,0.0,0.0,0.015582499999999999,4.0,0.7675,-0.011041971622034907,0.3018979908277591,-0.0063378923999456065,1.189097511418898e-06,2.5599827265428604e-07,672005.3165,1.0,664313.168515625,1.12176296559331e-07,4864.888742931824,5760.0,1.0,,93,,,,,,,,
9.022315049999634,0.0030220231031610942,0.0301513671875,0.0,0.0,0.015535,4.0,0.765,-0.005104709436030437,0.3006110582500696,-0.00043499529904996354,1.6210721375623887e-06,2.3336746224345006e-07,672432.7880000001,1.0,663867.1277929688,1.12176296559331e-07,3946.5707274811452,5760.0,1.0,,94,,,,,,,,
8.834066929999608,0.003435396730007293,0.029134114583333332,0.0,0.0,0.015487500000000001,4.0,0.7625,-0.007644342054845765,0.2976001401742299,-0.0030361379419143,7.352407389286479e-06,2.839893908183437e-07,674117.041,1.0,664638.6608671874,1.12176296559331e-07,4824.157916050991,5760.0,1.0,,95,,,,,,,,
9.000274967000223,0.003893314688563502,0.049601236979166664,0.0,0.0,0.01544,4.0,0.76,-0.010076629046428328,0.29951227953036624,-0.005452829422817255,5.356612045185709e-06,2.6816009975523986e-07,673578.12975,1.0,663062.8227890625,1.12176296559331e-07,4759.164415483009,5760.0,1.0,,96,,,,,,,,
9.032462559000123,0.0029442084536033994,0.018717447916666668,0.0,0.0,0.0153925,4.0,0.7575000000000001,-0.0063121181350046145,0.2970491411785285,-0.0017401215736754239,1.859823922719291e-06,2.934596660490267e-07,671082.7537499999,1.0,664113.011453125,1.12176296559331e-07,4347.20327296056,5760.0,1.0,,97,,,,,,,,
8.915480384999682,0.00351491257121476,0.026774088541666668,0.0,0.0,0.015345000000000001,4.0,0.755,-0.0074361261892287684,0.29713768263657886,-0.00287688645767048,2.202247136059062e-06,2.3544597501275652e-07,671103.2265000001,1.0,664424.6300742188,1.12176296559331e-07,4434.226774224899,5760.0,1.0,,98,,,,,,,,
9.03808454800037,0.004811524309237332,0.06201171875,0.0,0.0,0.0152975,4.0,0.7525,-0.005974484956823289,0.299966328466932,-0.0013861003099009395,2.3909362383278676e-06,2.2251384764378676e-07,670548.6854999999,1.0,664234.1607812501,1.12176296559331e-07,4611.483061931496,5760.0,1.0,,99,,,,,,,,
8.950804885999787,0.003989483884652145,0.053059895833333336,0.0,0.0,0.01525,4.0,0.75,-0.006332704069791362,0.2983696001271407,-0.001782798470230773,1.1090239784294909e-06,2.400165980039522e-07,674478.2685,1.0,665014.58978125,1.12176296559331e-07,4667.152191586958,5760.0,1.0,,100,674478.2685,670766.2875,669674.3915,70000042,663413.6620583333,best_of_k,670766.2875,4336.641290724088
8.925171088000752,0.004942833761257741,0.0594482421875,0.0,0.0,0.0152025,4.0,0.7475,-0.008262203996613001,0.300131194293499,-0.003699661319842562,6.831480915773606e-07,2.6747716486141826e-07,673150.995,1.0,664901.6395859375,1.12176296559331e-07,5077.80606508888,5760.0,1.0,,101,,,,,,,,
8.86072421999961,0.003054057262488641,0.028971354166666668,0.0,0.0,0.015155,4.0,0.745,-0.004485715602640994,0.29945715827246505,5.23587999244531e-05,6.525583617171075e-07,2.6834543446578135e-07,672360.966,1.0,666101.2922460937,1.12176296559331e-07,3720.0685204509687,5760.0,1.0,,102,,,,,,,,
8.931566938000287,0.0030056140919138366,0.033935546875,0.0,0.0,0.0151075,4.0,0.7424999999999999,-0.00998193800721007,0.30240483085314435,-0.00541360992550229,9.122242919564391e-07,3.2337661023026004e-07,672663.05225,1.0,665154.5636757812,1.12176296559331e-07,4823.867536138411,5760.0,1.0,,103,,,,,,,,
8.815227424000113,0.0036551132604169347,0.045328776041666664,0.0,0.0,0.01506,4.0,0.74,-0.006188357622401479,0.3026015193512042,-0.0016313680292417605,7.471228720135059e-07,2.2876542142095482e-07,672885.3407500001,1.0,664379.1803242188,1.12176296559331e-07,4623.448209464871,5760.0,1.0,,104,,,,,,,,
8.864360536000277,0.003910741671764602,0.045206705729166664,0.0,0.0,0.015012500000000002,4.0,0.7375,-0.006376650873183583,0.299899368857344,-0.0018746394683451701,7.032396916647107e-07,3.1487387068078004e-07,673570.2390000001,1.0,666297.5606914063,1.12176296559331e-07,4616.164604558893,5760.0,1.0,,105,,,,,,,,
8.788284676999865,0.004545278352452442,0.0482177734375,0.0,0.0,0.014965,4.0,0.735,-0.007076457137979257,0.3042117344836394,-0.002524426963645965,1.871760627381036e-06,6.223576297278063e-07,672729.4435,1.0,663903.3819335938,1.12176296559331e-07,5167.320599754022,5760.0,1.0,,106,,,,,,,,
8.95584283199969,0.002771068347404556,0.025349934895833332,0.0,0.0,0.0149175,4.0,0.7324999999999999,-0.007173051892702158,0.3054032369206349,-0.002617485006339848,1.467632446387294e-06,2.7708092413073854e-07,673673.2817500001,1.0,665390.9963710938,1.12176296559331e-07,4384.434570214548,5760.0,1.0,,107,,,,,,,,
8.87721341500037,0.003711858259824415,0.044718424479166664,0.0,0.0,0.014870000000000001,4.0,0.73,-0.0036916562870222456,0.3026674445718527,0.0008086686138994992,2.1532021960979364e-06,2.488510132773551e-07,673218.86625,1.0,666144.5408203125,1.12176296559331e-07,3801.471287928559,5760.0,1.0,,108,,,,,,,,
8.802110523999545,0.0032657238892473592,0.032958984375,0.0,0.0,0.014822499999999999,4.0,0.7275,-0.004389560373965651,0.30370331183075905,0.00011181130927676956,1.2142403242876298e-06,2.974921150903735e-07,672192.27275,1.0,665941.8668085937,1.12176296559331e-07,4314.221218495381,5760.0,1.0,,109,,,,,,,,
8.81471097299982,0.003654357118648477,0.038248697916666664,0.0,0.0,0.014775,4.0,0.725,-0.009408997653129822,0.30548987661798793,-0.00489599397405982,2.214699228157239e-06,7.749824980270622e-07,673653.0572500001,1.0,666527.6575390626,1.12176296559331e-07,4290.8605070445155,5760.0,1.0,,110,,,,,,,,
8.814175872000305,0.0034518032795555578,0.040771484375,0.0,0.0,0.014727500000000001,4.0,0.7224999999999999,-0.011361452454972701,0.3082386987904708,-0.0068224591862720745,3.5357053154901528e-06,4.783050785069539e-07,673389.9367499999,1.0,665798.9026132813,1.12176296559331e-07,4636.4896218658105,5760.0,1.0,,111,,,,,,,,
8.961761317999844,0.00435878260032041,0.0557861328125,0.0,0.0,0.01468,4.0,0.72,-0.01032263450421548,0.3077092921982209,-0.005805780664862444,1.528482950874377e-06,3.316042211191454e-07,673942.35975,1.0,665163.9124101563,1.12176296559331e-07,4736.452670373221,5760.0,1.0,,112,,,,,,,,
8.71116924099988,0.0040757655491082305,0.04443359375,0.0,0.0,0.014632500000000001,4.0,0.7175,-0.013216504972660914,0.3017587761084239,-0.008801285390897343,1.0780509924757098e-06,3.1461925598108564e-07,674564.8400000001,1.0,667185.230140625,1.12176296559331e-07,3469.9095455093475,5760.0,1.0,,113,,,,,,,,
8.945644327999617,0.004580884390937475,0.062744140625,0.0,0.0,0.014585,4.0,0.7150000000000001,-0.010709663731783317,0.2975375683357318,-0.006370470645682265,1.0852708444512398e-06,5.675677610857596e-07,672173.8065,1.0,665928.9695195312,1.12176296559331e-07,4295.836022789623,5760.0,1.0,,114,,,,,,,,
8.972993384999427,0.003110888576581298,0.031656901041666664,0.0,0.0,0.014537500000000002,4.0,0.7125,-0.009172485520442327,0.2977077898879846,-0.00484516362970074,9.54719393912266e-07,1.0182360679067415e-06,674000.8455000002,1.0,666763.9584531251,1.12176296559331e-07,5462.4811833820195,5760.0,1.0,,115,,,,,,,,
9.081053594000878,0.005025512905073508,0.0753173828125,0.0,0.0,0.014490000000000001,4.0,0.71,-0.009374493403205028,0.2927348744124174,-0.005133108934387565,1.843508370550732e-06,3.1850602599803324e-07,675391.207,1.0,667222.9088671876,1.12176296559331e-07,3958.536090326012,5760.0,1.0,,116,,,,,,,,
8.923359254999923,0.003438629651403365,0.041748046875,0.0,0.0,0.0144425,4.0,0.7075,-0.00651001056151775,0.2908109383036693,-0.002310269143587599,1.1331756706312035e-06,3.6408367935318137e-07,673226.9087500001,1.0,666832.9289570313,1.12176296559331e-07,3895.4919493521743,5760.0,1.0,,117,,,,,,,,
8.937380175000726,0.003040407934652952,0.041341145833333336,0.0,0.0,0.014395000000000002,4.0,0.7050000000000001,-0.00985774494377741,0.29478030155102414,-0.005614719295408577,1.2414491147675715e-06,4.258872963921097e-07,674000.2582500001,1.0,667272.209390625,1.12176296559331e-07,4966.443883155874,5760.0,1.0,,118,,,,,,,,
9.053608369000358,0.0039105320611270145,0.037556966145833336,0.0,0.0,0.014347500000000001,4.0,0.7025,-0.004615869635017589,0.29382373951375484,-0.00040065999686097104,1.3592336654729327e-06,5.796030636181134e-07,674220.526,1.0,666736.5509296875,1.12176296559331e-07,4526.425577826156,5760.0,1.0,,119,,,,,,,,
8.91859918099999,0.0038860371181120477,0.043619791666666664,0.0,0.0,0.0143,4.0,0.7,-0.013943059175896147,0.28824669557313126,-0.009821443090913817,1.048019584596697e-06,4.1320268125607146e-07,674760.625,1.0,666091.7490078125,1.12176296559331e-07,5510.965369753183,5760.0,1.0,,120,675391.207,673885.19325,668603.902,70000042,667350.0971499999,best_of_k,673885.19325,5071.03378164898
8.681166016000134,0.003246703367040027,0.041178385416666664,0.0,0.0,0.014252500000000001,4.0,0.6975,-0.001680460574182992,0.28089257640143234,0.0023225086430708566,1.1001438255201872e-06,6.840884039978808e-07,675201.17025,1.0,667898.1127578125,1.12176296559331e-07,3523.7349615015296,5760.0,1.0,,121,,,,,,,,
8.752856733000044,0.0028073227780017382,0.029093424479166668,0.0,0.0,0.014205,4.0,0.6950000000000001,-0.009570689120058281,0.2769939669718345,-0.0056362196725482745,1.175125227348417e-06,2.2527204427783923e-07,674542.121,1.0,667468.508015625,1.12176296559331e-07,4336.279573207654,5760.0,1.0,,122,,,,,,,,
8.882530886000495,0.0024799852083864002,0.0177001953125,0.0,0.0,0.0141575,4.0,0.6925,-0.0038756485155317932,0.27224324581523734,-2.2241535286108654e-05,6.787633702505976e-06,3.968552624300514e-07,675352.221,1.0,668740.7026132812,1.12176296559331e-07,3782.8016397509787,5760.0,1.0,,123,,,,,,,,
8.619021941000028,0.002833784276541943,0.0377197265625,0.0,0.0,0.014110000000000001,4.0,0.69,-0.005694213092889792,0.27326287670681876,-0.0018401073660546292,3.6356844693348953e-06,2.5409348409037116e-06,675870.1142500001,1.0,668658.0516015624,1.12176296559331e-07,3541.1003975869057,5760.0,1.0,,124,,,,,,,,
8.657897428999604,0.003727655280575467,0.037312825520833336,0.0,0.0,0.0140625,4.0,0.6875,-0.0056298536849984275,0.26937491601953906,-0.0018432432940850656,1.3004701061210728e-06,2.688520257976279e-06,674970.2834999999,1.0,668461.5438554687,1.12176296559331e-07,4050.6281870466164,5760.0,1.0,,125,,,,,,,,
8.66248449900013,0.002313379644571493,0.02001953125,0.0,0.0,0.014015,4.0,0.685,-0.011423535936046392,0.2680842454234759,-0.007666658251158272,6.685773090708835e-07,5.12946721542562e-07,675590.2209999999,1.0,668787.3502656249,1.12176296559331e-07,3617.016553448824,5760.0,1.0,,126,,,,,,,,
8.942199726999206,0.0030597328489723927,0.032958984375,0.0,0.0,0.0139675,4.0,0.6825,-0.00923812661979658,0.2640412375330925,-0.005550341486620407,1.2506033240100578e-06,1.7189217900911066e-07,673918.7675000001,1.0,667865.0270585938,1.12176296559331e-07,3602.6990677513336,5760.0,1.0,,127,,,,,,,,
8.742793624000115,0.003314118046546355,0.035319010416666664,0.0,0.0,0.01392,4.0,0.6799999999999999,-0.001849593279378799,0.2646515757466356,0.001834128372138366,5.998093849749845e-07,3.3478878306662335e-07,674866.64375,1.0,668156.2336445312,1.12176296559331e-07,3593.815026125189,5760.0,1.0,,128,,,,,,,,
8.62374827200074,0.0040373432032841565,0.043863932291666664,0.0,0.0,0.0138725,4.0,0.6775,-0.008955440285111157,0.26291691915442544,-0.005308307901335259,5.124640131507855e-07,2.6291978164986557e-07,677242.578,1.0,668982.5396523438,1.12176296559331e-07,4489.302234743758,5760.0,1.0,,129,,,,,,,,
8.67445163299999,0.00525828086877785,0.06831868489583333,0.0,0.0,0.013825,4.0,0.675,-0.0068997967027826235,0.2592421652128299,-0.003315946708122889,7.073113034531767e-07,2.0428406966033208e-07,675042.5477499999,1.0,668626.3345625,1.12176296559331e-07,3577.5080224728736,5760.0,1.0,,130,,,,,,,,
8.652791294000053,0.004023034094037333,0.050089518229166664,0.0,0.0,0.013777500000000002,4.0,0.6725,-0.0059118298183117686,0.25788244760284823,-0.0023590845230501145,1.2050838945990943e-06,2.1970851686129814e-07,676746.15775,1.0,669539.2650273438,1.12176296559331e-07,3873.5983966612184,5760.0,1.0,,131,,,,,,,,
8.553272823000043,0.003458297115381962,0.038370768229166664,0.0,0.0,0.01373,4.0,0.6699999999999999,-0.008391395730238097,0.2562366519123316,-0.0048736493530062335,1.4193410784457683e-06,4.817445766747142e-07,674336.6434999999,1.0,667804.7914804688,1.12176296559331e-07,4085.048173116079,5760.0,1.0,,132,,,,,,,,
8.617630324999482,0.0035394096145561584,0.041951497395833336,0.0,0.0,0.0136825,4.0,0.6675,-0.009613152195621902,0.2551613093043367,-0.006122465672281881,1.0646196511032713e-06,9.04454533786255e-07,674830.08625,1.0,668496.5159960937,1.12176296559331e-07,3949.242352383784,5760.0,1.0,,133,,,,,,,,
8.73610578500029,0.0030508176763153947,0.035441080729166664,0.0,0.0,0.013635000000000001,4.0,0.665,-0.004412982738964881,0.25628099869936705,-0.0009193495595051596,4.075926324749919e-06,7.008119660885844e-07,674437.683,1.0,668949.630859375,1.12176296559331e-07,3662.5336575072342,5760.0,1.0,,134,,,,,,,,
8.681111783000233,0.002501097177931418,0.014404296875,0.0,0.0,0.013587499999999999,4.0,0.6625,-0.0037882550047167265,0.25509508543958265,-0.000322625875317802,3.271327213856997e-06,2.969326908797143e-07,676246.8445,1.0,668757.3718398437,1.12176296559331e-07,4635.308071179473,5760.0,1.0,,135,,,,,,,,
8.64870599599999,0.003398531914475219,0.038655598958333336,0.0,0.0,0.01354,4.0,0.6599999999999999,-0.004639460254111327,0.2537337572624286,-0.0012041507676864664,1.3197313499802021e-06,2.2712025415927428e-07,675452.16875,1.0,668590.6928476563,1.12176296559331e-07,4131.245589087931,5760.0,1.0,,136,,,,,,,,
8.57407396600047,0.0046670913604126936,0.056722005208333336,0.0,0.0,0.013492500000000001,4.0,0.6575,-0.006737603631336242,0.25182441901415586,-0.0033406926280198,4.752580021379534e-07,1.5662654491895485e-06,676073.8635,1.0,668554.60003125,1.12176296559331e-07,3466.7084268836134,5760.0,1.0,,137,,,,,,,,
8.760966116999953,0.0035956548987693773,0.0421142578125,0.0,0.0,0.013445000000000002,4.0,0.655,-0.0006518892575210581,0.2531932294368744,0.002750661214425539,5.116016890127639e-07,3.163768710715923e-06,675618.98025,1.0,669433.546234375,1.12176296559331e-07,4346.602372138237,5760.0,1.0,,138,,,,,,,,
8.740770352999789,0.0037287987822007076,0.0406494140625,0.0,0.0,0.013397500000000001,4.0,0.6525000000000001,-0.00535387405155537,0.2538330213477214,-0.0019537977253397307,5.328574286996476e-07,1.1967244161562955e-06,674931.56175,1.0,668940.47746875,1.12176296559331e-07,4167.500481090915,5760.0,1.0,,139,,,,,,,,
8.684908565999649,0.0032068125656223856,0.033203125,0.0,0.0,0.01335,4.0,0.65,-0.0036872180159358927,0.2517806887626648,-0.0003261303451533119,5.579797637267347e-07,2.5778151524491477e-07,676273.02425,1.0,670336.6325820312,1.12176296559331e-07,3571.609129675088,5760.0,1.0,,140,677242.578,675064.524,666329.6895,70000042,669765.8091083334,best_of_k,675064.524,3464.8114750538343
8.813438569999562,0.0031187397762550972,0.0360107421875,0.0,0.0,0.013302500000000002,4.0,0.6475,-0.004172223852947354,0.24901564791798592,-0.0008598906279075891,6.107542578348557e-07,2.7296857485481496e-07,677177.5692500001,1.0,669977.6272617187,1.12176296559331e-07,4161.224360456721,5760.0,1.0,,141,,,,,,,,
8.643732763000116,0.0032376528761233203,0.034220377604166664,0.0,0.0,0.013255000000000001,4.0,0.645,-0.002887472049527181,0.24789587780833244,0.0003980893719320496,8.269232996127585e-07,4.312085420584329e-07,676387.9715,1.0,669886.6502656251,1.12176296559331e-07,3830.762461146108,5760.0,1.0,,142,,,,,,,,
8.770995490000132,0.00327703993874214,0.036946614583333336,0.0,0.0,0.0132075,4.0,0.6425000000000001,-0.00453456522761068,0.2459131351982554,-0.001287477546914791,4.562040443190085e-07,1.5295314919801701e-06,676013.6742499999,1.0,670586.2468554687,1.12176296559331e-07,3396.878617256,5760.0,1.0,,143,,,,,,,,
8.639503401999718,0.002227256200664366,0.020345052083333332,0.0,0.0,0.013160000000000002,4.0,0.64,-0.002966123286266035,0.24685680804153284,0.0002821322705131024,4.164741636003555e-07,6.761254476295164e-07,676801.6954999999,1.0,670331.5894101562,1.12176296559331e-07,2881.450240561773,5760.0,1.0,,144,,,,,,,,
8.65890319800019,0.0038024074553201594,0.045084635416666664,0.0,0.0,0.013112500000000001,4.0,0.6375,-0.008286635973490775,0.2461588867008686,-0.005059001356130466,5.428002089284215e-07,1.4025088083495044e-07,677368.31625,1.0,670145.3641523437,1.12176296559331e-07,4034.900289750617,5760.0,1.0,,145,,,,,,,,
8.657782274000056,0.0030409698398822607,0.034220377604166664,0.0,0.0,0.013065,4.0,0.635,-0.00750703861801109,0.24666233081370592,-0.004284759459551424,8.697932039799147e-07,5.537586484175941e-07,676610.3479999999,1.0,669721.9018554688,1.12176296559331e-07,3697.5424703998615,5760.0,1.0,,146,,,,,,,,
8.649263174000225,0.003711499070050195,0.0489501953125,0.0,0.0,0.013017500000000001,4.0,0.6325000000000001,-0.007192805962404236,0.24351121112704277,-0.004023273262040068,4.4355510967856543e-07,6.598892401399326e-07,675647.1115000001,1.0,669834.1049609374,1.12176296559331e-07,4115.928068009085,5760.0,1.0,,147,,,,,,,,
8.617453945000307,0.003663414861269606,0.041056315104166664,0.0,0.0,0.01297,4.0,0.63,-0.005321444162594465,0.2408742861201366,-0.0021988512695922204,2.3986517874163837e-06,2.6127931137172786e-06,677532.17925,1.0,669932.9715039062,1.12176296559331e-07,3820.1730081655282,5760.0,1.0,,148,,,,,,,,
8.723745272000087,0.004124208576589202,0.055704752604166664,0.0,0.0,0.0129225,4.0,0.6275,-0.0038277210551314056,0.24094392731785774,-0.0007143100762429336,7.092713000626342e-07,2.3217158329202903e-07,676089.4695,1.0,669366.8520585938,1.12176296559331e-07,3912.7974045864235,5760.0,1.0,,149,,,,,,,,
8.644532403000085,0.004355883480457123,0.0545654296875,0.0,0.0,0.012875000000000001,4.0,0.625,-0.009533478412777185,0.24109718451897302,-0.006429547870842119,6.922641704321109e-07,2.521730122495569e-07,677747.5939999999,1.0,669909.1277968751,1.12176296559331e-07,3890.467652660641,5760.0,1.0,,150,,,,,,,,
8.643444659000124,0.0026659343833064972,0.01904296875,0.0,0.0,0.0128275,4.0,0.6225,-0.004290468602751692,0.24176475716133913,-0.0011893803797041376,3.794582248417555e-07,2.2239130093026915e-07,676866.2130000001,1.0,670653.967640625,1.12176296559331e-07,3383.1081553889467,5760.0,1.0,,151,,,,,,,,
8.69187707600031,0.002166983062731257,0.020955403645833332,0.0,0.0,0.01278,4.0,0.62,-0.005002131224803937,0.23958091841389736,-0.0019404083335151274,3.890093743426822e-07,1.6451520338615447e-07,676471.9469999999,1.0,671178.4225742187,1.12176296559331e-07,3179.100082464647,5760.0,1.0,,152,,,,,,,,
8.814145751999604,0.002301273818981523,0.019856770833333332,0.0,0.0,0.0127325,4.0,0.6174999999999999,-0.0023551922640763223,0.24055903063466152,0.0007074955695619186,5.335158057562239e-07,3.5331993183026117e-07,676114.9309999999,1.0,670243.5739101563,1.12176296559331e-07,3499.0001400455126,5760.0,1.0,,153,,,,,,,,
8.856916976999855,0.004880889367389803,0.07462565104166667,0.0,0.0,0.012685,4.0,0.615,-0.003899864163637782,0.23303487027684847,-0.000944064580835402,8.55356787769305e-07,3.240302544800973e-07,676533.2100000001,1.0,671219.9780351564,1.12176296559331e-07,3468.3752873188423,5760.0,1.0,,154,,,,,,,,
8.598214112999813,0.002548198203536837,0.016438802083333332,0.0,0.0,0.0126375,4.0,0.6125,-0.0042990428434374435,0.23388407099992037,-0.0013435515187059839,9.90755358643014e-07,2.3860639479048967e-07,676866.04875,1.0,670221.085109375,1.12176296559331e-07,3831.77113066771,5760.0,1.0,,155,,,,,,,,
8.745255683999858,0.003452058238811636,0.0325927734375,0.0,0.0,0.01259,4.0,0.61,-0.004632207623217255,0.23179405834525824,-0.0017142279151206214,2.1222274929992104e-06,1.8994610610315968e-07,676784.0904999999,1.0,671139.7811132813,1.12176296559331e-07,3251.2870012836274,5760.0,1.0,,156,,,,,,,,
8.631011327000124,0.0028721617030290267,0.024373372395833332,0.0,0.0,0.012542500000000002,4.0,0.6074999999999999,-0.004436071632274737,0.23365409517039856,-0.001505749300122261,1.594953243255759e-06,2.483686197448283e-07,676458.8115,1.0,671467.056984375,1.12176296559331e-07,2753.25913429219,5760.0,1.0,,157,,,,,,,,
8.69760157699966,0.0018918157923811425,0.01806640625,0.0,0.0,0.012495,4.0,0.605,-0.00219596082267041,0.23415289570887884,0.0007295517522531251,1.1268662844325188e-06,2.3101960374323957e-07,677036.408,1.0,670512.2861328125,1.12176296559331e-07,3613.821801418768,5760.0,1.0,,158,,,,,,,,
8.637745125999572,0.002599493275435331,0.027872721354166668,0.0,0.0,0.0124475,4.0,0.6025,-0.003107708898217728,0.23199119791388512,-0.00022028892999514937,7.131659867098961e-07,4.3790531467635674e-07,676049.8615,1.0,670556.880875,1.12176296559331e-07,3685.5886591972653,5760.0,1.0,,159,,,,,,,,
8.786618588999772,0.0029955367960307435,0.034383138020833336,0.0,0.0,0.012400000000000001,4.0,0.6,-0.002406701765721664,0.22993541012207666,0.0004442591452971101,1.5100508612420072e-06,1.7533967359521321e-07,676094.1682500001,1.0,671077.3119492189,1.12176296559331e-07,3118.8080119813635,5760.0,1.0,,160,677747.5939999999,675183.5947499999,671296.582,70000042,670132.2563166667,best_of_k,675183.5947499999,3673.4045736140883
8.720106684999337,0.003254609003003376,0.037434895833333336,0.0,0.0,0.012352499999999999,4.0,0.5974999999999999,-0.008617081766715273,0.2280832203105092,-0.0058003051187066985,5.256079829744446e-06,1.9168717665015342e-07,676108.03025,1.0,670278.8936835937,1.12176296559331e-07,3486.5968131971567,5760.0,1.0,,161,,,,,,,,
8.688669885999843,0.0023120830834765607,0.023030598958333332,0.0,0.0,0.012305,4.0,0.595,-0.00654606116101301,0.22876204860707125,-0.003731449464491258,2.2003898673498648e-06,1.7020047460292176e-07,676088.98325,1.0,671585.1611015626,1.12176296559331e-07,3071.0867138109375,5760.0,1.0,,162,,,,,,,,
8.776866823999626,0.004155254583262528,0.0523681640625,0.0,0.0,0.012257500000000001,4.0,0.5925,-0.00395896101448064,0.22832179938753447,-0.0011604533647187054,6.520217000390479e-07,1.633027480648271e-07,678263.654,1.0,671265.6600078125,1.12176296559331e-07,2816.950989438616,5760.0,1.0,,163,,,,,,,,
8.638401320000412,0.0032060748538545645,0.035888671875,0.0,0.0,0.012210000000000002,4.0,0.5900000000000001,-0.00473578748642467,0.22575057794650397,-0.001979741675313562,5.858995744863668e-07,6.200276524796303e-07,677345.1305,1.0,671757.8766796875,1.12176296559331e-07,2901.2760174071936,5760.0,1.0,,164,,,,,,,,
8.65439077299925,0.0033036462579426975,0.029052734375,0.0,0.0,0.012162500000000001,4.0,0.5875,-0.0034785307604276263,0.22250131579736868,-0.0007724944734945893,7.307710395328589e-07,1.260257936526917e-07,677535.13925,1.0,671945.5154335938,1.12176296559331e-07,2840.026555368476,5760.0,1.0,,165,,,,,,,,
8.690831582999635,0.0032348162373333858,0.03857421875,0.0,0.0,0.012115,4.0,0.585,-0.0008796102677782377,0.22645691720147929,0.0018624209721262257,5.184822372920431e-07,2.8845350527421467e-06,676436.8912500001,1.0,671467.4395351561,1.12176296559331e-07,3484.934825119349,5760.0,1.0,,166,,,,,,,,
8.790935348999483,0.0024759935792341516,0.0211181640625,0.0,0.0,0.0120675,4.0,0.5825,-0.0019979417775175534,0.22794908564537764,0.0005410646457069864,4.489363162700026e-07,0.00042344899357734295,677350.7745,1.0,671985.6607734375,1.12176296559331e-07,2752.075130530359,5760.0,1.0,,167,,,,,,,,
8.67758771499939,0.0024325013291672803,0.024210611979166668,0.0,0.0,0.012020000000000001,4.0,0.5800000000000001,-0.005248283031202543,0.22683047130703926,-0.0025257736851926893,5.817999841895016e-07,7.86883944314809e-06,677910.2747499999,1.0,670718.6154921874,1.12176296559331e-07,5338.801697076587,5760.0,1.0,,168,,,,,,,,
8.858308548999958,0.0026634284319394888,0.0364990234375,0.0,0.0,0.0119725,4.0,0.5775,-0.0023764874931657687,0.2277499639118711,0.0003498002188280225,6.634718504964591e-07,7.651854060005311e-07,676465.88725,1.0,671487.7139882813,1.12176296559331e-07,2888.450824022539,5760.0,1.0,,169,,,,,,,,
8.712542747000043,0.002328643371583894,0.021036783854166668,0.0,0.0,0.011925000000000002,4.0,0.575,-0.001728548663474309,0.2255774928877751,0.0009611190762370825,1.0157606702421162e-06,4.844414955111157e-07,676124.30575,1.0,670983.7749296875,1.12176296559331e-07,4041.733375180301,5760.0,1.0,,170,,,,,,,,
8.963469723999879,0.0028611793338010707,0.030924479166666668,0.0,0.0,0.011877500000000001,4.0,0.5725,-0.005437857490809013,0.219535862095654,-0.0028305349308842174,4.954635620298594e-07,3.304239371004769e-07,675883.08825,1.0,670659.4335898437,1.12176296559331e-07,3456.6878756388464,5760.0,1.0,,171,,,,,,,,
8.824967753000237,0.0018302299965095397,0.021687825520833332,0.0,0.0,0.01183,4.0,0.5700000000000001,-0.004559765079951224,0.22336760194351277,-0.0019175175887842972,5.662451932527309e-07,2.6905922319760595e-07,676649.8759999999,1.0,671635.0348789063,1.12176296559331e-07,2911.3951388392616,5760.0,1.0,,172,,,,,,,,
9.01085713700013,0.003924110210694683,0.0467529296875,0.0,0.0,0.011782500000000001,4.0,0.5675,-0.006082792121257323,0.22263220511376858,-0.0034597961445494243,3.3365570809943773e-07,2.6902933036865306e-07,677068.7984999999,1.0,671508.2480585937,1.12176296559331e-07,3558.3466065355747,5760.0,1.0,,173,,,,,,,,
9.096070486999452,0.0025598996920355908,0.029703776041666668,0.0,0.0,0.011735,4.0,0.565,-0.005304458226116064,0.22546412019679943,-0.0026588081382215023,5.434978055755361e-07,2.3368189872030598e-07,677011.035,1.0,671217.4819765624,1.12176296559331e-07,3973.6785365368496,5760.0,1.0,,174,,,,,,,,
8.809727522000685,0.0024892712729827813,0.0281982421875,0.0,0.0,0.0116875,4.0,0.5625,-0.008891057557775639,0.22524494274208942,-0.006258654029807076,2.9935730871955e-07,2.336755740017793e-07,676979.66625,1.0,671413.6756328125,1.12176296559331e-07,3117.1387110078945,5760.0,1.0,,175,,,,,,,,
8.879898114999378,0.001488216410507448,0.012003580729166666,0.0,0.0,0.011640000000000001,4.0,0.56,-0.00887253211112693,0.2282864454512795,-0.006215388129930943,2.2664654745578142e-07,1.7412395051745003e-07,677433.1535,1.0,671973.0184453125,1.12176296559331e-07,2777.3590728048157,5760.0,1.0,,176,,,,,,,,
8.947471039999982,0.002931359311332926,0.032552083333333336,0.0,0.0,0.0115925,4.0,0.5575,-0.003504159913669961,0.23021939831475416,-0.0008354904712177813,4.948549519786146e-07,1.9820324522375662e-07,676449.2005,1.0,671216.5692578126,1.12176296559331e-07,3098.2148325509343,5760.0,1.0,,177,,,,,,,,
8.99479009300012,0.0016591094051060888,0.012369791666666666,0.0,0.0,0.011545,4.0,0.5549999999999999,-0.008734681439818814,0.22981180685261884,-0.006081681009770061,8.787289935696663e-07,1.7642363392411653e-07,676425.05025,1.0,671998.4423554688,1.12176296559331e-07,2615.2301181872594,5760.0,1.0,,178,,,,,,,,
8.898080667000613,0.0030452180459784963,0.033284505208333336,0.0,0.0,0.0114975,4.0,0.5525,-0.008950146972589815,0.22567739275594553,-0.006355562111518036,4.898914246117178e-07,1.847524779089819e-07,677426.8047500001,1.0,671816.1635859375,1.12176296559331e-07,2611.051698200219,5760.0,1.0,,179,,,,,,,,
8.890651869000067,0.002584799333514335,0.027994791666666668,0.0,0.0,0.01145,4.0,0.55,-0.00813146026727433,0.22537296917289495,-0.005551060947861212,3.784736935704321e-07,1.6565249912522026e-07,676836.6744999998,1.0,671452.9066289063,1.12176296559331e-07,3092.8846085493433,5760.0,1.0,,180,678263.654,675585.2284999999,670387.2022500001,70000042,670664.6398333334,best_of_k,675585.2284999999,3683.3946151536134
8.876093289999517,0.0026612357493528784,0.029947916666666668,0.0,0.0,0.011402500000000001,4.0,0.5475,-0.00391365109438387,0.22057799467196068,-0.001398642857869466,5.152692832410821e-07,1.62175974871559e-07,677633.321,1.0,672343.0826953126,1.12176296559331e-07,2395.779854280141,5760.0,1.0,,181,,,,,,,,
8.9241284740001,0.0027656336751533672,0.033284505208333336,0.0,0.0,0.011355,4.0,0.5449999999999999,-0.003933165792356401,0.2222773302346468,-0.0014093435505249847,5.074084326039952e-07,1.7208621846028413e-07,677362.1445,1.0,671764.4894960937,1.12176296559331e-07,2856.9192817162184,5760.0,1.0,,182,,,,,,,,
8.886256203999437,0.003566615572102213,0.053181966145833336,0.0,0.0,0.0113075,4.0,0.5425,-0.00010240132784626137,0.2217342130218943,0.002404727468577524,4.5768600228276074e-07,1.7068000079945023e-07,677572.79225,1.0,671761.4028085938,1.12176296559331e-07,3332.8072213966884,5760.0,1.0,,183,,,,,,,,
8.879428388000633,0.002419665938456698,0.023152669270833332,0.0,0.0,0.011260000000000001,4.0,0.54,-0.004654753759192924,0.22271246742457151,-0.0021471474998785802,6.437053684156998e-07,1.4328513397998677e-07,676986.1852499999,1.0,672015.8003359375,1.12176296559331e-07,2892.1578535985395,5760.0,1.0,,184,,,,,,,,
8.945977164999931,0.002756353899409684,0.0260009765625,0.0,0.0,0.0112125,4.0,0.5375,-0.0019042111622790496,0.22034368757158518,0.0005662220258576175,1.0508045592179844e-06,1.3008194314304924e-07,677764.6885,1.0,672966.3454648437,1.12176296559331e-07,2490.1434747198223,5760.0,1.0,,185,,,,,,,,
8.865980399999899,0.002936438909576585,0.03564453125,0.0,0.0,0.011165,4.0,0.5349999999999999,-0.005794356024125591,0.22219309086600939,-0.003313732158858329,9.402052389972937e-07,1.364586306173976e-07,677601.7385,1.0,672577.590484375,1.12176296559331e-07,3148.0145340294634,5760.0,1.0,,186,,,,,,,,
9.168333440999959,0.0027698268580328054,0.023030598958333332,0.0,0.0,0.0111175,4.0,0.5325,-0.0019313410836427163,0.22035184471557537,0.0005182042174662153,1.418065133762525e-06,1.4891317971314302e-07,676618.9005,1.0,672032.3350703126,1.12176296559331e-07,2891.043565524459,5760.0,1.0,,187,,,,,,,,
9.023545913000817,0.0020258646521445676,0.018473307291666668,0.0,0.0,0.011070000000000002,4.0,0.53,-0.004868009156780317,0.2205321922277411,-0.002426926880919685,1.3240540646108911e-06,1.523853342770091e-07,678121.6740000001,1.0,672112.1700117188,1.12176296559331e-07,3278.8782222162245,5760.0,1.0,,188,,,,,,,,
9.050850853999691,0.0024554235036096848,0.0194091796875,0.0,0.0,0.011022500000000001,4.0,0.5275000000000001,-0.005634670446549232,0.21831546040872732,-0.003228686390987908,3.2061542955356495e-06,1.5505790103749936e-07,677293.2332499999,1.0,672067.7133242188,1.12176296559331e-07,3221.5492093353228,5760.0,1.0,,189,,,,,,,,
8.890493077999963,0.003019892751278045,0.030802408854166668,0.0,0.0,0.010975,4.0,0.525,-0.005537799705052748,0.2159021475041906,-0.00316843877468879,8.942035645276292e-07,1.5193097683644888e-07,677445.51825,1.0,672411.4739999999,1.12176296559331e-07,3126.8038144747698,5760.0,1.0,,190,,,,,,,,
8.95011101199998,0.002379633515374735,0.024576822916666668,0.0,0.0,0.010927500000000001,4.0,0.5225,-0.009143418181338347,0.21647959916541973,-0.006777960166800767,6.157691500400612e-07,1.2318367600035648e-07,677806.36825,1.0,672917.686453125,1.12176296559331e-07,2835.5116100948144,5760.0,1.0,,191,,,,,,,,
8.990426934000425,0.004171370067827714,0.061442057291666664,0.0,0.0,0.01088,4.0,0.52,-0.01022885941589872,0.21459649689495564,-0.00789418506125609,7.654899913944746e-07,1.1824234539640581e-07,676766.1212500001,1.0,672845.0803203125,1.12176296559331e-07,2655.9208499673596,5760.0,1.0,,192,,,,,,,,
8.935601299000155,0.003133113971368099,0.035115559895833336,0.0,0.0,0.0108325,4.0,0.5175000000000001,-0.0072443019089405425,0.2155968059475223,-0.004908983362838626,7.713701529373415e-07,1.1325494601403345e-07,676740.37975,1.0,672530.6245625,1.12176296559331e-07,2614.662045798983,5760.0,1.0,,193,,,,,,,,
8.933683956000095,0.0029567179105166965,0.033162434895833336,0.0,0.0,0.010785000000000001,4.0,0.515,-0.005299835077797373,0.21731354823956886,-0.0029564183205366135,2.5074423029754675e-06,1.1799373256238255e-07,678036.612,1.0,672471.5618085938,1.12176296559331e-07,2732.5409180647243,5760.0,1.0,,194,,,,,,,,
8.906692657999884,0.0026923468055125945,0.022420247395833332,0.0,0.0,0.0107375,4.0,0.5125,-0.005686459160642698,0.2157745494817694,-0.0033697196922730654,5.63129196310778e-07,1.6748686437750848e-07,677164.3802499999,1.0,672425.5545664062,1.12176296559331e-07,3264.83368655007,5760.0,1.0,,195,,,,,,,,
8.90411173999928,0.002340963197639212,0.027099609375,0.0,0.0,0.010690000000000002,4.0,0.51,0.0007056713269169753,0.21510631497949362,0.0030050272277245917,5.849672236972007e-07,1.4428058806951563e-07,677408.799,1.0,672773.0027421876,1.12176296559331e-07,3066.9469353669383,5760.0,1.0,,196,,,,,,,,
8.794879257000503,0.0025774286696105264,0.028767903645833332,0.0,0.0,0.010642500000000001,4.0,0.5075000000000001,-0.0040971643999606995,0.2115950913478931,-0.0018453439891648789,2.112580750335269e-07,1.1783284303845676e-07,678198.72975,1.0,673027.0998789063,1.12176296559331e-07,2655.3807443134824,5760.0,1.0,,197,,,,,,,,
8.78577476099963,0.002468329750020833,0.025065104166666668,0.0,0.0,0.010595,4.0,0.505,-0.0076032149663660675,0.20882247388362885,-0.005390841552677254,5.515862691041207e-07,9.19967672411796e-08,679137.416,1.0,672856.0266367188,1.12176296559331e-07,2728.4402878210826,5760.0,1.0,,198,,,,,,,,
8.90967050799918,0.0031258992336612814,0.034708658854166664,0.0,0.0,0.010547500000000001,4.0,0.5025,-0.00350056789223648,0.20732785513003668,-0.0013138753517220418,3.281306189724849e-07,1.3165199315897288e-07,677838.1562499999,1.0,672661.1443867187,1.12176296559331e-07,2765.8456760868776,5760.0,1.0,,199,,,,,,,,
8.906313641999077,0.0018560171035157207,0.016520182291666668,0.0,0.0,0.0105,4.0,0.5,-0.002498752330817903,0.2090012583260735,-0.00030432008982946474,2.6238505072366064e-07,1.0967083952095891e-07,677449.30775,1.0,673077.8315312499,1.12176296559331e-07,2429.7973737899238,5760.0,1.0,,200,679137.416,676768.71725,676993.23,70000042,672826.0773083332,best_of_k,676768.71725,2937.6387371699257
8.92771771200023,0.00215238146968962,0.014892578125,0.0,0.0,0.010452500000000002,4.0,0.49750000000000005,-0.0006470974476542324,0.21286461843798557,0.0015776951525670786,1.008389849547579e-06,1.4874080086120975e-07,677956.1745,1.0,672306.5018203125,1.12176296559331e-07,3119.735924564202,5760.0,1.0,,201,,,,,,,,
9.061549956000817,0.002967492097620076,0.032063802083333336,0.0,0.0,0.010405000000000001,4.0,0.495,-0.0028565936809172854,0.21065194035569826,-0.0006649171797713885,9.700796355834502e-07,1.2019896174682762e-07,677883.21825,1.0,672787.6567265624,1.12176296559331e-07,3009.3791331475177,5760.0,1.0,,202,,,,,,,,
8.951505663000717,0.0016255448111526978,0.009928385416666666,0.0,0.0,0.010357500000000002,4.0,0.49250000000000005,0.0011616635529207997,0.21187875357766947,0.003356097227272888,4.6699350164658426e-07,1.081439865065666e-07,678247.306,1.0,673083.7919453125,1.12176296559331e-07,2406.2502686615385,5760.0,1.0,,203,,,,,,,,
8.869631891000608,0.002073030986745531,0.020304361979166668,0.0,0.0,0.01031,4.0,0.49,-0.005214056713157333,0.208843563683331,-0.0030609847550901272,3.9126072248762966e-07,1.314842270616623e-07,677303.087,1.0,672979.2714257813,1.12176296559331e-07,2236.119062854725,5760.0,1.0,,204,,,,,,,,
8.893168655999034,0.0019716270253411494,0.020833333333333332,0.0,0.0,0.0102625,4.0,0.48750000000000004,-0.004826522306151067,0.20788704448690018,-0.00269317669638743,4.639084944339326e-07,9.788795004202673e-08,677942.463,1.0,673135.7332226563,1.12176296559331e-07,2383.0163090134497,5760.0,1.0,,205,,,,,,,,
9.015875703000347,0.0031242090820645294,0.033203125,0.0,0.0,0.010215,4.0,0.485,-0.002786999585320397,0.20435176510363817,-0.0006996152806095779,2.0668721104991997e-07,9.631533333849991e-08,677731.3835,1.0,673315.4975976562,1.12176296559331e-07,2585.6958735017147,5760.0,1.0,,206,,,,,,,,
9.07985625100082,0.00223584296812381,0.017252604166666668,0.0,0.0,0.010167500000000001,4.0,0.48250000000000004,-0.00476334517346307,0.20069594215601683,-0.0027228588393578925,3.8111051085347e-07,1.0337789276467409e-07,677724.98575,1.0,672990.2530273437,1.12176296559331e-07,2820.3181050424337,5760.0,1.0,,207,,,,,,,,
8.92778741499933,0.0034053738030100553,0.038777669270833336,0.0,0.0,0.01012,4.0,0.48,-0.0005795083707198501,0.20282319001853466,0.00147298271379744,3.1899389648278503e-07,9.619254578060084e-08,677384.5862499999,1.0,672644.7405,1.12176296559331e-07,3091.3054483358587,5760.0,1.0,,208,,,,,,,,
8.713844300000346,0.001690215203173769,0.01220703125,0.0,0.0,0.010072500000000002,4.0,0.47750000000000004,-0.0061415762611432,0.20423192158341408,-0.0040845334297046065,3.5685916266459117e-07,9.512381445494118e-08,677352.7050000001,1.0,673422.94628125,1.12176296559331e-07,2944.208654650947,5760.0,1.0,,209,,,,,,,,
8.706518872999368,0.0017486167028740358,0.0150146484375,0.0,0.0,0.010025000000000001,4.0,0.475,-0.004095002945784169,0.20196176103005806,-0.002070470383235564,7.278501075920948e-07,1.210838872130656e-07,677986.5085,1.0,673612.7601875,1.12176296559331e-07,2908.7793765633915,5760.0,1.0,,210,,,,,,,,
8.764362791000167,0.0023065166678861715,0.019124348958333332,0.0,0.0,0.009977500000000002,4.0,0.47250000000000003,-0.006936736659554299,0.20241658203303814,-0.0049171979577901466,2.2841748226198888e-07,9.975385599029589e-08,677169.80625,1.0,672808.1346093749,1.12176296559331e-07,2127.4931445827146,5760.0,1.0,,211,,,,,,,,
8.809959677000734,0.0020741775612502047,0.018310546875,0.0,0.0,0.00993,4.0,0.47,-0.0008226107165683061,0.20196343151231608,0.0011827864994605382,4.458028580363778e-07,1.1024802730001208e-07,678408.1904999999,1.0,673449.8139414062,1.12176296559331e-07,3031.0323136684165,5760.0,1.0,,212,,,,,,,,
8.885124397000254,0.0026012077360064723,0.023763020833333332,0.0,0.0,0.0098825,4.0,0.4675,-0.01034753492664701,0.2002933109179139,-0.00836823288894569,3.8796666294397636e-07,1.1452775527942549e-07,677212.3495000001,1.0,673556.5177421875,1.12176296559331e-07,2783.604158687094,5760.0,1.0,,213,,,,,,,,
8.922504333999314,0.0027395501965656877,0.030965169270833332,0.0,0.0,0.009835,4.0,0.46499999999999997,-0.0031521178364831335,0.19885411020368338,-0.001196582258368532,1.4561265428980619e-06,9.856005789288247e-08,677910.6664999999,1.0,673527.97884375,1.12176296559331e-07,3034.629436147327,5760.0,1.0,,214,,,,,,,,
8.719784795999658,0.003044529708859045,0.041259765625,0.0,0.0,0.009787500000000001,4.0,0.4625,-0.004512695520437167,0.20045673350493112,-0.0025508082665813467,2.3576639766413146e-07,1.1886312497229785e-07,678350.5485,1.0,673164.2666992187,1.12176296559331e-07,3302.562977072295,5760.0,1.0,,215,,,,,,,,
8.763993528000356,0.0030065203027334064,0.041178385416666664,0.0,0.0,0.00974,4.0,0.45999999999999996,-0.006098750922925926,0.2021607036391894,-0.004129850839187081,9.695640462344575e-07,9.542244668499696e-08,678148.9365,1.0,673073.9833359375,1.12176296559331e-07,2926.61549483674,5760.0,1.0,,216,,,,,,,,
8.818262655999206,0.0017103829716991943,0.017862955729166668,0.0,0.0,0.009692500000000001,4.0,0.4575,-0.003832495531241875,0.20137596999605498,-0.00188074973023807,5.180189999916726e-07,7.782903654884876e-08,677707.55275,1.0,674249.5669296875,1.12176296559331e-07,2110.539878493313,5760.0,1.0,,217,,,,,,,,
8.832391269001164,0.002696152233208219,0.029988606770833332,0.0,0.0,0.009644999999999999,4.0,0.45499999999999996,-0.0034729399618906123,0.19895402435213327,-0.0015541125709811847,3.562954734211606e-07,9.728178795853637e-08,678214.3975000001,1.0,673820.2171250001,1.12176296559331e-07,2708.8797347976874,5760.0,1.0,,218,,,,,,,,
8.800555915000587,0.00288433079792109,0.030721028645833332,0.0,0.0,0.0095975,4.0,0.4525,-0.0030834965970522412,0.19735925955077013,-0.0011894016060978174,1.629127222753842e-07,8.8452516126362e-08,677619.7632500001,1.0,673558.4969101562,1.12176296559331e-07,2236.7960318801947,5760.0,1.0,,219,,,,,,,,
8.777494571999341,0.002180105308070779,0.024658203125,0.0,0.0,0.00955,4.0,0.44999999999999996,-0.002815223907722005,0.19550618963936964,-0.0009482169746964549,1.940916254383751e-07,1.1549831357982043e-07,677847.4434999998,1.0,672889.0708164063,1.12176296559331e-07,3440.596759252602,5760.0,1.0,,220,679137.416,676965.50175,673648.9157499999,70000042,673304.762425,best_of_k,676965.50175,2470.311487183124
8.921767877000093,0.0022396195975791975,0.0213623046875,0.0,0.0,0.0095025,4.0,0.4475,-0.006169609121570829,0.1949436729773879,-0.004317216613950829,1.4970462706524282e-07,8.909268848592926e-08,676940.9885,1.0,672695.4878710937,1.12176296559331e-07,2534.816780515208,5760.0,1.0,,221,,,,,,,,
8.80607187500027,0.002122081074048765,0.021931966145833332,0.0,0.0,0.009455,4.0,0.44499999999999995,-0.0023221872349192076,0.1965853755051891,-0.00046354921263021726,1.943982121943577e-07,1.1379597442129352e-07,678395.065,1.0,673456.233265625,1.12176296559331e-07,2928.3282174194724,5760.0,1.0,,222,,,,,,,,
8.687050582000666,0.0026395215439454964,0.034098307291666664,0.0,0.0,0.009407500000000001,4.0,0.4425,-0.005539235433388967,0.19928454297284284,-0.003664667388269057,8.052053933245892e-07,2.403395368647902e-07,678102.02375,1.0,673873.290328125,1.12176296559331e-07,2709.08972772323,5760.0,1.0,,223,,,,,,,,
8.68460668499938,0.002094206237719239,0.0208740234375,0.0,0.0,0.00936,4.0,0.43999999999999995,-0.0016917753188560407,0.20023336354643106,0.00018208555411547422,2.5821841435439787e-06,1.303386381046323e-07,678632.95425,1.0,674335.345765625,1.12176296559331e-07,2568.7270448516674,5760.0,1.0,,224,,,,,,,,
8.862625988000218,0.001903784715977963,0.014322916666666666,0.0,0.0,0.009312500000000001,4.0,0.4375,-0.0036239231364258253,0.20140071834127107,-0.0017485477922794719,1.0375278183261116e-06,1.294242610860863e-07,677138.12575,1.0,673087.7664648438,1.12176296559331e-07,2748.3805030750973,5760.0,1.0,,225,,,,,,,,
8.751939100999152,0.002297504266607575,0.018636067708333332,0.0,0.0,0.009265000000000002,4.0,0.43500000000000005,-0.004186813651661699,0.19672606140375137,-0.0023642204760108143,2.6192822133452864e-07,9.509971743426604e-08,678667.6577500001,1.0,673179.39728125,1.12176296559331e-07,2808.4040565676887,5760.0,1.0,,226,,,,,,,,
8.720965598000475,0.0029266831843415275,0.0340576171875,0.0,0.0,0.0092175,4.0,0.4325,-0.0036086024653438167,0.19697071891278028,-0.0017934450782680262,3.6569046863258827e-06,1.0865091034280756e-07,678447.0064999999,1.0,673504.38790625,1.12176296559331e-07,2550.9595406663407,5760.0,1.0,,227,,,,,,,,
8.652626667999357,0.003238822491160439,0.036214192708333336,0.0,0.0,0.009170000000000001,4.0,0.43000000000000005,-0.005591351160546765,0.19864679469416538,-0.0037698776092535504,7.488877861542657e-07,8.577459557438753e-08,678249.5745000001,1.0,674204.5117421875,1.12176296559331e-07,2303.1488834100865,5760.0,1.0,,228,,,,,,,,
8.850341647001187,0.002667894742141167,0.030314127604166668,0.0,0.0,0.0091225,4.0,0.4275,-0.002767810342144609,0.19478543723622957,-0.0009909514240765323,2.165995696875219e-07,9.944308221321307e-08,677997.2440000001,1.0,673333.1766484375,1.12176296559331e-07,3063.102329036527,5760.0,1.0,,229,,,,,,,,
8.780209005999495,0.0024363308257306926,0.028971354166666668,0.0,0.0,0.009075000000000001,4.0,0.42500000000000004,-0.0012501524543040432,0.19223227569212517,0.0004942047720154127,7.792989527762492e-07,1.4557664984593544e-07,678805.1947499999,1.0,673877.1979492187,1.12176296559331e-07,2601.446878884525,5760.0,1.0,,230,,,,,,,,
8.807330171999638,0.002666966996912379,0.028849283854166668,0.0,0.0,0.0090275,4.0,0.4225,-0.008205394915421493,0.19493204013754925,-0.006445731094572693,2.9572469969115406e-07,1.1066553288567131e-07,678568.1639999999,1.0,674254.9239257813,1.12176296559331e-07,2374.806323513522,5760.0,1.0,,231,,,,,,,,
8.973946275000344,0.0009714963962323964,0.0050048828125,0.0,0.0,0.008980000000000002,4.0,0.42000000000000004,-0.0010014528597821482,0.19306096403549114,0.000732125913297447,2.3229632499048117e-07,1.703783573484922e-07,677682.4045,1.0,672505.7465625,1.12176296559331e-07,3389.1160699608827,5760.0,1.0,,232,,,,,,,,
8.770551543999318,0.003062751393978639,0.029215494791666668,0.0,0.0,0.008932500000000001,4.0,0.4175,-0.005961003235521882,0.19482824951410294,-0.004220800357870758,4.2961112045603045e-07,1.1412904813804896e-07,677464.6125,1.0,673558.9155390626,1.12176296559331e-07,2362.5226426350705,5760.0,1.0,,233,,,,,,,,
8.714571094000348,0.0017622205681012322,0.0196533203125,0.0,0.0,0.008885,4.0,0.41500000000000004,-0.0020904830938282735,0.19352263864129782,-0.0003711082972586155,1.8972601356637142e-07,1.101791416620775e-07,678186.31675,1.0,673550.8934453125,1.12176296559331e-07,2781.5116600675115,5760.0,1.0,,234,,,,,,,,
8.694010891998914,0.0034437997698357017,0.0447998046875,0.0,0.0,0.0088375,4.0,0.4125,-0.0030777023979074634,0.19388233249386153,-0.0013643331088436146,1.393713941292655e-07,1.0364793290307261e-07,677943.7055,1.0,673850.1831523438,1.12176296559331e-07,2752.5837099309356,5760.0,1.0,,235,,,,,,,,
8.893624917000125,0.0027872309098408246,0.028361002604166668,0.0,0.0,0.008790000000000001,4.0,0.41000000000000003,-0.0023330493107399284,0.1922871693968773,-0.0006429133354686201,1.6543839009841577e-07,1.035402498554087e-07,678182.31925,1.0,674356.9603359374,1.12176296559331e-07,2505.5277087787604,5760.0,1.0,,236,,,,,,,,
8.594385225998849,0.002110681528089723,0.0169677734375,0.0,0.0,0.0087425,4.0,0.4075,-0.005577228529242954,0.1949033463994662,-0.0038734105764888227,4.1139600230148215e-07,1.6696658322601365e-07,679183.8982499999,1.0,674497.8456484375,1.12176296559331e-07,2457.796928695235,5760.0,1.0,,237,,,,,,,,
8.6305238620007,0.0017892756150104105,0.023722330729166668,0.0,0.0,0.008695000000000001,4.0,0.405,-0.003916984688354812,0.19462077816327414,-0.0022248765356683484,2.753121668419567e-07,1.8476884644513802e-07,678513.9232499999,1.0,673853.1572851562,1.12176296559331e-07,3116.0799746188363,5760.0,1.0,,238,,,,,,,,
8.716343785999925,0.0016909620753722265,0.0113525390625,0.0,0.0,0.0086475,4.0,0.40249999999999997,-0.003710659971450999,0.1920792842283845,-0.0020497854760227105,1.4929999799425295e-07,2.3128883386291932e-07,678612.18775,1.0,674272.6761640625,1.12176296559331e-07,2548.54784655512,5760.0,1.0,,239,,,,,,,,
8.762021556000036,0.0025216092544724233,0.021891276041666668,0.0,0.0,0.008600000000000002,4.0,0.4,-0.002855180859720955,0.1923654324685534,-0.001200961657256509,2.552807891002355e-07,1.9558146213682903e-07,678545.86725,1.0,675095.9122421874,1.12176296559331e-07,2350.7041288613786,5760.0,1.0,,240,679183.8982499999,678064.23925,675491.1030000001,70000042,674048.9363666666,best_of_k,678064.23925,3049.1194217284924
8.821839770000224,0.0016062522699940018,0.016316731770833332,0.0,0.0,0.0085525,4.0,0.39749999999999996,-0.0018837809257092886,0.18878086532155672,-0.0002692932515249898,1.6162597053318942e-07,8.892783294930003e-08,677769.844,1.0,674436.0030546875,1.12176296559331e-07,2326.8705857494224,5760.0,1.0,,241,,,,,,,,
8.804894667999179,0.0020984102908793525,0.021158854166666668,0.0,0.0,0.008505,4.0,0.395,-0.004764719607919687,0.18761379116525254,-0.0031692791380919516,1.444226914356269e-07,4.0117571398212704e-07,678099.8030000001,1.0,674643.6169062499,1.12176296559331e-07,2353.575903134821,5760.0,1.0,,242,,,,,,,,
8.765028886000437,0.0014932114184678842,0.016764322916666668,0.0,0.0,0.0084575,4.0,0.39249999999999996,-0.002761271830725794,0.18601336578528085,-0.0011881308358473082,1.5382811128598442e-07,1.0382494360546464e-07,678663.9974999999,1.0,673838.7624570313,1.12176296559331e-07,2597.132419493772,5760.0,1.0,,243,,,,,,,,
8.689587482998832,0.002097538728169942,0.0194091796875,0.0,0.0,0.00841,4.0,0.39,-0.005992624520634611,0.1862992929915587,-0.004425903452405085,2.0123360696307677e-07,7.103793050096859e-08,678499.74025,1.0,674199.2058945312,1.12176296559331e-07,2186.3760563947194,5760.0,1.0,,244,,,,,,,,
8.727234185998896,0.001804472085495945,0.0264892578125,0.0,0.0,0.0083625,4.0,0.38749999999999996,-0.004878224305381688,0.18549224765350422,-0.0033272940781898797,2.9531172159498925e-07,4.3790801355451475e-07,678351.8200000001,1.0,674534.4474921875,1.12176296559331e-07,2767.1823271719486,5760.0,1.0,,245,,,,,,,,
8.831451213000037,0.0015507019076418753,0.0108642578125,0.0,0.0,0.008315000000000001,4.0,0.385,0.0021458729315781966,0.18519363024582466,0.003685663095287358,1.6102333614635236e-07,1.575639645423621e-07,678736.3657500001,1.0,674813.4287382814,1.12176296559331e-07,2303.7891079093492,5760.0,1.0,,246,,,,,,,,
8.939367138000307,0.0017252026445930824,0.012898763020833334,0.0,0.0,0.0082675,4.0,0.38249999999999995,-0.0068985017520996434,0.18217736513664326,-0.00539246005549406,1.6024989631565253e-07,1.8762313303000155e-07,678258.0974999999,1.0,674055.4898164063,1.12176296559331e-07,2952.1844682511437,5760.0,1.0,,247,,,,,,,,
8.773813653999241,0.0013665660953847691,0.014607747395833334,0.0,0.0,0.008220000000000002,4.0,0.38,0.0007610265796150392,0.18670210180183253,0.002295097801834345,2.3040403096530326e-07,1.193987869019253e-06,678000.28325,1.0,674631.857125,1.12176296559331e-07,2570.6628701656705,5760.0,1.0,,248,,,,,,,,
8.75037353100015,0.0014158990209883389,0.008138020833333334,0.0,0.0,0.0081725,4.0,0.37749999999999995,-0.006003515797298557,0.1857778982569774,-0.004485444476207097,1.0997123744971304e-07,3.742089866124824e-07,678597.62275,1.0,674509.4931874999,1.12176296559331e-07,2294.982327699336,5760.0,1.0,,249,,,,,,,,
8.691700727000352,0.0016156059185353417,0.01123046875,0.0,0.0,0.008125,4.0,0.375,-0.0031372096273116767,0.18668772156039873,-0.001620427812061583,8.793846258588663e-08,9.3849096050036e-08,678004.58075,1.0,674630.0061601563,1.12176296559331e-07,2047.441399133805,5760.0,1.0,,250,,,,,,,,
8.78368580300048,0.001354585695177472,0.010213216145833334,0.0,0.0,0.008077500000000001,4.0,0.37250000000000005,-0.009879225860155808,0.185457248861591,-0.008381321822525933,2.1052291835725137e-07,2.119357957279059e-07,678315.3855,1.0,674092.4803671874,1.12176296559331e-07,3414.69549833913,5760.0,1.0,,251,,,,,,,,
8.65950881199933,0.0024937203343142755,0.023356119791666668,0.0,0.0,0.00803,4.0,0.37,-0.0010325245045047875,0.1827768093595902,0.0004350584640633315,2.0288863048871045e-07,1.897735109797812e-07,678741.03975,1.0,674303.7663593751,1.12176296559331e-07,2588.1653457153316,5760.0,1.0,,252,,,,,,,,
8.787896010000622,0.0027184991874188804,0.024332682291666668,0.0,0.0,0.007982500000000002,4.0,0.36750000000000005,-0.001620841210145348,0.18260684298972288,-0.00016324349174586436,1.8052444650251687e-07,8.64363761306682e-08,678346.1907500001,1.0,674771.7551015625,1.12176296559331e-07,2350.0847393677013,5760.0,1.0,,253,,,,,,,,
8.752320655001313,0.0016996606645989232,0.013712565104166666,0.0,0.0,0.007935000000000001,4.0,0.365,-0.002978805047556913,0.1819794618835052,-0.001534848726199319,1.4553943783468526e-07,7.295217600381913e-08,678448.7845,1.0,674410.49759375,1.12176296559331e-07,2274.7054697733083,5760.0,1.0,,254,,,,,,,,
8.75495151999894,0.0012212886479877245,0.012410481770833334,0.0,0.0,0.007887500000000002,4.0,0.36250000000000004,-0.004634403184657761,0.18150142331918082,-0.003202852346779158,8.459599494988386e-08,6.582309504861901e-08,678305.6647499999,1.0,674843.5991757814,1.12176296559331e-07,2333.207808623958,5760.0,1.0,,255,,,,,,,,
8.846500868001385,0.0032062846827708804,0.039632161458333336,0.0,0.0,0.00784,4.0,0.36,-0.005256511363162038,0.18211579540123543,-0.003828802650483946,1.6756269083373354e-07,1.252966748133133e-07,678229.62075,1.0,674202.2352499999,1.12176296559331e-07,3107.8274263522253,5760.0,1.0,,256,,,,,,,,
8.929620669001451,0.001602675123043203,0.015909830729166668,0.0,0.0,0.007792500000000001,4.0,0.35750000000000004,-0.0036817370528297033,0.18166324713577828,-0.00226624368224293,2.8820955814505095e-07,1.776370287901822e-07,678143.69825,1.0,674777.24365625,1.12176296559331e-07,2483.3788872587024,5760.0,1.0,,257,,,,,,,,
8.760735670999566,0.0014499962198897265,0.012044270833333334,0.0,0.0,0.007745,4.0,0.355,0.002350158210902009,0.18114836576084295,0.0037530670039510974,2.9768737134598194e-07,1.1111022339231151e-07,679051.603,1.0,674288.0026640624,1.12176296559331e-07,2899.250298549161,5760.0,1.0,,258,,,,,,,,
8.667603462001352,0.0009102616046826976,0.005655924479166667,0.0,0.0,0.007697500000000001,4.0,0.35250000000000004,-0.00015009387667911747,0.177850058923165,0.00121882949800541,3.6118235824389444e-07,8.324719173261978e-08,678301.7129999999,1.0,675012.4540546875,1.12176296559331e-07,1832.5748554777028,5760.0,1.0,,259,,,,,,,,
8.636479454000437,0.0021525721288829422,0.0313720703125,0.0,0.0,0.0076500000000000005,4.0,0.35,-0.0023406911932397634,0.177721930667758,-0.0009812875844848652,4.833987231241584e-07,2.417507792470038e-07,678787.045,1.0,674371.9589648438,1.12176296559331e-07,2700.1998160161647,5760.0,1.0,,260,679183.8982499999,678848.47375,675152.3015000001,70000042,674016.0763833334,best_of_k,678848.47375,3614.4453746712898
8.713881933001176,0.002025479494477622,0.021891276041666668,0.0,0.0,0.007602500000000002,4.0,0.34750000000000003,-0.005330721063122231,0.17487130096803108,-0.0040014142480989294,7.054132806771918e-07,1.6422007043104259e-07,678014.6784999999,1.0,674152.59271875,1.12176296559331e-07,2274.727251786055,5760.0,1.0,,261,,,,,,,,
8.8127684029987,0.001425181246304419,0.013427734375,0.0,0.0,0.007555000000000001,4.0,0.345,-0.002149547241666975,0.17547474894672632,-0.000823966896859929,1.9947807983200505e-07,2.2310688970369105e-07,679154.93525,1.0,673877.8008984376,1.12176296559331e-07,2887.4128574561737,5760.0,1.0,,262,,,,,,,,
8.69471226800124,0.0017026556160999462,0.014078776041666666,0.0,0.0,0.007507500000000002,4.0,0.3425,-0.003724791878388108,0.17543128163864216,-0.0024078463417633125,1.2442272160721282e-07,1.8428927125076674e-07,678906.094,1.0,675085.2142421876,1.12176296559331e-07,2114.672857087797,5760.0,1.0,,263,,,,,,,,
8.685357312999258,0.0013907589818700217,0.008097330729166666,0.0,0.0,0.00746,4.0,0.33999999999999997,-0.005517120414879173,0.17692069243639708,-0.0041973473998950794,9.421282850160158e-08,9.180963900234929e-08,678689.2385,1.0,674340.0720429687,1.12176296559331e-07,2721.4919590715404,5760.0,1.0,,264,,,,,,,,
8.864852023998537,0.0024525317494408228,0.025716145833333332,0.0,0.0,0.007412500000000001,4.0,0.3375,-0.0004772370836387078,0.1764147700741887,0.0008303711462455491,1.1408220042715318e-07,1.1053316750775366e-07,678765.9205,1.0,674714.5081914063,1.12176296559331e-07,2389.5899888584136,5760.0,1.0,,265,,,,,,,,
8.954022769999938,0.0018258764005925816,0.0147705078125,0.0,0.0,0.007365,4.0,0.33499999999999996,-0.0007630493685913583,0.17745168569187322,0.0005438099227224787,1.6785920194569334e-07,1.1146385163011512e-07,678658.14,1.0,674361.0150390625,1.12176296559331e-07,2523.668153527064,5760.0,1.0,,266,,,,,,,,
8.786071079000976,0.0012647063073624547,0.011189778645833334,0.0,0.0,0.007317500000000001,4.0,0.3325,-0.001078781589361218,0.17709854959199825,0.00021708649001084268,1.5819185605892017e-07,6.965542942438674e-08,678054.5125000001,1.0,674876.1320273436,1.12176296559331e-07,2398.5772056742294,5760.0,1.0,,267,,,,,,,,
8.704020221999599,0.002482394049972451,0.0250244140625,0.0,0.0,0.00727,4.0,0.32999999999999996,-0.010450575238792226,0.1789329287906488,-0.009149777974622944,1.1951664591336453e-07,6.698768014364494e-08,679355.4877499999,1.0,674953.0491757812,1.12176296559331e-07,2331.8925086481945,5760.0,1.0,,268,,,,,,,,
8.932664842999657,0.0016118123749038205,0.009073893229166666,0.0,0.0,0.0072225000000000015,4.0,0.3275,-0.0018834472866728902,0.1810461894298593,-0.0005760319472756237,1.1305049355906742e-07,3.5879269436970657e-07,678744.57225,1.0,675087.8336875,1.12176296559331e-07,2619.6092791278566,5760.0,1.0,,269,,,,,,,,
8.716996270000891,0.0016944659582804888,0.0147705078125,0.0,0.0,0.007174999999999999,4.0,0.32499999999999996,-0.005280699590609099,0.17876746722807488,-0.003998143074568361,3.3999935918534635e-07,1.322580140220945e-07,678515.5954999999,1.0,674620.5650195312,1.12176296559331e-07,3080.9424795034593,5760.0,1.0,,270,,,,,,,,
8.71141593900029,0.001293480253176919,0.009562174479166666,0.0,0.0,0.0071275,4.0,0.3225,0.00031861916795605794,0.1774229450772206,0.0015829814559159179,1.1799441919831584e-07,4.157003856697372e-07,678632.2274999999,1.0,674670.6017421875,1.12176296559331e-07,2096.941313993954,5760.0,1.0,,271,,,,,,,,
8.753493799000353,0.0017780889951003094,0.014322916666666666,0.0,0.0,0.0070799999999999995,4.0,0.31999999999999995,-0.0032375731000987193,0.17602224554866552,-0.0019915587812041244,1.4894442183314519e-07,4.168453731819473e-07,678412.0322499999,1.0,674261.8583242188,1.12176296559331e-07,2831.0801337418134,5760.0,1.0,,272,,,,,,,,
8.788043423001,0.0016056733705530253,0.010945638020833334,0.0,0.0,0.0070325000000000006,4.0,0.3175,-0.0017161670572628889,0.17761872491488853,-0.0004671358037739992,1.504878321216078e-07,1.1429323828101208e-07,678352.71875,1.0,674565.5484023438,1.12176296559331e-07,2742.508252750999,5760.0,1.0,,273,,,,,,,,
8.77895592799905,0.0017673946592064265,0.016764322916666668,0.0,0.0,0.006985,4.0,0.31499999999999995,-0.0023389775366619383,0.17914822604507208,-0.001087673624473003,1.1143432621096849e-07,6.992001466699094e-08,678948.44575,1.0,675012.5670390625,1.12176296559331e-07,2486.8555517123978,5760.0,1.0,,274,,,,,,,,
8.672188903999995,0.002090999112018229,0.019734700520833332,0.0,0.0,0.006937500000000001,4.0,0.3125,-0.0025982245521542304,0.1754633914679289,-0.0013810038023317854,1.6086458668832884e-07,7.876971756341315e-08,678546.956,1.0,675081.5305625,1.12176296559331e-07,2243.9633364566853,5760.0,1.0,,275,,,,,,,,
8.790865023000151,0.002607727309320277,0.025390625,0.0,0.0,0.006890000000000002,4.0,0.31000000000000005,-0.00012983481671350697,0.17659217802186808,0.001086810235089312,2.618805337029073e-07,9.763236752391435e-08,678785.37025,1.0,674247.2484609375,1.12176296559331e-07,2721.5079439355327,5760.0,1.0,,276,,,,,,,,
8.844452696001099,0.0012039839008745428,0.008504231770833334,0.0,0.0,0.006842500000000001,4.0,0.3075,-0.000813241453821926,0.17414975756158432,0.00037827516401497024,5.094594251649672e-07,1.0375871524933207e-07,678116.3757500001,1.0,674354.6200976563,1.12176296559331e-07,2872.7073076504034,5760.0,1.0,,277,,,,,,,,
8.68284919100006,0.000843351864508198,0.007853190104166666,0.0,0.0,0.006795000000000002,4.0,0.30500000000000005,-0.003267476051405538,0.17489834781736135,-0.0020791191200260073,1.4641707313245433e-07,1.246082459438469e-07,678387.816,1.0,674797.6106640624,1.12176296559331e-07,2185.312114287584,5760.0,1.0,,278,,,,,,,,
8.659558336001282,0.001832225459414379,0.015340169270833334,0.0,0.0,0.0067475,4.0,0.3025,-0.003058609271344418,0.17450692194203535,-0.0018811991709905367,9.706140439528592e-08,1.3121281527972428e-07,678970.9642500001,1.0,674855.8933710938,1.12176296559331e-07,1963.4096781395876,5760.0,1.0,,279,,,,,,,,
8.864185300999452,0.0013630926114274189,0.010009765625,0.0,0.0,0.006700000000000001,4.0,0.30000000000000004,0.002961610308072219,0.1743150409311056,0.004129371547605842,2.180064645844008e-07,2.551815316091203e-07,678578.5425,1.0,674587.49640625,1.12176296559331e-07,2344.290208407541,5760.0,1.0,,280,679355.4877499999,678197.7829999999,676397.2702500001,70000042,675031.8442833333,best_of_k,678197.7829999999,1974.5393167868551
8.726882954000757,0.0013731371460986945,0.010457356770833334,0.0,0.0,0.0066525,4.0,0.2975,-0.0005511186755029485,0.17475300965209803,0.00061135517898947,4.2279648582166374e-07,5.594134392753839e-08,678124.88475,1.0,675222.9992304688,1.12176296559331e-07,1793.012533725769,5760.0,1.0,,281,,,,,,,,
8.785635398000522,0.0019230183024774306,0.0205078125,0.0,0.0,0.0066050000000000015,4.0,0.29500000000000004,-0.006205582149656645,0.1751272895683845,-0.005048924630197386,1.394836010396953e-07,8.764137141940391e-08,679669.27525,1.0,675108.2984648438,1.12176296559331e-07,2291.9577276315476,5760.0,1.0,,282,,,,,,,,
8.676271203001306,0.0011600696986230712,0.009969075520833334,0.0,0.0,0.006557500000000001,4.0,0.2925,-0.0016423807076838177,0.17407908818374077,-0.0005009905241119365,1.1656246427331023e-07,2.4427986181999967e-07,679064.198,1.0,675044.7611601562,1.12176296559331e-07,2339.878160047336,5760.0,1.0,,283,,,,,,,,
8.669167657000798,0.001342873350949958,0.010416666666666666,0.0,0.0,0.006510000000000002,4.0,0.29000000000000004,0.0015496523725839022,0.1777674164623022,0.0027068124327342957,1.1602136510783605e-07,1.8858122396991917e-07,678411.4695,1.0,674833.7848632813,1.12176296559331e-07,2520.9868101833194,5760.0,1.0,,284,,,,,,,,
8.620998382000835,0.001929102698341012,0.018147786458333332,0.0,0.0,0.0064624999999999995,4.0,0.2875,-0.0035139588629438854,0.1768658502648274,-0.0023711750885316483,2.672941234275565e-07,3.6981568903489875e-07,678503.01275,1.0,674855.887390625,1.12176296559331e-07,2856.006567927821,5760.0,1.0,,285,,,,,,,,
8.713801530000637,0.001166279934598909,0.009033203125,0.0,0.0,0.0064150000000000006,4.0,0.28500000000000003,-0.008903424294355014,0.1770717054605484,-0.007767626938099663,3.2074488191350764e-07,1.7123150157042724e-07,678817.73075,1.0,675141.9521718749,1.12176296559331e-07,2027.5475419883912,5760.0,1.0,,286,,,,,,,,
8.798677464999855,0.0022721511025641425,0.0218505859375,0.0,0.0,0.0063675,4.0,0.2825,0.0025913765324124447,0.1771277068182826,0.0037191434336515763,3.361076942690981e-07,1.2068268088564574e-07,678367.19325,1.0,675028.9530078125,1.12176296559331e-07,2826.9504208241246,5760.0,1.0,,287,,,,,,,,
8.659306528999878,0.0008669271531592434,0.006673177083333333,0.0,0.0,0.006320000000000001,4.0,0.28,-0.0049102873357090475,0.17329633639504513,-0.0038151184271555394,2.4955689218823335e-07,7.93618470199912e-08,678761.8049999999,1.0,675276.3946171874,1.12176296559331e-07,2215.5559733129166,5760.0,1.0,,288,,,,,,,,
8.733648875999279,0.0010995036961200337,0.009684244791666666,0.0,0.0,0.0062725,4.0,0.27749999999999997,-0.0014091096721434344,0.17569538547346988,-0.0003071167254044364,1.8569355016614017e-07,7.498256808050978e-08,678324.527,1.0,675264.7288632812,1.12176296559331e-07,2300.7929806786765,5760.0,1.0,,289,,,,,,,,
8.691210582999702,0.0011598387160726513,0.010538736979166666,0.0,0.0,0.006225000000000001,4.0,0.275,-0.0031940986179203414,0.17607719916850328,-0.0020980778111455343,2.1522090583777262e-07,7.703555186348392e-08,679196.9905000001,1.0,675078.7230390625,1.12176296559331e-07,2275.0396031356076,5760.0,1.0,,290,,,,,,,,
8.842069264001111,0.0020510967200001082,0.022989908854166668,0.0,0.0,0.006177500000000001,4.0,0.27249999999999996,-0.007407985409372486,0.17483983313043913,-0.006328014200941349,2.754143949938263e-07,1.4832731961197018e-07,678260.15375,1.0,674366.6632968751,1.12176296559331e-07,2715.749980052004,5760.0,1.0,,291,,,,,,,,
8.763694330000362,0.0021710722139687277,0.024169921875,0.0,0.0,0.006130000000000002,4.0,0.27,0.0023679663475680477,0.17688849537322918,0.003452122851740569,1.580777255760779e-07,3.0938103116421683e-07,678219.0987499999,1.0,675024.9121835937,1.12176296559331e-07,2804.092652329507,5760.0,1.0,,292,,,,,,,,
8.792232634999891,0.000988905970492245,0.009114583333333334,0.0,0.0,0.006082499999999999,4.0,0.26749999999999996,-0.0012428484430226188,0.1777950320392847,-0.00016146908941057822,1.1741753051334551e-07,9.434536130115134e-08,679344.6695000001,1.0,674838.5415859376,1.12176296559331e-07,2318.136613190791,5760.0,1.0,,293,,,,,,,,
8.740473429001213,0.0010793403610781145,0.008829752604166666,0.0,0.0,0.006035,4.0,0.265,0.00033718930596175295,0.17944304241488376,0.0014200790998681139,9.543127384622115e-08,7.91801319325695e-08,678668.5715,1.0,674680.2392382813,1.12176296559331e-07,2312.4960757462695,5760.0,1.0,,294,,,,,,,,
8.807438507999905,0.00189492295855113,0.019816080729166668,0.0,0.0,0.0059875,4.0,0.26249999999999996,-0.00719681523332838,0.17928644828498363,-0.006123379513155669,1.0594103239114361e-07,6.348577419323931e-08,679099.5162500001,1.0,675150.4531523437,1.12176296559331e-07,2189.564893319356,5760.0,1.0,,295,,,,,,,,
8.659932184000354,0.0021792967672809027,0.024983723958333332,0.0,0.0,0.005940000000000001,4.0,0.26,0.0007998620239959564,0.18102924867222706,0.0018751125705117981,2.692683778171556e-07,7.285493341946392e-08,678226.277,1.0,675144.2739804687,1.12176296559331e-07,2279.7275107355936,5760.0,1.0,,296,,,,,,,,
8.676801786999931,0.0008165458323977267,0.005900065104166667,0.0,0.0,0.0058925,4.0,0.25749999999999995,-0.00213986515882425,0.1809292696416378,-0.0010738289759804804,1.5771493000471537e-07,1.4691146195862834e-07,678635.55725,1.0,674900.7723046874,1.12176296559331e-07,2337.0113792273137,5760.0,1.0,,297,,,,,,,,
8.655222773999412,0.0007370511229964904,0.004313151041666667,0.0,0.0,0.005845000000000001,4.0,0.255,-0.0007048876541375648,0.18014164455235004,0.00034795179575060803,1.1944904028856249e-07,1.5269805923405025e-07,679036.5425,1.0,675504.8279375,1.12176296559331e-07,1933.077582185951,5760.0,1.0,,298,,,,,,,,
8.8508629629996,0.0013577932162055124,0.010172526041666666,0.0,0.0,0.005797500000000001,4.0,0.25249999999999995,-0.0035074871436033086,0.1785856649900476,-0.002472189429681748,1.2045416205216006e-07,8.200358866024733e-08,678063.24875,1.0,675276.0931757812,1.12176296559331e-07,2396.6296704532256,5760.0,1.0,,299,,,,,,,,
8.676747096000327,0.0011830305787346636,0.010213216145833334,0.0,0.0,0.005750000000000002,4.0,0.25,-0.0033244897931581363,0.17388329282402992,-0.00232487270841375,6.211683101220444e-08,4.1032614254514027e-07,679123.73,1.0,675591.7315351563,1.12176296559331e-07,1671.3911416046917,5760.0,1.0,,300,679669.27525,678487.5075000001,675518.9357500001,70000042,675143.2552083334,best_of_k,678487.5075000001,1884.1273409087507
8.692091319999236,0.0012026255038411666,0.008219401041666666,0.0,0.0,0.005702500000000001,4.0,0.24750000000000005,0.0012289800809715719,0.17496686646093926,0.0022260113910306245,1.528861925947922e-07,1.4049614724953585e-06,678611.06075,1.0,675175.2568789063,1.12176296559331e-07,2495.3344564607514,5760.0,1.0,,301,,,,,,,,
8.825468253000508,0.0024288460529836207,0.0306396484375,0.0,0.0,0.005655,4.0,0.245,-0.002453349691980596,0.17284908518195152,-0.0014759462598400812,8.705126471516185e-08,9.959894205676297e-08,678952.59625,1.0,674943.2338398438,1.12176296559331e-07,2382.825669857833,5760.0,1.0,,302,,,,,,,,
8.562089259999993,0.0012905340675691452,0.0068359375,0.0,0.0,0.005607500000000001,4.0,0.24250000000000005,-0.0012754779854731169,0.1746346134071549,-0.0002962540214260419,6.280934046939042e-08,6.58275712458097e-08,679810.12975,1.0,675826.4301875,1.12176296559331e-07,1907.5413561740436,5760.0,1.0,,303,,,,,,,,
8.576545189000171,0.0015278005933699508,0.010782877604166666,0.0,0.0,0.005560000000000001,4.0,0.24,-0.004767508631630335,0.1722471338386337,-0.0038098579777094224,7.808671398379374e-08,7.083126159675619e-08,678753.81225,1.0,675611.0487851563,1.12176296559331e-07,2469.8587870440742,5760.0,1.0,,304,,,,,,,,
8.628042828000616,0.001034229409318262,0.0062255859375,0.0,0.0,0.005512500000000002,4.0,0.23750000000000004,-0.004917030472521826,0.17307690158486366,-0.003962993175567438,9.952493125927238e-08,7.879744027642725e-08,678213.72125,1.0,675392.6336328124,1.12176296559331e-07,1935.0126682451164,5760.0,1.0,,305,,,,,,,,
8.840265973998612,0.0012167672806147796,0.007242838541666667,0.0,0.0,0.005465000000000001,4.0,0.235,-0.0036013749098250023,0.17473192419856787,-0.0026465069774227836,6.893730497559147e-08,6.960261115610915e-08,678766.6752500001,1.0,675466.1473398437,1.12176296559331e-07,1998.4800596680461,5760.0,1.0,,306,,,,,,,,
8.85965740300162,0.0006070440019054028,0.0013427734375,0.0,0.0,0.005417500000000002,4.0,0.23250000000000004,-0.0033953145151220574,0.17441872941950956,-0.00245043858497714,7.744662563110201e-08,5.984718476348405e-08,678833.854,1.0,675700.6155,1.12176296559331e-07,2395.106441426724,5760.0,1.0,,307,,,,,,,,
8.601283802998296,0.0008076864226798838,0.006062825520833333,0.0,0.0,0.00537,4.0,0.22999999999999998,-0.0023451144758534306,0.17519566168387732,-0.0014043606643099338,8.271100456388088e-08,7.649239959957772e-08,679604.316,1.0,675611.9762070313,1.12176296559331e-07,2310.0571535740105,5760.0,1.0,,308,,,,,,,,
8.663693204998708,0.0009294070259784348,0.007853190104166666,0.0,0.0,0.005322500000000001,4.0,0.22750000000000004,-0.004106246453981536,0.17233393403391042,-0.003189049214900782,1.0193665822555431e-07,7.970702150158122e-08,678799.2629999999,1.0,675136.8338085937,1.12176296559331e-07,2010.5489779528448,5760.0,1.0,,309,,,,,,,,
8.729920849000337,0.001452237629564479,0.008382161458333334,0.0,0.0,0.005275,4.0,0.22499999999999998,-0.0003729044838109985,0.17421027272939682,0.000546005341069152,8.16955549135893e-08,8.142534491106801e-08,678811.8512500001,1.0,675118.3540664063,1.12176296559331e-07,1855.1013466088118,5760.0,1.0,,310,,,,,,,,
8.701371295999706,0.002031696894846391,0.017374674479166668,0.0,0.0,0.005227500000000001,4.0,0.22250000000000003,-0.0037420759957361347,0.1724173833305637,-0.0028408124926500022,7.35288887554475e-08,8.194552207167287e-08,678679.405,1.0,675462.7081523438,1.12176296559331e-07,2437.9529845738634,5760.0,1.0,,311,,,,,,,,
8.696430186000725,0.0007947020591624702,0.005777994791666667,0.0,0.0,0.005180000000000001,4.0,0.21999999999999997,-0.000766712058975827,0.17047620161126056,0.00011631601470677803,5.8084844933858903e-08,6.47451938728949e-08,679401.04125,1.0,676076.9351835938,1.12176296559331e-07,1726.2652914811943,5760.0,1.0,,312,,,,,,,,
8.81756718699944,0.0014773566411652912,0.01318359375,0.0,0.0,0.005132500000000002,4.0,0.21750000000000003,-0.0007735213318179982,0.17154505848884583,0.00010689547828709085,7.388375281950725e-08,6.259330890638164e-08,678834.5045,1.0,675318.8830117187,1.12176296559331e-07,2097.36113839232,5760.0,1.0,,313,,,,,,,,
8.693533891000698,0.0014226885129270765,0.014200846354166666,0.0,0.0,0.005085000000000001,4.0,0.21499999999999997,0.0010394545509673965,0.1699948264285922,0.001903815408392499,2.1717121908200929e-07,8.30452166293109e-08,678588.12525,1.0,675350.9665234375,1.12176296559331e-07,2174.882662161343,5760.0,1.0,,314,,,,,,,,
8.617245218001699,0.0006223964131398437,0.0015869140625,0.0,0.0,0.005037500000000002,4.0,0.21250000000000002,-0.0012888496385130566,0.16738472040742636,-0.00044568775532146293,9.701696564630898e-08,5.854622801374868e-08,679046.6440000001,1.0,674840.6509492188,1.12176296559331e-07,2203.8815733853326,5760.0,1.0,,315,,,,,,,,
8.649970897000458,0.0012552621531843517,0.005533854166666667,0.0,0.0,0.00499,4.0,0.20999999999999996,0.0013628736730121698,0.16940736615409455,0.0022081643304166696,1.0713096247153923e-07,8.270786670353895e-08,678904.8779999999,1.0,675305.0735273438,1.12176296559331e-07,2697.949047343978,5760.0,1.0,,316,,,,,,,,
8.80547268599912,0.001697740646098585,0.013427734375,0.0,0.0,0.004942500000000001,4.0,0.20750000000000002,-0.004015349524706835,0.16913629633684954,-0.0031794264020087817,5.4812045050904125e-08,5.494987753706937e-08,678918.7242500001,1.0,675371.0491601562,1.12176296559331e-07,1989.9659844653318,5760.0,1.0,,317,,,,,,,,
8.61635058200045,0.0009804120879077043,0.01171875,0.0,0.0,0.004895,4.0,0.20499999999999996,0.0014693896106715936,0.17073896465202174,0.0023051100045753023,5.668557268023733e-08,8.204490627624257e-08,678174.80375,1.0,675432.370296875,1.12176296559331e-07,2246.8307864204844,5760.0,1.0,,318,,,,,,,,
8.806911655001386,0.001364078530362652,0.013102213541666666,0.0,0.0,0.004847500000000001,4.0,0.2025,0.0037639408983523026,0.17148699890822172,0.004595186629254992,9.62285812515044e-08,5.5691282252468e-08,678538.9957499999,1.0,675396.1504375,1.12176296559331e-07,1991.711036475056,5760.0,1.0,,319,,,,,,,,
8.953433099999529,0.0015043475383815046,0.013834635416666666,0.0,0.0,0.0048000000000000004,4.0,0.19999999999999996,-0.008521901021595113,0.1717241226385037,-0.007697662629652768,9.439561191963246e-08,5.556024573749596e-08,679272.2264999999,1.0,675398.1258046876,1.12176296559331e-07,2235.8003458126814,5760.0,1.0,,320,679810.12975,678581.22725,675937.40025,70000042,675200.8430166666,best_of_k,678581.22725,2267.7799405523115
8.782601927001451,0.000985657716228161,0.0032145182291666665,0.0,0.0,0.0047525000000000015,4.0,0.1975,-0.0010963138144385691,0.17255627612272897,-0.0002762825461104512,6.810784565954482e-08,7.023589065902058e-08,678734.29,1.0,675363.3899726563,1.12176296559331e-07,2035.9378655761366,5760.0,1.0,,321,,,,,,,,
8.780329527999129,0.0017298267509128589,0.012125651041666666,0.0,0.0,0.004704999999999999,4.0,0.19499999999999995,-0.0014811797069948323,0.17254673720647892,-0.0006694039232873669,1.2003062632715e-07,9.055445837624632e-08,678756.8965,1.0,675184.1988046875,1.12176296559331e-07,2408.24616614387,5760.0,1.0,,322,,,,,,,,
8.843927407999217,0.0009016744030911165,0.008626302083333334,0.0,0.0,0.0046575,4.0,0.1925,-0.00577083488557643,0.17261888086795807,-0.0049668935826048255,6.447271997759667e-08,4.9393477160227427e-08,679004.5422499999,1.0,675672.93778125,1.12176296559331e-07,1866.0580384825232,5760.0,1.0,,323,,,,,,,,
8.899820608001392,0.0006035777526752403,0.004842122395833333,0.0,0.0,0.0046099999999999995,4.0,0.18999999999999995,0.00020316334363693991,0.17128587793558836,0.0009927503415383399,8.497032507233844e-08,6.401802502923697e-08,679389.8169999999,1.0,676097.3820585938,1.12176296559331e-07,2437.776338991709,5760.0,1.0,,324,,,,,,,,
8.818046342999878,0.0005518560210475698,0.0001220703125,0.0,0.0,0.004562500000000001,4.0,0.1875,-6.830059282947332e-05,0.17170176841318607,0.0007150456173500667,8.701167134953873e-08,6.930890987059495e-08,678775.7424999999,1.0,675355.5947929687,1.12176296559331e-07,2287.0785367058756,5760.0,1.0,,325,,,,,,,,
8.916902107999704,0.000960129361677294,0.004923502604166667,0.0,0.0,0.004515000000000002,4.0,0.18500000000000005,0.0006547905801805124,0.17380567795286575,0.0014394769871917863,5.745307725864753e-08,8.13124953295367e-08,678323.91975,1.0,675147.4221484375,1.12176296559331e-07,2077.3968244035877,5760.0,1.0,,326,,,,,,,,
8.791555440000593,0.0009201076415289814,0.00634765625,0.0,0.0,0.004467500000000001,4.0,0.1825,0.00015379894224073118,0.17316227375219265,0.0009273053534949819,6.349624544673323e-08,1.7832660185549779e-07,679267.7347500001,1.0,675493.3918398437,1.12176296559331e-07,1891.2005238867177,5760.0,1.0,,327,,,,,,,,
8.824168589000692,0.0015053557605521444,0.0211181640625,0.0,0.0,0.004420000000000002,4.0,0.18000000000000005,-0.0003794224467128515,0.16936301067471504,0.0003691274905577302,5.2709768179800186e-08,5.718119296579024e-08,679147.83825,1.0,675809.116484375,1.12176296559331e-07,1637.212751149825,5760.0,1.0,,328,,,,,,,,
8.67281681500026,0.0015334828979878996,0.0166015625,0.0,0.0,0.004372500000000001,4.0,0.1775,-0.00334220145305153,0.16755613001684347,-0.00260960043912443,6.295854223144677e-08,6.185018149492312e-08,678642.32675,1.0,675616.6005507812,1.12176296559331e-07,2213.3781487841975,5760.0,1.0,,329,,,,,,,,
8.636164269000801,0.00031129126000450924,0.0010579427083333333,0.0,0.0,0.0043250000000000025,4.0,0.17500000000000004,-0.004055337068469574,0.1680963011458516,-0.003328356232183675,5.902348010344838e-08,5.8259123007312987e-08,679291.24825,1.0,675726.121734375,1.12176296559331e-07,1970.2545943859727,5760.0,1.0,,330,,,,,,,,
8.614784332001364,0.0012889238787465729,0.010457356770833334,0.0,0.0,0.0042775,4.0,0.1725,0.0008622347328734273,0.16848351744314036,0.0015828947265011568,4.934845561817743e-08,4.6957106055363816e-08,678772.3367500001,1.0,675889.2418203126,1.12176296559331e-07,1551.0554813780707,5760.0,1.0,,331,,,,,,,,
8.83566942500147,0.0008756106957055939,0.006876627604166667,0.0,0.0,0.004230000000000001,4.0,0.17000000000000004,0.002125867649738211,0.1694197782004873,0.00284248951356858,5.2813555380855824e-08,3.7913339541913636e-08,678680.0530000001,1.0,676100.3541445313,1.12176296559331e-07,1553.9677509034775,5760.0,1.0,,332,,,,,,,,
8.774094213000353,0.0016703371802577749,0.013264973958333334,0.0,0.0,0.004182500000000002,4.0,0.16749999999999998,-0.0034625842029830287,0.16879223100841045,-0.0027566611825022846,1.2050762210336075e-07,7.67579622825328e-08,678552.199,1.0,675298.6340625,1.12176296559331e-07,2919.64934414706,5760.0,1.0,,333,,,,,,,,
8.630746215998442,0.0011543926011654548,0.009440104166666666,0.0,0.0,0.004135,4.0,0.16500000000000004,-6.165406860721608e-05,0.16794382346173128,0.000632737084136655,6.516555561830728e-08,9.916713035925302e-08,679216.41125,1.0,675781.9814570312,1.12176296559331e-07,2243.9812123359443,5760.0,1.0,,334,,,,,,,,
8.875511071999426,0.0007971476031040462,0.004720052083333333,0.0,0.0,0.004087500000000001,4.0,0.16249999999999998,-0.0017753176816768246,0.1717695106441776,-0.0010732560088702787,5.694842042380799e-08,8.093858131867175e-08,678706.86,1.0,675865.81309375,1.12176296559331e-07,2093.4866374801895,5760.0,1.0,,335,,,,,,,,
8.813390442999662,0.000918619851290714,0.0040283203125,0.0,0.0,0.004040000000000002,4.0,0.16000000000000003,0.0005756389000453055,0.17081502980242172,0.001265698520001024,6.019847605583568e-08,5.489275175148597e-08,678626.3987499999,1.0,675811.7600351563,1.12176296559331e-07,1884.8398056529636,5760.0,1.0,,336,,,,,,,,
8.698700875000213,0.0006484090990852565,0.0045166015625,0.0,0.0,0.0039924999999999995,4.0,0.15749999999999997,-0.00036734528839588165,0.16977349140991768,0.00031042388097072643,8.486970518954233e-08,8.633921918151562e-08,679368.29575,1.0,675528.172578125,1.12176296559331e-07,2544.7961687453503,5760.0,1.0,,337,,,,,,,,
8.617934739000702,0.00070601906675923,0.0037027994791666665,0.0,0.0,0.003945000000000001,4.0,0.15500000000000003,0.0003354375949129462,0.17077995464205742,0.001009111156842361,6.595903800921121e-08,9.334998640753156e-08,679510.19325,1.0,675606.8651757813,1.12176296559331e-07,2327.2091747832546,5760.0,1.0,,338,,,,,,,,
8.834562268999434,0.0007393215394889315,0.006184895833333333,0.0,0.0,0.0038975000000000017,4.0,0.15249999999999997,-0.006331478669987216,0.168030621483922,-0.0056766404886730015,5.077164037340746e-08,1.1286023826606595e-07,679053.6695,1.0,675650.38946875,1.12176296559331e-07,2007.6749491040919,5760.0,1.0,,339,,,,,,,,
8.718747314998836,0.0009233328625365781,0.006184895833333333,0.0,0.0,0.0038500000000000027,4.0,0.15000000000000002,0.003778779791900888,0.1674941824749112,0.0044236037113781395,5.606850132326239e-08,4.6668270803351675e-08,678982.074,1.0,675732.80609375,1.12176296559331e-07,1888.3419364790534,5760.0,1.0,,340,679810.12975,678251.717,676647.4865,70000042,675312.0215083335,best_of_k,678251.717,2112.4343361728493
8.676057319000392,0.0005718906371233364,0.004679361979166667,0.0,0.0,0.0038025000000000003,4.0,0.14749999999999996,0.004626852090344376,0.16739974481364092,0.005263348449564849,5.665492230910729e-08,7.081781435343733e-08,678938.071,1.0,675605.5126796875,1.12176296559331e-07,1935.3082362859102,5760.0,1.0,,341,,,,,,,,
8.739897718000066,0.0005446127567362661,0.0029703776041666665,0.0,0.0,0.0037550000000000014,4.0,0.14500000000000002,-0.00019338736213588467,0.16670542924354473,0.00043255602940917015,5.529150589230388e-08,6.026103889963015e-08,678874.9435,1.0,676111.6856093749,1.12176296559331e-07,1607.9063984587433,5760.0,1.0,,342,,,,,,,,
8.73510153999996,0.0014293239243367377,0.014689127604166666,0.0,0.0,0.003707499999999999,4.0,0.14249999999999996,-0.004842390674942483,0.1652438578506311,-0.004229772932982693,4.1957921433540456e-08,3.915080859506759e-08,678792.5329999999,1.0,676272.4328710937,1.12176296559331e-07,1833.8001862911215,5760.0,1.0,,343,,,,,,,,
8.693569105000279,0.0007492854419979267,0.004964192708333333,0.0,0.0,0.00366,4.0,0.14,3.7405333690306484e-05,0.1654671390230457,0.0006429627343701819,9.114792239491483e-08,8.679312861007797e-08,679351.8714999999,1.0,675472.0701054687,1.12176296559331e-07,2860.376811006885,5760.0,1.0,,344,,,,,,,,
8.781900146001135,0.000301252948702313,0.0012613932291666667,0.0,0.0,0.003612500000000001,4.0,0.13749999999999996,-0.007372179466377323,0.16366811438153187,-0.006780969852115959,8.106846468199554e-08,6.733955112044517e-08,678988.1437499999,1.0,675109.8253867187,1.12176296559331e-07,2901.7858058744864,5760.0,1.0,,345,,,,,,,,
8.85835906900138,0.0006517355092607128,0.0013427734375,0.0,0.0,0.003565000000000002,4.0,0.135,0.0005351315533819919,0.16249400035788616,0.0011143938075595845,5.919033307932864e-08,4.5626213251992453e-08,678650.98525,1.0,675753.6672968749,1.12176296559331e-07,1768.227794738468,5760.0,1.0,,346,,,,,,,,
8.890334359000917,0.0006705615354197411,0.008992513020833334,0.0,0.0,0.0035175,4.0,0.13249999999999995,0.001214715082217784,0.16275270407398543,0.0017871664798197646,5.511126525507374e-08,5.0589101870575824e-08,679286.4822500001,1.0,675426.5498242187,1.12176296559331e-07,2141.4385191259767,5760.0,1.0,,347,,,,,,,,
8.920395946999633,0.0011941581906285137,0.010945638020833334,0.0,0.0,0.003470000000000001,4.0,0.13,-0.006074073891795706,0.1625583590939641,-0.005510059098014608,6.50899267817806e-08,1.1275054008959746e-07,678892.9765,1.0,675744.0214921874,1.12176296559331e-07,2543.222457198537,5760.0,1.0,,348,,,,,,,,
8.786829394999586,0.000689914978768987,0.004597981770833333,0.0,0.0,0.0034224999999999985,4.0,0.12749999999999995,0.0009468260298793515,0.16029869423558316,0.0014954187014761071,3.534283780452322e-08,5.220024353510174e-08,678642.36,1.0,676007.861828125,1.12176296559331e-07,1790.5007116577578,5760.0,1.0,,349,,,,,,,,
8.930139922000308,0.00047079219317917403,0.0010172526041666667,0.0,0.0,0.0033749999999999995,4.0,0.125,-0.00019538202711070576,0.16124204049507776,0.00034878372874421376,3.561542649688221e-08,4.5639896602741224e-08,679075.18775,1.0,676013.6273867188,1.12176296559331e-07,1543.6361072435648,5760.0,1.0,,350,,,,,,,,
8.800000510000245,0.0004962962314796945,0.0023600260416666665,0.0,0.0,0.0033275000000000006,4.0,0.12250000000000005,0.0041685053195881965,0.16212048133214316,0.0047079344900945825,4.2827431157022033e-08,4.4724766630939904e-08,678657.2204999999,1.0,675732.8954960938,1.12176296559331e-07,1711.2474967262451,5760.0,1.0,,351,,,,,,,,
8.770835860999796,0.0008509518593200482,0.0062255859375,0.0,0.0,0.0032800000000000017,4.0,0.12,0.0007925832105684094,0.16179612837731838,0.0013232335234836985,5.357991761378855e-08,7.056048382618012e-08,678718.7355000001,1.0,675784.9595546876,1.12176296559331e-07,1929.6051946063408,5760.0,1.0,,352,,,,,,,,
8.751939701000083,0.0004683859976163755,0.0019124348958333333,0.0,0.0,0.0032325000000000027,4.0,0.11750000000000005,-0.00012372820735132942,0.16244469893475375,0.00040133344979646307,6.710834939601303e-08,6.84489030640852e-08,679511.8784999999,1.0,675429.5317656249,1.12176296559331e-07,2146.0232487034364,5760.0,1.0,,353,,,,,,,,
8.869629722001264,0.0006830743125950297,0.006998697916666667,0.0,0.0,0.0031850000000000003,4.0,0.11499999999999999,0.000617868225769295,0.16357185753683248,0.0011388104709718998,5.1444515980492156e-08,5.723517770839237e-08,679350.9172499999,1.0,675920.236921875,1.12176296559331e-07,2151.64837504407,5760.0,1.0,,354,,,,,,,,
8.653224050998688,0.0011008341316482984,0.010213216145833334,0.0,0.0,0.0031375000000000014,4.0,0.11250000000000004,-0.005474147231628497,0.16341611867149672,-0.00496146542718634,5.032166875788372e-08,6.30825272759002e-08,678664.42075,1.0,675830.4141796874,1.12176296559331e-07,1767.4035334855967,5760.0,1.0,,355,,,,,,,,
8.801880427001379,0.0004140638363120767,0.0026448567708333335,0.0,0.0,0.003089999999999999,4.0,0.10999999999999999,0.0021378651945269667,0.1622112120191256,0.0026390628966813288,5.956857851430186e-08,5.6460732755780896e-08,678751.285,1.0,675400.6682343751,1.12176296559331e-07,2203.8608489853573,5760.0,1.0,,356,,,,,,,,
8.722632529999828,0.0007797012488784579,0.005655924479166667,0.0,0.0,0.0030425,4.0,0.10750000000000004,0.0003066293465963099,0.16112437192350626,0.0007968160401408871,5.322446890628404e-08,5.809363419947052e-08,679067.1737500001,1.0,675693.4500351562,1.12176296559331e-07,2157.8118489495905,5760.0,1.0,,357,,,,,,,,
8.79627966299995,0.0009712691923292974,0.007975260416666666,0.0,0.0,0.002995000000000001,4.0,0.10499999999999998,-0.00026337357849115506,0.162535997107625,0.00022338877897709608,5.545998475279627e-08,5.473259408657801e-08,679200.556,1.0,675605.8824453126,1.12176296559331e-07,2059.558128438096,5760.0,1.0,,358,,,,,,,,
8.78176862699911,0.0003072813536467341,0.001220703125,0.0,0.0,0.002947500000000002,4.0,0.10250000000000004,0.0027504446528231106,0.1630073320120573,0.0032308673107763752,1.5035833171121263e-07,5.1900311307898996e-08,678120.4745,1.0,675664.0401523438,1.12176296559331e-07,1721.205039377767,5760.0,1.0,,359,,,,,,,,
8.853481864998685,0.0003703166197131698,0.0026448567708333335,0.0,0.0,0.0029,4.0,0.09999999999999998,0.004265223707382877,0.16183144537111124,0.004734506597742438,4.9422150150135735e-08,4.552898661784136e-08,679385.6165,1.0,676269.8474843751,1.12176296559331e-07,1648.3289863236382,5760.0,1.0,,360,679810.12975,678151.1769999999,675734.9382500001,70000042,675267.4434416665,best_of_k,678151.1769999999,1821.225185565139
8.893122958999811,0.00037339168435816344,0.001220703125,0.0,0.0,0.002852500000000001,4.0,0.09750000000000003,0.003829130655503832,0.16191502753645182,0.004290964328295861,5.575344141917071e-08,4.6910071604955306e-08,678567.84775,1.0,675684.9860507812,1.12176296559331e-07,2266.4200201007693,5760.0,1.0,,361,,,,,,,,
8.668350094998459,0.0010033583239419386,0.008504231770833334,0.0,0.0,0.002805000000000002,4.0,0.09499999999999997,-9.055248422858615e-05,0.16187668715914091,0.00036348590704922873,4.472474753510388e-08,4.387909576427281e-08,679067.6405,1.0,675923.274375,1.12176296559331e-07,1706.0273197890083,5760.0,1.0,,362,,,,,,,,
8.687124883999786,0.0004385571810416877,0.001708984375,0.0,0.0,0.002757500000000003,4.0,0.09250000000000003,7.417030428769067e-05,0.1616473455602924,0.0005198794145447513,5.2539956681603904e-08,5.546466848767769e-08,678821.7499999999,1.0,676050.2267539062,1.12176296559331e-07,1923.3524567447096,5760.0,1.0,,363,,,,,,,,
8.76720624399968,0.0004601104883477092,0.002685546875,0.0,0.0,0.0027100000000000006,4.0,0.08999999999999997,-0.0026149274466054826,0.1602445306877295,-0.0021806923129285374,5.1344144195534604e-08,4.5561947918197156e-08,678811.90275,1.0,675486.8464531249,1.12176296559331e-07,2061.5887104612093,5760.0,1.0,,364,,,,,,,,
8.897056305999286,0.0002391136828615951,0.00016276041666666666,0.0,0.0,0.0026625000000000017,4.0,0.08750000000000002,-0.0013152204046491534,0.1598228986064593,-0.0008897571145401647,8.430468804535944e-08,1.1321209066513423e-07,679478.0655,1.0,675378.2782929688,1.12176296559331e-07,2630.337332790735,5760.0,1.0,,365,,,,,,,,
8.779016511000009,0.0005373845366799893,0.0032145182291666665,0.0,0.0,0.0026149999999999993,4.0,0.08499999999999996,0.0009531572686682921,0.16141893931974968,0.0013752341425667207,6.024518950376034e-08,5.508176537105669e-08,679521.3254999999,1.0,675502.70775,1.12176296559331e-07,2177.1436826450904,5760.0,1.0,,366,,,,,,,,
8.819303276999563,0.00032542143162572756,0.0022379557291666665,0.0,0.0,0.0025675000000000003,4.0,0.08250000000000002,-0.0035711913733393885,0.16095457691699266,-0.003157965916519364,4.221481542110439e-08,4.201866269741098e-08,678588.6564999999,1.0,675708.4155898436,1.12176296559331e-07,2246.522362209899,5760.0,1.0,,367,,,,,,,,
8.901743831000203,0.0008422080936725251,0.005859375,0.0,0.0,0.0025200000000000014,4.0,0.07999999999999996,0.0010251481265489322,0.16178838225702444,0.0014328320976346731,4.17829294496741e-08,3.9435193333048346e-08,679663.512,1.0,675717.6761562501,1.12176296559331e-07,1647.712511912526,5760.0,1.0,,368,,,,,,,,
8.933250338001017,0.00034498048868651193,0.0035400390625,0.0,0.0,0.0024725000000000025,4.0,0.07750000000000001,0.0017581493229954503,0.16258518770337105,0.002160118368919939,4.049895211781044e-08,3.898877924216985e-08,679189.49275,1.0,675712.8551914063,1.12176296559331e-07,1940.13659636254,5760.0,1.0,,369,,,,,,,,
8.761967524998909,0.0011656543501885608,0.013346354166666666,0.0,0.0,0.002425,4.0,0.07499999999999996,-0.005981348057199891,0.16410456442584595,-0.00558341797053193,4.0590877770085854e-08,3.879906336952862e-08,678533.70675,1.0,675655.1892773437,1.12176296559331e-07,1729.8668674247026,5760.0,1.0,,370,,,,,,,,
8.842891386999327,0.00018469612890233597,0.0011800130208333333,0.0,0.0,0.002377500000000001,4.0,0.07250000000000001,-0.0011988081848054815,0.16381566350658736,-0.0008093620029588541,4.268265474394184e-08,4.2169359744844335e-08,678616.97575,1.0,675663.3574335937,1.12176296559331e-07,1956.1482351510479,5760.0,1.0,,371,,,,,,,,
8.857490875001531,0.0012576138712271738,0.012613932291666666,0.0,0.0,0.0023299999999999987,4.0,0.06999999999999995,0.0002482700510881841,0.16359146622320017,0.0006294122819478313,4.627518028025671e-08,4.132340499414985e-08,678647.2875000001,1.0,675880.546328125,1.12176296559331e-07,1973.0700653339577,5760.0,1.0,,372,,,,,,,,
8.735238098999616,0.0004446015276092415,0.004109700520833333,0.0,0.0,0.0022825,4.0,0.0675,-0.0049597008401178755,0.16221261769533157,-0.004589470607849459,3.445681155215633e-08,3.5511485863004566e-08,679149.889,1.0,676364.9194882812,1.12176296559331e-07,1715.96629598023,5760.0,1.0,,373,,,,,,,,
8.839921854001659,0.0004893645285240685,0.0016276041666666667,0.0,0.0,0.002235000000000001,4.0,0.06499999999999995,-0.006010834171320312,0.16215639902899662,-0.005648438576220845,3.833320731209492e-08,4.0562908920627194e-08,678865.0937500001,1.0,676135.4511601562,1.12176296559331e-07,1891.8937287621368,5760.0,1.0,,374,,,,,,,,
8.618144800000664,0.0008633484515788344,0.008260091145833334,0.0,0.0,0.002187500000000002,4.0,0.0625,0.000924691153462239,0.16267997274796167,0.0012805322961260874,3.102957409536108e-08,3.756137534338677e-08,678339.90475,1.0,676316.0806992188,1.12176296559331e-07,1544.807429579192,5760.0,1.0,,375,,,,,,,,
8.839822128000378,0.00014819325103114048,0.0007731119791666666,0.0,0.0,0.002140000000000003,4.0,0.06000000000000005,7.251779607031494e-05,0.1625127143537005,0.00042027310701087117,3.4099131962506135e-08,3.6801894901887046e-08,678896.2192500001,1.0,676092.9408046874,1.12176296559331e-07,1811.2967543777866,5760.0,1.0,,376,,,,,,,,
8.623800530000153,0.0003541159118564489,0.003662109375,0.0,0.0,0.0020925000000000006,4.0,0.057499999999999996,-0.006605254183038293,0.1624594653646151,-0.006265332999949654,4.243343247149293e-08,4.322558884902369e-08,678431.50325,1.0,676116.2018593751,1.12176296559331e-07,2041.7664310464327,5760.0,1.0,,377,,,,,,,,
8.797246645999621,7.038474965762968e-05,4.0690104166666664e-05,0.0,0.0,0.0020450000000000017,4.0,0.05500000000000005,-0.0006668543962102073,0.1621284338956078,-0.00033532971671471995,4.544138250868931e-08,4.6159460550162144e-08,678797.27775,1.0,676032.1983242187,1.12176296559331e-07,1908.7960636444714,5760.0,1.0,,378,,,,,,,,
8.763696581998374,0.0008325587235352335,0.006632486979166667,0.0,0.0,0.0019974999999999993,4.0,0.05249999999999999,-0.006664918725922083,0.16354871851702532,-0.006338257381382088,4.439885784949619e-08,4.573671893067418e-08,679116.5965,1.0,675833.0785273438,1.12176296559331e-07,2147.882120361541,5760.0,1.0,,379,,,,,,,,
8.906032888000482,0.00022047228897766521,0.0006917317708333334,0.0,0.0,0.0019500000000000003,4.0,0.050000000000000044,0.0013955296599306166,0.1630777564520637,0.0017135050535822909,3.978338606695312e-08,4.5089210661449407e-08,678696.7175,1.0,675815.841234375,1.12176296559331e-07,1704.9095387561654,5760.0,1.0,,380,679810.12975,678455.75675,676806.7222500001,70000042,675606.1636583334,best_of_k,678455.75675,2147.2554865264397
