elapsed_seconds,optimization_approximate_kl,optimization_clip_fraction,optimization_count_loss,optimization_early_kl_stop,optimization_entropy_coefficient,optimization_epochs_completed,optimization_learning_rate_fraction,optimization_loss,optimization_normalized_entropy,optimization_policy_loss,optimization_q_loss,optimization_value_loss,rollout_best_objective,rollout_feasible_rate,rollout_mean_objective,rollout_reward_scale,rollout_std_objective,rollout_transitions,rollout_vectorized_rollouts,self_imitation_loss,update,validation_archive_best_objective,validation_best_of_k_objective,validation_deterministic_objective,validation_fixed_validation_seed,validation_mean_stochastic_objective,validation_selection_metric,validation_selection_objective,validation_std_stochastic_objective
13.318416864000028,0.011390205416925406,0.11515299479166667,0.0,0.0,0.0199525,4.0,0.9975,-0.012946738599566743,0.6815556039412817,-0.0036289108102209866,0.014683888091212793,0.005625043403900539,260153.8,1.0,184414.68458203124,1.12176296559331e-07,29654.949334278997,5760.0,1.0,,1,260153.8,301950.0695,0.0,70000042,223195.7197333333,best_of_k,301950.0695,36628.37808684608
13.344335462003073,0.010500119145338735,0.09187825520833333,0.0,0.0,0.019905,4.0,0.995,-0.017619257559999824,0.7368355418244997,-0.0029796178181034825,0.00010924073190684187,3.2297631605615607e-05,291469.60375,1.0,224963.86140234378,1.12176296559331e-07,33268.63604210218,5760.0,1.0,,2,,,,,,,,
13.485193237000203,0.010156737000215799,0.1339111328125,0.0,0.0,0.0198575,4.0,0.9925,-0.026721653916562598,0.7734104866782824,-0.011369921024500703,2.2305681454781734e-05,8.070277175420415e-06,343103.9355,1.0,235242.74881640627,1.12176296559331e-07,39493.18030518657,5760.0,1.0,,3,,,,,,,,
13.461504401999264,0.0069616346663679,0.08186848958333333,0.0,0.0,0.01981,4.0,0.99,-0.020929976851524163,0.7657433065275351,-0.005767691264433476,2.717583527100942e-05,8.744406329697085e-06,382663.0685,1.0,286802.51771875,1.12176296559331e-07,39014.075396389286,5760.0,1.0,,4,,,,,,,,
13.347684502001357,0.008015442266090153,0.0723876953125,0.0,0.0,0.0197625,4.0,0.9875,-0.024136992423639942,0.7733195722103119,-0.008859927960050603,1.9868525782840152e-05,7.353601186347684e-06,383734.92825,1.0,314741.1483398437,1.12176296559331e-07,36206.78624918023,5760.0,1.0,,5,,,,,,,,
13.26886966299935,0.008328575143726388,0.08955891927083333,0.0,0.0,0.019715,4.0,0.985,-0.021307926644415904,0.7740857700506846,-0.006050959763039525,1.4260666641045342e-05,5.415651827433976e-06,402481.25825,1.0,338737.34532812505,1.12176296559331e-07,32143.924700370742,5760.0,1.0,,6,,,,,,,,
13.190364434001822,0.005889730983957027,0.07759602864583333,0.0,0.0,0.0196675,4.0,0.9825,-0.028002788526161265,0.7588090685506662,-0.013083829961639518,1.730061592297716e-05,6.376861913774216e-06,461087.56974999997,1.0,383019.3009960938,1.12176296559331e-07,36123.9148859683,5760.0,1.0,,7,,,,,,,,
13.315975986999547,0.006429557477531489,0.07373046875,0.0,0.0,0.019620000000000002,4.0,0.98,-0.021875183990535636,0.7511914285520712,-0.0071421707107219845,1.7181807057416638e-05,7.287904954485687e-06,502056.955,1.0,410295.507203125,1.12176296559331e-07,35945.75957296628,5760.0,1.0,,8,,,,,,,,
12.983335380999051,0.008643007289113788,0.12223307291666667,0.0,0.0,0.0195725,4.0,0.9775,-0.027712627314031124,0.726241409778595,-0.013502235698979348,1.4679362910404356e-05,5.000829579178874e-06,492733.88224999997,1.0,438209.9152851563,1.12176296559331e-07,31286.754612153265,5760.0,1.0,,9,,,,,,,,
12.97231822699905,0.00595735705185992,0.078857421875,0.0,0.0,0.019525,4.0,0.975,-0.017250651454863448,0.7005049909154574,-0.0035782179038506,2.2069062652008142e-05,5.440683243781071e-06,562206.4970000001,1.0,490434.1179375,1.12176296559331e-07,30804.78469943145,5760.0,1.0,,10,,,,,,,,
13.091969596000126,0.0062093075951755354,0.08719889322916667,0.0,0.0,0.019477500000000002,4.0,0.9725,-0.01949443344104414,0.66207762931784,-0.006602206306221585,1.6506375033031873e-05,3.4776536542343215e-06,569128.129,1.0,511739.0608828125,1.12176296559331e-07,22989.27412892758,5760.0,1.0,,11,,,,,,,,
13.106040586000745,0.0068267091022183495,0.09358723958333333,0.0,0.0,0.01943,4.0,0.97,-0.017912911367602646,0.6536332766215006,-0.00521651945503739,1.9948105375533487e-05,3.4163564350819797e-06,566821.3662500001,1.0,524620.278953125,1.12176296559331e-07,21293.14732611587,5760.0,1.0,,12,,,,,,,,
13.042323992998718,0.008277194449571349,0.1094970703125,0.0,0.0,0.0193825,4.0,0.9675,-0.018314539299656946,0.6162759996950626,-0.006373959971824661,2.968203938280567e-05,2.842125174614315e-06,590012.25625,1.0,549947.1497070312,1.12176296559331e-07,19526.629794712964,5760.0,1.0,,13,,,,,,,,
12.979658497002674,0.006683063706683849,0.0858154296875,0.0,0.0,0.019335,4.0,0.965,-0.015407691564178094,0.619830938676993,-0.0034353916125837713,9.817699428064468e-05,4.62623602951832e-06,599748.825,1.0,563894.4904140625,1.12176296559331e-07,16350.729909406447,5760.0,1.0,,14,,,,,,,,
13.225705714998185,0.008699675167614865,0.10697428385416667,0.0,0.0,0.0192875,4.0,0.9625,-0.013640128774568439,0.5966093502938747,-0.002328137129855653,0.0016965369887505706,5.09170609177545e-05,612022.6387499999,1.0,571687.3879374999,1.12176296559331e-07,17492.54843175176,5760.0,1.0,,15,,,,,,,,
13.109702603000187,0.010021692045484087,0.09248860677083333,0.0,0.0,0.01924,4.0,0.96,-0.01615939084634495,0.5795318149030209,-0.0050267725115797175,0.00014759300953907464,5.627194568091909e-06,620760.93975,1.0,580617.692578125,1.12176296559331e-07,18079.976416489815,5760.0,1.0,,16,,,,,,,,
13.324062167997909,0.00947341148275882,0.11405436197916667,0.0,0.0,0.0191925,4.0,0.9575,-0.011216897401027381,0.5555717249711355,-0.0005564538587350398,1.2634030298386278e-05,2.2061887250401924e-06,625992.18125,1.0,599485.7004179688,1.12176296559331e-07,14146.761163856549,5760.0,1.0,,17,,,,,,,,
14.64237569100078,0.006643416035937359,0.0826416015625,0.0,0.0,0.019145,4.0,0.955,-0.011720187069537738,0.5530396414299806,-0.0011334816032710175,3.829818903492803e-06,1.7123220625118545e-06,630315.1475000001,1.0,608565.6917187499,1.12176296559331e-07,10786.885387650365,5760.0,1.0,,18,,,,,,,,
13.350883095998142,0.008226668836869067,0.09228515625,0.0,0.0,0.0190975,4.0,0.9525,-0.008976304612588137,0.5482004980246226,0.0014916925477640082,3.5512649011100925e-06,1.8129571988841537e-06,641731.38775,1.0,617412.141984375,1.12176296559331e-07,9745.306781491312,5760.0,1.0,,19,,,,,,,,
13.307606985999882,0.00651893484549267,0.08760579427083333,0.0,0.0,0.01905,4.0,0.95,-0.016530534960717585,0.5481880853573481,-0.0060885834391228855,3.81795992628516e-06,1.2996428514118936e-06,638403.3917500002,1.0,614938.7266289063,1.12176296559331e-07,10995.09820875237,5760.0,1.0,,20,641731.38775,636729.8805,629831.67725,70000042,617304.52065,best_of_k,636729.8805,11144.305151193537
13.398883642999863,0.006465457105756893,0.08211263020833333,0.0,0.0,0.019002500000000002,4.0,0.9475,-0.008608265993340561,0.5413654322425524,0.0016779893291338037,3.6682049540104344e-06,1.3516636911958813e-06,636299.39225,1.0,614700.8529492188,1.12176296559331e-07,10986.969407161057,5760.0,1.0,,21,,,,,,,,
13.224053119000018,0.00555881242750426,0.06636555989583333,0.0,0.0,0.018955,4.0,0.945,-0.008849619732548794,0.5121829900890589,0.0008579846374535313,2.820991118331525e-06,1.0841583737430938e-06,650096.605,1.0,628657.4629101562,1.12176296559331e-07,8082.111094901455,5760.0,1.0,,22,,,,,,,,
11.069114881996938,0.013575377062807092,0.150390625,0.0,1.0,0.0189075,2.0,0.9425,0.0012616025051102042,0.48295986528197926,0.010392341879196465,2.4951224209720144e-06,1.148584620599043e-06,646615.5785000001,1.0,631151.1584843751,1.12176296559331e-07,8240.50156438242,5760.0,1.0,,23,,,,,,,,
13.130620220999845,0.0046910682359945595,0.052693684895833336,0.0,0.0,0.018860000000000002,4.0,0.94,-0.009962196287233382,0.485186035434405,-0.0008125413636056086,2.343623537607679e-06,1.4379063486558152e-06,650243.3030000001,1.0,633061.5744414063,1.12176296559331e-07,8827.918391414312,5760.0,1.0,,24,,,,,,,,
13.273919823001052,0.005337073309040837,0.06103515625,0.0,0.0,0.0188125,4.0,0.9375,-0.011440855916589499,0.46536808895568055,-0.002687873027753085,4.184663597565456e-06,2.671679376694177e-06,650554.3195,1.0,638930.50540625,1.12176296559331e-07,6735.851724261437,5760.0,1.0,,25,,,,,,,,
13.155741635000595,0.007524932804396182,0.0916748046875,0.0,0.0,0.018765,4.0,0.935,-0.01617507001113457,0.455764298637708,-0.007623607971860717,3.5933581988463934e-06,1.1926460459221744e-06,654144.7990000001,1.0,642853.811796875,1.12176296559331e-07,6097.052026965006,5760.0,1.0,,26,,,,,,,,
13.247684689999005,0.006345670313597414,0.07926432291666667,0.0,0.0,0.0187175,4.0,0.9325,-0.008005623307932789,0.45684186927974224,0.0005389825431241965,4.6549994304238375e-05,3.352416303670225e-06,655021.6287499999,1.0,642498.3339921875,1.12176296559331e-07,5531.122523473665,5760.0,1.0,,27,,,,,,,,
13.335832954002399,0.004566813223542947,0.056844075520833336,0.0,0.0,0.01867,4.0,0.9299999999999999,-0.009617292943100134,0.44599702830115956,-0.001298664273538937,2.8990369531337972e-05,1.0473631692301902e-05,659983.31675,1.0,644315.1677070312,1.12176296559331e-07,6861.668012169272,5760.0,1.0,,28,,,,,,,,
13.075022846998763,0.006759142077044089,0.08719889322916667,0.0,0.0,0.0186225,4.0,0.9275,-0.006641331487723316,0.44210005924105644,0.0013415966871737812,0.00010945942777122279,0.00047826961419872305,655279.24,1.0,645882.613984375,1.12176296559331e-07,5698.6316592793455,5760.0,1.0,,29,,,,,,,,
13.233562598998105,0.008385414436664481,0.08919270833333333,0.0,0.0,0.018575,4.0,0.925,-0.009055731740469733,0.4335948061197996,-0.0011048250598832965,0.0007499370444179476,5.624562198865609e-05,659491.02125,1.0,647417.8954882813,1.12176296559331e-07,5447.093376564382,5760.0,1.0,,30,,,,,,,,
13.099396072000673,0.006543080085066322,0.07438151041666667,0.0,0.0,0.018527500000000002,4.0,0.9225,-0.005167748129072909,0.4143214138845603,0.0023024772914747396,0.0020312922742202013,5.971464474896493e-06,661368.2125,1.0,649520.3464140624,1.12176296559331e-07,5782.381244849102,5760.0,1.0,,31,,,,,,,,
13.143368974000623,0.007787750161999914,0.09322102864583333,0.0,0.0,0.01848,4.0,0.92,-0.004042095805440719,0.4160078863302867,0.0036103672076327107,0.000348471701509349,1.0298074890613407e-06,660281.376,1.0,649334.6900273438,1.12176296559331e-07,5813.121416582739,5760.0,1.0,,32,,,,,,,,
13.210842371998297,0.0073853260992867336,0.0921630859375,0.0,0.0,0.0184325,4.0,0.9175,-0.002625271173504492,0.4166370462626219,0.0050477806556349,6.20843414888365e-05,8.048704032148635e-07,658890.5009999999,1.0,647791.961484375,1.12176296559331e-07,6060.235980844275,5760.0,1.0,,33,,,,,,,,
12.96314876299948,0.012371363326224127,0.13834635416666666,0.0,0.0,0.018385,4.0,0.915,-0.00645956771040801,0.39941157090167206,0.0008829176852790018,4.313512619091853e-06,5.304240010180669e-07,661350.756,1.0,651718.7588320313,1.12176296559331e-07,4597.261897602695,5760.0,1.0,,34,,,,,,,,
13.126909278998937,0.008803302339496591,0.10050455729166667,0.0,0.0,0.0183375,4.0,0.9125,-0.004947472606242324,0.3852520529180765,0.002116691214420522,1.454951617555859e-06,5.004700831534592e-07,662902.5402500001,1.0,653178.0261914062,1.12176296559331e-07,4776.127796721215,5760.0,1.0,,35,,,,,,,,
13.012024440999085,0.009871148694941212,0.1129150390625,0.0,0.0,0.01829,4.0,0.91,-0.0020233146691073975,0.38480880359808606,0.005014407099224627,1.878355999925437e-06,4.877199225224634e-07,663366.8155,1.0,655021.3242773438,1.12176296559331e-07,3687.435025399018,5760.0,1.0,,36,,,,,,,,
12.933368768000946,0.0066969491670647585,0.08430989583333333,0.0,0.0,0.018242500000000002,4.0,0.9075,-0.005898145464016125,0.3844643384218216,0.0011150809586979449,1.195819991769061e-06,4.899913725135244e-07,662451.6314999999,1.0,654838.3478359375,1.12176296559331e-07,4843.717031380324,5760.0,1.0,,37,,,,,,,,
13.025827849000052,0.004482322280296103,0.053955078125,0.0,0.0,0.018195,4.0,0.905,-0.005593643902102485,0.3730079947660367,0.0011928988193782668,1.1294393983026414e-06,4.4863639677335715e-07,663378.4845,1.0,655795.3040546875,1.12176296559331e-07,3914.434488200108,5760.0,1.0,,38,,,,,,,,
13.009435605999897,0.004702649705867164,0.058024088541666664,0.0,0.0,0.0181475,4.0,0.9025,-0.009612090526691949,0.369149599224329,-0.002913270737432564,1.0539380414324266e-06,4.3336525360852346e-07,664288.8725,1.0,655619.6495390625,1.12176296559331e-07,4177.866793482348,5760.0,1.0,,39,,,,,,,,
13.012027182998281,0.005800846334447367,0.070068359375,0.0,0.0,0.0181,4.0,0.9,-0.004998916299276364,0.3515361286699772,0.0013632482344595094,4.551659751920549e-06,3.6858171389061073e-07,663241.9310000001,1.0,657915.167,1.12176296559331e-07,2923.4178815371774,5760.0,1.0,,40,664288.8725,664265.21575,664788.39725,70000042,658162.4790916666,best_of_k,664265.21575,3529.9236534546567
13.094608749001054,0.0075318406359485834,0.0936279296875,0.0,0.0,0.0180525,4.0,0.8975,-0.009470420996270454,0.3479660004377365,-0.0031897956165873134,8.20580800583078e-06,4.1961140636222655e-07,662894.417,1.0,656458.0661406249,1.12176296559331e-07,4550.017912646397,5760.0,1.0,,41,,,,,,,,
12.967141344000993,0.009285530976853806,0.0980224609375,0.0,0.0,0.018005,4.0,0.895,-0.004713822699462374,0.3433175341536601,0.0014666132628917694,7.64212408554954e-06,4.644327873393195e-07,664534.8295,1.0,658564.7386289062,1.12176296559331e-07,3327.3332316591086,5760.0,1.0,,42,,,,,,,,
12.938732790000358,0.007143728506491698,0.08964029947916667,0.0,0.0,0.0179575,4.0,0.8925,-0.003683649546777209,0.3344916347414255,0.0023152856156229973,7.463946329622217e-05,4.6836570769907365e-07,666082.66925,1.0,659207.5028476563,1.12176296559331e-07,2728.14103795036,5760.0,1.0,,43,,,,,,,,
12.89104224699986,0.007343450913329737,0.08390299479166667,0.0,0.0,0.017910000000000002,4.0,0.89,-0.003740910266060382,0.3463890527685483,0.0024322500879255435,0.00030313811475934926,7.075366183310431e-07,665779.1195,1.0,659197.5425859375,1.12176296559331e-07,2986.123339169573,5760.0,1.0,,44,,,,,,,,
13.001490120001108,0.005260267359375348,0.0614013671875,0.0,0.0,0.0178625,4.0,0.8875,-0.006940533232409507,0.35366838177045185,-0.0022041194800597927,0.015535572835233324,5.4861220379602095e-05,663347.3417500001,1.0,658154.2132695313,1.12176296559331e-07,3429.6856488840585,5760.0,1.0,,45,,,,,,,,
12.847023383001215,0.008690654760656003,0.08988444010416667,0.0,0.0,0.017815,4.0,0.885,-0.007434950554549384,0.3467605027059714,-0.001281921926420182,0.00019533478429896908,9.952229123181647e-06,667147.3875,1.0,659194.414734375,1.12176296559331e-07,3072.747915567779,5760.0,1.0,,46,,,,,,,,
13.330684009000834,0.009019874936626593,0.08760579427083333,0.0,0.0,0.017767500000000002,4.0,0.8825000000000001,-0.005108619254315272,0.3332880449791749,0.000809740119924148,8.061366571610051e-06,5.05923212005636e-06,666197.2475,1.0,659865.6132187501,1.12176296559331e-07,2574.7774303510173,5760.0,1.0,,47,,,,,,,,
13.1584010689985,0.006317305764184766,0.07515462239583333,0.0,0.0,0.01772,4.0,0.88,-0.004203864441175635,0.3366769539813201,0.001760682527674362,2.973847050687558e-06,2.1428004017091475e-06,665308.764,1.0,659250.9514101562,1.12176296559331e-07,2411.082746845499,5760.0,1.0,,48,,,,,,,,
12.858844499001862,0.00868622654073666,0.08154296875,0.0,0.0,0.0176725,4.0,0.8775,0.002878425298452688,0.35194448940455914,0.009096045861952007,2.426216890209313e-06,3.7516514813281296e-06,664303.0885,1.0,659112.1883789063,1.12176296559331e-07,3145.689936460105,5760.0,1.0,,49,,,,,,,,
13.003911610001524,0.005471624953438929,0.058797200520833336,0.0,0.0,0.017625000000000002,4.0,0.875,-0.008296791245811619,0.34042080367604893,-0.002297297449937711,2.144114330822807e-06,4.163563319300086e-07,664849.2245,1.0,660023.6374335939,1.12176296559331e-07,3191.4594037229667,5760.0,1.0,,50,,,,,,,,
13.054867478000233,0.006691269972767107,0.07267252604166667,0.0,0.0,0.0175775,4.0,0.8725,0.0010212889853088807,0.3349408072729905,0.0069083673297427595,1.7720731501450853e-06,3.3220356835765113e-07,666943.5942500001,1.0,661755.2762890625,1.12176296559331e-07,2828.4062528655963,5760.0,1.0,,51,,,,,,,,
13.145575427999574,0.007453076121360406,0.069580078125,0.0,0.0,0.01753,4.0,0.87,-0.008430595766791763,0.33510115059713524,-0.0025567305468333266,2.280319345497143e-06,4.5962276296052096e-07,666294.31025,1.0,660790.2163046876,1.12176296559331e-07,2406.2455663201654,5760.0,1.0,,52,,,,,,,,
12.968344443001115,0.010082260945248814,0.08780924479166667,0.0,0.0,0.0174825,4.0,0.8674999999999999,-0.0008518611575709656,0.3341888089974721,0.004990215316259612,2.1998078831112857e-06,3.185828910308904e-07,665560.16375,1.0,660634.1254492188,1.12176296559331e-07,2552.0937452016315,5760.0,1.0,,53,,,,,,,,
13.020674331000919,0.009340487572449282,0.09635416666666667,0.0,0.0,0.017435,4.0,0.865,0.000712560664396733,0.3297717260817687,0.0064580931890911115,3.869437891760678e-05,3.354378132295703e-07,667336.8055,1.0,660748.423265625,1.12176296559331e-07,3370.3165521723536,5760.0,1.0,,54,,,,,,,,
13.111265477000416,0.004746194672307524,0.050699869791666664,0.0,0.0,0.0173875,4.0,0.8625,-0.0032760954151550927,0.33207727534075576,0.0024968683913660548,8.500175297854184e-06,3.5982693683915085e-07,665043.91325,1.0,660256.8490039062,1.12176296559331e-07,2721.9475213424716,5760.0,1.0,,55,,,,,,,,
12.942120062001777,0.0076542978239094355,0.08467610677083333,0.0,0.0,0.01734,4.0,0.86,-0.00620639154900952,0.335927094022433,-0.0003822591194572548,3.456903300502745e-06,9.959282086432115e-07,667718.05475,1.0,659501.1550976562,1.12176296559331e-07,3043.3336595304695,5760.0,1.0,,56,,,,,,,,
13.093568342999788,0.008526030657115768,0.0723876953125,0.0,0.0,0.017292500000000002,4.0,0.8575,-0.005360848110285588,0.33601996302604675,0.0004469759587664157,1.3246717477007526e-06,5.338068834367012e-06,665792.8287500001,1.0,660382.1634609374,1.12176296559331e-07,2832.971973233226,5760.0,1.0,,57,,,,,,,,
13.112496614998236,0.006604775671353498,0.06831868489583333,0.0,0.0,0.017245,4.0,0.855,-0.005033698893385008,0.31901965849101543,0.0004607463294329743,1.3315375326783396e-06,1.383073177467035e-05,669221.25225,1.0,661799.30996875,1.12176296559331e-07,2652.346243353426,5760.0,1.0,,58,,,,,,,,
13.059115010000824,0.012095583994977233,0.10978190104166667,0.0,0.0,0.0171975,4.0,0.8525,-0.003889360377797857,0.31432523392140865,0.001493112261717518,1.2410984216633854e-06,4.6023455274972015e-05,666763.35725,1.0,662328.8916796874,1.12176296559331e-07,2599.1883146176006,5760.0,1.0,,59,,,,,,,,
13.063283496998338,0.009312024179602455,0.0950927734375,0.0,0.0,0.017150000000000002,4.0,0.85,-0.006379136951485028,0.3030394781380892,-0.0011877629925341655,1.5669033336015066e-06,1.1192352043683703e-05,668469.9549999998,1.0,662353.0231484375,1.12176296559331e-07,3056.8344203076413,5760.0,1.0,,60,669221.25225,667210.02175,670268.0045,70000042,662256.8700833333,best_of_k,667210.02175,2723.46478780602
13.517637699998886,0.013118962761860567,0.13509114583333334,0.0,1.0,0.0171025,4.0,0.8475,-0.00369350632536225,0.2911056273927291,0.0012841188872698694,2.612809069546529e-06,1.496708012638237e-06,667581.0515000001,1.0,661692.0014492188,1.12176296559331e-07,3421.808742842609,5760.0,1.0,,61,,,,,,,,
13.15463571500004,0.008164833708159827,0.08768717447916667,0.0,0.0,0.017055,4.0,0.845,-0.0036043777993957824,0.28866874737044174,0.0013181701651774347,2.405734700043164e-06,9.144600282932439e-07,669266.03575,1.0,662579.2526367188,1.12176296559331e-07,2950.900333423049,5760.0,1.0,,62,,,,,,,,
12.224808340000891,0.014951164287231854,0.1203342013888889,0.0,1.0,0.017007500000000002,3.0,0.8425,-0.007452730011815826,0.2828707488046752,-0.002707727861383723,8.737063781280894e-05,0.00011437143910736975,667967.36025,1.0,662997.1730429687,1.12176296559331e-07,2641.458770356327,5760.0,1.0,,63,,,,,,,,
13.202282487000048,0.007642470853520915,0.07820638020833333,0.0,0.0,0.01696,4.0,0.84,-0.005133546287349115,0.28968476473043364,-0.0002491706788229446,4.383523149916376e-05,4.8589821936081044e-05,668542.2282499999,1.0,663268.8548984376,1.12176296559331e-07,2745.7772566619647,5760.0,1.0,,64,,,,,,,,
13.403746697997121,0.007541850881179831,0.0775146484375,0.0,0.0,0.0169125,4.0,0.8375,-0.002512648527044803,0.2755219272027413,0.0021466593413303294,1.2541135063770525e-06,6.619296962403117e-07,669251.2867500001,1.0,664272.37603125,1.12176296559331e-07,2777.1146132774556,5760.0,1.0,,65,,,,,,,,
13.2175065190022,0.010814781392267511,0.09244791666666667,0.0,0.0,0.016865,4.0,0.835,4.241803253535181e-05,0.2788804192095995,0.004745515626079093,8.156303318666384e-07,2.784149447284297e-07,668956.0742500001,1.0,664267.9846640625,1.12176296559331e-07,2282.5539883552556,5760.0,1.0,,66,,,,,,,,
13.103324854997481,0.011293075501666769,0.09659830729166667,0.0,0.0,0.0168175,4.0,0.8325,-0.0002766511752270162,0.27349981976052123,0.004322735330788419,7.56932103958737e-07,2.4287165582374354e-07,669617.2975,1.0,665026.9023867187,1.12176296559331e-07,2130.595980438926,5760.0,1.0,,67,,,,,,,,
13.05484553000133,0.006316205194269268,0.059326171875,0.0,0.0,0.01677,4.0,0.83,-0.007514323728779952,0.28055745487411815,-0.0028095783442646884,7.420156021472243e-07,2.574155493206831e-07,668546.9957499999,1.0,664296.7517734375,1.12176296559331e-07,2513.1926366536622,5760.0,1.0,,68,,,,,,,,
13.295038591000775,0.007342599373904098,0.0667724609375,0.0,0.0,0.0167225,4.0,0.8275,0.0009573047088148693,0.2822006680071354,0.005676133616361767,8.444373970443545e-07,3.741273874406185e-07,669764.0835,1.0,664006.77390625,1.12176296559331e-07,2623.7121434699397,5760.0,1.0,,69,,,,,,,,
13.302882673000568,0.010525306571563439,0.0955810546875,0.0,0.0,0.016675000000000002,4.0,0.825,-0.00047202132797489565,0.280722268546621,0.004208802255258585,7.407539115433792e-07,2.909178054011363e-07,668540.1835,1.0,664624.432234375,1.12176296559331e-07,2225.7154778145946,5760.0,1.0,,70,,,,,,,,
13.169067294998968,0.00988905311582755,0.09370930989583333,0.0,0.0,0.0166275,4.0,0.8225,-0.0019339072168804705,0.2746365504960219,0.002632363165806358,9.039932133229437e-07,3.160000587124993e-07,669226.00825,1.0,663395.7328359375,1.12176296559331e-07,3843.978271048548,5760.0,1.0,,71,,,,,,,,
13.126665367002715,0.010373313674106063,0.08390299479166667,0.0,0.0,0.01658,4.0,0.8200000000000001,0.0007355432220113775,0.26615292485803366,0.005148183612618595,7.751644754231771e-07,1.9627750387959017e-07,669375.73675,1.0,665712.712328125,1.12176296559331e-07,2236.0056498864583,5760.0,1.0,,72,,,,,,,,
10.808531170998322,0.01619038700514371,0.057291666666666664,0.0,1.0,0.016532500000000002,2.0,0.8175,-0.002619701282431682,0.27238605668147403,0.0018832772814979155,1.139419336955901e-06,2.598794649107579e-07,669260.3415,1.0,665172.6224648438,1.12176296559331e-07,2547.128793707706,5760.0,1.0,,73,,,,,,,,
12.810339380001096,0.01284579164415097,0.0955810546875,0.0,1.0,0.016485,4.0,0.815,-0.0002671748128098746,0.26839099172502756,0.004157063861687978,7.699373713402716e-07,2.199976680827831e-07,669459.17975,1.0,665600.2627539062,1.12176296559331e-07,2259.736771627073,5760.0,1.0,,74,,,,,,,,
13.064856454999244,0.014016470806255418,0.09346516927083333,0.0,0.0,0.0164375,4.0,0.8125,-0.0005066449327083925,0.2685514908904831,0.003907483323321988,7.292001148092216e-07,2.283673801173336e-07,669540.327,1.0,665625.3456796876,1.12176296559331e-07,2230.2992568875097,5760.0,1.0,,75,,,,,,,,
13.038643399999273,0.014325448526194625,0.08805338541666667,0.0,1.0,0.016390000000000002,4.0,0.81,-0.0014514118471803765,0.2655247813090682,0.0029003659922940037,5.952081938431775e-07,2.2774402512008388e-07,669408.1355,1.0,666075.8317304688,1.12176296559331e-07,2829.9602472819456,5760.0,1.0,,76,,,,,,,,
12.868093542001589,0.009932620813392154,0.08492024739583333,0.0,0.0,0.0163425,4.0,0.8075,-0.003123591527886068,0.2597134665896495,0.0011206035657475393,6.334129635613787e-07,2.1709423325688704e-07,670355.032,1.0,666730.7856640625,1.12176296559331e-07,1914.0184456781321,5760.0,1.0,,77,,,,,,,,
12.931447454997397,0.010184179622778325,0.07682291666666667,0.0,0.0,0.016295,4.0,0.8049999999999999,-0.003947428146299596,0.2583366334438324,0.0002619706210680306,7.088644077650011e-07,2.511555792968541e-07,670080.94275,1.0,666014.31,1.12176296559331e-07,3249.1805761195883,5760.0,1.0,,78,,,,,,,,
12.953786733000015,0.010841209388814832,0.08626302083333333,0.0,0.0,0.0162475,4.0,0.8025,-0.00754448986845091,0.24730990858127674,-0.003526834916556254,6.350173376764209e-07,8.966638151974848e-07,670038.2327500001,1.0,665690.6325195313,1.12176296559331e-07,2414.6577356933954,5760.0,1.0,,79,,,,,,,,
13.233231713998975,0.01000796716479376,0.07828776041666667,0.0,0.0,0.0162,4.0,0.8,-0.002237632686349874,0.2599568761264284,0.0019733985730757317,5.98167972635603e-07,4.2087216082601725e-07,669507.9670000002,1.0,665756.4510937501,1.12176296559331e-07,1971.5973182162177,5760.0,1.0,,80,670355.032,668049.6177500001,667511.8770000001,70000042,664046.4705333334,best_of_k,668049.6177500001,2175.659900712802
13.32150146999993,0.008581551623085678,0.07373046875,0.0,0.0,0.0161525,4.0,0.7975,0.0008378552107994134,0.2544594161833326,0.004947741457726806,6.809915712816897e-07,4.0223068549967894e-07,670164.7117500001,1.0,664820.6056054689,1.12176296559331e-07,2134.595304527755,5760.0,1.0,,81,,,,,,,,
13.187169757999072,0.008265798922238332,0.0692138671875,0.0,0.0,0.016105,4.0,0.795,-0.00414640146967334,0.25535023647050065,-3.436000163977345e-05,7.029484099992563e-07,6.063958419844084e-07,669779.68225,1.0,664498.11440625,1.12176296559331e-07,2341.516999079136,5760.0,1.0,,82,,,,,,,,
13.279680703002668,0.0061395815403919585,0.056966145833333336,0.0,0.0,0.016057500000000002,4.0,0.7925,0.0019961742024558284,0.2559901395191749,0.006103731381396453,6.28760933096828e-07,5.882784477625099e-06,670743.747,1.0,665327.1324257813,1.12176296559331e-07,2544.4771410693456,5760.0,1.0,,83,,,,,,,,
13.207583366998733,0.013167283764070467,0.10038248697916667,0.0,1.0,0.01601,4.0,0.79,0.0018589639900407444,0.25299081454674405,0.0058570900388682885,1.5009434844633536e-06,0.00010421455403530899,670569.9322500001,1.0,664821.2283671875,1.12176296559331e-07,2916.480776240073,5760.0,1.0,,84,,,,,,,,
13.1101500199984,0.012837126116088152,0.0892333984375,0.0,0.0,0.0159625,4.0,0.7875,-0.006082420940704954,0.2673457022756338,-0.0018419772483563672,3.2263212913126913e-06,5.347882962780659e-05,669698.3647500001,1.0,665070.2132070311,1.12176296559331e-07,3397.5431821757793,5760.0,1.0,,85,,,,,,,,
13.125985769998806,0.008632074320084135,0.0899658203125,0.0,0.0,0.015915,4.0,0.785,-0.0032777869588850686,0.2905946870644887,0.001305973690856869,7.815794991946253e-06,8.054471770435612e-05,666460.134,1.0,658839.0671914064,1.12176296559331e-07,3374.329302775734,5760.0,1.0,,86,,,,,,,,
13.200476392001292,0.008324041158243034,0.08024088541666667,0.0,0.0,0.0158675,4.0,0.7825,-0.004073651759730031,0.2778032757341862,0.00030054262606427073,7.016501240760438e-06,6.629606150454492e-05,667455.688,1.0,658733.13121875,1.12176296559331e-07,4773.142258589574,5760.0,1.0,,87,,,,,,,,
13.15529942700232,0.007384228230493524,0.07568359375,0.0,0.0,0.01582,4.0,0.78,-0.004029941842115174,0.2727496102452278,0.00025213940534740686,1.4102679164314699e-05,6.281470255586896e-05,668290.1295,1.0,660516.6269414064,1.12176296559331e-07,4140.928667184876,5760.0,1.0,,88,,,,,,,,
12.9977920909987,0.016190362970488554,0.10713704427083333,0.0,1.0,0.015772500000000002,4.0,0.7775,0.0027264313927541175,0.27605497029920417,0.007078436736871178,4.348882248687384e-06,3.2734322677659597e-06,668797.4887500001,1.0,658515.1583750001,1.12176296559331e-07,5067.028644851154,5760.0,1.0,,89,,,,,,,,
12.289491325998824,0.016336074840195478,0.12608506944444445,0.0,1.0,0.015725,3.0,0.775,0.0005079303583544162,0.2805042680766847,0.004917049780488014,4.4881490642486215e-06,2.723404057923694e-06,667024.4815,1.0,658918.9522656251,1.12176296559331e-07,4371.329701154903,5760.0,1.0,,90,,,,,,,,
12.966253140002664,0.0076033747063230335,0.06583658854166667,0.0,0.0,0.0156775,4.0,0.7725,-0.004803953954251483,0.2799188873420159,-0.00041612383211031556,1.1650834939776662e-06,9.632439864996438e-07,667145.061,1.0,656090.1246015625,1.12176296559331e-07,5337.934542266399,5760.0,1.0,,91,,,,,,,,
13.10094998400018,0.005692838398365059,0.056193033854166664,0.0,0.0,0.01563,4.0,0.77,-0.003896231961941036,0.28486906240383786,0.0005557314725592732,1.5914132447392149e-06,7.620428116676218e-07,665699.1327500001,1.0,656432.3341757813,1.12176296559331e-07,5681.079163683276,5760.0,1.0,,92,,,,,,,,
12.99772674199994,0.009072889645627432,0.0848388671875,0.0,0.0,0.015582499999999999,4.0,0.7675,-0.003505602217046544,0.2767439056187868,0.0008064170542638749,8.097024952746779e-07,5.230055138601605e-07,667338.748,1.0,659078.6820156251,1.12176296559331e-07,4948.0551664530885,5760.0,1.0,,93,,,,,,,,
13.035192155999539,0.009459785009507726,0.09004720052083333,0.0,0.0,0.015535,4.0,0.765,-0.0007933902088552713,0.27020707664390403,0.003404041985049844,8.118565144599188e-07,3.0735685937107365e-07,668788.9857499999,1.0,662217.1349726564,1.12176296559331e-07,3906.343231995037,5760.0,1.0,,94,,,,,,,,
12.871185612999398,0.009429774121874365,0.08475748697916667,0.0,0.0,0.015487500000000001,4.0,0.7625,-0.002123789192410186,0.2638588867460688,0.001962529970721031,6.244643617018634e-07,2.658043722902903e-07,668078.1252499999,1.0,662694.6560546875,1.12176296559331e-07,3358.8746741467853,5760.0,1.0,,95,,,,,,,,
11.834280069997476,0.012783364476291581,0.10687934027777778,0.0,1.0,0.01544,3.0,0.76,0.0043367429946859675,0.26249060531457263,0.008389434363279078,4.939713215258557e-07,2.2908673950420658e-07,669224.8964999999,1.0,664808.5648867188,1.12176296559331e-07,2392.0341574165855,5760.0,1.0,,96,,,,,,,,
12.943575380999391,0.008764068417772108,0.07145182291666667,0.0,0.0,0.0153925,4.0,0.7575000000000001,-0.008556094374701692,0.2640486443415284,-0.004491913229382287,5.652669733772578e-07,2.6309408607261275e-07,669278.3065,1.0,663720.4544257813,1.12176296559331e-07,2602.207295558443,5760.0,1.0,,97,,,,,,,,
13.036444688998017,0.007744829166085765,0.07035319010416667,0.0,0.0,0.015345000000000001,4.0,0.755,-0.002325599033307905,0.25774370195964974,0.0016292309543738763,1.4300847398137269e-06,2.0745515616482635e-07,669170.1807499999,1.0,664999.98609375,1.12176296559331e-07,2264.3817727854034,5760.0,1.0,,98,,,,,,,,
13.115770709999197,0.007895615789807428,0.07181803385416667,0.0,0.0,0.0152975,4.0,0.7525,-0.003519878751831129,0.25938266577819985,0.0004478858512205382,4.365467702882597e-07,1.9619631815478064e-07,671127.35025,1.0,665697.1771875,1.12176296559331e-07,1967.410567597383,5760.0,1.0,,99,,,,,,,,
13.110240896003234,0.011000582842601858,0.08772786458333333,0.0,0.0,0.01525,4.0,0.75,-0.0036191140922407308,0.25658218283206224,0.00029349999385885894,1.5699894012991915e-06,2.1425825972679982e-07,670008.5287499999,1.0,665546.1875507813,1.12176296559331e-07,2124.4955790952577,5760.0,1.0,,100,671127.35025,669947.1482500001,670689.95325,70000042,665577.9638166666,best_of_k,669947.1482500001,2016.8066734717224
11.113153225000133,0.013437169198006416,0.10221354166666667,0.0,1.0,0.0152025,2.0,0.7475,0.005392765956154714,0.2571789752691984,0.00930236594285816,6.87477946570425e-07,1.910820278302102e-07,669870.18475,1.0,666059.25140625,1.12176296559331e-07,1826.503284722156,5760.0,1.0,,101,,,,,,,,
13.209464024999761,0.007948531476735354,0.07564290364583333,0.0,0.0,0.015155,4.0,0.745,-0.003519523020562095,0.2588987899944186,0.00040388619527220726,9.968967678020135e-07,2.0369278974641247e-07,670006.3215000001,1.0,665804.3137695312,1.12176296559331e-07,2055.569993427689,5760.0,1.0,,102,,,,,,,,
13.147669322002912,0.006927158971852994,0.074951171875,0.0,0.0,0.0151075,4.0,0.7424999999999999,-0.002512181362059588,0.27033371198922396,0.0015715109087371577,2.554066457586638e-06,2.3834329887506556e-07,669650.5955,1.0,666037.2502226562,1.12176296559331e-07,1921.924984190069,5760.0,1.0,,103,,,,,,,,
13.104844590001449,0.007477084954452096,0.08048502604166667,0.0,0.0,0.01506,4.0,0.74,-0.007049015834733534,0.2751613973329465,-0.002905959564183528,7.510177812974916e-06,2.4746397642161355e-07,671069.2760000001,1.0,666311.11690625,1.12176296559331e-07,1964.326078659659,5760.0,1.0,,104,,,,,,,,
13.30949498300106,0.007538986783188761,0.07499186197916667,0.0,0.0,0.015012500000000002,4.0,0.7375,-0.005184606207573476,0.25965381941447657,-0.0012878141133114696,1.1396065818421638e-05,2.4213524459545016e-07,670940.5239999999,1.0,666072.1974375,1.12176296559331e-07,2214.226331492449,5760.0,1.0,,105,,,,,,,,
13.165710465000302,0.01047327017785804,0.08455403645833333,0.0,1.0,0.014965,4.0,0.735,-0.0032586344508066154,0.2506649022301038,0.0004917199451786777,6.717233234828275e-06,3.4753601596548833e-07,670391.54675,1.0,666224.4790234375,1.12176296559331e-07,2510.502748867391,5760.0,1.0,,106,,,,,,,,
11.093946696997591,0.01408295285771762,0.10465494791666667,0.0,1.0,0.0149175,2.0,0.7324999999999999,0.004977813727843265,0.2508908820648988,0.00871957316606616,8.014137251895667e-06,2.0758427983954183e-07,670487.61925,1.0,665710.447828125,1.12176296559331e-07,2500.5664719531896,5760.0,1.0,,107,,,,,,,,
13.072760917999403,0.01193891985539608,0.10750325520833333,0.0,0.0,0.014870000000000001,4.0,0.73,0.0013283874189558749,0.25558859823892516,0.005128616108171021,2.5365394063688504e-06,2.398661938703602e-07,670695.82925,1.0,666209.6144882813,1.12176296559331e-07,2055.8660012235177,5760.0,1.0,,108,,,,,,,,
13.039085344000341,0.011181436760708152,0.10331217447916667,0.0,0.0,0.014822499999999999,4.0,0.7275,-0.00044011038456422585,0.2514307812477152,0.00328604430736353,5.523486516760083e-06,2.508159303952577e-07,670818.9085,1.0,666095.0727890625,1.12176296559331e-07,2292.1852027847735,5760.0,1.0,,109,,,,,,,,
13.115265872998862,0.010035673681330218,0.085205078125,0.0,0.0,0.014775,4.0,0.725,-0.0032577277064168206,0.24328382841000953,0.0003354153595864773,1.1469309357655296e-05,4.5824253606478277e-07,669113.61075,1.0,664389.4102695312,1.12176296559331e-07,2749.4806881853065,5760.0,1.0,,110,,,,,,,,
13.235572515000968,0.010109212319044639,0.09187825520833333,0.0,0.0,0.014727500000000001,4.0,0.7224999999999999,-0.002077491721138358,0.23818909407903752,0.0014302718142668407,5.131185100519057e-07,2.3017560272601637e-07,669606.51975,1.0,665019.2435820312,1.12176296559331e-07,2785.713830793346,5760.0,1.0,,111,,,,,,,,
13.30644535600004,0.008436364894931714,0.07600911458333333,0.0,0.0,0.01468,4.0,0.72,0.002838340505453137,0.2421176511173447,0.0063924814069954055,3.626118611303279e-07,2.2028466754401657e-07,669379.9192500002,1.0,665089.4444140625,1.12176296559331e-07,2682.7133783479394,5760.0,1.0,,112,,,,,,,,
13.057590169999457,0.008861627837421318,0.08894856770833333,0.0,0.0,0.014632500000000001,4.0,0.7175,0.0009671926236478612,0.24001524411141872,0.004479088674997911,3.327331867808425e-07,1.8681264890574312e-07,670138.3232500001,1.0,664625.8922968751,1.12176296559331e-07,2260.676939593558,5760.0,1.0,,113,,,,,,,,
13.105766934000712,0.010786966834637349,0.09130859375,0.0,0.0,0.014585,4.0,0.7150000000000001,-0.005302818511457493,0.2361728468288978,-0.0018585057502302031,1.274761624851332e-06,2.803998310578019e-07,669345.0637500001,1.0,664065.3447148437,1.12176296559331e-07,2168.5981892838304,5760.0,1.0,,114,,,,,,,,
13.053619737998815,0.006220525333406002,0.060384114583333336,0.0,0.0,0.014537500000000002,4.0,0.7125,0.0033603487730336687,0.22745048937698206,0.006666340768182029,3.7165312907205816e-06,3.9548589114701826e-07,668944.4155,1.0,665352.0662109375,1.12176296559331e-07,2140.153957711634,5760.0,1.0,,115,,,,,,,,
13.070900392001931,0.008156345102465915,0.06746419270833333,0.0,0.0,0.014490000000000001,4.0,0.71,-0.0007099238864611834,0.2224952798957626,0.0025138009417181215,8.666805868529082e-07,2.906839882873176e-07,669076.5332500001,1.0,665251.8369960939,1.12176296559331e-07,2104.4000167869435,5760.0,1.0,,116,,,,,,,,
13.135459609999089,0.006179935558045339,0.059122721354166664,0.0,0.0,0.0144425,4.0,0.7075,0.002911659044912085,0.22676192596554756,0.006186533156627168,3.152212322277137e-07,2.0726657042520932e-07,668479.13075,1.0,664439.8671640626,1.12176296559331e-07,1776.1082944451182,5760.0,1.0,,117,,,,,,,,
13.088220623998495,0.008802940285220847,0.08158365885416667,0.0,0.0,0.014395000000000002,4.0,0.7050000000000001,0.00010264962232516457,0.23320052307099104,0.003459451603703201,3.430689030636813e-07,1.7140773570882098e-07,669470.5232500001,1.0,664939.220984375,1.12176296559331e-07,2149.6287299803816,5760.0,1.0,,118,,,,,,,,
13.097602301000734,0.008054831936703385,0.08056640625,0.0,0.0,0.014347500000000001,4.0,0.7025,-0.0009135685492462168,0.2333479585746924,0.0024342586596806846,3.957680624703623e-07,1.865390585701713e-07,668695.5355,1.0,664117.27715625,1.12176296559331e-07,2164.599911497981,5760.0,1.0,,119,,,,,,,,
13.245201804002136,0.010546490322201526,0.098388671875,0.0,0.0,0.0143,4.0,0.7,0.008419456173821041,0.23329183800766864,0.011755406546096006,2.93781199071456e-07,1.8804863414582465e-07,667789.07975,1.0,662885.5272929688,1.12176296559331e-07,2491.710120872045,5760.0,1.0,,120,671127.35025,667490.4205,661573.24475,70000042,663325.3210083334,best_of_k,667490.4205,2531.2546456742725
13.155058405998716,0.010172067560059617,0.09696451822916667,0.0,0.0,0.014252500000000001,4.0,0.6975,0.002664990912307985,0.2429356457044681,0.006127265175261225,3.1383799588743006e-07,2.676681996049979e-07,667984.6012500001,1.0,663879.0447773437,1.12176296559331e-07,2272.4478579200218,5760.0,1.0,,121,,,,,,,,
13.143723626999417,0.01071485848711795,0.09220377604166667,0.0,0.0,0.014205,4.0,0.6950000000000001,-0.0003123404555177937,0.2505743857473135,0.0032463618457162133,4.846392454756673e-07,1.3175271812807903e-06,670742.672,1.0,664556.2545624999,1.12176296559331e-07,2594.4580218611145,5760.0,1.0,,122,,,,,,,,
12.901314663002267,0.0066511112126743654,0.075439453125,0.0,0.0,0.0141575,4.0,0.6925,-0.004671170613922489,0.2470740725596746,-0.0011743588062624137,1.0923976899353722e-06,2.060656817330179e-06,667986.787,1.0,664396.5694375001,1.12176296559331e-07,2056.1027204994325,5760.0,1.0,,123,,,,,,,,
13.250555179001822,0.008019743231805284,0.07747395833333333,0.0,0.0,0.014110000000000001,4.0,0.69,-0.0022849245045411712,0.24932984293748936,0.0012329447587641578,6.103825877327532e-07,2.283606397313065e-07,669765.38725,1.0,664620.5289218749,1.12176296559331e-07,2356.5046961315925,5760.0,1.0,,124,,,,,,,,
13.174067135998484,0.008999129702155292,0.096435546875,0.0,0.0,0.0140625,4.0,0.6875,0.000520231124634544,0.23895054589957,0.003880294602519522,7.457084395904682e-07,2.0732391211216358e-07,668963.78075,1.0,664172.3695703126,1.12176296559331e-07,2445.819039811605,5760.0,1.0,,125,,,,,,,,
13.192585955002869,0.0082975637498001,0.08089192708333333,0.0,0.0,0.014015,4.0,0.685,-0.0011822693777503446,0.2353200459231933,0.0021156058840764067,3.6698584941300777e-07,1.9660263520885715e-07,668334.14475,1.0,664603.0828242188,1.12176296559331e-07,1907.6826601415323,5760.0,1.0,,126,,,,,,,,
13.040798662997986,0.011292613759955236,0.0853271484375,0.0,0.0,0.0139675,4.0,0.6825,-0.0012925794386925797,0.23920595832169056,0.002048378150599698,4.0123589665578646e-07,2.238458180296258e-07,667283.73275,1.0,663642.3101367187,1.12176296559331e-07,2395.790260057218,5760.0,1.0,,127,,,,,,,,
13.068658580999909,0.009444879055293379,0.08837890625,0.0,0.0,0.01392,4.0,0.6799999999999999,-0.003724399498120571,0.2379083245371779,-0.0004128438013140112,2.6174920512526495e-07,2.0518491912942713e-07,669873.1065,1.0,665077.0430546876,1.12176296559331e-07,2654.3993306163,5760.0,1.0,,128,,,,,,,,
13.061580023000715,0.007617678700531094,0.07242838541666667,0.0,0.0,0.0138725,4.0,0.6775,0.0030906307608044394,0.22760144528001547,0.006246037839446217,1.899495349455549e-05,1.8846794288170562e-07,669455.38175,1.0,664741.8531835938,1.12176296559331e-07,2411.810108261318,5760.0,1.0,,129,,,,,,,,
11.888431153998681,0.011679383924939736,0.10801866319444445,0.0,1.0,0.013825,3.0,0.675,-0.006341158677565141,0.21134741604328156,-0.003422540845349431,3.120908371082957e-05,2.7828208162519434e-07,668830.7830000002,1.0,665340.619609375,1.12176296559331e-07,2055.3531024847093,5760.0,1.0,,130,,,,,,,,
13.035748662001424,0.008163645068293294,0.08056640625,0.0,0.0,0.013777500000000002,4.0,0.6725,-0.0009512029670683356,0.2051778125266234,0.001875379743675391,1.307519499486413e-06,2.4837053273311466e-07,670163.41075,1.0,665017.802171875,1.12176296559331e-07,2016.04427389364,5760.0,1.0,,131,,,,,,,,
13.055272927002079,0.008795337700775008,0.08719889322916667,0.0,0.0,0.01373,4.0,0.6699999999999999,-0.0008792996086413041,0.21548407493780056,0.0020790565952969096,1.415504555050499e-06,1.9757552423745514e-07,668462.95125,1.0,664277.1985273438,1.12176296559331e-07,2226.852928356401,5760.0,1.0,,132,,,,,,,,
13.114927820999583,0.009544336542565071,0.08833821614583333,0.0,0.0,0.0136825,4.0,0.6675,-0.004629369267301324,0.22508007194846869,-0.0015498443875306596,5.112415237817913e-07,1.6475145100021868e-07,669531.1745,1.0,665247.8514609375,1.12176296559331e-07,2672.9304143812933,5760.0,1.0,,133,,,,,,,,
13.16683322300014,0.012058681398295393,0.11006673177083333,0.0,0.0,0.013635000000000001,4.0,0.665,-0.0030339654040290043,0.22414837839702764,2.2014040344705183e-05,2.097358035986948e-06,1.477069041892302e-07,670274.0722500001,1.0,665365.1327226562,1.12176296559331e-07,2500.280253177053,5760.0,1.0,,134,,,,,,,,
13.347349846997531,0.008704487787382162,0.080322265625,0.0,0.0,0.013587499999999999,4.0,0.6625,-0.005484413001492309,0.22485285314420858,-0.0024293832927166172,8.525096388822817e-07,1.4704727983409308e-07,668150.2795,1.0,664410.0931640625,1.12176296559331e-07,2011.4273024172198,5760.0,1.0,,135,,,,,,,,
13.071773587998905,0.007734809011839872,0.0845947265625,0.0,0.0,0.01354,4.0,0.6599999999999999,0.00012483046642349413,0.22602427657693624,0.0031850830418989062,2.7883925509305146e-07,1.7723348625745908e-07,670070.7015000001,1.0,665627.1678632812,1.12176296559331e-07,1984.3337330216373,5760.0,1.0,,136,,,,,,,,
13.108394425998995,0.011440944752137009,0.11222330729166667,0.0,0.0,0.013492500000000001,4.0,0.6575,0.0006539423435848827,0.23068995960056782,0.0037663727804707983,3.07009708026366e-07,2.4614247203421275e-07,670750.1809999999,1.0,665891.6766523437,1.12176296559331e-07,2234.6221461836462,5760.0,1.0,,137,,,,,,,,
13.158969948999584,0.007491360909917866,0.07950846354166667,0.0,0.0,0.013445000000000002,4.0,0.655,-0.004829713250122343,0.20836629501233497,-0.0020287213750028363,3.561908471875578e-06,2.7426589147931207e-07,670963.6197500001,1.0,665333.2867578125,1.12176296559331e-07,2633.8062044278927,5760.0,1.0,,138,,,,,,,,
13.046488223000779,0.008403655297665994,0.07763671875,0.0,0.0,0.013397500000000001,4.0,0.6525000000000001,0.0023457005445379764,0.2055621755619844,0.005099617158217977,3.3277956982639506e-07,1.3829785805441475e-07,670973.302,1.0,665907.6566875,1.12176296559331e-07,2254.3148364714407,5760.0,1.0,,139,,,,,,,,
11.209982230000605,0.01567830922209268,0.08113606770833333,0.0,1.0,0.01335,2.0,0.65,0.0015394570461163919,0.20622806809842587,0.004292496984514098,2.320386685757588e-07,1.6221722868673774e-07,671072.9242499999,1.0,664718.1393710938,1.12176296559331e-07,2244.4372275695423,5760.0,1.0,,140,671127.35025,671523.71925,667039.94775,70000042,666859.6867,best_of_k,671523.71925,1627.6681953495006
13.055395407001924,0.01570578217475334,0.13911946614583334,0.0,0.0,0.013302500000000002,4.0,0.6475,0.0010105442197527736,0.2007721091310183,0.0036810968837623173,2.3550734991791464e-07,3.8948491276613595e-07,670469.94,1.0,666433.6537226562,1.12176296559331e-07,2264.534009501669,5760.0,1.0,,141,,,,,,,,
13.141690173000825,0.011168648486681457,0.08524576822916667,0.0,0.0,0.013255000000000001,4.0,0.645,-0.0001481318128450463,0.20022784763326248,0.0025057580205611885,2.027393225153181e-07,2.2089209942658764e-07,670845.79475,1.0,667115.0738554688,1.12176296559331e-07,1763.5250316387694,5760.0,1.0,,142,,,,,,,,
13.078758824998658,0.007159543649833289,0.06840006510416667,0.0,0.0,0.0132075,4.0,0.6425000000000001,-3.961093413333098e-05,0.1978360591456294,0.0025732087184830257,1.938926965650012e-07,1.6094387985295575e-07,671520.6877499999,1.0,667022.0352031251,1.12176296559331e-07,2024.5898968991137,5760.0,1.0,,143,,,,,,,,
13.05825199299943,0.007957521884875677,0.07417805989583333,0.0,0.0,0.013160000000000002,4.0,0.64,0.0017757566214034644,0.19756706772993007,0.004375637179085364,2.0761679309089232e-07,1.6095686650174912e-07,672335.8147500001,1.0,667934.5972929688,1.12176296559331e-07,2154.7898101945316,5760.0,1.0,,144,,,,,,,,
13.142198127003212,0.005935103080084343,0.0567626953125,0.0,0.0,0.013112500000000001,4.0,0.6375,8.07855831226334e-05,0.1958726200585564,0.002649078688894709,2.1642460594032778e-07,1.2919031933122938e-07,672834.9757500001,1.0,667641.0643320313,1.12176296559331e-07,2068.482068631789,5760.0,1.0,,145,,,,,,,,
13.166605804999563,0.009360729753840205,0.08418782552083333,0.0,0.0,0.013065,4.0,0.635,-0.0005887462126944835,0.1947518199061354,0.0019363031218138833,0.00016043978340896103,6.678547018819832e-06,672225.9095000001,1.0,667184.3258125,1.12176296559331e-07,1883.3347466910577,5760.0,1.0,,146,,,,,,,,
13.03521148100117,0.012962847579497764,0.08931477864583333,0.0,0.0,0.013017500000000001,4.0,0.6325000000000001,0.0003046831940688814,0.18550631372878948,0.002689912013011053,0.0002450443912778155,1.0191293986494543e-05,672650.8987499999,1.0,666627.0882929687,1.12176296559331e-07,2250.1682633215023,5760.0,1.0,,147,,,,,,,,
13.146812122002302,0.005916976857062532,0.059407552083333336,0.0,0.0,0.01297,4.0,0.63,-0.004375140983029269,0.18926231873532137,-0.001957466457194338,0.00035251437670543356,3.6117562736137643e-06,670324.9222500001,1.0,667329.9209609375,1.12176296559331e-07,1488.8416631371517,5760.0,1.0,,148,,,,,,,,
13.105858087998058,0.006323965466772681,0.058430989583333336,0.0,0.0,0.0129225,4.0,0.6275,-0.0022375822542623305,0.1796456395337979,6.119101696337263e-05,0.00013653281551739838,1.8089108984635043e-05,670412.47025,1.0,667315.6923867187,1.12176296559331e-07,1939.3586479893593,5760.0,1.0,,149,,,,,,,,
13.140343449002103,0.008107017021247684,0.07181803385416667,0.0,0.0,0.012875000000000001,4.0,0.625,0.00030558276436446857,0.16871274914592505,0.0024468044478756687,7.776316421370666e-05,4.635764081939442e-05,671058.013,1.0,666976.0306953124,1.12176296559331e-07,1832.7224887095665,5760.0,1.0,,150,,,,,,,,
13.224872823000624,0.008455202481563026,0.0703125,0.0,0.0,0.0128275,4.0,0.6225,0.0010662873877057184,0.16619985892126957,0.003121884811359147,3.801784056278734e-05,0.0001450594575752954,669886.4865,1.0,666700.7159453124,1.12176296559331e-07,2056.1002547754388,5760.0,1.0,,151,,,,,,,,
13.360758218001138,0.013070144757709143,0.09065755208333333,0.0,0.0,0.01278,4.0,0.62,-0.0004801479760014142,0.15110858033100763,0.0014314247722116609,0.00012594447629273495,1.4001141324844943e-05,670616.04675,1.0,666107.0966679687,1.12176296559331e-07,2265.383726163278,5760.0,1.0,,152,,,,,,,,
13.152893460999621,0.010270266902254596,0.09330240885416667,0.0,0.0,0.0127325,4.0,0.6174999999999999,-0.011227241775486618,0.1713433743764957,-0.00904597274105375,1.349336750777752e-06,4.528459423743432e-07,669386.9172499999,1.0,665635.83528125,1.12176296559331e-07,1689.593280137923,5760.0,1.0,,153,,,,,,,,
13.173632906000421,0.007453009018781505,0.07108561197916667,0.0,0.0,0.012685,4.0,0.615,0.004890556221653242,0.17352654784917831,0.007091574545484036,4.372837375162438e-07,2.440183838695968e-07,669568.7035000001,1.0,665238.1793359376,1.12176296559331e-07,2321.79884799295,5760.0,1.0,,154,,,,,,,,
12.95098034500188,0.01023586673841533,0.087890625,0.0,0.0,0.0126375,4.0,0.6125,0.0013886076558264904,0.18385060907651982,0.0037118396042690924,3.644734611896183e-07,2.8680401372345915e-07,671657.3184999999,1.0,666425.2267734376,1.12176296559331e-07,2087.9587173404216,5760.0,1.0,,155,,,,,,,,
12.932100046000414,0.008510402533625042,0.083740234375,0.0,0.0,0.01259,4.0,0.61,0.006095700848770018,0.17158105224370956,0.008255355680982271,3.9357539449724754e-07,1.022976159189189e-06,671596.65675,1.0,667235.0404414062,1.12176296559331e-07,1709.9277292339348,5760.0,1.0,,156,,,,,,,,
12.878563539001334,0.007825667814800616,0.06742350260416667,0.0,0.0,0.012542500000000002,4.0,0.6074999999999999,0.00495297099405434,0.16254783049225807,0.00699158979114145,2.635717383607054e-07,2.2157275125778142e-07,672001.66875,1.0,667839.9995898437,1.12176296559331e-07,1859.1208223492756,5760.0,1.0,,157,,,,,,,,
12.929840546999912,0.010153754837155008,0.07881673177083333,0.0,0.0,0.012495,4.0,0.605,0.0011791463524180774,0.16758523074289164,0.0032729955564718693,3.788837128482214e-07,1.8129115482897382e-07,671496.48025,1.0,667579.4346054686,1.12176296559331e-07,1801.9245512313023,5760.0,1.0,,158,,,,,,,,
13.044531892999657,0.006432270682283914,0.054606119791666664,0.0,0.0,0.0124475,4.0,0.6025,0.0017990240691384922,0.16288366789619127,0.0038264211713491627,2.2015204947933853e-07,1.5111880946605538e-07,670676.63825,1.0,667901.3119921875,1.12176296559331e-07,1362.0231043001552,5760.0,1.0,,159,,,,,,,,
13.085063894999621,0.009968587450705021,0.075927734375,0.0,0.0,0.012400000000000001,4.0,0.6,-6.775991399384414e-05,0.1600699775541822,0.0019170073792338371,2.457793734459794e-07,1.5281761929960189e-07,671954.337,1.0,666974.017703125,1.12176296559331e-07,2124.6447925482903,5760.0,1.0,,160,672834.9757500001,668962.8582499999,668522.8175000001,70000042,665334.3390916665,best_of_k,668962.8582499999,2136.4683187381174
12.949936238997907,0.00936816136372709,0.073974609375,0.0,0.0,0.012352499999999999,4.0,0.5974999999999999,-0.0016023767724012334,0.152570566162467,0.0002821610347988705,1.9845356350837543e-07,1.403350489148636e-07,670171.10625,1.0,665756.099609375,1.12176296559331e-07,1877.009498944313,5760.0,1.0,,161,,,,,,,,
12.755690676996892,0.008042873801128891,0.07173665364583333,0.0,0.0,0.012305,4.0,0.595,-0.0027453660247071334,0.17505617750187716,-0.000591395345206062,2.371196841840136e-07,1.450778256047632e-07,672572.46675,1.0,665627.2487226563,1.12176296559331e-07,2144.8957979906672,5760.0,1.0,,162,,,,,,,,
13.018959126999107,0.006847679244777656,0.0626220703125,0.0,0.0,0.012257500000000001,4.0,0.5925,-0.0019897614353491613,0.1737130976592501,0.00013943418161943555,2.2392713165212777e-07,1.397999194926077e-07,670960.867,1.0,665683.3304648438,1.12176296559331e-07,2111.762347951435,5760.0,1.0,,163,,,,,,,,
12.890679785999964,0.013993646038073257,0.1025390625,0.0,0.0,0.012210000000000002,4.0,0.5900000000000001,-0.0015445976678165607,0.17570253058026233,0.0006006377322288851,2.453715814236072e-07,1.356654485048144e-07,671765.93825,1.0,666025.3990273437,1.12176296559331e-07,1924.2614897041758,5760.0,1.0,,164,,,,,,,,
13.131730969998898,0.006981409886860431,0.06819661458333333,0.0,0.0,0.012162500000000001,4.0,0.5875,-0.0022409355151467025,0.18355819986512265,-8.502771379426122e-06,2.506420984834297e-07,1.3837426833992103e-07,670652.9990000001,1.0,666070.10375,1.12176296559331e-07,1920.5403541513099,5760.0,1.0,,165,,,,,,,,
13.007473927998944,0.009004787136974576,0.08711751302083333,0.0,0.0,0.012115,4.0,0.585,-0.003847988380584866,0.18718382405738035,-0.0015803581142487626,2.9668904932833584e-07,1.4431255893991116e-07,670097.02325,1.0,664963.1266601563,1.12176296559331e-07,2514.46682780855,5760.0,1.0,,166,,,,,,,,
13.079739396998775,0.00925677772971382,0.10087076822916667,0.0,0.0,0.0120675,4.0,0.5825,0.00502213212409212,0.18328496751685938,0.007233838473136227,2.0065459308919267e-07,1.2920736243889527e-07,668391.597,1.0,664152.489703125,1.12176296559331e-07,1852.5524388012072,5760.0,1.0,,167,,,,,,,,
12.902080599000328,0.011042332763501861,0.11686197916666667,0.0,0.0,0.012020000000000001,4.0,0.5800000000000001,0.0035151631940001002,0.17647909559309483,0.005636337407243748,2.5323308250335685e-07,1.5846410524507823e-07,668594.2987500001,1.0,665100.2361406251,1.12176296559331e-07,2514.796029591484,5760.0,1.0,,168,,,,,,,,
12.888294432999828,0.007361929197881996,0.0712890625,0.0,0.0,0.0119725,4.0,0.5775,-0.005686061747837812,0.17350090419252714,-0.0036089172839031867,2.682511119900255e-07,1.3732222322223228e-07,669702.68275,1.0,664773.8873515625,1.12176296559331e-07,1831.4913253830448,5760.0,1.0,,169,,,,,,,,
13.008118072000798,0.009193322142882229,0.0809326171875,0.0,0.0,0.011925000000000002,4.0,0.575,0.0026201872581926486,0.16626763561119637,0.004602782214836528,4.304770016005932e-07,2.0670648985069798e-07,668858.34875,1.0,665304.07165625,1.12176296559331e-07,2052.329788714902,5760.0,1.0,,170,,,,,,,,
12.938979111000663,0.010830480043315069,0.09822591145833333,0.0,0.0,0.011877500000000001,4.0,0.5725,-0.0018604023862280883,0.17596427289148173,0.000229501825136443,2.2162367230293967e-07,1.7854464277415141e-07,669379.67325,1.0,665424.3863203125,1.12176296559331e-07,2022.2817707854333,5760.0,1.0,,171,,,,,,,,
13.086913712999376,0.008300198953057189,0.07926432291666667,0.0,0.0,0.01183,4.0,0.5700000000000001,-0.0007225498508584375,0.1591745208327969,0.0011603965055352698,1.8651528232993542e-07,1.3948356558657338e-07,669109.3324999999,1.0,665575.9679609375,1.12176296559331e-07,1938.7674480682692,5760.0,1.0,,172,,,,,,,,
13.112567886000761,0.007547968129461384,0.07991536458333333,0.0,0.0,0.011782500000000001,4.0,0.5675,-0.005940196191659197,0.17590463689217964,-0.0038676738137534508,1.706858612967229e-07,1.1429868015018958e-07,671148.0100000001,1.0,666398.3091171875,1.12176296559331e-07,1878.5801204610732,5760.0,1.0,,173,,,,,,,,
13.188060233002034,0.010996487296285254,0.09574381510416667,0.0,0.0,0.011735,4.0,0.565,0.005919713046750985,0.17041261090586582,0.007919414618906254,1.9237596671217716e-07,1.4209467913417484e-07,671069.9924999999,1.0,666029.4463398438,1.12176296559331e-07,1787.4109767545478,5760.0,1.0,,174,,,,,,,,
13.079056468999624,0.008117461303471055,0.07633463541666667,0.0,0.0,0.0116875,4.0,0.5625,0.002525291381364999,0.1824984923005104,0.004658123662617679,2.529575935383832e-07,1.8621361608239795e-07,671249.679,1.0,666057.8250351562,1.12176296559331e-07,2248.2368819136036,5760.0,1.0,,175,,,,,,,,
13.066132656000264,0.00883793383589282,0.09000651041666667,0.0,0.0,0.011640000000000001,4.0,0.56,0.00393053532995206,0.18177704575161138,0.006046300356198723,2.376370901539341e-07,1.9191986725767643e-07,670714.572,1.0,667295.4992812499,1.12176296559331e-07,2035.8073265238984,5760.0,1.0,,176,,,,,,,,
13.228255540998362,0.00888807277851337,0.085205078125,0.0,0.0,0.0115925,4.0,0.5575,0.0011449103452226457,0.19741961732506752,0.0034334024724860988,2.827488255382112e-07,1.335956532066973e-07,672484.98575,1.0,666527.9906601564,1.12176296559331e-07,2561.2134303398816,5760.0,1.0,,177,,,,,,,,
13.107820212997467,0.009914919570668554,0.076904296875,0.0,0.0,0.011545,4.0,0.5549999999999999,0.0007350445739575662,0.18410626736780009,0.002860443724785,2.494671399825658e-07,1.6535387784936498e-07,672188.2557499999,1.0,667835.1074492189,1.12176296559331e-07,2270.697833385635,5760.0,1.0,,178,,,,,,,,
13.279359545998886,0.008712169090877353,0.08333333333333333,0.0,0.0,0.0114975,4.0,0.5525,-0.005541532004523712,0.1965887521704038,-0.0032813474535942078,2.045082115505655e-07,1.4924972191465713e-07,672198.0487500001,1.0,666801.329578125,1.12176296559331e-07,2278.396034240122,5760.0,1.0,,179,,,,,,,,
13.154751531998045,0.009403148460758773,0.06998697916666667,0.0,0.0,0.01145,4.0,0.55,0.0043938570088357665,0.18587222074468931,0.006522010943929975,1.363177114891793e-07,1.3861486003463597e-07,672013.6847499999,1.0,667467.8919492188,1.12176296559331e-07,1738.1400054713679,5760.0,1.0,,180,672834.9757500001,670235.623,671408.7432499999,70000042,666098.0504166667,best_of_k,670235.623,2356.3445304290112
13.156659508000303,0.007231776853776258,0.0660400390625,0.0,0.0,0.011402500000000001,4.0,0.5475,-0.0013122281573790435,0.18823434443523487,0.0008340125787071884,1.862088139977421e-07,1.6461372146873524e-07,671158.16625,1.0,666628.9321132812,1.12176296559331e-07,2293.924656441988,5760.0,1.0,,181,,,,,,,,
13.351859089001664,0.010568942667562217,0.100341796875,0.0,0.0,0.011355,4.0,0.5449999999999999,0.002876013156007199,0.22164898862441382,0.005392738841086005,2.1698703870735395e-07,1.5303251880519989e-07,670363.6907500001,1.0,665403.4922929688,1.12176296559331e-07,2267.4073954659198,5760.0,1.0,,182,,,,,,,,
13.271284096001182,0.009663592618024333,0.09122721354166667,0.0,0.0,0.0113075,4.0,0.5425,-0.0010558955400483683,0.19042540589968363,0.0010972254870769878,2.2928713594438932e-07,1.8305563657487292e-07,672635.5675,1.0,666704.3147148438,1.12176296559331e-07,2690.586443818491,5760.0,1.0,,183,,,,,,,,
13.151266664001014,0.013534819130817036,0.11185709635416667,0.0,0.0,0.011260000000000001,4.0,0.54,0.003618351103796158,0.18986839521676302,0.0057561941794119775,1.5729029367861358e-07,1.1929783975498745e-07,671497.81925,1.0,666570.5078164062,1.12176296559331e-07,2467.080186743258,5760.0,1.0,,184,,,,,,,,
13.064171230998909,0.007550305249899599,0.07381184895833333,0.0,0.0,0.0112125,4.0,0.5375,0.001870516697332884,0.2023165306697289,0.004138919156199942,1.50562528814883e-07,1.1293806127336363e-07,671733.1885,1.0,667572.1930820312,1.12176296559331e-07,2423.0632468585286,5760.0,1.0,,185,,,,,,,,
13.00580664899826,0.009405272802428755,0.086669921875,0.0,0.0,0.011165,4.0,0.5349999999999999,0.0046289535918428255,0.18800369060287872,0.006727942973763372,1.3206584344634584e-07,1.1698699253770428e-07,671330.8215000001,1.0,667939.260359375,1.12176296559331e-07,2271.0057823981683,5760.0,1.0,,186,,,,,,,,
13.053524662998825,0.008757059633405007,0.08260091145833333,0.0,0.0,0.0111175,4.0,0.5325,-0.0015154298137834605,0.17624744152029356,0.00044391971702377003,2.2997122310168075e-07,1.1664688563210272e-07,671806.898,1.0,667309.8802617188,1.12176296559331e-07,2479.7918955555974,5760.0,1.0,,187,,,,,,,,
13.043129335997946,0.013685835395273571,0.11031087239583333,0.0,0.0,0.011070000000000002,4.0,0.53,0.001018683802006611,0.1925880555063486,0.003150558981966848,1.7042006265436763e-07,1.1493397641023269e-07,671188.2645,1.0,667563.6641914062,1.12176296559331e-07,2419.0009778054255,5760.0,1.0,,188,,,,,,,,
13.013607729000796,0.009134522865786346,0.08915201822916667,0.0,0.0,0.011022500000000001,4.0,0.5275000000000001,0.000809569600581502,0.1920227874070406,0.002926059804546336,1.6090508510776166e-07,1.3034815597260754e-07,671989.84225,1.0,668080.8316289063,1.12176296559331e-07,2180.2109059790378,5760.0,1.0,,189,,,,,,,,
12.966711727000074,0.00936349086450298,0.07796223958333333,0.0,0.0,0.010975,4.0,0.525,-0.001709205372511254,0.17311089361707369,0.00019057764438912272,3.5132640352486533e-07,1.4779805438773033e-07,672669.1292500001,1.0,668075.5682929687,1.12176296559331e-07,2339.3208349187353,5760.0,1.0,,190,,,,,,,,
12.992717597997398,0.010832009847902965,0.09379069010416667,0.0,0.0,0.010927500000000001,4.0,0.5225,0.005581561376554116,0.1777719190965096,0.007524047920014709,3.393122935217245e-07,1.6364857291506496e-07,672006.5505,1.0,668261.5521328126,1.12176296559331e-07,1888.2640485352447,5760.0,1.0,,191,,,,,,,,
13.180388828001014,0.006615201437454902,0.06595865885416667,0.0,0.0,0.01088,4.0,0.52,-0.0036847319982674285,0.17663380658874908,-0.0017630698760816206,4.1248381184762667e-07,1.4535937268670787e-07,672479.814,1.0,668403.9770625001,1.12176296559331e-07,1869.4698415124942,5760.0,1.0,,192,,,,,,,,
12.876175524001155,0.008380213528370817,0.077880859375,0.0,0.0,0.0108325,4.0,0.5175000000000001,-0.001613253776061659,0.18210446617255607,0.0003593091193276147,2.1527078312525796e-07,1.2458393398399417e-07,672309.59575,1.0,668748.1591992187,1.12176296559331e-07,1937.1982841406784,5760.0,1.0,,193,,,,,,,,
13.021952263999992,0.009430058714664588,0.07877604166666667,0.0,0.0,0.010785000000000001,4.0,0.515,-0.000933477800572291,0.15987532151242098,0.0007906950874409328,1.7413557825326129e-07,1.2924482106768664e-07,672112.0722500001,1.0,668267.4498281251,1.12176296559331e-07,2027.110271257976,5760.0,1.0,,194,,,,,,,,
13.085005173001264,0.00945177169231807,0.08492024739583333,0.0,0.0,0.0107375,4.0,0.5125,-0.002234951038796377,0.15859884209930897,-0.0005320773246542861,1.4990996962301514e-07,1.3257373909780767e-07,671827.7825,1.0,667827.5778515625,1.12176296559331e-07,1866.3689183602564,5760.0,1.0,,195,,,,,,,,
11.958255127003213,0.017319463520240202,0.12483723958333333,0.0,1.0,0.010690000000000002,3.0,0.51,-0.0006967477966099977,0.15834672128160796,0.0009958882712655598,1.9604783495373744e-07,1.4251695566890197e-07,671884.1317500001,1.0,667603.7746640625,1.12176296559331e-07,2522.703169547159,5760.0,1.0,,196,,,,,,,,
13.05443078299868,0.010368812852245965,0.0965576171875,0.0,0.0,0.010642500000000001,4.0,0.5075000000000001,0.0018540475624225412,0.16279525185624757,0.00358647961790363,4.7104486948038965e-07,1.3913831449959466e-07,671962.11525,1.0,668323.1324492188,1.12176296559331e-07,2576.165309957215,5760.0,1.0,,197,,,,,,,,
11.933014157002617,0.012616606320051856,0.0954861111111111,0.0,1.0,0.010595,3.0,0.505,0.004377055269691886,0.16209863995512327,0.006094216136261821,2.06297178174787e-06,1.3481665620910613e-07,672595.8735000001,1.0,668431.4993476563,1.12176296559331e-07,2008.9210601195628,5760.0,1.0,,198,,,,,,,,
12.874791041002027,0.011732730115924461,0.10725911458333333,0.0,0.0,0.010547500000000001,4.0,0.5025,0.0033879553545072363,0.17245891162504753,0.005206400819588453,4.8710736395563e-06,1.552683936978383e-07,672222.379,1.0,668038.4744335937,1.12176296559331e-07,2502.4436631534954,5760.0,1.0,,199,,,,,,,,
13.177202466999006,0.011206161481262633,0.08170572916666667,0.0,0.0,0.0105,4.0,0.5,0.00454884412708149,0.17444845475256443,0.006380449864082038,3.2584259557211226e-07,1.395062819338951e-07,673136.0922500001,1.0,668532.0465273438,1.12176296559331e-07,2308.829823765541,5760.0,1.0,,200,673136.0922500001,671192.28175,670729.9855000001,70000042,668408.6830666667,best_of_k,671192.28175,1920.7393741539756
13.138267870999698,0.006348082787467864,0.0645751953125,0.0,0.0,0.010452500000000002,4.0,0.49750000000000005,0.0019139266999748845,0.19855409115552902,0.003989233868196607,1.773634314972128e-07,1.230340530196846e-07,671543.2065000001,1.0,668472.6565624999,1.12176296559331e-07,1536.6315089670884,5760.0,1.0,,201,,,,,,,,
12.96402897200096,0.008982393443866421,0.08158365885416667,0.0,0.0,0.010405000000000001,4.0,0.495,-0.00625319098859715,0.2005176544189453,-0.004166900015358503,2.3683909174584036e-07,1.4324133716196266e-07,672448.4654999999,1.0,668247.4368203125,1.12176296559331e-07,1944.8021159017565,5760.0,1.0,,202,,,,,,,,
12.943017768000573,0.010219352465128098,0.0972900390625,0.0,0.0,0.010357500000000002,4.0,0.49250000000000005,-0.0010224451737788816,0.21247077143440643,0.0011780319910030812,1.0905642463162242e-06,1.5922663099132706e-07,672866.82275,1.0,668519.3640273437,1.12176296559331e-07,2808.664569233661,5760.0,1.0,,203,,,,,,,,
12.871739921996777,0.008225694328433933,0.08426920572916667,0.0,0.0,0.01031,4.0,0.49,0.00041266021435149014,0.20450739407291016,0.002505778548462937,0.00015121930143398762,4.6258806311409256e-07,673295.6505,1.0,669584.8595625001,1.12176296559331e-07,2260.4318194579932,5760.0,1.0,,204,,,,,,,,
12.971726429001137,0.010033967251997419,0.08052571614583333,0.0,0.0,0.0102625,4.0,0.48750000000000004,0.0002673891722224653,0.20645602202663818,0.002379341225605458,6.06752740045143e-05,1.470437842746956e-06,672335.1425000001,1.0,669268.0704414062,1.12176296559331e-07,2044.0112766109128,5760.0,1.0,,205,,,,,,,,
12.884619198001019,0.008427971338912007,0.09651692708333333,0.0,0.0,0.010215,4.0,0.485,-0.005787418917558777,0.20812216276923814,-0.0036653027054853737,3.707962927516443e-05,2.8761255303303795e-07,672347.60075,1.0,669585.2223398437,1.12176296559331e-07,2319.309543805141,5760.0,1.0,,206,,,,,,,,
13.105587559999549,0.006615873701938095,0.055826822916666664,0.0,0.0,0.010167500000000001,4.0,0.48250000000000004,-0.0050417330106332274,0.2223419894774755,-0.002782483206829056,1.362768777587083e-05,1.002065692645715e-07,672345.88,1.0,668642.7358671875,1.12176296559331e-07,2174.9013179300537,5760.0,1.0,,207,,,,,,,,
12.975562730000092,0.008657771068631229,0.08056640625,0.0,0.0,0.01012,4.0,0.48,-0.0038480140865431167,0.21287962763259807,-0.0016995247375840943,5.80350590671704e-05,9.740359600366825e-08,672857.2195,1.0,668887.0833281251,1.12176296559331e-07,2490.0250529530736,5760.0,1.0,,208,,,,,,,,
12.909940988000017,0.008217696816921638,0.07499186197916667,0.0,0.0,0.010072500000000002,4.0,0.47750000000000004,-0.0036237475724192336,0.1981453557188312,-0.0016285755846183747,5.955259961017608e-06,1.0406090448592901e-07,673131.3402499999,1.0,669140.6352304688,1.12176296559331e-07,1911.690066932986,5760.0,1.0,,209,,,,,,,,
13.014680192001833,0.005295377992435253,0.0545654296875,0.0,0.0,0.010025000000000001,4.0,0.475,0.001499211920114855,0.19705430014679828,0.0034743964982529483,2.312509036113871e-06,1.0720573155135564e-07,673248.9542500001,1.0,669160.3220898438,1.12176296559331e-07,2292.7697246534312,5760.0,1.0,,210,,,,,,,,
12.997298825001053,0.006722519417063921,0.06449381510416667,0.0,0.0,0.009977500000000002,4.0,0.47250000000000003,0.001025271410374747,0.20497683249413967,0.0030703196049823114,6.816528067924802e-07,7.975983784547225e-08,672696.34175,1.0,669677.9675390625,1.12176296559331e-07,2112.671239284847,5760.0,1.0,,211,,,,,,,,
12.914687853997748,0.006764116699496577,0.06827799479166667,0.0,0.0,0.00993,4.0,0.47,0.00438246577202032,0.1994392874961098,0.0063626285797605915,2.135894338136287e-06,1.1084120095835222e-07,673072.1385000001,1.0,669756.8922734375,1.12176296559331e-07,2601.950082542863,5760.0,1.0,,212,,,,,,,,
12.964491875998647,0.008089351686724347,0.0860595703125,0.0,0.0,0.0098825,4.0,0.4675,-0.00021630812261719257,0.20001725479960442,0.0017601120343897492,1.8960229448694577e-06,1.2089443342707304e-07,673047.22425,1.0,669629.992265625,1.12176296559331e-07,2212.5588705418586,5760.0,1.0,,213,,,,,,,,
12.884226220998244,0.0055751850203646924,0.0592041015625,0.0,0.0,0.009835,4.0,0.46499999999999997,2.208990432942907e-06,0.1988518520568808,0.0019578489591367543,2.415999074874738e-07,8.710290607301847e-08,673990.17475,1.0,670377.5300039062,1.12176296559331e-07,1921.0867368704712,5760.0,1.0,,214,,,,,,,,
12.913472419000755,0.006636361848202081,0.06669108072916667,0.0,0.0,0.009787500000000001,4.0,0.4625,-0.0030709841715482375,0.18138394753138223,-0.0012957572471350431,1.9182803256967418e-07,9.966303826658418e-08,673228.1205,1.0,670528.8816640626,1.12176296559331e-07,1632.9831823925933,5760.0,1.0,,215,,,,,,,,
12.928633818002709,0.006911777743005369,0.0709228515625,0.0,0.0,0.00974,4.0,0.45999999999999996,-0.0006411220674635842,0.18851733580231667,0.0011949679271007578,1.997013470145248e-07,9.699024886937006e-08,673365.58575,1.0,670988.2484101562,1.12176296559331e-07,1702.3225814134198,5760.0,1.0,,216,,,,,,,,
13.00705611200101,0.006238987034233201,0.06453450520833333,0.0,0.0,0.009692500000000001,4.0,0.4575,-0.003625483703217469,0.1833891316006581,-0.001850644068326801,1.096542717338167e-05,3.1263044037999066e-06,673851.901,1.0,670805.2717070312,1.12176296559331e-07,1646.3831070727217,5760.0,1.0,,217,,,,,,,,
12.719635303001269,0.0065182213780243066,0.06278483072916667,0.0,0.0,0.009644999999999999,4.0,0.45499999999999996,-0.00020087393689512587,0.19156783446669579,0.0016358391537020605,0.00010578350083771208,7.609284629062074e-07,673047.49,1.0,670908.956890625,1.12176296559331e-07,1379.8961233834368,5760.0,1.0,,218,,,,,,,,
12.826577965999604,0.005742929980637672,0.0618896484375,0.0,0.0,0.0095975,4.0,0.4525,0.0011556734340653445,0.1789977364242077,0.0028652492716598013,8.292266601254521e-05,1.2523747431695634e-07,673246.9877500001,1.0,670246.1893242188,1.12176296559331e-07,1485.4761028352684,5760.0,1.0,,219,,,,,,,,
12.88889519499935,0.0061781245381877055,0.0667724609375,0.0,0.0,0.00955,4.0,0.44999999999999996,-0.005511957261963592,0.17858393086741367,-0.0038213355971189835,0.00014802318172731552,1.0440641136829261e-07,673118.75175,1.0,670854.017,1.12176296559331e-07,1887.3487848831394,5760.0,1.0,,220,673990.17475,673018.3790000001,672521.59625,70000042,670301.9706166667,best_of_k,673018.3790000001,2078.9539014703273
13.020049521997862,0.013989761030691383,0.1024169921875,0.0,0.0,0.0095025,4.0,0.4475,0.0072636912324621035,0.16374826710671186,0.008816934345910946,2.700391488138128e-05,1.490366132728127e-07,673403.8272500001,1.0,670832.2475976563,1.12176296559331e-07,1665.402937412071,5760.0,1.0,,221,,,,,,,,
12.974153080998803,0.004870390845381174,0.055419921875,0.0,0.0,0.009455,4.0,0.44499999999999995,-0.0028260456213805205,0.17597093402097622,-0.0011624750040937215,1.9164363423603468e-06,8.520546549798762e-08,673259.0745000001,1.0,671203.0761953124,1.12176296559331e-07,1117.3137154385531,5760.0,1.0,,222,,,,,,,,
12.746831357999326,0.008933665791841369,0.08125813802083333,0.0,0.0,0.009407500000000001,4.0,0.4425,0.003130205366081403,0.16765404089043537,0.004707330197561532,2.1780160045873723e-07,1.1761203388971353e-07,673227.72425,1.0,671033.2843007813,1.12176296559331e-07,1486.935531139866,5760.0,1.0,,223,,,,,,,,
12.704391618000955,0.006103670271205175,0.0594482421875,0.0,0.0,0.00936,4.0,0.43999999999999995,-0.001442456307510535,0.16968390624970198,0.00014567497419193387,2.270463127137153e-07,1.7348390827602125e-07,673324.196,1.0,670771.0657382812,1.12176296559331e-07,2062.3450382428687,5760.0,1.0,,224,,,,,,,,
12.886275439999736,0.0115415735140183,0.09761555989583333,0.0,0.0,0.009312500000000001,4.0,0.4375,0.005836351585458033,0.16388148069381714,0.007362380662622551,3.251726266029209e-07,1.6948686010209713e-07,673343.5185,1.0,670238.5655234375,1.12176296559331e-07,1850.333719916457,5760.0,1.0,,225,,,,,,,,
12.85949499400158,0.007415093322051813,0.055135091145833336,0.0,0.0,0.009265000000000002,4.0,0.43500000000000005,0.001276696484031466,0.1577258420487245,0.0027379441113832095,1.9501772996477484e-07,1.259431143078397e-07,673298.1435,1.0,670235.0653398437,1.12176296559331e-07,1676.8587370633402,5760.0,1.0,,226,,,,,,,,
10.038304485999106,0.03194151699259192,0.07535807291666667,0.0,1.0,0.0092175,1.0,0.4325,0.0019860276176283755,0.15349845588207245,0.003400777621815602,2.4268434254774246e-07,1.9676202652381866e-07,673243.52575,1.0,670678.3586328125,1.12176296559331e-07,1612.9515855674913,5760.0,1.0,,227,,,,,,,,
13.080395666002005,0.006807867130917226,0.060302734375,0.0,0.0,0.009170000000000001,4.0,0.43000000000000005,-0.002292943208885845,0.1493922524775068,-0.0009233128803316504,3.7894430201153756e-07,5.1801289776184e-07,673865.7165,1.0,670589.5198828125,1.12176296559331e-07,2083.093783150487,5760.0,1.0,,228,,,,,,,,
13.243110526000237,0.010018159824851955,0.07438151041666667,0.0,0.0,0.0091225,4.0,0.4275,0.006298046704614535,0.16517937369644642,0.007804578742555653,3.1199301246213434e-07,5.726697536919308e-07,673828.7960000001,1.0,671003.2471640625,1.12176296559331e-07,1940.4829081802836,5760.0,1.0,,229,,,,,,,,
12.192187632997957,0.016659990532787106,0.11859809027777778,0.0,1.0,0.009075000000000001,3.0,0.42500000000000004,0.00440871615945879,0.17482007129324806,0.005994422878656123,1.72317024846633e-07,1.5374547878760975e-06,673843.649,1.0,670813.0549570312,1.12176296559331e-07,1897.3425470619477,5760.0,1.0,,230,,,,,,,,
13.13306152000223,0.011016610823774068,0.09525553385416667,0.0,0.0,0.0090275,4.0,0.4225,-0.0007149475180388739,0.19750817120075226,0.0010670838334287207,1.2543498995043478e-07,1.922120211883538e-06,673089.6265,1.0,670671.6426054689,1.12176296559331e-07,1693.8315480605559,5760.0,1.0,,231,,,,,,,,
12.899771767999482,0.0068553702428955825,0.07478841145833333,0.0,0.0,0.008980000000000002,4.0,0.42000000000000004,-0.002840667681690926,0.18320089826981226,-0.0012025607478184004,3.348277148873535e-07,1.4007720805212879e-05,673358.9387500001,1.0,671642.9224960938,1.12176296559331e-07,1153.3169553037653,5760.0,1.0,,232,,,,,,,,
13.650520686998789,0.009627109333440131,0.08870442708333333,0.0,0.0,0.008932500000000001,4.0,0.4175,-0.0006504695071877601,0.19031896938880286,0.0010373597809424002,1.4429343302424513e-06,2.4101595143359116e-05,673619.28575,1.0,671194.67821875,1.12176296559331e-07,1885.5626891559382,5760.0,1.0,,233,,,,,,,,
13.15250240399837,0.00527757076776858,0.0631103515625,0.0,0.0,0.008885,4.0,0.41500000000000004,-0.005733668396715075,0.19587472391625246,-0.004001961332202579,1.7430012819730223e-05,1.3793211268856945e-05,674018.3002500001,1.0,671341.8821953125,1.12176296559331e-07,1748.5744188237675,5760.0,1.0,,234,,,,,,,,
13.214753549000307,0.008144809373104541,0.07035319010416667,0.0,0.0,0.0088375,4.0,0.4125,0.00130812785452387,0.20343066534648338,0.003104901232291013,7.932603222589782e-06,5.025735515159132e-07,673842.834,1.0,670813.6972265625,1.12176296559331e-07,1593.4508933600814,5760.0,1.0,,235,,,,,,,,
13.116520224000851,0.006152091965274368,0.06502278645833333,0.0,0.0,0.008790000000000001,4.0,0.41000000000000003,-0.0006773097993573174,0.192829261533916,0.0010133341856999323,4.263524272296593e-05,1.2350901027839237e-07,674043.289,1.0,670594.5064296875,1.12176296559331e-07,1764.244660468837,5760.0,1.0,,236,,,,,,,,
12.963801325000532,0.0064438993085331004,0.06290690104166667,0.0,0.0,0.0087425,4.0,0.4075,0.004744886115076952,0.1849067099392414,0.006348899740260094,0.00012449789997504013,1.6684277041415876e-07,673708.065,1.0,671262.7195000001,1.12176296559331e-07,1412.3631464734322,5760.0,1.0,,237,,,,,,,,
13.003452733999438,0.004552030797847569,0.046834309895833336,0.0,0.0,0.008695000000000001,4.0,0.405,-0.0021435150410979986,0.1974268058935801,-0.0004274328627313177,4.818286120903774e-06,1.2366671642283222e-07,673131.9042500001,1.0,670091.3221796874,1.12176296559331e-07,2168.5488719095506,5760.0,1.0,,238,,,,,,,,
12.972133961000509,0.0090910007153188,0.08186848958333333,0.0,0.0,0.0086475,4.0,0.40249999999999997,0.001477767429605592,0.18896791090567908,0.0031117668647008636,5.548609820493766e-07,8.912372632489489e-08,673510.0295000001,1.0,670661.9291367189,1.12176296559331e-07,2075.435088600666,5760.0,1.0,,239,,,,,,,,
13.089283846999024,0.0073393772135320985,0.07552083333333333,0.0,0.0,0.008600000000000002,4.0,0.4,-0.0002930207410827279,0.1883014024545749,0.0013262660844096292,6.945215220710566e-07,7.208798062189696e-08,673512.738,1.0,670864.4568515625,1.12176296559331e-07,1896.8465411984705,5760.0,1.0,,240,674043.289,673673.6455,668233.81175,70000042,669701.3294916668,best_of_k,673673.6455,1982.4792938589299
13.081487075000041,0.005798169008270608,0.049031575520833336,0.0,0.0,0.0085525,4.0,0.39749999999999996,-0.004498784275104602,0.20854390505701303,-0.002715349013063436,8.980559724018159e-07,9.32299046851881e-08,674040.04675,1.0,668929.0997460937,1.12176296559331e-07,2260.8293455217913,5760.0,1.0,,241,,,,,,,,
13.160174488999473,0.009218598716349113,0.074462890625,0.0,0.0,0.008505,4.0,0.395,-0.007793300222450246,0.19080063545455536,-0.006170629067734505,2.8813966797732366e-07,1.1947760247821293e-07,673756.97375,1.0,670255.1198671876,1.12176296559331e-07,2425.508962608144,5760.0,1.0,,242,,,,,,,,
13.203877971998736,0.00883850144130601,0.068603515625,0.0,0.0,0.0084575,4.0,0.39249999999999996,0.008402014481058965,0.15368610279013714,0.009701532195322216,1.2440618923174422e-06,3.1612776899928957e-07,673190.20775,1.0,670528.2873632812,1.12176296559331e-07,1943.5205812871452,5760.0,1.0,,243,,,,,,,,
13.343271370998991,0.009101565070801657,0.061848958333333336,0.0,0.0,0.00841,4.0,0.39,0.0007162157150257068,0.1320315571501851,0.0018264416333598394,2.9186716717551536e-07,2.611813260481692e-07,673196.8445,1.0,669571.7654765625,1.12176296559331e-07,2598.523075573094,5760.0,1.0,,244,,,,,,,,
13.218811192997237,0.00829313982374602,0.07271321614583333,0.0,0.0,0.0083625,4.0,0.38749999999999996,-0.0015496067741575341,0.15434459845225015,-0.00025902700144797564,2.407905655606631e-07,2.065465179631095e-07,672292.6675,1.0,669821.5190429688,1.12176296559331e-07,2304.057360823314,5760.0,1.0,,245,,,,,,,,
13.118241166001098,0.00922063606559472,0.07499186197916667,0.0,0.0,0.008315000000000001,4.0,0.385,0.003582999823265709,0.18134556896984577,0.005090831468502681,1.2605135276307541e-07,8.835715907077694e-08,672978.4660000001,1.0,670904.6485742189,1.12176296559331e-07,1625.1379965513984,5760.0,1.0,,246,,,,,,,,
13.140009377999377,0.007227003195773444,0.05712890625,0.0,0.0,0.0082675,4.0,0.38249999999999995,0.0012921878248259115,0.1676656330625216,0.0026782872640372566,1.570997471371053e-07,1.2114822226886682e-07,673433.9655,1.0,670547.5108164063,1.12176296559331e-07,2224.0636851259464,5760.0,1.0,,247,,,,,,,,
13.171615605002444,0.005012132474717508,0.048828125,0.0,0.0,0.008220000000000002,4.0,0.38,0.0005321976326134367,0.17843306995928288,0.0019988642015960068,1.0792697698510285e-07,8.508358854501334e-08,673241.7585,1.0,670821.7237773438,1.12176296559331e-07,1427.6188417131216,5760.0,1.0,,248,,,,,,,,
13.155187215998012,0.0058249636422799496,0.0560302734375,0.0,0.0,0.0081725,4.0,0.37749999999999995,-0.004252671746750518,0.1634317428494493,-0.002917090848010654,1.2853886222075062e-07,1.0476757417166027e-07,673855.8985,1.0,670695.6812656249,1.12176296559331e-07,1646.698039282413,5760.0,1.0,,249,,,,,,,,
13.194765190997714,0.00519349835385204,0.045735677083333336,0.0,0.0,0.008125,4.0,0.375,0.00020693665040501705,0.15641574002802372,0.001477737076735745,1.4567705752810411e-07,1.2467849996866676e-07,673782.9255,1.0,670787.9158632812,1.12176296559331e-07,2523.208204600236,5760.0,1.0,,250,,,,,,,,
13.171204916001443,0.0068327714744859476,0.061442057291666664,0.0,0.0,0.008077500000000001,4.0,0.37250000000000005,-0.0033517573707892248,0.16374500934034586,-0.0020292846214336655,2.491776400030214e-07,3.0498422927867824e-07,673493.43325,1.0,670078.7273164063,1.12176296559331e-07,3260.383208067473,5760.0,1.0,,251,,,,,,,,
13.255942877000052,0.014053457839247793,0.1160888671875,0.0,0.0,0.00803,4.0,0.37,0.0018373941178045545,0.18009145309527716,0.003283366677351296,1.4624708111199425e-07,2.9482891283905133e-07,673131.613,1.0,670593.0374140625,1.12176296559331e-07,1848.9858301051652,5760.0,1.0,,252,,,,,,,,
13.176310172999365,0.0076522583299730345,0.07832845052083333,0.0,0.0,0.007982500000000002,4.0,0.36750000000000005,0.002136298052694959,0.1878944622973601,0.003636094469887515,2.7229725393003906e-07,8.683478869286887e-08,673549.7540000001,1.0,670417.1098867187,1.12176296559331e-07,2216.614557914686,5760.0,1.0,,253,,,,,,,,
13.114553634000913,0.00849177150147895,0.06298828125,0.0,0.0,0.007935000000000001,4.0,0.365,0.0029554614860292836,0.18582372646778822,0.004429885564604774,3.3347355780459037e-07,1.0763109041060186e-07,673682.2392500001,1.0,670376.9584492188,1.12176296559331e-07,2511.0048477917517,5760.0,1.0,,254,,,,,,,,
13.141012670999771,0.008361437477736544,0.0706787109375,0.0,0.0,0.007887500000000002,4.0,0.36250000000000004,-0.005286017959103144,0.16942764725536108,-0.003949843909746657,9.200059514213876e-07,1.8942479318440064e-07,673372.36775,1.0,668946.2143359375,1.12176296559331e-07,4095.5722237511604,5760.0,1.0,,255,,,,,,,,
13.124332840001443,0.010559251124335756,0.0740966796875,0.0,0.0,0.00784,4.0,0.36,-0.005271536409660864,0.17554469779133797,-0.0039049408223945647,9.54007944304891e-05,2.690836257516575e-07,674104.2702500001,1.0,670728.7471367188,1.12176296559331e-07,2493.4818933220804,5760.0,1.0,,256,,,,,,,,
13.158477806999144,0.006127185569089644,0.056925455729166664,0.0,0.0,0.007792500000000001,4.0,0.35750000000000004,0.0035096814778322973,0.18066137252996364,0.004834331096693252,0.0008160831837737229,3.0912163756132336e-06,673570.3322500001,1.0,670865.1860976563,1.12176296559331e-07,1659.047136881622,5760.0,1.0,,257,,,,,,,,
12.983930416001385,0.007450105704287798,0.0792236328125,0.0,0.0,0.007745,4.0,0.355,0.004522658775385935,0.18294372906287512,0.0059150805658039944,0.00023859499944715404,1.235505795745458e-06,673721.253,1.0,671544.6538789063,1.12176296559331e-07,1579.048818713067,5760.0,1.0,,258,,,,,,,,
13.019525452997186,0.007157851561314062,0.0777587890625,0.0,0.0,0.007697500000000001,4.0,0.35250000000000004,-0.0017304287272660683,0.1744648745904366,-0.00038794096326455474,3.5105358187810984e-06,2.0902505341406177e-07,673808.76625,1.0,671795.7492539062,1.12176296559331e-07,1298.9958064107655,5760.0,1.0,,259,,,,,,,,
13.07459733199721,0.007541947763963108,0.0595703125,0.0,0.0,0.0076500000000000005,4.0,0.35,-0.004075367100692044,0.17465023882687092,-0.0027393651738141975,3.50873905337797e-07,7.485208031177137e-08,673753.8307500001,1.0,671942.1323476562,1.12176296559331e-07,1229.5560008471366,5760.0,1.0,,260,674104.2702500001,672669.8345,671074.0519999999,70000042,671284.8953333332,best_of_k,672669.8345,1048.9829509497924
13.059691155001929,0.006425430484192714,0.06766764322916667,0.0,0.0,0.007602500000000002,4.0,0.34750000000000003,-0.0018861064769832108,0.18056329526007175,-0.0005134332847471038,1.8141889057687877e-07,8.231294986356848e-08,673136.71325,1.0,671198.5234062499,1.12176296559331e-07,1362.421770752513,5760.0,1.0,,261,,,,,,,,
13.106241535999288,0.006938408540546466,0.06953938802083333,0.0,0.0,0.007555000000000001,4.0,0.345,0.0029122329724486917,0.13761428277939558,0.0039516970864497125,5.66585359962346e-07,3.094453398707249e-07,672731.92275,1.0,668108.7275703126,1.12176296559331e-07,3762.215704899715,5760.0,1.0,,262,,,,,,,,
13.1137264099998,0.006953120421676691,0.06510416666666667,0.0,0.0,0.007507500000000002,4.0,0.3425,-0.003978929831646383,0.1296246082832416,-0.0030059420775311687,4.8477459794564e-07,2.4012300918011914e-07,673337.0095000002,1.0,668268.4422656251,1.12176296559331e-07,4276.930564125445,5760.0,1.0,,263,,,,,,,,
13.065359789001377,0.00585736220920922,0.052978515625,0.0,0.0,0.00746,4.0,0.33999999999999997,0.003896425555770596,0.1488858270458877,0.005006993761829411,3.4624178191222654e-07,1.7101131444263729e-07,673288.76925,1.0,669358.0805546875,1.12176296559331e-07,2858.3391884232014,5760.0,1.0,,264,,,,,,,,
13.151252954001393,0.005778784092495215,0.060831705729166664,0.0,0.0,0.007412500000000001,4.0,0.3375,-0.006182413810165599,0.17488239612430334,-0.0048861590718540055,1.648319762163434e-07,8.928030255835513e-08,673116.949,1.0,670191.2211679688,1.12176296559331e-07,1784.7688061806666,5760.0,1.0,,265,,,,,,,,
12.987187206003,0.006278960378030145,0.050821940104166664,0.0,0.0,0.007365,4.0,0.33499999999999996,0.0006635076060774736,0.18498414816955724,0.0020258500978040197,1.6704181652708408e-07,9.82252702878365e-08,673438.4055000001,1.0,670382.5295390625,1.12176296559331e-07,2141.988534786345,5760.0,1.0,,266,,,,,,,,
13.011228884999582,0.009576104820069098,0.053019205729166664,0.0,0.0,0.007317500000000001,4.0,0.3325,-0.0014722325625674177,0.182383107021451,-0.00013774322966734567,5.285452921259074e-07,9.209739341523952e-08,673410.4812500001,1.0,670392.0522382812,1.12176296559331e-07,1989.9826885728178,5760.0,1.0,,267,,,,,,,,
13.048186412001087,0.008647428446624398,0.07572428385416667,0.0,0.0,0.00727,4.0,0.32999999999999996,0.004466534326638794,0.174373310059309,0.005734142750346412,3.434090614836312e-07,1.01273051426413e-07,673430.9617500001,1.0,670375.3656171875,1.12176296559331e-07,1857.30242892187,5760.0,1.0,,268,,,,,,,,
13.102883971001575,0.0071112364728942445,0.056844075520833336,0.0,0.0,0.0072225000000000015,4.0,0.3275,-0.0014756288389132048,0.17728059894094864,-0.000196008700489377,7.516044100578749e-06,7.452196941019433e-08,673738.3402499999,1.0,670934.3606484374,1.12176296559331e-07,1466.8989394773644,5760.0,1.0,,269,,,,,,,,
13.07805220299997,0.005388402537073104,0.055013020833333336,0.0,0.0,0.007174999999999999,4.0,0.32499999999999996,-0.00182996863804874,0.1804938204586506,-0.0005351005044455329,1.3791198642347051e-06,7.444996641403634e-08,673141.29875,1.0,670430.2392812502,1.12176296559331e-07,1500.4639959828583,5760.0,1.0,,270,,,,,,,,
13.089543635000155,0.006455170203900036,0.061197916666666664,0.0,0.0,0.0071275,4.0,0.3225,-0.0065271574955356,0.17716969487567744,-0.005264436709694564,1.745392420223387e-07,7.838079318922553e-08,672986.4947500001,1.0,670286.0809570313,1.12176296559331e-07,1528.2308157245739,5760.0,1.0,,271,,,,,,,,
13.071470065999165,0.005225389130830631,0.0555419921875,0.0,0.0,0.0070799999999999995,4.0,0.31999999999999995,-0.0005911029196189096,0.18506124056875706,0.0007190924176635841,1.205420369447078e-07,5.2296270499259854e-08,672882.8355,1.0,670163.6196953126,1.12176296559331e-07,1289.4626386517582,5760.0,1.0,,272,,,,,,,,
12.956908325002587,0.006320899754301686,0.0615234375,0.0,0.0,0.0070325000000000006,4.0,0.3175,-0.0017591629851570663,0.1717583785454432,-0.0005513174498143295,1.2179357344876962e-07,6.6143293434943e-08,673431.16275,1.0,670336.4844062501,1.12176296559331e-07,1778.2204622193901,5760.0,1.0,,273,,,,,,,,
13.099723239000014,0.0067424599479735114,0.07328287760416667,0.0,0.0,0.006985,4.0,0.31499999999999995,-0.0014192258701465714,0.17323309928178787,-0.00020923675037920475,1.2333726588191021e-07,6.434832548289175e-08,673084.235,1.0,670016.4626914063,1.12176296559331e-07,1512.4614980093625,5760.0,1.0,,274,,,,,,,,
13.077047368999047,0.006767295276293457,0.0697021484375,0.0,0.0,0.006937500000000001,4.0,0.3125,-0.0004680891822014625,0.16570570909728607,0.0006814263178966939,1.8747154983955738e-07,9.83245106075022e-08,672481.62825,1.0,669803.9768828126,1.12176296559331e-07,2811.138564292926,5760.0,1.0,,275,,,,,,,,
13.143570610998722,0.0054542187608412895,0.05224609375,0.0,0.0,0.006890000000000002,4.0,0.31000000000000005,-0.0035035684171210355,0.162102566100657,-0.002386769512668252,2.1886938691058808e-07,1.3143999222364755e-07,672689.56775,1.0,668893.0150898438,1.12176296559331e-07,2481.8953293929685,5760.0,1.0,,276,,,,,,,,
13.120906702999491,0.005760578860993941,0.054850260416666664,0.0,0.0,0.006842500000000001,4.0,0.3075,-0.0028252624773206967,0.1645836466923356,-0.0016992084953623514,2.0554396170287723e-07,1.7866939661104198e-07,673709.262,1.0,669457.6746171876,1.12176296559331e-07,2989.6286980047194,5760.0,1.0,,277,,,,,,,,
13.077365552999254,0.008339743084768555,0.0662841796875,0.0,0.0,0.006795000000000002,4.0,0.30500000000000005,-0.000917699847680827,0.17675382426629463,0.00027665346472834546,2.509183779271969e-07,1.3328526431877208e-05,673279.5745,1.0,670665.0559648437,1.12176296559331e-07,1661.8987879612553,5760.0,1.0,,278,,,,,,,,
13.193092991001322,0.005697271649822848,0.059163411458333336,0.0,0.0,0.0067475,4.0,0.3025,0.001163825089558183,0.16280586489786705,0.002257436834042892,7.852838166400034e-07,9.684273453676914e-06,673015.9515000001,1.0,670317.721703125,1.12176296559331e-07,2248.372409180484,5760.0,1.0,,279,,,,,,,,
13.018194684998889,0.006198219692330771,0.053507486979166664,0.0,0.0,0.006700000000000001,4.0,0.30000000000000004,-0.000918162040761672,0.16390645348777375,0.00017514809345205626,1.18659535145819e-06,9.488627901177438e-06,673658.9530000001,1.0,670588.52078125,1.12176296559331e-07,2440.3271866561163,5760.0,1.0,,280,674104.2702500001,672971.8090000001,673415.56075,70000042,670698.6925416667,best_of_k,672971.8090000001,1616.8841007230515
13.087604076998105,0.007807495415983172,0.06266276041666667,0.0,0.0,0.0066525,4.0,0.2975,-0.0023537237211712636,0.1628535365064939,-0.0012722495885100216,9.65707111018806e-07,3.6249891207281357e-06,674227.7575000002,1.0,670476.4567226563,1.12176296559331e-07,2258.332765740341,5760.0,1.0,,281,,,,,,,,
13.026502020999033,0.005673580877628925,0.058268229166666664,0.0,0.0,0.0066050000000000015,4.0,0.29500000000000004,-0.0008356911494047381,0.16819810774177313,0.00027515238616615534,4.295691005869647e-07,1.2406487541009406e-07,673660.27225,1.0,670501.5921992187,1.12176296559331e-07,2520.0768923347846,5760.0,1.0,,282,,,,,,,,
13.092128247000801,0.007119514922737362,0.07194010416666667,0.0,0.0,0.006557500000000001,4.0,0.2925,-0.0029391578670280674,0.16704458463937044,-0.0018438119053219755,1.1352147503510916e-07,7.54045790252178e-08,673822.90375,1.0,671023.4208242188,1.12176296559331e-07,1729.8376443819384,5760.0,1.0,,283,,,,,,,,
13.100632505000249,0.0055796667964026865,0.051432291666666664,0.0,0.0,0.006510000000000002,4.0,0.29000000000000004,0.0023828870131789395,0.16272760493059954,0.0034421525488141924,1.8927213663033626e-07,1.4380771743797519e-07,673477.8782500001,1.0,670700.4781992187,1.12176296559331e-07,2447.321007440991,5760.0,1.0,,284,,,,,,,,
13.056757966998703,0.003537337350804748,0.036783854166666664,0.0,0.0,0.0064624999999999995,4.0,0.2875,-0.003929004136201304,0.16463754046708345,-0.002865108195692301,1.430567082572054e-07,1.2087168318094163e-07,674086.7009999999,1.0,670932.7968085937,1.12176296559331e-07,2834.512215273873,5760.0,1.0,,285,,,,,,,,
13.134052536002855,0.006758880769843915,0.057820638020833336,0.0,0.0,0.0064150000000000006,4.0,0.28500000000000003,-0.004784400744635302,0.16870775539427996,-0.0037021964672021568,1.2175119401547363e-07,8.76928851016127e-08,674305.5177500001,1.0,671260.6504179686,1.12176296559331e-07,1793.4506960658396,5760.0,1.0,,286,,,,,,,,
13.237305111997557,0.0066401092462746725,0.06453450520833333,0.0,0.0,0.0063675,4.0,0.2825,-0.0013489331176970154,0.16505052335560322,-0.0002980344579555094,1.3813782192192056e-07,9.287556842115426e-08,673816.1260000002,1.0,671132.1333476562,1.12176296559331e-07,2360.521543170596,5760.0,1.0,,287,,,,,,,,
13.028840007998951,0.005967527045581751,0.0589599609375,0.0,0.0,0.006320000000000001,4.0,0.28,0.0038411866165309525,0.16821113197753826,0.004904236285559212,9.998993396228191e-08,7.122277515906698e-08,674404.0290000001,1.0,671509.8865078125,1.12176296559331e-07,1779.8992830351244,5760.0,1.0,,288,,,,,,,,
13.11788222999894,0.012282202780066124,0.0682373046875,0.0,1.0,0.0062725,4.0,0.27749999999999997,0.002678219482428782,0.15079481713473797,0.003623981242223332,1.927879500485119e-07,1.5877959362124253e-07,674041.8185,1.0,670642.7637578126,1.12176296559331e-07,3654.749820195052,5760.0,1.0,,289,,,,,,,,
12.996145604996855,0.0064132720285930605,0.0657958984375,0.0,0.0,0.006225000000000001,4.0,0.275,-0.0004503316255674387,0.16554177831858397,0.0005800759924265245,1.7606218468320853e-07,1.451191276776361e-07,673697.7907499999,1.0,669912.2948476563,1.12176296559331e-07,2151.2685994124095,5760.0,1.0,,290,,,,,,,,
13.06070290000207,0.006851076786805225,0.072998046875,0.0,0.0,0.006177500000000001,4.0,0.27249999999999996,0.001565500611225919,0.16979076775411764,0.002614341356093064,9.603498529742183e-08,6.385884650702185e-08,673975.3175000001,1.0,670251.2110039063,1.12176296559331e-07,1713.012124759651,5760.0,1.0,,291,,,,,,,,
12.881130505000328,0.004664479086874618,0.042277018229166664,0.0,0.0,0.006130000000000002,4.0,0.27,0.0032549318105642064,0.163057926731805,0.004254428107136239,1.0770826452954907e-07,7.53814053400248e-08,673559.602,1.0,671111.530578125,1.12176296559331e-07,2313.572752941288,5760.0,1.0,,292,,,,,,,,
12.839108800999384,0.007871056996628933,0.0740966796875,0.0,0.0,0.006082499999999999,4.0,0.26749999999999996,-0.0012605959879389654,0.16655104762564102,-0.0002475851894511531,8.225789234946508e-08,5.5614957750194094e-08,673873.266,1.0,671347.7579765625,1.12176296559331e-07,1428.1490898295558,5760.0,1.0,,293,,,,,,,,
13.043960034003248,0.005144102168200752,0.052327473958333336,0.0,0.0,0.006035,4.0,0.265,-0.0004240819059001903,0.15525598296274742,0.0005128369278584918,1.1556425860703712e-07,7.873553660904993e-08,673572.85075,1.0,671385.6588789063,1.12176296559331e-07,2512.657525496697,5760.0,1.0,,294,,,,,,,,
12.848502363001899,0.006797028279139787,0.072265625,0.0,0.0,0.0059875,4.0,0.26249999999999996,-0.0017926043353024095,0.14045350703721246,-0.0009517253881009916,1.8540267365807495e-07,1.363079917086433e-07,674269.4512499999,1.0,671172.958421875,1.12176296559331e-07,3837.5349787336754,5760.0,1.0,,295,,,,,,,,
13.04523209099716,0.01460143459308035,0.060587565104166664,0.0,0.0,0.005940000000000001,4.0,0.26,-0.001268295486321828,0.1563873616978526,-0.00033942148244629305,2.2377527179410586e-07,8.922161017406911e-08,674468.94225,1.0,672053.3355273437,1.12176296559331e-07,2189.914281206018,5760.0,1.0,,296,,,,,,,,
12.964127805997123,0.0049468404235072745,0.051839192708333336,0.0,0.0,0.0058925,4.0,0.25749999999999995,-0.000500528195213216,0.1416295076099535,0.0003339484877263506,2.360928699947825e-07,1.0287423061564975e-07,674296.09925,1.0,671289.4936523438,1.12176296559331e-07,2934.6001831457547,5760.0,1.0,,297,,,,,,,,
12.935103812997113,0.0068189609603361845,0.07222493489583333,0.0,0.0,0.005845000000000001,4.0,0.255,-0.0005342342095294347,0.15222143568098545,0.00035545127078269917,1.676958344039766e-07,6.402292385132569e-08,674401.494,1.0,672181.9896796874,1.12176296559331e-07,1726.887383269814,5760.0,1.0,,298,,,,,,,,
13.005187096001464,0.005646718080361879,0.055867513020833336,0.0,0.0,0.005797500000000001,4.0,0.25249999999999995,0.004144658229051856,0.15220789859692255,0.005027047455466042,7.78582653164032e-08,5.5768525649331955e-08,674059.2765,1.0,671674.1839687501,1.12176296559331e-07,1715.9456414401157,5760.0,1.0,,299,,,,,,,,
12.92519576199993,0.003440008086594245,0.031819661458333336,0.0,0.0,0.005750000000000002,4.0,0.25,0.0024808011864176174,0.14956216358890137,0.003340738437448939,1.0680807971397144e-07,6.902989579948837e-08,674386.9482499999,1.0,671809.9214804688,1.12176296559331e-07,1798.6043819118556,5760.0,1.0,,300,674468.94225,674257.12475,672877.872,70000042,672032.3156000001,best_of_k,674257.12475,1373.4647719379252
13.171162216000084,0.007172302062628422,0.06754557291666667,0.0,0.0,0.005702500000000001,4.0,0.24750000000000005,0.004125593968637986,0.13860965690885982,0.004915979962485532,9.19770729209309e-08,5.367468432678398e-08,674612.80175,1.0,672307.8216054688,1.12176296559331e-07,1365.5407149749935,5760.0,1.0,,301,,,,,,,,
12.939374082998256,0.006063387851360513,0.047648111979166664,0.0,0.0,0.005655,4.0,0.245,-0.0012435971354231394,0.1407144283875823,-0.0004478846482622127,8.651156317244595e-08,3.806718296139877e-08,674456.2309999999,1.0,672542.7221914062,1.12176296559331e-07,978.4663068420133,5760.0,1.0,,302,,,,,,,,
13.094784341003106,0.005860481128908912,0.061238606770833336,0.0,0.0,0.005607500000000001,4.0,0.24250000000000005,-0.0006161040346341906,0.1400718765022854,0.0001692278116631011,9.751500404201845e-07,4.811860362015826e-08,674839.8605,1.0,672105.636609375,1.12176296559331e-07,1383.835194700634,5760.0,1.0,,303,,,,,,,,
13.031749837999087,0.004583349591905132,0.049275716145833336,0.0,0.0,0.005560000000000001,4.0,0.24,-0.0029116448713466525,0.13787134364247322,-0.002145157962028558,5.396261850698636e-07,4.74577976176486e-08,674366.2202500001,1.0,672588.6217851563,1.12176296559331e-07,1184.7305267101583,5760.0,1.0,,304,,,,,,,,
13.008738801003346,0.005107532934319536,0.051472981770833336,0.0,0.0,0.005512500000000002,4.0,0.23750000000000004,-0.0009582827066575798,0.13593957495565215,-0.0002093703078571707,4.077198916855688e-06,9.284732205294688e-08,674327.5904999999,1.0,671957.3134375,1.12176296559331e-07,1505.9998247432525,5760.0,1.0,,305,,,,,,,,
13.00979801399808,0.004224116519986036,0.040934244791666664,0.0,0.0,0.005465000000000001,4.0,0.235,-0.0031951049483420015,0.13525932903091112,-0.002456118367263116,1.3230309544217296e-06,1.469601021616048e-07,673950.6542499999,1.0,671161.3245664062,1.12176296559331e-07,2665.595632461928,5760.0,1.0,,306,,,,,,,,
12.999799957000505,0.005696501719973194,0.050944010416666664,0.0,0.0,0.005417500000000002,4.0,0.23250000000000004,-0.004672752704815745,0.1480186078697443,-0.003870918541603411,2.203606292994209e-07,6.916343002020635e-08,674165.9387500001,1.0,672041.9563203126,1.12176296559331e-07,1474.8376718965887,5760.0,1.0,,307,,,,,,,,
13.137887760000012,0.004762338759062364,0.050699869791666664,0.0,0.0,0.00537,4.0,0.22999999999999998,-0.003014230605913326,0.15563780224571624,-0.002178515676253786,1.6223434832577746e-07,8.656907820222177e-08,674297.4075,1.0,672076.120046875,1.12176296559331e-07,1705.7878122818731,5760.0,1.0,,308,,,,,,,,
13.205470810997213,0.0041898725568441835,0.04443359375,0.0,0.0,0.005322500000000001,4.0,0.22750000000000004,-0.002756210046451694,0.1542226898794373,-0.0019354154937900603,1.3926060038471633e-07,8.310286007488325e-08,674551.4670000001,1.0,671815.4131953125,1.12176296559331e-07,1759.6733956072123,5760.0,1.0,,309,,,,,,,,
12.876505129999714,0.002802642662532643,0.026611328125,0.0,0.0,0.005275,4.0,0.22499999999999998,0.002489425098853341,0.15663381665945053,0.0033156208228319883,1.1097446998379705e-07,7.326571867712535e-08,674260.8460000001,1.0,671787.7893789063,1.12176296559331e-07,1365.9393460737174,5760.0,1.0,,310,,,,,,,,
12.8558676749999,0.0121621928220641,0.06705729166666667,0.0,1.0,0.005227500000000001,4.0,0.22250000000000003,0.0001494252598301197,0.132435264531523,0.0008415985018170128,2.111251144280383e-07,2.2147031527216163e-07,674554.14675,1.0,671049.1606796875,1.12176296559331e-07,2639.6841603525163,5760.0,1.0,,311,,,,,,,,
12.980246098999487,0.005954418693165782,0.060587565104166664,0.0,0.0,0.005180000000000001,4.0,0.21999999999999997,-0.0025416100155174113,0.15879564670224985,-0.0017191087827086449,1.1977610459013022e-07,9.615395257789316e-08,674019.90275,1.0,671311.1065976563,1.12176296559331e-07,2224.0585000345563,5760.0,1.0,,312,,,,,,,,
13.055612124000618,0.0037754661566745304,0.031941731770833336,0.0,0.0,0.005132500000000002,4.0,0.21750000000000003,0.0002273707214044407,0.158297602708141,0.0010397593141533434,1.0364248644497327e-07,1.2690139028492808e-07,674352.562,1.0,671701.7162265625,1.12176296559331e-07,1796.2796204179792,5760.0,1.0,,313,,,,,,,,
13.074285963997681,0.003994284074109326,0.044230143229166664,0.0,0.0,0.005085000000000001,4.0,0.21499999999999997,-0.0023918594233691692,0.14125156371543804,-0.0016741363603311281,4.255484863750307e-07,9.971281211829108e-07,674644.5675,1.0,672360.1560898437,1.12176296559331e-07,1523.458679025843,5760.0,1.0,,314,,,,,,,,
12.88316939699871,0.00611413642494026,0.052775065104166664,0.0,0.0,0.005037500000000002,4.0,0.21250000000000002,-0.0007174041650917692,0.14076196169480681,-8.883808429042498e-06,3.2572372547316303e-07,1.071228570440989e-06,674249.693,1.0,672307.8548671876,1.12176296559331e-07,1446.9702903970867,5760.0,1.0,,315,,,,,,,,
13.06754616499893,0.006055601195277187,0.056925455729166664,0.0,0.0,0.00499,4.0,0.20999999999999996,-0.0013594539147258426,0.14850216700385013,-0.0006185148376971483,1.0805617497074611e-07,1.5234707036645054e-07,674245.32075,1.0,672237.8392421876,1.12176296559331e-07,1636.4820162693036,5760.0,1.0,,316,,,,,,,,
13.042804841999896,0.00554692035838696,0.0477294921875,0.0,0.0,0.004942500000000001,4.0,0.20750000000000002,-0.0036912312558949147,0.15473644404361644,-0.0029264768333329507,5.8589480452416374e-08,5.009022041591038e-08,674350.9785000001,1.0,672495.6658046874,1.12176296559331e-07,1152.3607568357938,5760.0,1.0,,317,,,,,,,,
12.951283117999992,0.0043001033293699935,0.043701171875,0.0,0.0,0.004895,4.0,0.20499999999999996,0.0039300857515627285,0.14828588627278805,0.004655877564800903,1.1700174014824445e-07,1.1172982450347035e-07,673899.3672499999,1.0,671479.0955976563,1.12176296559331e-07,2423.2162586293107,5760.0,1.0,,318,,,,,,,,
12.935120748999907,0.004647897566098773,0.03662109375,0.0,0.0,0.004847500000000001,4.0,0.2025,0.002369858437911413,0.141887957851092,0.0030576015900199613,1.2310603573576864e-07,9.34034858346422e-08,674225.5735,1.0,672101.3865976564,1.12176296559331e-07,2368.4170009494624,5760.0,1.0,,319,,,,,,,,
12.752942623999843,0.007663418627587386,0.060099283854166664,0.0,0.0,0.0048000000000000004,4.0,0.19999999999999996,-0.003940919610613491,0.14949999128778776,-0.0032233894259358444,1.2539512524630444e-07,1.1424653993212057e-07,674200.4624999999,1.0,671685.2313476563,1.12176296559331e-07,2402.9375216369463,5760.0,1.0,,320,674839.8605,673867.666,673790.4375,70000042,671906.5981833334,best_of_k,673867.666,1764.1160360558129
13.010018443001172,0.006500291855994729,0.07356770833333333,0.0,0.0,0.0047525000000000015,4.0,0.1975,-0.004835858174677317,0.16539041635890803,-0.004049867081145446,6.0945270830004e-08,4.101733434384395e-08,674494.7890000001,1.0,672498.7743906251,1.12176296559331e-07,1312.145817383379,5760.0,1.0,,321,,,,,,,,
12.969836366999516,0.005210705110620495,0.053019205729166664,0.0,0.0,0.004704999999999999,4.0,0.19499999999999995,-0.0017180612182225257,0.14700830494984984,-0.0010265072924084961,1.9776192476210022e-07,2.0097815974414365e-07,674218.555,1.0,670253.1256953125,1.12176296559331e-07,3252.9264216210786,5760.0,1.0,,322,,,,,,,,
13.113137889002246,0.004133849197413515,0.038981119791666664,0.0,0.0,0.0046575,4.0,0.1925,-0.0011016740221142147,0.15142440237104893,-0.0003965060265424351,1.695270605376701e-07,1.4790632126467548e-07,674535.26125,1.0,670963.9243476562,1.12176296559331e-07,3788.4354932939377,5760.0,1.0,,323,,,,,,,,
13.234192482002982,0.003784335677543993,0.044962565104166664,0.0,0.0,0.0046099999999999995,4.0,0.18999999999999995,0.002861985005438328,0.17025435312340656,0.003646815622535845,1.0563812106549146e-07,6.275541656701004e-08,674684.8084999999,1.0,672507.9033242187,1.12176296559331e-07,1611.2795951909761,5760.0,1.0,,324,,,,,,,,
13.090978550000727,0.004193688957653485,0.044962565104166664,0.0,0.0,0.004562500000000001,4.0,0.1875,7.203824012928332e-05,0.17137618735432625,0.0008539073557282487,7.819182346047171e-08,5.3788201078338225e-08,674812.9005,1.0,672040.4213554688,1.12176296559331e-07,1528.0646656873944,5760.0,1.0,,325,,,,,,,,
13.178478465000808,0.0035948971300931256,0.042887369791666664,0.0,0.0,0.004515000000000002,4.0,0.18500000000000005,-0.0006786057638237253,0.1741538904607296,0.00010767501468459766,5.806068921939319e-08,3.6160302789115896e-08,675200.62375,1.0,672408.6994335938,1.12176296559331e-07,1216.696279144916,5760.0,1.0,,326,,,,,,,,
13.086971257002006,0.003997051349912499,0.038045247395833336,0.0,0.0,0.004467500000000001,4.0,0.1825,0.00010528711148557098,0.16887834668159485,0.0008596964083456745,1.0634687056902219e-07,8.70066176883455e-08,674487.0915,1.0,671553.4452343751,1.12176296559331e-07,2085.9253832814875,5760.0,1.0,,327,,,,,,,,
13.059323150999262,0.004286222537344268,0.046142578125,0.0,0.0,0.004420000000000002,4.0,0.18000000000000005,-0.007708189851352169,0.1871561584994197,-0.0068809979226595415,9.043824933385736e-08,5.980900856054443e-08,673912.3327500001,1.0,671026.4188398438,1.12176296559331e-07,1723.146481250968,5760.0,1.0,,328,,,,,,,,
13.139896381002472,0.003547428700305666,0.034912109375,0.0,0.0,0.004372500000000001,4.0,0.1775,-0.0023100255542279533,0.18503731644401947,-0.0015009841978705178,8.70581633449774e-08,5.212814217318377e-08,674346.7912499999,1.0,671420.6006914063,1.12176296559331e-07,1900.474865097248,5760.0,1.0,,329,,,,,,,,
13.24581365099948,0.0033173478575602524,0.029256184895833332,0.0,0.0,0.0043250000000000025,4.0,0.17500000000000004,-0.0011271715144782017,0.18246780801564455,-0.0003380816391048332,1.4369529507026377e-07,1.3807814447375222e-07,673576.3975000002,1.0,670054.4203476562,1.12176296559331e-07,1966.1807886593983,5760.0,1.0,,330,,,,,,,,
13.109889678999025,0.0037627526945283782,0.032389322916666664,0.0,0.0,0.0042775,4.0,0.1725,0.0016338033019565046,0.17798594074944654,0.0023950603208504617,1.3927672111909337e-07,1.2671559386963813e-07,674350.0865,1.0,670642.7576289063,1.12176296559331e-07,2594.5382018052783,5760.0,1.0,,331,,,,,,,,
13.195812537000165,0.004270080214149097,0.042277018229166664,0.0,0.0,0.004230000000000001,4.0,0.17000000000000004,-0.0029148687620666656,0.177894603771468,-0.002162437158403918,1.2800671322921175e-07,9.961299178110987e-08,674864.55275,1.0,671724.1799492188,1.12176296559331e-07,2444.0323632798677,5760.0,1.0,,332,,,,,,,,
13.17338780800128,0.00331123536369482,0.036865234375,0.0,0.0,0.004182500000000002,4.0,0.16749999999999998,0.0011224348321168993,0.1795267934600512,0.0018732667861816783,8.65224028719543e-08,6.042579777284136e-08,675008.2375,1.0,671750.5693046874,1.12176296559331e-07,1861.0670880884436,5760.0,1.0,,333,,,,,,,,
13.239440310000646,0.0034406797668224223,0.038045247395833336,0.0,0.0,0.004135,4.0,0.16500000000000004,0.001405444264188797,0.17914401615659395,0.0021461710469642035,7.823393414578088e-08,5.1430519768895046e-08,674668.1315,1.0,672336.7464960937,1.12176296559331e-07,1670.697712756226,5760.0,1.0,,334,,,,,,,,
13.099712580002233,0.004963396112621273,0.046061197916666664,0.0,0.0,0.004087500000000001,4.0,0.16249999999999998,-0.001972860948929641,0.1717064476882418,-0.0012710456503555179,7.697047443855354e-08,5.345485136013887e-08,675442.6969999999,1.0,672489.7165039063,1.12176296559331e-07,1664.8941610249767,5760.0,1.0,,335,,,,,,,,
13.047095559002628,0.004335142475561622,0.046915690104166664,0.0,0.0,0.004040000000000002,4.0,0.16000000000000003,-0.0031654537281913995,0.15304633043706417,-0.0025471873329176256,7.273489055492632e-08,6.646800761641221e-08,674919.83,1.0,672745.620265625,1.12176296559331e-07,1643.9706010662562,5760.0,1.0,,336,,,,,,,,
13.255317744999047,0.0037531269237799,0.037760416666666664,0.0,0.0,0.0039924999999999995,4.0,0.15749999999999997,-0.00098944977313901,0.1555228726938367,-0.00036859558410166454,1.0181620243206642e-07,1.214774853301274e-07,674869.8285,1.0,672425.5286914064,1.12176296559331e-07,2586.8528775523932,5760.0,1.0,,337,,,,,,,,
13.146705086997827,0.004455789901941583,0.049072265625,0.0,0.0,0.003945000000000001,4.0,0.15500000000000003,0.0024715418949199375,0.15680526507397494,0.003090020404973378,1.5882309748841786e-07,2.0404072727705133e-07,674728.4995,1.0,672660.7196015625,1.12176296559331e-07,1182.1284181530134,5760.0,1.0,,338,,,,,,,,
13.24549918699995,0.002760583348732896,0.029500325520833332,0.0,0.0,0.0038975000000000017,4.0,0.15249999999999997,0.0008678420981595991,0.16039504234989485,0.0014929188570628564,1.0496664626380436e-07,1.0388996048623274e-07,674894.0822500001,1.0,672968.7540742188,1.12176296559331e-07,1119.9700808358991,5760.0,1.0,,339,,,,,,,,
13.145629539001675,0.0038467147156643713,0.040730794270833336,0.0,0.0,0.0038500000000000027,4.0,0.15000000000000002,-0.005642587663411784,0.15672671888023615,-0.005039218522142619,6.070153076483582e-08,4.4639309952169505e-08,674616.71,1.0,673206.2292734375,1.12176296559331e-07,821.8488762962261,5760.0,1.0,,340,675442.6969999999,674977.242,675055.7995,70000042,672057.9759000001,best_of_k,674977.242,2481.85136098075
13.293814780998218,0.0025801542658226615,0.022054036458333332,0.0,0.0,0.0038025000000000003,4.0,0.14749999999999996,-0.003270040517236339,0.16103065541634956,-0.002657768074035024,8.472376977763929e-08,7.723457510581493e-08,674928.73425,1.0,672175.4282656251,1.12176296559331e-07,2035.3802924802121,5760.0,1.0,,341,,,,,,,,
13.117068578001636,0.003985269442427904,0.035400390625,0.0,0.0,0.0037550000000000014,4.0,0.14500000000000002,0.00574048760123939,0.1545206398392717,0.006320681519961606,6.38832406233784e-08,4.935831054986295e-08,674580.16325,1.0,672783.7936875001,1.12176296559331e-07,1261.6933068082442,5760.0,1.0,,342,,,,,,,,
13.158474911997473,0.0028693231824104735,0.0277099609375,0.0,0.0,0.003707499999999999,4.0,0.14249999999999996,-0.0030843448281909027,0.15683590775976577,-0.002502908571235215,7.49501321006818e-08,5.1250059825610115e-08,674552.1342499999,1.0,672555.9466132813,1.12176296559331e-07,1426.9254336764143,5760.0,1.0,,343,,,,,,,,
13.098717321001459,0.0030754335572963734,0.03564453125,0.0,0.0,0.00366,4.0,0.14,-0.004215295947991156,0.16401662956923246,-0.0036150275263935328,6.79696562736846e-08,5.0314651038145066e-08,674480.20175,1.0,672415.7302304688,1.12176296559331e-07,1343.923298125608,5760.0,1.0,,344,,,,,,,,
13.058152179997705,0.002616330049299028,0.026692708333333332,0.0,0.0,0.003612500000000001,4.0,0.13749999999999996,-0.00010120845521062923,0.15409933092693487,0.00045543062151409686,7.905863371367634e-08,7.456176565057149e-08,674815.8655,1.0,672521.157921875,1.12176296559331e-07,1556.6169256680516,5760.0,1.0,,345,,,,,,,,
13.184214084001724,0.002579156102324139,0.027669270833333332,0.0,0.0,0.003565000000000002,4.0,0.135,0.0015704680845374241,0.14984599190453687,0.0021046304900664836,8.80292997755087e-08,5.94648322434684e-08,675449.7335000001,1.0,672507.8433125,1.12176296559331e-07,1829.900850722284,5760.0,1.0,,346,,,,,,,,
13.00301787400167,0.0029098327327809295,0.032267252604166664,0.0,0.0,0.0035175,4.0,0.13249999999999995,0.0039051302592270076,0.14789094248165688,0.004425308802941193,5.779894659182124e-08,4.28439698533604e-08,674935.26725,1.0,672895.9569023438,1.12176296559331e-07,1513.5111066089783,5760.0,1.0,,347,,,,,,,,
13.040549035998993,0.002917968612456671,0.037394205729166664,0.0,0.0,0.003470000000000001,4.0,0.13,-0.005101491608608437,0.1447996792073051,-0.004599072562996298,6.934825787692962e-08,5.6671038972666565e-08,675200.43225,1.0,672370.9660703125,1.12176296559331e-07,1690.8881932745257,5760.0,1.0,,348,,,,,,,,
13.02131406999979,0.0032200347498161364,0.034423828125,0.0,0.0,0.0034224999999999985,4.0,0.12749999999999995,-0.006236151413759217,0.14443632774055004,-0.00574186568458875,1.9786280465912873e-07,5.570523375908465e-08,674712.46175,1.0,672456.1758710938,1.12176296559331e-07,1274.1361651616296,5760.0,1.0,,349,,,,,,,,
13.048469555000338,0.0031157152283126286,0.040364583333333336,0.0,0.0,0.0033749999999999995,4.0,0.125,-0.0017229203119010588,0.1516604421970745,-0.0012111774606940646,8.207206814899356e-07,5.7603005476636326e-08,674849.525,1.0,672334.725953125,1.12176296559331e-07,1512.3924778739292,5760.0,1.0,,350,,,,,,,,
13.139584199001547,0.004337810514586297,0.050048828125,0.0,0.0,0.0033275000000000006,4.0,0.12250000000000005,-0.0062588695776260765,0.15648749377578497,-0.00573823480711629,5.196614029460515e-07,5.133627449064685e-08,674888.25725,1.0,672560.4769609375,1.12176296559331e-07,1158.0743067334158,5760.0,1.0,,351,,,,,,,,
13.200941103001242,0.0034076509248430753,0.039225260416666664,0.0,0.0,0.0032800000000000017,4.0,0.12,0.0004747777608523999,0.14328752147654691,0.0009447095314196,2.118297956303176e-07,5.99037712027221e-08,674575.8565,1.0,672282.3868007812,1.12176296559331e-07,1455.8353776473805,5760.0,1.0,,352,,,,,,,,
13.077637189999223,0.002935777943429881,0.033284505208333336,0.0,0.0,0.0032325000000000027,4.0,0.11750000000000005,-0.0015645599220685351,0.1574181579053402,-0.001055740499092887,7.205671555728561e-08,5.4700418417041874e-08,674597.61075,1.0,671843.6763906251,1.12176296559331e-07,1851.928817000967,5760.0,1.0,,353,,,,,,,,
13.095007710002392,0.0017779639678021653,0.0196533203125,0.0,0.0,0.0031850000000000003,4.0,0.11499999999999999,0.0010899381365258403,0.14274097684149942,0.0015445358973617356,6.453827886924539e-08,5.1051482892935006e-08,674688.857,1.0,672523.7058554688,1.12176296559331e-07,1143.218654654093,5760.0,1.0,,354,,,,,,,,
12.931160177999118,0.005284837058209035,0.054606119791666664,0.0,0.0,0.0031375000000000014,4.0,0.11250000000000004,-0.001301113041942396,0.13339208299294114,-0.0008826277044136077,6.001695969833538e-08,5.164176086758232e-08,674785.57125,1.0,672559.3446640626,1.12176296559331e-07,1351.9466478833976,5760.0,1.0,,355,,,,,,,,
13.075482820000616,0.003018764153049247,0.036214192708333336,0.0,0.0,0.003089999999999999,4.0,0.10999999999999999,-0.004366885605122661,0.12402073464666803,-0.003983694186899811,6.235880486057017e-08,5.2147705191056083e-08,674877.51625,1.0,672803.0925976563,1.12176296559331e-07,1387.738586019591,5760.0,1.0,,356,,,,,,,,
13.156255645000783,0.0040562050162028145,0.044840494791666664,0.0,0.0,0.0030425,4.0,0.10750000000000004,0.007173496555575791,0.11759133047113816,0.0075312405145571875,5.6165443185207664e-08,4.320931923373905e-08,675407.10575,1.0,672774.1940195312,1.12176296559331e-07,1212.1641176305955,5760.0,1.0,,357,,,,,,,,
13.016610396000033,0.0027744015073366177,0.030843098958333332,0.0,0.0,0.002995000000000001,4.0,0.10499999999999998,0.0008413452887907624,0.1113250123647352,0.001174736040411517,5.5045956459665035e-08,4.3093191089601156e-08,675038.24125,1.0,673222.5241210938,1.12176296559331e-07,929.6743516601126,5760.0,1.0,,358,,,,,,,,
13.092228239998803,0.003245162915969028,0.035563151041666664,0.0,0.0,0.002947500000000002,4.0,0.10250000000000004,-0.00021795642411840768,0.12082543379316728,0.00013815112955247363,5.01580260288866e-08,4.1180097998250176e-08,675073.9245000001,1.0,672640.0145234375,1.12176296559331e-07,1318.0846721397913,5760.0,1.0,,359,,,,,,,,
12.952999427998293,0.001655695643639395,0.02001953125,0.0,0.0,0.0029,4.0,0.09999999999999998,-0.0005981512228269518,0.11419787739093105,-0.0002670032942357163,5.447823614446179e-08,4.011509443143287e-08,674866.209,1.0,672627.5702382813,1.12176296559331e-07,1372.899372216468,5760.0,1.0,,360,675449.7335000001,674706.609,673670.11225,70000042,672875.2627083336,best_of_k,674706.609,1625.62968095738
13.046931672997744,0.002176317149669297,0.024007161458333332,0.0,0.0,0.002852500000000001,4.0,0.09750000000000003,0.002530237226286166,0.10157707799226046,0.002819959365297109,5.217411665666324e-08,4.3272045132288404e-08,674819.26425,1.0,672819.6581835938,1.12176296559331e-07,1038.7253137583425,5760.0,1.0,,361,,,,,,,,
12.932338188002177,0.0027707433014061422,0.030192057291666668,0.0,0.0,0.002805000000000002,4.0,0.09499999999999997,0.003843231485613311,0.10603177407756448,0.0041406285017728806,4.18879457786403e-08,3.64197214978527e-08,674936.6605,1.0,672960.9922773438,1.12176296559331e-07,1012.7997115160919,5760.0,1.0,,362,,,,,,,,
12.997195030002331,0.0029802093044703306,0.032470703125,0.0,0.0,0.002757500000000003,4.0,0.09250000000000003,-0.0010302114254348755,0.10007521975785494,-0.0007542773770789305,4.45640688795379e-08,3.711485333883028e-08,674822.6585,1.0,673053.3592382813,1.12176296559331e-07,1066.8793586648903,5760.0,1.0,,363,,,,,,,,
13.043370451003284,0.002088895766175843,0.0252685546875,0.0,0.0,0.0027100000000000006,4.0,0.08999999999999997,-0.001031187770422548,0.11361303025235732,-0.0007233210102034112,4.684982239192929e-08,3.9136967518634456e-08,674512.8825000001,1.0,672703.5179804687,1.12176296559331e-07,1206.0946589044365,5760.0,1.0,,364,,,,,,,,
12.938508945000649,0.0021654569337199447,0.026774088541666668,0.0,0.0,0.0026625000000000017,4.0,0.08750000000000002,0.0007392402646170618,0.1078726837101082,0.001026428120288377,4.235240406528599e-08,3.759080720773985e-08,674514.577,1.0,672735.4011210938,1.12176296559331e-07,1121.952932341535,5760.0,1.0,,365,,,,,,,,
13.168834372001584,0.003117081706900985,0.0367431640625,0.0,0.0,0.0026149999999999993,4.0,0.08499999999999996,-0.004651890226038328,0.10096872970461845,-0.004387881432194263,4.813562215488787e-08,4.082284081145341e-08,674921.681,1.0,672481.159828125,1.12176296559331e-07,1443.943280643777,5760.0,1.0,,366,,,,,,,,
13.051524419999623,0.004824419870521031,0.049560546875,0.0,0.0,0.0025675000000000003,4.0,0.08250000000000002,0.001980862973141484,0.10083860345184803,0.002239745808765292,3.6222362627865344e-08,3.3397611195103614e-08,674731.8985,1.0,673012.8896875,1.12176296559331e-07,940.0824653286114,5760.0,1.0,,367,,,,,,,,
13.069035386997712,0.0023388722437402976,0.025634765625,0.0,0.0,0.0025200000000000014,4.0,0.07999999999999996,-0.0067639196749951225,0.10741968359798193,-0.006493245949968696,4.4124458383384045e-08,3.7670484102451475e-08,674665.8840000001,1.0,672963.0594609375,1.12176296559331e-07,1048.1514342796688,5760.0,1.0,,368,,,,,,,,
13.173881207003433,0.0016857459440835498,0.0216064453125,0.0,0.0,0.0024725000000000025,4.0,0.07750000000000001,-0.004163627250818536,0.11081072843323152,-0.0038896672679887465,3.770392516718365e-08,3.333824764399177e-08,674761.5282500001,1.0,673196.8208398437,1.12176296559331e-07,876.0609352859775,5760.0,1.0,,369,,,,,,,,
12.918437838998216,0.0032748907018185966,0.033040364583333336,0.0,0.0,0.002425,4.0,0.07499999999999996,-0.0013610581857695554,0.1090027925868829,-0.0010967481648549438,4.241286847654161e-08,3.552733973677391e-08,674833.1610000001,1.0,673013.0627734375,1.12176296559331e-07,945.5156733886005,5760.0,1.0,,370,,,,,,,,
13.05937277799967,0.002834336393841378,0.034342447916666664,0.0,0.0,0.002377500000000001,4.0,0.07250000000000001,-0.0003771590709220618,0.10449618846178055,-0.0001287408328304688,3.877563677553061e-08,3.557642410297509e-08,674969.3115000001,1.0,673289.52309375,1.12176296559331e-07,1010.1511159440498,5760.0,1.0,,371,,,,,,,,
12.94973034800205,0.0029108147868678693,0.029866536458333332,0.0,0.0,0.0023299999999999987,4.0,0.06999999999999995,-0.0042940393495882745,0.1051040687598288,-0.004049167056412746,3.623229309172397e-08,3.2860305846741746e-08,674961.1465,1.0,673192.1332304687,1.12176296559331e-07,1057.6704846710084,5760.0,1.0,,372,,,,,,,,
13.061146535997977,0.002570008409588098,0.032470703125,0.0,0.0,0.0022825,4.0,0.0675,-0.005122645735051871,0.11313922191038728,-0.004864433217638482,4.106834028405615e-08,4.794393992924029e-08,674421.09025,1.0,672948.6758554687,1.12176296559331e-07,1070.0068818585564,5760.0,1.0,,373,,,,,,,,
13.137752040998748,0.003113781189987582,0.03955078125,0.0,0.0,0.002235000000000001,4.0,0.06499999999999995,-0.005491938922205009,0.1105020468433698,-0.005244991809983428,4.445073812734771e-08,4.10464584543746e-08,674587.897,1.0,672914.9893945312,1.12176296559331e-07,895.9310526910668,5760.0,1.0,,374,,,,,,,,
13.112666002001788,0.0018095278009789457,0.020711263020833332,0.0,0.0,0.002187500000000002,4.0,0.0625,-0.0039070751123896725,0.11711940262466669,-0.0036509000152970352,4.103298352949499e-08,3.881319569446854e-08,675030.441,1.0,672713.1059140626,1.12176296559331e-07,1053.1023362219244,5760.0,1.0,,375,,,,,,,,
13.113062975000503,0.002515836205303638,0.029825846354166668,0.0,0.0,0.002140000000000003,4.0,0.06000000000000005,-0.0023364301450783387,0.11638134981816013,-0.0020874013813833394,4.5847127131774336e-08,4.5132336016588205e-08,675129.425,1.0,672477.1919804688,1.12176296559331e-07,1019.7719357754668,5760.0,1.0,,376,,,,,,,,
13.21407359299701,0.0022491181451312534,0.026163736979166668,0.0,0.0,0.0020925000000000006,4.0,0.057499999999999996,-0.004169922040697808,0.11618645365039508,-0.003926827708104004,4.404941308007911e-08,4.3259717659912176e-08,674853.633,1.0,672587.9287539063,1.12176296559331e-07,1195.0134565865342,5760.0,1.0,,377,,,,,,,,
13.15173604499796,0.0020123805903438097,0.0238037109375,0.0,0.0,0.0020450000000000017,4.0,0.05500000000000005,-0.0019048100609021883,0.12007129099220037,-0.0016592920292168856,4.823465922972522e-08,4.626402024439832e-08,674512.529,1.0,672646.1273476563,1.12176296559331e-07,950.3746777825244,5760.0,1.0,,378,,,,,,,,
13.156949101001373,0.00134818132662969,0.015584309895833334,0.0,0.0,0.0019974999999999993,4.0,0.05249999999999999,-0.003326208738144487,0.11014503488938014,-0.003106224835695078,5.123191818926879e-08,5.0857515828302745e-08,674632.1450000001,1.0,672657.1161757814,1.12176296559331e-07,978.1887481410857,5760.0,1.0,,379,,,,,,,,
13.173676030000934,0.0015174996605236875,0.016153971354166668,0.0,0.0,0.0019500000000000003,4.0,0.050000000000000044,0.0005458808976375925,0.11231033581619461,0.0007648577253955106,5.034967065498108e-08,4.5857821392066476e-08,674520.4857500001,1.0,672895.00540625,1.12176296559331e-07,952.4606680645732,5760.0,1.0,,380,675449.7335000001,674394.71375,674958.609,70000042,672842.6957916666,best_of_k,674394.71375,1336.6541546455364
13.267756217002898,0.0016186058580972922,0.018147786458333332,0.0,0.0,0.0019025000000000014,4.0,0.04749999999999999,0.005463810113724321,0.10834771255031228,0.005669915796412776,4.673718597321871e-08,4.154953795835562e-08,674654.2497500001,1.0,672815.754796875,1.12176296559331e-07,884.6442133630625,5760.0,1.0,,381,,,,,,,,
13.115886899999168,0.0018326657051043564,0.0205078125,0.0,0.0,0.0018550000000000025,4.0,0.04500000000000004,-3.3184084410701566e-05,0.11129282616699736,0.00017323905679707727,4.700819637252588e-08,4.1940803052753495e-08,675025.2890000001,1.0,672825.4786914062,1.12176296559331e-07,957.482034177363,5760.0,1.0,,382,,,,,,,,
13.062237983001978,0.0019833613382000217,0.023640950520833332,0.0,0.0,0.0018075,4.0,0.04249999999999998,0.004054973336072483,0.10678080065796773,0.004247955521956707,4.367343227803152e-08,3.992051393157207e-08,674910.481,1.0,672805.7694296875,1.12176296559331e-07,1226.711399447188,5760.0,1.0,,383,,,,,,,,
13.260588302000542,0.0026949083011912713,0.029378255208333332,0.0,0.0,0.0017600000000000011,4.0,0.040000000000000036,-0.002963844520309067,0.10753491629535954,-0.0027746105721841254,5.110811425919811e-08,4.5103757617681595e-08,674375.2665,1.0,672655.2490039063,1.12176296559331e-07,1248.258768270994,5760.0,1.0,,384,,,,,,,,
13.06451125500098,0.0016694937599031807,0.019327799479166668,0.0,0.0,0.0017124999999999987,4.0,0.03749999999999998,-0.0022794339359582714,0.10910281802838047,-0.0020926192519254982,4.048604392477747e-08,3.8959485637590774e-08,674570.225,1.0,672901.8786171875,1.12176296559331e-07,1104.3113230651109,5760.0,1.0,,385,,,,,,,,
13.12260958999832,0.0018090639934005281,0.020345052083333332,0.0,0.0,0.0016649999999999998,4.0,0.03500000000000003,0.0009712054937457045,0.11092498463888963,0.0011558657667289178,5.251909714528343e-08,4.8706069695943675e-08,674470.088,1.0,672484.3971054687,1.12176296559331e-07,1107.499407826348,5760.0,1.0,,386,,,,,,,,
13.043468824998854,0.0015452834109286329,0.017862955729166668,0.0,0.0,0.0016175000000000009,4.0,0.03249999999999997,-0.004705189324643773,0.10515052297463019,-0.004535135172773153,4.763766758841825e-08,4.364490117462575e-08,674705.4315,1.0,672908.6863359376,1.12176296559331e-07,1054.5133699654587,5760.0,1.0,,387,,,,,,,,
13.034698310002568,0.0023785898329157598,0.0274658203125,0.0,0.0,0.001570000000000002,4.0,0.030000000000000027,0.000728223278808097,0.10613926298295458,0.0008948364411480725,4.4483376093751303e-08,4.171931156093933e-08,674785.385,1.0,673170.2325429688,1.12176296559331e-07,747.6881646370863,5760.0,1.0,,388,,,,,,,,
13.059493200998986,0.0015105999542891861,0.018025716145833332,0.0,0.0,0.0015224999999999995,4.0,0.02749999999999997,-0.0014640872868767474,0.11405316150436799,-0.0012904653946558635,4.348204033869744e-08,4.045378217594949e-08,674687.3285000001,1.0,672682.962265625,1.12176296559331e-07,1145.881361085621,5760.0,1.0,,389,,,,,,,,
13.056147905997932,0.0014229391134676916,0.0172119140625,0.0,0.0,0.0014750000000000006,4.0,0.025000000000000022,0.0020358218098408543,0.10918565016860764,0.0021968420187477022,4.8722563169197507e-08,4.699937646475879e-08,674744.446,1.0,672754.3955429688,1.12176296559331e-07,1009.2911834185635,5760.0,1.0,,390,,,,,,,,
13.180546337000123,0.001972650130483089,0.022501627604166668,0.0,0.0,0.0014275000000000017,4.0,0.022499999999999964,-0.002442615097000574,0.10120227296526234,-0.002298175085646411,4.6640192744954824e-08,4.313682988588141e-08,674582.37025,1.0,672993.5578437501,1.12176296559331e-07,1098.6744615537416,5760.0,1.0,,391,,,,,,,,
13.20608269999866,0.003259611580776441,0.038004557291666664,0.0,0.0,0.0013800000000000028,4.0,0.020000000000000018,-0.00338343460255904,0.10811010266964634,-0.0032342700384712466,4.9030329796195815e-08,4.4542134499299855e-08,674908.69775,1.0,672825.6703359375,1.12176296559331e-07,1057.764775197893,5760.0,1.0,,392,,,,,,,,
13.161049218997505,0.0016457757985624728,0.02099609375,0.0,0.0,0.0013325000000000004,4.0,0.01749999999999996,-0.0038966114767996864,0.10366595722734928,-0.0037585022316003838,5.0970701955440255e-08,4.0596693340333445e-08,674964.675,1.0,672831.4273085938,1.12176296559331e-07,868.511278403779,5760.0,1.0,,393,,,,,,,,
12.954389394999453,0.0011046410446150883,0.0113525390625,0.0,0.0,0.0012850000000000014,4.0,0.015000000000000013,0.002510952022021229,0.1019017167078952,0.0026418689133909843,5.108712231027823e-08,4.3653719528080615e-08,674360.6215000001,1.0,672881.3708945313,1.12176296559331e-07,792.5742465733845,5760.0,1.0,,394,,,,,,,,
13.156237320999935,0.0014166018593494794,0.016031901041666668,0.0,0.0,0.001237499999999999,4.0,0.012499999999999956,-0.003220185812097043,0.09878276257465284,-0.0030979666529068104,4.293534823969954e-08,4.095379753839742e-08,674633.8729999999,1.0,672845.9842031251,1.12176296559331e-07,1058.3181942754018,5760.0,1.0,,395,,,,,,,,
13.194517672000075,0.001802520437909294,0.021158854166666668,0.0,0.0,0.00119,4.0,0.010000000000000009,-0.0025522575936823464,0.09587756016602118,-0.002438187822311496,4.190639094995655e-08,3.992373986960729e-08,674658.297,1.0,673016.3340507812,1.12176296559331e-07,983.6969041846343,5760.0,1.0,,396,,,,,,,,
12.912427060000482,0.0022088565588592366,0.024739583333333332,0.0,0.0,0.0011425000000000012,4.0,0.007499999999999951,-0.001360723254038021,0.09214478793243568,-0.0012554760905914009,4.9998883477897493e-08,4.6866116025038686e-08,675163.945,1.0,672882.81078125,1.12176296559331e-07,1634.9813819914775,5760.0,1.0,,397,,,,,,,,
12.916057421000005,0.0023808704702628822,0.029947916666666668,0.0,0.0,0.0010950000000000022,4.0,0.0050000000000000044,-0.0005392288730945438,0.0935349715873599,-0.00043684503179974854,8.893659046253315e-08,5.6671691857819915e-08,674531.4169999999,1.0,672721.3815703125,1.12176296559331e-07,1135.4373987668707,5760.0,1.0,,398,,,,,,,,
13.033115745998657,0.0015872297797757302,0.018473307291666668,0.0,0.0,0.0010474999999999998,4.0,0.0024999999999999467,0.0032576246761285197,0.08784286584705114,0.0033495944032135108,1.2248009377084182e-07,6.675969384713672e-08,675063.15825,1.0,673024.7383554687,1.12176296559331e-07,1064.2457136681649,5760.0,1.0,,399,,,,,,,,
13.104685124999378,0.0018682451558629982,0.0157470703125,0.0,0.0,0.0010000000000000009,4.0,0.0,-0.0027427250218655295,0.08965281831721465,-0.002653102778519193,6.612525149662929e-08,4.736968210276397e-08,674911.4970000001,1.0,672785.8018867187,1.12176296559331e-07,1116.5022336062407,5760.0,1.0,,400,675449.7335000001,674486.7930000001,672228.9412500001,70000042,673039.4927750002,best_of_k,674486.7930000001,830.9158986602496
