elapsed_seconds,optimization_approximate_kl,optimization_clip_fraction,optimization_count_loss,optimization_early_kl_stop,optimization_entropy_coefficient,optimization_epochs_completed,optimization_learning_rate_fraction,optimization_loss,optimization_normalized_entropy,optimization_policy_loss,optimization_q_loss,optimization_value_loss,rollout_best_objective,rollout_feasible_rate,rollout_mean_objective,rollout_reward_scale,rollout_std_objective,rollout_transitions,rollout_vectorized_rollouts,self_imitation_loss,update,validation_archive_best_objective,validation_best_of_k_objective,validation_deterministic_objective,validation_fixed_validation_seed,validation_mean_stochastic_objective,validation_selection_metric,validation_selection_objective,validation_std_stochastic_objective
5.593071593997593,0.012647588024265133,0.1643066419288516,0.0,0.0,0.0199525,4.0,0.9975,-0.013755082455463707,0.7674784690141678,-0.0015468437457457184,0.02177317044697702,0.0018551182118244469,108014.04299999999,1.0,87129.38274999999,1.6541547093681192e-06,12033.655093817737,4800.0,1.0,,1,108014.04299999999,126856.22599999998,0.0,70000042,100022.77576666669,best_of_k,126856.22599999998,10431.162446367622
5.637723473999358,0.013146938104182482,0.18994140634313225,0.0,0.0,0.019905,4.0,0.995,-0.028507263399660587,0.7988693878054619,-0.012769756128545851,0.0006826093591371319,0.0001914553693495691,125046.05899999998,1.0,96935.06671875,1.6541547093681192e-06,13562.673790959905,4800.0,1.0,,2,,,,,,,,
5.659692625999014,0.009010141520411708,0.12830403670668603,0.0,0.0,0.0198575,4.0,0.9925,-0.021880181203596295,0.8044691696763039,-0.006001492065843194,0.00022883201781951357,0.00014634759991167813,138205.365,1.0,113054.97543749999,1.6541547093681192e-06,11149.880127741833,4800.0,1.0,,3,,,,,,,,
5.524213549997512,0.006959169046604074,0.09741210942156613,0.0,0.0,0.01981,4.0,0.99,-0.02185985294636339,0.8190834566950798,-0.00571946376003325,0.00017048054469341877,0.000137213287234772,143320.816,1.0,123668.04073437501,1.6541547093681192e-06,9924.370980116973,4800.0,1.0,,4,,,,,,,,
5.664012992001517,0.006580024768481962,0.08198242243379354,0.0,0.0,0.0197625,4.0,0.9875,-0.02189955972135067,0.8149890318512917,-0.00585905421175994,0.00014066774620005162,0.0001032947617204627,147111.28300000002,1.0,128275.73389062501,1.6541547093681192e-06,9189.919453782999,4800.0,1.0,,5,,,,,,,,
5.561945400000695,0.007561430212808773,0.11458333348855376,0.0,0.0,0.019715,4.0,0.985,-0.023532891040667893,0.7977253586053848,-0.007867663679644466,0.00013892442257201765,9.60714181928779e-05,151341.56100000002,1.0,135590.645046875,1.6541547093681192e-06,9207.437552577869,4800.0,1.0,,6,,,,,,,,
5.597265596999932,0.007944273101747968,0.12636718775611372,0.0,0.0,0.0196675,4.0,0.9825,-0.021295527764596044,0.7755026787519455,-0.006112309289164841,0.00012553747328638564,0.00011285364862487768,162078.586,1.0,144962.67709374998,1.6541547093681192e-06,8859.233984095858,4800.0,1.0,,7,,,,,,,,
5.604050359001121,0.005967940032132901,0.08396809934638441,0.0,0.0,0.019620000000000002,4.0,0.98,-0.01906829671934247,0.7537298902869225,-0.00431500480408431,8.124263858917402e-05,5.352775142455357e-05,164607.493,1.0,151701.723546875,1.6541547093681192e-06,6617.573371877467,4800.0,1.0,,8,,,,,,,,
5.548621773999912,0.008130717725725845,0.105224609375,0.0,0.0,0.0195725,4.0,0.9775,-0.017702362197451294,0.7274382606148719,-0.003493176109623164,7.036420747681404e-05,4.3125172214786287e-05,167752.452,1.0,156440.7995,1.6541547093681192e-06,5038.793196580439,4800.0,1.0,,9,,,,,,,,
5.608254799000861,0.00697407174448017,0.08792317747138441,0.0,0.0,0.019525,4.0,0.975,-0.016320043546147644,0.6899584054946899,-0.0028716226865071804,5.64633081012289e-05,3.474161321719294e-05,173424.18099999998,1.0,161097.71367187498,1.6541547093681192e-06,5295.238264243164,4800.0,1.0,,10,,,,,,,,
5.5388163899988285,0.00691068401793018,0.08282877649180591,0.0,0.0,0.019477500000000002,4.0,0.9725,-0.017055873293429613,0.6671844840049743,-0.004090296546928584,6.148912789285532e-05,4.67208044938161e-05,171692.29099999997,1.0,163585.637140625,1.6541547093681192e-06,4726.022641057732,4800.0,1.0,,11,,,,,,,,
5.450291924000339,0.009047849932539976,0.11844075564295053,0.0,0.0,0.01943,4.0,0.97,-0.014577472221571953,0.6463618144392967,-0.002040504280012101,4.593318271872704e-05,3.449891396485327e-05,173883.49399999998,1.0,166344.388328125,1.6541547093681192e-06,3844.3331985837303,4800.0,1.0,,12,,,,,,,,
5.570190714999626,0.005591341006584117,0.06676432299427688,0.0,0.0,0.0193825,4.0,0.9675,-0.01463981627020985,0.6236393541097641,-0.002564474428072572,2.9526957905545715e-05,1.8789781938721718e-05,173686.34300000002,1.0,169353.365625,1.6541547093681192e-06,3259.621693581899,4800.0,1.0,,13,,,,,,,,
5.466513829996984,0.009365611355678993,0.12246093861758708,0.0,0.0,0.019335,4.0,0.965,-0.010966920084320009,0.5984323590993881,0.0005933669162914157,2.7834477532451273e-05,1.523820828879252e-05,175558.95200000002,1.0,170343.182328125,1.6541547093681192e-06,2924.0850808023492,4800.0,1.0,,14,,,,,,,,
5.617773255002248,0.009944325083961304,0.12019856804981828,0.0,0.0,0.0192875,4.0,0.9625,-0.01164583113277331,0.5699838355183602,-0.0006617179853492417,2.4060904024736374e-05,1.4087683780417137e-05,177247.66199999998,1.0,171484.39790625,1.6541547093681192e-06,2563.943684987524,4800.0,1.0,,15,,,,,,,,
5.571106758001406,0.011386588954701437,0.13810221366584302,0.0,0.0,0.01924,4.0,0.96,-0.01318477476015687,0.5662399172782898,-0.0022983213886618612,2.3677662466070614e-05,1.1267968750416912e-05,177882.113,1.0,173390.47178124997,1.6541547093681192e-06,2446.365763769294,4800.0,1.0,,16,,,,,,,,
5.449272426998505,0.0104637650035329,0.11705729207023978,0.0,0.0,0.0191925,4.0,0.9575,-0.013715728605166077,0.5406568415462971,-0.0033486445201560853,2.3681122183916158e-05,1.4208430843609677e-05,178885.071,1.0,174295.52996875,1.6541547093681192e-06,3164.098025482601,4800.0,1.0,,17,,,,,,,,
5.422572068000591,0.005680302143991867,0.06376953180879355,0.0,0.0,0.019145,4.0,0.955,-0.01058591267792508,0.5224458821117878,-0.0006728375097736716,0.0002183078158623175,0.0001346417762533747,180154.19999999998,1.0,176202.717203125,1.6541547093681192e-06,2128.550805148453,4800.0,1.0,,18,,,,,,,,
5.445976413000608,0.007470632001104605,0.08935546893626452,0.0,0.0,0.0190975,4.0,0.9525,-0.011810866673476994,0.5178335398435593,-0.002021789154969156,0.0006053264531146851,7.943156513192661e-05,181132.38999999996,1.0,177696.052171875,1.6541547093681192e-06,1935.0666333818797,4800.0,1.0,,19,,,,,,,,
5.4355292309992365,0.005362708693110107,0.07788085956126452,0.0,0.0,0.01905,4.0,0.95,-0.014223674801178277,0.4942868761718273,-0.004819344938732683,8.343327822331048e-05,6.984472076965176e-06,181141.31299999997,1.0,178568.6071875,1.6541547093681192e-06,1584.2882616033064,4800.0,1.0,,20,181141.31299999997,181237.30999999997,180929.202,70000042,179260.35330000005,best_of_k,181237.30999999997,1166.8786548160801
5.401790597999934,0.007012903872873721,0.07880859375,0.0,0.0,0.019002500000000002,4.0,0.9475,-0.004557235527317971,0.4855874806642532,0.004662926099263132,3.3041590609173e-05,7.8215987286967e-06,182200.27699999997,1.0,179121.428921875,1.6541547093681192e-06,1646.9601312060627,4800.0,1.0,,21,,,,,,,,
5.5912699719992816,0.006241727944461673,0.07407226581126451,0.0,0.0,0.018955,4.0,0.945,-0.004060701583512127,0.4802619360387325,0.00503650342579931,2.6306058020963975e-05,7.058486335154157e-06,182231.675,1.0,179532.49959375,1.6541547093681192e-06,1458.3032273840965,4800.0,1.0,,22,,,,,,,,
5.432376815999305,0.006932944114669226,0.08020833348855376,0.0,0.0,0.0189075,4.0,0.9425,-0.00837014134740457,0.46545492112636566,0.00042637463193386795,9.307027823979297e-06,6.284361859343335e-06,182267.384,1.0,179280.40881249998,1.6541547093681192e-06,1438.23630621811,4800.0,1.0,,23,,,,,,,,
5.539211718998558,0.0031787150939408095,0.030598958395421504,0.0,0.0,0.018860000000000002,4.0,0.94,-0.013979244278743863,0.4456872530281544,-0.005625548120588064,0.00023384056423765288,5.7162419761880304e-05,181861.843,1.0,179424.66982812498,1.6541547093681192e-06,1696.2365949406512,4800.0,1.0,,24,,,,,,,,
5.453203722998296,0.005852338751572006,0.06850585950305685,0.0,0.0,0.0188125,4.0,0.9375,-0.008217499556485564,0.4337476775050163,-0.00015242035733535885,0.00029282220530149063,0.00013103407653716203,182866.31099999996,1.0,180198.75475,1.6541547093681192e-06,1172.061621890418,4800.0,1.0,,25,,,,,,,,
5.125991943998088,0.010193989084427812,0.10794270907839139,0.0,1.0,0.018765,3.0,0.935,-0.0037099373371650775,0.4345485955476761,0.0042456811914841335,0.0015249612414966881,9.238108474770948e-05,182273.07099999997,1.0,180154.06595312498,1.6541547093681192e-06,1076.6160738346364,4800.0,1.0,,26,,,,,,,,
5.43337519600027,0.004121721821854862,0.04915364608168602,0.0,0.0,0.0187175,4.0,0.9325,-0.004855290439445525,0.44101010262966156,0.003384589543566108,0.00010708399745453789,8.036552208068315e-06,182475.44399999996,1.0,180819.546375,1.6541547093681192e-06,1172.6183552902671,4800.0,1.0,,27,,,,,,,,
5.234266809999099,0.00981131016346808,0.0907769098567466,0.0,1.0,0.01867,3.0,0.9299999999999999,-0.006038152224694689,0.43319025735060374,0.0020319097364942234,0.0001490066462793038,5.398557383765971e-06,182588.64499999996,1.0,180630.93576562498,1.6541547093681192e-06,1121.7329887429296,4800.0,1.0,,28,,,,,,,,
5.502646354001627,0.005346506807893547,0.059505208488553764,0.0,0.0,0.0186225,4.0,0.9275,-0.008853318833280355,0.42958042994141576,-0.0009158980043139309,0.0005985063019579683,5.179871061500308e-06,182886.65599999996,1.0,180871.16071874998,1.6541547093681192e-06,1050.0056694212742,4800.0,1.0,,29,,,,,,,,
5.422895518000587,0.005190325664409556,0.060221354174427685,0.0,0.0,0.018575,4.0,0.925,-0.0064096155809238555,0.4252933368086815,0.0014753340452443807,0.00012118596396248904,5.51057938764643e-06,182683.99299999996,1.0,180893.46075000003,1.6541547093681192e-06,1252.2580588952706,4800.0,1.0,,30,,,,,,,,
5.553649108998798,0.00430694567013461,0.051790364738553765,0.0,0.0,0.018527500000000002,4.0,0.9225,-0.010841788805555553,0.41285730004310606,-0.003195355273783207,8.027593878523476e-06,3.954710570042152e-06,183264.61399999997,1.0,181114.267078125,1.6541547093681192e-06,1188.6718320605958,4800.0,1.0,,31,,,,,,,,
5.430745772999217,0.004063456306420221,0.04947916679084301,0.0,0.0,0.01848,4.0,0.92,-0.005645184579771012,0.4142788350582123,0.0020080645452253522,6.384204391451931e-06,3.9706234076675175e-06,184050.73299999998,1.0,181369.18565625,1.6541547093681192e-06,1395.3533937903185,4800.0,1.0,,32,,,,,,,,
5.350971256997582,0.008207559357583705,0.08686523502692581,0.0,0.0,0.0184325,4.0,0.9175,-0.005512550962157548,0.4045714609324932,0.0019425752572715283,4.974739624685753e-06,3.2782508640138986e-06,183645.236,1.0,181702.26379687502,1.6541547093681192e-06,857.9247921712436,4800.0,1.0,,33,,,,,,,,
5.483625304997986,0.00537673424408922,0.07063802108168601,0.0,0.0,0.018385,4.0,0.915,-0.008134750789031387,0.38863809779286385,-0.0009915145812556148,4.725260112081742e-06,2.8068877838904883e-06,182937.00699999998,1.0,181625.472796875,1.6541547093681192e-06,1078.1557371945976,4800.0,1.0,,34,,,,,,,,
5.515522352998232,0.0038712399640814963,0.04773763036355376,0.0,0.0,0.0183375,4.0,0.9125,-0.012507166212890298,0.38218358904123306,-0.005501012760214507,5.6973937489601665e-06,3.13602427013393e-06,182826.61299999998,1.0,181367.74635937499,1.6541547093681192e-06,787.6498911867365,4800.0,1.0,,35,,,,,,,,
5.386417956000514,0.00640595473617509,0.06656901054084301,0.0,0.0,0.01829,4.0,0.91,-0.00613905475474894,0.37590993121266364,0.0007341959048062563,7.02834850585532e-06,2.8788700035420335e-06,183001.21099999998,1.0,181461.8203125,1.6541547093681192e-06,925.9460212392582,4800.0,1.0,,36,,,,,,,,
5.451399506997404,0.0031254207150794855,0.032877604267559944,0.0,0.0,0.018242500000000002,4.0,0.9075,-0.0037088943412527443,0.3803379967808723,0.0032272132812067866,5.631130363781267e-06,3.291011364581209e-06,182962.49000000002,1.0,181296.95399999997,1.6541547093681192e-06,1045.4957237669012,4800.0,1.0,,37,,,,,,,,
5.438050966000446,0.005850789048062665,0.06826171902939678,0.0,0.0,0.018195,4.0,0.905,-0.00320226582698524,0.3822638489305973,0.0037479554070159794,3.493816757895729e-05,3.1500079785473644e-06,183248.28999999998,1.0,181740.63590624998,1.6541547093681192e-06,909.6381089725264,4800.0,1.0,,38,,,,,,,,
5.421725645999686,0.0052166583877721,0.067838541790843,0.0,0.0,0.0181475,4.0,0.9025,-0.011610087240114808,0.37621515765786173,-0.004806362499948591,0.0002205316770414356,3.174301650687994e-06,183105.27399999998,1.0,181646.83290625,1.6541547093681192e-06,816.1352398233126,4800.0,1.0,,39,,,,,,,,
5.446293618999334,0.006976436630148441,0.07918294300325215,0.0,0.0,0.0181,4.0,0.9,-0.004440377454739064,0.37759666293859484,0.0023621881962753834,0.00028028482419131253,7.811329101059528e-06,183145.978,1.0,181339.51495312498,1.6541547093681192e-06,962.3950083695888,4800.0,1.0,,40,184050.73299999998,183102.12599999996,182801.68,70000042,182081.10046666668,best_of_k,183102.12599999996,505.2995597027345
5.3714773889987555,0.00471349866094215,0.05185546902939677,0.0,0.0,0.0180525,4.0,0.8975,-0.0049838511156849565,0.37580681219697,0.001780948298983276,0.0001651574062407235,5.874290246765668e-06,183114.129,1.0,181783.85675,1.6541547093681192e-06,728.1027049984062,4800.0,1.0,,41,,,,,,,,
5.457939905998501,0.0066650447286917824,0.07189127610763535,0.0,0.0,0.018005,4.0,0.895,-0.008049381768796594,0.37757191732525824,-0.001531419821549207,0.002628719658787304,3.469747807116619e-05,183221.25299999997,1.0,181950.60825,1.6541547093681192e-06,899.3219954144625,4800.0,1.0,,42,,,,,,,,
5.3878988530013885,0.006208187376481078,0.07845052098855376,0.0,0.0,0.0179575,4.0,0.8925,-0.0078330107498914,0.3664225213229656,-0.0013321519887540489,0.0006805563738453202,2.2235411728388498e-05,183247.73299999998,1.0,181936.5519375,1.6541547093681192e-06,831.828815050249,4800.0,1.0,,43,,,,,,,,
5.4406017600013,0.006744168471263379,0.07887369804084302,0.0,0.0,0.017910000000000002,4.0,0.89,-0.0029330876597668974,0.3610714517533779,0.003499049041420221,0.0003032550884199736,8.654830094201315e-06,183439.40099999998,1.0,182332.84365624998,1.6541547093681192e-06,597.8840601130917,4800.0,1.0,,44,,,,,,,,
5.529502151999623,0.007093104832924269,0.08129882849752904,0.0,0.0,0.0178625,4.0,0.8875,-0.003735297278035432,0.34302866384387015,0.002389601743198,1.3989624676469248e-05,2.1031990172559744e-06,183826.31699999998,1.0,182292.12507812498,1.6541547093681192e-06,672.3878900861021,4800.0,1.0,,45,,,,,,,,
5.475610235000204,0.005633621024674085,0.06276041697710752,0.0,0.0,0.017815,4.0,0.885,-0.007434382202336565,0.3438809737563133,-0.0013098283088766038,6.504592676037646e-06,2.070478228688444e-06,183806.23299999998,1.0,182623.31032812496,1.6541547093681192e-06,676.8331675624777,4800.0,1.0,,46,,,,,,,,
5.493464646002394,0.0033659072041587025,0.036539713642559944,0.0,0.0,0.017767500000000002,4.0,0.8825000000000001,-0.008972547709709034,0.32837970033288,-0.003156656134524383,6.200755137797387e-06,3.595053249227931e-05,183850.312,1.0,182699.02364062498,1.6541547093681192e-06,613.8389532044281,4800.0,1.0,,47,,,,,,,,
5.51705483600017,0.005182289046894084,0.058593750139698385,0.0,0.0,0.01772,4.0,0.88,-0.007795503246597946,0.3230678394436836,-0.0020983289927244187,7.2985414647064316e-06,5.37175712906901e-05,183923.608,1.0,182740.28984375,1.6541547093681192e-06,619.8412706851867,4800.0,1.0,,48,,,,,,,,
5.4534353939998255,0.0054864001503091234,0.04894205741584301,0.0,0.0,0.0176725,4.0,0.8775,-0.0030233421770390124,0.32064011618494986,0.002591467974707484,2.7845838280882164e-05,9.783501806737149e-05,183607.80399999997,1.0,182404.75034375,1.6541547093681192e-06,787.6448017802111,4800.0,1.0,,49,,,,,,,,
5.450936020999507,0.009631112423276989,0.08365885429084301,0.0,0.0,0.017625000000000002,4.0,0.875,-0.004242932319175452,0.3137837253510952,0.0012210130342282354,5.246718151852292e-05,0.00012249200249243587,183503.12299999996,1.0,182434.5725625,1.6541547093681192e-06,705.2005200998925,4800.0,1.0,,50,,,,,,,,
5.429030868999689,0.006637718231466749,0.07416992206126452,0.0,0.0,0.0175775,4.0,0.8725,-0.008562882716068998,0.31826973110437395,-0.0029902117094025016,5.816154969124909e-05,3.179777745003776e-05,183876.28699999995,1.0,182594.54882812497,1.6541547093681192e-06,652.6635943377624,4800.0,1.0,,51,,,,,,,,
5.430861010998342,0.0037949408155455444,0.037272135424427685,0.0,0.0,0.01753,4.0,0.87,-0.0016478937526699156,0.33240322545170786,0.004107787995599211,0.0006939343336625825,3.9071594216011364e-06,183892.93399999995,1.0,182546.906125,1.6541547093681192e-06,560.9369762750025,4800.0,1.0,,52,,,,,,,,
4.844161567998526,0.016461543559069015,0.12093098983168601,0.0,1.0,0.0174825,2.0,0.8674999999999999,0.010066514369100332,0.3377044051885605,0.015912985103204845,0.0005614804227207059,2.5980771511058266e-06,183747.42299999995,1.0,182479.75954687496,1.6541547093681192e-06,822.3269026227049,4800.0,1.0,,53,,,,,,,,
5.3740226039990375,0.008092432177369347,0.07630208348855376,0.0,0.0,0.017435,4.0,0.865,-0.0036485311924479903,0.33568331226706505,0.0021862296387553217,0.0001688292080075371,1.9891430241614216e-06,183854.65899999999,1.0,182371.857609375,1.6541547093681192e-06,702.3365497954285,4800.0,1.0,,54,,,,,,,,
5.411021300998982,0.004976239064725973,0.06163736979942769,0.0,0.0,0.0173875,4.0,0.8625,-0.006163877929793671,0.3279376894235611,-0.00046554068103432655,2.713084349466044e-05,1.931596975168759e-06,183398.99899999995,1.0,182467.65881249998,1.6541547093681192e-06,619.0742445487115,4800.0,1.0,,55,,,,,,,,
5.401183765003225,0.006051219383060413,0.062451172061264514,0.0,0.0,0.01734,4.0,0.86,-0.003330069361254573,0.33223269507288933,0.002428985573351383,9.565207062678382e-06,1.8068167435103533e-06,183395.81799999997,1.0,182603.194453125,1.6541547093681192e-06,501.22672897769195,4800.0,1.0,,56,,,,,,,,
5.44413950499802,0.005532393229634636,0.05856119799427688,0.0,0.0,0.017292500000000002,4.0,0.8575,-0.005559430806897581,0.32152616456151006,-3.395823296159506e-06,2.3740149606510387e-05,3.1638096089636747e-06,183916.12199999997,1.0,182787.87114062498,1.6541547093681192e-06,488.01483996780763,4800.0,1.0,,57,,,,,,,,
5.468225329001143,0.00844736418033989,0.09641927126795054,0.0,0.0,0.017245,4.0,0.855,-0.0006719485856592656,0.3180818222463131,0.0047088383347727355,0.0009308334315846877,2.2902903532440176e-05,183718.28299999997,1.0,182710.8914375,1.6541547093681192e-06,571.6949120577111,4800.0,1.0,,58,,,,,,,,
5.425087400999473,0.006571186662225159,0.06079101581126452,0.0,0.0,0.0171975,4.0,0.8525,-0.005775672267191112,0.3122184246778488,-0.000985767995007336,0.005486387918426772,6.166625268519966e-05,184231.60999999996,1.0,182772.68292187498,1.6541547093681192e-06,649.85488751257,4800.0,1.0,,59,,,,,,,,
5.416059128001507,0.004822292509970794,0.05698242206126451,0.0,0.0,0.017150000000000002,4.0,0.85,-0.008620555786183103,0.3138075157999992,-0.003279075404861942,0.00038536214269697667,3.5633625856235083e-06,184070.542,1.0,182967.4681875,1.6541547093681192e-06,501.03000950269984,4800.0,1.0,,60,184231.60999999996,183813.814,183364.47999999998,70000042,183005.63636666667,best_of_k,183813.814,451.7115044527534
5.379476739999518,0.004559425881679147,0.051139322970993814,0.0,0.0,0.0171025,4.0,0.8475,-0.0050130649819038805,0.30557754933834075,0.00017336836317554115,0.0003822612934072822,2.9605151439682233e-06,184408.761,1.0,182957.97189062496,1.6541547093681192e-06,717.2747874526068,4800.0,1.0,,61,,,,,,,,
5.462187954999536,0.012118895099212068,0.11072591170668603,0.0,1.0,0.017055,4.0,0.845,0.00046519238967448475,0.2997716896235943,0.005568360141478479,8.625354976175004e-05,1.6264487669559458e-06,184347.581,1.0,182989.50828124996,1.6541547093681192e-06,514.5978085128861,4800.0,1.0,,62,,,,,,,,
5.39238411399856,0.004533879924328232,0.05504557304084301,0.0,0.0,0.017007500000000002,4.0,0.8425,-0.00011848422582261264,0.30971635803580283,0.0051319623365998265,0.0001605451556542903,2.000643959831905e-06,184047.505,1.0,182919.4186875,1.6541547093681192e-06,561.1926974562139,4800.0,1.0,,63,,,,,,,,
5.5518456519967,0.004765689065590095,0.04765625016298145,0.0,0.0,0.01696,4.0,0.84,-0.0020726124988868833,0.30454170554876325,0.0030817244085483255,9.977141140780078e-05,1.427049551239179e-06,183712.87,1.0,182975.930515625,1.6541547093681192e-06,410.7354583998871,4800.0,1.0,,64,,,,,,,,
5.3093335069970635,0.003884282730835764,0.04453125006984919,0.0,0.0,0.0169125,4.0,0.8375,-0.0062541028542909775,0.30333915948867796,-0.0011853698262711987,0.0005736752791790422,8.244257210776596e-06,183669.93199999997,1.0,182949.839609375,1.6541547093681192e-06,456.54781780309406,4800.0,1.0,,65,,,,,,,,
5.452231529998244,0.009801178595306225,0.09062500037252903,0.0,1.0,0.016865,4.0,0.835,-0.004376457072794437,0.29893953576683996,0.0006603680201806128,3.443104970983768e-05,2.693614311510828e-06,183690.78000000003,1.0,182874.75140624997,1.6541547093681192e-06,446.9146237562746,4800.0,1.0,,66,,,,,,,,
5.395714783000585,0.006563633939094871,0.07049153664847836,0.0,0.0,0.0168175,4.0,0.8325,-0.004193227918585762,0.30003793239593507,0.0008502863551257178,1.5560574371420444e-05,1.6355288806835234e-06,184214.12299999996,1.0,183020.56259375,1.6541547093681192e-06,591.2568558369321,4800.0,1.0,,67,,,,,,,,
5.396285634000378,0.005429700010152772,0.04576822947710753,0.0,0.0,0.01677,4.0,0.83,-0.004815598821733147,0.2923918701708317,8.65079928189516e-05,3.690760973995566e-06,1.8711052319986266e-06,184009.02299999996,1.0,183044.379234375,1.6541547093681192e-06,718.8292821904627,4800.0,1.0,,68,,,,,,,,
5.473702874998708,0.0034627420734665293,0.04000651054084301,0.0,0.0,0.0167225,4.0,0.8275,-0.008001632342347876,0.29394723325967786,-0.003087260271422565,5.034035712014884e-06,1.3148694080200585e-06,183967.30599999995,1.0,183089.759359375,1.6541547093681192e-06,405.0549909935172,4800.0,1.0,,69,,,,,,,,
5.3956947549995675,0.005906101488817228,0.06458333348855376,0.0,0.0,0.016675000000000002,4.0,0.825,-0.0020323215634562076,0.29138077795505524,0.0028254993259906767,3.0239436426882093e-06,1.3016307207180944e-06,183925.814,1.0,183068.21228125,1.6541547093681192e-06,470.91473225270664,4800.0,1.0,,70,,,,,,,,
5.40521997399992,0.004941781146618496,0.05094401086680591,0.0,0.0,0.0166275,4.0,0.8225,-0.004520796576980501,0.29188922345638274,0.00033185279462486503,2.2169057018572856e-06,1.0333884958413364e-06,183654.70899999997,1.0,182930.37295312498,1.6541547093681192e-06,441.3554743924022,4800.0,1.0,,71,,,,,,,,
5.367781426997681,0.004356267258938828,0.0498860678402707,0.0,0.0,0.01658,4.0,0.8200000000000001,-0.0068540456239134075,0.29025818333029746,-0.002042310265824199,1.7958034248977128e-06,1.1312107531580295e-06,183834.137,1.0,182856.38282812497,1.6541547093681192e-06,635.1012692556322,4800.0,1.0,,72,,,,,,,,
5.4276639119998435,0.0052519547033597295,0.056315104383975266,0.0,0.0,0.016532500000000002,4.0,0.8175,-0.0037737812206614764,0.28844581358134747,0.0009934420697391034,8.236563522245887e-06,1.3678595394139847e-06,183700.054,1.0,182972.67271874996,1.6541547093681192e-06,500.3514325235048,4800.0,1.0,,73,,,,,,,,
5.355992466000316,0.005507239576822798,0.06196289090439677,0.0,0.0,0.016485,4.0,0.815,-0.005814381869276986,0.2768890574574471,-0.0012506939237937331,3.0702173631880212e-06,1.0421029458029806e-06,184141.178,1.0,183159.606984375,1.6541547093681192e-06,415.4964192718598,4800.0,1.0,,74,,,,,,,,
5.5058160580010735,0.007017125115174138,0.08621419286355377,0.0,0.0,0.0164375,4.0,0.8125,-0.0018622036441229284,0.2783519562333822,0.0027121647261083128,2.4140250701520926e-06,1.6012465039239031e-06,184259.49299999996,1.0,183027.40523437498,1.6541547093681192e-06,590.0665003688578,4800.0,1.0,,75,,,,,,,,
5.304979769000056,0.006053963142420571,0.06347656268626452,0.0,0.0,0.016390000000000002,4.0,0.81,-0.004493005434051156,0.27061556503176687,-5.861879326403141e-05,2.59318359212557e-06,1.4857178229021884e-06,184524.87099999998,1.0,183096.238171875,1.6541547093681192e-06,650.343263229227,4800.0,1.0,,76,,,,,,,,
5.367863187999319,0.0053301352140906035,0.06580403683474287,0.0,0.0,0.0163425,4.0,0.8075,-0.0010145490523427725,0.2711615674197674,0.003414821461774409,5.663623466034551e-06,3.0432065130980845e-06,184471.25400000002,1.0,182931.39828125,1.6541547093681192e-06,555.1240688961267,4800.0,1.0,,77,,,,,,,,
5.475209797001298,0.005419346954177229,0.06635742201469838,0.0,0.0,0.016295,4.0,0.8049999999999999,-0.005209476407617331,0.26334538906812666,-0.0009212351986207068,6.219851559308154e-06,4.6994971910407916e-06,184482.9,1.0,183151.875171875,1.6541547093681192e-06,701.8315449981459,4800.0,1.0,,78,,,,,,,,
5.110809658999642,0.017654181517093546,0.08845486119389534,0.0,1.0,0.0162475,3.0,0.8025,-0.006745842285454273,0.2786869923273722,-0.002221920154988766,7.27719953677782e-06,6.633901064863797e-06,184649.877,1.0,183059.77234375,1.6541547093681192e-06,614.8213785210849,4800.0,1.0,,79,,,,,,,,
5.466956008000125,0.01835459399656685,0.18037109393626452,0.0,1.0,0.0162,4.0,0.8,0.004203004715964198,0.3291292697191238,0.009524743538349867,2.3239308052325214e-05,1.5663324484194162e-05,183625.272,1.0,180617.97617187502,1.6541547093681192e-06,1487.2336965093573,4800.0,1.0,,80,184649.877,182618.77099999995,176016.115,70000042,180630.98783333335,best_of_k,182618.77099999995,1256.6687067191276
5.511798112001998,0.008259211437285785,0.12005208362825215,0.0,0.0,0.0161525,4.0,0.7975,-0.0068382906261831525,0.33409910276532173,-0.0015006124274805188,1.8628671671194753e-05,0.00011398844112591178,182936.53899999996,1.0,180316.59399999998,1.6541547093681192e-06,1292.6764183278929,4800.0,1.0,,81,,,,,,,,
5.498510377998173,0.009310538924194135,0.13461914075305687,0.0,0.0,0.016105,4.0,0.795,-0.0064519478240981695,0.32570691853761674,-0.0014142705593258142,0.00022441083729063394,0.00037078235200169727,182958.822,1.0,180073.42918749998,1.6541547093681192e-06,1757.3613657703786,4800.0,1.0,,82,,,,,,,,
5.463869027000328,0.005861911887748761,0.07620442708721384,0.0,0.0,0.016057500000000002,4.0,0.7925,-0.009460437775123865,0.3249177776277065,-0.004415308381430805,0.0004014993276996393,0.0002641753742864239,184194.61899999998,1.0,180807.49848437498,1.6541547093681192e-06,1261.3843280450299,4800.0,1.0,,83,,,,,,,,
5.449183759999869,0.007084137986441874,0.0844563802704215,0.0,0.0,0.01601,4.0,0.79,-0.005712669744389132,0.311179219186306,-0.0007515419973060488,5.2565937437520915e-05,3.118965639714588e-05,184198.39899999995,1.0,181859.38573437498,1.6541547093681192e-06,1173.5444428459161,4800.0,1.0,,84,,,,,,,,
5.152442054000858,0.011241268670858062,0.12625868059694767,0.0,1.0,0.0159625,3.0,0.7875,0.0001971538954724868,0.31558641195297243,0.005231755537291368,7.142638984684405e-06,4.464555384705212e-06,184568.804,1.0,181320.40824999998,1.6541547093681192e-06,1228.1804527805325,4800.0,1.0,,85,,,,,,,,
5.4902136659984535,0.010687786152493573,0.11323242215439677,0.0,0.0,0.015915,4.0,0.785,0.0004910013871267438,0.30583854019641876,0.00535550742642954,5.414016317217829e-06,4.746506510855397e-06,184334.3,1.0,182220.92725,1.6541547093681192e-06,1088.5636766686803,4800.0,1.0,,86,,,,,,,,
5.480657252999663,0.005853088501748971,0.06941731786355376,0.0,0.0,0.0158675,4.0,0.7825,-0.007202798244543373,0.30492632165551187,-0.002366858534514904,5.141004101005819e-06,3.928722361479231e-06,184397.85799999998,1.0,181845.470109375,1.6541547093681192e-06,1312.155608053419,4800.0,1.0,,87,,,,,,,,
5.393604205000884,0.008841715186586895,0.10571289081126452,0.0,0.0,0.01582,4.0,0.78,-0.004156213876558468,0.2920020893216133,0.0004608727074810304,5.3639323709830934e-06,3.700159965092098e-06,184753.954,1.0,182433.518328125,1.6541547093681192e-06,1459.4753175467383,4800.0,1.0,,88,,,,,,,,
5.516557619001105,0.011184912545134295,0.11388346366584301,0.0,0.0,0.015772500000000002,4.0,0.7775,-0.0014749298919923604,0.2850055776536465,0.003018163051456213,4.0016673835907565e-06,3.5147314690675557e-06,184535.64299999998,1.0,182571.307109375,1.6541547093681192e-06,1414.674706882859,4800.0,1.0,,89,,,,,,,,
5.40758685900073,0.004871731759455144,0.0671875003259629,0.0,0.0,0.015725,4.0,0.775,-0.007250588323222474,0.27974394150078297,-0.002853625759598799,4.2242319238994245e-06,3.1768155452027714e-06,184597.141,1.0,183001.90571874997,1.6541547093681192e-06,1402.3345276787163,4800.0,1.0,,90,,,,,,,,
5.456980811999529,0.008175701019384718,0.08806966170668602,0.0,0.0,0.0156775,4.0,0.7725,0.00010351696400903165,0.2742589805275202,0.004401922156102955,2.5304512803359104e-06,2.0750830231008877e-06,184661.633,1.0,183279.14724999998,1.6541547093681192e-06,751.7779135182224,4800.0,1.0,,91,,,,,,,,
5.337496574000397,0.005366030292609736,0.051399739691987634,0.0,0.0,0.01563,4.0,0.77,-0.0052645259071141485,0.2673912663012743,-0.0010864071315154432,2.0241409487198324e-06,2.007920329560875e-06,184961.381,1.0,183343.568515625,1.6541547093681192e-06,796.443381817114,4800.0,1.0,,92,,,,,,,,
5.497724359000131,0.005564240368603634,0.060953776258975266,0.0,0.0,0.015582499999999999,4.0,0.7675,-0.006202604580903426,0.2602424003183842,-0.002148133877199143,1.3244409501567135e-06,1.2478265205118078e-06,184729.108,1.0,183549.38396875,1.6541547093681192e-06,505.63573441911996,4800.0,1.0,,93,,,,,,,,
5.309441362001962,0.007254502591974443,0.0722005208954215,0.0,0.0,0.015535,4.0,0.765,-0.005119593627750873,0.2529224116355181,-0.0011911822250112892,1.251067291718755e-06,1.227025526873149e-06,184792.79299999998,1.0,183539.76534374998,1.6541547093681192e-06,543.2728443472884,4800.0,1.0,,94,,,,,,,,
4.895375584001158,0.016702611063323047,0.12757161520421506,0.0,1.0,0.015487500000000001,2.0,0.7625,0.0013420599047094584,0.2517747789621353,0.005240648426115513,1.2713729120150675e-06,1.2918823472318764e-06,184508.01599999995,1.0,183487.89373437496,1.6541547093681192e-06,563.14212011085,4800.0,1.0,,95,,,,,,,,
5.371600219998072,0.006129716612877445,0.07263997402042151,0.0,0.0,0.01544,4.0,0.76,-0.0012398550403304397,0.25185384303331376,0.0026479274150915445,1.5482735136629344e-06,1.3718831269216025e-06,184833.43499999997,1.0,183427.40543749998,1.6541547093681192e-06,618.9670996424403,4800.0,1.0,,96,,,,,,,,
5.446101468998677,0.004907708734929628,0.05367838572710752,0.0,0.0,0.0153925,4.0,0.7575000000000001,-0.0012734023621305823,0.25017037615180016,0.0025764351186808197,2.094567028620986e-06,1.402233814928877e-06,184800.727,1.0,183641.630015625,1.6541547093681192e-06,600.0343308957297,4800.0,1.0,,97,,,,,,,,
5.3824080399972445,0.007774926840388474,0.07421875018626452,0.0,0.0,0.015345000000000001,4.0,0.755,-0.0031221269455272704,0.2455149967223406,0.0006438537267968059,6.639829939558694e-06,1.5656914627015794e-06,184842.16999999995,1.0,183613.142671875,1.6541547093681192e-06,619.1827789708456,4800.0,1.0,,98,,,,,,,,
5.514383370998985,0.008944513695094969,0.08312174500897526,0.0,0.0,0.0152975,4.0,0.7525,0.0014432456460781395,0.2517854392528534,0.005293970496859401,2.7431727801285887e-06,1.3780927162088119e-06,184877.593,1.0,183607.93598437496,1.6541547093681192e-06,574.8734317127859,4800.0,1.0,,99,,,,,,,,
5.4787646969998605,0.007156802796367145,0.07420247397385538,0.0,0.0,0.01525,4.0,0.75,-0.0013143708929419518,0.24270485639572142,0.002385928318835795,2.1372015879705943e-06,1.4732750088342073e-06,184763.543,1.0,183411.27721874998,1.6541547093681192e-06,734.521433065358,4800.0,1.0,,100,184961.381,184706.30199999997,183718.62299999996,70000042,183640.22073333332,best_of_k,184706.30199999997,581.4445423827264
5.339586138001323,0.0069708328750927254,0.06573893250897526,0.0,0.0,0.0152025,4.0,0.7475,-0.0036142523458693177,0.24007903635501862,3.456424456089735e-05,1.7956742880187448e-06,1.6106769777479713e-06,184870.43399999998,1.0,183511.34404687496,1.6541547093681192e-06,697.5782935727583,4800.0,1.0,,101,,,,,,,,
5.412088668999786,0.005556164994563772,0.058544921968132255,0.0,0.0,0.015155,4.0,0.745,-0.0033675019862130285,0.2351774498820305,0.00019542444497346878,2.732029648200296e-06,1.8288854789716425e-06,184848.98199999996,1.0,183495.52606249996,1.6541547093681192e-06,909.5763554375117,4800.0,1.0,,102,,,,,,,,
5.414906678000989,0.004476296979640182,0.04816080746240914,0.0,0.0,0.0151075,4.0,0.7424999999999999,-0.0003193644108250737,0.23160287477076053,0.003178657591342926,1.5054502796374435e-06,1.5362149042630334e-06,184879.48499999996,1.0,183598.3931875,1.6541547093681192e-06,790.795236869283,4800.0,1.0,,103,,,,,,,,
5.468201438001415,0.007699955246518187,0.07057291679084302,0.0,0.0,0.01506,4.0,0.74,0.0016522446589078755,0.22602983862161635,0.005055562717461726,1.16699308847501e-06,1.1486971885688035e-06,184960.36899999995,1.0,183731.945,1.6541547093681192e-06,637.6566402172994,4800.0,1.0,,104,,,,,,,,
5.155282637999335,0.013554255869878299,0.10340711822112401,0.0,1.0,0.015012500000000002,3.0,0.7375,0.005700282217003405,0.21775267024834952,0.008968334396680195,2.298096046615683e-06,1.4595166855239464e-06,185070.08399999997,1.0,183721.66653125,1.6541547093681192e-06,718.965694896408,4800.0,1.0,,105,,,,,,,,
5.4680245380004635,0.004755135790924925,0.056331380270421505,0.0,0.0,0.014965,4.0,0.735,-1.844324287958443e-05,0.1972888819873333,0.002932624728418887,8.287476424584383e-06,1.0620448108511481e-06,184749.284,1.0,183611.152015625,1.6541547093681192e-06,561.0034455483948,4800.0,1.0,,106,,,,,,,,
5.438660112002253,0.005979855715816029,0.06481119804084301,0.0,0.0,0.0149175,4.0,0.7324999999999999,-0.0038066716399043797,0.20146275460720062,-0.000821578101022169,0.00019666161654754432,1.1218272959467868e-06,184864.62099999998,1.0,183819.920875,1.6541547093681192e-06,484.0143501063987,4800.0,1.0,,107,,,,,,,,
5.371125734000088,0.006018826809664546,0.057812500186264514,0.0,0.0,0.014870000000000001,4.0,0.73,0.00025394524564035235,0.19883844219148158,0.0031984942965209485,0.00011597309156741176,1.1620451928706644e-06,184978.89799999996,1.0,183748.79542187497,1.6541547093681192e-06,503.2888934611956,4800.0,1.0,,108,,,,,,,,
5.39265030200113,0.005540340197960347,0.06565755216870457,0.0,0.0,0.014822499999999999,4.0,0.7275,-0.0010661968321073801,0.20128479711711406,0.0019158155657351017,9.458608701606863e-06,1.1709715494134799e-06,185177.76899999997,1.0,183780.75023437498,1.6541547093681192e-06,598.3602405918322,4800.0,1.0,,109,,,,,,,,
5.378498041998682,0.008733660875509485,0.08636067723855376,0.0,0.0,0.014775,4.0,0.725,0.004333735402906313,0.20342273600399494,0.007338385400362313,4.173842523869098e-06,1.0063563522066943e-06,184671.92299999998,1.0,183820.329390625,1.6541547093681192e-06,396.93683093328997,4800.0,1.0,,110,,,,,,,,
5.586009357000876,0.007480711716252131,0.06977539071813225,0.0,0.0,0.014727500000000001,4.0,0.7224999999999999,6.361305713653564e-06,0.20320436730980873,0.002998071350157261,4.9286770803291805e-06,9.779629408512847e-07,184640.298,1.0,183732.1049375,1.6541547093681192e-06,433.5897517657056,4800.0,1.0,,111,,,,,,,,
5.368834738001169,0.006455305609648576,0.07470703134313225,0.0,0.0,0.01468,4.0,0.72,0.0003112137317657471,0.2061490800231695,0.003336908994242549,1.3264851588701276e-06,8.811235801431394e-07,184752.91499999998,1.0,183761.95932812497,1.6541547093681192e-06,476.97077040966394,4800.0,1.0,,112,,,,,,,,
5.515037918998132,0.006003617285357166,0.05130208337213844,0.0,0.0,0.014632500000000001,4.0,0.7175,0.004839915977208875,0.20711307376623153,0.007869681098964066,1.7511309749806968e-06,1.28278551017047e-06,185000.71700000003,1.0,183675.2140625,1.6541547093681192e-06,828.9383774624911,4800.0,1.0,,113,,,,,,,,
5.311153214999649,0.0048883259200884766,0.05901692751795053,0.0,0.0,0.014585,4.0,0.7150000000000001,-0.00034846182679757474,0.19742402173578738,0.002530278149060905,1.5110391004213853e-06,1.077535434035326e-06,184813.77199999997,1.0,183707.73159374998,1.6541547093681192e-06,413.16857011548416,4800.0,1.0,,114,,,,,,,,
5.406712496002001,0.007738466431509749,0.0817545575555414,0.0,0.0,0.014537500000000002,4.0,0.7125,0.0035434761259239165,0.20790638737380504,0.00656437526922673,2.2799413898155763e-06,2.6224754662962367e-06,184945.934,1.0,183650.85446874998,1.6541547093681192e-06,900.1778142227957,4800.0,1.0,,115,,,,,,,,
5.3825416100007715,0.0064029788437181875,0.07084960956126451,0.0,0.0,0.014490000000000001,4.0,0.71,-0.0012503216014010832,0.20643447823822497,0.001739155501127243,2.5109951934609854e-06,3.014886385699356e-06,184833.81999999998,1.0,183511.47228125,1.6541547093681192e-06,953.0975346897773,4800.0,1.0,,116,,,,,,,,
5.448461031999614,0.0049394471057468085,0.04749348964542151,0.0,0.0,0.0144425,4.0,0.7075,-0.004075760435080155,0.20348924919962882,-0.0011386783211492003,2.5051703943290703e-06,3.1219513203950557e-06,184856.56000000003,1.0,183521.26743749998,1.6541547093681192e-06,761.6142392300445,4800.0,1.0,,117,,,,,,,,
5.361285021997901,0.009486984816746969,0.0950032552704215,0.0,0.0,0.014395000000000002,4.0,0.7050000000000001,0.001541543088387698,0.18903676345944403,0.004261436243541539,8.272341969473018e-06,9.273629572703613e-07,184927.599,1.0,183711.78485937498,1.6541547093681192e-06,439.7412886536552,4800.0,1.0,,118,,,,,,,,
5.328711569000006,0.007221822170308201,0.08419596357271075,0.0,0.0,0.014347500000000001,4.0,0.7025,0.005962544158683159,0.18794965483248233,0.008658462122548371,1.5206193467065531e-06,1.0757755163126602e-06,184935.893,1.0,183569.288859375,1.6541547093681192e-06,596.0221017419592,4800.0,1.0,,119,,,,,,,,
5.3884139850015345,0.010067385984506672,0.0820312503259629,0.0,1.0,0.0143,4.0,0.7,0.0005193596618482843,0.18340142033994197,0.0031415540957823395,8.246461533190086e-07,7.27200524863747e-07,184826.145,1.0,183737.80596874998,1.6541547093681192e-06,375.87305846850285,4800.0,1.0,,120,185177.76899999997,184606.77499999997,183701.97799999997,70000042,183809.2500333333,best_of_k,184606.77499999997,337.2584881425001
5.415086209999572,0.005170657587456873,0.06087239591870457,0.0,0.0,0.014252500000000001,4.0,0.6975,0.0010685996036045252,0.18692863918840885,0.0037322208983823655,1.0508023379429688e-06,9.4752373627216e-07,185084.22499999998,1.0,183723.82445312498,1.6541547093681192e-06,553.6434465365516,4800.0,1.0,,121,,,,,,,,
5.499913616000413,0.005805928170233443,0.061555989645421506,0.0,0.0,0.014205,4.0,0.6950000000000001,-0.0002140047843568027,0.184010274335742,0.0023994129034690557,7.6060350266971e-07,7.447276104244338e-07,184867.066,1.0,183819.97167187498,1.6541547093681192e-06,381.23182742308404,4800.0,1.0,,122,,,,,,,,
5.43774376500005,0.0059239803898250894,0.06809895858168602,0.0,0.0,0.0141575,4.0,0.6925,-0.004825398977845907,0.19037841632962227,-0.0021308973198756577,1.372297157331559e-06,1.286326923377601e-06,184737.40899999999,1.0,183693.7250625,1.6541547093681192e-06,712.6989516207008,4800.0,1.0,,123,,,,,,,,
5.390922222999507,0.005664481934640975,0.05737304706126452,0.0,0.0,0.014110000000000001,4.0,0.69,-0.003959323826711625,0.19101286306977272,-0.0012647421564906836,1.094701278248067e-06,1.0009758028672878e-06,184914.72999999998,1.0,183850.860046875,1.6541547093681192e-06,722.5661896221096,4800.0,1.0,,124,,,,,,,,
5.4117369369996595,0.006393956742628148,0.07319335946813225,0.0,0.0,0.0140625,4.0,0.6875,-0.0020170467847492545,0.19910298883914948,0.0007814834592863917,4.834368166939385e-06,1.7443612904344264e-06,184675.56299999997,1.0,183555.28387499996,1.6541547093681192e-06,840.1659419068891,4800.0,1.0,,125,,,,,,,,
5.389887492001435,0.005489958978164821,0.06266276054084301,0.0,0.0,0.014015,4.0,0.685,-0.004453881992958486,0.19615061804652215,-0.0017088905093260109,3.454868163714764e-05,1.2080440541240023e-06,184711.25100000002,1.0,183712.16057812498,1.6541547093681192e-06,505.10856796023165,4800.0,1.0,,126,,,,,,,,
5.459390541000175,0.006457183036671666,0.06866861979942769,0.0,0.0,0.0139675,4.0,0.6825,0.001797092449851334,0.20826356522738934,0.00470345770008862,2.0948488872818417e-05,9.229143657307759e-07,184867.366,1.0,183841.674765625,1.6541547093681192e-06,437.3895709952762,4800.0,1.0,,127,,,,,,,,
5.57167372999902,0.00791045238048369,0.0778320315759629,0.0,0.0,0.01392,4.0,0.6799999999999999,7.11934408172965e-06,0.21709021963179112,0.003016543749254197,0.0001191870645641302,1.1054092311724163e-06,184793.58899999995,1.0,183626.63528125,1.6541547093681192e-06,540.0979820510416,4800.0,1.0,,128,,,,,,,,
5.5351249820014345,0.008407579115046105,0.08144531268626451,0.0,0.0,0.0138725,4.0,0.6775,-0.00048218008305411786,0.21059305183589458,0.0024382956558838486,6.027474211123263e-06,7.479107026142628e-07,184656.04999999993,1.0,183795.144453125,1.6541547093681192e-06,402.6436206808631,4800.0,1.0,,129,,,,,,,,
5.392233090002264,0.009148226032381501,0.07972005251795053,0.0,0.0,0.013825,4.0,0.675,-0.002103078516665846,0.2113978248089552,0.0008188660722225904,2.137344390007456e-06,8.342038881892222e-07,184726.229,1.0,183580.19362499996,1.6541547093681192e-06,485.7093575512956,4800.0,1.0,,130,,,,,,,,
5.4305254190003325,0.0057027330981068046,0.05073242215439677,0.0,0.0,0.013777500000000002,4.0,0.6725,-0.0010341584333218635,0.2088211115449667,0.0018419114407151938,6.030673878854031e-06,7.198900831895117e-07,184932.87099999998,1.0,183660.133953125,1.6541547093681192e-06,382.68662877924186,4800.0,1.0,,131,,,,,,,,
5.438402108000446,0.0043366215012973445,0.05294596385210752,0.0,0.0,0.01373,4.0,0.6699999999999999,0.0020691457553766667,0.20591774471104146,0.0048946139519102875,1.3695262200030812e-05,8.254715567090897e-07,184885.62999999995,1.0,183698.4135,1.6541547093681192e-06,487.97421445297374,4800.0,1.0,,132,,,,,,,,
5.504916713998682,0.005628909028114748,0.06720377635210753,0.0,0.0,0.0136825,4.0,0.6675,-0.0016723571985494345,0.20766674503684043,0.0011670810170471668,8.119076812818094e-06,2.2988749677210762e-06,184985.66499999998,1.0,183842.664921875,1.6541547093681192e-06,494.61652247780887,4800.0,1.0,,133,,,,,,,,
5.511769287997595,0.004699341629659415,0.04724934911355376,0.0,0.0,0.013635000000000001,4.0,0.665,0.00174573322001379,0.19987266175448895,0.004468800127506256,6.882563397425656e-06,3.0174278037975453e-06,184896.542,1.0,183847.947203125,1.6541547093681192e-06,580.8677792560954,4800.0,1.0,,134,,,,,,,,
5.555947691998881,0.0054194457425218445,0.05494791688397527,0.0,0.0,0.013587499999999999,4.0,0.6625,0.0009386269608512521,0.20493206791579724,0.0037191948853433133,1.8043180867266527e-05,4.284132705834054e-06,184969.36,1.0,183672.14446875,1.6541547093681192e-06,589.4955146693183,4800.0,1.0,,135,,,,,,,,
5.498483719002252,0.00649125074109449,0.06217447924427688,0.0,0.0,0.01354,4.0,0.6599999999999999,0.0004991194175090641,0.20206032767891885,0.00322793738450855,3.920981245641997e-05,6.316589102084436e-06,184985.09799999997,1.0,183730.08637499998,1.6541547093681192e-06,511.2013982229894,4800.0,1.0,,136,,,,,,,,
5.402234831999522,0.003962602127147363,0.04557291679084301,0.0,0.0,0.013492500000000001,4.0,0.6575,-0.0027810500934720038,0.19038208276033403,-0.00021422613644972444,1.317150887700791e-05,1.1788261488732133e-06,185002.28699999998,1.0,183757.64399999997,1.6541547093681192e-06,507.48344734459283,4800.0,1.0,,137,,,,,,,,
5.440883122999367,0.0064452679277113845,0.06598307313397526,0.0,0.0,0.013445000000000002,4.0,0.655,-0.0014909663703292608,0.19529630318284036,0.0011318717966787516,2.5096007541947073e-05,8.223475944646452e-07,184939.57699999996,1.0,183827.34006249998,1.6541547093681192e-06,404.8865868045555,4800.0,1.0,,138,,,,,,,,
5.452796002999094,0.005294639734280437,0.0589355469099246,0.0,0.0,0.013397500000000001,4.0,0.6525000000000001,-0.00032894759206101296,0.19145085886120797,0.002152523444965482,0.0008240948599336662,2.1643304307872314e-06,184877.19299999997,1.0,183797.426265625,1.6541547093681192e-06,409.178295535936,4800.0,1.0,,139,,,,,,,,
5.586504770999454,0.004592671188736119,0.04298502616584301,0.0,0.0,0.01335,4.0,0.65,-0.003800675953971222,0.1957100111991167,-0.0011993402964435517,0.00010776845709870031,1.2320362174023104e-06,185018.889,1.0,183662.43401562498,1.6541547093681192e-06,603.5292621716459,4800.0,1.0,,140,185177.76899999997,184561.605,183531.76599999997,70000042,183583.31286666667,best_of_k,184561.605,352.134557396438
5.37762642600137,0.0059888607321234135,0.0718587243463844,0.0,0.0,0.013302500000000002,4.0,0.6475,0.002558750595198944,0.1899698842316866,0.00508511281805113,3.6352339265022236e-06,6.969840953274797e-07,184901.04700000002,1.0,183689.52414062497,1.6541547093681192e-06,386.8130640290357,4800.0,1.0,,141,,,,,,,,
5.35133286600103,0.0052718935359372665,0.05914713554084301,0.0,0.0,0.013255000000000001,4.0,0.645,-0.004902724007843062,0.194889110699296,-0.0023220478906296194,1.836052061321425e-05,1.4860880796163657e-06,185057.75999999998,1.0,183839.741234375,1.6541547093681192e-06,511.17365635552267,4800.0,1.0,,142,,,,,,,,
5.5031376400002046,0.0039455694151019575,0.04431966161355376,0.0,0.0,0.0132075,4.0,0.6425000000000001,-0.005142574408091604,0.2070744253695011,-0.002408522111363709,2.19670401975236e-06,1.3271999108610544e-06,184950.681,1.0,183752.444046875,1.6541547093681192e-06,561.7311313715119,4800.0,1.0,,143,,,,,,,,
5.482608597998478,0.002848962493127516,0.031070963572710754,0.0,0.0,0.013160000000000002,4.0,0.64,0.00034606897679623216,0.20957413092255592,0.003103361022658646,1.3821268879610217e-06,1.1304615497920167e-06,185056.861,1.0,183869.858265625,1.6541547093681192e-06,588.9213322073546,4800.0,1.0,,144,,,,,,,,
5.4671951130003436,0.007032298160415351,0.07560221366584301,0.0,0.0,0.013112500000000001,4.0,0.6375,0.00029544750577770174,0.20317250564694406,0.0029590109596028926,1.3212173456622623e-06,8.074916379996466e-07,184567.14799999996,1.0,183638.07837499998,1.6541547093681192e-06,480.7022028172184,4800.0,1.0,,145,,,,,,,,
5.450436430000991,0.007951212355111537,0.07527669302653521,0.0,0.0,0.013065,4.0,0.635,0.002590157152735628,0.18908169344067574,0.005059972510207444,1.5099459659495552e-06,7.727202856244731e-07,185068.823,1.0,183794.679171875,1.6541547093681192e-06,520.5162694587069,4800.0,1.0,,146,,,,,,,,
5.434741950000898,0.006145568435574944,0.05598958348855376,0.0,0.0,0.013017500000000001,4.0,0.6325000000000001,-0.0031920424953568727,0.18860267996788024,-0.0007376253022812306,2.2022280148803476e-06,9.958889279459982e-07,184834.403,1.0,183560.60478125,1.6541547093681192e-06,687.3466191615821,4800.0,1.0,,147,,,,,,,,
5.449910188999638,0.006734923850064689,0.062890625,0.0,0.0,0.01297,4.0,0.63,-0.0005335322464816272,0.18640583157539367,0.0018831047113053502,4.256577494743397e-06,1.243129285910527e-06,184801.398,1.0,183728.51281249998,1.6541547093681192e-06,736.2252907423602,4800.0,1.0,,148,,,,,,,,
5.453874248003558,0.006421128905738272,0.06236979188397527,0.0,0.0,0.0129225,4.0,0.6275,-0.000885971641400829,0.19685340635478496,0.0016568739898502826,4.184441598908961e-06,1.148468888345633e-06,184934.95099999997,1.0,183560.34895312498,1.6541547093681192e-06,580.886788305268,4800.0,1.0,,149,,,,,,,,
5.450395431998913,0.005168750447266746,0.05091145858168602,0.0,0.0,0.012875000000000001,4.0,0.625,-0.00162783432751894,0.1905490294098854,0.000824773742351681,1.9574374093167536e-06,1.029604575819576e-06,184759.26499999998,1.0,183636.463953125,1.6541547093681192e-06,637.6617296649264,4800.0,1.0,,150,,,,,,,,
5.462988317001873,0.004021517456892809,0.03857421884313226,0.0,0.0,0.0128275,4.0,0.6225,-0.002480847417609766,0.18413559459149836,-0.00012116177240386605,1.8084073903423815e-05,1.0109843387340333e-06,185027.72499999998,1.0,183996.04529687497,1.6541547093681192e-06,584.9577249952455,4800.0,1.0,,151,,,,,,,,
5.45500281799832,0.003977180877334519,0.04464518250897527,0.0,0.0,0.01278,4.0,0.62,-0.0036172767169773577,0.1837613493204117,-0.0012707674643024803,1.3871188775738119e-05,1.1477037190843476e-06,185007.067,1.0,183685.16375,1.6541547093681192e-06,545.095207689815,4800.0,1.0,,152,,,,,,,,
5.412993702000676,0.007141881273738093,0.06290690125897527,0.0,0.0,0.0127325,4.0,0.6174999999999999,0.002773318055551499,0.18023917973041534,0.0050675042672082785,2.3151035520641016e-06,9.5479939687948e-07,184931.49699999997,1.0,183754.426984375,1.6541547093681192e-06,631.6678119823792,4800.0,1.0,,153,,,,,,,,
5.429864236997673,0.00446233062284449,0.050683593936264516,0.0,0.0,0.012685,4.0,0.615,0.0036851432640105488,0.17462793551385403,0.005898743728175759,5.467076178433672e-06,2.0171782352917942e-06,184910.725,1.0,183661.173125,1.6541547093681192e-06,934.6490915901028,4800.0,1.0,,154,,,,,,,,
5.4312999740031955,0.007511552026813817,0.06575520839542151,0.0,0.0,0.0126375,4.0,0.6125,-0.0016296442045131698,0.1759807374328375,0.0005777000216767192,0.00010681928964970667,1.1860500946170304e-05,184994.39100000003,1.0,183786.47493750002,1.6541547093681192e-06,490.87952917161437,4800.0,1.0,,155,,,,,,,,
5.432389289999264,0.006046465643082399,0.058040364738553764,0.0,0.0,0.01259,4.0,0.61,-0.0007751612720312551,0.17461562305688857,0.0013913253089413047,0.0001360062854928401,3.664811437147364e-05,184844.593,1.0,183818.29309374996,1.6541547093681192e-06,408.61401305635593,4800.0,1.0,,156,,,,,,,,
5.4404151490016375,0.004032744332459615,0.042415364738553764,0.0,0.0,0.012542500000000002,4.0,0.6074999999999999,0.000502519850851968,0.1695068884640932,0.002626498998142779,9.791723934426955e-06,2.163543246069821e-06,185002.361,1.0,184084.55465625,1.6541547093681192e-06,541.6665443771719,4800.0,1.0,,157,,,,,,,,
5.536243241996999,0.006985089816762269,0.05857747429981828,0.0,0.0,0.012495,4.0,0.605,0.0015344523009844125,0.17336407341063023,0.0036938392790034414,5.215807530021266e-05,3.1623951144865716e-06,184888.63499999998,1.0,183829.18504687498,1.6541547093681192e-06,522.6152048915959,4800.0,1.0,,158,,,,,,,,
5.457523336001032,0.007997521051793655,0.06707356795668602,0.0,0.0,0.0124475,4.0,0.6025,0.0005430941528175026,0.17139576189219952,0.0026738929329439996,1.8450391070246042e-05,1.6103529077327039e-06,185015.449,1.0,183916.503671875,1.6541547093681192e-06,532.2183487309302,4800.0,1.0,,159,,,,,,,,
5.454344371999468,0.005810270524473182,0.054996745102107523,0.0,0.0,0.012400000000000001,4.0,0.6,0.00563675737939775,0.16837700866162778,0.007721656234934926,2.1381169159440105e-05,1.676337586786758e-06,185103.15999999997,1.0,183935.22459374997,1.6541547093681192e-06,716.379098397056,4800.0,1.0,,160,185177.76899999997,184839.92,183838.17099999997,70000042,184010.6093333333,best_of_k,184839.92,473.47939876263183
5.588336365999567,0.0038453075531723613,0.04894205741584301,0.0,0.0,0.012352499999999999,4.0,0.5974999999999999,0.0001560267643071711,0.16951037794351578,0.0022483950131572785,6.501336216047093e-06,1.7173400635783763e-06,185014.53799999997,1.0,183782.1158125,1.6541547093681192e-06,886.59937596812,4800.0,1.0,,161,,,,,,,,
5.517361264999636,0.009073992278970522,0.07317708376795054,0.0,0.0,0.012305,4.0,0.595,0.0016239866963587701,0.17228259816765784,0.0037432363955304027,1.3678685277795921e-06,1.101406826364837e-06,184996.58299999998,1.0,183770.36043749997,1.6541547093681192e-06,683.0364515165388,4800.0,1.0,,162,,,,,,,,
5.526835431002837,0.006565324891571578,0.06731770858168602,0.0,0.0,0.012257500000000001,4.0,0.5925,0.004073514061747119,0.16747933812439442,0.006125641078688205,9.458089763825228e-07,1.3128728440392478e-06,184930.21099999998,1.0,183941.769640625,1.6541547093681192e-06,552.1283945145623,4800.0,1.0,,163,,,,,,,,
5.442314346000785,0.004924588846219891,0.05172526063397527,0.0,0.0,0.012210000000000002,4.0,0.5900000000000001,-0.0007627432409208268,0.16177125461399555,0.0012115072342567146,1.5014013143854754e-06,1.6533444394895015e-06,185006.28100000002,1.0,183878.152875,1.6541547093681192e-06,497.55373469416725,4800.0,1.0,,164,,,,,,,,
5.41251774400007,0.005887892952078744,0.053304036520421504,0.0,0.0,0.012162500000000001,4.0,0.5875,-0.005612147127976641,0.16137686595320702,-0.0036504357820376756,2.6273728437331556e-06,1.544649812501575e-06,185008.29,1.0,183966.058984375,1.6541547093681192e-06,481.5221435728722,4800.0,1.0,,165,,,,,,,,
5.435209548002604,0.0065327125970206625,0.06717122411355377,0.0,0.0,0.012115,4.0,0.585,-0.00014957307139411568,0.17074977569282054,0.001909515238367021,6.283496537662358e-06,1.7833352926288627e-05,184908.34699999998,1.0,183756.13974999997,1.6541547093681192e-06,587.8512298638443,4800.0,1.0,,166,,,,,,,,
5.442717771999014,0.006398154710774406,0.06892903652042151,0.0,0.0,0.0120675,4.0,0.5825,0.0005147470743395388,0.17498169392347335,0.002623725205194205,2.2213672721704826e-06,4.782680420589713e-06,184938.85199999998,1.0,183894.05868750002,1.6541547093681192e-06,463.70444147238123,4800.0,1.0,,167,,,,,,,,
5.455322846999479,0.007725882790101224,0.07980143273016438,0.0,0.0,0.012020000000000001,4.0,0.5800000000000001,0.006180749810300768,0.17740225456655026,0.008311714418232441,9.688102522886765e-07,2.626690542228971e-06,184963.933,1.0,183912.417484375,1.6541547093681192e-06,471.3034393619506,4800.0,1.0,,168,,,,,,,,
5.538472094001918,0.004869430165973299,0.04890950545668602,0.0,0.0,0.0119725,4.0,0.5775,-0.0017011258983984589,0.17431573271751405,0.00037555079907178877,9.331890872772419e-05,1.9722480772088603e-06,184991.708,1.0,183731.19303124998,1.6541547093681192e-06,455.46744569398345,4800.0,1.0,,169,,,,,,,,
5.531954172001861,0.006508433941958103,0.06708984393626452,0.0,0.0,0.011925000000000002,4.0,0.575,7.31998705305159e-05,0.1788016315549612,0.0021344068460166453,0.0007003713702943059,1.93090664453166e-06,184873.69100000002,1.0,183817.26378125,1.6541547093681192e-06,344.34357562843604,4800.0,1.0,,170,,,,,,,,
5.464667609998287,0.003341197008055019,0.0366048178053461,0.0,0.0,0.011877500000000001,4.0,0.5725,-0.0011648422136204318,0.17090673819184304,0.0006663596490398049,0.0017773829325960834,4.200888185721396e-05,184909.758,1.0,183821.34417187498,1.6541547093681192e-06,438.3480376820156,4800.0,1.0,,171,,,,,,,,
5.480589486000099,0.01254951161247959,0.08017578134313226,0.0,0.0,0.01183,4.0,0.5700000000000001,-0.005608836695319042,0.18660578057169913,-0.0034915439260657876,0.0007293875529740035,3.463039117264088e-05,184700.14299999998,1.0,183787.388125,1.6541547093681192e-06,326.0715406876564,4800.0,1.0,,172,,,,,,,,
5.442087049999827,0.008797510545034016,0.07508138045668603,0.0,0.0,0.011782500000000001,4.0,0.5675,-0.0016618010209640487,0.20912744365632535,0.0007906742946943268,0.00010189643312514818,2.7581445579016874e-06,184824.841,1.0,183547.51159374998,1.6541547093681192e-06,901.939121650792,4800.0,1.0,,173,,,,,,,,
5.507184420002886,0.0039013368252621915,0.042626953194849194,0.0,0.0,0.011735,4.0,0.565,-0.0007659782306291163,0.205458427965641,0.0016431960742920638,6.667243070523909e-06,2.427346026934174e-06,184953.153,1.0,183998.30646875,1.6541547093681192e-06,714.9760251430178,4800.0,1.0,,174,,,,,,,,
5.551190365000366,0.0063120097537616715,0.051806640811264515,0.0,0.0,0.0116875,4.0,0.5625,0.00011410293518565595,0.1982192512601614,0.0024278768803924324,4.801026295808697e-06,4.866764925282041e-06,185107.745,1.0,183574.86745312499,1.6541547093681192e-06,942.7653025657722,4800.0,1.0,,175,,,,,,,,
5.41221538299942,0.003516246867278028,0.03989257819484919,0.0,0.0,0.011640000000000001,4.0,0.56,0.000836853071814403,0.1970733743160963,0.0031284002005122604,3.3098659343977486e-06,4.111327640998752e-06,184833.436,1.0,183849.57212499998,1.6541547093681192e-06,423.37147851416404,4800.0,1.0,,176,,,,,,,,
5.5855094750004355,0.0050169491936543405,0.05738932313397527,0.0,0.0,0.0115925,4.0,0.5575,0.0007583176658954472,0.19048583395779134,0.0029654801124706863,2.2035994618363476e-06,1.6487993576674854e-06,184851.263,1.0,183788.657328125,1.6541547093681192e-06,626.7672801081949,4800.0,1.0,,177,,,,,,,,
5.477379266998469,0.004424084250143068,0.0464843750349246,0.0,0.0,0.011545,4.0,0.5549999999999999,-0.002317777308053337,0.19341807402670383,-8.582459995523095e-05,2.3536579703886672e-06,1.6473313479536956e-06,184916.092,1.0,183768.19571874998,1.6541547093681192e-06,750.9537100098606,4800.0,1.0,,178,,,,,,,,
5.4680611090007005,0.006722329165697971,0.07799479188397526,0.0,0.0,0.0114975,4.0,0.5525,-0.00023005717084743083,0.1960780493915081,0.0020235108211636545,1.9128244531430027e-06,1.2955628534427888e-06,184957.446,1.0,183891.32851562498,1.6541547093681192e-06,624.0581702585417,4800.0,1.0,,179,,,,,,,,
5.437926429000072,0.004455857301052646,0.052278645895421506,0.0,0.0,0.01145,4.0,0.55,-0.003782718488946557,0.19649569876492023,-0.0015336055192165076,1.8508215731571908e-06,1.1552694729743962e-06,184997.57799999998,1.0,183944.81535937497,1.6541547093681192e-06,636.9002022132602,4800.0,1.0,,180,185177.76899999997,184701.02399999998,183548.386,70000042,183955.50033333333,best_of_k,184701.02399999998,368.06743199014653
5.581876360000024,0.004828325840775705,0.0582356771803461,0.0,0.0,0.011402500000000001,4.0,0.5475,0.0028861991188023238,0.2024975262582302,0.0051942754071205854,2.0876396035873766e-06,1.3869689070133973e-06,184960.68299999996,1.0,183770.014703125,1.6541547093681192e-06,539.9853787063581,4800.0,1.0,,181,,,,,,,,
5.501353650000965,0.0027554336663822452,0.03580729179084301,0.0,0.0,0.011355,4.0,0.5449999999999999,-0.0025335120735689998,0.1952418226748705,-0.00031764960149303076,1.8879621421774573e-06,1.8385037776624813e-06,184899.75699999998,1.0,183812.88943749998,1.6541547093681192e-06,554.9523130229809,4800.0,1.0,,182,,,,,,,,
5.433457499999349,0.0043181040112354905,0.05271809899713844,0.0,0.0,0.0113075,4.0,0.5425,-0.0004993863229174166,0.1949624761939049,0.0017044502077624203,1.420938195906274e-06,1.119375204439166e-06,184956.01399999997,1.0,183840.76896874997,1.6541547093681192e-06,577.0383990576879,4800.0,1.0,,183,,,,,,,,
5.450734764002846,0.004906219684466961,0.052229818026535216,0.0,0.0,0.011260000000000001,4.0,0.54,-0.0013657906441949309,0.19169351942837237,0.00079211033298634,1.3877460702360623e-06,8.586452793224453e-07,184993.439,1.0,183859.6569375,1.6541547093681192e-06,474.46075205387274,4800.0,1.0,,184,,,,,,,,
5.4295273770003405,0.0030471738881914234,0.027750651072710752,0.0,0.0,0.0112125,4.0,0.5375,-0.00034846158232539894,0.18910305835306646,0.001771271787583828,1.5370236383205338e-06,8.625751405588744e-07,185129.274,1.0,183998.62029687496,1.6541547093681192e-06,528.7248011744753,4800.0,1.0,,185,,,,,,,,
5.567820913001924,0.004565679842977133,0.052685546968132255,0.0,0.0,0.011165,4.0,0.5349999999999999,-0.002396648470312357,0.19475492276251316,-0.00022308294428512453,3.262492106159698e-06,1.09337414357924e-06,185027.07299999995,1.0,183742.38149999996,1.6541547093681192e-06,655.5145092565141,4800.0,1.0,,186,,,,,,,,
5.570628199999192,0.005858537712600054,0.06510416697710752,0.0,0.0,0.0111175,4.0,0.5325,-0.0032630789093673227,0.19319708459079266,-0.0011163675924763083,5.306427823370541e-06,1.2521430321044136e-06,184979.803,1.0,184005.47273437498,1.6541547093681192e-06,524.6854366144098,4800.0,1.0,,187,,,,,,,,
5.4765608529996825,0.004102245905375668,0.04248046891298145,0.0,0.0,0.011070000000000002,4.0,0.53,-0.0009534214448649436,0.19604470282793046,0.001215892075560987,1.926177901623305e-06,1.4170746652553134e-06,185031.389,1.0,183935.47362499998,1.6541547093681192e-06,814.6579528813144,4800.0,1.0,,188,,,,,,,,
5.472982209998008,0.004478042640841551,0.05255533866584301,0.0,0.0,0.011022500000000001,4.0,0.5275000000000001,-0.002839279791805893,0.19671739339828492,-0.000671575078740716,1.37278166505439e-06,9.492288953083516e-07,184920.648,1.0,183926.282078125,1.6541547093681192e-06,618.1074961792474,4800.0,1.0,,189,,,,,,,,
5.4396033590019215,0.004924611291318826,0.047721354337409136,0.0,0.0,0.010975,4.0,0.525,-0.0005536622426006943,0.19293642416596413,0.0015630867332220078,1.5798566522562395e-06,1.1403079881233679e-06,185080.30699999997,1.0,183765.368359375,1.6541547093681192e-06,731.4071992764026,4800.0,1.0,,190,,,,,,,,
5.43754820599861,0.004682035128894313,0.044026693096384406,0.0,0.0,0.010927500000000001,4.0,0.5225,0.0013426543591776863,0.18935070522129535,0.00341118189971894,1.2877944897127236e-06,9.463555571187499e-07,184995.016,1.0,183877.25325,1.6541547093681192e-06,622.2117706396017,4800.0,1.0,,191,,,,,,,,
5.449007332001202,0.006593429007407892,0.057454427145421504,0.0,0.0,0.01088,4.0,0.52,-0.005342769768321887,0.19307420998811722,-0.0032436832902021707,1.377492631604582e-06,2.8458324592861574e-06,184934.689,1.0,183890.59140625,1.6541547093681192e-06,394.61362713659537,4800.0,1.0,,192,,,,,,,,
5.583931497996673,0.0061434012082884236,0.06437174491584301,0.0,0.0,0.0108325,4.0,0.5175000000000001,-0.00022193219629116357,0.19446461498737336,0.0018838448682799934,1.251217719300257e-06,1.2712472283737952e-06,184916.599,1.0,183894.96440625,1.6541547093681192e-06,569.8996986949422,4800.0,1.0,,193,,,,,,,,
5.6342492410003615,0.005572217278184155,0.054541015857830645,0.0,0.0,0.010785000000000001,4.0,0.515,0.0018891985440859572,0.18607822619378567,0.0038955488707870245,1.037210951437828e-06,7.992543459067747e-07,184738.39799999996,1.0,183804.605171875,1.6541547093681192e-06,402.406720660456,4800.0,1.0,,194,,,,,,,,
5.553098732998478,0.0053847384871207995,0.05992838572710753,0.0,0.0,0.0107375,4.0,0.5125,1.013243745546788e-05,0.1831805095076561,0.001976587995886803,1.0054156618366505e-06,6.896097545450175e-07,184899.09000000003,1.0,183875.74768749997,1.6541547093681192e-06,399.65644420692416,4800.0,1.0,,195,,,,,,,,
5.469998562999535,0.005697031266511843,0.060579427180346104,0.0,0.0,0.010690000000000002,4.0,0.51,0.001717041284427978,0.17586032412946223,0.0035965639865025876,8.671933429127421e-07,6.75567181929182e-07,185092.25999999998,1.0,184042.79125,1.6541547093681192e-06,441.35782805306565,4800.0,1.0,,196,,,,,,,,
5.60926547499912,0.006074613847436794,0.06002604179084301,0.0,0.0,0.010642500000000001,4.0,0.5075000000000001,-0.00187063705525361,0.17177210189402103,-4.31206077337265e-05,9.504049373276757e-07,9.463820418886825e-07,184975.545,1.0,183963.97628125,1.6541547093681192e-06,453.77425983764516,4800.0,1.0,,197,,,,,,,,
5.53428345300199,0.006242407943984674,0.06793619829695671,0.0,0.0,0.010595,4.0,0.505,-0.0021960593352559955,0.17181748598814012,-0.0003862587036564946,4.2428055337495605e-06,2.0363162428793656e-05,184788.27200000003,1.0,183877.79707812498,1.6541547093681192e-06,498.3995786116063,4800.0,1.0,,198,,,,,,,,
5.572296758000448,0.004007908972125307,0.044173177191987635,0.0,0.0,0.010547500000000001,4.0,0.5025,-0.006486144589143805,0.17039244771003723,-0.0047029389883391556,1.0640924438121147e-05,2.5890273496997908e-05,184951.54899999997,1.0,183943.731125,1.6541547093681192e-06,464.5600982337478,4800.0,1.0,,199,,,,,,,,
5.516115641003125,0.003595163899436571,0.042317708395421504,0.0,0.0,0.0105,4.0,0.5,-0.0012883789255283772,0.16851914934813977,0.0004797739442437887,3.3854937953492483e-06,1.9189411688103062e-06,184885.025,1.0,183953.18112499997,1.6541547093681192e-06,487.00869467622306,4800.0,1.0,,200,185177.76899999997,184723.81,183673.873,70000042,183983.21856666665,best_of_k,184723.81,432.8733268236596
5.526452523001353,0.004302278407871185,0.052164713572710755,0.0,0.0,0.010452500000000002,4.0,0.49750000000000005,0.004070030146976933,0.1745606180280447,0.0058937571477144955,2.8838416568532922e-06,1.1578300600945112e-06,184946.194,1.0,183848.135796875,1.6541547093681192e-06,467.6571302748233,4800.0,1.0,,201,,,,,,,,
5.527113190997625,0.004575725158350608,0.04737955741584301,0.0,0.0,0.010405000000000001,4.0,0.495,-0.000304016622249037,0.17850886322557927,0.001552808313863352,1.1145757667918588e-06,8.967468218656905e-07,185057.05000000002,1.0,183766.2236875,1.6541547093681192e-06,520.2246914196061,4800.0,1.0,,202,,,,,,,,
5.509882409998681,0.005226943363211589,0.060253906436264514,0.0,0.0,0.010357500000000002,4.0,0.49250000000000005,0.0040897649945691224,0.17363567054271697,0.005887662898749113,1.0865172626495223e-06,8.506808526931308e-07,184949.025,1.0,183933.92190625,1.6541547093681192e-06,465.7982442136867,4800.0,1.0,,203,,,,,,,,
5.583742443999654,0.005420259693030971,0.05527343768626451,0.0,0.0,0.01031,4.0,0.49,-0.0029384348425082864,0.17341106683015822,-0.0011512264900375158,1.3222253642197757e-06,1.0550945063414475e-06,184967.491,1.0,183906.378359375,1.6541547093681192e-06,585.9075828196851,4800.0,1.0,,204,,,,,,,,
5.494793303001643,0.004263106079683254,0.05807291688397527,0.0,0.0,0.0102625,4.0,0.48750000000000004,-0.0057736994058359414,0.1667063195258379,-0.00406465720734559,5.0686099427821315e-06,2.5485615509523997e-06,185027.949,1.0,183879.02867187498,1.6541547093681192e-06,814.2492436057465,4800.0,1.0,,205,,,,,,,,
5.443258055001934,0.007097148282370824,0.06295572938397527,0.0,0.0,0.010215,4.0,0.485,0.00036348563153296707,0.1657035496085882,0.002055291827127803,2.285767581611253e-06,1.2548384319188698e-06,185084.14599999998,1.0,183883.394,1.6541547093681192e-06,579.7725460039788,4800.0,1.0,,206,,,,,,,,
5.567732848001469,0.008819615473422537,0.06681315135210752,0.0,0.0,0.010167500000000001,4.0,0.48250000000000004,0.0019669475615955887,0.16498226001858712,0.0036438071983866394,1.170627224666987e-06,9.61016526446201e-07,184925.60199999998,1.0,183750.19731249998,1.6541547093681192e-06,601.9912870076977,4800.0,1.0,,207,,,,,,,,
5.4598964670003625,0.003603231980846289,0.04781901058740914,0.0,0.0,0.01012,4.0,0.48,0.0004561951762298122,0.1585509005934,0.0020602314383722843,9.464728179864324e-07,8.076863011297065e-07,185018.05599999998,1.0,183916.47201562498,1.6541547093681192e-06,555.9816010060052,4800.0,1.0,,208,,,,,,,,
5.531244720001268,0.0038856905447765657,0.04614257821813226,0.0,0.0,0.010072500000000002,4.0,0.47750000000000004,-0.003547453149803914,0.1572697628289461,-0.001963952911319211,1.2700982722435584e-06,9.438030971864464e-07,185137.745,1.0,183874.233796875,1.6541547093681192e-06,647.3070548565544,4800.0,1.0,,209,,,,,,,,
5.39647109300131,0.004390676320806186,0.04925130233168602,0.0,0.0,0.010025000000000001,4.0,0.475,0.0020285133039578797,0.15731708593666555,0.003604583698324859,2.357543243647342e-06,1.5961341375714255e-06,185102.669,1.0,183978.47181249998,1.6541547093681192e-06,933.5297005727538,4800.0,1.0,,210,,,,,,,,
5.5502191049999965,0.0029216189860310493,0.037158203218132256,0.0,0.0,0.009977500000000002,4.0,0.47250000000000003,0.0009995143860578536,0.15417417213320733,0.002537149464478716,1.1700782408752276e-06,1.0410217555545386e-06,184906.05299999999,1.0,184093.71789062498,1.6541547093681192e-06,569.2564193438861,4800.0,1.0,,211,,,,,,,,
5.314443915998709,0.005660161148052722,0.05893554709618911,0.0,0.0,0.00993,4.0,0.47,0.00341563958209008,0.14391958974301816,0.0048425286309793595,3.5628749316174434e-06,3.752125059008904e-06,185143.86199999996,1.0,184042.55296875,1.6541547093681192e-06,654.3230032726084,4800.0,1.0,,212,,,,,,,,
5.413752120999561,0.005200841248837485,0.029280599020421506,0.0,0.0,0.0098825,4.0,0.4675,-0.0012408289447193965,0.14268058575689793,0.00016811342211440206,2.3212556840235266e-06,1.733106850565491e-06,184969.78599999996,1.0,183966.89846874998,1.6541547093681192e-06,416.9778301584931,4800.0,1.0,,213,,,,,,,,
5.401249934002408,0.011694873218220714,0.05861002625897527,0.0,1.0,0.009835,4.0,0.46499999999999997,-0.0030703897267812864,0.15043334681540727,-0.001592602953314781,4.666908566264283e-06,2.5175548302058816e-06,185053.61799999996,1.0,183920.15704687499,1.6541547093681192e-06,686.1096354150159,4800.0,1.0,,214,,,,,,,,
5.442471031998139,0.00576811264825885,0.04184570319484919,0.0,0.0,0.009787500000000001,4.0,0.4625,0.0015555086429230869,0.1568329531699419,0.0030896455515176057,2.266170403686374e-06,1.278976733942727e-06,185011.78499999997,1.0,183327.8476875,1.6541547093681192e-06,934.5902545594834,4800.0,1.0,,215,,,,,,,,
5.579020424000191,0.011221857384507672,0.05493164081126452,0.0,0.0,0.00974,4.0,0.45999999999999996,-0.0012235964037245139,0.1540598042309284,0.00027626313967630265,1.4553056388422192e-06,1.0757337420841395e-06,184747.78299999997,1.0,183330.47181249998,1.6541547093681192e-06,690.8228071159692,4800.0,1.0,,216,,,,,,,,
5.550470231999498,0.005025342765213025,0.042480468819849196,0.0,0.0,0.009692500000000001,4.0,0.4575,0.001709027250763029,0.1545355599373579,0.0032062886049970983,1.1829078800928983e-06,9.12470109426522e-07,184898.07299999997,1.0,183649.759359375,1.6541547093681192e-06,585.5003429729213,4800.0,1.0,,217,,,,,,,,
5.570043125997472,0.012670119175457729,0.06479492201469839,0.0,1.0,0.009644999999999999,4.0,0.45499999999999996,-0.00023142466670833528,0.15521566942334175,0.00126493233256042,1.368534694279333e-06,1.121637720302715e-06,184937.397,1.0,183592.94865625002,1.6541547093681192e-06,633.7055381951127,4800.0,1.0,,218,,,,,,,,
5.425350550998701,0.006417554661672398,0.056217448133975265,0.0,0.0,0.0095975,4.0,0.4525,0.002776521726627834,0.15651582479476928,0.00427815227303654,1.020845431298767e-06,8.558439589023692e-07,184957.39800000002,1.0,183916.186609375,1.6541547093681192e-06,566.5765676119662,4800.0,1.0,,219,,,,,,,,
5.493329714998254,0.004541314133782848,0.044384765625,0.0,0.0,0.00955,4.0,0.44999999999999996,-0.0050740359234623614,0.15200999267399312,-0.0036228581215254963,1.0474539664073746e-06,8.252980421730171e-07,185104.46099999995,1.0,184029.91415625002,1.6541547093681192e-06,514.8243416953632,4800.0,1.0,,220,185177.76899999997,184911.844,184099.533,70000042,183953.6548333333,best_of_k,184911.844,610.9514777821004
5.534824072998163,0.007126636519621599,0.050374349020421504,0.0,0.0,0.0095025,4.0,0.4475,-0.0012132357835071162,0.15824657790362834,0.0002897492493502796,1.4899637847065606e-06,1.2079260187647378e-06,185064.28899999996,1.0,183732.91470312496,1.6541547093681192e-06,804.2206449204909,4800.0,1.0,,221,,,,,,,,
5.435232574000111,0.0038255510332804834,0.04034830739255994,0.0,0.0,0.009455,4.0,0.44499999999999995,-0.00449084514984861,0.16023518070578574,-0.0029770183376967908,2.07611584244205e-06,1.9779786498475004e-06,184943.74199999997,1.0,183796.919046875,1.6541547093681192e-06,710.7708208718119,4800.0,1.0,,222,,,,,,,,
5.485450579999451,0.006601905982470946,0.040673828311264516,0.0,0.0,0.009407500000000001,4.0,0.4425,-0.00216830358695006,0.15860513523221015,-0.0006774278241209686,2.2102547262647932e-06,1.9621102183009498e-06,185179.34100000001,1.0,183863.48556250002,1.6541547093681192e-06,749.3441690355746,4800.0,1.0,,223,,,,,,,,
5.507006004998402,0.009414098438397644,0.08862304706126452,0.0,0.0,0.00936,4.0,0.43999999999999995,0.0026016068411991,0.1606239054352045,0.004101246455684304,1.0561647329154766e-05,5.487879201382384e-06,184970.337,1.0,183730.707515625,1.6541547093681192e-06,801.4478917289106,4800.0,1.0,,224,,,,,,,,
5.591321945001255,0.0030859023456848433,0.03333333358168602,0.0,0.0,0.009312500000000001,4.0,0.4375,-0.0005575348492129706,0.16799114234745502,0.0010052163823274895,5.162776150768877e-06,2.300087922435523e-06,185161.709,1.0,183571.51448437502,1.6541547093681192e-06,880.363671624219,4800.0,1.0,,225,,,,,,,,
5.484714557998814,0.0061952859511453795,0.05027669286355376,0.0,0.0,0.009265000000000002,4.0,0.43500000000000005,-0.00013171890168450773,0.15497391521930695,0.0013028682791627944,3.016327394789187e-06,1.8885760169951026e-06,185039.83299999998,1.0,183958.783484375,1.6541547093681192e-06,686.4421792152707,4800.0,1.0,,226,,,,,,,,
5.6937152319987945,0.007337608800752982,0.06424153656698764,0.0,0.0,0.0092175,4.0,0.4325,-0.0011092946719145403,0.15203618071973324,0.00029139568796381353,1.633104503184768e-06,1.0798807068113093e-06,185091.397,1.0,183926.91007812502,1.6541547093681192e-06,741.2785821059067,4800.0,1.0,,227,,,,,,,,
5.531963511999493,0.005519516960012183,0.05514322929084301,0.0,0.0,0.009170000000000001,4.0,0.43000000000000005,0.0004500245762756094,0.15025262162089348,0.0018269298132508993,2.152359456886188e-06,1.3926914064654738e-06,185157.99699999997,1.0,183944.730015625,1.6541547093681192e-06,667.3122334467567,4800.0,1.0,,228,,,,,,,,
5.475397318001342,0.0049438342273745665,0.055777994962409136,0.0,0.0,0.0091225,4.0,0.4275,-0.001139899535337463,0.15270498394966125,0.00025225556455552576,2.540641740722549e-06,1.2830162731347628e-06,185029.62900000002,1.0,183876.02881249998,1.6541547093681192e-06,639.2282993165902,4800.0,1.0,,229,,,,,,,,
5.4992035850009415,0.003026370271919632,0.03538411480840296,0.0,0.0,0.009075000000000001,4.0,0.42500000000000004,-0.0002805755124427378,0.15703357793390751,0.0011435993015766143,2.0071933249710127e-06,1.4086872411667172e-06,185102.773,1.0,183983.396515625,1.6541547093681192e-06,522.8957547064246,4800.0,1.0,,230,,,,,,,,
5.470231916999182,0.007192738411907129,0.0617513021454215,0.0,0.0,0.0090275,4.0,0.4225,-0.0034391551103908568,0.16567585095763207,-0.0019444739213213325,2.1942285655995874e-06,1.4760835128413418e-06,184920.22699999998,1.0,183900.76345312496,1.6541547093681192e-06,668.7011046527011,4800.0,1.0,,231,,,,,,,,
5.50763107199964,0.005065751091890646,0.05089518241584301,0.0,0.0,0.008980000000000002,4.0,0.42000000000000004,-0.004252474682289176,0.16717176102101802,-0.00275184684433043,1.2454395815097996e-06,9.001192594837448e-07,185072.36499999996,1.0,183912.195109375,1.6541547093681192e-06,615.3213415383044,4800.0,1.0,,232,,,,,,,,
5.434175431000767,0.009086712760648475,0.073209635540843,0.0,0.0,0.008932500000000001,4.0,0.4175,-0.0023147220548707993,0.16730064600706102,-0.0008209703490138053,1.280065617947912e-06,1.0670699651882388e-06,185116.40899999999,1.0,184080.09007812498,1.6541547093681192e-06,699.0990986955806,4800.0,1.0,,233,,,,,,,,
5.517757177000021,0.0025401546112643557,0.03190104179084301,0.0,0.0,0.008885,4.0,0.41500000000000004,0.0042800942275789565,0.1696751516312361,0.005786995601374656,1.4809300893148246e-06,1.0282475585654539e-06,185149.845,1.0,184078.45012499997,1.6541547093681192e-06,612.8815076722258,4800.0,1.0,,234,,,,,,,,
5.468059640999854,0.003493488549712076,0.039925130316987634,0.0,0.0,0.0088375,4.0,0.4125,-0.0016467158304294572,0.1686136480420828,-0.00015722330863354728,1.149762066177118e-06,1.0298134810682314e-06,185128.70500000002,1.0,183924.00746874997,1.6541547093681192e-06,564.247906893794,4800.0,1.0,,235,,,,,,,,
5.574145327998849,0.002350284819669568,0.028515625093132258,0.0,0.0,0.008790000000000001,4.0,0.41000000000000003,-0.004280252495664172,0.1800013817846775,-0.0026985383941791953,9.358441090512315e-07,8.079774531211115e-07,185035.92099999994,1.0,184043.94840624998,1.6541547093681192e-06,586.2673484610247,4800.0,1.0,,236,,,,,,,,
5.4408441679988755,0.006692810441855812,0.06616210956126452,0.0,0.0,0.0087425,4.0,0.4075,0.0011296018492430449,0.18437576331198216,0.0027407425339333715,1.6601882748545904e-06,1.1964258121111016e-06,185066.28699999998,1.0,184002.7275625,1.6541547093681192e-06,732.1285596563998,4800.0,1.0,,237,,,,,,,,
5.456690275997971,0.004544958341529437,0.053043620008975265,0.0,0.0,0.008695000000000001,4.0,0.405,-0.0039922874537296595,0.1851690135896206,-0.0023828916251659392,1.470439170248028e-06,1.0030771534275117e-06,185009.32799999998,1.0,184057.998734375,1.6541547093681192e-06,667.6749749691583,4800.0,1.0,,238,,,,,,,,
5.558052665001014,0.004369290511975166,0.049674479244276884,0.0,0.0,0.0086475,4.0,0.40249999999999997,-0.00397797464102041,0.1796296440064907,-0.0024261741375084965,3.079434546293669e-06,2.4770652530037295e-06,185106.238,1.0,183886.18046875,1.6541547093681192e-06,623.5893266267825,4800.0,1.0,,239,,,,,,,,
5.420789266998327,0.0029939174704155746,0.03461914075305685,0.0,0.0,0.008600000000000002,4.0,0.4,-0.00321447356545832,0.18034067004919052,-0.0016643242095597088,3.3607521913836534e-06,8.885949625891954e-07,185045.968,1.0,183983.80934375,1.6541547093681192e-06,574.2017707456247,4800.0,1.0,,240,185179.34100000001,184930.46500000003,184072.88499999998,70000042,184013.91229999997,best_of_k,184930.46500000003,523.2492416716367
5.525143924001895,0.0029387278095866164,0.032584635470993814,0.0,0.0,0.0085525,4.0,0.39749999999999996,-0.00276033190311864,0.17961293160915376,-0.001228273578453809,2.9798555578963716e-05,2.2024253752306324e-06,185154.65999999995,1.0,183995.24478125002,1.6541547093681192e-06,680.7226409441724,4800.0,1.0,,241,,,,,,,,
5.452018567000778,0.003897109827783396,0.0402669271454215,0.0,0.0,0.008505,4.0,0.395,-0.004568396066315472,0.1767146907746792,-0.0031638034270145,0.0006993764174467287,5.6856096298929516e-05,185016.43699999998,1.0,183900.79251562498,1.6541547093681192e-06,751.3324202793991,4800.0,1.0,,242,,,,,,,,
5.557644757001981,0.0032366273038574533,0.02895507828798145,0.0,0.0,0.0084575,4.0,0.39249999999999996,-0.0046109717251965774,0.16454297862946987,-0.0033067546086385847,0.0005322165953202784,6.836649108663551e-05,185071.894,1.0,183965.441140625,1.6541547093681192e-06,649.6298999423817,4800.0,1.0,,243,,,,,,,,
5.416448697000305,0.004491704852304679,0.04565429706126452,0.0,0.0,0.00841,4.0,0.39,-0.003352417139103636,0.14693658649921418,-0.00213947759475559,0.00017380462072651425,1.083400618711039e-05,185114.414,1.0,183967.139421875,1.6541547093681192e-06,502.8620458970867,4800.0,1.0,,244,,,,,,,,
5.475812344997394,0.006676172678444026,0.052994791977107526,0.0,0.0,0.0083625,4.0,0.38749999999999996,3.0570462695322934e-05,0.14359677508473395,0.0012287548743188381,2.050286612984564e-05,1.187518945755528e-06,185085.04899999997,1.0,184095.06734374998,1.6541547093681192e-06,430.9705944603138,4800.0,1.0,,245,,,,,,,,
5.553342719998909,0.00377654536671681,0.042187500232830646,0.0,0.0,0.008315000000000001,4.0,0.385,0.00513217081897892,0.15741309076547622,0.00644007904920727,2.6245777405620173e-06,1.4381271455476963e-06,185103.909,1.0,184023.900875,1.6541547093681192e-06,754.2272899971942,4800.0,1.0,,246,,,,,,,,
5.487634356999479,0.005302055451650389,0.037304687686264514,0.0,0.0,0.0082675,4.0,0.38249999999999995,-0.0040225641685537996,0.15982602089643477,-0.0027021553833037615,2.143797408393766e-06,1.4779079265281325e-06,185150.615,1.0,183968.36371875,1.6541547093681192e-06,877.795763844183,4800.0,1.0,,247,,,,,,,,
5.493488118998357,0.0022491651852845963,0.02672526049427688,0.0,0.0,0.008220000000000002,4.0,0.38,-0.0018910960789071396,0.15702616088092328,-0.0006011642049998045,1.7617932599023334e-06,1.294579305977095e-06,185162.58899999998,1.0,184050.597390625,1.6541547093681192e-06,794.1090517932529,4800.0,1.0,,248,,,,,,,,
5.499557489998551,0.0035244520138116185,0.041650390811264516,0.0,0.0,0.0081725,4.0,0.37749999999999995,0.0015452758001629264,0.16060214973986148,0.00285699229571037,1.775762822830984e-06,1.2540909153813117e-06,185030.20599999998,1.0,183926.117828125,1.6541547093681192e-06,804.3593574328553,4800.0,1.0,,249,,,,,,,,
5.537967511001625,0.004366037172926518,0.045214843936264515,0.0,0.0,0.008125,4.0,0.375,-0.0001851904613431543,0.14690413735806943,0.0010077045066282154,1.422011101226417e-06,1.118099821439955e-06,185038.453,1.0,184114.52882812498,1.6541547093681192e-06,731.608670505228,4800.0,1.0,,250,,,,,,,,
5.516919623998547,0.0022543924206823718,0.02900390631984919,0.0,0.0,0.008077500000000001,4.0,0.37250000000000005,0.0028429494064766913,0.1496988259255886,0.004051557288039476,1.3482892597949103e-06,8.988218567651529e-07,185101.889,1.0,184183.04932812497,1.6541547093681192e-06,642.4293317970616,4800.0,1.0,,251,,,,,,,,
5.496905514999526,0.006739805823285571,0.05115559920668602,0.0,0.0,0.00803,4.0,0.37,-0.0007241459912620485,0.14946464821696281,0.000475519010797143,1.3391847303978466e-06,8.053274228814189e-07,185152.96900000004,1.0,184279.99809374998,1.6541547093681192e-06,588.0555893803407,4800.0,1.0,,252,,,,,,,,
5.430056963999959,0.005012455161975992,0.04332682304084301,0.0,0.0,0.007982500000000002,4.0,0.36750000000000005,0.0016081639390904457,0.1524753525853157,0.0028235671110451222,4.111028974307373e-06,2.6400360809475386e-06,184915.65199999997,1.0,183743.18224999998,1.6541547093681192e-06,713.8955930010887,4800.0,1.0,,253,,,,,,,,
5.413400045999879,0.004511918649080115,0.04414062527939677,0.0,0.0,0.007935000000000001,4.0,0.365,0.001307905398425646,0.15247519239783286,0.002516140870284289,7.677829384533651e-06,1.7747632782061372e-06,184988.40899999999,1.0,184135.92825,1.6541547093681192e-06,666.5133148799422,4800.0,1.0,,254,,,,,,,,
5.404153213999962,0.004137599427535932,0.044775390764698386,0.0,0.0,0.007887500000000002,4.0,0.36250000000000004,0.0032780838489998134,0.14932745546102524,0.004454970452934503,4.570108887946844e-06,9.538184613688827e-07,185061.349,1.0,184173.607875,1.6541547093681192e-06,587.1282054914193,4800.0,1.0,,255,,,,,,,,
5.406139588001679,0.0023999199089709045,0.029589843819849193,0.0,0.0,0.00784,4.0,0.36,0.00019505799864418804,0.1491174589842558,0.0013635162496939302,1.344171894857027e-06,9.755927976584644e-07,185168.578,1.0,184136.7946875,1.6541547093681192e-06,692.9669052955342,4800.0,1.0,,256,,,,,,,,
5.455602235000697,0.007838689525475928,0.07841796912252903,0.0,0.0,0.007792500000000001,4.0,0.35750000000000004,4.1331932879984376e-05,0.14622332230210305,0.0011802730849012732,1.0230576933167867e-06,8.029234422224362e-07,185101.621,1.0,184221.122640625,1.6541547093681192e-06,564.6915232791764,4800.0,1.0,,257,,,,,,,,
5.353684350997355,0.003210566846156304,0.040576172061264515,0.0,0.0,0.007745,4.0,0.355,-0.006818647077307105,0.15065827257931233,-0.005652399605605751,1.274998228950608e-06,9.472857414039026e-07,185028.141,1.0,184067.65621875,1.6541547093681192e-06,685.8918093863581,4800.0,1.0,,258,,,,,,,,
5.451214352000534,0.003268995670008934,0.033496093843132256,0.0,0.0,0.007697500000000001,4.0,0.35250000000000004,-0.0011440509813837707,0.15674395635724067,6.192716537043453e-05,1.2087827343520985e-06,8.745696874257192e-07,185068.312,1.0,183888.43446874997,1.6541547093681192e-06,599.3041013150947,4800.0,1.0,,259,,,,,,,,
5.421788802999799,0.003414542978028301,0.04098307304084301,0.0,0.0,0.0076500000000000005,4.0,0.35,-0.000808952160878107,0.15964871644973755,0.00041180378757417203,1.1850097948240545e-06,8.7605368861432e-07,184917.479,1.0,184034.567265625,1.6541547093681192e-06,576.2743600625563,4800.0,1.0,,260,185179.34100000001,184973.631,183562.17399999997,70000042,184097.61186666664,best_of_k,184973.631,506.5269330751439
5.419144932999188,0.0022992580285324136,0.028662109421566127,0.0,0.0,0.007602500000000002,4.0,0.34750000000000003,0.0009153400882496498,0.15525174215435983,0.0020951352897100152,1.0189334005872297e-06,8.101435795992983e-07,185079.109,1.0,184265.57907812498,1.6541547093681192e-06,597.8285958158123,4800.0,1.0,,261,,,,,,,,
5.456112466999912,0.003169323333005636,0.041308593843132256,0.0,0.0,0.007555000000000001,4.0,0.345,-0.0024043380399234593,0.15419937036931514,-0.0012399437953718006,1.2226733417719514e-06,9.199742635246366e-07,185060.12099999998,1.0,183979.557359375,1.6541547093681192e-06,652.1061258668484,4800.0,1.0,,262,,,,,,,,
5.357742279000377,0.003588941474323448,0.03943684902042151,0.0,0.0,0.007507500000000002,4.0,0.3425,0.00014861721720080823,0.15454776287078859,0.001308209798298776,1.2942812489313837e-06,1.0888963714705824e-06,185068.513,1.0,183979.535828125,1.6541547093681192e-06,610.9007402232367,4800.0,1.0,,263,,,,,,,,
5.396691586000088,0.0033328097579181206,0.036751302098855375,0.0,0.0,0.00746,4.0,0.33999999999999997,-0.0032019415084505454,0.15251945033669473,-0.0020650261314585803,2.1713040638360324e-06,1.3250335499037647e-06,185096.37099999998,1.0,184135.550671875,1.6541547093681192e-06,638.5400927369882,4800.0,1.0,,264,,,,,,,,
5.293739835000451,0.002827042506722677,0.029638671921566127,0.0,0.0,0.007412500000000001,4.0,0.3375,-0.0035106952302157877,0.15560112483799457,-0.002357861492782831,1.1674170110609339e-06,8.854095412402785e-07,184992.657,1.0,184001.3335,1.6541547093681192e-06,657.3369715346689,4800.0,1.0,,265,,,,,,,,
5.329828981000901,0.00547766033604562,0.04160156256984919,0.0,0.0,0.007365,4.0,0.33499999999999996,0.0011596302399993874,0.15374069213867186,0.0022912316722795366,1.4642186926039357e-06,1.1049355947534423e-06,185090.58099999995,1.0,183880.90175,1.6541547093681192e-06,786.0641216805783,4800.0,1.0,,266,,,,,,,,
4.758903886002372,0.016036031545286634,0.08600260424427689,0.0,1.0,0.007317500000000001,2.0,0.3325,0.004681589058600366,0.15252458304166794,0.005797264957800507,8.033013642716469e-07,6.829449432643742e-07,185109.271,1.0,183847.21031249998,1.6541547093681192e-06,433.2236699344063,4800.0,1.0,,267,,,,,,,,
5.507557015000202,0.006617742934156468,0.065869140625,0.0,0.0,0.00727,4.0,0.32999999999999996,0.004645098769105971,0.15815552286803722,0.005794213118497283,1.3316566452203915e-06,1.0859026943421669e-06,185077.849,1.0,183906.88540625002,1.6541547093681192e-06,773.6032708754404,4800.0,1.0,,268,,,,,,,,
5.312944524001068,0.0036346909222141122,0.03745117206126451,0.0,0.0,0.0072225000000000015,4.0,0.3275,-0.000814614025875926,0.15621378533542157,0.0003130705561488867,1.1145211587404446e-06,9.156523077535894e-07,185062.203,1.0,183978.61478124998,1.6541547093681192e-06,677.812269025605,4800.0,1.0,,269,,,,,,,,
5.387012209001114,0.005171899942619973,0.0496419272152707,0.0,0.0,0.007174999999999999,4.0,0.32499999999999996,-0.0006408040761016309,0.16005085408687592,0.0005069559963885694,1.1742748498022593e-06,9.749743369980024e-07,185074.963,1.0,184175.56909375,1.6541547093681192e-06,714.2036157405823,4800.0,1.0,,270,,,,,,,,
5.330964590000804,0.004735946844615135,0.04104817733168602,0.0,0.0,0.0071275,4.0,0.3225,-0.0001695226354058832,0.153044680505991,0.0009207996306940913,9.844500411304579e-07,8.114136917924952e-07,185040.33899999998,1.0,184106.88228125,1.6541547093681192e-06,631.6677837764937,4800.0,1.0,,271,,,,,,,,
5.4888987409976835,0.00437228440027404,0.05379231795668602,0.0,0.0,0.0070799999999999995,4.0,0.31999999999999995,0.0013470310252159834,0.1540360514074564,0.00243706067558378,1.1121745075115542e-06,8.683973561574021e-07,185032.689,1.0,183933.562734375,1.6541547093681192e-06,646.9089647156237,4800.0,1.0,,272,,,,,,,,
5.400500550000288,0.003161632055943464,0.03811848961049691,0.0,0.0,0.0070325000000000006,4.0,0.3175,-0.0012667771516134962,0.1535107858479023,-0.00018791870679706334,1.3986540693622374e-06,1.1330532316833342e-06,185102.603,1.0,184193.76667187497,1.6541547093681192e-06,789.482653738669,4800.0,1.0,,273,,,,,,,,
5.431721920002019,0.0020871460455582636,0.024609375093132258,0.0,0.0,0.006985,4.0,0.31499999999999995,-0.004663463341421448,0.15752785839140415,-0.003563697752542794,1.0784286345710826e-06,9.181082674558638e-07,185107.576,1.0,184263.74453124998,1.6541547093681192e-06,651.0017010615397,4800.0,1.0,,274,,,,,,,,
5.341913598000247,0.003086249678641373,0.03199869804084301,0.0,0.0,0.006937500000000001,4.0,0.3125,-0.002032745914766565,0.15411858297884465,-0.0009643484139814973,1.6353409833413934e-06,1.2728629201319564e-06,185056.09699999998,1.0,184273.38103125,1.6541547093681192e-06,638.3891569265062,4800.0,1.0,,275,,,,,,,,
5.386612195001362,0.002116357044305417,0.02291666673263535,0.0,0.0,0.006890000000000002,4.0,0.31000000000000005,-0.002975914685521275,0.14894103780388832,-0.0019508718512952327,2.6788400177224504e-06,1.7860424094351402e-06,185181.069,1.0,184421.6945625,1.6541547093681192e-06,585.0774074306003,4800.0,1.0,,276,,,,,,,,
5.402742260001105,0.0027024349884872123,0.031656901072710755,0.0,0.0,0.006842500000000001,4.0,0.3075,-0.004140492444275878,0.14734178259968758,-0.0031328254844993353,9.79871150263989e-07,8.433890386072562e-07,185151.50899999996,1.0,184185.1096875,1.6541547093681192e-06,676.943738031567,4800.0,1.0,,277,,,,,,,,
5.409576270001708,0.00367960215639247,0.044124349020421505,0.0,0.0,0.006795000000000002,4.0,0.30500000000000005,-0.002219436388986651,0.14396467059850693,-0.0012417291989549994,9.822057975839016e-07,8.694045149582052e-07,185124.81399999998,1.0,184331.18909375,1.6541547093681192e-06,678.0536442530906,4800.0,1.0,,278,,,,,,,,
5.5100899589997425,0.005720834390525198,0.03478190125897527,0.0,0.0,0.0067475,4.0,0.3025,-0.001799260354891885,0.14618983827531337,-0.0008138934383168817,2.6801060471370876e-06,1.5621838969082091e-06,185041.589,1.0,184073.20953125,1.6541547093681192e-06,865.5348841231918,4800.0,1.0,,279,,,,,,,,
5.413442827000836,0.004361236885103992,0.04733072919771075,0.0,0.0,0.006700000000000001,4.0,0.30000000000000004,0.00033431177726015446,0.15404025688767434,0.0013659261632710696,8.410134483938237e-07,7.428754585703246e-07,185065.401,1.0,184150.64054687496,1.6541547093681192e-06,558.965934174992,4800.0,1.0,,280,185181.069,185056.949,183850.31,70000042,184280.87849999996,best_of_k,185056.949,771.2177146576629
5.360937741999805,0.005177458257056955,0.05279947926755994,0.0,0.0,0.0066525,4.0,0.2975,0.006920601095771417,0.15295919440686703,0.007937629404477776,9.72117118180904e-07,8.709308644938574e-07,185133.29700000002,1.0,184213.253671875,1.6541547093681192e-06,668.3742779591446,4800.0,1.0,,281,,,,,,,,
5.4025977550008975,0.002754485249482741,0.026269531331490726,0.0,0.0,0.0066050000000000015,4.0,0.29500000000000004,0.0007207155940704979,0.15401395447552205,0.0017375125404214486,9.060801104965321e-07,7.497728432781514e-07,185006.444,1.0,184163.5249375,1.6541547093681192e-06,622.0088909299722,4800.0,1.0,,282,,,,,,,,
5.361658910998813,0.003935863752892743,0.03404947929084301,0.0,0.0,0.006557500000000001,4.0,0.2925,-0.00011388654529582709,0.15155892707407476,0.000879582145716995,7.575112149993401e-07,6.057260165448497e-07,185088.809,1.0,184187.21740624998,1.6541547093681192e-06,487.5057739884559,4800.0,1.0,,283,,,,,,,,
5.424253676002991,0.004653262045179574,0.04132486996240914,0.0,0.0,0.006510000000000002,4.0,0.29000000000000004,1.0740579455159605e-05,0.15601155944168568,0.0010258652851916849,1.2450646238448826e-06,7.720166124158823e-07,185135.58999999997,1.0,184043.710078125,1.6541547093681192e-06,651.1742314604938,4800.0,1.0,,284,,,,,,,,
5.371189571000286,0.007663519036687649,0.06391601571813225,0.0,0.0,0.0064624999999999995,4.0,0.2875,0.003646807567565702,0.15167826116085054,0.00462634009309113,1.4672564930151566e-06,1.0819623312841031e-06,185109.90899999999,1.0,184302.851671875,1.6541547093681192e-06,683.459705197391,4800.0,1.0,,285,,,,,,,,
5.453444688999298,0.0037268863714004395,0.04086914084618911,0.0,0.0,0.0064150000000000006,4.0,0.28500000000000003,0.0020689641576609576,0.1506077915430069,0.0030344417435117068,1.3890527995386036e-06,1.0644294988537694e-06,185163.216,1.0,184428.18048437499,1.6541547093681192e-06,681.6636226781852,4800.0,1.0,,286,,,,,,,,
5.289844521001214,0.0029049833594543273,0.037272135447710755,0.0,0.0,0.0063675,4.0,0.2825,-0.003694760048529133,0.14692796245217324,-0.0027598113112617282,1.233502337072423e-06,9.829098715385953e-07,185107.75699999995,1.0,184186.80746875,1.6541547093681192e-06,731.7429228685146,4800.0,1.0,,287,,,,,,,,
5.371934037000756,0.004354157578077533,0.041162109561264516,0.0,0.0,0.006320000000000001,4.0,0.28,0.0009292724003898911,0.14841813109815122,0.0018665819972738973,1.3724127938985475e-06,1.1113442965893228e-06,185078.517,1.0,184271.975984375,1.6541547093681192e-06,809.5473168920817,4800.0,1.0,,288,,,,,,,,
5.315913011003431,0.004796869471824649,0.05166015634313226,0.0,0.0,0.0062725,4.0,0.27749999999999997,0.0024594619651907125,0.14495211280882359,0.0033680808963254096,1.1137535295802082e-06,9.631626696204876e-07,185094.50299999997,1.0,184304.47757812496,1.6541547093681192e-06,692.1044004815063,4800.0,1.0,,289,,,,,,,,
5.454538939000486,0.00540702097051522,0.05310872411355376,0.0,0.0,0.006225000000000001,4.0,0.275,-0.002952209411887452,0.14799738377332688,-0.002031432231888175,9.069416250895302e-07,8.321841846736788e-07,185070.62500000003,1.0,184353.77245312498,1.6541547093681192e-06,694.9324995035457,4800.0,1.0,,290,,,,,,,,
5.306941642000311,0.00660347726982966,0.06201171884313226,0.0,0.0,0.006177500000000001,4.0,0.27249999999999996,0.0011193448983249255,0.14685119837522506,0.0020259579876437785,1.055333086696919e-06,9.086339275654609e-07,185088.56900000002,1.0,184205.942046875,1.6541547093681192e-06,660.0473073512486,4800.0,1.0,,291,,,,,,,,
5.564904687998933,0.003839837398957613,0.03847656263969838,0.0,0.0,0.006130000000000002,4.0,0.27,0.002257826853019651,0.14161477461457253,0.00312517688726075,1.9659271018213078e-06,1.1029423987451992e-06,185069.445,1.0,184221.96209375,1.6541547093681192e-06,680.6548535173399,4800.0,1.0,,292,,,,,,,,
5.311104955999326,0.003819527769282871,0.037158203311264515,0.0,0.0,0.006082499999999999,4.0,0.26749999999999996,-0.0030106306658126414,0.14159481450915337,-0.0021500759467016906,1.401703852366154e-06,1.1094496471741878e-06,185060.025,1.0,184230.420265625,1.6541547093681192e-06,805.187586776991,4800.0,1.0,,293,,,,,,,,
5.336544493999099,0.00322525166912353,0.03583984379656613,0.0,0.0,0.006035,4.0,0.265,0.0003169002229697071,0.14171001147478818,0.0011713359854184091,2.0837708859744453e-06,1.1507314567893445e-06,185061.80900000004,1.0,184220.654671875,1.6541547093681192e-06,808.3306879515658,4800.0,1.0,,294,,,,,,,,
5.33286599100029,0.0031757993570952435,0.037890625186264515,0.0,0.0,0.0059875,4.0,0.26249999999999996,6.573679274879396e-06,0.14046281781047582,0.0008455559844151139,9.944829648134145e-06,2.087883302692717e-06,185068.21,1.0,184214.40932812498,1.6541547093681192e-06,704.9633154658644,4800.0,1.0,,295,,,,,,,,
5.373427308000828,0.004105220329174842,0.03723958338377997,0.0,0.0,0.005940000000000001,4.0,0.26,-0.0019113335409201681,0.14086591862142087,-0.0010775675997138023,1.3863989849483005e-05,3.182764993425735e-06,185086.93699999998,1.0,184310.57684374996,1.6541547093681192e-06,604.5486693724057,4800.0,1.0,,296,,,,,,,,
5.438061599998036,0.004386961489650431,0.05071614608168602,0.0,0.0,0.0058925,4.0,0.25749999999999995,-0.003679482104780618,0.14201694130897521,-0.00284728534752503,2.6017710689529848e-05,4.071651108006335e-06,185055.44499999998,1.0,184245.545265625,1.6541547093681192e-06,632.3707243997637,4800.0,1.0,,297,,,,,,,,
5.498623473002226,0.004165182911524212,0.0472981772152707,0.0,0.0,0.005845000000000001,4.0,0.255,-2.378836361458525e-05,0.14349678568542004,0.0008142479811795056,1.7973213772393138e-06,1.0456547101966862e-06,185104.148,1.0,184381.4626875,1.6541547093681192e-06,563.6281446586667,4800.0,1.0,,298,,,,,,,,
5.445058031000372,0.0031589727271210677,0.03834635424427688,0.0,0.0,0.005797500000000001,4.0,0.25249999999999995,-0.004389877046924085,0.1438472382724285,-0.0035565820056945086,1.3551862110716683e-06,1.047138066212483e-06,185017.274,1.0,184251.22373437497,1.6541547093681192e-06,549.5972702303321,4800.0,1.0,,299,,,,,,,,
5.28727842599983,0.0039224321622723934,0.04179687504656613,0.0,0.0,0.005750000000000002,4.0,0.25,-0.002361994190141559,0.13955982495099306,-0.0015601340448483825,1.821063293050429e-06,8.528196218549055e-07,185053.18499999997,1.0,184324.81826562498,1.6541547093681192e-06,518.8724435407455,4800.0,1.0,,300,185181.069,184916.482,183394.65600000002,70000042,184281.22583333336,best_of_k,184916.482,450.3737489481462
5.375617359000898,0.00712220844439333,0.06520182322710752,0.0,0.0,0.005702500000000001,4.0,0.24750000000000005,-0.005094381883100141,0.1457239530980587,-0.004263753036502749,7.162182654951721e-07,5.810228515201743e-07,185087.057,1.0,184262.961765625,1.6541547093681192e-06,453.0373155483696,4800.0,1.0,,301,,,,,,,,
5.326979959998425,0.0026497839795467824,0.032405599020421505,0.0,0.0,0.005655,4.0,0.245,0.0012839856150094419,0.1435853900387883,0.002095366199500859,1.1275749642436495e-06,9.646948228692054e-07,185100.461,1.0,184362.540578125,1.6541547093681192e-06,691.2157704551674,4800.0,1.0,,302,,,,,,,,
5.25818736599831,0.004381125138802488,0.0474446615553461,0.0,0.0,0.005607500000000001,4.0,0.24250000000000005,-0.00513233279925771,0.1451095324009657,-0.0043193085584789515,1.3129076194218215e-06,1.091600913127877e-06,185007.093,1.0,183991.83006249997,1.6541547093681192e-06,725.2342188648469,4800.0,1.0,,303,,,,,,,,
5.44403175700063,0.006859067723774004,0.05291341154370457,0.0,0.0,0.005560000000000001,4.0,0.24,-0.0015591882111039013,0.1380090318620205,-0.0007925063584480086,1.2089707354334679e-06,1.0544205736096045e-06,185079.46300000002,1.0,184301.14603124998,1.6541547093681192e-06,769.4991853441701,4800.0,1.0,,304,,,,,,,,
5.400723246999405,0.0029756817835753678,0.03743489590706304,0.0,0.0,0.005512500000000002,4.0,0.23750000000000004,0.001145297900075093,0.1353371698409319,0.0018908545142039656,8.616765128977022e-07,8.069621372897018e-07,185084.513,1.0,184297.39218749997,1.6541547093681192e-06,635.8070998972698,4800.0,1.0,,305,,,,,,,,
5.416706944997713,0.003944088604352203,0.04335937509313226,0.0,0.0,0.005465000000000001,4.0,0.235,-0.003674737121036742,0.13631474785506725,-0.0029303396819159388,1.0116747077404398e-06,9.228072045175395e-07,185089.59,1.0,184359.57665625,1.6541547093681192e-06,711.6831338397524,4800.0,1.0,,306,,,,,,,,
5.388081876997603,0.0038446694496396816,0.044954427238553765,0.0,0.0,0.005417500000000002,4.0,0.23250000000000004,0.0006242766277864576,0.1317190945148468,0.0013375231763347983,6.215090991190663e-07,5.593779576429369e-07,185035.07899999997,1.0,184433.24114062497,1.6541547093681192e-06,466.1556625365269,4800.0,1.0,,307,,,,,,,,
5.478799264001282,0.004683788007287149,0.0492838543606922,0.0,0.0,0.00537,4.0,0.22999999999999998,-0.003011607455846388,0.13968576155602933,-0.0022620117757469415,9.488244188560202e-07,8.442566837629784e-07,185066.85199999998,1.0,184335.23450000002,1.6541547093681192e-06,672.273008392195,4800.0,1.0,,308,,,,,,,,
5.394641645001684,0.0017575585238886581,0.02127278649713844,0.0,0.0,0.005322500000000001,4.0,0.22750000000000004,0.002060875404276885,0.13651838395744562,0.002787145582260564,5.997717039463169e-07,5.779894287627485e-07,185077.62,1.0,184390.370234375,1.6541547093681192e-06,494.7262837519587,4800.0,1.0,,309,,,,,,,,
5.420135117998143,0.006707981202645019,0.061181640811264516,0.0,0.0,0.005275,4.0,0.22499999999999998,0.004103747848421335,0.13989777378737928,0.004841296700760722,7.739259302752543e-07,6.700119783431546e-07,185079.57599999997,1.0,184306.95299999998,1.6541547093681192e-06,551.3481656592144,4800.0,1.0,,310,,,,,,,,
5.349244254000951,0.003983343246813309,0.04729817716870457,0.0,0.0,0.005227500000000001,4.0,0.22250000000000003,0.0010970696952426807,0.1362622806802392,0.001808486762456596,1.9388324005831235e-06,1.3999276433196429e-06,185112.32099999997,1.0,184244.98534374998,1.6541547093681192e-06,795.248301774714,4800.0,1.0,,311,,,,,,,,
5.400378746002389,0.0033138313608336743,0.033121744950767605,0.0,0.0,0.005180000000000001,4.0,0.21999999999999997,0.003474020544672385,0.12809268459677697,0.0041369088925421234,1.6762301655148804e-06,9.278180982619233e-07,185120.685,1.0,184443.884625,1.6541547093681192e-06,607.6320388551784,4800.0,1.0,,312,,,,,,,,
5.323488289999659,0.0054030313888855375,0.05403645834885538,0.0,0.0,0.005132500000000002,4.0,0.21750000000000003,0.00320631105278153,0.13058652132749557,0.003875982970930636,9.031640985313061e-07,9.472053321246677e-07,185105.49299999996,1.0,184489.00782812497,1.6541547093681192e-06,560.1432261545527,4800.0,1.0,,313,,,,,,,,
5.365880977999041,0.003294858014725577,0.039062500046566126,0.0,0.0,0.005085000000000001,4.0,0.21499999999999997,0.0006197216571308672,0.12699730060994624,0.0012650713906623423,7.372118894011237e-07,7.151322847676056e-07,185105.473,1.0,184506.78789062498,1.6541547093681192e-06,481.7561671910402,4800.0,1.0,,314,,,,,,,,
5.449407849999261,0.0035833789551420027,0.042106119869276884,0.0,0.0,0.005037500000000002,4.0,0.21250000000000002,0.00018205768428742887,0.12529379986226558,0.0008128676563501358,5.75169254091179e-07,5.994656802954524e-07,185089.545,1.0,184400.99343749997,1.6541547093681192e-06,489.91660496953267,4800.0,1.0,,315,,,,,,,,
5.421616137999081,0.0020871421988879037,0.0231770834303461,0.0,0.0,0.00499,4.0,0.20999999999999996,-0.0015553459292277695,0.11736523266881704,-0.0009700885158963502,8.750237697086049e-07,6.146098726844684e-07,185094.40100000004,1.0,184591.34935937502,1.6541547093681192e-06,553.0151124219881,4800.0,1.0,,316,,,,,,,,
5.438175135997881,0.004300137738963805,0.04523111985763535,0.0,0.0,0.004942500000000001,4.0,0.20750000000000002,-0.0003889551968313754,0.11795312557369471,0.00019359765574336051,9.358955026073091e-07,6.7384996640385e-07,185104.417,1.0,184477.363203125,1.6541547093681192e-06,603.2489858856068,4800.0,1.0,,317,,,,,,,,
5.391960811000899,0.001974938017845851,0.023828125011641534,0.0,0.0,0.004895,4.0,0.20499999999999996,-0.0032945276179816574,0.1134449316188693,-0.002739543083589524,6.126414263007973e-07,5.344966936604578e-07,185134.87300000002,1.0,184649.918,1.6541547093681192e-06,510.42196373405284,4800.0,1.0,,318,,,,,,,,
5.408224750997761,0.0026826203447010144,0.027457682334352286,0.0,0.0,0.004847500000000001,4.0,0.2025,0.0024836335054715165,0.11155290864408016,0.0030240619089454412,6.021522814592118e-07,5.289052872115008e-07,185104.55299999999,1.0,184741.30665624997,1.6541547093681192e-06,430.41739179876254,4800.0,1.0,,319,,,,,,,,
5.325137576000998,0.00426154862917727,0.04495442733168602,0.0,0.0,0.0048000000000000004,4.0,0.19999999999999996,0.002136668609455228,0.11261439453810454,0.002674430655315518,6.282318746286819e-06,4.31862873853106e-06,185094.969,1.0,184491.755421875,1.6541547093681192e-06,603.9767472911271,4800.0,1.0,,320,185181.069,185074.13700000002,184032.57700000002,70000042,184616.5909333333,best_of_k,185074.13700000002,484.9192404772829
5.40028539800187,0.003058401651856002,0.03782552098855376,0.0,0.0,0.0047525000000000015,4.0,0.1975,-0.0031484403560170906,0.11422605831176043,-0.002609815134201199,1.7237168118811042e-05,5.020803577338029e-06,185087.46,1.0,184566.49465625,1.6541547093681192e-06,506.7205654959536,4800.0,1.0,,321,,,,,,,,
5.446094901999459,0.005331415498775627,0.056852213805541396,0.0,0.0,0.004704999999999999,4.0,0.19499999999999995,0.002834373751829844,0.11521789729595185,0.0033689874020637945,3.7712695018399245e-05,7.430665547758508e-06,185062.46099999998,1.0,184441.90146874997,1.6541547093681192e-06,550.7026955780881,4800.0,1.0,,322,,,,,,,,
5.3619344319995434,0.0033987960886463497,0.039013671968132255,0.0,0.0,0.0046575,4.0,0.1925,0.002366515912581235,0.12011854182928801,0.00292400112375617,9.102844217068196e-06,2.1124866833588385e-06,185135.07199999996,1.0,184622.017015625,1.6541547093681192e-06,598.18002650714,4800.0,1.0,,323,,,,,,,,
5.369732962997659,0.002111725806984666,0.02765299491584301,0.0,0.0,0.0046099999999999995,4.0,0.18999999999999995,-0.002900870318990201,0.12773519922047855,-0.0023127691936679186,2.222449359123857e-06,1.0703818418278388e-06,185067.32,1.0,184415.06434375,1.6541547093681192e-06,640.6152399324161,4800.0,1.0,,324,,,,,,,,
5.59046241499891,0.003898698417435753,0.04165039070649072,0.0,0.0,0.004562500000000001,4.0,0.1875,-0.00017305241781286895,0.12314114887267351,0.00038820463232696055,9.700394969058835e-07,9.542039364873745e-07,185112.953,1.0,184528.865296875,1.6541547093681192e-06,635.1327296068661,4800.0,1.0,,325,,,,,,,,
5.388082192002912,0.002669416098746957,0.033203125046566126,0.0,0.0,0.004515000000000002,4.0,0.18500000000000005,-0.0004000266737421043,0.11816236134618521,0.0001329985912889242,1.0289589994272318e-06,7.506710900884172e-07,185120.06100000002,1.0,184676.04174999997,1.6541547093681192e-06,507.07239135533115,4800.0,1.0,,326,,,,,,,,
5.4738499949999095,0.005649139077907072,0.049739583395421505,0.0,0.0,0.004467500000000001,4.0,0.1825,0.0001043809694238007,0.12197651155292988,0.0006488318205811084,8.798723172276368e-07,7.828322992509129e-07,185077.385,1.0,184473.17009375,1.6541547093681192e-06,661.5270303900045,4800.0,1.0,,327,,,,,,,,
5.437400538001384,0.002242285441748493,0.025732421909924596,0.0,0.0,0.004420000000000002,4.0,0.18000000000000005,-0.005539772484917193,0.1231869550421834,-0.004995599761605263,5.66611932839578e-07,5.134621815727769e-07,185113.545,1.0,184701.98006250002,1.6541547093681192e-06,472.2730461552388,4800.0,1.0,,328,,,,,,,,
5.324605674999475,0.0025919023146602884,0.024918619869276883,0.0,0.0,0.004372500000000001,4.0,0.1775,0.0002655220567248762,0.1275067001581192,0.0008223824435845018,1.2632799808898198e-06,1.073006021101719e-06,185092.42000000004,1.0,184267.141828125,1.6541547093681192e-06,794.3447277063248,4800.0,1.0,,329,,,,,,,,
5.362577580999641,0.003490774453000256,0.032177734398283066,0.0,0.0,0.0043250000000000025,4.0,0.17500000000000004,0.0004068572176038288,0.12879656348377466,0.0009632856352254748,1.165149939197363e-06,1.000464460787498e-06,185113.432,1.0,184284.39290625,1.6541547093681192e-06,799.4294805675288,4800.0,1.0,,330,,,,,,,,
5.31083051600217,0.0034613831634793257,0.039404297014698386,0.0,0.0,0.0042775,4.0,0.1725,0.0021017718012444676,0.12564836740493773,0.0026385597106127535,1.272037980015739e-06,1.0917627648154849e-06,185149.02899999995,1.0,184386.60471875,1.6541547093681192e-06,823.7683462747449,4800.0,1.0,,331,,,,,,,,
5.361926458001108,0.0028278208854636945,0.03507486991584301,0.0,0.0,0.004230000000000001,4.0,0.17000000000000004,-0.002450770819268655,0.12145304810255766,-0.0019374376279301941,7.567585797119136e-07,6.749714152931574e-07,185128.932,1.0,184700.36571875,1.6541547093681192e-06,516.0462544070166,4800.0,1.0,,332,,,,,,,,
5.418490214000485,0.0032732084135036034,0.04077148446813226,0.0,0.0,0.004182500000000002,4.0,0.16749999999999998,0.0010844322852790356,0.12348887976258993,0.0016003839438781143,9.490013795243612e-07,8.909675443646848e-07,185137.612,1.0,184426.11610937497,1.6541547093681192e-06,740.0086207608317,4800.0,1.0,,333,,,,,,,,
5.335500567998679,0.004107679410605769,0.04262695314828306,0.0,0.0,0.004135,4.0,0.16500000000000004,-0.0021127862361026927,0.11911501288414002,-0.001620713761076331,8.252743086245573e-07,7.703892521249145e-07,185153.61699999997,1.0,184495.01878125,1.6541547093681192e-06,669.4731854956835,4800.0,1.0,,334,,,,,,,,
5.377208568999777,0.002280138976863988,0.02509765625,0.0,0.0,0.004087500000000001,4.0,0.16249999999999998,0.001977166993310675,0.11956941690295934,0.002465281169861555,1.1579924318994018e-06,1.019366179377812e-06,185160.533,1.0,184436.5053125,1.6541547093681192e-06,795.3831870182346,4800.0,1.0,,335,,,,,,,,
5.285343094001291,0.0031650308830606377,0.033675130410119894,0.0,0.0,0.004040000000000002,4.0,0.16000000000000003,-8.192301320377737e-05,0.11712384410202503,0.0003906412865035236,1.171911897301925e-06,9.98115565664648e-07,185181.45299999998,1.0,184571.37795312502,1.6541547093681192e-06,683.1321617603621,4800.0,1.0,,336,,,,,,,,
5.341772972999024,0.0024712053613107797,0.026708984561264516,0.0,0.0,0.0039924999999999995,4.0,0.15749999999999997,-0.004786876446451061,0.11793134808540344,-0.004316500574350357,8.808813348082367e-07,7.545329211211538e-07,185177.677,1.0,184644.396703125,1.6541547093681192e-06,656.6087997729726,4800.0,1.0,,337,,,,,,,,
4.688237729998946,0.014078966026708172,0.039876302145421504,0.0,1.0,0.003945000000000001,2.0,0.15500000000000003,0.006208534468896687,0.11868678219616413,0.006676396820694208,1.2840930011748243e-06,4.563884147046338e-07,185145.84200000003,1.0,184662.95834374998,1.6541547093681192e-06,345.59278695838464,4800.0,1.0,,338,,,,,,,,
5.342516010998224,0.0032640397607639924,0.03735351575305686,0.0,0.0,0.0038975000000000017,4.0,0.15249999999999997,-0.0011109810046036727,0.12344853337854148,-0.0006304075010120869,1.027191100888558e-06,9.287874533470131e-07,185151.177,1.0,184406.68773437498,1.6541547093681192e-06,768.6521574037771,4800.0,1.0,,339,,,,,,,,
5.316008185000101,0.002631521494808986,0.027441406389698386,0.0,0.0,0.0038500000000000027,4.0,0.15000000000000002,-0.006194282919750549,0.12017582338303327,-0.00573204590473324,7.971367310233291e-07,7.208445140349796e-07,185120.81800000003,1.0,184490.820828125,1.6541547093681192e-06,664.051550959959,4800.0,1.0,,340,185181.45299999998,185155.837,185060.719,70000042,184632.21093333338,best_of_k,185155.837,575.139731673907
5.4132858970006055,0.0026134937967436044,0.03331705739255995,0.0,0.0,0.0038025000000000003,4.0,0.14749999999999996,-0.004058914549386827,0.11945966072380543,-0.0036051102681085466,8.127958381010103e-07,7.200208983704215e-07,185157.46099999998,1.0,184517.37221875,1.6541547093681192e-06,645.3312958616118,4800.0,1.0,,341,,,,,,,,
5.378691764002724,0.0016591735495628868,0.018033854220993815,0.0,0.0,0.0037550000000000014,4.0,0.14500000000000002,0.0050471567890781445,0.1215856010094285,0.005503335501998663,6.803225986118377e-07,6.143897323340752e-07,185178.76499999998,1.0,184665.91459375,1.6541547093681192e-06,584.4466330819909,4800.0,1.0,,342,,,,,,,,
5.385934519999864,0.0019507979996131297,0.02574869793606922,0.0,0.0,0.003707499999999999,4.0,0.14249999999999996,0.0009749184071552008,0.1238504059612751,0.0014336708700284362,7.65513891565206e-07,6.926129387352376e-07,185153.361,1.0,184704.601328125,1.6541547093681192e-06,574.7296171716339,4800.0,1.0,,343,,,,,,,,
5.364656294001179,0.00332128471643216,0.038248698227107525,0.0,0.0,0.00366,4.0,0.14,-0.0020517455297522245,0.12286566235125065,-0.0016024405602365732,6.982640705643917e-07,6.271314447303667e-07,185127.785,1.0,184702.84603124997,1.6541547093681192e-06,436.05111278997714,4800.0,1.0,,344,,,,,,,,
5.408147381000163,0.00536128224683754,0.047949218889698386,0.0,0.0,0.003612500000000001,4.0,0.13749999999999996,-0.0010370749980211258,0.12013219222426415,-0.000603348488220945,4.0064063568934214e-07,4.219720409537331e-07,185167.613,1.0,184726.529265625,1.6541547093681192e-06,385.10125856622494,4800.0,1.0,,345,,,,,,,,
5.359286999999313,0.002827953568652397,0.037841796944849196,0.0,0.0,0.003565000000000002,4.0,0.135,-0.0038424954109359533,0.12174663729965687,-0.0034088235348463058,6.204274484389316e-07,5.854591080378669e-07,185125.233,1.0,184611.7018125,1.6541547093681192e-06,559.7217814273856,4800.0,1.0,,346,,,,,,,,
5.365163656002551,0.0020067101729393856,0.022721354244276883,0.0,0.0,0.0035175,4.0,0.13249999999999995,-0.005429585272213444,0.11969119627028704,-0.005008957791142165,6.723491523530356e-07,6.373122332092862e-07,185147.248,1.0,184625.55145312502,1.6541547093681192e-06,595.5599507438067,4800.0,1.0,,347,,,,,,,,
5.3569934890001605,0.0030352520684299835,0.03776041679084301,0.0,0.0,0.003470000000000001,4.0,0.13,8.410130540141836e-05,0.1193322878330946,0.0004979036049917341,4.7605665542960196e-07,4.6576812309240265e-07,185157.129,1.0,184740.36943750002,1.6541547093681192e-06,439.09155718667904,4800.0,1.0,,348,,,,,,,,
5.325537076001638,0.002659844024552882,0.02781575524713844,0.0,0.0,0.0034224999999999985,4.0,0.12749999999999995,-0.0008406808134168387,0.11940592397004365,-0.0004323830362409353,5.855298297774425e-07,6.207114068956799e-07,185119.62500000003,1.0,184619.54634374997,1.6541547093681192e-06,552.5576315923778,4800.0,1.0,,349,,,,,,,,
5.360515992000728,0.0027553839026342787,0.03894856786355376,0.0,0.0,0.0033749999999999995,4.0,0.125,-0.0005331468069925904,0.12095643114298582,-0.00012519636657088996,4.698583374818099e-07,4.6099067390059646e-07,185146.125,1.0,184632.413296875,1.6541547093681192e-06,452.5205635509771,4800.0,1.0,,350,,,,,,,,
5.366930551997939,0.001349680012832266,0.016015625011641534,0.0,0.0,0.0033275000000000006,4.0,0.12250000000000005,-0.002458564047992695,0.1219210533425212,-0.002053217659704387,6.098534477416706e-07,5.705627557972548e-07,185135.105,1.0,184662.482171875,1.6541547093681192e-06,524.0493978331672,4800.0,1.0,,351,,,,,,,,
5.32010647199786,0.0022463551782230693,0.02636718759313226,0.0,0.0,0.0032800000000000017,4.0,0.12,-0.0019338390848133713,0.11951904203742743,-0.001542139332741499,5.612979677493968e-07,5.343703435300995e-07,185128.129,1.0,184609.565140625,1.6541547093681192e-06,493.42046455824146,4800.0,1.0,,352,,,,,,,,
5.257794216002367,0.0014450847922496735,0.015576171956490725,0.0,0.0,0.0032325000000000027,4.0,0.11750000000000005,0.003338363379589282,0.12210884857922792,0.003732689129537903,6.697084458551216e-07,6.490461387897995e-07,185128.97599999997,1.0,184615.688484375,1.6541547093681192e-06,532.984673166592,4800.0,1.0,,353,,,,,,,,
5.331460421999509,0.002153939068530697,0.02498372404370457,0.0,0.0,0.0031850000000000003,4.0,0.11499999999999999,-0.0029524885823775547,0.12096511553972959,-0.0025674512609839438,3.895896028893731e-07,3.947684589888922e-07,185137.41900000002,1.0,184699.081140625,1.6541547093681192e-06,313.69668488993267,4800.0,1.0,,354,,,,,,,,
5.370458142002462,0.0023189763996356305,0.024446614598855377,0.0,0.0,0.0031375000000000014,4.0,0.11250000000000004,-0.001620089999778429,0.120126829482615,-0.0012434060918167233,3.452541939452658e-07,3.5900206540873114e-07,185111.389,1.0,184799.193828125,1.6541547093681192e-06,337.7617809231743,4800.0,1.0,,355,,,,,,,,
5.32737256800101,0.0014830992311832603,0.017382812569849193,0.0,0.0,0.003089999999999999,4.0,0.10999999999999999,0.0010824944532942028,0.1223535906523466,0.0014603703049942852,3.087852547878356e-07,3.31683319387821e-07,185135.55699999997,1.0,184778.24685937498,1.6541547093681192e-06,326.2727393434143,4800.0,1.0,,356,,,,,,,,
5.320891873998335,0.0018908398967264262,0.025797526142559944,0.0,0.0,0.0030425,4.0,0.10750000000000004,-0.007321636012056843,0.1263936400413513,-0.006937548785936087,8.071799499020926e-07,7.690168033036571e-07,185150.66999999998,1.0,184501.21365624998,1.6541547093681192e-06,694.1863986853202,4800.0,1.0,,357,,,,,,,,
5.4744021789992985,0.002989230248748065,0.03108723966870457,0.0,0.0,0.002995000000000001,4.0,0.10499999999999998,-0.0033915660082129762,0.12782426197081803,-0.003009156440384686,7.845558158692256e-07,6.909645534847186e-07,185146.40499999997,1.0,184513.339609375,1.6541547093681192e-06,432.3441437509445,4800.0,1.0,,358,,,,,,,,
5.401063792000059,0.001882702009218562,0.023209635494276883,0.0,0.0,0.002947500000000002,4.0,0.10250000000000004,0.002476004711934365,0.12687680795788764,0.0028492074459791185,1.5521829638487362e-06,1.2235231295676384e-06,185172.24099999995,1.0,184601.1275,1.6541547093681192e-06,574.145874576205,4800.0,1.0,,359,,,,,,,,
5.35495263300254,0.0010113405257524022,0.011816406273283064,0.0,0.0,0.0029,4.0,0.09999999999999998,-0.0006745560640410986,0.12487659677863121,-0.0003133017336949706,2.0402539121278095e-06,1.3676253630023893e-06,185166.33299999996,1.0,184692.193640625,1.6541547093681192e-06,572.7451791388236,4800.0,1.0,,360,185181.45299999998,185121.513,185019.41999999998,70000042,184604.89976666664,best_of_k,185121.513,590.442371778869
5.367552139003237,0.0011086866282109752,0.01232096356106922,0.0,0.0,0.002852500000000001,4.0,0.09750000000000003,-0.0011630083157797345,0.1264184145256877,-0.0008033335558138788,3.064262234886428e-06,1.2553028916784114e-06,185132.656,1.0,184782.58406249998,1.6541547093681192e-06,378.04207943792096,4800.0,1.0,,361,,,,,,,,
5.372897232002288,0.0016675692711910274,0.017106119799427687,0.0,0.0,0.002805000000000002,4.0,0.09499999999999997,0.004144633110263385,0.12785634379833938,0.004502905113622546,7.782719748661293e-07,5.74534465869192e-07,185173.409,1.0,184689.13984375,1.6541547093681192e-06,511.05243766464434,4800.0,1.0,,362,,,,,,,,
5.3485431330009305,0.0013029175318051145,0.015966796944849194,0.0,0.0,0.002757500000000003,4.0,0.09250000000000003,-0.0011587536704610103,0.12247101105749607,-0.0008212906774133444,3.9105568703234896e-07,4.217612612933408e-07,185138.116,1.0,184782.91901562497,1.6541547093681192e-06,394.3798236218661,4800.0,1.0,,363,,,,,,,,
5.367939604999265,0.0010567996472923725,0.010058593773283064,0.0,0.0,0.0027100000000000006,4.0,0.08999999999999997,0.0007849337212974206,0.11999281160533429,0.0011097323847934603,6.177272581453508e-07,6.399587874739155e-07,185210.58100000003,1.0,184774.07429687498,1.6541547093681192e-06,602.661307615508,4800.0,1.0,,364,,,,,,,,
5.336121069998626,0.0014577320991389087,0.01754557292442769,0.0,0.0,0.0026625000000000017,4.0,0.08750000000000002,-0.0016411768578109332,0.11880326624959707,-0.001325252023525536,6.671736173302634e-07,6.435855567588078e-07,185193.893,1.0,184651.234265625,1.6541547093681192e-06,606.090571734649,4800.0,1.0,,365,,,,,,,,
5.373195744003169,0.0014787266444699298,0.017041015659924597,0.0,0.0,0.0026149999999999993,4.0,0.08499999999999996,-0.002418283018778311,0.11945368479937316,-0.0021061492851004006,3.960221775400896e-07,3.967996669018703e-07,185202.542,1.0,184825.62487499998,1.6541547093681192e-06,370.4434881763114,4800.0,1.0,,366,,,,,,,,
5.32370116400125,0.0014624818848837152,0.018863932322710754,0.0,0.0,0.0025675000000000003,4.0,0.08250000000000002,0.0006923004460986703,0.11821338981389999,0.0009955382600310258,4.566071446276965e-07,4.5895122937622543e-07,185170.58499999996,1.0,184809.66175,1.6541547093681192e-06,471.63304623562743,4800.0,1.0,,367,,,,,,,,
5.356113551999442,0.0019052025637488867,0.02180989587213844,0.0,0.0,0.0025200000000000014,4.0,0.07999999999999996,0.00274036128539592,0.11538141798228026,0.003030759922694415,6.113444470656759e-07,6.026415277915476e-07,185180.27299999996,1.0,184711.386515625,1.6541547093681192e-06,578.9278989115859,4800.0,1.0,,368,,,,,,,,
5.3888829779971275,0.0012166755483306701,0.013574218773283065,0.0,0.0,0.0024725000000000025,4.0,0.07750000000000001,-0.0015145358367590234,0.11378736961632967,-0.0012335248989984392,6.152388657199026e-07,5.352421084126036e-07,185192.317,1.0,184842.564515625,1.6541547093681192e-06,473.748094808276,4800.0,1.0,,369,,,,,,,,
5.420955991001392,0.0011988661676536339,0.015218099020421505,0.0,0.0,0.002425,4.0,0.07499999999999996,0.0010152909439057113,0.11365869827568531,0.0012905779818538575,5.789344740492197e-07,5.557541200573723e-07,185231.80500000002,1.0,184736.901734375,1.6541547093681192e-06,553.6232904536781,4800.0,1.0,,370,,,,,,,,
5.354847410999355,0.0011540583800442761,0.009977213607635349,0.0,0.0,0.002377500000000001,4.0,0.07250000000000001,0.001091207261197269,0.11482103802263736,0.0013638277188874782,1.1462219184465994e-06,5.051979712789034e-07,185181.289,1.0,184834.965328125,1.6541547093681192e-06,450.81298278534257,4800.0,1.0,,371,,,,,,,,
5.444649223998567,0.0009307388309863996,0.011246744799427688,0.0,0.0,0.0023299999999999987,4.0,0.06999999999999995,-0.0014652273814135697,0.11649213917553425,-0.001194068172480911,4.365472605627474e-07,4.4799715297472177e-07,185170.23700000002,1.0,184827.0491875,1.6541547093681192e-06,452.8617236931957,4800.0,1.0,,372,,,,,,,,
5.403037064999808,0.0013861383725195964,0.018766276119276882,0.0,0.0,0.0022825,4.0,0.0675,-0.0027673897726344875,0.11704594139009714,-0.0025004541035741567,3.580061118668709e-07,3.7111483024432347e-07,185206.69299999997,1.0,184873.63596875,1.6541547093681192e-06,370.86457962025383,4800.0,1.0,,373,,,,,,,,
5.348490389998915,0.0009046825864956531,0.009667968784924597,0.0,0.0,0.002235000000000001,4.0,0.06499999999999995,-0.001772020530188456,0.11572908572852611,-0.0015135793015360831,3.441652069113843e-07,3.588310150348661e-07,185230.637,1.0,184890.33370312498,1.6541547093681192e-06,381.47627479302145,4800.0,1.0,,374,,,,,,,,
5.491158199001802,0.0023178861902684034,0.026660156284924595,0.0,0.0,0.002187500000000002,4.0,0.0625,0.0013878901372663677,0.11749871801584959,0.0016447422793135047,2.685556626857988e-07,2.9787969779704326e-07,185159.517,1.0,184955.22767187498,1.6541547093681192e-06,308.93156812077825,4800.0,1.0,,375,,,,,,,,
5.377585313999589,0.0008847526810479067,0.010384114598855377,0.0,0.0,0.002140000000000003,4.0,0.06000000000000005,-0.0006082498344767373,0.11673480104655028,-0.0003587691579014063,5.553794473200924e-07,5.51737848297762e-07,185167.17299999998,1.0,184648.080046875,1.6541547093681192e-06,554.8026760805777,4800.0,1.0,,376,,,,,,,,
5.40963474900127,0.00045073150738623725,0.00338541668606922,0.0,0.0,0.0020925000000000006,4.0,0.057499999999999996,-0.004962372174486518,0.11624028589576482,-0.0047193625010550026,3.490191254229558e-07,3.764874506373417e-07,185167.37699999998,1.0,184850.354671875,1.6541547093681192e-06,366.6533043435798,4800.0,1.0,,377,,,,,,,,
5.294340707001538,0.0013361702624365534,0.015250651095993818,0.0,0.0,0.0020450000000000017,4.0,0.05500000000000005,-0.0036555802711518482,0.11433672029525041,-0.0034221028443425896,5.627969080990169e-07,5.706583770859197e-07,185151.13399999996,1.0,184731.276203125,1.6541547093681192e-06,573.9031959572766,4800.0,1.0,,378,,,,,,,,
5.400513905002299,0.0008536886181243375,0.010514322924427688,0.0,0.0,0.0019974999999999993,4.0,0.05249999999999999,0.0012171650043455884,0.11755806747823953,0.0014517221366986631,4.334465536715015e-07,4.442699221840485e-07,185176.029,1.0,184845.289640625,1.6541547093681192e-06,465.29113590801865,4800.0,1.0,,379,,,,,,,,
5.347018978998676,0.0009459917710563203,0.011572265694849194,0.0,0.0,0.0019500000000000003,4.0,0.050000000000000044,0.002821005890291417,0.11438449807465076,0.0030438368121394888,3.422157178079033e-07,3.704151637862196e-07,185161.845,1.0,184845.08521875,1.6541547093681192e-06,402.3442474417277,4800.0,1.0,,380,185231.80500000002,185144.22599999997,184972.943,70000042,184668.41686666667,best_of_k,185144.22599999997,591.4477730818893
5.4250587900023675,0.0011148328900695502,0.013899739610496908,0.0,0.0,0.0019025000000000014,4.0,0.04749999999999999,-0.00020816906326217576,0.11587511021643877,1.1942861601710319e-05,5.48543284395464e-07,5.693780636306655e-07,185168.246,1.0,184726.82020312498,1.6541547093681192e-06,575.0670597914843,4800.0,1.0,,381,,,,,,,,
5.43550044299991,0.001432555399812152,0.01671549491584301,0.0,0.0,0.0018550000000000025,4.0,0.04500000000000004,-0.003239254903746769,0.11655724197626113,-0.0030233519501052797,5.08298359136461e-07,5.194195928481804e-07,185158.549,1.0,184764.083921875,1.6541547093681192e-06,545.4330008326931,4800.0,1.0,,382,,,,,,,,
5.350709602000279,0.0010682677675422525,0.00944010418606922,0.0,0.0,0.0018075,4.0,0.04249999999999998,-0.0003356250119395554,0.11501911897212266,-0.00012801482807844877,4.73546583634743e-07,4.789816792083457e-07,185186.52899999998,1.0,184867.36728125,1.6541547093681192e-06,480.672097116321,4800.0,1.0,,383,,,,,,,,
5.387377307997667,0.001136404343174391,0.01251627606106922,0.0,0.0,0.0017600000000000011,4.0,0.040000000000000036,-0.0015642593149095773,0.11737025380134583,-0.0013578752521425485,2.873651958168466e-07,3.1812923708685046e-07,185167.12499999997,1.0,184925.136546875,1.6541547093681192e-06,341.695912840319,4800.0,1.0,,384,,,,,,,,
5.375834097001643,0.0016341183140987426,0.017871093784924595,0.0,0.0,0.0017124999999999987,4.0,0.03749999999999998,0.0005459349773445865,0.11512082051485777,0.0007428220007568598,4.158143525501146e-07,4.304707182711809e-07,185145.208,1.0,184782.331,1.6541547093681192e-06,457.6327205124531,4800.0,1.0,,385,,,,,,,,
5.357575000998622,0.0003318886435108581,0.003580729174427688,0.0,0.0,0.0016649999999999998,4.0,0.03500000000000003,0.0017149799619801342,0.1160705218091607,0.0019080282654613256,3.275902564325861e-07,3.5228055352831687e-07,185168.486,1.0,184843.17746875,1.6541547093681192e-06,393.48034436154063,4800.0,1.0,,386,,,,,,,,
5.415867342999263,0.0008509328144455708,0.010546875023283064,0.0,0.0,0.0016175000000000009,4.0,0.03249999999999997,0.0025119656464084985,0.1137192478403449,0.002695771120488644,1.8461081836562697e-07,2.3394314574431974e-07,185192.84899999996,1.0,184974.94220312499,1.6541547093681192e-06,217.8568590327136,4800.0,1.0,,387,,,,,,,,
5.3823655910018715,0.0014252070346675084,0.015885416744276883,0.0,0.0,0.001570000000000002,4.0,0.030000000000000027,-0.0015198064997093753,0.1157591724768281,-0.001338277105242014,3.343509568765057e-07,3.578741093690496e-07,185159.03,1.0,184871.142015625,1.6541547093681192e-06,365.91647044260174,4800.0,1.0,,388,,,,,,,,
5.282622253998852,0.0011878080405331559,0.012744140706490725,0.0,0.0,0.0015224999999999995,4.0,0.02749999999999997,-0.0021949686926745924,0.11141070239245891,-0.0020257980097085236,7.559600661011245e-07,7.530273038014457e-07,185178.402,1.0,184667.25599999996,1.6541547093681192e-06,699.766224500744,4800.0,1.0,,389,,,,,,,,
5.363818916997843,0.0016956645855735531,0.01839192712213844,0.0,0.0,0.0014750000000000006,4.0,0.025000000000000022,-8.00289330072701e-05,0.11103806141763925,8.353183511644602e-05,3.6810117762797747e-07,3.6744862157434e-07,185141.75699999998,1.0,184919.95775,1.6541547093681192e-06,393.3782996795998,4800.0,1.0,,390,,,,,,,,
5.520940379999956,0.0006514629112157166,0.0052734375,0.0,0.0,0.0014275000000000017,4.0,0.022499999999999964,-0.0008101885505311657,0.11304142288863658,-0.0006491230567917227,4.771400092806743e-07,5.057324912627336e-07,185202.10899999994,1.0,184787.89196875,1.6541547093681192e-06,542.0538074835121,4800.0,1.0,,391,,,,,,,,
5.336287651000021,0.002005651028229849,0.02010091148549691,0.0,0.0,0.0013800000000000028,4.0,0.020000000000000018,-0.00030118907016003505,0.11366534996777773,-0.00014447203429881483,2.0308860300133346e-07,2.4228444814866636e-07,185141.745,1.0,184913.0294375,1.6541547093681192e-06,241.1839216552319,4800.0,1.0,,392,,,,,,,,
5.463054719999491,0.0008060533376964329,0.008577473985496908,0.0,0.0,0.0013325000000000004,4.0,0.01749999999999996,-0.0027995155527605676,0.11462461110204458,-0.002647061754760216,4.4728640133939736e-07,4.7653686863213807e-07,185195.68899999995,1.0,184886.312046875,1.6541547093681192e-06,436.78266901384586,4800.0,1.0,,393,,,,,,,,
5.3137855879977,0.0010026023372169846,0.01043294274713844,0.0,0.0,0.0012850000000000014,4.0,0.015000000000000013,-0.0006766141523257829,0.11680913753807545,-0.0005267621483653784,4.4877257678876956e-07,4.050636114527606e-07,185142.99599999998,1.0,184861.423796875,1.6541547093681192e-06,371.42059868219826,4800.0,1.0,,394,,,,,,,,
5.4289341990006506,0.0005930013965392611,0.0065592448227107525,0.0,0.0,0.001237499999999999,4.0,0.012499999999999956,-0.001902661717031151,0.11720140278339386,-0.0017578823491930962,4.115765023016138e-07,4.3312804081097057e-07,185150.927,1.0,184861.423125,1.6541547093681192e-06,506.07275852460947,4800.0,1.0,,395,,,,,,,,
5.2659967850013345,0.0017621139881786262,0.01819661466870457,0.0,0.0,0.00119,4.0,0.010000000000000009,0.004410535749047995,0.11321811676025391,0.004545077180955559,3.001016501968934e-07,3.1516378058427107e-07,185147.29699999996,1.0,184910.861359375,1.6541547093681192e-06,331.30418532112503,4800.0,1.0,,396,,,,,,,,
5.371278645001439,0.001726340573872065,0.01814778649713844,0.0,0.0,0.0011425000000000012,4.0,0.007499999999999951,0.0002770441555185243,0.11726838853210211,0.00041066445410251615,6.765603245639795e-07,5.824603682924589e-07,185151.10799999998,1.0,184773.12023437498,1.6541547093681192e-06,583.6242853651077,4800.0,1.0,,397,,,,,,,,
5.274960650000139,0.0004659493180043661,0.005159505212213844,0.0,0.0,0.0010950000000000022,4.0,0.0050000000000000044,0.0007969755708472804,0.11614711694419384,0.0009238023194484413,6.423956961043586e-07,5.800766196273344e-07,185172.28999999998,1.0,184787.24334375,1.6541547093681192e-06,582.5602165257557,4800.0,1.0,,398,,,,,,,,
5.4155951969987655,0.0009158872614008828,0.010546875023283064,0.0,0.0,0.0010474999999999998,4.0,0.0024999999999999467,-0.002191583238891326,0.116752477735281,-0.0020696820691227915,6.84938530071122e-07,6.56956217426341e-07,185144.56399999998,1.0,184827.99845312498,1.6541547093681192e-06,556.1752754191698,4800.0,1.0,,399,,,,,,,,
5.267308825998043,0.0014939505839201672,0.012337239622138441,0.0,0.0,0.0010000000000000009,4.0,0.0,-0.00034053262788802385,0.11542627066373826,-0.00022579730721190573,2.0521432006148644e-06,9.712257885041708e-07,185147.51599999997,1.0,184870.09710937497,1.6541547093681192e-06,434.56080346167363,4800.0,1.0,,400,185231.80500000002,185160.038,185128.72400000002,70000042,184694.21633333334,best_of_k,185160.038,657.995372093674
