elapsed_seconds,optimization_approximate_kl,optimization_clip_fraction,optimization_count_loss,optimization_early_kl_stop,optimization_entropy_coefficient,optimization_epochs_completed,optimization_learning_rate_fraction,optimization_loss,optimization_normalized_entropy,optimization_policy_loss,optimization_q_loss,optimization_value_loss,rollout_best_objective,rollout_feasible_rate,rollout_mean_objective,rollout_reward_scale,rollout_std_objective,rollout_transitions,rollout_vectorized_rollouts,self_imitation_loss,update,validation_archive_best_objective,validation_best_of_k_objective,validation_deterministic_objective,validation_fixed_validation_seed,validation_mean_stochastic_objective,validation_selection_metric,validation_selection_objective,validation_std_stochastic_objective
3.137436082000022,0.00953555220621638,0.10624186275526881,0.0,0.0,0.0199525,4.0,0.9975,-0.008044075919315219,0.7946695052087307,-0.00047420221380889416,0.052064143543248065,0.006158710086310748,13867.597,1.0,9560.83178515625,6.756605532055237e-06,1740.0449028502262,1920.0,1.0,,1,13867.597,14636.8245,0.0,70000042,10430.949208333333,best_of_k,14636.8245,2002.6665813505824
3.098472615999981,0.009480832959525287,0.14168294332921505,0.0,0.0,0.019905,4.0,0.995,-0.023490851453971118,0.7677476368844509,-0.009117407316807657,0.003565888937373529,0.0011039680634894466,16028.245750000002,1.0,10273.969449218752,6.756605532055237e-06,2037.875211650775,1920.0,1.0,,2,,,,,,,,
2.9558291359999203,0.010420903090562206,0.14367675920948386,0.0,0.0,0.0198575,4.0,0.9925,-0.0259420734946616,0.7635169178247452,-0.011003611725755036,0.0006899125637573889,0.0003081697627749236,15706.636999999999,1.0,11738.71069921875,6.756605532055237e-06,2082.6801148499953,1920.0,1.0,,3,,,,,,,,
2.723917442000129,0.011404488875996321,0.15950520895421505,0.0,1.0,0.01981,3.0,0.99,-0.023993703148638208,0.7327585568030676,-0.009564772713929415,0.0002771145555016119,0.00011860950174498915,17743.477750000002,1.0,13212.77332421875,6.756605532055237e-06,1828.4024304408038,1920.0,1.0,,4,,,,,,,,
2.9734650489999694,0.010771315668534953,0.19197591370902956,0.0,0.0,0.0197625,4.0,0.9875,-0.028275187069084495,0.6930170394480228,-0.014633361715823412,0.00017446115998609457,7.29528039755678e-05,19157.682749999996,1.0,14859.87721875,6.756605532055237e-06,1845.1715058693821,1920.0,1.0,,5,,,,,,,,
2.92940512999985,0.010105326648044866,0.1612955741584301,0.0,0.0,0.019715,4.0,0.985,-0.0237664585292805,0.6796829737722874,-0.01041483978042379,0.00018378731783741387,5.990421072965546e-05,18772.0645,1.0,15648.47483203125,6.756605532055237e-06,1765.3191172783445,1920.0,1.0,,6,,,,,,,,
2.787130353000066,0.012924389836067954,0.20686849082509676,0.0,1.0,0.0196675,3.0,0.9825,-0.025802930739397805,0.6394323209921519,-0.013270397010880211,0.00014725590760159926,5.755428264819784e-05,20664.424750000002,1.0,16080.715578125,6.756605532055237e-06,2162.7703396594925,1920.0,1.0,,7,,,,,,,,
2.9294444019999446,0.00987665534921689,0.1521403011865914,0.0,0.0,0.019620000000000002,4.0,0.98,-0.02057230134960264,0.6135974675416946,-0.008565318043110892,0.00012323105102041154,3.8951289070610073e-05,20457.767750000003,1.0,16970.607972656253,6.756605532055237e-06,1407.6543552804617,1920.0,1.0,,8,,,,,,,,
2.9278322180000487,0.008149060940922936,0.13972981786355376,0.0,0.0,0.0195725,4.0,0.9775,-0.021455487818457186,0.5926002413034439,-0.009887034713756293,0.00013174386958780815,3.408342001876008e-05,20411.16925,1.0,18198.425906250002,6.756605532055237e-06,1193.2411227585358,1920.0,1.0,,9,,,,,,,,
2.9575169619999997,0.00991715062991716,0.14803060051053762,0.0,0.0,0.019525,4.0,0.975,-0.018512458133045584,0.5597381815314293,-0.007604758653542376,8.699506088305498e-05,2.4978446617751615e-05,20845.757,1.0,18553.76776953125,6.756605532055237e-06,928.6429716447734,1920.0,1.0,,10,,,,,,,,
2.972635280000077,0.011330206332786474,0.1340738944709301,0.0,1.0,0.019477500000000002,4.0,0.9725,-0.01767846613074653,0.5425964631140232,-0.007141850015614182,0.00015773473660374293,3.206511132702872e-05,21474.67325,1.0,18849.8128203125,6.756605532055237e-06,1210.3095126795695,1920.0,1.0,,11,,,,,,,,
2.952859598000032,0.008052695193327963,0.10994466161355376,0.0,0.0,0.01943,4.0,0.97,-0.014018140500411391,0.5224381312727928,-0.0038935376796871424,0.00013719167827730416,2.5301283926637552e-05,21269.140249999997,1.0,19626.959859374998,6.756605532055237e-06,824.3338909081931,1920.0,1.0,,12,,,,,,,,
2.9515993320001144,0.008518815287970938,0.11271158931776881,0.0,0.0,0.0193825,4.0,0.9675,-0.014852779655484483,0.5039079170674086,-0.00512152723968029,0.00022671683268526976,2.6141414764424553e-05,21195.8715,1.0,19810.3808671875,6.756605532055237e-06,737.4527752089065,1920.0,1.0,,13,,,,,,,,
2.9960543310000958,0.006952748721232638,0.10249837301671505,0.0,0.0,0.019335,4.0,0.965,-0.009887117164907977,0.4877587780356407,-0.00047914445167407393,0.00010038469372375403,2.560883342539455e-05,21786.87875,1.0,20032.80174609375,6.756605532055237e-06,914.3197171312855,1920.0,1.0,,14,,,,,,,,
2.9495167780000884,0.011413070547860116,0.1269124352838844,0.0,1.0,0.0192875,4.0,0.9625,-0.008354717661859468,0.4495606254786253,0.00030216676532290876,6.489705333478923e-05,1.5052772710077988e-05,21868.335250000004,1.0,20453.81252734375,6.756605532055237e-06,688.513635868025,1920.0,1.0,,15,,,,,,,,
2.9089797189999445,0.006307031610049307,0.08060709666460752,0.0,0.0,0.01924,4.0,0.96,-0.01297988576698117,0.41346424259245396,-0.005038503528339788,5.991250168335682e-05,1.5356472999883408e-05,21751.941749999998,1.0,20221.94377734375,6.756605532055237e-06,680.3682895748207,1920.0,1.0,,16,,,,,,,,
2.997110085000031,0.0067008355690632015,0.08715820359066129,0.0,0.0,0.0191925,4.0,0.9575,-0.01361739746062085,0.4083654060959816,-0.005852528818650171,0.0005493282328643545,3.5502370167250774e-05,21719.71175,1.0,20613.767031249998,6.756605532055237e-06,537.9781946779505,1920.0,1.0,,17,,,,,,,,
2.9534446360000857,0.0033078229243983515,0.04252115963026881,0.0,0.0,0.019145,4.0,0.955,-0.009455798717681319,0.40062264166772366,-0.0018656019819900393,0.0005893075920084812,4.158737857551387e-05,22191.268749999996,1.0,20818.9574296875,6.756605532055237e-06,641.9517197610126,1920.0,1.0,,18,,,,,,,,
2.920276925000053,0.007734041108051315,0.08512369869276881,0.0,0.0,0.0190975,4.0,0.9525,-0.008699611033080146,0.3804043401032686,-0.0014986497699283063,0.0004666041181735636,3.4300258619168744e-05,22266.824,1.0,20960.7580078125,6.756605532055237e-06,610.3696153312507,1920.0,1.0,,19,,,,,,,,
2.959792347000075,0.006638426893914584,0.08072916668606922,0.0,0.0,0.01905,4.0,0.95,-0.006718934513628483,0.385078901425004,0.0005960246780887246,0.00012874363528680988,1.583984197850441e-05,21950.5815,1.0,20941.440316406246,6.756605532055237e-06,517.2613509889602,1920.0,1.0,,20,22266.824,22237.287999999997,21078.267499999998,70000042,21292.388399999996,best_of_k,22237.287999999997,615.5812656659301
2.988079389999939,0.0072698720105108805,0.09301757905632257,0.0,0.0,0.019002500000000002,4.0,0.9475,-0.008901078748749569,0.38778247870504856,-0.0015450931095983833,6.363237412188028e-05,1.297470538474954e-05,22023.851749999998,1.0,21013.96240625,6.756605532055237e-06,503.57559858199187,1920.0,1.0,,21,,,,,,,,
2.962918456999887,0.010728529196057934,0.14404296968132257,0.0,0.0,0.018955,4.0,0.945,-0.001921257033245638,0.3857437763363123,0.005347631951735821,0.00025696509112549393,3.437609194634206e-05,22421.995,1.0,21110.38527734375,6.756605532055237e-06,472.22254048296753,1920.0,1.0,,22,,,,,,,,
2.989673946000039,0.010361542408645619,0.13675944111309946,0.0,0.0,0.0189075,4.0,0.9425,-0.01186316626262851,0.353633726015687,-0.005434833001345396,0.0010652217274582654,0.00030294964045651795,22228.508,1.0,21232.82587890625,6.756605532055237e-06,501.03506314508445,1920.0,1.0,,23,,,,,,,,
2.9800646670000788,0.007548756577307358,0.11608886811882257,0.0,0.0,0.018860000000000002,4.0,0.94,-0.0049233793979510665,0.36119165644049644,0.0008401281666010618,0.003276063988550959,0.0014419203962461324,22185.954250000003,1.0,21356.06912109375,6.756605532055237e-06,475.10699104806514,1920.0,1.0,,24,,,,,,,,
2.947584207999853,0.009260197963158134,0.10245768295135349,0.0,0.0,0.0188125,4.0,0.9375,-0.006713063194183633,0.3378934673964977,-0.0020625232136808336,0.01092438172531729,0.0012272836710280899,22257.42325,1.0,21388.5041015625,6.756605532055237e-06,456.12098704165436,1920.0,1.0,,25,,,,,,,,
2.9256262320000133,0.006887560892209876,0.06632487033493817,0.0,0.0,0.018765,4.0,0.935,-0.0037284796417225152,0.331965547055006,0.0006921041058376431,0.01752017906983383,0.00011346427316993868,22268.61275,1.0,21266.116355468752,6.756605532055237e-06,479.3405171770035,1920.0,1.0,,26,,,,,,,,
3.019258142000126,0.0074356304030516185,0.08561197994276881,0.0,0.0,0.0187175,4.0,0.9325,0.0013641005789395422,0.32245985604822636,2.5726098101586103e-05,0.07198102807160467,0.0003518268104016897,22149.669499999996,1.0,21357.69271875,6.756605532055237e-06,487.2001209198247,1920.0,1.0,,27,,,,,,,,
2.9713768189999428,0.009441905647690874,0.12402343843132257,0.0,0.0,0.01867,4.0,0.9299999999999999,-0.00440287466335576,0.3142520859837532,0.0002982706646434963,0.011448772085714154,4.2129088456022146e-05,22454.986249999998,1.0,21504.90260546875,6.756605532055237e-06,484.1509203539793,1920.0,1.0,,28,,,,,,,,
2.9896321359999547,0.007827085370081477,0.09049479209352285,0.0,0.0,0.0186225,4.0,0.9275,-0.005900166317587718,0.29897664301097393,-0.0005613346584141254,0.0022133835227577947,1.5046220084968809e-05,22575.6455,1.0,21278.748296874997,6.756605532055237e-06,538.8746848664084,1920.0,1.0,,29,,,,,,,,
3.0385972669998864,0.006269505851378199,0.0745442712213844,0.0,0.0,0.018575,4.0,0.925,-0.006506568446638994,0.29535113647580147,-0.0011039821256417781,0.0007824407632597286,1.0633495605816279e-05,22226.681249999998,1.0,21508.29065625,6.756605532055237e-06,429.79678347822426,1920.0,1.0,,30,,,,,,,,
2.9670649360000425,0.008935824407672044,0.1033528650586959,0.0,0.0,0.018527500000000002,4.0,0.9225,-0.0008129672933137044,0.29105928912758827,0.004523569077719003,0.000517185571425216,8.691615903444472e-06,22298.7055,1.0,21633.076828125,6.756605532055237e-06,383.61269940225776,1920.0,1.0,,31,,,,,,,,
2.962548970000171,0.005832523038407089,0.07678222737740725,0.0,0.0,0.01848,4.0,0.92,-0.004106157954083756,0.29177166894078255,0.001265251194126904,0.00016473106757075584,8.1168138024168e-06,22156.67825,1.0,21602.7619609375,6.756605532055237e-06,384.66925315687524,1920.0,1.0,,32,,,,,,,,
2.9812160819999463,0.011969186787609942,0.13472493644803762,0.0,0.0,0.0184325,4.0,0.9175,-0.003970059973653406,0.3084089010953903,0.0017049855377990752,5.726056747334951e-05,7.950874277184994e-06,22576.215249999997,1.0,21720.9685546875,6.756605532055237e-06,410.3828208220225,1920.0,1.0,,33,,,,,,,,
2.982699792999938,0.007220920131658204,0.1038004569709301,0.0,0.0,0.018385,4.0,0.915,-0.005663724266923964,0.2953560519963503,-0.00024177361046895385,4.1182294125974295e-05,8.103333101416865e-06,22519.15625,1.0,21759.23694140625,6.756605532055237e-06,436.5290029332593,1920.0,1.0,,34,,,,,,,,
2.751385460999927,0.015217251726426184,0.16954210152228674,0.0,1.0,0.0183375,3.0,0.9125,-0.0022861072599577406,0.27621323118607205,0.0027705150423571467,3.95852942650284e-05,8.960411908750151e-06,22457.00725,1.0,21700.071484375003,6.756605532055237e-06,494.7628361895564,1920.0,1.0,,35,,,,,,,,
2.733658604000084,0.015119959512958303,0.14930555721124014,0.0,1.0,0.01829,3.0,0.91,0.0003598385180036227,0.2729181597630183,0.005343659004817407,3.79783517322115e-05,8.109805397301292e-06,22515.61525,1.0,21764.97274609375,6.756605532055237e-06,417.83044742120467,1920.0,1.0,,36,,,,,,,,
2.8089964920000057,0.02110885630827397,0.1455620676279068,0.0,1.0,0.018242500000000002,3.0,0.9075,0.00818179912554721,0.26388343299428624,0.012988114651913444,3.478664712019963e-05,8.198162428622405e-06,22605.348250000003,1.0,21447.82076171875,6.756605532055237e-06,417.7471504128721,1920.0,1.0,,37,,,,,,,,
3.0158282250001776,0.013551828422350809,0.11893717525526881,0.0,0.0,0.018195,4.0,0.905,-0.0047305240877904,0.2641738746315241,6.955605931580067e-05,2.782424837732833e-05,7.561680149592576e-06,22026.731750000003,1.0,21241.6401015625,6.756605532055237e-06,413.12190017062636,1920.0,1.0,,38,,,,,,,,
3.0016499589999057,0.00797930601038388,0.08243815181776881,0.0,0.0,0.0181475,4.0,0.9025,-0.002915495162596926,0.2574012093245983,0.00174843636341393,2.7099853241452365e-05,9.093524113268359e-06,22275.5925,1.0,21112.059289062498,6.756605532055237e-06,516.982020174593,1920.0,1.0,,39,,,,,,,,
2.367558400000007,0.02056803995219525,0.1578776091337204,0.0,1.0,0.0181,1.0,0.9,0.00016658660024404526,0.2678653448820114,0.005008636973798275,2.3292262994800694e-05,7.967162446220755e-06,22156.537750000003,1.0,21262.768808593748,6.756605532055237e-06,422.18438350931467,1920.0,1.0,,40,22605.348250000003,22340.7885,21470.8285,70000042,21508.845225,best_of_k,22340.7885,500.90866646682844
2.9974028569999973,0.005842627964739222,0.061319987289607525,0.0,0.0,0.0180525,4.0,0.8975,-0.0012099401792511344,0.26925563253462315,0.003644704644102603,2.485696973053564e-05,7.212084625507487e-06,22154.632999999998,1.0,21472.724222656252,6.756605532055237e-06,391.6726236437524,1920.0,1.0,,41,,,,,,,,
2.9486720310001147,0.013718306301598204,0.1337483748793602,0.0,0.0,0.018005,4.0,0.895,0.0039657780434936285,0.2658552806824446,0.008747098152525723,2.4794304522401944e-05,5.8483053635427495e-06,22309.03325,1.0,21702.151730468748,6.756605532055237e-06,326.50647056725785,1920.0,1.0,,42,,,,,,,,
3.0090838520000034,0.0081839238628163,0.07084147213026881,0.0,0.0,0.0179575,4.0,0.8925,-0.010894331644522026,0.26817506179213524,-0.006085451110266149,2.7071631279795838e-05,8.332106460784416e-06,22345.4595,1.0,21354.86003125,6.756605532055237e-06,476.94095820414543,1920.0,1.0,,43,,,,,,,,
2.999485818000039,0.006006764921039576,0.07100423274096102,0.0,0.0,0.017910000000000002,4.0,0.89,-0.0046354017104022205,0.27758244052529335,0.0003302857221569866,2.22860043095352e-05,7.1719718164331425e-06,22430.349749999998,1.0,21686.8076953125,6.756605532055237e-06,384.96514999555814,1920.0,1.0,,44,,,,,,,,
3.006500651000124,0.005042289929406252,0.06612141989171505,0.0,0.0,0.0178625,4.0,0.8875,-0.007358800299698487,0.27456996962428093,-0.002459570998325944,2.2556972794518515e-05,6.042709685516456e-06,22404.774250000002,1.0,21561.29490234375,6.756605532055237e-06,372.34753101340993,1920.0,1.0,,45,,,,,,,,
3.0827742670001044,0.006342315860820236,0.08317057369276881,0.0,0.0,0.017815,4.0,0.885,-0.00541284098289907,0.27577726170420647,-0.0005050725685578072,2.0932107304361125e-05,6.219786911287883e-06,22547.990999999998,1.0,21865.114808593753,6.756605532055237e-06,370.26168891595046,1920.0,1.0,,46,,,,,,,,
3.0124779830000534,0.008859521545673488,0.10103352973237634,0.0,0.0,0.017767500000000002,4.0,0.8825000000000001,-0.003006014187121764,0.27049283869564533,0.0017950073524843901,2.099901223573397e-05,5.720241716744567e-06,22402.79625,1.0,21799.68688671875,6.756605532055237e-06,346.48647469269076,1920.0,1.0,,47,,,,,,,,
2.976348582000128,0.00616820572031429,0.0787760429084301,0.0,0.0,0.01772,4.0,0.88,-0.0041411505080759525,0.27083393931388855,0.0006527189980261028,2.0924666159771732e-05,6.431094476511134e-06,22567.795000000002,1.0,21785.6018828125,6.756605532055237e-06,415.18120909368025,1920.0,1.0,,48,,,,,,,,
2.97551071099997,0.011446625194366788,0.11344401072710752,0.0,0.0,0.0176725,4.0,0.8775,-0.0034131305292248726,0.25968701485544443,0.0011713143030647188,1.9283525944047142e-05,5.8909036511067825e-06,22583.47975,1.0,21793.087523437498,6.756605532055237e-06,408.0384986637926,1920.0,1.0,,49,,,,,,,,
3.060191795000037,0.016357045282347826,0.1317138671875,0.0,1.0,0.017625000000000002,4.0,0.875,-0.0056613322522025555,0.24830107111483812,-0.0012895660402136855,1.664851561145042e-05,5.7514583602369385e-06,22407.22975,1.0,21749.70742578125,6.756605532055237e-06,394.02002932120945,1920.0,1.0,,50,,,,,,,,
2.984235422999973,0.00975561429731897,0.10111490963026881,0.0,0.0,0.0175775,4.0,0.8725,0.00148768637154717,0.23309866432100534,0.0055801118578528985,1.925784795275831e-05,5.881820897002399e-06,22470.253000000004,1.0,21957.697679687502,6.756605532055237e-06,326.1078471206377,1920.0,1.0,,51,,,,,,,,
2.9865154970000276,0.009047831510542892,0.08512369869276881,0.0,0.0,0.01753,4.0,0.87,0.0023161945573519915,0.2234467063099146,0.006229406833881512,1.534877861786299e-05,4.5451298831267195e-06,22493.91275,1.0,21981.98375390625,6.756605532055237e-06,301.0260566950123,1920.0,1.0,,52,,,,,,,,
2.775191873999802,0.011446537299586149,0.11724175450702508,0.0,1.0,0.0174825,3.0,0.8674999999999999,0.004128477768972516,0.2195978375772635,0.007963498530443758,1.4665927286235577e-05,5.263166523642819e-06,22787.31,1.0,21910.6576171875,6.756605532055237e-06,382.5888187108462,1920.0,1.0,,53,,,,,,,,
2.958516559000145,0.005299463155097328,0.07067871163599193,0.0,0.0,0.017435,4.0,0.865,-0.00217499268183019,0.21432932280004025,0.0015582111082039773,1.4358329110564227e-05,4.383708500199646e-06,22876.733249999997,1.0,21995.253531249997,6.756605532055237e-06,320.5517958309215,1920.0,1.0,,54,,,,,,,,
2.9728562620000503,0.01101295313128503,0.10900878952816129,0.0,0.0,0.0173875,4.0,0.8625,0.003064599455683492,0.20783835463225842,0.006674555887002498,1.5326625032230368e-05,4.601378265078893e-06,22687.651749999997,1.0,22140.9733828125,6.756605532055237e-06,302.87615910880766,1920.0,1.0,,55,,,,,,,,
2.9844980740001574,0.010351175191317452,0.10888671898283064,0.0,0.0,0.01734,4.0,0.86,-0.0010048766562249511,0.20632441900670528,0.00256929753231816,1.5019689499240485e-05,3.979783883778509e-06,22632.03975,1.0,22121.3216484375,6.756605532055237e-06,292.89333991266,1920.0,1.0,,56,,,,,,,,
3.0372385000000577,0.00938810039224336,0.10062662838026881,0.0,0.0,0.017292500000000002,4.0,0.8575,-0.0028040340985171497,0.21247409284114838,0.0008664708875585347,1.3090592119624489e-05,4.789118008829973e-06,22961.800750000002,1.0,22164.5131015625,6.756605532055237e-06,365.04695615796453,1920.0,1.0,,57,,,,,,,,
2.962673238999969,0.005958261441264767,0.07751464913599193,0.0,0.0,0.017245,4.0,0.855,-0.0024394981446675956,0.21441674698144197,0.001253473514225334,1.6837619796206127e-05,5.923404586383185e-06,22757.50875,1.0,22123.922875,6.756605532055237e-06,399.97270166380343,1920.0,1.0,,58,,,,,,,,
2.939883260999977,0.006265505242481595,0.07434082077816129,0.0,0.0,0.0171975,4.0,0.8525,-0.002977456337248441,0.20066160801798105,0.0004697054682765156,1.3311188752140879e-05,4.770023366518217e-06,22842.28475,1.0,22112.35294921875,6.756605532055237e-06,341.1361851115349,1920.0,1.0,,59,,,,,,,,
2.989923337999926,0.006138778018794255,0.07474772166460752,0.0,0.0,0.017150000000000002,4.0,0.85,-0.0013479228364303708,0.19894845876842737,0.0020600982825271785,1.441912922928168e-05,5.0063057983606996e-06,22732.215999999997,1.0,22223.39330859375,6.756605532055237e-06,372.14461893890257,1920.0,1.0,,60,22961.800750000002,22667.088000000003,22360.167999999998,70000042,22255.611358333335,best_of_k,22667.088000000003,266.2456287254363
3.0014863799999603,0.011558963291463442,0.10750325536355376,0.0,1.0,0.0171025,4.0,0.8475,0.0003892788226949051,0.18840091116726398,0.0036076235555810854,1.3925577206919115e-05,4.779930577569758e-06,22778.243000000002,1.0,22222.965808593748,6.756605532055237e-06,356.921905231155,1920.0,1.0,,61,,,,,,,,
2.3193431619999956,0.02265449659898877,0.1072591170668602,0.0,1.0,0.017055,1.0,0.845,0.008842075476422906,0.2060222029685974,0.012352651916444302,1.2354054661045666e-05,3.7945372355352447e-06,22855.331750000005,1.0,22184.727828125004,6.756605532055237e-06,301.21144099521194,1920.0,1.0,,62,,,,,,,,
2.978311122999912,0.008307268508360721,0.08748372504487634,0.0,0.0,0.017007500000000002,4.0,0.8425,-0.005806485074572265,0.18804120644927025,-0.002611871052067727,1.2874734920842457e-05,4.418504119030331e-06,22806.94775,1.0,22319.823660156246,6.756605532055237e-06,347.38593596368605,1920.0,1.0,,63,,,,,,,,
2.96732443399992,0.008198984258342534,0.0879720055963844,0.0,0.0,0.01696,4.0,0.84,-0.00041038639028556645,0.19063656963407993,0.00281901826383546,1.3355975283957378e-05,4.912376653010142e-06,22933.386499999997,1.0,22202.42528515625,6.756605532055237e-06,379.88226136199324,1920.0,1.0,,64,,,,,,,,
2.9366917939998984,0.01132932816108223,0.10062662861309946,0.0,0.0,0.0169125,4.0,0.8375,1.3266268069855869e-05,0.1868985965847969,0.0031704108114354312,1.2994067560612166e-05,4.955726012667583e-06,22876.79975,1.0,22295.5726015625,6.756605532055237e-06,380.1964905543567,1920.0,1.0,,65,,,,,,,,
2.755681934999984,0.01509037108432191,0.12299262235562007,0.0,1.0,0.016865,3.0,0.835,0.003484235300372044,0.18694167335828146,0.00663346874838074,1.1911071396752959e-05,4.693813139056147e-06,22859.94775,1.0,22265.42615234375,6.756605532055237e-06,349.3651664384607,1920.0,1.0,,66,,,,,,,,
3.040287758999966,0.009200568249070784,0.08691406296566129,0.0,0.0,0.0168175,4.0,0.8325,0.0003899078437825665,0.18104345258325338,0.0034294465876882896,1.6121991905038158e-05,7.09499477125064e-06,22722.762000000002,1.0,22028.8726015625,6.756605532055237e-06,468.2049316053804,1920.0,1.0,,67,,,,,,,,
2.985129913000037,0.008761380595387891,0.08357747457921505,0.0,0.0,0.01677,4.0,0.83,-0.0016136877529788762,0.17925756238400936,0.001387858297675848,1.5197808920675016e-05,6.16663473351764e-06,22758.192,1.0,21993.851632812497,6.756605532055237e-06,443.22266555289394,1920.0,1.0,,68,,,,,,,,
2.5792235489998347,0.015314367810788099,0.11116536613553762,0.0,1.0,0.0167225,2.0,0.8275,0.0016165664419531822,0.16966864094138145,0.004449529864359647,1.3271804959913425e-05,5.984575352613319e-06,22931.752000000004,1.0,22303.7911953125,6.756605532055237e-06,368.9045996070808,1920.0,1.0,,69,,,,,,,,
3.0561315180000292,0.010838607684490853,0.09493001410737634,0.0,0.0,0.016675000000000002,4.0,0.825,-0.00017738861788529903,0.17257122602313757,0.002696487936191261,1.374344026316976e-05,4.7497738648871746e-06,22662.48725,1.0,22062.432156249997,6.756605532055237e-06,370.0168505214742,1920.0,1.0,,70,,,,,,,,
3.012375714999962,0.010511357650102582,0.08671061275526881,0.0,1.0,0.0166275,4.0,0.8225,-0.002698009746382013,0.1724626300856471,0.00016660813707858324,1.150852557429971e-05,3.7084310946511323e-06,22725.113250000002,1.0,22190.542734374998,6.756605532055237e-06,317.3669936889102,1920.0,1.0,,71,,,,,,,,
2.350712036999994,0.03187218989478424,0.1640625,0.0,1.0,0.01658,1.0,0.8200000000000001,0.02314439695328474,0.1763368919491768,0.026065031066536903,1.1432324527049786e-05,3.7796168044224032e-06,22811.090999999997,1.0,22255.25266796875,6.756605532055237e-06,290.23059758061004,1920.0,1.0,,72,,,,,,,,
2.992647586999965,0.008222994209063472,0.08512369869276881,0.0,0.0,0.016532500000000002,4.0,0.8175,0.00013821630273014307,0.16914072446525097,0.0029318969463929534,1.1308672128507169e-05,3.016363308461223e-06,22885.088750000003,1.0,22332.372640625,6.756605532055237e-06,263.35481478627827,1920.0,1.0,,73,,,,,,,,
3.0483713640001042,0.007220795632747468,0.08158365963026881,0.0,0.0,0.016485,4.0,0.815,0.0021706987463403493,0.16051797848194838,0.004814313841052353,9.68852646110463e-06,3.1093820638261604e-06,22822.24375,1.0,22378.53043359375,6.756605532055237e-06,269.7357529346552,1920.0,1.0,,74,,,,,,,,
2.9672516489999907,0.005406933574704453,0.06131998752243817,0.0,0.0,0.0164375,4.0,0.8125,-0.0028398168869898655,0.15415539871901274,-0.0003080925816902891,8.674881854631167e-06,2.676094965181619e-06,22909.052999999996,1.0,22509.58537890625,6.756605532055237e-06,231.9601367880788,1920.0,1.0,,75,,,,,,,,
2.9479205729999194,0.008844793534080964,0.06254069053102285,0.0,0.0,0.016390000000000002,4.0,0.81,0.0005351907602744177,0.14893305767327547,0.002973805858346168,9.490101604114898e-06,2.89935709929523e-06,22931.25975,1.0,22480.80167578125,6.756605532055237e-06,250.5962157201169,1920.0,1.0,,76,,,,,,,,
3.0510727939999924,0.008346256683580577,0.07800293015316129,0.0,0.0,0.0163425,4.0,0.8075,0.00017135418602265418,0.14813294541090727,0.0025891193363349885,1.0078951731884445e-05,4.1804173065429495e-06,22938.483750000003,1.0,22462.37791796875,6.756605532055237e-06,353.8317289036027,1920.0,1.0,,77,,,,,,,,
2.992171150000104,0.011871180242451373,0.09387207124382257,0.0,0.0,0.016295,4.0,0.8049999999999999,0.00646516919368878,0.15107390563935041,0.008924172900151461,9.09488727529606e-06,3.672693395628812e-06,22949.976,1.0,22509.82523828125,6.756605532055237e-06,335.09159514457536,1920.0,1.0,,78,,,,,,,,
2.5298319210000955,0.013684296194696799,0.08642578125,0.0,1.0,0.0162475,2.0,0.8025,-0.005803348496556282,0.1408812329173088,-0.0035168651957064867,8.698122883288306e-06,3.2309497441929125e-06,22891.75275,1.0,22476.226890625,6.756605532055237e-06,297.51911260590373,1920.0,1.0,,79,,,,,,,,
2.5494632779998483,0.025840286922175437,0.11531575582921505,0.0,1.0,0.0162,2.0,0.8,0.01592918043024838,0.1413866989314556,0.01821741834282875,8.959968226918136e-06,2.661575138063199e-06,22980.478750000002,1.0,22560.16033984375,6.756605532055237e-06,247.2741862037235,1920.0,1.0,,80,22980.478750000002,22913.45,22512.613,70000042,22528.992074999995,best_of_k,22913.45,159.19423185431035
2.3575074079999467,0.026375704081146978,0.07763671875,0.0,1.0,0.0161525,1.0,0.7975,-0.004983549879398197,0.14552245661616325,-0.002636102493852377,1.0377380249337875e-05,4.132054925776174e-06,22996.497000000003,1.0,22436.38878515625,6.756605532055237e-06,330.4410614019614,1920.0,1.0,,81,,,,,,,,
2.9663389499999084,0.013156269007595256,0.08829752658493817,0.0,0.0,0.016105,4.0,0.795,0.00020918186055496335,0.14190624374896288,0.002491488354280591,9.51963610873463e-06,4.282892334117605e-06,22980.83575,1.0,22614.30292578125,6.756605532055237e-06,315.209335759837,1920.0,1.0,,82,,,,,,,,
2.961185662999924,0.014799714299442712,0.1102294938173145,0.0,0.0,0.016057500000000002,4.0,0.7925,0.0008295540465041995,0.14304473996162415,0.0031234066118486226,1.0096605990383978e-05,4.157579866159722e-06,23001.617000000002,1.0,22543.53209375,6.756605532055237e-06,361.6773206334462,1920.0,1.0,,83,,,,,,,,
2.57068183399997,0.013661751334439032,0.08129882859066129,0.0,1.0,0.01601,2.0,0.79,0.009844673448242247,0.14728889614343643,0.01219960127491504,1.0230614293504914e-05,4.286326088731585e-06,22958.44375,1.0,22539.025851562503,6.756605532055237e-06,367.92286742399926,1920.0,1.0,,84,,,,,,,,
2.962367292999943,0.014191908878274262,0.08699544402770698,0.0,1.0,0.0159625,4.0,0.7875,0.0007326685736188665,0.14206078182905912,0.0029964009008836,1.2101589391022571e-05,5.404837878586477e-06,23021.633,1.0,22563.7047734375,6.756605532055237e-06,446.80629441748584,1920.0,1.0,,85,,,,,,,,
2.9624389649998193,0.010840766924957279,0.06689453218132257,0.0,1.0,0.015915,4.0,0.785,0.0031302768911700696,0.13592474348843098,0.005290213564876467,1.0666866501196637e-05,4.478447436895294e-06,23002.353,1.0,22565.50120703125,6.756605532055237e-06,381.2511374925337,1920.0,1.0,,86,,,,,,,,
2.792827557999999,0.014559670147718862,0.09391276103754838,0.0,1.0,0.0158675,3.0,0.7825,-0.004190966719761491,0.1335550925383965,-0.0020745707054932914,9.167684235459697e-06,3.7461341927761773e-06,22978.95875,1.0,22595.964382812497,6.756605532055237e-06,335.4288659187825,1920.0,1.0,,87,,,,,,,,
2.732485744999849,0.013949974372129267,0.09814453249176343,0.0,1.0,0.01582,3.0,0.78,0.005019919209492703,0.12176588115592797,0.006944351829588413,7.188500224704815e-06,2.3695975717904125e-06,23010.95075,1.0,22684.38813671875,6.756605532055237e-06,235.36683836084575,1920.0,1.0,,88,,,,,,,,
2.957206800999984,0.009519875486148521,0.07059733103960752,0.0,0.0,0.015772500000000002,4.0,0.7775,-0.0019419825257500634,0.12822412187233567,7.880391785874963e-05,6.514552410408214e-06,1.953039046043159e-06,22974.504999999997,1.0,22656.80159765625,6.756605532055237e-06,188.73157597597762,1920.0,1.0,,89,,,,,,,,
2.969339579000007,0.01452933342079632,0.09309895941987634,0.0,0.0,0.015725,4.0,0.775,0.0032416025933343917,0.12379815289750695,0.0051860802341252565,7.447240477631567e-06,3.0081590978170425e-06,22973.534750000003,1.0,22647.6998125,6.756605532055237e-06,286.4200260559389,1920.0,1.0,,90,,,,,,,,
2.8125899280000795,0.014689969442163905,0.07020399440079927,0.0,1.0,0.0156775,3.0,0.7725,0.0046514447894878685,0.12370409878591697,0.006588115744913618,8.543374406144721e-06,3.691934258161685e-06,23024.53025,1.0,22664.8665234375,6.756605532055237e-06,345.33675438829687,1920.0,1.0,,91,,,,,,,,
2.5373952269999336,0.02163326342997607,0.10986328218132257,0.0,1.0,0.01563,2.0,0.77,0.0049840331193991005,0.12242471612989902,0.006894867052324116,8.764357517065946e-06,3.5742133945859678e-06,22996.497000000003,1.0,22616.48281640625,6.756605532055237e-06,321.98613918007743,1920.0,1.0,,92,,,,,,,,
2.93748467599994,0.011588481429498643,0.07466634176671505,0.0,0.0,0.015582499999999999,4.0,0.7675,-0.00014576525427401066,0.12375185638666153,0.0017807264812290668,7.020847505145866e-06,2.337782177619374e-06,23003.76675,1.0,22655.899582031252,6.756605532055237e-06,239.97586096555276,1920.0,1.0,,93,,,,,,,,
2.9756290529999205,0.011630284679995384,0.07539876364171505,0.0,0.0,0.015535,4.0,0.765,-0.002833996193658095,0.13932965323328972,-0.0006724977574776858,9.58077220047926e-06,4.0612722216337716e-06,23081.59275,1.0,22570.149976562498,6.756605532055237e-06,368.9864855345674,1920.0,1.0,,94,,,,,,,,
2.9800931199999923,0.008995728327136021,0.0697835290338844,0.0,0.0,0.015487500000000001,4.0,0.7625,-0.0034332728682784364,0.14683234505355358,-0.001161904277978465,8.828359170820477e-06,3.627945858397652e-06,23019.265,1.0,22596.702039062497,6.756605532055237e-06,343.19659518928813,1920.0,1.0,,95,,,,,,,,
2.500539174000096,0.01062553127121646,0.052327474346384406,0.0,1.0,0.01544,2.0,0.76,0.006104850908741355,0.14037347212433815,0.00827009102795273,7.4692096063699864e-06,2.759797496310057e-06,23083.233,1.0,22749.498640625,6.756605532055237e-06,247.62768673133442,1920.0,1.0,,96,,,,,,,,
2.8857416159999048,0.016020007761350524,0.09852430659035842,0.0,1.0,0.0153925,3.0,0.7575000000000001,0.007452284878430267,0.14567212263743082,0.009691876087648174,8.895337866003198e-06,3.555604299284217e-06,23104.849,1.0,22707.514632812497,6.756605532055237e-06,335.46050988528583,1920.0,1.0,,97,,,,,,,,
2.611594818999947,0.0401197677856544,0.0897623710334301,0.0,1.0,0.015345000000000001,2.0,0.755,-0.003228682850021869,0.13776570186018944,-0.0011177465785294771,8.484592456170503e-06,4.458100136162102e-06,23014.905000000002,1.0,22562.25371875,6.756605532055237e-06,386.6183281051548,1920.0,1.0,,98,,,,,,,,
2.731181764999974,0.014927053212886676,0.07861328187088172,0.0,1.0,0.0152975,3.0,0.7525,0.008169078384526074,0.14471044515570006,0.010380569845438004,8.358722122162968e-06,2.7605419556190705e-06,23012.897,1.0,22627.2355234375,6.756605532055237e-06,268.2749204572304,1920.0,1.0,,99,,,,,,,,
2.755098301999851,0.016206731466809288,0.0888129345451792,0.0,1.0,0.01525,3.0,0.75,0.006927808436254661,0.1507789914806684,0.00922552119785299,6.633553387776677e-06,2.008718354318262e-06,23002.366749999997,1.0,22661.73344921875,6.756605532055237e-06,200.51981174273072,1920.0,1.0,,100,23104.849,23013.704999999998,22832.05475,70000042,22640.574750000003,best_of_k,23013.704999999998,312.3460198010033
2.600584101000095,0.01885352212411817,0.09440104197710752,0.0,1.0,0.0152025,2.0,0.7475,7.449026452377439e-05,0.13939465582370758,0.0021912272786721587,8.463235474209796e-06,3.125559373984288e-06,22980.77475,1.0,22678.49742578125,6.756605532055237e-06,307.32881655183274,1920.0,1.0,,101,,,,,,,,
2.744105212000022,0.013265978025932176,0.10921224082509677,0.0,1.0,0.015155,3.0,0.745,0.00458576336192588,0.1514404627184073,0.006878958879193912,7.210080714988483e-06,2.3271536709520055e-06,22993.00675,1.0,22661.8317265625,6.756605532055237e-06,239.58080955868002,1920.0,1.0,,102,,,,,,,,
2.773217211999963,0.013027927207682902,0.09299045242369175,0.0,1.0,0.0151075,3.0,0.7424999999999999,0.0015951017655121784,0.1559790608783563,0.003949860382514696,6.947687362905223e-06,2.0005656343376663e-06,23004.448999999997,1.0,22706.35503515625,6.756605532055237e-06,201.5186539870725,1920.0,1.0,,103,,,,,,,,
2.779614047999985,0.012587644237404069,0.07834201430281003,0.0,1.0,0.01506,3.0,0.74,0.003589399333577603,0.1633153979976972,0.00604712655331241,6.857070957266842e-06,2.2339492412963105e-06,22986.342749999996,1.0,22619.05841015625,6.756605532055237e-06,218.9649760127768,1920.0,1.0,,104,,,,,,,,
2.60677578800005,0.019934660173021257,0.12711588572710752,0.0,1.0,0.015012500000000002,2.0,0.7375,-0.006022272747941315,0.1725662238895893,-0.003433261765167117,6.716488144320465e-06,1.93631294109764e-06,23122.166749999997,1.0,22721.088367187498,6.756605532055237e-06,216.63512896792372,1920.0,1.0,,105,,,,,,,,
2.7307140089999393,0.0203719277245303,0.09884982742369175,0.0,1.0,0.014965,3.0,0.735,-1.0182984018077454e-05,0.16696449369192123,0.0024857563354695835,8.582027173057819e-06,3.650683386998329e-06,23126.69475,1.0,22682.1143359375,6.756605532055237e-06,345.4933351163272,1920.0,1.0,,106,,,,,,,,
2.526046633000078,0.023773319117026404,0.1416015625,0.0,1.0,0.0149175,2.0,0.7324999999999999,0.005858850228833035,0.18865837901830673,0.008670702809467912,8.30402871088154e-06,3.255522244671738e-06,23001.896999999997,1.0,22563.275503906247,6.756605532055237e-06,330.1964367595266,1920.0,1.0,,107,,,,,,,,
2.966795067000021,0.01851901091140462,0.12312825582921505,0.0,1.0,0.014870000000000001,4.0,0.73,0.009947065787855536,0.17632215283811092,0.012566171470098197,9.455608392272552e-06,3.7190355612892745e-06,22972.848749999997,1.0,22472.7293671875,6.756605532055237e-06,331.9680183369013,1920.0,1.0,,108,,,,,,,,
3.0050633299999845,0.007609375177707989,0.06180826900526881,0.0,0.0,0.014822499999999999,4.0,0.7275,-0.0009167456446448341,0.17088092491030693,0.001611999876331538,1.1044815607874625e-05,6.065537462518478e-06,23140.238749999997,1.0,22629.594300781253,6.756605532055237e-06,400.1634866713954,1920.0,1.0,,109,,,,,,,,
2.984532123000008,0.011381376007193467,0.08719889400526881,0.0,1.0,0.014775,4.0,0.725,-0.0016271966160275042,0.17800919897854328,0.0009999254762078635,8.893385427199973e-06,4.148822156935239e-06,23115.42775,1.0,22619.3061015625,6.756605532055237e-06,314.4005626741835,1920.0,1.0,,110,,,,,,,,
2.9848487449999084,0.0058867327934422065,0.06221516942605376,0.0,0.0,0.014727500000000001,4.0,0.7224999999999999,-0.006624526817176957,0.17409049533307552,-0.0040637869969941676,8.341681450474425e-06,4.688182443146616e-06,23012.643750000003,1.0,22661.82182421875,6.756605532055237e-06,254.09605994968945,1920.0,1.0,,111,,,,,,,,
3.0300418360000094,0.009663727549195755,0.07173665426671505,0.0,0.0,0.01468,4.0,0.72,3.0943192541599274e-07,0.17141241766512394,0.002514293184503913,7.777903874739422e-06,3.1453266586822792e-06,23088.62775,1.0,22769.6606796875,6.756605532055237e-06,255.96618421858955,1920.0,1.0,,112,,,,,,,,
2.9781338410000444,0.007496460013499018,0.08105468819849193,0.0,0.0,0.014632500000000001,4.0,0.7175,-0.0033922691582120024,0.1628948412835598,-0.0010116578196175396,9.431680268789933e-06,4.0076723735182895e-06,23128.54875,1.0,22746.070152343746,6.756605532055237e-06,366.1966311515753,1920.0,1.0,,113,,,,,,,,
2.5492218619999676,0.013003422151086852,0.07820638082921505,0.0,1.0,0.014585,2.0,0.7150000000000001,0.0018019380222540349,0.1586616300046444,0.004114057053811848,6.9524376158369705e-06,2.5315786729152023e-06,23092.64675,1.0,22764.57345703125,6.756605532055237e-06,266.1899248809471,1920.0,1.0,,114,,,,,,,,
2.797863193000012,0.012233926022114852,0.08251953156044085,0.0,1.0,0.014537500000000002,3.0,0.7125,0.0029075464699417353,0.16554728398720422,0.005311903854211171,7.908967594024338e-06,2.9901663462320962e-06,23114.969,1.0,22746.51523046875,6.756605532055237e-06,315.28661316187623,1920.0,1.0,,115,,,,,,,,
2.945490517000053,0.011007639863237273,0.09216308686882257,0.0,0.0,0.014490000000000001,4.0,0.71,-0.0041645637320471,0.16198543831706047,-0.0018194532312918454,7.063251217687139e-06,2.70326987106273e-06,23127.840999999997,1.0,22762.84409765625,6.756605532055237e-06,295.0098999155464,1920.0,1.0,,116,,,,,,,,
2.7110126970001147,0.014445686916587874,0.08604600746184587,0.0,1.0,0.0144425,3.0,0.7075,0.0010921596161400278,0.15699081122875214,0.003357501312469443,7.542026196460938e-06,2.487281221874582e-06,23095.896999999997,1.0,22733.053964843748,6.756605532055237e-06,253.42339830371225,1920.0,1.0,,117,,,,,,,,
2.7608015050000176,0.017189557489473373,0.08045790096124013,0.0,1.0,0.014395000000000002,3.0,0.7050000000000001,0.004313701860761891,0.1604597344994545,0.00662154386130472,7.344204012345775e-06,2.4825401396810776e-06,23127.089,1.0,22800.165363281252,6.756605532055237e-06,265.5167423018807,1920.0,1.0,,118,,,,,,,,
2.601920138999958,0.02149682903836947,0.1073404960334301,0.0,1.0,0.014347500000000001,2.0,0.7025,-0.002491408828063868,0.15940484032034874,-0.0002075193915516138,8.7945620634855e-06,4.583116265166609e-06,23057.278,1.0,22498.99059765625,6.756605532055237e-06,364.6683839855598,1920.0,1.0,,119,,,,,,,,
2.491307748000054,0.05122836884402204,0.1149088554084301,0.0,1.0,0.0143,2.0,0.7,-5.6646415032446384e-05,0.15093090198934078,0.002097995486110449,8.994600420919596e-06,5.540144286442228e-06,23116.729,1.0,22596.271984375,6.756605532055237e-06,421.10838313417867,1920.0,1.0,,120,23140.238749999997,23131.55075,22641.696,70000042,22752.94051666667,best_of_k,23131.55075,188.59093773828036
2.7624180979998982,0.014384305793403959,0.08723958395421505,0.0,1.0,0.014252500000000001,3.0,0.6975,-0.0007549895090050995,0.15446647753318152,0.0014446687418967485,7.16331362582423e-06,2.3177375491438093e-06,23162.422749999998,1.0,22735.9978515625,6.756605532055237e-06,238.41705484471015,1920.0,1.0,,121,,,,,,,,
2.981239078000044,0.013832604090566747,0.11149088619276881,0.0,1.0,0.014205,4.0,0.6950000000000001,0.0030240376363508403,0.16140898782759905,0.005315187270753086,6.442253493332828e-06,2.0411652599250374e-06,23118.848250000003,1.0,22772.6850078125,6.756605532055237e-06,216.0213393673472,1920.0,1.0,,122,,,,,,,,
2.742909778000012,0.015547193441307172,0.052137587452307343,0.0,1.0,0.0141575,3.0,0.6925,0.0062108356117581325,0.16254818936189017,0.008509868872351944,7.672947579825026e-06,2.949395745114695e-06,23096.459749999998,1.0,22772.12329296875,6.756605532055237e-06,308.1672654487255,1920.0,1.0,,123,,,,,,,,
2.563678957000093,0.01963691359560471,0.0708821618463844,0.0,1.0,0.014110000000000001,2.0,0.69,0.0019522344809956849,0.16391167417168617,0.004263182636350393,6.509554623335134e-06,2.3883276014657895e-06,23116.248,1.0,22794.85430859375,6.756605532055237e-06,270.04990848785724,1920.0,1.0,,124,,,,,,,,
2.735639837000008,0.015367702493676916,0.08854166728754838,0.0,1.0,0.0140625,3.0,0.6875,0.003633183194324374,0.15468085433046022,0.00580640765838325,7.091144046474558e-06,2.529807659357175e-06,23106.59575,1.0,22829.292539062502,6.756605532055237e-06,284.33985367808356,1920.0,1.0,,125,,,,,,,,
2.7824570099999164,0.012059434763311097,0.07769097263614337,0.0,1.0,0.014015,3.0,0.685,-0.0061813065549358726,0.15243290985623995,-0.0040465037648876505,5.54222860197721e-06,1.9791905951175672e-06,23095.999249999997,1.0,22772.22796875,6.756605532055237e-06,243.92690831728578,1920.0,1.0,,126,,,,,,,,
2.5358358119999593,0.01750540295324754,0.08577474020421505,0.0,1.0,0.0139675,2.0,0.6825,-0.002025431487709284,0.14082272723317146,-6.142864003777504e-05,9.284312795898586e-06,4.020378128188895e-06,23102.34775,1.0,22752.03830078125,6.756605532055237e-06,361.1500306613194,1920.0,1.0,,127,,,,,,,,
2.9889393850000943,0.005823383296956308,0.039225260727107525,0.0,0.0,0.01392,4.0,0.6799999999999999,-0.0030504208989441395,0.13599782437086105,-0.0011587993067223579,5.592037524593252e-06,1.8175990632585126e-06,23098.371750000002,1.0,22866.7718046875,6.756605532055237e-06,207.76615916042786,1920.0,1.0,,128,,,,,,,,
2.9333415739999964,0.009454265957174357,0.07609049556776881,0.0,0.0,0.0138725,4.0,0.6775,0.0014858767826808617,0.13822131883352995,0.003402398753678426,4.102585464238473e-06,1.0870294460119112e-06,23117.91575,1.0,22943.09369140625,6.756605532055237e-06,129.19401522517757,1920.0,1.0,,129,,,,,,,,
2.732678690000057,0.0114214790907378,0.07828776103754838,0.0,1.0,0.013825,3.0,0.675,0.0003780294015693168,0.13474591573079428,0.002239341769988338,5.923229764448479e-06,1.916538442022405e-06,23082.755,1.0,22798.235640624996,6.756605532055237e-06,222.7047564122473,1920.0,1.0,,130,,,,,,,,
2.975780547000113,0.010929208518064115,0.0664876310620457,0.0,0.0,0.013777500000000002,4.0,0.6725,0.006108489615144208,0.12956811906769872,0.00789238722063601,5.444277064725611e-06,1.3668492258034348e-06,23120.555750000003,1.0,22918.796277343747,6.756605532055237e-06,168.57259773398303,1920.0,1.0,,131,,,,,,,,
2.9952575510001225,0.010476348594238516,0.08284505270421505,0.0,0.0,0.01373,4.0,0.6699999999999999,0.005959365924354643,0.13109136326238513,0.007758010848192498,5.174717472300472e-06,1.4427809915673606e-06,23114.83075,1.0,22919.48352734375,6.756605532055237e-06,176.85345916724958,1920.0,1.0,,132,,,,,,,,
3.044241809000141,0.010240814845019486,0.07259114645421505,0.0,0.0,0.0136825,4.0,0.6675,-0.0030285645989351906,0.12119787279516459,-0.0013716768007725477,4.998668487132818e-06,1.8053620465252607e-06,23120.353000000003,1.0,22902.3445859375,6.756605532055237e-06,233.5471110982917,1920.0,1.0,,133,,,,,,,,
2.55137880999996,0.025638742255978286,0.08829752635210752,0.0,1.0,0.013635000000000001,2.0,0.665,0.005653716973029077,0.13945305533707142,0.007552674156613648,9.959267856629594e-06,2.9804660925947246e-06,23135.48975,1.0,22799.021125000003,6.756605532055237e-06,253.77146486924926,1920.0,1.0,,134,,,,,,,,
2.5660015400001157,0.01920910224725958,0.06876627635210752,0.0,1.0,0.013587499999999999,2.0,0.6625,-0.0032464774849358946,0.12451405636966228,-0.0015565309440717101,9.007665880744753e-06,1.9755514699681953e-06,23176.646750000004,1.0,22908.04665234375,6.756605532055237e-06,152.09795787995634,1920.0,1.0,,135,,,,,,,,
2.5581189969998377,0.014851590342004783,0.07194010447710752,0.0,1.0,0.01354,2.0,0.6599999999999999,0.005394119303673506,0.12492827326059341,0.007083122152835131,9.014215265779058e-06,3.2514806775907346e-06,23122.47875,1.0,22863.408124999998,6.756605532055237e-06,316.7405759550975,1920.0,1.0,,136,,,,,,,,
2.382863638999879,0.022501363913761452,0.0626627616584301,0.0,1.0,0.013492500000000001,1.0,0.6575,0.00016756635159254074,0.12469429336488247,0.0018480774015188217,9.085287047128077e-06,2.0346442681784538e-06,23115.257,1.0,22834.90333984375,6.756605532055237e-06,238.1420266795583,1920.0,1.0,,137,,,,,,,,
2.9887375299999803,0.012268366714124568,0.07401530025526881,0.0,1.0,0.013445000000000002,4.0,0.655,-0.005067401012638584,0.1141814379952848,-0.003533917828463018,5.9838209409690535e-06,2.1759524031494948e-06,23123.93475,1.0,22952.007359375,6.756605532055237e-06,213.74797511159792,1920.0,1.0,,138,,,,,,,,
2.575642074999905,0.015828406350919977,0.07080078218132257,0.0,1.0,0.013397500000000001,2.0,0.6525000000000001,0.009210328069457319,0.11263092327862978,0.010717958328314126,5.934000398610806e-06,1.499822815276275e-06,23116.337,1.0,22880.31564453125,6.756605532055237e-06,196.69769122066108,1920.0,1.0,,139,,,,,,,,
3.0267987099998663,0.017406218496034853,0.09501139400526881,0.0,1.0,0.01335,4.0,0.65,-0.0036055669479537755,0.11326901474967599,-0.0020961600239388645,7.84042168788801e-06,3.901557050767224e-06,23120.61475,1.0,22674.65190234375,6.756605532055237e-06,338.086541821908,1920.0,1.0,,140,23176.646750000004,23110.27875,23106.29475,70000042,22929.13171666667,best_of_k,23110.27875,160.0523240826359
2.9837034720001157,0.01785682242916664,0.05928548239171505,0.0,1.0,0.013302500000000002,4.0,0.6475,0.005820951511850581,0.10244393767789006,0.007181498920544982,7.46152065289607e-06,2.9338542049117677e-06,23203.560250000002,1.0,22883.238523437503,6.756605532055237e-06,253.60692664197552,1920.0,1.0,,141,,,,,,,,
2.534946518999959,0.017975935043068603,0.08382161520421505,0.0,1.0,0.013255000000000001,2.0,0.645,0.0011481284745968878,0.10593016818165779,0.0025484722573310137,5.86803054147822e-06,6.346826580738707e-06,23208.313000000002,1.0,22964.29289453125,6.756605532055237e-06,187.8410427717115,1920.0,1.0,,142,,,,,,,,
2.4983421550000458,0.0159181830676971,0.0851236991584301,0.0,1.0,0.0132075,2.0,0.6425000000000001,0.002268149226438254,0.09926208388060331,0.0035760152677539736,5.727396228394355e-06,5.130520051466192e-06,23124.961,1.0,22921.61447265625,6.756605532055237e-06,208.32109854275583,1920.0,1.0,,143,,,,,,,,
2.7750905109999167,0.01749344905450319,0.06646050388614337,0.0,1.0,0.013160000000000002,3.0,0.64,0.0026285893691238016,0.10092683571080367,0.003953187571217616,7.541190522412459e-06,5.689829909745943e-06,23111.646749999996,1.0,22837.33203515625,6.756605532055237e-06,360.4044346549834,1920.0,1.0,,144,,,,,,,,
2.55503662000001,0.017702284472761676,0.08772786520421505,0.0,1.0,0.013112500000000001,2.0,0.6375,0.0006748111918568611,0.09343603998422623,0.0018970546079799533,5.331966576704872e-06,4.805604731927815e-06,23129.201,1.0,22911.1458984375,6.756605532055237e-06,219.40232012961755,1920.0,1.0,,145,,,,,,,,
2.944355099999939,0.013052241636614781,0.07267252635210752,0.0,1.0,0.013065,4.0,0.635,-0.0029508647858165205,0.08912796573713422,-0.001793043571524322,7.06281153384225e-06,1.1860125312068703e-05,23127.097,1.0,22983.43768359375,6.756605532055237e-06,175.45527318249367,1920.0,1.0,,146,,,,,,,,
2.616847805999896,0.022509295031341026,0.07731119822710752,0.0,1.0,0.013017500000000001,2.0,0.6325000000000001,-0.0023548256722278893,0.09984470251947641,-0.0011103247525170445,3.283771764017729e-05,0.00010388828277996254,23131.67875,1.0,22807.9947109375,6.756605532055237e-06,302.68747328384296,1920.0,1.0,,147,,,,,,,,
2.7485027549998904,0.02005753232515417,0.061252170552810035,0.0,1.0,0.01297,3.0,0.63,0.0007269582323109111,0.09085666947066784,0.0018083541265999277,7.166458738083747e-05,0.00017969899291377564,23123.422749999998,1.0,22959.23835546875,6.756605532055237e-06,246.5409979921763,1920.0,1.0,,148,,,,,,,,
2.956584368999984,0.02040276247134898,0.06323242234066129,0.0,1.0,0.0129225,4.0,0.6275,0.006307811527221929,0.08965043490752578,0.007286878702871036,0.00023604831699231,0.0003116707836738897,23183.393000000004,1.0,22876.436535156252,6.756605532055237e-06,222.7278228751596,1920.0,1.0,,149,,,,,,,,
2.530853954000122,0.015900709113338962,0.06477864645421505,0.0,1.0,0.012875000000000001,2.0,0.625,0.0016761355800554156,0.09433080349117517,0.001437297323718667,0.002320413587767689,0.0024426129220955772,23166.532,1.0,22909.06807421875,6.756605532055237e-06,244.6893057867945,1920.0,1.0,,150,,,,,,,,
2.5628250809998008,0.017633922572713345,0.07291666697710752,0.0,1.0,0.0128275,2.0,0.6225,0.0012003417214145884,0.09819504711776972,0.0021081019658595324,0.0007515419874835061,0.0005533644143724814,23120.61475,1.0,22991.03105859375,6.756605532055237e-06,184.5043866763173,1920.0,1.0,,151,,,,,,,,
2.536370962000092,0.04281099222134799,0.1031901054084301,0.0,1.0,0.01278,2.0,0.62,-0.0024622222117614,0.09501805435866117,-0.0014155368553474545,0.00035267819612272433,0.00026475580079932115,23170.513000000003,1.0,22893.52222265625,6.756605532055237e-06,329.92483164701446,1920.0,1.0,,152,,,,,,,,
2.9332627769999817,0.014714183191244956,0.0845133475959301,0.0,0.0,0.0127325,4.0,0.6174999999999999,-0.002786070661386475,0.09976220736280084,-0.0016261474811471999,0.0004542305873656005,0.00012975178879059968,23091.22225,1.0,22198.763289062503,6.756605532055237e-06,468.867198985173,1920.0,1.0,,153,,,,,,,,
2.53001822300007,0.14037340525828768,0.11881510727107525,0.0,1.0,0.012685,2.0,0.615,-0.006005468501825817,0.08721798285841942,-0.004944258602336049,9.245789101441915e-05,7.181005639722571e-05,23106.29475,1.0,22346.0775546875,6.756605532055237e-06,310.1358369338872,1920.0,1.0,,154,,,,,,,,
2.3930813599999965,0.055428674353606766,0.0895182304084301,0.0,1.0,0.0126375,1.0,0.6125,-0.0038635178934782743,0.10370237194001675,-0.0025767795741558075,3.2000834835343994e-05,4.1200397163265734e-05,22977.0875,1.0,22639.35733203125,6.756605532055237e-06,260.2455825730031,1920.0,1.0,,155,,,,,,,,
2.4056931380000606,0.07053519908367889,0.119140625,0.0,1.0,0.01259,1.0,0.61,0.02510608546435833,0.0943197812885046,0.02627337770536542,8.36531989989453e-05,2.365459772590839e-05,22518.06525,1.0,21662.904546874997,6.756605532055237e-06,370.0704679317256,1920.0,1.0,,156,,,,,,,,
2.5998035029999755,0.019152984115862637,0.0843912772834301,0.0,1.0,0.012542500000000002,2.0,0.6074999999999999,0.013834243232849985,0.09155021235346794,0.014929775963537395,6.693211207675631e-05,9.208612300426466e-05,22221.779,1.0,21640.8386171875,6.756605532055237e-06,487.09343108542157,1920.0,1.0,,157,,,,,,,,
2.4006016519999775,0.027690365777289117,0.0821940116584301,0.0,1.0,0.012495,1.0,0.605,0.004928906448185444,0.09257994219660759,0.006074423436075449,4.805032403965015e-05,1.2931654737258214e-05,22122.851,1.0,21472.364539062502,6.756605532055237e-06,450.42556504543813,1920.0,1.0,,158,,,,,,,,
3.2173821369999587,0.010381436887200834,0.046468099346384406,0.0,0.0,0.0124475,4.0,0.6025,0.0008626983035355806,0.08751725172623992,0.0019450766849331558,2.012465580492062e-05,9.959949579751992e-06,22126.36575,1.0,21715.362902343746,6.756605532055237e-06,418.1559471809503,1920.0,1.0,,159,,,,,,,,
3.0341341559999364,0.012031436181587196,0.06262207077816129,0.0,0.0,0.012400000000000001,4.0,0.6,-0.003062224597670138,0.08897456061095,-0.001963530376087874,1.2235553015216283e-05,6.734444355060987e-06,22163.49025,1.0,21634.9543125,6.756605532055237e-06,438.0689527856197,1920.0,1.0,,160,23208.313000000002,22210.8795,22092.8075,70000042,21778.28075,best_of_k,22210.8795,409.6947822424948
3.0133177289999367,0.023552850175292406,0.07360839936882257,0.0,1.0,0.012352499999999999,4.0,0.5974999999999999,0.014665226568467915,0.08791200304403901,0.01574828673619777,7.691671811471679e-06,4.208967794738783e-06,22224.871499999997,1.0,21891.723203125,6.756605532055237e-06,270.2861135700943,1920.0,1.0,,161,,,,,,,,
2.3649737579999055,0.020382404218253214,0.0851236991584301,0.0,1.0,0.012305,1.0,0.595,0.002216936321929097,0.08540652506053448,0.0032657478004693985,5.18068486599077e-06,3.1975624210645037e-06,22549.85425,1.0,21927.23974609375,6.756605532055237e-06,230.6142363996896,1920.0,1.0,,162,,,,,,,,
3.0291341289998854,0.015954706190768775,0.07580566499382257,0.0,0.0,0.012257500000000001,4.0,0.5925,0.0015356578442151658,0.08740835031494498,0.0026044223341159523,6.289271965442822e-06,4.027662953376421e-06,22549.990250000003,1.0,21929.487371093746,6.756605532055237e-06,299.1348480793451,1920.0,1.0,,163,,,,,,,,
2.7869150930000615,0.015340192075655068,0.0697157122194767,0.0,1.0,0.012210000000000002,3.0,0.5900000000000001,-0.0023262801696546376,0.0874811119089524,-0.001260527380509302,5.3873354772804305e-06,3.705532189239117e-06,22548.13425,1.0,21975.5478984375,6.756605532055237e-06,281.92103478965913,1920.0,1.0,,164,,,,,,,,
2.4009210510000685,0.03959079064952675,0.1092122420668602,0.0,1.0,0.012162500000000001,1.0,0.5875,0.031039397232234478,0.08592386171221733,0.03208161657676101,6.139801257631916e-06,4.4297742078924784e-06,22528.038249999998,1.0,21960.176683593752,6.756605532055237e-06,340.67139045020446,1920.0,1.0,,165,,,,,,,,
3.020234670000036,0.014765808839001693,0.10371907660737634,0.0,1.0,0.012115,4.0,0.585,-0.004967802145984024,0.09530773432925344,-0.0038169820327311754,9.025218361102816e-06,5.861509322357961e-06,22239.1735,1.0,21575.818078125,6.756605532055237e-06,419.22250301295225,1920.0,1.0,,166,,,,,,,,
3.0291588920001686,0.02995479165110737,0.09952799556776881,0.0,1.0,0.0120675,4.0,0.5825,0.0069333663559518754,0.1017285012640059,0.008157385571394116,8.135599586012177e-06,5.551823363703079e-06,22544.32625,1.0,21846.3861875,6.756605532055237e-06,377.808503264483,1920.0,1.0,,167,,,,,,,,
3.0098874750001414,0.010897717003899743,0.07779947994276881,0.0,0.0,0.012020000000000001,4.0,0.5800000000000001,-0.0039652638079132885,0.09524676483124495,-0.002824450086336583,9.349513788947661e-06,6.235863963865995e-06,22562.183250000002,1.0,22239.420824218752,6.756605532055237e-06,358.0194928365095,1920.0,1.0,,168,,,,,,,,
2.8199160829999528,0.01955948652380357,0.09884982742369175,0.0,1.0,0.0119725,3.0,0.5775,-0.0007767411007080227,0.09648674726486206,0.00037579411097491783,5.218529887921856e-06,4.260781603685852e-06,22557.15025,1.0,22239.2791796875,6.756605532055237e-06,313.05416083952673,1920.0,1.0,,169,,,,,,,,
3.0064288009998563,0.008968989240543124,0.05594889377243817,0.0,0.0,0.011925000000000002,4.0,0.575,3.992696292698383e-05,0.08520323922857642,0.0010537516791373491,4.888646145673192e-06,3.4699743167720953e-06,22564.78225,1.0,22359.690039062498,6.756605532055237e-06,279.1886544556636,1920.0,1.0,,170,,,,,,,,
3.006286659999887,0.015057116184607366,0.05187988327816129,0.0,1.0,0.011877500000000001,4.0,0.5725,0.002137551120540593,0.0891885869204998,0.003195429453626275,3.1257408892315652e-06,2.2933072045816516e-06,22573.982249999997,1.0,22386.6033984375,6.756605532055237e-06,197.52980333582587,1920.0,1.0,,171,,,,,,,,
2.6163977129999694,0.014440007151279133,0.05078125046566129,0.0,1.0,0.01183,2.0,0.5700000000000001,-0.0006710786838084459,0.08525496162474155,0.00033599312882870436,3.3885018808632594e-06,2.3112936560210073e-06,22861.496000000003,1.0,22467.9240078125,6.756605532055237e-06,178.64750482322532,1920.0,1.0,,172,,,,,,,,
3.0037518999999975,0.012207727897475706,0.05765787838026881,0.0,1.0,0.011782500000000001,4.0,0.5675,0.0028785033500753343,0.08096182439476252,0.003830936417216435,3.287891587433478e-06,2.341548636763946e-06,22797.340999999997,1.0,22464.751097656248,6.756605532055237e-06,185.1449692752641,1920.0,1.0,,173,,,,,,,,
2.5839634580001984,0.014685809446291387,0.05989583395421505,0.0,1.0,0.011735,2.0,0.565,-0.00016460777260363102,0.07162499707192183,0.0006728946464136243,7.0801866627334675e-06,4.617968272668804e-06,22851.487999999998,1.0,22280.229375,6.756605532055237e-06,378.1747054926089,1920.0,1.0,,174,,,,,,,,
2.804972300999907,0.013441392478853231,0.06434461909035842,0.0,1.0,0.0116875,3.0,0.5625,0.0022136351520506046,0.06567991152405739,0.0029795353766530752,3.7759651642469785e-06,2.713521382702311e-06,22861.968,1.0,22497.541624999998,6.756605532055237e-06,170.05697525913808,1920.0,1.0,,175,,,,,,,,
2.6146260719999646,0.013352095807931619,0.045328776352107525,0.0,1.0,0.011640000000000001,2.0,0.56,0.005487063521286473,0.06743310764431953,0.006270281737670302,3.8806911106803454e-06,2.629408697885083e-06,22853.512,1.0,22477.045453125,6.756605532055237e-06,212.64329599266165,1920.0,1.0,,176,,,,,,,,
3.0175723709999147,0.002335976243557525,0.019002278771949932,0.0,0.0,0.0115925,4.0,0.5575,-0.0013547164089686703,0.06526491069234908,-0.0005997734260745347,3.669625968427681e-06,2.545826760069758e-06,22565.70225,1.0,22441.349859374997,6.756605532055237e-06,183.21885299325436,1920.0,1.0,,177,,,,,,,,
3.024302217000013,0.010845814243111818,0.06013997457921505,0.0,0.0,0.011545,4.0,0.5549999999999999,-0.0021299650543369353,0.07025541248731315,-0.0013201180845499039,2.778250134838345e-06,1.9479162247648674e-06,22797.340999999997,1.0,22488.56837109375,6.756605532055237e-06,176.04441602281037,1920.0,1.0,,178,,,,,,,,
3.057593042999997,0.007414202250402013,0.05265299521852285,0.0,0.0,0.0114975,4.0,0.5525,-0.0017494279600214213,0.07227382203564048,-0.0009198031038977206,2.841292186417377e-06,2.1176798270516883e-06,22855.735999999997,1.0,22542.378160156248,6.756605532055237e-06,196.85317336978466,1920.0,1.0,,179,,,,,,,,
2.7864769340003477,0.01104538755074221,0.057020400340358414,0.0,1.0,0.01145,3.0,0.55,0.0013476979220286012,0.07181202558179696,0.0021686693653464317,2.9125287521007217e-06,1.971533161319409e-06,22854.431999999997,1.0,22545.280109375002,6.756605532055237e-06,195.51153991013666,1920.0,1.0,,180,23208.313000000002,22856.471999999998,22790.328,70000042,22626.87573333333,best_of_k,22856.471999999998,223.78771789789886
2.770474735999869,0.016224470200540964,0.07714843874176343,0.0,1.0,0.011402500000000001,3.0,0.5475,-0.00031803563858071965,0.08107171890636285,0.0006047055746118227,3.546497926739297e-06,2.644917439435327e-06,22859.415999999997,1.0,22580.649667968748,6.756605532055237e-06,261.48116277266536,1920.0,1.0,,181,,,,,,,,
3.0239647409998724,0.012550338706205366,0.06563313805963844,0.0,0.0,0.011355,4.0,0.5449999999999999,0.0007852887792978436,0.07822758005931973,0.0016716309473849833,4.385989839761351e-06,2.9872789326645943e-06,22858.496,1.0,22576.180785156248,6.756605532055237e-06,331.875895754384,1920.0,1.0,,182,,,,,,,,
2.955662609999763,0.01356569118797779,0.06595865933923051,0.0,0.0,0.0113075,4.0,0.5425,0.0034371690562693402,0.07269803155213594,0.0042579390574246645,2.948268871705295e-06,1.9381360232273437e-06,22894.551999999996,1.0,22678.69188671875,6.756605532055237e-06,205.05020703144916,1920.0,1.0,,183,,,,,,,,
2.957761644999664,0.007615515991346911,0.039428711170330644,0.0,0.0,0.011260000000000001,4.0,0.54,-0.0007026752828096505,0.06892352015711367,7.24582168913912e-05,2.1007402537520647e-06,1.4714975620222503e-06,22859.032,1.0,22771.874421875,6.756605532055237e-06,115.47607623480975,1920.0,1.0,,184,,,,,,,,
2.9515945359999023,0.007483755638531875,0.04138183602481149,0.0,0.0,0.0112125,4.0,0.5375,0.003097821638220921,0.07054041256196797,0.0038876631297171116,2.5457503340931e-06,1.6752708376088776e-06,22859.415999999997,1.0,22743.51536328125,6.756605532055237e-06,159.49648331245044,1920.0,1.0,,185,,,,,,,,
2.5266293310000947,0.014062954622204416,0.04524739598855376,0.0,1.0,0.011165,2.0,0.5349999999999999,0.008199940901249647,0.08053441345691681,0.009098018985241652,2.7726507028091874e-06,1.6244617739857858e-06,22854.431999999997,1.0,22725.138023437496,6.756605532055237e-06,139.3234346731388,1920.0,1.0,,186,,,,,,,,
2.794566553000095,0.014290163012143845,0.0813802086437742,0.0,1.0,0.0111175,3.0,0.5325,0.00758389833693703,0.08160672957698505,0.00848956658349683,4.497503482525644e-06,2.288347616286046e-06,22864.104,1.0,22588.809246093748,6.756605532055237e-06,234.95995373765933,1920.0,1.0,,187,,,,,,,,
2.3521866529999897,0.029363698966335505,0.06298828125,0.0,1.0,0.011070000000000002,1.0,0.53,0.015779885463416576,0.09345751442015171,0.01681226771324873,5.976913371341652e-06,3.1899302825877385e-06,22878.632,1.0,22532.211214843748,6.756605532055237e-06,336.1296784096356,1920.0,1.0,,188,,,,,,,,
2.528146587000265,0.012309001802350394,0.06616211030632257,0.0,1.0,0.011022500000000001,2.0,0.5275000000000001,-0.003144707763567567,0.06786150764673948,-0.002398138982243836,3.7647756698788726e-06,2.1168001751448173e-06,23123.99875,1.0,22714.5260546875,6.756605532055237e-06,195.78597955784414,1920.0,1.0,,189,,,,,,,,
2.9642584779999197,0.013296931196236983,0.05367024790029973,0.0,1.0,0.010975,4.0,0.525,0.0022374087930074893,0.07507415069267154,0.003060252311115619,2.618209677507366e-06,1.666520205390043e-06,22986.9355,1.0,22727.86834375,6.756605532055237e-06,177.4490023511398,1920.0,1.0,,190,,,,,,,,
2.9598449080003775,0.010849060538021149,0.06717936275526881,0.0,1.0,0.010927500000000001,4.0,0.5225,0.002012894408835564,0.08703692210838199,0.0029627793510371703,3.016470245142955e-06,1.8167734623375509e-06,22862.888,1.0,22632.6203984375,6.756605532055237e-06,203.81924966941676,1920.0,1.0,,191,,,,,,,,
2.7081258409998554,0.012498824478825554,0.06526692770421505,0.0,1.0,0.01088,3.0,0.52,0.004669584954778354,0.07669635117053986,0.005502866813912988,2.7230558240868654e-06,1.8041500974656326e-06,22864.104,1.0,22660.1777265625,6.756605532055237e-06,204.12415695397578,1920.0,1.0,,192,,,,,,,,
3.011605428999701,0.00627567576157162,0.03853352926671505,0.0,0.0,0.0108325,4.0,0.5175000000000001,0.007082695228746161,0.0785905490629375,0.007933031214633957,2.27223785032038e-06,1.538434943881839e-06,23154.60675,1.0,22758.911511718747,6.756605532055237e-06,161.81166094454866,1920.0,1.0,,193,,,,,,,,
2.5449121010001363,0.016474297604872845,0.0785319022834301,0.0,1.0,0.010785000000000001,2.0,0.515,-0.0020706001669168472,0.07657499890774488,-0.0012455780524760485,1.9408005442755893e-06,1.2930630362006923e-06,22858.496,1.0,22781.87651953125,6.756605532055237e-06,129.18162082793683,1920.0,1.0,,194,,,,,,,,
2.3578415380002298,0.028766163071850315,0.0685221366584301,0.0,1.0,0.0107375,1.0,0.5125,0.007466092240065336,0.07609946466982365,0.008282294729724526,2.2133286847747513e-06,1.3882934410958114e-06,22891.703999999998,1.0,22745.7334765625,6.756605532055237e-06,151.19661296913745,1920.0,1.0,,195,,,,,,,,
2.949062677999791,0.010353660734836012,0.07633463619276881,0.0,0.0,0.010690000000000002,4.0,0.51,0.009682738687843084,0.07434484595432878,0.010476452080183662,2.6741786030015646e-06,1.530088951540165e-06,23112.66275,1.0,22741.507128906247,6.756605532055237e-06,162.30425781304683,1920.0,1.0,,196,,,,,,,,
2.9904684399998587,0.010452581838762853,0.07088216207921505,0.0,0.0,0.010642500000000001,4.0,0.5075000000000001,0.012559858172608074,0.07492280658334494,0.013356014038436115,3.188342901694341e-06,1.7824890363726809e-06,23111.90825,1.0,22711.08842578125,6.756605532055237e-06,189.77080838343718,1920.0,1.0,,197,,,,,,,,
2.9896929930000624,0.00973720211914042,0.06311035202816129,0.0,0.0,0.010595,4.0,0.505,-0.0025706388441903982,0.07383050164207816,-0.0017898428195621818,3.7624274256131685e-06,2.1239309404563755e-06,23169.198749999996,1.0,22748.42142578125,6.756605532055237e-06,224.1399576138797,1920.0,1.0,,198,,,,,,,,
2.9789156909996564,0.014021288166986778,0.05725097702816129,0.0,1.0,0.010547500000000001,4.0,0.5025,-0.0028085488884244114,0.0745917628519237,-0.0020236123236827552,4.322182647342743e-06,2.7755273777074763e-06,23169.198749999996,1.0,22843.1975859375,6.756605532055237e-06,284.33313454610044,1920.0,1.0,,199,,,,,,,,
2.594574941999781,0.022546650317963213,0.0665690116584301,0.0,1.0,0.0105,2.0,0.5,0.013500284752808511,0.07304874900728464,0.014265854144468904,3.762805732776542e-06,2.132570756430141e-06,23198.985,1.0,22880.368003906253,6.756605532055237e-06,241.27558298589335,1920.0,1.0,,200,23208.313000000002,23169.198749999996,23154.60675,70000042,23009.881833333333,best_of_k,23169.198749999996,143.96890308819513
2.755629563999719,0.020515430757465463,0.06179470537851254,0.0,1.0,0.010452500000000002,3.0,0.49750000000000005,0.006532060215249658,0.06567722683151563,0.007217663728321592,2.319300307362937e-06,1.3110112888625736e-06,23170.718749999996,1.0,23001.902578125,6.756605532055237e-06,141.45687012449352,1920.0,1.0,,201,,,,,,,,
2.9766068980002274,0.005619119547191076,0.04300944053102285,0.0,0.0,0.010405000000000001,4.0,0.495,-0.002038073551375419,0.06789452163502574,-0.001332828076556325,2.924681780314131e-06,1.8095263314421572e-06,23166.297,1.0,22976.83162890625,6.756605532055237e-06,208.69788292772276,1920.0,1.0,,202,,,,,,,,
3.0388458960001117,0.007896791932580527,0.04109700571279973,0.0,0.0,0.010357500000000002,4.0,0.49250000000000005,0.0014964795554988086,0.057890143943950534,0.0020952523918822408,2.3981850176824082e-06,1.1688062713233194e-06,23169.198749999996,1.0,23053.03578515625,6.756605532055237e-06,110.35824693984769,1920.0,1.0,,203,,,,,,,,
2.765296267999929,0.01250379411309647,0.041992188120881714,0.0,1.0,0.01031,3.0,0.49,0.001570792441877226,0.0625044455130895,0.0022140847674260535,2.9830660916256115e-06,1.6614897996684401e-06,23154.60675,1.0,23004.794289062498,6.756605532055237e-06,183.81882376536674,1920.0,1.0,,204,,,,,,,,
2.943402354000227,0.008487079932820052,0.058308919658884406,0.0,0.0,0.0102625,4.0,0.48750000000000004,0.00010171701433137059,0.06889049313031137,0.0008079044637270272,2.0152119617478093e-06,1.1991115940190866e-06,23170.281,1.0,22986.448617187496,6.756605532055237e-06,134.42109960245787,1920.0,1.0,,205,,,,,,,,
2.701361478000308,0.010823614759525904,0.0396592888670663,0.0,1.0,0.010215,3.0,0.485,-0.0009877913786719243,0.07145143362383048,-0.000258793782753249,2.3814721998860477e-06,1.2832110864261874e-06,23162.977,1.0,23040.4791328125,6.756605532055237e-06,135.05143466321874,1920.0,1.0,,206,,,,,,,,
3.01012544599962,0.013228707844973542,0.060628255596384406,0.0,1.0,0.010167500000000001,4.0,0.48250000000000004,-0.0033161951578222215,0.08566439431160688,-0.002446706290356815,3.4523307590461627e-06,2.3169312299842204e-06,23166.297,1.0,22958.7240703125,6.756605532055237e-06,252.86276615404427,1920.0,1.0,,207,,,,,,,,
2.918234574000053,0.009914251299051102,0.06929524801671505,0.0,0.0,0.01012,4.0,0.48,0.002555527607910335,0.09650916885584593,0.003531278227455914,2.330321080989961e-06,1.3784429029328749e-06,23166.537,1.0,23018.144796875,6.756605532055237e-06,141.90602353044255,1920.0,1.0,,208,,,,,,,,
2.954429814999912,0.009016896940011065,0.05456543038599193,0.0,0.0,0.010072500000000002,4.0,0.47750000000000004,-0.004678637968027033,0.09085641102865338,-0.003765661414945498,4.832549819866472e-06,3.3813872306609483e-06,23169.294749999997,1.0,22884.48823828125,6.756605532055237e-06,298.2978204147395,1920.0,1.0,,209,,,,,,,,
3.0046614379998573,0.010939705767668784,0.058430989971384406,0.0,1.0,0.010025000000000001,4.0,0.475,-3.4002005122601986e-05,0.09141420479863882,0.0008809594437479973,3.3432673802735735e-06,2.263615591857615e-06,23164.400999999998,1.0,23003.7275390625,6.756605532055237e-06,219.42857751954807,1920.0,1.0,,210,,,,,,,,
2.9712782930000685,0.008900261440430768,0.07181803416460752,0.0,0.0,0.009977500000000002,4.0,0.47250000000000003,-0.0004832449631066993,0.08894377248361707,0.00040302437264472246,2.7154071915447275e-06,1.790982565808008e-06,23160.382749999997,1.0,23024.62569921875,6.756605532055237e-06,195.57526931211467,1920.0,1.0,,211,,,,,,,,
3.0850382670000727,0.008807096768578049,0.058024088852107525,0.0,0.0,0.00993,4.0,0.47,0.0021624888468068093,0.09237726964056492,0.0030788115691393614,2.2713857319445196e-06,1.5135008979427766e-06,23167.433,1.0,22983.6863359375,6.756605532055237e-06,185.63323807346347,1920.0,1.0,,212,,,,,,,,
2.5420658650000405,0.025104590589762665,0.06827799510210752,0.0,1.0,0.0098825,2.0,0.4675,0.001159959880169481,0.08222207613289356,0.001971681136637926,1.983817782047481e-06,1.2791154375690894e-06,23161.80675,1.0,23042.345539062502,6.756605532055237e-06,156.21051071061459,1920.0,1.0,,213,,,,,,,,
2.572521589000189,0.02376719581661746,0.04036458395421505,0.0,1.0,0.009835,2.0,0.46499999999999997,-0.004661413986468688,0.0823199562728405,-0.003853293717838824,3.2315230100721237e-06,2.3464708078790864e-06,23169.74275,1.0,22995.6702890625,6.756605532055237e-06,257.42270014606044,1920.0,1.0,,214,,,,,,,,
2.530276359000254,0.017629070309340023,0.07006836030632257,0.0,1.0,0.009787500000000001,2.0,0.4625,0.006350438692606986,0.08976004552096128,0.0072271921671926975,3.9053244620390615e-06,2.7640908797366137e-06,23180.809,1.0,22979.5006953125,6.756605532055237e-06,310.4019247752191,1920.0,1.0,,215,,,,,,,,
2.9791279529999883,0.009911619599733967,0.048828125232830644,0.0,0.0,0.00974,4.0,0.45999999999999996,-0.002108899687300436,0.08078852156177163,-0.0013230504700914025,2.815285739643514e-06,1.4994368910947742e-06,23175.697,1.0,23052.3645703125,6.756605532055237e-06,178.4504448814229,1920.0,1.0,,216,,,,,,,,
3.0017751569998836,0.009277517390728462,0.05749511765316129,0.0,0.0,0.009692500000000001,4.0,0.4575,-0.002638323901919648,0.0889633921906352,-0.0017769294790923595,2.3539299789376855e-06,1.2944065730380316e-06,23169.198749999996,1.0,23030.154125,6.756605532055237e-06,173.6843238171995,1920.0,1.0,,217,,,,,,,,
2.9758295100000396,0.01742736926098587,0.061848958721384406,0.0,1.0,0.009644999999999999,4.0,0.45499999999999996,0.0019032324889849406,0.09206253616139293,0.002789595862850547,4.007786799320456e-06,2.3592879614398043e-06,23167.87075,1.0,22949.3602578125,6.756605532055237e-06,256.6474509803531,1920.0,1.0,,218,,,,,,,,
2.97315209899989,0.014553041073668282,0.07324218819849193,0.0,1.0,0.0095975,4.0,0.4525,-0.0010831167310243472,0.09136171359568834,-0.00020740943728014827,2.461634018402492e-06,1.7801549105911363e-06,23169.198749999996,1.0,22987.080171875,6.756605532055237e-06,220.39383535033667,1920.0,1.0,,219,,,,,,,,
2.970021822000035,0.00827694458712358,0.054646810283884406,0.0,0.0,0.00955,4.0,0.44999999999999996,0.0030244257213780656,0.08373368717730045,0.003823358623776585,1.8167892150700027e-06,1.0831210062178798e-06,23166.297,1.0,23036.133597656248,6.756605532055237e-06,140.62487653309591,1920.0,1.0,,220,23208.313000000002,23154.60675,23154.60675,70000042,23044.852525000002,best_of_k,23154.60675,162.84811329812717
2.9893319739999242,0.00817854704655474,0.041300456039607525,0.0,0.0,0.0095025,4.0,0.4475,0.003360817951033823,0.0797434221021831,0.004117906792089343,1.5358838183487933e-06,1.0404227310800707e-06,23166.297,1.0,23076.20037109375,6.756605532055237e-06,134.82574650671773,1920.0,1.0,,221,,,,,,,,
2.9394059420001213,0.007102949297404848,0.034952799789607525,0.0,0.0,0.009455,4.0,0.44499999999999995,-0.002962941067380598,0.07515004929155111,-0.002253338898299262,2.135053392748887e-06,1.4563877925866109e-06,23170.686749999997,1.0,23040.54467578125,6.756605532055237e-06,186.86333478495547,1920.0,1.0,,222,,,,,,,,
2.780748937000226,0.0106003579373161,0.03325737857570251,0.0,1.0,0.009407500000000001,3.0,0.4425,-0.0023108218253279724,0.07109023754795392,-0.0016425463060537975,1.2385051017342146e-06,7.648055676175621e-07,23169.198749999996,1.0,23078.20819140625,6.756605532055237e-06,70.84607845037279,1920.0,1.0,,223,,,,,,,,
2.7475033610003265,0.012484032321178043,0.038845486318071686,0.0,1.0,0.00936,3.0,0.43999999999999995,-0.0010861079790629447,0.0693292695408066,-0.0004381472244858742,2.133143946518127e-06,1.4949389613623982e-06,23169.198749999996,1.0,23054.972402343752,6.756605532055237e-06,183.43268207642052,1920.0,1.0,,224,,,,,,,,
2.960565722999945,0.006382445135386661,0.05049641942605376,0.0,0.0,0.009312500000000001,4.0,0.4375,-0.0007146075222408399,0.07958417618647218,2.5963527150452137e-05,1.2700273686050423e-06,8.590969748922817e-07,23166.350749999998,1.0,23041.714855468752,6.756605532055237e-06,100.35713238510792,1920.0,1.0,,225,,,,,,,,
2.313228314999833,0.026743566064396873,0.0504557304084301,0.0,1.0,0.009265000000000002,1.0,0.43500000000000005,0.021974899456836283,0.07266386039555073,0.022647508420050144,1.5039393304050463e-06,9.427591152189052e-07,23166.297,1.0,23043.57878125,6.756605532055237e-06,116.19880606937491,1920.0,1.0,,226,,,,,,,,
2.5867244089999986,0.03263893580879085,0.06136067770421505,0.0,1.0,0.0092175,2.0,0.4325,0.003202768159098923,0.06045732507482171,0.0037583436351269484,3.654567905186923e-06,2.6514825037793344e-06,23169.198749999996,1.0,22898.790074218752,6.756605532055237e-06,271.4595913386118,1920.0,1.0,,227,,,,,,,,
2.993584653999733,0.005636883855913766,0.040852864854969084,0.0,0.0,0.009170000000000001,4.0,0.43000000000000005,-0.0034494351129978895,0.05516837886534631,-0.0029443310340866446,1.7138229040369879e-06,1.2365508155198768e-06,23166.350749999998,1.0,23040.147917968752,6.756605532055237e-06,167.97455281509664,1920.0,1.0,,228,,,,,,,,
2.9911997960002736,0.0049159310219693,0.030965169542469084,0.0,0.0,0.0091225,4.0,0.4275,0.0007562836563010933,0.05198807152919471,0.001229821180459112,1.638042284923813e-06,1.1182876491488969e-06,23169.198749999996,1.0,23079.73073046875,6.756605532055237e-06,148.8897849121755,1920.0,1.0,,229,,,,,,,,
2.9843566430004103,0.010227673992631026,0.03308105480391532,0.0,0.0,0.009075000000000001,4.0,0.42500000000000004,0.005115788255352527,0.045158886816352606,0.005524654290638864,1.947701726123796e-06,1.511407155874167e-06,23175.697,1.0,23070.517902343752,6.756605532055237e-06,205.36677838159935,1920.0,1.0,,230,,,,,,,,
2.940613366999969,0.005453293408208992,0.024047851795330644,0.0,0.0,0.0090275,4.0,0.4225,-0.002644817330292426,0.04234017105773091,-0.002263180329464376,1.2756443013017815e-06,9.230659969716726e-07,23167.433,1.0,23097.5482890625,6.756605532055237e-06,125.94182837092092,1920.0,1.0,,231,,,,,,,,
2.948651057999996,0.010849291679733142,0.044189453474245965,0.0,1.0,0.008980000000000002,4.0,0.42000000000000004,-0.0022405728232115507,0.04201709688641131,-0.0018636792665347457,8.727942564235036e-07,6.644549941370315e-07,23169.198749999996,1.0,23139.1749375,6.756605532055237e-06,54.877358648715344,1920.0,1.0,,232,,,,,,,,
2.564594037000006,0.039731183598632924,0.10888672061264515,0.0,1.0,0.008932500000000001,2.0,0.4175,0.033055296866223216,0.05384987639263272,0.033534178510308266,4.918796747688248e-06,3.28076380640141e-06,23013.26275,1.0,22705.099410156254,6.756605532055237e-06,244.52442245879962,1920.0,1.0,,233,,,,,,,,
2.4159212959998513,0.03126103533577407,0.0826822929084301,0.0,1.0,0.008885,1.0,0.41500000000000004,0.009397537389304489,0.05880817398428917,0.009918990855567245,3.1748646733831265e-06,1.4797630001339712e-06,22843.39075,1.0,22574.429734375,6.756605532055237e-06,108.94581755503137,1920.0,1.0,,234,,,,,,,,
2.9870204440003363,0.014280747028806218,0.0773518888745457,0.0,1.0,0.0088375,4.0,0.4125,0.0008394918986596167,0.05893182381987572,0.00135912059340626,2.998821614141889e-06,1.763382407204972e-06,23063.32675,1.0,22686.10044921875,6.756605532055237e-06,155.715831991682,1920.0,1.0,,235,,,,,,,,
2.5417399200000546,0.016133667319081724,0.05590820452198386,0.0,1.0,0.008790000000000001,2.0,0.41000000000000003,0.009371223452035338,0.051640937104821205,0.009824141743592918,2.5716020104482595e-06,1.4963998182793148e-06,23124.422749999998,1.0,22849.54608203125,6.756605532055237e-06,123.51228660570798,1920.0,1.0,,236,,,,,,,,
2.979575145000126,0.010766714134661015,0.0741780607495457,0.0,0.0,0.0087425,4.0,0.4075,0.0003150018601445481,0.05781817180104554,0.0008197626266337465,1.774169113843982e-06,1.074014992497041e-06,23001.91075,1.0,22812.70862890625,6.756605532055237e-06,59.361914362553684,1920.0,1.0,,237,,,,,,,,
2.5989065960002335,0.019013044615348917,0.07771809957921505,0.0,1.0,0.008695000000000001,2.0,0.405,0.008693326992215589,0.05325742391869426,0.009155302628641948,3.2821986337694398e-06,1.5390253622626915e-06,22890.489,1.0,22625.718484375,6.756605532055237e-06,99.04360469479704,1920.0,1.0,,238,,,,,,,,
2.9818218569998862,0.011267561698332429,0.05436197959352285,0.0,0.0,0.0086475,4.0,0.40249999999999997,0.0058152008859906346,0.05970949516631663,0.006330247386358678,4.052968463952311e-06,1.7734091457555223e-06,23004.505,1.0,22742.31778515625,6.756605532055237e-06,201.66317115465142,1920.0,1.0,,239,,,,,,,,
2.5578991530001076,0.015526782386587001,0.04231770895421505,0.0,1.0,0.008600000000000002,2.0,0.4,0.004416133131599054,0.05816687177866697,0.004915533470921218,2.6848937011436647e-06,1.1335038863080626e-06,23071.67075,1.0,22811.016046875,6.756605532055237e-06,123.64325233810345,1920.0,1.0,,240,23208.313000000002,23094.07875,22951.20675,70000042,22904.82309166667,best_of_k,23094.07875,105.923904979225
3.0125748069999645,0.008065204478043597,0.05432128952816129,0.0,0.0,0.0085525,4.0,0.39749999999999996,0.001642383198486641,0.0667169087100774,0.0022122354130260646,1.8620091140064687e-06,1.1165827444870047e-06,23113.697,1.0,22930.5543671875,6.756605532055237e-06,125.08159371603398,1920.0,1.0,,241,,,,,,,,
2.9735869680002907,0.01174992618325632,0.07629394577816129,0.0,0.0,0.008505,4.0,0.395,-0.0019285115340608172,0.07571580307558179,-0.0012852983782067895,2.192549196422533e-06,1.060959590404309e-06,23110.82025,1.0,22904.643746093752,6.756605532055237e-06,120.92716324260398,1920.0,1.0,,242,,,,,,,,
2.9947677649997786,0.008439823453954887,0.07181803439743817,0.0,0.0,0.0084575,4.0,0.39249999999999996,0.004624236811650917,0.07848942279815674,0.00528738962020725,2.055180708282478e-06,9.316084543797842e-07,23129.526749999997,1.0,22916.76696484375,6.756605532055237e-06,103.64019388148937,1920.0,1.0,,243,,,,,,,,
2.5924218210002437,0.018534926100983284,0.08447265718132257,0.0,1.0,0.00841,2.0,0.39,0.005382842966355383,0.07881771307438612,0.006044948473572731,2.2748655510440585e-06,1.0483794596893858e-06,23115.44425,1.0,22938.92560546875,6.756605532055237e-06,136.145027521786,1920.0,1.0,,244,,,,,,,,
2.9439335319998463,0.005394781110226177,0.039957682602107525,0.0,0.0,0.0083625,4.0,0.38749999999999996,-0.00034900328319054097,0.06976355332881212,0.00023373746080324054,1.7058283177107114e-06,9.740621820242268e-07,23154.60675,1.0,23007.468617187504,6.756605532055237e-06,115.31173784178976,1920.0,1.0,,245,,,,,,,,
2.945964190000268,0.011171963058586698,0.050374349346384406,0.0,0.0,0.008315000000000001,4.0,0.385,0.001092178797989618,0.07632522704079747,0.0017260508029721677,1.94068962144911e-06,1.1576304572713525e-06,23169.198749999996,1.0,23005.37646875,6.756605532055237e-06,152.78102699585784,1920.0,1.0,,246,,,,,,,,
2.967689271999916,0.007587398706164095,0.06066894577816129,0.0,0.0,0.0082675,4.0,0.38249999999999995,-8.343250738107599e-05,0.0801190254278481,0.0005780292558483779,2.358956066927931e-06,1.3736445794165775e-06,23150.360999999997,1.0,22927.332773437498,6.756605532055237e-06,183.03807293577597,1920.0,1.0,,247,,,,,,,,
2.5856537220001883,0.014633047219831496,0.04866536520421505,0.0,1.0,0.008220000000000002,2.0,0.38,0.0057679777382873,0.07996911462396383,0.0064241570653393865,3.2925992456966924e-06,1.6762429879690899e-06,23166.350749999998,1.0,22908.160765624998,6.756605532055237e-06,232.10993793293795,1920.0,1.0,,248,,,,,,,,
3.0081391339999755,0.011704005788487848,0.05924479232635349,0.0,0.0,0.0081725,4.0,0.37749999999999995,0.00040041292959358543,0.072764758951962,0.0009944223565980792,1.6302978238513788e-06,9.940999419200125e-07,23127.80425,1.0,23015.00873046875,6.756605532055237e-06,129.17962628179959,1920.0,1.0,,249,,,,,,,,
2.9693058110001402,0.006940741131984396,0.03474934911355376,0.0,0.0,0.008125,4.0,0.375,-0.0027611758705461398,0.06760787055827677,-0.002212696497736033,1.957069102331843e-06,1.2782952154566374e-06,23169.198749999996,1.0,23014.4115390625,6.756605532055237e-06,178.74180981177182,1920.0,1.0,,250,,,,,,,,
3.0227916979997644,0.0101330609904835,0.04825846408493817,0.0,0.0,0.008077500000000001,4.0,0.37250000000000005,-0.003039042105228873,0.07025040220469236,-0.002472190564731136,1.5351112239159193e-06,8.849773287522567e-07,23162.977,1.0,23018.270886718754,6.756605532055237e-06,93.95933728387057,1920.0,1.0,,251,,,,,,,,
2.9280862309997246,0.01068379467324121,0.06616210972424597,0.0,0.0,0.00803,4.0,0.37,0.0015230889985105023,0.07219247473403811,0.0021023278241045773,1.1957674495022275e-06,6.940461609872273e-07,23160.129,1.0,23073.497351562502,6.756605532055237e-06,46.60469112579835,1920.0,1.0,,252,,,,,,,,
2.9569300220000514,0.009819379163673148,0.06563313864171505,0.0,0.0,0.007982500000000002,4.0,0.36750000000000005,0.003262324124079896,0.07674590218812227,0.0038740190502721816,1.9593573412635124e-06,1.4661656209113971e-06,23169.198749999996,1.0,23000.28883984375,6.756605532055237e-06,196.61344456721335,1920.0,1.0,,253,,,,,,,,
2.546302325999932,0.02061875913932454,0.07438151072710752,0.0,1.0,0.007935000000000001,2.0,0.365,0.020321167074143887,0.07527364324778318,0.0209175618365407,2.058317377873209e-06,1.3892632750867051e-06,23160.382749999997,1.0,23015.294359375002,6.756605532055237e-06,190.1078134461421,1920.0,1.0,,254,,,,,,,,
2.7018620710000505,0.03616283493465744,0.09073893260210752,0.0,1.0,0.007887500000000002,2.0,0.36250000000000004,0.04096509839291684,0.08160624466836452,0.04160813195630908,1.476786493981308e-06,9.761330233004628e-07,23151.75875,1.0,23011.456593749997,6.756605532055237e-06,126.38798302769747,1920.0,1.0,,255,,,,,,,,
2.7550339470003564,0.015360669077684483,0.05322265656044086,0.0,1.0,0.00784,3.0,0.36,0.006750242318958044,0.07326316274702549,0.0073240428464487195,1.3881079041766498e-06,8.874397299981259e-07,23160.129,1.0,23040.3919140625,6.756605532055237e-06,109.26822519507503,1920.0,1.0,,256,,,,,,,,
2.934706351999921,0.010816466849064454,0.033650716417469084,0.0,0.0,0.007792500000000001,4.0,0.35750000000000004,0.000742120057111606,0.07261646026745439,0.001306853344431147,2.419860422264719e-06,1.7786053732038454e-06,23166.297,1.0,22975.6215,6.756605532055237e-06,240.27919164421914,1920.0,1.0,,257,,,,,,,,
2.539131828000336,0.019071523885941133,0.08398437593132257,0.0,1.0,0.007745,2.0,0.355,0.0014081309127504937,0.07268109358847141,0.001968873548321426,4.209691667256266e-06,3.5036696033330372e-06,23170.62275,1.0,22867.77765234375,6.756605532055237e-06,369.28226511173017,1920.0,1.0,,258,,,,,,,,
2.5412305820000256,0.012821580174204428,0.049479166977107525,0.0,1.0,0.007697500000000001,2.0,0.35250000000000004,0.0013821405082126148,0.07083374354988337,0.0019256953819422051,3.991692608451558e-06,2.5746677465576795e-06,23172.206749999998,1.0,22908.1888515625,6.756605532055237e-06,294.46614490360037,1920.0,1.0,,259,,,,,,,,
2.8085742590001246,0.012527336579902718,0.053331163401405014,0.0,1.0,0.0076500000000000005,3.0,0.35,-0.003513168058513353,0.06583324198921521,-0.0030108049977570772,2.643705348267152e-06,1.9929009530036033e-06,23172.206749999998,1.0,23037.2501171875,6.756605532055237e-06,238.3696366422391,1920.0,1.0,,260,23208.313000000002,23169.198749999996,23127.982750000003,70000042,23054.699024999994,best_of_k,23169.198749999996,102.38071251431585
2.772463843999958,0.011360213238125047,0.030815972480922937,0.0,1.0,0.007602500000000002,3.0,0.34750000000000003,0.01456453325226903,0.0677259974181652,0.01507889557008942,1.4108291755595321e-06,7.674162816329044e-07,23169.198749999996,1.0,23080.392625,6.756605532055237e-06,83.6206526169693,1920.0,1.0,,261,,,,,,,,
3.0022811020003246,0.0036648655513999984,0.040608724229969084,0.0,0.0,0.007555000000000001,4.0,0.345,-0.0037273649941198528,0.06883600889705122,-0.0032077962532639503,1.1600748166529229e-06,7.420612426756179e-07,23167.21475,1.0,23083.484546875,6.756605532055237e-06,94.83527801464494,1920.0,1.0,,262,,,,,,,,
2.3257431799997903,0.023340508429100737,0.03938802145421505,0.0,1.0,0.007507500000000002,1.0,0.3425,0.0033438992395531386,0.06781930290162563,0.0038513196632266045,3.8633810390820145e-06,2.6937146344607754e-06,23169.198749999996,1.0,22939.57674609375,6.756605532055237e-06,300.12663550977095,1920.0,1.0,,263,,,,,,,,
2.520885784999791,0.013034070027060807,0.029947916977107525,0.0,1.0,0.00746,2.0,0.33999999999999997,-0.00211470783688128,0.0633500344119966,-0.001642853720113635,1.7244925771819908e-06,1.1288437491430159e-06,23169.198749999996,1.0,23054.2023203125,6.756605532055237e-06,136.55087716183593,1920.0,1.0,,264,,,,,,,,
2.345033797999804,0.02534026774810627,0.0519205741584301,0.0,1.0,0.007412500000000001,1.0,0.3375,0.04189705313183367,0.07557038404047489,0.042456145863980055,2.7075978437096637e-06,1.6063653447417892e-06,23160.382749999997,1.0,23018.74751953125,6.756605532055237e-06,216.38657952488003,1920.0,1.0,,265,,,,,,,,
2.7935102659998847,0.012462894597168392,0.0647243931889534,0.0,1.0,0.007365,3.0,0.33499999999999996,0.0014646813506260514,0.08295759186148643,0.0020734413216511407,4.566592262259898e-06,3.530884782776411e-06,23154.60675,1.0,22701.09193359375,6.756605532055237e-06,361.9165432374211,1920.0,1.0,,266,,,,,,,,
2.521323713000129,0.029115860983438324,0.09513346385210752,0.0,1.0,0.007317500000000001,2.0,0.3325,0.010420445520139765,0.07668928150087595,0.010980115031998139,3.299016157143342e-06,2.3476705450775626e-06,23162.977,1.0,22813.95101171875,6.756605532055237e-06,276.42947400316245,1920.0,1.0,,267,,,,,,,,
2.331856821999736,0.02101966658665333,0.0519205741584301,0.0,1.0,0.00727,1.0,0.32999999999999996,0.007949289632961154,0.07385708391666412,0.008485008496791124,3.5954370787294465e-06,1.726652300249043e-06,23133.48675,1.0,22788.443453125,6.756605532055237e-06,201.92476697237353,1920.0,1.0,,268,,,,,,,,
3.007771018999847,0.006046318761946168,0.04069010470993817,0.0,0.0,0.0072225000000000015,4.0,0.3275,0.0033208787499461323,0.07535220310091972,0.0038639471167698503,2.750390109440559e-06,1.775356309963172e-06,23160.382749999997,1.0,22831.81782421875,6.756605532055237e-06,238.58373298980547,1920.0,1.0,,269,,,,,,,,
2.9745850790000077,0.010657229562639259,0.0600179041211959,0.0,0.0,0.007174999999999999,4.0,0.32499999999999996,0.0066309125104453415,0.07273352844640613,0.007151448400691152,2.989201874470382e-06,2.054521672789633e-06,23167.494749999994,1.0,22882.965433593745,6.756605532055237e-06,268.60386292583024,1920.0,1.0,,270,,,,,,,,
2.312884144000236,0.024083369731670246,0.05013020895421505,0.0,1.0,0.0071275,1.0,0.3225,0.010249856859445572,0.06760476715862751,0.010730892419815063,2.2113927400368993e-06,1.1961678012539778e-06,23160.382749999997,1.0,22934.8173046875,6.756605532055237e-06,186.3028663533485,1920.0,1.0,,271,,,,,,,,
2.7283484849999695,0.022972883666322257,0.04730902829517921,0.0,1.0,0.0070799999999999995,3.0,0.31999999999999995,0.0035666468320414424,0.06808443243304889,0.004048152283454935,1.5611332647343563e-06,7.518677923220215e-07,23194.145,1.0,23070.385140625003,6.756605532055237e-06,84.49439533992242,1920.0,1.0,,272,,,,,,,,
3.0476731209996615,0.007555230513389688,0.061930338852107525,0.0,0.0,0.0070325000000000006,4.0,0.3175,0.0004840351175516844,0.06189550529234111,0.0009187606628984213,1.625338924782227e-06,7.845889307134257e-07,23172.849000000002,1.0,23058.503300781253,6.756605532055237e-06,105.94489952084014,1920.0,1.0,,273,,,,,,,,
2.9784002589999545,0.00531011101702461,0.02225748705677688,0.0,0.0,0.006985,4.0,0.31499999999999995,0.00222220404248219,0.06648182054050267,0.0026858685887418687,1.9020946027126229e-06,1.041209944929733e-06,23200.313000000002,1.0,23040.668257812504,6.756605532055237e-06,165.7835967637678,1920.0,1.0,,274,,,,,,,,
2.9352553260000604,0.004866560120717622,0.035929362289607525,0.0,0.0,0.006937500000000001,4.0,0.3125,0.002435661164781777,0.0705418661236763,0.002924408094258979,1.8334956664034507e-06,9.077630771514578e-07,23169.35875,1.0,23033.12745703125,6.756605532055237e-06,130.02790414173882,1920.0,1.0,,275,,,,,,,,
2.950323391999973,0.006244703989068512,0.03739420615602285,0.0,0.0,0.006890000000000002,4.0,0.31000000000000005,0.0014042235707165673,0.06447011558339,0.001847881852881983,1.51031336770302e-06,7.800730799090161e-07,23194.145,1.0,23058.055277343752,6.756605532055237e-06,114.67752599194456,1920.0,1.0,,276,,,,,,,,
2.9652521459997843,0.002153759243810782,0.020100911613553762,0.0,0.0,0.006842500000000001,4.0,0.3075,-0.0005455178506963421,0.061948942951858044,-0.00012233396410010755,1.7609891926895216e-06,1.0500650589051475e-06,23191.566749999998,1.0,23066.0053515625,6.756605532055237e-06,159.25966391520515,1920.0,1.0,,277,,,,,,,,
2.7674770499997976,0.01864948895915101,0.047580295552810035,0.0,1.0,0.006795000000000002,3.0,0.30500000000000005,0.005172204847137134,0.0632557940358917,0.005601588714246948,1.245515477421577e-06,6.304778707999503e-07,23194.145,1.0,23078.72666796875,6.756605532055237e-06,61.58216023176386,1920.0,1.0,,278,,,,,,,,
2.333456557000318,0.02039646669436479,0.035319010727107525,0.0,1.0,0.0067475,1.0,0.3025,0.008163705468177795,0.06659226678311825,0.008611166151240468,3.974064497924701e-06,2.946240385881538e-06,23172.849000000002,1.0,22795.095640624997,6.756605532055237e-06,268.6100410129999,1920.0,1.0,,279,,,,,,,,
2.3413798159999715,0.025718330492964014,0.0537109375,0.0,1.0,0.006700000000000001,1.0,0.30000000000000004,0.02427455148426816,0.0690408768132329,0.024735654704272747,3.0691057304466085e-06,2.3257733516857115e-06,23155.16675,1.0,22889.34526171875,6.756605532055237e-06,266.43546163189853,1920.0,1.0,,280,23208.313000000002,23123.097,23067.05625,70000042,23035.862708333338,best_of_k,23123.097,149.56063261246902
2.962503186000049,0.003874766371154692,0.027384440414607525,0.0,0.0,0.0066525,4.0,0.2975,0.0009988986894313712,0.06505982670933008,0.001430754637112841,2.45675409615842e-06,1.4173156053232105e-06,23182.334749999995,1.0,23053.35386328125,6.756605532055237e-06,68.71466831971809,1920.0,1.0,,281,,,,,,,,
2.742397168000025,0.012356197519693524,0.03141276064949731,0.0,1.0,0.0066050000000000015,3.0,0.29500000000000004,0.019195536287346233,0.0656284037977457,0.019627554788409423,3.3826745493570343e-06,2.2385273723557475e-06,23194.145,1.0,22992.15553515625,6.756605532055237e-06,282.96019054010395,1920.0,1.0,,282,,,,,,,,
2.819486973000039,0.01770468000904657,0.06277126756807168,0.0,1.0,0.006557500000000001,3.0,0.2925,-0.0012075896568906803,0.06037952626744906,-0.0008121057956789931,1.1586234052174404e-06,6.784258346215211e-07,23180.910749999995,1.0,23102.79971484375,6.756605532055237e-06,51.83985521617147,1920.0,1.0,,283,,,,,,,,
2.923904941999808,0.008083776661806041,0.039754232129780576,0.0,0.0,0.006510000000000002,4.0,0.29000000000000004,0.001588331086168182,0.06474565551616251,0.0020082944683963433,3.241063353698337e-06,2.412908685300863e-06,23172.206749999998,1.0,22984.80499609375,6.756605532055237e-06,298.0468725750509,1920.0,1.0,,284,,,,,,,,
2.530362889999651,0.016185686065000482,0.025065104477107525,0.0,1.0,0.0064624999999999995,2.0,0.2875,0.0022541834332514554,0.05993212526664138,0.0026403451920486987,2.6333449625326466e-06,1.7733291173271937e-06,23183.758749999994,1.0,22985.506828125002,6.756605532055237e-06,242.38017751665552,1920.0,1.0,,285,,,,,,,,
2.973337929999616,0.012170947979029734,0.07287597702816129,0.0,0.0,0.0064150000000000006,4.0,0.28500000000000003,-0.0006157474126666784,0.058178595500066876,-0.00024315417977049947,1.4662466369941285e-06,9.517015122639805e-07,23180.910749999995,1.0,23095.70191015625,6.756605532055237e-06,151.20366319581885,1920.0,1.0,,286,,,,,,,,
3.0301482700001543,0.005252280418062583,0.048136393539607525,0.0,0.0,0.0063675,4.0,0.2825,0.000801618218247313,0.06814290792681277,0.0012341148976702243,2.8925590100925547e-06,2.228618342314803e-06,23169.35875,1.0,22939.891375,6.756605532055237e-06,281.5499115308084,1920.0,1.0,,287,,,,,,,,
2.9755178909999813,0.007214581724838354,0.026977539411745965,0.0,0.0,0.006320000000000001,4.0,0.28,0.004561133187962696,0.06368276244029403,0.0049630923313088715,1.163254566449723e-06,7.970817534896923e-07,23172.849000000002,1.0,23051.0615078125,6.756605532055237e-06,97.66300841718714,1920.0,1.0,,288,,,,,,,,
2.958233851999921,0.00962335368967615,0.05843099020421505,0.0,0.0,0.0062725,4.0,0.27749999999999997,-0.0025970229544327594,0.06733675673604012,-0.00217538871220313,1.5959776433760453e-06,1.152075444821321e-06,23172.206749999998,1.0,23004.9558828125,6.756605532055237e-06,178.85882302104795,1920.0,1.0,,289,,,,,,,,
2.966174486,0.007586307568999473,0.03865559911355376,0.0,0.0,0.006225000000000001,4.0,0.275,-0.002664788087713532,0.06379297212697566,-0.0022683291463181376,1.4434936730367554e-06,1.0160263776981537e-06,23139.79075,1.0,23021.369765625,6.756605532055237e-06,149.79266584414955,1920.0,1.0,,290,,,,,,,,
2.9669424740000068,0.010756094343378209,0.05045572965173051,0.0,0.0,0.006177500000000001,4.0,0.27249999999999996,-0.002733838598942384,0.057793237734586,-0.002377534023253247,1.3215312222314424e-06,1.1628135467844913e-06,23172.206749999998,1.0,23059.5191328125,6.756605532055237e-06,164.88474987363844,1920.0,1.0,,291,,,,,,,,
2.956147081999916,0.004212652856949717,0.029907226795330644,0.0,0.0,0.006130000000000002,4.0,0.27,-0.0008514363398717251,0.05687008472159505,-0.0005032166263845284,8.707896164139584e-07,6.143637314437456e-07,23180.910749999995,1.0,23096.0341328125,6.756605532055237e-06,82.55263911885716,1920.0,1.0,,292,,,,,,,,
2.944796464999854,0.008783852914348245,0.04793294321279973,0.0,0.0,0.006082499999999999,4.0,0.26749999999999996,-0.0014619814464822412,0.057985226390883327,-0.001109818636905402,9.97196000440681e-07,8.665974213784011e-07,23183.758749999994,1.0,23091.3352734375,6.756605532055237e-06,124.34658939101213,1920.0,1.0,,293,,,,,,,,
2.9463975879998543,0.010058692379971035,0.0750325529370457,0.0,0.0,0.006035,4.0,0.265,0.002495922351954505,0.05771923437714577,0.0028429008671082556,2.8336709192444687e-06,2.145077743875845e-06,23179.017,1.0,22994.2309296875,6.756605532055237e-06,281.95020914544284,1920.0,1.0,,294,,,,,,,,
2.7465270769998824,0.011696701413408542,0.07834201430281003,0.0,1.0,0.0059875,3.0,0.26249999999999996,-0.00027387141017243266,0.062297507810095944,9.720679372549057e-05,4.114740268808721e-06,3.0329269217569768e-06,23187.25475,1.0,22950.49435546875,6.756605532055237e-06,342.54082895466155,1920.0,1.0,,295,,,,,,,,
2.970607302999724,0.011808531307906378,0.06656901072710752,0.0,1.0,0.005940000000000001,4.0,0.26,0.0007045294623821974,0.05809895973652601,0.0010486121173016727,2.954221372419852e-06,1.4589071213322313e-06,23176.169,1.0,23011.37469140625,6.756605532055237e-06,208.67893027355822,1920.0,1.0,,296,,,,,,,,
3.0430720460003613,0.006447255655075423,0.04626464890316129,0.0,0.0,0.0058925,4.0,0.25749999999999995,-0.0018420667583995964,0.05502591095864773,-0.0015190703161351848,2.5090151751783196e-06,1.9865284315301324e-06,23178.52675,1.0,22989.44575,6.756605532055237e-06,278.8479950211272,1920.0,1.0,,297,,,,,,,,
2.5327755289999914,0.018123819685570197,0.035319010727107525,0.0,1.0,0.005845000000000001,2.0,0.255,-0.0013253097131382674,0.05426593404263258,-0.0010097805643454194,4.4509708345685794e-06,2.420451266971213e-06,23194.145,1.0,23012.329933593748,6.756605532055237e-06,287.6181061469752,1920.0,1.0,,298,,,,,,,,
2.9510748440002317,0.004166863422142342,0.043416341533884406,0.0,0.0,0.005797500000000001,4.0,0.25249999999999995,0.0025615572230890393,0.058882335433736444,0.0029020728543400764,1.8984671825705846e-06,1.327871935075109e-06,23175.697,1.0,23051.60591796875,6.756605532055237e-06,202.18865269292763,1920.0,1.0,,299,,,,,,,,
2.95899037900017,0.0027274261628917884,0.023803711112122983,0.0,0.0,0.005750000000000002,4.0,0.25,0.0008201887976611033,0.05497259390540421,0.001135550846811384,1.4837991457739008e-06,1.1649750746300924e-06,23180.910749999995,1.0,23067.35526953125,6.756605532055237e-06,185.12043351676255,1920.0,1.0,,300,23208.313000000002,23172.206749999998,23119.60675,70000042,23073.40365833334,best_of_k,23172.206749999998,76.94696476766433
2.9725335840003027,0.0032093193804030307,0.029825846664607525,0.0,0.0,0.005702500000000001,4.0,0.24750000000000005,0.0002867964212782681,0.050165821332484484,0.0005723809590563178,1.2944815885873595e-06,7.126252512534847e-07,23180.910749999995,1.0,23078.291828125002,6.756605532055237e-06,100.94619053824296,1920.0,1.0,,301,,,,,,,,
2.768830144000276,0.01716200234174418,0.06483290002991755,0.0,1.0,0.005655,3.0,0.245,0.008779085687516877,0.05383306027700504,0.009082491121565303,2.0532041939228898e-06,1.6284402211870959e-06,23183.758749999994,1.0,23053.82021484375,6.756605532055237e-06,243.18403094997817,1920.0,1.0,,302,,,,,,,,
3.000916875999792,0.011272126219409984,0.05794270895421505,0.0,0.0,0.005607500000000001,4.0,0.24250000000000005,0.0074132701847702265,0.051341909216716886,0.007700026937527582,2.6978036800073824e-06,1.7458809438153367e-06,23175.697,1.0,23013.5828671875,6.756605532055237e-06,254.7413549465149,1920.0,1.0,,303,,,,,,,,
2.9730669759997,0.002945456828456372,0.021240234549622983,0.0,0.0,0.005560000000000001,4.0,0.24,-0.0008645199413876981,0.047402117401361465,-0.0006016212864778936,1.9785283313922264e-06,9.192725123341461e-07,23203.118749999994,1.0,23105.38183203125,6.756605532055237e-06,134.14650391034118,1920.0,1.0,,304,,,,,,,,
2.9390815430001567,0.005590326225501485,0.03515625058207661,0.0,0.0,0.005512500000000002,4.0,0.23750000000000004,-0.001598371920408681,0.049343079794198275,-0.001326785102719441,1.1269357109711109e-06,6.086178423458932e-07,23183.758749999994,1.0,23123.7040546875,6.756605532055237e-06,65.56560722737598,1920.0,1.0,,305,,,,,,,,
2.9840846449997116,0.002690476907446282,0.02347819018177688,0.0,0.0,0.005465000000000001,4.0,0.235,0.0005352540465537459,0.048138928366824985,0.0007974613690748811,1.8629842983841627e-06,1.3716097768678992e-06,23180.910749999995,1.0,23016.105988281248,6.756605532055237e-06,214.3320679567794,1920.0,1.0,,306,,,,,,,,
3.010010043999955,0.0027185741673747543,0.024129231896949932,0.0,0.0,0.005417500000000002,4.0,0.23250000000000004,-0.00198544017621316,0.048004886135458946,-0.0017259154992643744,1.2770203383638545e-06,8.292076678628746e-07,23175.697,1.0,23105.388792968755,6.756605532055237e-06,138.12289815177866,1920.0,1.0,,307,,,,,,,,
2.9626099090000935,0.004264067596523091,0.03181966167176142,0.0,0.0,0.00537,4.0,0.22999999999999998,-0.0019715764974534977,0.046982780331745744,-0.0017197307606693357,1.0128021123989583e-06,6.995332029191559e-07,23183.758749999994,1.0,23082.078003906252,6.756605532055237e-06,115.31840776901059,1920.0,1.0,,308,,,,,,,,
2.9423879440000746,0.008233481126808329,0.04479980538599193,0.0,0.0,0.005322500000000001,4.0,0.22750000000000004,0.0007325365440919995,0.04710950958542526,0.000982327212113887,1.9148362468968116e-06,1.5149854277751729e-06,23183.758749999994,1.0,23058.64051953125,6.756605532055237e-06,234.51000246645987,1920.0,1.0,,309,,,,,,,,
2.9986217350001425,0.01576847321121022,0.05627441464457661,0.0,1.0,0.005275,4.0,0.22499999999999998,-0.00490305497078225,0.05261040781624615,-0.004626248555723578,2.2098932959124795e-06,9.842445791719001e-07,23172.206749999998,1.0,23090.29009375,6.756605532055237e-06,121.94492223995287,1920.0,1.0,,310,,,,,,,,
2.9697130009999455,0.007745893410174176,0.046956380479969084,0.0,0.0,0.005227500000000001,4.0,0.22250000000000003,0.0011031791509594768,0.05800819653086364,0.0014050838653929532,2.650478378996013e-06,2.1360118864777178e-06,23172.206749999998,1.0,22931.4442578125,6.756605532055237e-06,273.8386743315165,1920.0,1.0,,311,,,,,,,,
2.984162108000419,0.01272556679759873,0.06583658885210752,0.0,1.0,0.005180000000000001,4.0,0.21999999999999997,-0.0014879881200613454,0.056899680057540536,-0.001194267359096557,2.291001813148341e-06,1.581789952354029e-06,23172.206749999998,1.0,22944.66260546875,6.756605532055237e-06,245.0404073936979,1920.0,1.0,,312,,,,,,,,
2.9860806829997273,0.009856851720542181,0.05684407614171505,0.0,0.0,0.005132500000000002,4.0,0.21750000000000003,-0.003049672404813464,0.05689494148828089,-0.002758704455800398,3.9880142566062204e-06,1.2928179486948466e-06,23153.06275,1.0,22987.16883203125,6.756605532055237e-06,168.87979747907747,1920.0,1.0,,313,,,,,,,,
2.5311169629999313,0.011947030456212815,0.02726237045135349,0.0,1.0,0.005085000000000001,2.0,0.21499999999999997,0.011121105024358258,0.05632232269272208,0.011406749312300235,2.1762918720469315e-06,1.0750846968221595e-06,23180.910749999995,1.0,23098.32101953125,6.756605532055237e-06,127.87385687100767,1920.0,1.0,,314,,,,,,,,
3.0035665499999595,0.003107125921815168,0.025797526177484542,0.0,0.0,0.005037500000000002,4.0,0.21250000000000002,0.0025339218555018306,0.05572862131521106,0.0028134614403825253,4.057871613838415e-06,1.5751101507532894e-06,23061.74275,1.0,22820.78300390625,6.756605532055237e-06,100.43652486411595,1920.0,1.0,,315,,,,,,,,
3.0229918539998835,0.0033638766399235465,0.026407877798192203,0.0,0.0,0.00499,4.0,0.20999999999999996,-0.0006541100447066128,0.057656425051391125,-0.0003673316678032279,2.449589061370716e-06,1.365176281353797e-06,23152.465,1.0,22819.193296874997,6.756605532055237e-06,170.79389259453433,1920.0,1.0,,316,,,,,,,,
3.2049095140000645,0.005942654061072972,0.048583984607830644,0.0,0.0,0.004942500000000001,4.0,0.20750000000000002,-0.0016237227682722732,0.05599160026758909,-0.00134762201923877,1.8559330925427275e-06,9.03253820183636e-07,23183.758749999994,1.0,22875.77569140625,6.756605532055237e-06,131.5459880282909,1920.0,1.0,,317,,,,,,,,
2.980376252000042,0.0024194664219976403,0.02311197924427688,0.0,0.0,0.004895,4.0,0.20499999999999996,-0.0008926431910367683,0.051363208796828985,-0.0006419967248803005,1.8958283689585187e-06,1.1734382567851753e-06,23171.10275,1.0,22852.462140624997,6.756605532055237e-06,166.48682148536102,1920.0,1.0,,318,,,,,,,,
3.0272577699997782,0.01172644645703258,0.041300456039607525,0.0,0.0,0.004847500000000001,4.0,0.2025,4.106313281226903e-05,0.057401353726163507,0.0003184972201779601,2.29922544292549e-06,1.1771540648908285e-06,23172.206749999998,1.0,22896.408746093748,6.756605532055237e-06,177.9814786061051,1920.0,1.0,,319,,,,,,,,
3.0592404330000136,0.006631279808061663,0.047892252914607525,0.0,0.0,0.0048000000000000004,4.0,0.19999999999999996,-0.0023583527781738667,0.06067039701156318,-0.002068268891889602,2.7700548628217803e-06,1.7141513595220204e-06,23172.206749999998,1.0,22881.62898046875,6.756605532055237e-06,242.2760079468392,1920.0,1.0,,320,23208.313000000002,23175.697,22900.824,70000042,22861.257691666666,best_of_k,23175.697,328.4723827469595
3.006597119000162,0.005469529171932663,0.047892252914607525,0.0,0.0,0.0047525000000000015,4.0,0.1975,-0.004157649993430823,0.055554533610120416,-0.0038941670209169388,1.4884122165881308e-06,7.818807503667813e-07,23179.017,1.0,22905.06526171875,6.756605532055237e-06,129.62014538455279,1920.0,1.0,,321,,,,,,,,
2.9796973779998552,0.004263824550434947,0.04016113327816129,0.0,0.0,0.004704999999999999,4.0,0.19499999999999995,-0.004449614694749471,0.055435382993891835,-0.004190071893390268,3.203220444447652e-06,1.9198306731027515e-06,23164.75875,1.0,22831.54914453125,6.756605532055237e-06,263.1709336376905,1920.0,1.0,,322,,,,,,,,
3.029715515999669,0.008655079087475315,0.0554606121731922,0.0,0.0,0.0046575,4.0,0.1925,0.00412682462047087,0.05986259155906737,0.00440421182429418,3.912466581823537e-06,2.062530768398574e-06,23172.206749999998,1.0,22885.40775390625,6.756605532055237e-06,271.3062611469913,1920.0,1.0,,323,,,,,,,,
2.9836720749999586,0.00471157607898931,0.032470703357830644,0.0,0.0,0.0046099999999999995,4.0,0.18999999999999995,-0.0006100425525801256,0.061567781027406454,-0.00032706023193895817,3.003126053613414e-06,1.0895313096170867e-06,23127.982750000003,1.0,22826.329351562497,6.756605532055237e-06,146.65702026613423,1920.0,1.0,,324,,,,,,,,
2.9751701729996967,0.011178143067809287,0.06559244822710752,0.0,0.0,0.004562500000000001,4.0,0.1875,0.0013594158226624131,0.05694976728409529,0.0016183845582418144,2.9775741694493263e-06,1.134611032682642e-06,23134.910750000003,1.0,22853.773070312498,6.756605532055237e-06,164.75776126696496,1920.0,1.0,,325,,,,,,,,
2.9784616680003637,0.011788798150519142,0.07312011811882257,0.0,0.0,0.004515000000000002,4.0,0.18500000000000005,-0.0005980221503705252,0.06392131047323346,-0.0003123370697721839,6.62160633169151e-06,4.515456566878129e-06,23148.23875,1.0,22784.185523437503,6.756605532055237e-06,441.59211450845254,1920.0,1.0,,326,,,,,,,,
2.9823545019999074,0.0035748880691244267,0.036580404033884406,0.0,0.0,0.004467500000000001,4.0,0.1825,-0.00260865522432141,0.055841407272964716,-0.0023601111461175606,2.911113966774792e-06,1.27340557298794e-06,23156.03075,1.0,22942.2272890625,6.756605532055237e-06,187.9426454441864,1920.0,1.0,,327,,,,,,,,
2.9600486089998412,0.0049437220295658335,0.0402018231106922,0.0,0.0,0.004420000000000002,4.0,0.18000000000000005,-0.0041545813728589565,0.05424879398196936,-0.003915673500159755,2.6676848818851795e-06,1.209036561533594e-06,23172.206749999998,1.0,22943.046617187498,6.756605532055237e-06,195.7106067491814,1920.0,1.0,,328,,,,,,,,
2.9527916349998122,0.00645646610064432,0.035725911788176745,0.0,0.0,0.004372500000000001,4.0,0.1775,0.0005300986304064281,0.05413228762336075,0.000765932840295136,2.4429059521935415e-06,1.2304682002195477e-06,23160.02275,1.0,23005.879726562503,6.756605532055237e-06,205.00373286242134,1920.0,1.0,,329,,,,,,,,
3.0042189389996565,0.0064987764417310245,0.031087239738553762,0.0,0.0,0.0043250000000000025,4.0,0.17500000000000004,0.004050605901284143,0.053960106801241636,0.004282996815163642,4.171214598613915e-06,1.1406971900385088e-06,23195.487,1.0,23043.57999609375,6.756605532055237e-06,166.36067046567862,1920.0,1.0,,330,,,,,,,,
2.9504749140000968,0.004211282217511325,0.034220377914607525,0.0,0.0,0.0042775,4.0,0.1725,0.0020040045128553174,0.04951656563207507,0.002214458232629113,4.042514945012954e-06,1.8975981603830405e-06,23172.849000000002,1.0,23034.76062890625,6.756605532055237e-06,264.55075843746147,1920.0,1.0,,331,,,,,,,,
2.927145304000078,0.003196610225131735,0.020182291860692203,0.0,0.0,0.004230000000000001,4.0,0.17000000000000004,-0.0006331885233521461,0.046015361323952675,-0.0004393697017803788,2.549619907199485e-06,1.143677810233612e-06,23193.551,1.0,23067.284476562498,6.756605532055237e-06,160.8905765264003,1920.0,1.0,,332,,,,,,,,
2.976804797999648,0.0066997498433920555,0.024536133045330644,0.0,0.0,0.004182500000000002,4.0,0.16749999999999998,-0.002268725569592789,0.04154374962672591,-0.0020955807995051146,2.538950525377004e-06,7.170367020137292e-07,23176.366749999997,1.0,23087.199679687503,6.756605532055237e-06,106.24681777064947,1920.0,1.0,,333,,,,,,,,
2.9514777889999095,0.010293380848452216,0.040120443096384406,0.0,0.0,0.004135,4.0,0.16500000000000004,0.00323669514273206,0.04357118206098676,0.0034163155214628205,1.5115807983079321e-06,7.909936172723064e-07,23176.366749999997,1.0,23107.90638671875,6.756605532055237e-06,137.94448629170046,1920.0,1.0,,334,,,,,,,,
2.9620504370000162,0.0034266428265254945,0.03552246105391532,0.0,0.0,0.004087500000000001,4.0,0.16249999999999998,-0.0004752292879857123,0.04676657961681485,-0.00028500036569312215,5.261319302007905e-06,8.056979581283485e-07,23234.478250000004,1.0,23077.915238281254,6.756605532055237e-06,95.91988278908771,1920.0,1.0,,335,,,,,,,,
2.9218640669996603,0.0018699820248002652,0.020629883336368948,0.0,0.0,0.004040000000000002,4.0,0.16000000000000003,-0.0026594672381179407,0.04742625658400357,-0.0024687192926649004,3.770311437278906e-06,9.54580404055605e-07,23170.62275,1.0,23066.19273046875,6.756605532055237e-06,152.91511467318816,1920.0,1.0,,336,,,,,,,,
2.9732156669997494,0.00581555106327869,0.022827148612122983,0.0,0.0,0.0039924999999999995,4.0,0.15749999999999997,0.0002987237385241315,0.04597926349379122,0.0004811000544577837,4.371995913743376e-06,1.5182541446279174e-06,23169.198749999996,1.0,23077.381328125,6.756605532055237e-06,213.89262698629295,1920.0,1.0,,337,,,,,,,,
2.9638315439997314,0.005946917510300409,0.04361979220993817,0.0,0.0,0.003945000000000001,4.0,0.15500000000000003,0.002973027731059119,0.04363862983882427,0.003144664573483169,2.2122438423366475e-06,5.918174714736324e-07,23154.60675,1.0,23097.40576171875,6.756605532055237e-06,78.36516264918977,1920.0,1.0,,338,,,,,,,,
2.9969032920002974,0.006234483837033622,0.043782552354969084,0.0,0.0,0.0038975000000000017,4.0,0.15249999999999997,0.001490034170274157,0.04984347755089402,0.001682780566625297,3.7862179596004353e-06,2.2808611959135305e-06,23154.60675,1.0,22858.58669140625,6.756605532055237e-06,271.61193401779354,1920.0,1.0,,339,,,,,,,,
3.056687233000048,0.007816529860065202,0.04382324265316129,0.0,0.0,0.0038500000000000027,4.0,0.15000000000000002,-0.0014615418385801604,0.05177113926038146,-0.0012635752209462225,4.643748624744148e-06,1.776264952013662e-06,23161.80675,1.0,22927.8146953125,6.756605532055237e-06,266.4186591369146,1920.0,1.0,,340,23234.478250000004,23162.977,23127.982750000003,70000042,22980.337358333334,best_of_k,23162.977,359.05932628712696
2.947024860000056,0.004451749446161557,0.028808593866415322,0.0,0.0,0.0038025000000000003,4.0,0.14749999999999996,-0.0014864225886412896,0.04585871263407171,-0.001312857279117452,3.187764676226834e-06,9.888688055070816e-07,23215.311,1.0,23092.729890625,6.756605532055237e-06,141.18530074839896,1920.0,1.0,,341,,,,,,,,
2.9753727909996996,0.0029285447781148832,0.021850586053915322,0.0,0.0,0.0037550000000000014,4.0,0.14500000000000002,0.0003578847390599549,0.048546220641583204,0.0005387817946029827,5.116656041082024e-06,1.764779227642066e-06,23178.191000000003,1.0,23031.25298046875,6.756605532055237e-06,243.5481089499733,1920.0,1.0,,342,,,,,,,,
3.012513799000317,0.0036725023383041844,0.032104492536745965,0.0,0.0,0.003707499999999999,4.0,0.14249999999999996,1.3933167792856693e-06,0.05174251925200224,0.000192175037227571,4.348996569092378e-06,1.2387040086991874e-06,23162.977,1.0,23073.73089453125,6.756605532055237e-06,164.7510129656173,1920.0,1.0,,343,,,,,,,,
3.013952320000044,0.007489117684599478,0.055989583721384406,0.0,0.0,0.00366,4.0,0.14,0.0008113831281661987,0.05863697733730078,0.0010243296856060624,5.476242620261473e-06,2.2347541346334765e-06,23154.60675,1.0,22913.06423828125,6.756605532055237e-06,288.4116929638437,1920.0,1.0,,344,,,,,,,,
3.005040199999712,0.0052828743937425315,0.04573567723855376,0.0,0.0,0.003612500000000001,4.0,0.13749999999999996,-0.004137758805882186,0.05956920329481363,-0.003925595956388861,7.055725404825353e-06,4.650940979900042e-06,23154.45025,1.0,22796.709265625002,6.756605532055237e-06,426.8678791541115,1920.0,1.0,,345,,,,,,,,
2.821570614999928,0.011915229518005313,0.0536024309694767,0.0,1.0,0.003565000000000002,3.0,0.135,0.004845286952331662,0.05667657063653072,0.005045966012403369,4.57630613936999e-06,1.8322439245821442e-06,23154.60675,1.0,22975.215683593753,6.756605532055237e-06,238.8506226205639,1920.0,1.0,,346,,,,,,,,
3.000920189000226,0.006088732945499942,0.049072265974245965,0.0,0.0,0.0035175,4.0,0.13249999999999995,-0.0012676486803684384,0.05320159741677344,-0.0010819971794262528,5.448700051147171e-06,1.879590271869347e-06,23193.551,1.0,22978.989292968752,6.756605532055237e-06,256.8803659494238,1920.0,1.0,,347,,,,,,,,
2.945579942999757,0.006646745310717961,0.052937825908884406,0.0,0.0,0.003470000000000001,4.0,0.13,-0.0034816524748748634,0.056283667450770736,-0.003287728555733338,4.531043543920532e-06,1.8555280831833443e-06,23162.67075,1.0,23005.45216015625,6.756605532055237e-06,269.4959900698947,1920.0,1.0,,348,,,,,,,,
2.9473369789998287,0.0036005402143928222,0.027018229331588373,0.0,0.0,0.0034224999999999985,4.0,0.12749999999999995,-0.0031361535138785257,0.05452171643264592,-0.002950918220449239,4.5818298701760796e-06,1.8145933111668455e-06,23200.727,1.0,22971.64371875,6.756605532055237e-06,269.89179709234463,1920.0,1.0,,349,,,,,,,,
2.9698944910001046,0.002275968770845793,0.021077474113553762,0.0,0.0,0.0033749999999999995,4.0,0.125,-0.0006754315400030464,0.05370146594941616,-0.0004951107548549771,3.6372780698457063e-06,1.1154899119958372e-06,23171.7645,1.0,23028.743355468752,6.756605532055237e-06,184.5031245879712,1920.0,1.0,,350,,,,,,,,
2.9809814380000716,0.004325780584622407,0.0161946615553461,0.0,0.0,0.0033275000000000006,4.0,0.12250000000000005,0.0002054911819868721,0.04686696780845523,0.0003605033562052995,3.713878584221675e-06,1.1329680447147439e-06,23162.977,1.0,23057.498257812502,6.756605532055237e-06,189.07452642034113,1920.0,1.0,,351,,,,,,,,
2.9230925420001768,0.0038607137103099376,0.021606445545330644,0.0,0.0,0.0032800000000000017,4.0,0.12,-9.547919034957886e-06,0.04257245338521898,0.00012954464182257652,2.5652171018464287e-06,5.772465385689429e-07,23169.198749999996,1.0,23092.86385546875,6.756605532055237e-06,82.11884173495342,1920.0,1.0,,352,,,,,,,,
3.0031283640000765,0.004081583036168013,0.02750651049427688,0.0,0.0,0.0032325000000000027,4.0,0.11750000000000005,-0.003215933800674975,0.0461560464464128,-0.003067538724280894,3.319346902230791e-06,9.441323136627489e-07,23156.562250000003,1.0,23077.660753906253,6.756605532055237e-06,170.05134117029343,1920.0,1.0,,353,,,,,,,,
2.958702532999723,0.0021186697558732703,0.026163737173192203,0.0,0.0,0.0031850000000000003,4.0,0.11499999999999999,0.00020085091819055378,0.05090451962314546,0.00036238046595826745,3.4947564699905342e-06,5.043619690781043e-07,23203.326999999997,1.0,23124.95085546875,6.756605532055237e-06,23.041179749305996,1920.0,1.0,,354,,,,,,,,
2.9677585149997867,0.0019628487916634185,0.02510579458612483,0.0,0.0,0.0031375000000000014,4.0,0.11250000000000004,-2.991524524986744e-06,0.05383939389139414,0.00016526586841791868,3.6375416812006733e-06,5.992235934115797e-07,23218.462999999996,1.0,23114.640683593752,6.756605532055237e-06,55.4527023297365,1920.0,1.0,,355,,,,,,,,
2.9614369710002393,0.0027769043736043386,0.023844401468522847,0.0,0.0,0.003089999999999999,4.0,0.10999999999999999,0.001507440654677339,0.05444249580614269,0.0016749849601183087,3.397022595663657e-06,6.873052811329217e-07,23211.423,1.0,23102.77444921875,6.756605532055237e-06,82.76803552680893,1920.0,1.0,,356,,,,,,,,
2.9457391020000614,0.002435858921671752,0.013305664295330644,0.0,0.0,0.0030425,4.0,0.10750000000000004,-0.001670982746873051,0.05368582671508193,-0.0015084428014233708,3.046863426447999e-06,9.909576199618186e-07,23185.644000000004,1.0,23087.95925,6.756605532055237e-06,161.07873068191088,1920.0,1.0,,357,,,,,,,,
2.9678026889996545,0.003684403684019344,0.010538737100432627,0.0,0.0,0.002995000000000001,4.0,0.10499999999999998,-0.0008957909303717315,0.05484004528261721,-0.0007324963808059692,3.0477451815613676e-06,1.295608178963903e-06,23241.599000000002,1.0,23081.411828125,6.756605532055237e-06,194.0587021287076,1920.0,1.0,,358,,,,,,,,
3.0638263030000417,0.0020141865443292772,0.01342773440410383,0.0,0.0,0.002947500000000002,4.0,0.10250000000000004,-0.0013320598227437586,0.05591682135127485,-0.0011680926545523107,2.8909366420748484e-06,1.1175820731068598e-06,23241.599000000002,1.0,23077.59677734375,6.756605532055237e-06,179.689140620734,1920.0,1.0,,359,,,,,,,,
2.98165991399992,0.002755145171249751,0.034871419658884406,0.0,0.0,0.0029,4.0,0.09999999999999998,-0.003245145429900731,0.060322628589347005,-0.0030708881677128375,3.242237340828069e-06,7.07830050572511e-07,23215.311,1.0,23115.1950078125,6.756605532055237e-06,104.007703554748,1920.0,1.0,,360,23241.599000000002,23192.767,23098.361750000004,70000042,23046.87941666666,best_of_k,23192.767,142.06520845330363
2.954158853000081,0.0028760981440427713,0.030680338735692203,0.0,0.0,0.002852500000000001,4.0,0.09750000000000003,-0.0009418724803254008,0.05747282621450722,-0.0007787369540892541,3.94223083333145e-06,8.244782527810912e-07,23194.191000000003,1.0,23069.593902343753,6.756605532055237e-06,124.65976388065509,1920.0,1.0,,361,,,,,,,,
2.9605306379999092,0.002399437020358164,0.030192057602107525,0.0,0.0,0.002805000000000002,4.0,0.09499999999999997,-0.0018776562646962702,0.05998019268736243,-0.001711114018689841,5.525277373408244e-06,2.2991176962250393e-06,23194.191000000003,1.0,22997.34046484375,6.756605532055237e-06,297.9067948488604,1920.0,1.0,,362,,,,,,,,
2.977485854000406,0.002329181028471794,0.02604166668606922,0.0,0.0,0.002757500000000003,4.0,0.09250000000000003,-0.0017025115666911006,0.061060731299221516,-0.0015352220652857795,4.8440620048495475e-06,1.2026646913909644e-06,23215.311,1.0,23005.35288671875,6.756605532055237e-06,187.3957494610696,1920.0,1.0,,363,,,,,,,,
2.9748067470000024,0.0012510582891991362,0.011108398495707661,0.0,0.0,0.0027100000000000006,4.0,0.08999999999999997,-0.0001186447188956663,0.05913917953148484,4.040433850605041e-05,4.795363565790467e-06,1.4767190208431202e-06,23194.191000000003,1.0,23032.71671875,6.756605532055237e-06,216.17384079467374,1920.0,1.0,,364,,,,,,,,
2.9400458919999437,0.003614200104493648,0.019490559978294186,0.0,0.0,0.0026625000000000017,4.0,0.08750000000000002,0.0005718390893889591,0.059512849897146225,0.0007294104871107265,4.084966263917522e-06,9.472780106989376e-07,23196.463000000003,1.0,23049.718949218754,6.756605532055237e-06,155.80609577325274,1920.0,1.0,,365,,,,,,,,
2.989966611,0.004257971027982421,0.03881835976790171,0.0,0.0,0.0026149999999999993,4.0,0.08499999999999996,-0.0009691732338978909,0.06240668520331383,-0.0008067123708315194,3.6491904609192716e-06,7.37261000693934e-07,23215.311,1.0,23078.98975,6.756605532055237e-06,105.51543277109323,1920.0,1.0,,366,,,,,,,,
2.9527404730001763,0.009668300583143719,0.0800374352838844,0.0,0.0,0.0025675000000000003,4.0,0.08250000000000002,-0.0034756499007926323,0.06061189854517579,-0.0033215642324648798,4.973613442871283e-06,2.076198150291475e-06,23188.492000000002,1.0,22979.939609374997,6.756605532055237e-06,293.8245978203775,1920.0,1.0,,367,,,,,,,,
2.940616238000075,0.0029611551017296733,0.02473958337213844,0.0,0.0,0.0025200000000000014,4.0,0.07999999999999996,-0.0036525564501062036,0.05865797563455999,-0.00350563223764766,4.270131725547799e-06,9.342187645700051e-07,23217.583,1.0,23055.88576953125,6.756605532055237e-06,172.82575652672742,1920.0,1.0,,368,,,,,,,,
3.013991446000091,0.004045784218760673,0.025716146104969084,0.0,0.0,0.0024725000000000025,4.0,0.07750000000000001,-0.0022573834939976223,0.0579308164305985,-0.0021152876724954695,4.035326114149029e-06,1.4680508613196253e-06,23215.311,1.0,23055.445953125,6.756605532055237e-06,265.13201863356454,1920.0,1.0,,369,,,,,,,,
2.9367986479996944,0.0024960475748230238,0.017211914295330644,0.0,0.0,0.002425,4.0,0.07499999999999996,6.003869930282235e-05,0.053230973426252604,0.00018830638146027923,3.4692505010980312e-06,9.420037407892323e-07,23215.311,1.0,23086.679042968753,6.756605532055237e-06,130.9045108132451,1920.0,1.0,,370,,,,,,,,
2.945958678000352,0.003582737280339643,0.027669270857586525,0.0,0.0,0.002377500000000001,4.0,0.07250000000000001,-0.0034181629889644682,0.05479054385796189,-0.0032885303953662515,3.065111528144371e-06,6.516091346497888e-07,23215.614999999998,1.0,23109.71498046875,6.756605532055237e-06,50.522327745800546,1920.0,1.0,,371,,,,,,,,
2.95937706299992,0.004231573635479435,0.04020182334352285,0.0,0.0,0.0023299999999999987,4.0,0.06999999999999995,-0.0024306292971232324,0.0624188135843724,-0.0022859606833662838,2.9903822280630266e-06,9.34839263777576e-07,23218.462999999996,1.0,23102.426468750004,6.756605532055237e-06,153.78537764148751,1920.0,1.0,,372,,,,,,,,
3.018573944000309,0.004890862546744756,0.043660482042469084,0.0,0.0,0.0022825,4.0,0.0675,-0.0035096938809147105,0.05877714650705457,-0.003378013614565134,5.991445163999742e-06,3.760443561873217e-06,23217.583,1.0,22868.753625,6.756605532055237e-06,369.60261999060054,1920.0,1.0,,373,,,,,,,,
2.9491615799997817,0.003559018445230322,0.020914713735692203,0.0,0.0,0.002235000000000001,4.0,0.06499999999999995,-0.000916079297894612,0.05616670590825379,-0.0007922000368125737,4.4270676369251305e-06,2.4205286308642826e-06,23215.614999999998,1.0,23023.65116015625,6.756605532055237e-06,286.79290316800086,1920.0,1.0,,374,,,,,,,,
2.938506203000088,0.0022364885844581295,0.015380859549622983,0.0,0.0,0.002187500000000002,4.0,0.0625,0.0018530294764786959,0.054916719207540154,0.001972341618966311,3.0237053181281226e-06,1.0320470558156103e-06,23213.887,1.0,23083.648101562503,6.756605532055237e-06,148.4879198276729,1920.0,1.0,,375,,,,,,,,
2.9977149490000556,0.0012930894044984598,0.018025716315605678,0.0,0.0,0.002140000000000003,4.0,0.06000000000000005,-0.0021405747102107853,0.05291762249544263,-0.0020280906464904547,2.2233806689087032e-06,1.0750872760922903e-06,23215.311,1.0,23118.17675,6.756605532055237e-06,171.99021752071283,1920.0,1.0,,376,,,,,,,,
2.96398003899958,0.003003024885401828,0.03161621140316129,0.0,0.0,0.0020925000000000006,4.0,0.057499999999999996,-0.00020911917090415955,0.05706379166804254,-9.113014675676823e-05,3.841194043729956e-06,2.0652692498401848e-06,23215.311,1.0,23007.81388671875,6.756605532055237e-06,264.68875991148656,1920.0,1.0,,377,,,,,,,,
2.9621297480002795,0.0008353202938451432,0.007446289149811491,0.0,0.0,0.0020450000000000017,4.0,0.05500000000000005,0.0005841568345203996,0.058029092149809,0.0007015658775344491,3.4816958418559807e-06,1.8237255616782022e-06,23215.311,1.0,23057.412257812503,6.756605532055237e-06,251.80280839739356,1920.0,1.0,,378,,,,,,,,
3.0168107899999086,0.0010289568854204845,0.008992513103294186,0.0,0.0,0.0019974999999999993,4.0,0.05249999999999999,-0.0009702450188342482,0.057090735295787454,-0.000857230756082572,3.191724331941259e-06,1.4105721319879194e-06,23202.663,1.0,23088.70973828125,6.756605532055237e-06,199.78847756506067,1920.0,1.0,,379,,,,,,,,
2.954189151999799,0.0032262349468510365,0.014404297049622983,0.0,0.0,0.0019500000000000003,4.0,0.050000000000000044,-0.0032575477453065105,0.057082695653662086,-0.0031471971597056836,2.6877124383872797e-06,1.3848204787336726e-06,23217.583,1.0,23089.65994140625,6.756605532055237e-06,202.05242800212122,1920.0,1.0,,380,23241.599000000002,23230.768500000006,23119.481750000003,70000042,23154.41283333334,best_of_k,23230.768500000006,44.39343363003021
2.7844870029998674,0.011568803330495333,0.022026910136143368,0.0,1.0,0.0019025000000000014,3.0,0.04749999999999999,0.0014340869965963066,0.05735137810309728,0.001542452024295926,2.538089840224226e-06,9.848021373196996e-07,23217.583,1.0,23111.137601562503,6.756605532055237e-06,162.582942949903,1920.0,1.0,,381,,,,,,,,
2.952847434999967,0.0014159760758047923,0.012247721475432627,0.0,0.0,0.0018550000000000025,4.0,0.04500000000000004,-0.0023576956591568887,0.0553547921590507,-0.002255666651763022,2.299470381217361e-06,8.479152171503301e-07,23219.519,1.0,23129.546761718753,6.756605532055237e-06,124.34785105277145,1920.0,1.0,,382,,,,,,,,
2.949242133000098,0.0014820177191268158,0.019938151206588373,0.0,0.0,0.0018075,4.0,0.04249999999999998,-0.0020940342074027285,0.053182479459792376,-0.001998584673856385,2.372232316361078e-06,8.806032170127764e-07,23230.768500000006,1.0,23133.571304687503,6.756605532055237e-06,123.67274934420432,1920.0,1.0,,383,,,,,,,,
2.9600687590000234,0.002526658747228794,0.028645833532209508,0.0,0.0,0.0017600000000000011,4.0,0.040000000000000036,-0.0029475759311026195,0.05362575384788215,-0.002853787096682936,2.5574393802685336e-06,6.733538207015499e-07,23233.679,1.0,23157.81814453125,6.756605532055237e-06,67.62115723029007,1920.0,1.0,,384,,,,,,,,
2.950861301000259,0.00474841568939155,0.02355957039981149,0.0,0.0,0.0017124999999999987,4.0,0.03749999999999998,0.0008444528648396954,0.056489208713173866,0.0009406030003447086,2.258826555134874e-06,7.233930574557235e-07,23230.768500000006,1.0,23117.53294140625,6.756605532055237e-06,114.18871328305524,1920.0,1.0,,385,,,,,,,,
2.9983614110001326,0.0008308687247335911,0.008789062601863407,0.0,0.0,0.0016649999999999998,4.0,0.03500000000000003,0.00026640237774699926,0.056770487455651164,0.00035990652395412326,3.2780352938743818e-06,1.3828455607267642e-06,23217.583,1.0,23103.55264453125,6.756605532055237e-06,205.2490589884404,1920.0,1.0,,386,,,,,,,,
2.945172332000311,0.0021597861195914447,0.01753743493463844,0.0,0.0,0.0016175000000000009,4.0,0.03249999999999997,-0.002866431728762109,0.05569013021886349,-0.0027771774330176413,2.9528470548711994e-06,1.059138877934629e-06,23215.646999999997,1.0,23100.4103828125,6.756605532055237e-06,165.12483949682897,1920.0,1.0,,387,,,,,,,,
2.9582714089997353,0.0010251285011690925,0.009928385537932627,0.0,0.0,0.001570000000000002,4.0,0.030000000000000027,-0.0009116283326875418,0.05707055935636163,-0.0008227841462939978,2.6404945145941383e-06,9.85004522391364e-07,23217.583,1.0,23116.36821484375,6.756605532055237e-06,149.72755807333294,1920.0,1.0,,388,,,,,,,,
2.996666247000121,0.001339686596111278,0.013305664178915322,0.0,0.0,0.0015224999999999995,4.0,0.02749999999999997,0.0004501901858020574,0.05595753970555961,0.0005343244993127882,3.4735676166519625e-06,1.4271845216740076e-06,23239.631,1.0,23101.80796875,6.756605532055237e-06,214.39250225658733,1920.0,1.0,,389,,,,,,,,
2.978380582000227,0.00042138377284572925,0.0036621094041038305,0.0,0.0,0.0014750000000000006,4.0,0.025000000000000022,0.0007102579111233354,0.05317477136850357,0.0007879793411120772,2.637994441556657e-06,8.95948435442051e-07,23237.239,1.0,23148.7484375,6.756605532055237e-06,135.529067552544,1920.0,1.0,,390,,,,,,,,
2.9768819860000804,0.005341651245544199,0.01590983096684795,0.0,0.0,0.0014275000000000017,4.0,0.022499999999999964,-0.0001766817586030811,0.05291543318890035,-0.00010184652637690306,2.7345579098891903e-06,8.566220088823684e-07,23211.348500000004,1.0,23123.729953125003,6.756605532055237e-06,121.79771061995979,1920.0,1.0,,391,,,,,,,,
2.971097945999645,0.0006363830343616428,0.008097330821328796,0.0,0.0,0.0013800000000000028,4.0,0.020000000000000018,-0.002917710429755971,0.05093867750838399,-0.002848171629011631,2.7389604611016694e-06,9.649343439832592e-07,23215.646999999997,1.0,23096.376500000002,6.756605532055237e-06,159.40394912739796,1920.0,1.0,,392,,,,,,,,
2.9349344030001703,0.0013766977681370918,0.014038085995707661,0.0,0.0,0.0013325000000000004,4.0,0.01749999999999996,0.0022203936241567135,0.05410651699639857,0.002291673910804093,2.6322914692400445e-06,1.1082118227534465e-06,23217.447000000004,1.0,23096.98765234375,6.756605532055237e-06,181.72820562765122,1920.0,1.0,,393,,,,,,,,
2.9919125830001576,0.0018607412857818417,0.016682942761690356,0.0,0.0,0.0012850000000000014,4.0,0.015000000000000013,-0.003240256948629394,0.05448179552331567,-0.0031709822942502797,2.576881144022991e-06,9.54392071150778e-07,23219.519,1.0,23116.862578125,6.756605532055237e-06,155.8497193632108,1920.0,1.0,,394,,,,,,,,
2.979645046999849,0.0006348411407088861,0.00618489584303461,0.0,0.0,0.001237499999999999,4.0,0.012499999999999956,-0.0002386301930528134,0.054965608986094594,-0.00017148425104096532,2.6918377642459745e-06,1.2092614127823254e-06,23237.239,1.0,23116.042074218753,6.756605532055237e-06,184.68387865680106,1920.0,1.0,,395,,,,,,,,
3.0147069260001444,0.0018743267332865798,0.012898763117846102,0.0,0.0,0.00119,4.0,0.010000000000000009,0.0015790154866408557,0.0536437954287976,0.0016423270280938596,2.2366091059211612e-06,6.020781029292266e-07,23230.768500000006,1.0,23155.18825390625,6.756605532055237e-06,66.3768834813612,1920.0,1.0,,396,,,,,,,,
2.9818261389996223,0.002519422549084993,0.017944336141226813,0.0,0.0,0.0011425000000000012,4.0,0.007499999999999951,-0.00277157796517713,0.05464500980451703,-0.002710302476771176,3.0433488120706897e-06,1.7045417806116347e-06,23218.462999999996,1.0,23086.4533125,6.756605532055237e-06,237.28008840149735,1920.0,1.0,,397,,,,,,,,
2.9679521699999896,0.0023743820129311644,0.017903646104969084,0.0,0.0,0.0010950000000000022,4.0,0.0050000000000000044,-0.0025524850643705577,0.053886013105511665,-0.002494357933755964,2.8497038613295445e-06,1.1854021266799464e-06,23230.768500000006,1.0,23086.230226562497,6.756605532055237e-06,191.79802062743707,1920.0,1.0,,398,,,,,,,,
2.99104472099998,0.0036825111419602763,0.011637369956588373,0.0,0.0,0.0010474999999999998,4.0,0.0024999999999999467,-0.0031925504736136645,0.05379791953600943,-0.003136773651931435,2.1495737740906407e-06,7.242251705008584e-07,23215.311,1.0,23123.7313984375,6.756605532055237e-06,110.39485341842176,1920.0,1.0,,399,,,,,,,,
2.9500268749998213,0.0013511966917576501,0.01078287765267305,0.0,0.0,0.0010000000000000009,4.0,0.0,-0.000428511033533141,0.05695841461420059,-0.0003730644821189344,3.985967850894667e-06,2.2271544679597355e-06,23217.583,1.0,23068.838148437502,6.756605532055237e-06,295.4444130658912,1920.0,1.0,,400,23241.599000000002,23217.583,23177.495,70000042,23125.5833,best_of_k,23217.583,110.24021873304625
