elapsed_seconds,optimization_approximate_kl,optimization_clip_fraction,optimization_count_loss,optimization_early_kl_stop,optimization_entropy_coefficient,optimization_epochs_completed,optimization_learning_rate_fraction,optimization_loss,optimization_normalized_entropy,optimization_policy_loss,optimization_q_loss,optimization_value_loss,rollout_best_objective,rollout_feasible_rate,rollout_mean_objective,rollout_reward_scale,rollout_std_objective,rollout_transitions,rollout_vectorized_rollouts,self_imitation_loss,update,validation_archive_best_objective,validation_best_of_k_objective,validation_deterministic_objective,validation_fixed_validation_seed,validation_mean_stochastic_objective,validation_selection_metric,validation_selection_objective,validation_std_stochastic_objective
11.093612430000576,0.014258949903887697,0.1377441411255859,0.0,0.0,0.0199525,4.0,0.9975,-0.008560976944863796,0.7140810325741768,0.0008180736796930433,0.01851226490780391,0.006034848402487114,167509.825,1.0,106705.69590625001,1.9421566041954998e-07,21612.327549776895,4800.0,1.0,,1,167509.825,179059.432,0.0,70000042,139491.78556666666,best_of_k,179059.432,23907.257852930365
10.97870365000017,0.008324050818919205,0.12299804715439677,0.0,0.0,0.019905,4.0,0.995,-0.01611526048509404,0.7396859109401703,-0.0014116343925707042,6.343303230096353e-05,2.6958732928505923e-05,172033.763,1.0,132701.537109375,1.9421566041954998e-07,19354.79626648301,4800.0,1.0,,2,,,,,,,,
10.797907871999996,0.008686149696586654,0.10061849039047957,0.0,0.0,0.0198575,4.0,0.9925,-0.021882512618321925,0.7618986636400222,-0.006761180376634002,2.7592446940616355e-05,1.0622607919685834e-05,214455.835,1.0,144985.615671875,1.9421566041954998e-07,23709.390689028438,4800.0,1.0,,3,,,,,,,,
10.73482256600073,0.008077015916933305,0.08798828143626451,0.0,0.0,0.01981,4.0,0.99,-0.024396095122210682,0.7838383004069328,-0.008875250117853284,2.6960873537973384e-05,8.592044366650953e-06,224233.99200000003,1.0,160987.68953124998,1.9421566041954998e-07,24642.633055122948,4800.0,1.0,,4,,,,,,,,
10.649430903999018,0.0075240900652715935,0.07989908894523978,0.0,0.0,0.0197625,4.0,0.9875,-0.021980735892429947,0.781988862156868,-0.0065348035772331056,2.8835787725256522e-05,1.0477088130755874e-05,243383.122,1.0,190324.45732812502,1.9421566041954998e-07,26169.96827388969,4800.0,1.0,,5,,,,,,,,
10.773773126000378,0.006161180767230689,0.07460937546566129,0.0,0.0,0.019715,4.0,0.985,-0.02481988810468465,0.7691863149404525,-0.009661477850750088,2.048228211606329e-05,8.099028173091938e-06,251277.03899999996,1.0,204671.194640625,1.9421566041954998e-07,21670.812112599448,4800.0,1.0,,6,,,,,,,,
10.822832311001548,0.007056101178750396,0.09191080760210753,0.0,0.0,0.0196675,4.0,0.9825,-0.020320079813245684,0.7627197876572609,-0.005327922909054905,2.5945382026293375e-05,1.2080958185833879e-05,283818.119,1.0,224959.65331249998,1.9421566041954998e-07,27531.29698081322,4800.0,1.0,,7,,,,,,,,
10.655716274000952,0.007248249830445275,0.10094401054084301,0.0,0.0,0.019620000000000002,4.0,0.98,-0.022839551279321312,0.747523057460785,-0.008180821361020208,2.4249843727375263e-05,1.049392797085602e-05,305805.6020000001,1.0,247448.218640625,1.9421566041954998e-07,26244.53790340236,4800.0,1.0,,8,,,,,,,,
10.64815328199984,0.006566353101516142,0.09555664118379355,0.0,0.0,0.0195725,4.0,0.9775,-0.02241906332783401,0.7171959280967712,-0.008388376049697398,2.4363243983316352e-05,8.387399191178702e-06,307790.134,1.0,260618.08368750004,1.9421566041954998e-07,22743.976564905526,4800.0,1.0,,9,,,,,,,,
10.47396234200096,0.006899416973465122,0.10330403661355377,0.0,0.0,0.019525,4.0,0.975,-0.02730930265970528,0.7157628297805786,-0.013339590607210993,1.7411072349204915e-05,7.633906113824196e-06,331385.729,1.0,278346.8605,1.9421566041954998e-07,25810.907610790855,4800.0,1.0,,10,,,,,,,,
10.55757014899973,0.00612806994759012,0.07636718777939677,0.0,0.0,0.019477500000000002,4.0,0.9725,-0.020367640350013972,0.7046826034784317,-0.006646321434527635,1.2033668076583126e-05,5.865947127858817e-06,342072.33900000004,1.0,295844.885390625,1.9421566041954998e-07,17488.226685145062,4800.0,1.0,,11,,,,,,,,
10.53062500300075,0.007129997611627914,0.10065104197710753,0.0,0.0,0.01943,4.0,0.97,-0.021002528700046243,0.6823852479457855,-0.007749222513666609,1.9647460590022092e-05,6.9489953943957515e-06,335306.258,1.0,298719.419796875,1.9421566041954998e-07,21762.96470388441,4800.0,1.0,,12,,,,,,,,
10.527076207999926,0.008232345813303255,0.11560872411355376,0.0,0.0,0.0193825,4.0,0.9675,-0.019007828959729522,0.6499048054218293,-0.006418066099286079,4.0390316257798986e-05,5.954229948201828e-06,354700.235,1.0,319899.25357812503,1.9421566041954998e-07,17648.002219029575,4800.0,1.0,,13,,,,,,,,
10.52890423899953,0.008545157045591622,0.13455403670668603,0.0,0.0,0.019335,4.0,0.965,-0.01638192713726312,0.6319847866892815,-0.004167548310942948,2.8625057177578127e-05,4.368171721580438e-06,361247.518,1.0,331749.01148437505,1.9421566041954998e-07,17023.59078591431,4800.0,1.0,,14,,,,,,,,
10.670894449998741,0.007125553145306185,0.09853515662252903,0.0,0.0,0.0192875,4.0,0.9625,-0.01984199369326234,0.5988560959696769,-0.008298784028738737,4.9864984964642646e-05,4.482326431798356e-06,374644.19899999996,1.0,347443.961375,1.9421566041954998e-07,13314.154026374112,4800.0,1.0,,15,,,,,,,,
10.54423374199905,0.009718854245147669,0.12320963628590106,0.0,0.0,0.01924,4.0,0.96,-0.01882310884539038,0.5584864512085914,-0.008085348922759295,5.771434297230371e-05,3.4955903686295643e-06,375980.248,1.0,358830.2528125,1.9421566041954998e-07,9967.075631208801,4800.0,1.0,,16,,,,,,,,
10.730702640001255,0.007713768840767443,0.09983724011108279,0.0,0.0,0.0191925,4.0,0.9575,-0.017839045519940554,0.5319455355405808,-0.009327819687314332,0.014963081210589734,0.00040366143211656436,385368.242,1.0,367766.1303125,1.9421566041954998e-07,9344.46334154531,4800.0,1.0,,17,,,,,,,,
10.68725835999976,0.008194387615367305,0.10913085968932137,0.0,0.0,0.019145,4.0,0.955,-0.010926343698520214,0.5170752927660942,-0.0017857683822512626,0.0074695740362585635,2.3747809672158836e-05,397131.346,1.0,371167.2159375,1.9421566041954998e-07,9689.155312172683,4800.0,1.0,,18,,,,,,,,
10.608195954000621,0.007079688395606354,0.09497070321813225,0.0,0.0,0.0190975,4.0,0.9525,-0.012696627480909228,0.507271570712328,-0.0030177611857652663,7.506125684813015e-05,2.4924917994439967e-06,391027.063,1.0,373504.09709375,1.9421566041954998e-07,8816.011523179692,4800.0,1.0,,19,,,,,,,,
10.505077887999505,0.006258264692587545,0.08111979197710753,0.0,0.0,0.01905,4.0,0.95,-0.013476405118126422,0.4923908680677414,-0.004097840667236596,7.987045285062777e-06,1.3656921709070957e-06,393423.84699999995,1.0,375258.54628124996,1.9421566041954998e-07,6714.735427083375,4800.0,1.0,,20,397131.346,388550.453,369035.89400000003,70000042,378296.09953333327,best_of_k,388550.453,6209.5992038388185
10.571261521001361,0.0063911644487234295,0.08203125018626452,0.0,0.0,0.019002500000000002,4.0,0.9475,-0.010323021875228733,0.46769735515117644,-0.0014368861506227405,5.885112875603226e-06,1.390352056773736e-06,390180.48099999997,1.0,376273.80940625,1.9421566041954998e-07,7749.948338242173,4800.0,1.0,,21,,,,,,,,
10.456728549999752,0.006584381217908231,0.07731119822710752,0.0,0.0,0.018955,4.0,0.945,-0.01142499129055068,0.44761825948953626,-0.002941390918567777,4.91930289854281e-06,1.0239766112363214e-06,396236.63700000005,1.0,381322.66909375,1.9421566041954998e-07,7228.265216428806,4800.0,1.0,,22,,,,,,,,
10.533812984000178,0.009877650831185747,0.12379557359963655,0.0,0.0,0.0189075,4.0,0.9425,-0.00926441173069179,0.4489314332604408,-0.0007770662894472479,3.832891189858856e-06,8.842756997751167e-07,396094.062,1.0,385582.297015625,1.9421566041954998e-07,5632.762967419362,4800.0,1.0,,23,,,,,,,,
10.457490819000668,0.006399556652831961,0.07252604179084302,0.0,0.0,0.018860000000000002,4.0,0.94,-0.011895660008303822,0.44802892580628395,-0.003446776757482439,4.178102454943655e-06,1.046971431151178e-06,400077.4170000001,1.0,389149.987046875,1.9421566041954998e-07,5652.001614078758,4800.0,1.0,,24,,,,,,,,
10.414615132000108,0.009353084263784695,0.10885416697710752,0.0,0.0,0.0188125,4.0,0.9375,-0.009615596639923752,0.4329839460551739,-0.0014707918395288288,3.155114575292828e-06,7.805722148646055e-07,405024.78400000004,1.0,392738.14900000003,1.9421566041954998e-07,5287.942228867464,4800.0,1.0,,25,,,,,,,,
10.483419678001155,0.004960395133093698,0.059863281436264515,0.0,0.0,0.018765,4.0,0.935,-0.008339527749922127,0.43148243278264997,-0.00024338725488632918,3.0099634955149666e-06,6.536506589327473e-07,404701.03799999994,1.0,395600.370359375,1.9421566041954998e-07,3698.35303863558,4800.0,1.0,,26,,,,,,,,
10.337549351999769,0.00776278208122676,0.0972981776110828,0.0,0.0,0.0187175,4.0,0.9325,-0.006374854152090848,0.42445463687181473,0.001569295395165682,2.658980139358391e-06,6.292389244322294e-07,405243.706,1.0,397503.533640625,1.9421566041954998e-07,3954.4101006492274,4800.0,1.0,,27,,,,,,,,
10.468516484999782,0.005067984065681231,0.059147135633975265,0.0,0.0,0.01867,4.0,0.9299999999999999,-0.010107081802561878,0.40581451505422594,-0.002531037083826959,2.51649271945098e-06,5.206330577323115e-07,406926.351,1.0,399340.4865625,1.9421566041954998e-07,3561.8080576584402,4800.0,1.0,,28,,,,,,,,
10.42418232899945,0.008026081593197888,0.09072265680879354,0.0,0.0,0.0186225,4.0,0.9275,-0.009247164474800229,0.3905744284391403,-0.0019745084457099436,2.7358023430679166e-06,1.0847768237454147e-06,408069.586,1.0,398218.158546875,1.9421566041954998e-07,4917.181353749421,4800.0,1.0,,29,,,,,,,,
10.48031126999922,0.009890372224253952,0.11158854179084302,0.0,0.0,0.018575,4.0,0.925,-0.008190814382396638,0.3651234470307827,-0.0014096141094341874,2.3733779983103885e-06,1.460101699990446e-06,407837.16300000006,1.0,400519.279,1.9421566041954998e-07,3917.5406404621594,4800.0,1.0,,30,,,,,,,,
10.483797910999783,0.008295982816071046,0.09736328125,0.0,0.0,0.018527500000000002,4.0,0.9225,-0.012107034289510921,0.3430767826735973,-0.005751126306131482,2.2293480469670613e-06,4.4744432443621917e-07,408398.065,1.0,401020.83415625,1.9421566041954998e-07,3516.5188157945563,4800.0,1.0,,31,,,,,,,,
10.604718941998726,0.007736106066840875,0.10063476590439677,0.0,0.0,0.01848,4.0,0.92,-0.011932938714744523,0.3306926965713501,-0.005822524536051787,1.9143150268519094e-06,1.189799287715232e-06,409506.01200000005,1.0,401752.56315625005,1.9421566041954998e-07,3473.2547360504004,4800.0,1.0,,32,,,,,,,,
10.435190764001163,0.006034134203628127,0.07392578180879354,0.0,0.0,0.0184325,4.0,0.9175,-0.005888737214263529,0.32191053330898284,1.6713468357920647e-05,2.594476538320123e-06,5.5811910088010566e-05,409671.03099999996,1.0,402927.61275000003,1.9421566041954998e-07,2910.6774008611014,4800.0,1.0,,33,,,,,,,,
10.38351231300112,0.009561986894368601,0.11152343819849193,0.0,0.0,0.018385,4.0,0.915,-0.007178029185160995,0.316002731025219,-0.0014092658879235388,3.7959075882554316e-06,8.113524203281485e-05,411127.388,1.0,404314.07537499996,1.9421566041954998e-07,3090.0481228537583,4800.0,1.0,,34,,,,,,,,
10.522234207999645,0.006237166384880766,0.0730305990204215,0.0,0.0,0.0183375,4.0,0.9125,-0.007108474511187524,0.30676623731851577,-0.0015525687602348625,5.904341517748435e-06,0.00013765908033462891,410982.29699999996,1.0,404544.20275000005,1.9421566041954998e-07,3283.5295832882275,4800.0,1.0,,35,,,,,,,,
10.468382093999026,0.009493451137677767,0.10760091161355376,0.0,0.0,0.01829,4.0,0.91,-0.008023502537980676,0.3033725194633007,-0.0024925120989792047,4.659552055841232e-06,3.4453812006063345e-05,414227.472,1.0,406543.172328125,1.9421566041954998e-07,2723.568936693465,4800.0,1.0,,36,,,,,,,,
10.364974603000519,0.009301179648196012,0.11614583358168602,0.0,0.0,0.018242500000000002,4.0,0.9075,-0.00288393838563934,0.30372452214360235,0.002654136810451746,2.386870291388732e-05,4.6562800690708175e-07,412389.459,1.0,408869.814234375,1.9421566041954998e-07,2526.4731302618134,4800.0,1.0,,37,,,,,,,,
10.632886661000157,0.011190765169999395,0.12652994859963657,0.0,0.0,0.018195,4.0,0.905,-0.0030736706918105482,0.28490767255425453,0.0020134573336690665,0.0009629435199258296,9.4430007493429e-07,413506.06299999997,1.0,407979.388953125,1.9421566041954998e-07,2666.173048818302,4800.0,1.0,,38,,,,,,,,
10.382325869999477,0.00816535118112256,0.09335937506984919,0.0,0.0,0.0181475,4.0,0.9025,-0.005168650730047375,0.295703599601984,0.0001658929220866412,0.00031514929220293196,4.4520151334381806e-07,415359.206,1.0,408493.98487499997,1.9421566041954998e-07,2565.815114702003,4800.0,1.0,,39,,,,,,,,
10.382907127999715,0.009277017558406441,0.10021158903837205,0.0,0.0,0.0181,4.0,0.9,-0.011920888710301369,0.2896101899445057,-0.006680313078686595,1.1404902988942921e-05,4.587998468252863e-07,414069.16099999996,1.0,409472.377578125,1.9421566041954998e-07,2784.163293849898,4800.0,1.0,,40,415359.206,413938.262,409033.75800000003,70000042,410821.0483333333,best_of_k,413938.262,1460.521006837722
10.480160133998652,0.007431562127749203,0.0881184896454215,0.0,0.0,0.0180525,4.0,0.8975,-0.007321634661639109,0.2813719607889652,-0.002242790500167757,3.7584273115953692e-06,4.944457046462957e-07,414509.384,1.0,410090.608484375,1.9421566041954998e-07,2480.448351726342,4800.0,1.0,,41,,,,,,,,
10.70380153699989,0.007359613407118104,0.08977864608168602,0.0,0.0,0.018005,4.0,0.895,0.0006908280134666711,0.2709808528423309,0.005569445108994842,1.6110115467427023e-06,4.650888584478707e-07,416273.824,1.0,411521.696984375,1.9421566041954998e-07,2012.6830007372744,4800.0,1.0,,42,,,,,,,,
10.497090205000859,0.004933454088654798,0.05909830755554139,0.0,0.0,0.0179575,4.0,0.8925,-0.0049103403754998,0.25765872187912464,-0.000283730000955984,1.4432142023679262e-06,3.034656771205846e-07,415980.607,1.0,410745.276203125,1.9421566041954998e-07,2416.195969122516,4800.0,1.0,,43,,,,,,,,
10.45415889800097,0.006423969658044371,0.07027994792442768,0.0,0.0,0.017910000000000002,4.0,0.89,-0.002349029469769448,0.243014208227396,0.0020031109219416977,1.2144402546709897e-06,2.4551213186896346e-07,414931.59599999996,1.0,411930.859078125,1.9421566041954998e-07,1549.2027008666935,4800.0,1.0,,44,,,,,,,,
10.619161255999643,0.008997019442222153,0.10432942751795053,0.0,0.0,0.0178625,4.0,0.8875,-0.001426078792428598,0.24256262332201003,0.0029064563103020193,1.1306009668032857e-06,2.5352904913233943e-07,415893.865,1.0,411854.85232812504,1.9421566041954998e-07,2103.2329871937586,4800.0,1.0,,45,,,,,,,,
10.49696327699894,0.006597557004647569,0.08665364617481827,0.0,0.0,0.017815,4.0,0.885,-0.0045024697144981475,0.2404599405825138,-0.0002189363120123744,1.2040998655038494e-06,2.803803539563887e-07,416312.499,1.0,412457.795828125,1.9421566041954998e-07,2058.574738027389,4800.0,1.0,,46,,,,,,,,
10.667044793999594,0.005852250685938998,0.06961263059638441,0.0,0.0,0.017767500000000002,4.0,0.8825000000000001,-0.008041566383326426,0.23584605418145657,-0.003851478348951787,1.687443491960039e-06,2.756955076677059e-07,417826.35000000003,1.0,412854.565609375,1.9421566041954998e-07,2102.560014236032,4800.0,1.0,,47,,,,,,,,
10.867823373999272,0.01030254612854833,0.132535807415843,0.0,0.0,0.01772,4.0,0.88,0.0017242968722712248,0.24213723540306092,0.006014698371291161,1.2522546683157999e-06,2.90255467660927e-07,417088.012,1.0,413215.1626875,1.9421566041954998e-07,2302.289275456651,4800.0,1.0,,48,,,,,,,,
11.126264300999537,0.010597623186544069,0.11865234449505806,0.0,0.0,0.0176725,4.0,0.8775,0.002556815085699782,0.2381162028759718,0.006764693453442305,9.537442309692778e-07,2.7007361182995735e-07,416733.516,1.0,413092.312453125,1.9421566041954998e-07,2058.911527326837,4800.0,1.0,,49,,,,,,,,
11.625293507999231,0.005965783047929563,0.06580403666011989,0.0,0.0,0.017625000000000002,4.0,0.875,-0.0032005545450374483,0.23850022181868552,0.0010027137584984302,1.0542018202386317e-06,3.846728702683322e-07,416014.36,1.0,412420.073390625,1.9421566041954998e-07,2227.4312784764547,4800.0,1.0,,50,,,,,,,,
9.828553307999755,0.018944066018150352,0.1369791679084301,0.0,1.0,0.0175775,2.0,0.8725,0.007263473293278366,0.228415834158659,0.011277980054728687,9.635520058282054e-07,7.512047709212766e-07,416101.597,1.0,412100.49412499997,1.9421566041954998e-07,1922.1841926488785,4800.0,1.0,,51,,,,,,,,
10.951203640999665,0.005246067074176608,0.06582031291909515,0.0,0.0,0.01753,4.0,0.87,-0.0016035793465562164,0.23208713978528978,0.0024633434368297458,9.252376500512582e-07,2.9447137734450733e-06,416328.148,1.0,413576.968953125,1.9421566041954998e-07,1453.2399191521156,4800.0,1.0,,52,,,,,,,,
10.683591242999682,0.005182048293545449,0.0654134115204215,0.0,0.0,0.0174825,4.0,0.8674999999999999,-0.005082241690251977,0.22802252881228924,-0.0010986731620505452,1.3424238744619288e-06,5.402630672080022e-06,416672.84099999996,1.0,413016.768421875,1.9421566041954998e-07,2360.562081655791,4800.0,1.0,,53,,,,,,,,
10.002070075999654,0.011345734022567437,0.11987847263614336,0.0,1.0,0.017435,3.0,0.865,0.008158275989505153,0.22511006742715836,0.011806274267534415,5.022029375822967e-06,0.0005525865802989453,416642.467,1.0,413470.536765625,1.9421566041954998e-07,1933.8411260584796,4800.0,1.0,,54,,,,,,,,
10.60620426100104,0.008854097464342204,0.1012369793606922,0.0,0.0,0.0173875,4.0,0.8625,-0.005157558736391366,0.23968854434788228,-0.0021731116576120257,0.00010973595232144362,0.0023443276317266283,417926.46699999995,1.0,413780.24765625,1.9421566041954998e-07,2276.631959747906,4800.0,1.0,,55,,,,,,,,
10.671150296999258,0.017261259408587647,0.12465820349752903,0.0,1.0,0.01734,4.0,0.86,-0.005027693475130946,0.25107699297368524,-0.0007660721195861698,0.00017250343033197167,0.0001496081621326084,418153.345,1.0,413672.24646875,1.9421566041954998e-07,2344.791677656871,4800.0,1.0,,56,,,,,,,,
10.608549023001615,0.009112839986846666,0.11510416734963655,0.0,0.0,0.017292500000000002,4.0,0.8575,-0.0007112551247701049,0.28882856741547586,0.004223586013540626,0.0005698234128203694,5.48839654470612e-06,413838.041,1.0,408951.09525,1.9421566041954998e-07,2939.5839268822265,4800.0,1.0,,57,,,,,,,,
8.974564002000989,0.01396969374800392,0.15335286520421504,0.0,1.0,0.017245,2.0,0.855,0.005679537740070373,0.28527900874614714,0.010490874643437564,0.0010742638886313215,1.7474624513624804e-06,416200.404,1.0,408992.04531250003,1.9421566041954998e-07,3639.87297320242,4800.0,1.0,,58,,,,,,,,
10.654747214999588,0.006232704359445051,0.08225911473855377,0.0,0.0,0.0171975,4.0,0.8525,-0.00446752414572984,0.2852882478386164,0.0004128556698560715,0.0002543217275274401,8.663475711045976e-07,415344.841,1.0,409453.514390625,1.9421566041954998e-07,3075.4417081227534,4800.0,1.0,,59,,,,,,,,
10.636191829000381,0.008319965037617293,0.09957682322710752,0.0,0.0,0.017150000000000002,4.0,0.85,-0.0005942062940448523,0.2750814244151115,0.004102843813598156,0.0002026618820082149,6.59902798361145e-07,415385.504,1.0,410101.74459375,1.9421566041954998e-07,2613.57813912721,4800.0,1.0,,60,418153.345,415640.078,416186.015,70000042,411814.6955333334,best_of_k,415640.078,2353.7770287278768
10.788040669998736,0.006278450441550376,0.08081054706126452,0.0,0.0,0.0171025,4.0,0.8475,-0.008945807488635183,0.2671874534338713,-0.0043792052776552735,2.7345965327185696e-05,4.7432892600340895e-07,416358.09799999994,1.0,410474.2565625,1.9421566041954998e-07,2362.512636710263,4800.0,1.0,,61,,,,,,,,
10.638295299000674,0.009216799410387467,0.11533203152939678,0.0,0.0,0.017055,4.0,0.845,-0.0006741367629729212,0.267339202016592,0.0038848008844070137,2.452275379027924e-06,5.735555802743874e-07,416559.50399999996,1.0,411351.43859375,1.9421566041954998e-07,2774.531756161014,4800.0,1.0,,62,,,,,,,,
10.640007026000603,0.006254628746546587,0.07197265647118911,0.0,0.0,0.017007500000000002,4.0,0.8425,-0.004440611077006907,0.26769048906862736,0.00011174785904586316,1.359398660838451e-06,5.032392756731952e-07,417291.57300000003,1.0,411765.80339062505,1.9421566041954998e-07,2548.9990778586402,4800.0,1.0,,63,,,,,,,,
10.559775357000035,0.007591602263050845,0.0995442708954215,0.0,0.0,0.01696,4.0,0.84,-0.004890593833988532,0.26445996686816214,-0.00040577450999990106,1.2611234637915914e-06,5.914901535675198e-07,416791.97500000003,1.0,411707.2351875,1.9421566041954998e-07,2730.1497205000774,4800.0,1.0,,64,,,,,,,,
10.534473980000257,0.008808200222711093,0.09982096403837204,0.0,1.0,0.0169125,4.0,0.8375,0.0013488923432305455,0.2700049541890621,0.005914910871069878,1.239157720078765e-06,6.318242476766045e-07,417820.185,1.0,411760.884890625,1.9421566041954998e-07,3088.46840938618,4800.0,1.0,,65,,,,,,,,
10.583430966000378,0.009965240312061497,0.12430013073608279,0.0,0.0,0.016865,4.0,0.835,-0.0035074204322882,0.2643994610756636,0.0009512493736110628,1.302177598461185e-06,5.941024994626786e-07,417870.53799999994,1.0,412226.2976875,1.9421566041954998e-07,2767.7232563817574,4800.0,1.0,,66,,,,,,,,
10.768228036000437,0.006319790450743312,0.08227539090439677,0.0,0.0,0.0168175,4.0,0.8325,-0.006038315850310028,0.26392742767930033,-0.001600118586793542,1.6040661179772541e-06,4.833574621443404e-07,416662.56200000003,1.0,412609.8065625,1.9421566041954998e-07,2151.2329987498574,4800.0,1.0,,67,,,,,,,,
10.701104601001134,0.007092105290030304,0.08730468801222742,0.0,0.0,0.01677,4.0,0.83,-0.0034755739266984164,0.2674983374774456,0.0010099712177179753,1.2203747459693659e-06,5.604713734896905e-07,417875.541,1.0,413038.807234375,1.9421566041954998e-07,2540.6553435838478,4800.0,1.0,,68,,,,,,,,
10.704671698998936,0.00836425859524752,0.0966959640616551,0.0,0.0,0.0167225,4.0,0.8275,0.00043890519300475716,0.25957685261964797,0.00477922591380775,1.1854638742647693e-06,6.704963908532591e-07,418192.77999999997,1.0,413050.88396874996,1.9421566041954998e-07,3307.7149130182743,4800.0,1.0,,69,,,,,,,,
10.808210522000081,0.008288922815563638,0.09877929724752903,0.0,0.0,0.016675000000000002,4.0,0.825,-0.0020099510671570896,0.25586266741156577,0.0022561939433217047,1.0422136455190412e-06,5.215156384963393e-07,419208.564,1.0,413051.578640625,1.9421566041954998e-07,2769.7507797137496,4800.0,1.0,,70,,,,,,,,
10.695631203998346,0.01771902684656652,0.14835612066090106,0.0,1.0,0.0166275,4.0,0.8225,-0.001274089317303151,0.25899281464517115,0.0030320050194859506,9.14006717778193e-07,4.354313041687874e-07,416171.60099999997,1.0,413151.16265625,1.9421566041954998e-07,1819.593182508759,4800.0,1.0,,71,,,,,,,,
10.653746543001034,0.00736200550127819,0.08092447926755994,0.0,0.0,0.01658,4.0,0.8200000000000001,-0.0018763160100206734,0.2530877947807312,0.002319553750567138,1.0549762492928493e-06,4.409864132526309e-07,418811.73600000003,1.0,413426.1654843751,1.9421566041954998e-07,2356.4597229043734,4800.0,1.0,,72,,,,,,,,
10.718655279000814,0.007986990022953933,0.09651692733168601,0.0,0.0,0.016532500000000002,4.0,0.8175,-0.0013161849929019809,0.24762869328260423,0.0027774175512604417,8.999869891113122e-07,4.5636356418299327e-07,418439.37,1.0,413855.918375,1.9421566041954998e-07,2476.2710458706742,4800.0,1.0,,73,,,,,,,,
10.616361271000642,0.005519299459797367,0.06785481823608279,0.0,0.0,0.016485,4.0,0.815,-0.000592267996398732,0.24629538580775262,0.0034676560084335507,8.139175406540744e-07,3.484479869086954e-07,418474.108,1.0,414215.4717187501,1.9421566041954998e-07,2048.2686429986215,4800.0,1.0,,74,,,,,,,,
10.592207920999499,0.0047674816956543966,0.06098632868379354,0.0,0.0,0.0164375,4.0,0.8125,0.000909752759616822,0.24220074191689492,0.004890671698376536,7.31042719337438e-07,3.6500425864005593e-07,417932.75399999996,1.0,414398.330359375,1.9421566041954998e-07,2132.1489116996067,4800.0,1.0,,75,,,,,,,,
10.732895520999591,0.006914517723785707,0.08118489598855376,0.0,0.0,0.016390000000000002,4.0,0.81,0.0018956733343657105,0.24770384095609188,0.005955295683816075,6.904575499788735e-07,3.486814172504182e-07,417671.328,1.0,413999.08756250003,1.9421566041954998e-07,1605.934520032508,4800.0,1.0,,76,,,,,,,,
10.608075472000564,0.009483318855004086,0.09798177108168601,0.0,0.0,0.0163425,4.0,0.8075,0.0005720251007005573,0.24388314373791217,0.004557407554239034,7.510458814863341e-07,4.0571927470978155e-07,419156.861,1.0,414059.412078125,1.9421566041954998e-07,2047.516852952635,4800.0,1.0,,77,,,,,,,,
10.620467795999502,0.010741747839460913,0.12001953199505806,0.0,0.0,0.016295,4.0,0.8049999999999999,0.0003535488271154463,0.255996260792017,0.0045247261179611085,8.221311688316746e-07,3.9986283795201416e-07,419283.301,1.0,414666.29740625,1.9421566041954998e-07,1743.6732179199123,4800.0,1.0,,78,,,,,,,,
10.649663891999808,0.009142282903818,0.1039876302704215,0.0,0.0,0.0162475,4.0,0.8025,-0.0005416566506028176,0.2527868431061506,0.0035652362508699297,7.933913238389323e-07,3.6261529601233633e-07,417690.317,1.0,414257.952875,1.9421566041954998e-07,1918.00292871395,4800.0,1.0,,79,,,,,,,,
10.600088574999972,0.005405516202802119,0.05996093787252903,0.0,0.0,0.0162,4.0,0.8,-0.006532361306017265,0.2478704210370779,-0.0025171262910589575,7.781613106772057e-07,3.761027457471755e-07,418989.625,1.0,414101.613828125,1.9421566041954998e-07,2625.6035829559783,4800.0,1.0,,80,419283.301,417525.137,416965.475,70000042,414292.4224,best_of_k,417525.137,1778.762616183134
10.82409215000007,0.006190131359190332,0.0648763021454215,0.0,0.0,0.0161525,4.0,0.7975,-0.0031302928517106922,0.24879021421074868,0.0008880365174263715,6.606719907154001e-07,3.7665987449031493e-07,418935.386,1.0,414471.30771875003,1.9421566041954998e-07,2338.4833913164944,4800.0,1.0,,81,,,,,,,,
10.769639273999928,0.0149244877642559,0.14521484449505806,0.0,0.0,0.016105,4.0,0.795,0.008076381869614124,0.24766887351870537,0.01206484236754477,7.225883848605009e-07,3.4907764785430117e-07,418137.29799999995,1.0,414317.65020312497,1.9421566041954998e-07,2436.144598818807,4800.0,1.0,,82,,,,,,,,
10.668368159000238,0.008875236185650693,0.08844401068054139,0.0,0.0,0.016057500000000002,4.0,0.7925,-0.005109657865250483,0.2492227703332901,-0.0011080158255936112,6.518839711588953e-07,3.761548697411854e-07,419786.007,1.0,414145.857984375,1.9421566041954998e-07,2435.653616421054,4800.0,1.0,,83,,,,,,,,
10.659538982001322,0.006651462782741646,0.06974283866584301,0.0,0.0,0.01601,4.0,0.79,-0.0015069951070472599,0.2518812261521816,0.002525410451926291,6.223922895287614e-07,2.991064398827348e-07,418325.68899999995,1.0,414324.754859375,1.9421566041954998e-07,2024.0137308108867,4800.0,1.0,,84,,,,,,,,
10.687892484000258,0.008401364916230137,0.0814453125,0.0,0.0,0.0159625,4.0,0.7875,-0.0013454634230583907,0.2514649100601673,0.0026682691765017807,7.622479628821565e-07,3.9970318113091705e-07,418525.82200000004,1.0,414224.461328125,1.9421566041954998e-07,3100.7224192418867,4800.0,1.0,,85,,,,,,,,
10.657144069000424,0.007199176559350917,0.08896484393626451,0.0,0.0,0.015915,4.0,0.785,-0.004308611835585907,0.23653338961303233,-0.0005444027483463287,6.067133483611542e-07,3.1790900507644436e-07,419034.346,1.0,415034.3719375,1.9421566041954998e-07,2112.937720960455,4800.0,1.0,,86,,,,,,,,
10.563797191000049,0.00875087443025393,0.09700520867481828,0.0,0.0,0.0158675,4.0,0.7825,-0.0038022733642719686,0.24548062533140183,9.263143292628228e-05,6.735291677273381e-07,3.837182980248599e-07,418973.771,1.0,414776.5008125,1.9421566041954998e-07,2772.391956596593,4800.0,1.0,,87,,,,,,,,
10.645477146999838,0.008704849938192183,0.09723307322710753,0.0,0.0,0.01582,4.0,0.78,0.0033803382015321405,0.24452680461108683,0.007248519302811474,7.352182365139015e-07,3.182121020017803e-07,419835.54900000006,1.0,414580.30510937504,1.9421566041954998e-07,2169.850030952538,4800.0,1.0,,88,,,,,,,,
10.659024108001177,0.007781116987527525,0.08606770876795053,0.0,0.0,0.015772500000000002,4.0,0.7775,-1.407526433467865e-05,0.23184799514710902,0.0036425238475203516,7.598753342108466e-07,2.9473409668412387e-07,419159.917,1.0,414526.24181250005,1.9421566041954998e-07,2372.1427479642966,4800.0,1.0,,89,,,,,,,,
10.54599549500017,0.01063627853017408,0.10729166697710753,0.0,0.0,0.015725,4.0,0.775,-0.003318309545284137,0.23454703204333782,0.00036963422317057846,1.6722931498236448e-06,2.8134456329098614e-07,419245.782,1.0,415634.0234375,1.9421566041954998e-07,2276.11130857353,4800.0,1.0,,90,,,,,,,,
10.706910229999266,0.009900176179277765,0.10880533885210752,0.0,0.0,0.0156775,4.0,0.7725,0.002840542694320902,0.23638800755143166,0.006543613830581307,2.761395349182294e-05,2.8210652374127677e-07,418819.06200000003,1.0,414821.49682812503,1.9421566041954998e-07,2079.1903737881607,4800.0,1.0,,91,,,,,,,,
10.613667354000427,0.006549044013871708,0.08235677117481828,0.0,0.0,0.01563,4.0,0.77,-0.0029224841215182095,0.23652639612555504,0.0007535360986366868,0.00020735000375111668,3.0383735847294704e-07,419624.305,1.0,415035.44729687506,1.9421566041954998e-07,2342.757250720817,4800.0,1.0,,92,,,,,,,,
10.628685063999,0.007898978661685874,0.09041341170668601,0.0,0.0,0.015582499999999999,4.0,0.7675,0.00022613831679336728,0.23338067010045052,0.0037702223868109285,0.0009237314934921415,3.9388160431030885e-07,419609.772,1.0,414732.355078125,1.9421566041954998e-07,2434.9976923484737,4800.0,1.0,,93,,,,,,,,
10.650177195000651,0.01045982455357546,0.11914062537252904,0.0,0.0,0.015535,4.0,0.765,0.002650793263455853,0.22889401912689208,0.005740173789672553,0.004660078516894828,9.61041416047692e-07,419242.04099999997,1.0,415101.053984375,1.9421566041954998e-07,1912.7513248802316,4800.0,1.0,,94,,,,,,,,
7.983254155000395,0.020749623308188348,0.17291666865348815,0.0,1.0,0.015487500000000001,1.0,0.7625,0.006902243103832006,0.23155505806207657,0.00927119217813015,0.012156264891382306,3.2666863546637615e-06,418980.14599999995,1.0,415223.815078125,1.9421566041954998e-07,2155.7094885273254,4800.0,1.0,,95,,,,,,,,
10.532138333999683,0.010803699422311297,0.07589518260210752,0.0,0.0,0.01544,4.0,0.76,-0.00193340836558491,0.2495111905038357,0.0011668167309835554,0.007484626454061072,7.530564903390768e-06,419316.598,1.0,413728.786625,1.9421566041954998e-07,2895.2397524953117,4800.0,1.0,,96,,,,,,,,
10.592046656998718,0.008239851102123908,0.10008138059638441,0.0,0.0,0.0153925,4.0,0.7575000000000001,0.0009472512145293876,0.23098680637776853,0.004424215410836041,0.0007759078869639779,1.818706228107203e-06,419588.36199999996,1.0,414313.723578125,1.9421566041954998e-07,2042.6328675976736,4800.0,1.0,,97,,,,,,,,
10.779557473999375,0.008719611530068505,0.09707031277939678,0.0,0.0,0.015345000000000001,4.0,0.755,0.00023325916263274848,0.22185582518577576,0.00361053547821939,0.00025569943138634697,3.061235142354235e-06,417767.369,1.0,414428.725359375,1.9421566041954998e-07,1781.2849948932424,4800.0,1.0,,98,,,,,,,,
10.63888731500083,0.01205157486837436,0.11827799519523978,0.0,0.0,0.0152975,4.0,0.7525,0.00021259257337078453,0.2167856376618147,0.00352350240573287,4.945500885469301e-05,8.462901305961168e-07,419093.419,1.0,415115.548421875,1.9421566041954998e-07,1951.052644929567,4800.0,1.0,,99,,,,,,,,
10.55670278100115,0.005697489084380436,0.06629231779370456,0.0,0.0,0.01525,4.0,0.75,-0.004165986774023622,0.21316103711724282,-0.000916412791411858,8.759228916233041e-06,5.131917170331235e-07,419464.176,1.0,415098.9163125,1.9421566041954998e-07,2351.2889352013913,4800.0,1.0,,100,419835.54900000006,419344.785,415358.62700000004,70000042,415930.14290000004,best_of_k,419344.785,1781.2361003559429
10.601579476000552,0.008811155140330129,0.0852539064711891,0.0,0.0,0.0152025,4.0,0.7475,-0.00014003028627485037,0.2077313769608736,0.003017435851506889,3.876627334875593e-06,3.652312173585415e-07,419830.667,1.0,415631.512171875,1.9421566041954998e-07,1634.2465017848788,4800.0,1.0,,101,,,,,,,,
10.551256146000014,0.0122728620326626,0.11402994822710752,0.0,0.0,0.015155,4.0,0.745,0.009599800128489733,0.21588320434093475,0.012871069693937897,2.2468515396667497e-06,4.328417553267627e-07,419592.96100000007,1.0,415627.186625,1.9421566041954998e-07,1788.2858525080323,4800.0,1.0,,102,,,,,,,,
10.664347038000415,0.00611173573306587,0.07805989626795054,0.0,0.0,0.0151075,4.0,0.7424999999999999,-0.0023839629720896482,0.20365397520363332,0.0006923298118636012,1.9202881816227093e-06,4.356791002635418e-07,418946.191,1.0,415211.35624999995,1.9421566041954998e-07,2222.1008028271385,4800.0,1.0,,103,,,,,,,,
9.831667022999682,0.019369514315224025,0.1443142366906007,0.0,1.0,0.01506,3.0,0.74,0.01078225770033896,0.1981770281990369,0.013766374718397856,1.9318659345420502e-06,4.718881285725729e-07,419308.763,1.0,415765.31935937505,1.9421566041954998e-07,1922.364683702433,4800.0,1.0,,104,,,,,,,,
10.579340070999024,0.006213160882680313,0.06666666688397527,0.0,0.0,0.015012500000000002,4.0,0.7375,7.325262413360178e-05,0.19763550758361817,0.003039879648713395,1.6468979708861298e-06,4.2241744111493065e-07,419442.85099999997,1.0,416412.268890625,1.9421566041954998e-07,1764.769422384496,4800.0,1.0,,105,,,,,,,,
8.84143492000112,0.017182649857915067,0.14124349057674407,0.0,1.0,0.014965,2.0,0.735,0.0101592393592,0.21274089366197585,0.013342497684061528,1.6881796796042181e-06,4.80664060376057e-07,419455.338,1.0,415570.06740625005,1.9421566041954998e-07,2215.279003264173,4800.0,1.0,,106,,,,,,,,
10.403850584998509,0.009938511349506029,0.11362304724752903,0.0,0.0,0.0149175,4.0,0.7324999999999999,0.0015061042038723826,0.19877876117825508,0.004471087374258787,1.598387805756829e-06,2.7816895382670736e-07,419244.49799999996,1.0,416242.90884374996,1.9421566041954998e-07,1450.8899759063106,4800.0,1.0,,107,,,,,,,,
10.490359671999613,0.006111915327772976,0.06310221361927688,0.0,0.0,0.014870000000000001,4.0,0.73,0.0035428807750577107,0.2070624440908432,0.006621636834461242,1.3910692189256224e-06,2.4596369172513734e-07,419010.814,1.0,415833.85010937497,1.9421566041954998e-07,1538.3103638373316,4800.0,1.0,,108,,,,,,,,
10.491729626999586,0.007829142745174522,0.08531901082023978,0.0,0.0,0.014822499999999999,4.0,0.7275,-0.002375150204170495,0.20452377013862133,0.0006561517249792815,1.2441594506640285e-06,2.5530990583888523e-07,419285.612,1.0,415784.130359375,1.9421566041954998e-07,1485.3586105371405,4800.0,1.0,,109,,,,,,,,
10.754742598999655,0.011373822455121285,0.11238606786355376,0.0,0.0,0.014775,4.0,0.725,0.003554178951890208,0.20465791560709476,0.006577748549170792,1.2225697503254196e-06,2.570407190205515e-07,418874.00899999996,1.0,416032.443640625,1.9421566041954998e-07,1561.8530197324376,4800.0,1.0,,110,,,,,,,,
10.706936452001173,0.008493301485657412,0.08082682313397527,0.0,0.0,0.014727500000000001,4.0,0.7224999999999999,0.002613983681658283,0.19368661977350712,0.0054662577342242,1.1766251759581792e-06,2.5562087238029105e-07,419683.004,1.0,415916.8273125,1.9421566041954998e-07,1623.1729920976406,4800.0,1.0,,111,,,,,,,,
10.689165674000833,0.008489293539631149,0.0874023440759629,0.0,0.0,0.01468,4.0,0.72,-0.0006326342700049281,0.17949286177754403,0.0020020329975523055,1.0881256457651034e-06,3.5812117999967085e-07,419628.234,1.0,416039.72303125,1.9421566041954998e-07,1414.36415266083,4800.0,1.0,,112,,,,,,,,
10.75901924000027,0.005782319900842481,0.06373697929084302,0.0,0.0,0.014632500000000001,4.0,0.7175,-0.0025659389211796224,0.17631360329687595,1.375516876578331e-05,1.0683163836233689e-06,2.1603360167432584e-07,419000.01900000003,1.0,416295.94481250003,1.9421566041954998e-07,1342.1675775705826,4800.0,1.0,,113,,,,,,,,
10.715850633001537,0.008495111442188374,0.08411458339542151,0.0,0.0,0.014585,4.0,0.7150000000000001,0.002322669420391321,0.18266705758869647,0.004986657341942191,1.007274239839262e-06,2.2042368641450594e-07,419446.56299999997,1.0,416312.42010937503,1.9421566041954998e-07,1325.3112000183728,4800.0,1.0,,114,,,,,,,,
10.585474143999818,0.00608455587017005,0.05699869822710753,0.0,0.0,0.014537500000000002,4.0,0.7125,9.303733240813017e-05,0.18685131072998046,0.0028091755229979753,9.677811831920735e-07,2.32452728354815e-07,418924.87100000004,1.0,416586.06515625,1.9421566041954998e-07,1544.2543443080367,4800.0,1.0,,115,,,,,,,,
10.62042947199916,0.01012601516437286,0.08870442733168601,0.0,0.0,0.014490000000000001,4.0,0.71,-2.4473044322803617e-05,0.17657683044672012,0.002533904300071299,9.637524868821857e-07,2.501987054870369e-07,419654.85,1.0,416737.26378125,1.9421566041954998e-07,1525.5635514909263,4800.0,1.0,,116,,,,,,,,
10.722736019000877,0.005574798699451833,0.055126953311264514,0.0,0.0,0.0144425,4.0,0.7075,0.00577710727811791,0.17597030214965342,0.008318359777331353,8.716101007166799e-07,2.2312588434658665e-07,420260.72000000003,1.0,416660.45314062503,1.9421566041954998e-07,1116.057764414789,4800.0,1.0,,117,,,,,,,,
10.570397736000814,0.007634708402191848,0.08416341179981827,0.0,0.0,0.014395000000000002,4.0,0.7050000000000001,-0.001715590589446947,0.18162276297807695,0.0008985961554571986,8.659455005499694e-07,3.7359211439991214e-07,419508.497,1.0,416454.571328125,1.9421566041954998e-07,1282.8831757009286,4800.0,1.0,,118,,,,,,,,
10.802007763999427,0.007047281449810328,0.06933593772118911,0.0,0.0,0.014347500000000001,4.0,0.7025,0.00019805701449513436,0.18241304531693459,0.002815005276352167,8.710124959065979e-07,2.726066536951066e-07,418882.76099999994,1.0,415869.8443125,1.9421566041954998e-07,1457.039723667343,4800.0,1.0,,119,,,,,,,,
10.562926632999734,0.005818894764838945,0.06057942709885537,0.0,0.0,0.0143,4.0,0.7,-0.00021926592744421215,0.19060772024095057,0.002506236860062927,7.453698998460822e-07,2.2668291812522057e-07,419725.88300000003,1.0,416443.20482812496,1.9421566041954998e-07,1299.2965386110884,4800.0,1.0,,120,420260.72000000003,419284.24100000004,417862.805,70000042,416384.6421,best_of_k,419284.24100000004,1284.713875343486
10.684687425999073,0.008445761487115533,0.08009440116584302,0.0,0.0,0.014252500000000001,4.0,0.6975,-0.0016804715211037546,0.1858152624219656,0.0009676664369180799,7.496457342881513e-07,2.371573756931866e-07,420148.466,1.0,416297.500109375,1.9421566041954998e-07,1588.9157738203526,4800.0,1.0,,121,,,,,,,,
10.616089995999573,0.005997298525774397,0.06458333333721385,0.0,0.0,0.014205,4.0,0.6950000000000001,-0.00388923057471402,0.1877423096448183,-0.0012225344544276595,7.356622290899395e-07,2.2051980543835726e-07,419448.61699999997,1.0,415959.9525937501,1.9421566041954998e-07,1425.8730813018794,4800.0,1.0,,122,,,,,,,,
10.683391304999532,0.01242150978765295,0.09078776091337204,0.0,1.0,0.0141575,4.0,0.6925,0.006434021471068263,0.18421546295285224,0.00904187090927735,6.990706623355436e-07,2.2128499139739687e-07,419737.348,1.0,416075.62409375,1.9421566041954998e-07,1674.538608756134,4800.0,1.0,,123,,,,,,,,
10.632317633000639,0.006315493459607069,0.06593424500897527,0.0,0.0,0.014110000000000001,4.0,0.69,-0.004525229649152607,0.18302190713584424,-0.0019429728155955673,6.536688289315862e-07,2.3552151340311411e-07,418440.199,1.0,415868.86546874995,1.9421566041954998e-07,1346.3322242108973,4800.0,1.0,,124,,,,,,,,
10.700511115999689,0.010278252733466785,0.10195312555879354,0.0,0.0,0.0140625,4.0,0.6875,0.0014380843320395797,0.17592746168375015,0.003911848308052868,7.215340929178637e-07,2.882422407424201e-07,418469.936,1.0,415645.79603125,1.9421566041954998e-07,1571.9959132499073,4800.0,1.0,,125,,,,,,,,
8.792515209999692,0.014321967728375285,0.10120442733168603,0.0,1.0,0.014015,2.0,0.685,0.004019406368024647,0.1802888073027134,0.0065459394827485085,7.1914272155027e-07,2.855060465378756e-07,418571.017,1.0,415805.06421875,1.9421566041954998e-07,1864.3690348621892,4800.0,1.0,,126,,,,,,,,
8.862318588999187,0.025563608797986602,0.1501953125,0.0,1.0,0.0139675,2.0,0.6825,0.0075419795699417595,0.18453942984342575,0.01011896738782525,9.643042091056487e-07,9.413552632508982e-07,419041.728,1.0,416329.56471875,1.9421566041954998e-07,1499.0674745453302,4800.0,1.0,,127,,,,,,,,
10.623814915999901,0.0068878795582477895,0.07237955750897526,0.0,0.0,0.01392,4.0,0.6799999999999999,0.0006879105232656002,0.17764469049870968,0.0031604439951479434,6.592778419189926e-07,4.2966456632598237e-07,418609.57399999996,1.0,416092.07242187497,1.9421566041954998e-07,1136.9145667425712,4800.0,1.0,,128,,,,,,,,
10.590334553999128,0.007265747525201505,0.06822916667442769,0.0,0.0,0.0138725,4.0,0.6775,0.0050916692533064635,0.17343743965029718,0.007497483235783875,6.538699324210029e-07,2.6165053199633805e-07,418583.498,1.0,416245.188109375,1.9421566041954998e-07,1794.0356434480361,4800.0,1.0,,129,,,,,,,,
8.950874422000197,0.01778087571330502,0.13551432322710752,0.0,1.0,0.013825,2.0,0.675,0.009480135526973753,0.167678851634264,0.01179766443092376,7.922774727830983e-07,1.1036869011604722e-06,418720.41699999996,1.0,416197.40237499995,1.9421566041954998e-07,1156.6181271374517,4800.0,1.0,,130,,,,,,,,
10.522647586998573,0.0061099381099452895,0.06446940110763535,0.0,0.0,0.013777500000000002,4.0,0.6725,0.0029512986657209694,0.1723089762032032,0.005317130475305021,7.757182629575254e-07,1.6154418280933668e-05,418968.717,1.0,416305.117921875,1.9421566041954998e-07,1375.7184366430913,4800.0,1.0,,131,,,,,,,,
10.60702243599917,0.01087508261627903,0.10045572929084301,0.0,0.0,0.01373,4.0,0.6699999999999999,-0.0008675168472109362,0.17291493378579617,0.0014814992784522474,7.776457294994543e-07,5.005605431591675e-05,418335.709,1.0,416292.51910937496,1.9421566041954998e-07,1215.7727109079235,4800.0,1.0,,132,,,,,,,,
8.810504140001285,0.015061473964638594,0.11064453162252903,0.0,1.0,0.0136825,2.0,0.6675,-0.00023809040430933237,0.18566375300288201,0.0022621875163167716,1.0140340805264713e-06,7.992974901753769e-05,418813.28299999994,1.0,416573.600421875,1.9421566041954998e-07,1048.2070615212738,4800.0,1.0,,133,,,,,,,,
10.619714584001485,0.013649129819380334,0.11888020858168602,0.0,0.0,0.013635000000000001,4.0,0.665,0.00017132581560872496,0.20546778477728367,0.0029604202311020343,9.850672626043889e-07,2.4721514897407815e-05,418383.57999999996,1.0,414346.76582812495,1.9421566041954998e-07,1903.661626393658,4800.0,1.0,,134,,,,,,,,
10.638332311998965,0.006085466407940032,0.06845703162252903,0.0,0.0,0.013587499999999999,4.0,0.6625,0.0008976387151051312,0.20093025416135787,0.0036256831837818025,8.380712088751352e-07,4.022969834238666e-06,418461.251,1.0,414205.889140625,1.9421566041954998e-07,2040.7012711143225,4800.0,1.0,,135,,,,,,,,
10.694580613000653,0.007990705613175919,0.09609375018626451,0.0,0.0,0.01354,4.0,0.6599999999999999,-0.0018421717308228836,0.1942366149276495,0.0007872710179071873,6.956534477353671e-07,9.025259018358156e-07,418510.657,1.0,414932.36234374996,1.9421566041954998e-07,2056.8096859546063,4800.0,1.0,,136,,,,,,,,
10.627591878999738,0.0074324494035536755,0.08261718759313226,0.0,0.0,0.013492500000000001,4.0,0.6575,-0.0006163445068523288,0.18826816119253637,0.0019235622836276888,8.210196327240737e-07,4.3873872144217787e-07,417469.298,1.0,414864.3584375,1.9421566041954998e-07,1849.6466414387257,4800.0,1.0,,137,,,,,,,,
10.646285056000124,0.008466896876404917,0.07438151054084301,0.0,0.0,0.013445000000000002,4.0,0.655,0.0008154352894052863,0.18862436562776566,0.0033512547379359603,7.804583326276315e-07,3.149262781221296e-07,418154.24700000003,1.0,415340.93178125,1.9421566041954998e-07,1665.41743147546,4800.0,1.0,,138,,,,,,,,
10.666569593999156,0.00985737940164455,0.09091796893626451,0.0,0.0,0.013397500000000001,4.0,0.6525000000000001,-0.00014612898812629282,0.19069295525550842,0.002408456231933087,6.128880535527514e-07,3.247354577240458e-07,418568.45700000005,1.0,415297.562390625,1.9421566041954998e-07,1912.2701411230435,4800.0,1.0,,139,,,,,,,,
10.601407316000405,0.012386123040600694,0.09833984393626452,0.0,0.0,0.01335,4.0,0.65,0.004689082945697009,0.18746941201388836,0.007191618368960917,5.115362689878111e-07,2.601749404362863e-07,419068.08,1.0,415827.33,1.9421566041954998e-07,1406.483867860537,4800.0,1.0,,140,420260.72000000003,418718.22099999996,416261.586,70000042,416079.24803333334,best_of_k,418718.22099999996,1458.078646898403
10.662571372000457,0.007207222690865933,0.06137695331126451,0.0,0.0,0.013302500000000002,4.0,0.6475,-0.004660114474245347,0.19899729005992411,-0.0020131813711486758,6.264585991289095e-07,3.331977325160551e-07,418657.431,1.0,415665.4975,1.9421566041954998e-07,2027.512485129847,4800.0,1.0,,141,,,,,,,,
10.589971234001496,0.0070009278967958725,0.07360026072710753,0.0,0.0,0.013255000000000001,4.0,0.645,-0.001190012280130759,0.19941285029053687,0.0014529945445246994,5.066942165399269e-07,3.1989772928398e-07,418339.231,1.0,415526.31053124997,1.9421566041954998e-07,1660.146896829245,4800.0,1.0,,142,,,,,,,,
10.69465071400009,0.013032214394218044,0.11385091152042151,0.0,1.0,0.0132075,4.0,0.6425000000000001,0.0024140069814166053,0.2038850136101246,0.005106526892632246,5.986223897025411e-07,4.633261156072876e-07,419582.48799999995,1.0,415608.668015625,1.9421566041954998e-07,2095.391769974733,4800.0,1.0,,143,,,,,,,,
10.646548978998908,0.009675563944036014,0.08465169295668602,0.0,0.0,0.013160000000000002,4.0,0.64,-0.00046622877707704904,0.192109165340662,0.002061561227310449,8.153770139074368e-07,5.708638639134734e-07,418836.542,1.0,414484.14307812497,1.9421566041954998e-07,2617.414703446304,4800.0,1.0,,144,,,,,,,,
10.621066550998876,0.006224238089166079,0.05377604179084301,0.0,0.0,0.013112500000000001,4.0,0.6375,-0.0014994063240010291,0.1987689271569252,0.0011067559709772468,5.438419584891107e-07,2.819253065666771e-07,418578.397,1.0,415389.085390625,1.9421566041954998e-07,2033.336405666426,4800.0,1.0,,145,,,,,,,,
10.649453108000671,0.007591855141846793,0.06388346385210752,0.0,0.0,0.013065,4.0,0.635,-0.003515170078026131,0.19032239131629466,-0.0010287693585269153,4.815664581769852e-07,2.2670601182994687e-07,418313.97699999996,1.0,415580.32315625,1.9421566041954998e-07,1488.709134030812,4800.0,1.0,,146,,,,,,,,
10.56418539399965,0.005807638176109719,0.05115559911355376,0.0,0.0,0.013017500000000001,4.0,0.6325000000000001,-0.00084250244544819,0.19660984314978122,0.0017166552948765456,6.309807169202486e-07,2.968966029470721e-07,418068.7270000001,1.0,414613.81365625,1.9421566041954998e-07,2221.6756899124525,4800.0,1.0,,147,,,,,,,,
10.563174193001032,0.008278795899126123,0.07596028670668602,0.0,0.0,0.01297,4.0,0.63,-0.0026708282879553736,0.18694875352084636,-0.0002463976619765162,1.7602948453543378e-06,2.3605569410278804e-07,418114.662,1.0,415424.13110937504,1.9421566041954998e-07,1576.647100811571,4800.0,1.0,,148,,,,,,,,
10.731443710999883,0.006337211622486905,0.06940104174427689,0.0,0.0,0.0129225,4.0,0.6275,0.0026290912996046246,0.19891656823456288,0.005199406237807125,5.094575520558919e-07,2.6710146023845026e-07,418098.81999999995,1.0,415229.9192187501,1.9421566041954998e-07,1967.2302761251094,4800.0,1.0,,149,,,,,,,,
10.733963704999042,0.009806415570865567,0.08873697938397526,0.0,0.0,0.012875000000000001,4.0,0.625,0.0019072895462159067,0.1909449864178896,0.00436546178534627,5.934084683190122e-07,3.7061202107224744e-07,418844.851,1.0,415058.198078125,1.9421566041954998e-07,2755.1440146440564,4800.0,1.0,,150,,,,,,,,
9.676135441999577,0.015432783638760838,0.11636284751196703,0.0,1.0,0.0128275,3.0,0.6225,0.00024548928874234356,0.18994643936554592,0.002681838860735297,5.377172679269885e-07,2.693006175983707e-07,419735.62,1.0,415937.46246875,1.9421566041954998e-07,1768.5439483408463,4800.0,1.0,,151,,,,,,,,
10.550641623000047,0.00991972768427587,0.09934895876795054,0.0,0.0,0.01278,4.0,0.62,0.0023090640868758784,0.18734462931752205,0.004703100863844156,6.066118714898039e-07,3.328213004749614e-07,418896.85599999997,1.0,415052.1444375,1.9421566041954998e-07,2025.462557555167,4800.0,1.0,,152,,,,,,,,
10.757145451001634,0.009033259895505807,0.08247070340439677,0.0,0.0,0.0127325,4.0,0.6174999999999999,0.0007035541842924431,0.1966762613505125,0.0032075213734060527,7.20269092369108e-07,2.814512697568716e-07,418899.86199999996,1.0,415668.25720312505,1.9421566041954998e-07,1903.646998809517,4800.0,1.0,,153,,,,,,,,
10.754237524999553,0.011406512045927287,0.10462239608168603,0.0,0.0,0.012685,4.0,0.615,0.0007041199452942238,0.18773637898266315,0.0030853322590701283,6.674515361737576e-07,3.1439152152756834e-07,419774.85000000003,1.0,415456.581484375,1.9421566041954998e-07,2309.7354731988453,4800.0,1.0,,154,,,,,,,,
10.665311916000064,0.008424374957336056,0.07410481772385538,0.0,0.0,0.0126375,4.0,0.6125,0.00010930207790806889,0.19199203923344613,0.002535416861064732,4.376878528944417e-07,2.8191442105196527e-07,419054.238,1.0,415870.3676875,1.9421566041954998e-07,1949.7777015202003,4800.0,1.0,,155,,,,,,,,
9.907220023000264,0.018178796034861004,0.12369791716337204,0.0,1.0,0.01259,3.0,0.61,0.005874441432145734,0.17952385197083157,0.008134440906966725,4.850447263985795e-07,3.1325305182387335e-07,419198.167,1.0,415205.933140625,1.9421566041954998e-07,2372.926277235511,4800.0,1.0,,156,,,,,,,,
10.66489118499885,0.005961522934161678,0.06668294286355377,0.0,0.0,0.012542500000000002,4.0,0.6074999999999999,0.0005289500812068581,0.17262912802398206,0.00269396691583097,5.169344952093979e-07,2.641623726873377e-07,419316.25299999997,1.0,416061.79993750004,1.9421566041954998e-07,2255.19526343427,4800.0,1.0,,157,,,,,,,,
10.610230045998833,0.0064551713297404945,0.06446940139867366,0.0,0.0,0.012495,4.0,0.605,-0.0013108607439789922,0.17326476164162158,0.0008538860129192472,5.522178256001098e-07,2.813785918931444e-07,419793.042,1.0,415963.64104687504,1.9421566041954998e-07,2101.920813900399,4800.0,1.0,,158,,,,,,,,
10.656902542001262,0.006198463859020365,0.07350260447710752,0.0,0.0,0.0124475,4.0,0.6025,0.0010165163490455597,0.17307796515524387,0.003170752665027976,3.9197887176101175e-07,2.2437471152159106e-07,419788.502,1.0,416879.624859375,1.9421566041954998e-07,1732.403543428075,4800.0,1.0,,159,,,,,,,,
10.65707128000031,0.007575720353295878,0.08121744822710752,0.0,0.0,0.012400000000000001,4.0,0.6,0.004818070586770773,0.18192740231752397,0.007073824142571539,3.809188768855165e-07,2.157032213290222e-07,419881.309,1.0,416725.78035937506,1.9421566041954998e-07,1754.702024538864,4800.0,1.0,,160,420260.72000000003,418886.92299999995,418256.726,70000042,416009.29990000004,best_of_k,418886.92299999995,2238.1498078571267
10.734007012000802,0.004561209733006421,0.05721028661355376,0.0,0.0,0.012352499999999999,4.0,0.5974999999999999,-0.0022166335955262186,0.18100058995187282,1.9006652291864156e-05,3.88662788708416e-07,2.602250646077664e-07,419725.59200000006,1.0,416418.786921875,1.9421566041954998e-07,1980.3390791180734,4800.0,1.0,,161,,,,,,,,
10.642066714000975,0.010190857762327709,0.08616536473855377,0.0,0.0,0.012305,4.0,0.595,0.0028084716206649317,0.17480019479990005,0.0049590961774811145,9.871307639741645e-07,3.8596960258985293e-07,421228.984,1.0,417116.710296875,1.9421566041954998e-07,1891.697041841416,4800.0,1.0,,162,,,,,,,,
10.534904033998828,0.007424418799212162,0.08375651091337204,0.0,0.0,0.012257500000000001,4.0,0.5925,0.0018963369773700833,0.17657159455120564,0.004060346679762006,1.42724241740666e-06,3.4832827608966e-07,419605.56,1.0,416596.80940624996,1.9421566041954998e-07,1657.327311780303,4800.0,1.0,,163,,,,,,,,
10.615213425999173,0.009758274860668336,0.08730468759313226,0.0,0.0,0.012210000000000002,4.0,0.5900000000000001,0.0025039027852471916,0.182674927636981,0.004733750224113464,3.6745368831248016e-06,4.91604029662085e-07,419883.198,1.0,415913.93712500005,1.9421566041954998e-07,3089.9356230043763,4800.0,1.0,,164,,,,,,,,
10.631640343000981,0.00913600094056477,0.084928385540843,0.0,0.0,0.012162500000000001,4.0,0.5875,0.006682291097240523,0.18098195381462573,0.008882611780427397,4.840267625638717e-06,7.758166056248683e-07,419992.641,1.0,416817.93253125,1.9421566041954998e-07,1538.6491976331306,4800.0,1.0,,165,,,,,,,,
10.682957093998994,0.006536259968507352,0.07465820349752902,0.0,0.0,0.012115,4.0,0.585,0.00014776171592529864,0.17275829166173934,0.0022402412549126895,2.4006245872953967e-06,4.940482305926252e-07,419653.23900000006,1.0,416793.55850000004,1.9421566041954998e-07,2141.6084759377995,4800.0,1.0,,166,,,,,,,,
10.69655370700093,0.006106225852506952,0.06770833348855376,0.0,0.0,0.0120675,4.0,0.5825,-0.003120251907967031,0.1769969291985035,-0.0009844920481555165,4.737717453906498e-07,2.06838916838592e-07,419100.77999999997,1.0,416293.203171875,1.9421566041954998e-07,1961.9068063697027,4800.0,1.0,,167,,,,,,,,
10.916195534000508,0.008218947873173477,0.08466796893626452,0.0,0.0,0.012020000000000001,4.0,0.5800000000000001,-8.674877462908626e-05,0.18032386116683483,0.0020806073953281157,4.0490895401035234e-07,1.9097720631577887e-07,419458.066,1.0,417047.42678125,1.9421566041954998e-07,1348.168048069104,4800.0,1.0,,168,,,,,,,,
10.818068197000684,0.005836871864192262,0.06110026086680591,0.0,0.0,0.0119725,4.0,0.5775,-0.001016177237033844,0.1775946281850338,0.0011099349707365037,3.9464446430770297e-07,1.9929359318382467e-07,419144.489,1.0,416882.4495,1.9421566041954998e-07,1591.4342346000412,4800.0,1.0,,169,,,,,,,,
10.683594418998837,0.006012942617586958,0.060351562686264515,0.0,0.0,0.011925000000000002,4.0,0.575,-0.0012998131103813648,0.17751925960183143,0.000816993007902056,3.028227567369868e-07,1.6145564032399307e-07,418686.527,1.0,416194.571703125,1.9421566041954998e-07,1519.8527852470136,4800.0,1.0,,170,,,,,,,,
10.604066300998966,0.010111329787919487,0.08351236991584302,0.0,0.0,0.011877500000000001,4.0,0.5725,-0.006303603365086019,0.18777539469301702,-0.004073446663096547,4.104989418607374e-07,2.0868186538791634e-07,419660.995,1.0,416936.09401562496,1.9421566041954998e-07,1113.3465863443316,4800.0,1.0,,171,,,,,,,,
10.676227350000772,0.006547432346663129,0.06715494813397527,0.0,0.0,0.01183,4.0,0.5700000000000001,-4.159510717727244e-05,0.18995567336678504,0.0022054575849324463,3.1040844739038675e-07,1.8387340858794232e-07,419708.066,1.0,416272.397578125,1.9421566041954998e-07,1654.7424009509004,4800.0,1.0,,172,,,,,,,,
10.645262698999431,0.006765478470728681,0.06407877611927688,0.0,0.0,0.011782500000000001,4.0,0.5675,-0.001809358928585425,0.18566953018307686,0.00037813447415828704,5.700887271586907e-07,2.0081652394310367e-07,419160.372,1.0,416512.4603437501,1.9421566041954998e-07,1310.8461719858735,4800.0,1.0,,173,,,,,,,,
10.724761544999637,0.007848021012799222,0.07535807313397527,0.0,0.0,0.011735,4.0,0.565,-0.004671915393555537,0.17822400256991386,-0.002580713212955743,1.735315189677067e-06,1.6594770748667998e-07,419014.841,1.0,416841.47404687497,1.9421566041954998e-07,1559.166893756963,4800.0,1.0,,174,,,,,,,,
10.677102518999163,0.005402972932847661,0.058024088758975266,0.0,0.0,0.0116875,4.0,0.5625,-0.0012336676300037652,0.18354064859449865,0.0009106056997552515,7.808124616559553e-06,1.544421174060062e-07,419834.71100000007,1.0,416779.77428124996,1.9421566041954998e-07,1214.8203693133678,4800.0,1.0,,175,,,,,,,,
10.675803128000553,0.006280898118516376,0.0586751303402707,0.0,0.0,0.011640000000000001,4.0,0.56,0.000869995926041156,0.18042289093136787,0.002969703474082053,3.10307283371003e-06,2.0925164960772237e-07,420098.61100000003,1.0,417334.03046874993,1.9421566041954998e-07,1079.8218780091852,4800.0,1.0,,176,,,,,,,,
10.650405956999748,0.006367440290661363,0.06697591170668601,0.0,0.0,0.0115925,4.0,0.5575,0.0022135389444883913,0.18466876707971097,0.004354188940487802,3.753190437549847e-07,1.7043522717585802e-07,420430.71599999996,1.0,417438.5255625,1.9421566041954998e-07,1373.9416112002993,4800.0,1.0,,177,,,,,,,,
10.539769953998984,0.009336114497816794,0.07874349001795053,0.0,0.0,0.011545,4.0,0.5549999999999999,0.0007230088813230395,0.17528907284140588,0.002746605803258717,2.603201693318624e-07,1.7947229267178954e-07,420402.098,1.0,417562.66259375,1.9421566041954998e-07,1311.9290763624022,4800.0,1.0,,178,,,,,,,,
10.767417348999516,0.005427587566494907,0.0553548178053461,0.0,0.0,0.0114975,4.0,0.5525,0.0010727218672400341,0.17762098647654057,0.0031147713656537236,3.351700904374866e-07,2.2829430648130256e-07,419841.712,1.0,417037.05326562497,1.9421566041954998e-07,2255.530884389081,4800.0,1.0,,179,,,,,,,,
10.805591687998458,0.007535912467081118,0.07462565116584301,0.0,0.0,0.01145,4.0,0.55,-0.0004162007593549788,0.17744776904582976,0.0016154459677636623,3.305056495150893e-07,1.9470041863201003e-07,419898.604,1.0,416925.251875,1.9421566041954998e-07,2078.7375327061395,4800.0,1.0,,180,421228.984,420517.814,417856.912,70000042,417384.35056666675,best_of_k,420517.814,1535.144655742011
10.894112594000035,0.008476499108591894,0.09015299482271075,0.0,0.0,0.011402500000000001,4.0,0.5475,-0.0013450544240185991,0.17803266160190107,0.0006847904995083808,7.308169863051716e-07,1.9851888168886945e-07,420422.969,1.0,416906.73693749995,1.9421566041954998e-07,1905.0853180651716,4800.0,1.0,,181,,,,,,,,
10.885924993999652,0.009142632949557594,0.08657226581126451,0.0,0.0,0.011355,4.0,0.5449999999999999,-0.0033631482161581515,0.16957289800047876,-0.0014377867337316275,6.472642361643466e-07,1.4851987000241708e-07,420672.919,1.0,417575.81367187505,1.9421566041954998e-07,1202.85528710252,4800.0,1.0,,182,,,,,,,,
10.925921689000461,0.00809429443569556,0.08393554715439677,0.0,0.0,0.0113075,4.0,0.5425,0.002496979109128006,0.17473286390304565,0.004472634731791913,5.399557572616231e-07,1.6509091480543247e-07,420033.551,1.0,417538.50917187496,1.9421566041954998e-07,1442.8046138688248,4800.0,1.0,,183,,,,,,,,
10.842882127999474,0.008172680017490563,0.08318684920668602,0.0,0.0,0.011260000000000001,4.0,0.54,0.003490837407298386,0.17771685719490052,0.005491786147467792,4.337007823096428e-07,1.9925453358382584e-07,421149.97000000003,1.0,416838.047078125,1.9421566041954998e-07,1832.0466052049599,4800.0,1.0,,184,,,,,,,,
10.883370797999305,0.011026685407475867,0.08600260438397526,0.0,1.0,0.0112125,4.0,0.5375,-0.0015769589197589084,0.17808751985430718,0.000419644609792158,9.823731311087158e-07,2.079222110040746e-07,421178.164,1.0,417095.329421875,1.9421566041954998e-07,1895.6189123171857,4800.0,1.0,,185,,,,,,,,
10.700637720001396,0.008648987167610044,0.0826497401110828,0.0,0.0,0.011165,4.0,0.5349999999999999,-0.0010583028575638308,0.18401890061795712,0.0009946351550752298,1.5472593571530523e-05,1.7157823108959747e-07,420356.233,1.0,417621.921890625,1.9421566041954998e-07,1506.2604837594656,4800.0,1.0,,186,,,,,,,,
10.703793729999234,0.007316631974714482,0.0744466147851199,0.0,0.0,0.0111175,4.0,0.5325,0.0008731545589398592,0.17761314250528812,0.0028469417011365294,7.465999512135113e-06,1.6009403189798376e-07,420375.44800000003,1.0,417507.43535937497,1.9421566041954998e-07,1518.3165969895717,4800.0,1.0,,187,,,,,,,,
10.618412484000146,0.006193099676314517,0.06425781268626451,0.0,0.0,0.011070000000000002,4.0,0.53,0.00046341156121343374,0.17833346650004386,0.0024370277998968957,4.41952990684058e-06,1.8551182172643622e-07,420290.908,1.0,417478.11834375,1.9421566041954998e-07,1802.6776252078873,4800.0,1.0,,188,,,,,,,,
10.734726480000973,0.00620533550624387,0.05895182304084301,0.0,0.0,0.011022500000000001,4.0,0.5275000000000001,-0.0018858624855056406,0.17063042782247068,-5.292030982673168e-06,1.1036171763123548e-06,1.864468714529721e-07,419816.92100000003,1.0,417541.25190625,1.9421566041954998e-07,1929.4327674340916,4800.0,1.0,,189,,,,,,,,
10.750656766000247,0.005971678006864778,0.05821940116584301,0.0,0.0,0.010975,4.0,0.525,0.004421457703574561,0.16657664999365807,0.00624947170726955,5.221218188466992e-07,2.2418051059958088e-07,420103.84900000005,1.0,416920.65485937503,1.9421566041954998e-07,1883.8549410078117,4800.0,1.0,,190,,,,,,,,
10.662717868999607,0.005483547908781361,0.05362955736927688,0.0,0.0,0.010927500000000001,4.0,0.5225,-0.0010755980329122394,0.16444696299731731,0.0007212689612060786,2.914071583148825e-07,1.9628367411428372e-07,420083.84800000006,1.0,417250.42525,1.9421566041954998e-07,1827.8666820611943,4800.0,1.0,,191,,,,,,,,
10.674687298000208,0.007643601798423561,0.06814778661355377,0.0,0.0,0.01088,4.0,0.52,-0.0016478347039083018,0.15954689718782902,8.356727194041014e-05,1.491095437629042e-05,5.954448180389705e-06,419318.696,1.0,416649.906234375,1.9421566041954998e-07,1721.5403401930396,4800.0,1.0,,192,,,,,,,,
10.808890140000585,0.008136492162202557,0.07281901072710753,0.0,0.0,0.0108325,4.0,0.5175000000000001,0.00231365816143807,0.15835636332631112,0.004025578289292753,3.030283973259884e-06,6.343237718908768e-06,420101.711,1.0,416933.48393750004,1.9421566041954998e-07,1964.408189515785,4800.0,1.0,,193,,,,,,,,
10.72799919299905,0.07305377858689041,0.10107421912252904,0.0,1.0,0.010785000000000001,4.0,0.515,-0.0031285556877264755,0.1826320193707943,-0.001160329469712451,3.0324915982760104e-07,2.860016476091687e-06,420704.164,1.0,417527.30346875,1.9421566041954998e-07,1360.6390826082145,4800.0,1.0,,194,,,,,,,,
10.80425093300073,0.011585744549142163,0.108365885540843,0.0,0.0,0.0107375,4.0,0.5125,-0.0018397084204480052,0.22060578800737857,0.000518678140360862,2.156575863523358e-05,1.6421995837845316e-05,395885.69000000006,1.0,384684.78334375005,1.9421566041954998e-07,5523.315750573568,4800.0,1.0,,195,,,,,,,,
10.832361762999426,0.00921990899699523,0.09117838572710753,0.0,0.0,0.010690000000000002,4.0,0.51,-0.001822498335968703,0.21557322964072229,0.00048047400778159497,6.917140288464907e-06,1.6274313310304933e-06,404061.38599999994,1.0,388312.1640625,1.9421566041954998e-07,5477.417601856126,4800.0,1.0,,196,,,,,,,,
9.902859858999363,0.01316642795595347,0.09342447966337204,0.0,1.0,0.010642500000000001,3.0,0.5075000000000001,-0.0014026452787220477,0.2159373516837756,0.0008911027573049069,2.5223104591987068e-05,3.6858140428345602e-06,398301.756,1.0,389890.36353125004,1.9421566041954998e-07,4672.454122068889,4800.0,1.0,,197,,,,,,,,
10.652265247999821,0.013913997436492308,0.11985677108168602,0.0,1.0,0.010595,4.0,0.505,-0.0014399567968212067,0.21709905192255974,0.0008557362481951714,1.2299335483589858e-05,6.48345842080289e-06,404519.05700000003,1.0,391784.87990625005,1.9421566041954998e-07,5068.6215312378945,4800.0,1.0,,198,,,,,,,,
10.625120834998597,0.01026699620600482,0.08152669295668602,0.0,1.0,0.010547500000000001,4.0,0.5025,-0.00025474381691310556,0.2212876409292221,0.0020786156033864244,2.4520483748347035e-06,8.52420093622186e-07,405433.342,1.0,394215.503109375,1.9421566041954998e-07,4460.698464279542,4800.0,1.0,,199,,,,,,,,
10.546197151999877,0.012198937707010771,0.09435221403837205,0.0,0.0,0.0105,4.0,0.5,0.0010657988139428198,0.21458847895264627,0.003318636433687061,9.010440606971315e-07,5.01843474864927e-07,406136.89600000007,1.0,396707.5433125,1.9421566041954998e-07,3726.0005213362956,4800.0,1.0,,200,421228.984,407338.72099999996,405354.07899999997,70000042,399382.2171666667,best_of_k,407338.72099999996,4729.411558704617
10.733702744999391,0.011805011424816315,0.11193033885210753,0.0,0.0,0.010452500000000002,4.0,0.49750000000000005,0.0040915241406764835,0.204581306502223,0.00622948749223724,9.330734940249386e-07,6.569129268996221e-07,407584.793,1.0,398536.69546874997,1.9421566041954998e-07,4756.8650639857515,4800.0,1.0,,201,,,,,,,,
10.620688484999846,0.006811134836537747,0.07257487000897526,0.0,0.0,0.010405000000000001,4.0,0.495,-0.002978645343682729,0.20233989842236041,-0.0008736226242035628,7.111123522918206e-07,5.05079497514771e-07,408136.829,1.0,400761.84189062496,1.9421566041954998e-07,3450.827600691945,4800.0,1.0,,202,,,,,,,,
10.616957885000375,0.009185754712247274,0.08165690116584301,0.0,0.0,0.010357500000000002,4.0,0.49250000000000005,-0.002151779469568282,0.1942846491932869,-0.00013978024944663047,7.510124390819329e-07,4.5889606354876377e-07,408830.41599999997,1.0,401428.85567187506,1.9421566041954998e-07,3972.84045664186,4800.0,1.0,,203,,,,,,,,
10.570072279999295,0.007495160869811457,0.07722981786355376,0.0,0.0,0.01031,4.0,0.49,0.002113215799909085,0.19356031380593777,0.004108550888486206,6.56628664330583e-07,4.120359896830905e-07,410364.95,1.0,403531.169453125,1.9421566041954998e-07,3416.0441601114208,4800.0,1.0,,204,,,,,,,,
10.519482421999783,0.008527683472988911,0.07485351571813226,0.0,0.0,0.0102625,4.0,0.48750000000000004,0.0005877354880794883,0.18423004411160945,0.00247798424679786,5.413794873732058e-07,7.156069223412942e-07,412648.195,1.0,406164.83915625,1.9421566041954998e-07,2591.6304612762915,4800.0,1.0,,205,,,,,,,,
10.53525400900071,0.00704415290996181,0.07688802108168602,0.0,0.0,0.010215,4.0,0.485,0.0009897174837533384,0.18935987167060375,0.0029237748356536033,5.707559822099029e-07,3.935927125553462e-07,412315.826,1.0,406525.682609375,1.9421566041954998e-07,2988.7898762638347,4800.0,1.0,,206,,,,,,,,
10.540507133000574,0.010773608233930787,0.08766276044771075,0.0,0.0,0.010167500000000001,4.0,0.48250000000000004,0.0003427972667850554,0.18533773347735405,0.002226973115466535,4.7431344469828217e-07,3.961797041540649e-07,414868.091,1.0,408344.6494375,1.9421566041954998e-07,3309.5238467334366,4800.0,1.0,,207,,,,,,,,
10.40669411899944,0.008865995392887526,0.07180989598855377,0.0,0.0,0.01012,4.0,0.48,0.002623477121233009,0.18482475839555262,0.004493685640045442,4.210010878580306e-07,3.5327931016126966e-07,415602.791,1.0,408233.97021875007,1.9421566041954998e-07,3003.1593286344614,4800.0,1.0,,208,,,,,,,,
10.611503452999386,0.009556566020500413,0.08206380251795053,0.0,0.0,0.010072500000000002,4.0,0.47750000000000004,-0.004428884322987869,0.18059574253857136,-0.0026100316317752004,3.5623509404558716e-07,3.2384387509409863e-07,415270.014,1.0,408590.763109375,1.9421566041954998e-07,2561.455173454202,4800.0,1.0,,209,,,,,,,,
10.673503093999898,0.008529960784599666,0.07797851590439678,0.0,0.0,0.010025000000000001,4.0,0.475,0.000834213598864153,0.1836180530488491,0.0026748060248792172,3.3784967712335856e-07,2.8936870819507023e-07,413257.006,1.0,408565.65996875,1.9421566041954998e-07,2469.9961512066716,4800.0,1.0,,210,,,,,,,,
10.564231411999572,0.008263009057635884,0.0802571615204215,0.0,0.0,0.009977500000000002,4.0,0.47250000000000003,-0.0017045174026861787,0.17708414383232593,6.19966071099043e-05,4.522451604316302e-07,5.960946829475233e-07,412889.697,1.0,408985.48154687503,1.9421566041954998e-07,2693.8148637363615,4800.0,1.0,,211,,,,,,,,
10.643973336998897,0.008811650540535964,0.07504882831126451,0.0,0.0,0.00993,4.0,0.47,0.0011024970328435302,0.17406168021261692,0.0028305728803388773,3.289113848836678e-07,6.465372894837174e-07,414471.125,1.0,409806.53945312503,1.9421566041954998e-07,2224.1731830485714,4800.0,1.0,,212,,,,,,,,
10.632149809998737,0.006903230700621066,0.06018880233168602,0.0,0.0,0.0098825,4.0,0.4675,0.0024601493234513326,0.16560453101992606,0.004096496966667473,7.459531399689467e-07,3.2860191723216303e-07,413238.85,1.0,409644.628859375,1.9421566041954998e-07,2072.270176903053,4800.0,1.0,,213,,,,,,,,
10.62298101899978,0.009916360132649515,0.07537434906698763,0.0,0.0,0.009835,4.0,0.46499999999999997,-1.7786514945328236e-06,0.16856559477746486,0.0016455545322969557,2.2372162810313512e-05,1.65440071931755e-05,414720.1280000001,1.0,409987.689671875,1.9421566041954998e-07,2403.516210747724,4800.0,1.0,,214,,,,,,,,
10.639460988999417,0.010294559842143513,0.07451171912252903,0.0,0.0,0.009787500000000001,4.0,0.4625,-0.000992387149017304,0.17370415888726712,0.0006155487848445773,6.65560540255683e-05,0.00017107598576444617,413890.51200000005,1.0,409038.61225,1.9421566041954998e-07,2839.870920001176,4800.0,1.0,,215,,,,,,,,
10.534053134000715,0.011980559423789571,0.08738606795668602,0.0,0.0,0.00974,4.0,0.45999999999999996,-0.003988415209460072,0.1755603551864624,-0.002290010917931795,1.543643223556046e-05,2.001995220552999e-05,415738.177,1.0,409742.39046875003,1.9421566041954998e-07,3084.1200954141627,4800.0,1.0,,216,,,,,,,,
10.586497023999982,0.0063733443164942115,0.06572265643626451,0.0,0.0,0.009692500000000001,4.0,0.4575,0.0011007888504536822,0.1829476546496153,0.0028716484317556023,1.645399937828529e-05,1.4307045191230827e-06,417233.856,1.0,411532.8150625,1.9421566041954998e-07,2657.850959381376,4800.0,1.0,,217,,,,,,,,
10.777953331999015,0.007125279518489691,0.06940104188397526,0.0,0.0,0.009644999999999999,4.0,0.45499999999999996,-0.002545357123017311,0.1836497787386179,-0.0007748348405584693,4.4346906022951773e-07,1.4709435056659004e-06,416965.46,1.0,412084.32665625,1.9421566041954998e-07,2369.9734412234006,4800.0,1.0,,218,,,,,,,,
10.847634030000336,0.007429394698807812,0.06596679724752903,0.0,0.0,0.0095975,4.0,0.4525,-0.0006402555445674807,0.16802870929241182,0.0009687324520200491,5.780064839200349e-07,7.218565211530858e-06,418203.28900000005,1.0,412478.9236875,1.9421566041954998e-07,3069.7724941406755,4800.0,1.0,,219,,,,,,,,
10.833996338998986,0.006380656304242294,0.06223958358168602,0.0,0.0,0.00955,4.0,0.44999999999999996,0.004006600147113204,0.17250350899994374,0.005615781259257347,6.860591971502572e-06,7.50825125095389e-05,416767.14999999997,1.0,412427.594421875,1.9421566041954998e-07,2484.10156146967,4800.0,1.0,,220,421228.984,418000.9,415559.32600000006,70000042,413461.9478333334,best_of_k,418000.9,2107.3627579125423
10.774189883999497,0.010218699077602266,0.08951822929084301,0.0,0.0,0.0095025,4.0,0.4475,0.006959978534723632,0.16276812069118024,0.008462123107165098,0.00013028539254804626,6.306197868468643e-05,417795.949,1.0,413152.490703125,1.9421566041954998e-07,1989.6968689231778,4800.0,1.0,,221,,,,,,,,
10.740048875999491,0.005162437139212983,0.04703776054084301,0.0,0.0,0.009455,4.0,0.44499999999999995,0.0004783368422067724,0.1535693671554327,0.0019223793409764768,4.061982279495169e-05,7.787423720628795e-06,416703.998,1.0,414231.2265,1.9421566041954998e-07,1507.6946030992337,4800.0,1.0,,222,,,,,,,,
10.772930520000955,0.011697656407643819,0.05125325545668602,0.0,1.0,0.009407500000000001,4.0,0.4425,-0.00352065444458276,0.14897679388523102,-0.0021193971391767264,9.279454804556053e-07,2.976149257705174e-07,416856.809,1.0,414396.09039062506,1.9421566041954998e-07,1543.5775383045623,4800.0,1.0,,223,,,,,,,,
10.79897703000097,0.007944839851722918,0.06342773456126452,0.0,0.0,0.00936,4.0,0.43999999999999995,-0.0006138899130746722,0.15348163582384586,0.0008225706696975976,2.5486096646432086e-07,2.0370243021261557e-07,418962.965,1.0,415659.15410937497,1.9421566041954998e-07,1523.6923341782324,4800.0,1.0,,224,,,,,,,,
10.754683297000156,0.006314008787180825,0.05891927098855376,0.0,0.0,0.009312500000000001,4.0,0.4375,0.0030782568297581746,0.14717648625373841,0.004448732361197472,1.7461392829432043e-07,1.7648985988216738e-07,419040.26300000004,1.0,416196.12925000006,1.9421566041954998e-07,1061.415222743195,4800.0,1.0,,225,,,,,,,,
10.779555721999714,0.0072361973865056935,0.06959635429084302,0.0,0.0,0.009265000000000002,4.0,0.43500000000000005,0.0025658362195827068,0.14368070363998414,0.0038969403714872895,1.7674547514445749e-07,1.5999960432111492e-07,418687.629,1.0,416483.582453125,1.9421566041954998e-07,936.7707505967326,4800.0,1.0,,226,,,,,,,,
10.752032112000961,0.009589307126063318,0.09254557322710752,0.0,0.0,0.0092175,4.0,0.4325,0.0006527194171212613,0.14463857263326646,0.0019858219427987935,2.517491179077069e-07,1.5582014363246798e-07,419330.912,1.0,416263.91175,1.9421566041954998e-07,1078.5006962098043,4800.0,1.0,,227,,,,,,,,
10.721537063000142,0.008496514383492127,0.059700521151535214,0.0,0.0,0.009170000000000001,4.0,0.43000000000000005,0.002087125391699374,0.14405398815870285,0.003407981735654175,2.795870393867972e-07,1.818353016602714e-07,420909.468,1.0,416343.440703125,1.9421566041954998e-07,1208.8367976345924,4800.0,1.0,,228,,,,,,,,
10.767111336001108,0.00813100510033351,0.06139322929084301,0.0,0.0,0.0091225,4.0,0.4275,0.0025192621644237077,0.14696268625557424,0.00385976656107232,6.15822358795981e-07,2.0201628565530426e-07,420684.701,1.0,416679.492625,1.9421566041954998e-07,1732.3263474220112,4800.0,1.0,,229,,,,,,,,
10.689862327999435,0.0074296823312021585,0.057047526258975266,0.0,0.0,0.009075000000000001,4.0,0.42500000000000004,-0.005968887580092996,0.14221173636615275,-0.004678918205900118,5.070196633383261e-06,1.906793194450529e-07,420122.6010000001,1.0,416399.5801718751,1.9421566041954998e-07,1572.3960430871182,4800.0,1.0,,230,,,,,,,,
10.658008411999617,0.006482767879024465,0.0514322919305414,0.0,0.0,0.0090275,4.0,0.4225,-0.0006584960618056356,0.14453767593950034,0.000635236082598567,0.00010983675178408703,1.9599888538834876e-07,421076.038,1.0,416752.657453125,1.9421566041954998e-07,1732.059751272332,4800.0,1.0,,231,,,,,,,,
10.680993949999902,0.00640359858395847,0.04899088554084301,0.0,0.0,0.008980000000000002,4.0,0.42000000000000004,-0.0015458343172213064,0.13641618080437184,-0.0003618301125243306,0.00040902699295912724,2.2047166226002446e-07,420543.38899999997,1.0,416977.486765625,1.9421566041954998e-07,1841.3733923488217,4800.0,1.0,,232,,,,,,,,
10.665605469001093,0.005826725149712076,0.055810547154396775,0.0,0.0,0.008932500000000001,4.0,0.4175,-0.0038781814801041037,0.1486041873693466,-0.002564705745317042,0.00013827803394406146,2.0708885877240847e-07,421509.21499999997,1.0,417352.299375,1.9421566041954998e-07,1857.115039840947,4800.0,1.0,,233,,,,,,,,
10.784459043001334,0.006432691170628857,0.06455078143626451,0.0,0.0,0.008885,4.0,0.41500000000000004,-0.003531850947183557,0.1471750382333994,-0.0022256956435739994,1.3911034750435647e-05,2.066219511931422e-07,420983.01700000005,1.0,416512.752796875,1.9421566041954998e-07,1998.974643754567,4800.0,1.0,,234,,,,,,,,
10.04327822599953,0.011399134322952401,0.09149305572112401,0.0,1.0,0.0088375,3.0,0.4125,-0.0009611845404530565,0.16039269268512726,0.0004559237199525038,2.5460074283500945e-06,2.150720329533821e-07,420556.38899999997,1.0,416617.65626562503,1.9421566041954998e-07,2143.449256468445,4800.0,1.0,,235,,,,,,,,
10.735627886999282,0.005511870058838753,0.05408528661355376,0.0,0.0,0.008790000000000001,4.0,0.41000000000000003,-0.004383471037726849,0.1596230085939169,-0.0029806220903992654,1.3090598365295136e-06,2.1329886692456058e-07,420731.873,1.0,416563.06401562504,1.9421566041954998e-07,2028.4412619707825,4800.0,1.0,,236,,,,,,,,
10.725494508000338,0.008123765691382446,0.07392578162252902,0.0,0.0,0.0087425,4.0,0.4075,-0.003668832691619173,0.15490978956222534,-0.0023209474980831145,6.321092281851293e-05,1.850044398565842e-07,420444.838,1.0,416564.94228125,1.9421566041954998e-07,1884.4697572440873,4800.0,1.0,,237,,,,,,,,
10.719409712000925,0.0072891620047457195,0.06469726571813225,0.0,0.0,0.008695000000000001,4.0,0.405,0.0004986544692656026,0.1619315307587385,0.001905162027105689,1.378282022841404e-05,2.1665600016262943e-07,420733.192,1.0,416830.93075000006,1.9421566041954998e-07,2276.9907893278105,4800.0,1.0,,238,,,,,,,,
10.592083104000267,0.005494617626235865,0.04306640629656613,0.0,0.0,0.0086475,4.0,0.40249999999999997,-0.002329535092576407,0.15564982071518899,-0.000983787002041936,9.510431610237901e-07,2.7756728613326234e-07,421508.55299999996,1.0,416667.44759375,1.9421566041954998e-07,2926.3431651053247,4800.0,1.0,,239,,,,,,,,
10.605449151000357,0.008983092279942895,0.06149088558740914,0.0,0.0,0.008600000000000002,4.0,0.4,0.001525001613481436,0.15950993746519088,0.0028966196347028016,4.680865366424314e-07,2.4143584020919207e-07,421041.71,1.0,417765.21475,1.9421566041954998e-07,2052.760579732545,4800.0,1.0,,240,421509.21499999997,420736.55199999997,418682.522,70000042,417644.17726666667,best_of_k,420736.55199999997,2004.7737044620715
10.546336265999344,0.004695793357194944,0.04957682294771075,0.0,0.0,0.0085525,4.0,0.39749999999999996,-0.0038309362018480895,0.1478637970983982,-0.0025664624292403458,2.9799925478357635e-07,2.0325120431152754e-07,421079.428,1.0,417811.999296875,1.9421566041954998e-07,1757.2999557702326,4800.0,1.0,,241,,,,,,,,
10.607979929000066,0.004047093319148232,0.04191080746240914,0.0,0.0,0.008505,4.0,0.395,-0.001839197799563408,0.1534958716481924,-0.0005338361021131277,2.663711239137001e-07,1.8804805215211218e-07,420952.183,1.0,417449.904609375,1.9421566041954998e-07,2160.849396682447,4800.0,1.0,,242,,,,,,,,
10.642055210999388,0.009518473085103807,0.07438151091337204,0.0,0.0,0.0084575,4.0,0.39249999999999996,0.0024700682697584853,0.1493279404938221,0.0037329144077375533,2.0311557555885428e-07,1.4989507590712492e-07,421200.482,1.0,417427.7889375,1.9421566041954998e-07,1772.3157180616602,4800.0,1.0,,243,,,,,,,,
10.680525955998746,0.010654560516553247,0.05664062518626452,0.0,0.0,0.00841,4.0,0.39,-0.0007488991643185728,0.1567804891616106,0.0005695115076377987,2.4553666690962925e-07,1.763579774660684e-07,420919.07499999995,1.0,417011.28465625003,1.9421566041954998e-07,2170.446444675067,4800.0,1.0,,244,,,,,,,,
10.693748965999475,0.0052294578411778755,0.05436197922099382,0.0,0.0,0.0083625,4.0,0.38749999999999996,-0.0017863133572973311,0.16177077926695346,-0.0004336096113547683,2.529187153044177e-07,1.5772578407791115e-07,420953.187,1.0,417559.88995312504,1.9421566041954998e-07,2019.8317447168824,4800.0,1.0,,245,,,,,,,,
10.633794473000307,0.00846969108347082,0.0634765625,0.0,0.0,0.008315000000000001,4.0,0.385,0.0019516825908795,0.1540035165846348,0.003232102049514651,2.6731418927283813e-07,1.8626711018043807e-07,421622.451,1.0,417718.78290625004,1.9421566041954998e-07,1924.336840383575,4800.0,1.0,,246,,,,,,,,
10.748098509999181,0.00907045029119935,0.0657552087213844,0.0,0.0,0.0082675,4.0,0.38249999999999995,0.002027236230787821,0.15179450549185275,0.003282096760813147,2.1226062010271108e-07,1.5756760767260404e-07,421090.079,1.0,417679.161078125,1.9421566041954998e-07,1723.4577696645556,4800.0,1.0,,247,,,,,,,,
10.695704030000343,0.0035040291502166808,0.032226562546566126,0.0,0.0,0.008220000000000002,4.0,0.38,0.002308851431007497,0.15903471112251283,0.0036159993149340154,4.0658646085489634e-07,1.5369413155497114e-07,420738.44200000004,1.0,417870.986078125,1.9421566041954998e-07,1581.9399105975915,4800.0,1.0,,248,,,,,,,,
10.654799707001075,0.005522837194708074,0.0706380212213844,0.0,0.0,0.0081725,4.0,0.37749999999999995,-0.0022873821304528973,0.15661085918545722,-0.0010079656261950732,3.864790609497959e-06,1.9837956131141254e-07,420751.186,1.0,418149.533015625,1.9421566041954998e-07,2057.5183937594725,4800.0,1.0,,249,,,,,,,,
10.6638749979993,0.006304155207827478,0.054606120195239784,0.0,0.0,0.008125,4.0,0.375,-0.0018305869394680484,0.1534442413598299,-0.000584773684386164,8.470925664028073e-06,1.4729474173691415e-07,421314.53599999996,1.0,418234.50759375,1.9421566041954998e-07,1741.838611565094,4800.0,1.0,,250,,,,,,,,
10.701869067001098,0.0059206592995391105,0.04677734384313226,0.0,0.0,0.008077500000000001,4.0,0.37250000000000005,-0.0011497212137328461,0.1584020245820284,0.00012622965732589364,3.45073582451505e-05,1.813907196890341e-07,421079.555,1.0,417536.335109375,1.9421566041954998e-07,2231.3421310226486,4800.0,1.0,,251,,,,,,,,
10.783045414000298,0.009396515559603812,0.06593424491584302,0.0,0.0,0.00803,4.0,0.37,-0.0007077016955008731,0.14969143979251384,0.0004860713146626949,8.142772585699732e-05,2.1153459002221097e-07,421207.323,1.0,417447.554921875,1.9421566041954998e-07,2484.8290644705967,4800.0,1.0,,252,,,,,,,,
10.831377926000641,0.00926061678440604,0.07169596375897527,0.0,0.0,0.007982500000000002,4.0,0.36750000000000005,0.005512608611024916,0.14640675131231545,0.006663260224740952,0.0001795851478846089,1.6309080770327e-07,421579.29900000006,1.0,418185.70303125004,1.9421566041954998e-07,1923.5108825374648,4800.0,1.0,,253,,,,,,,,
10.78759349000029,0.004234418133701468,0.0437825522152707,0.0,0.0,0.007935000000000001,4.0,0.365,0.00020850947475992143,0.1446399725973606,0.0013553229859098793,8.362809327877586e-06,1.3679420867163118e-07,420603.299,1.0,417880.5938125,1.9421566041954998e-07,1677.6222027034296,4800.0,1.0,,254,,,,,,,,
10.658687821000058,0.0068732260581573,0.05094401054084301,0.0,0.0,0.007887500000000002,4.0,0.36250000000000004,5.427141149993986e-06,0.1369050681591034,0.001084722555242479,4.772078182213591e-06,1.3062535870744795e-07,421381.01399999997,1.0,418369.909,1.9421566041954998e-07,1494.637169009397,4800.0,1.0,,255,,,,,,,,
10.647208391999811,0.0051328554595244215,0.04075520841870457,0.0,0.0,0.00784,4.0,0.36,0.002259078124188818,0.13391233421862125,0.0033026316901668905,6.213911509576065e-05,2.0996886629376377e-07,421144.21499999997,1.0,418393.65384375,1.9421566041954998e-07,1234.0148891965064,4800.0,1.0,,256,,,,,,,,
10.573993814999994,0.004013338865163973,0.04194335951469839,0.0,0.0,0.007792500000000001,4.0,0.35750000000000004,-0.004684715329494793,0.12815662436187267,-0.0036927193170413373,6.583540397286924e-05,1.6178982971126742e-07,421269.734,1.0,418568.28381249995,1.9421566041954998e-07,1162.864752345776,4800.0,1.0,,257,,,,,,,,
10.621111858999939,0.005447959644028088,0.04921875009313226,0.0,0.0,0.007745,4.0,0.355,-0.000781923318572808,0.1316605092957616,0.00023744488717056811,2.9299591439269078e-06,1.0002023866917398e-07,420634.545,1.0,418330.52174999996,1.9421566041954998e-07,1272.5750401887026,4800.0,1.0,,258,,,,,,,,
10.674274742999842,0.004759601781077194,0.04140625009313226,0.0,0.0,0.007697500000000001,4.0,0.35250000000000004,0.0025444816099479796,0.12837190944701432,0.0035325307864695786,3.760360989701894e-07,1.1123389924705407e-07,420996.893,1.0,418080.795609375,1.9421566041954998e-07,1191.0245096709227,4800.0,1.0,,259,,,,,,,,
10.712564830000701,0.011926768230617312,0.07534179701469838,0.0,0.0,0.0076500000000000005,4.0,0.35,0.004165043040120509,0.12023164182901383,0.005084733793046326,3.0054586339645086e-07,1.0184576630933861e-07,420398.752,1.0,418386.27446875,1.9421566041954998e-07,922.9050688109156,4800.0,1.0,,260,421622.451,421021.033,418501.091,70000042,418636.7799333334,best_of_k,421021.033,1205.0523033194243
10.73881586599964,0.005500946003057905,0.05551757831126451,0.0,0.0,0.007602500000000002,4.0,0.34750000000000003,-0.0030975393237895332,0.11968496795743704,-0.0021877313673030587,2.861474250437368e-07,1.3638978533236922e-07,420986.82000000007,1.0,418257.78053125006,1.9421566041954998e-07,1474.1571785634596,4800.0,1.0,,261,,,,,,,,
10.70789702699949,0.004453277805599498,0.0451497396803461,0.0,0.0,0.007555000000000001,4.0,0.345,-0.004127719145617448,0.11855878047645092,-0.0032320783007889985,2.0571236589717045e-07,9.982529718399746e-08,421318.054,1.0,418616.30578124995,1.9421566041954998e-07,1156.306257984968,4800.0,1.0,,262,,,,,,,,
10.71378266300053,0.00411884877936437,0.0388834638055414,0.0,0.0,0.007507500000000002,4.0,0.3425,-0.0024351236192160287,0.11711925584822894,-0.0015559479128569365,3.148550241860448e-07,1.307792002691599e-07,421250.44700000004,1.0,418358.798609375,1.9421566041954998e-07,1581.8520443868217,4800.0,1.0,,263,,,,,,,,
10.757240400000228,0.00583869986542993,0.056705729383975265,0.0,0.0,0.00746,4.0,0.33999999999999997,-9.813822834985331e-05,0.11867322195321321,0.0007870259345509112,4.645947161208142e-07,1.8352195638726698e-07,420689.694,1.0,417796.72125,1.9421566041954998e-07,1808.7462698561299,4800.0,1.0,,264,,,,,,,,
10.768597505999423,0.004558116256402655,0.04205729179084301,0.0,0.0,0.007412500000000001,4.0,0.3375,-0.003179696736333426,0.11489933766424656,-0.0023281813599169256,1.8689381207082078e-07,3.1390054608948505e-07,421235.498,1.0,418360.3693125,1.9421566041954998e-07,1675.2192865883958,4800.0,1.0,,265,,,,,,,,
10.632639254999958,0.010470027274089234,0.07583007821813226,0.0,0.0,0.007365,4.0,0.33499999999999996,0.0017440373863792046,0.11830106489360333,0.0026146030519157647,2.2338773284502622e-07,1.3986534563414921e-06,420436.03500000003,1.0,418235.908765625,1.9421566041954998e-07,1522.352339218858,4800.0,1.0,,266,,,,,,,,
10.796283141000458,0.005999248263268697,0.04703776049427688,0.0,0.0,0.007317500000000001,4.0,0.3325,0.0015580265200696886,0.12010227628052235,0.002436435257550329,2.0380001828357308e-07,8.382259114370072e-07,421276.261,1.0,418351.26743750006,1.9421566041954998e-07,1885.2701340244348,4800.0,1.0,,267,,,,,,,,
10.885135466000065,0.005285758290151677,0.047070312686264514,0.0,0.0,0.00727,4.0,0.32999999999999996,-0.000785749958595261,0.11962963137775659,8.382413070648909e-05,2.0024909694882353e-07,2.2624257383085934e-07,421524.68200000003,1.0,418250.13115625,1.9421566041954998e-07,1925.360027759351,4800.0,1.0,,268,,,,,,,,
10.753665742999146,0.005048751667830231,0.04511718775611371,0.0,0.0,0.0072225000000000015,4.0,0.3275,0.0016443609027191996,0.1237077759578824,0.002537757344543934,1.6650252270267175e-07,1.3282358803934358e-07,420778.504,1.0,418156.1184375,1.9421566041954998e-07,1386.2299389772838,4800.0,1.0,,269,,,,,,,,
10.771508784999241,0.006005523082144748,0.05104166679084301,0.0,0.0,0.007174999999999999,4.0,0.32499999999999996,0.004084971128031611,0.1282155431807041,0.00500481640920043,1.881958159088981e-07,1.6643060689602863e-07,421142.027,1.0,418396.59215625003,1.9421566041954998e-07,1675.9918554485325,4800.0,1.0,,270,,,,,,,,
10.691815235999456,0.0044176966513170155,0.041048177145421506,0.0,0.0,0.0071275,4.0,0.3225,-0.0021022101835114883,0.1226027138531208,-0.0012284737953450532,1.9583940122913645e-07,1.88815605284276e-07,421348.855,1.0,418113.711953125,1.9421566041954998e-07,1846.9576118545208,4800.0,1.0,,271,,,,,,,,
10.690021828000681,0.007880369673056008,0.06251627616584302,0.0,0.0,0.0070799999999999995,4.0,0.31999999999999995,0.0017541027860715984,0.12135759871453047,0.0026131824299227445,2.1838566972576244e-07,2.2037070301905715e-07,421351.815,1.0,417865.545453125,1.9421566041954998e-07,2198.0782524493898,4800.0,1.0,,272,,,,,,,,
10.714263044999825,0.008549847102848318,0.06679687527939678,0.0,0.0,0.0070325000000000006,4.0,0.3175,-0.0015544542169664056,0.12552359756082296,-0.0006718149874359369,2.40754805247434e-07,1.627150478356043e-07,421074.848,1.0,418049.28859375,1.9421566041954998e-07,1984.3646534928976,4800.0,1.0,,273,,,,,,,,
10.70684660400002,0.004864455585698124,0.047802734561264514,0.0,0.0,0.006985,4.0,0.31499999999999995,-0.00330385432971525,0.11682355962693691,-0.0024879230419173836,1.8228037639289597e-07,1.259645056705949e-07,420248.58400000003,1.0,417905.749,1.9421566041954998e-07,1842.5569719465896,4800.0,1.0,,274,,,,,,,,
10.879664792999392,0.00615137428033421,0.0579264325555414,0.0,0.0,0.006937500000000001,4.0,0.3125,-0.0025980528895161114,0.12258049808442592,-0.0017477645887993276,1.906639536031207e-07,1.9025046604781437e-07,420552.179,1.0,418294.1913125,1.9421566041954998e-07,1427.5893697494985,4800.0,1.0,,275,,,,,,,,
10.768559660999017,0.004488258659224797,0.04765625013969839,0.0,0.0,0.006890000000000002,4.0,0.31000000000000005,-0.0032556890859268607,0.12482382841408253,-0.002395810722373426,1.6646737002190549e-07,2.8279370063444275e-07,421057.926,1.0,418270.09684375,1.9421566041954998e-07,1667.6342661663543,4800.0,1.0,,276,,,,,,,,
10.800320328000453,0.005002676629953839,0.049739583488553764,0.0,0.0,0.006842500000000001,4.0,0.3075,0.0007109577767550945,0.12324391175061464,0.0015541422995738684,1.9287303807402622e-07,1.8433376709481307e-07,421125.878,1.0,418112.96525,1.9421566041954998e-07,1988.3156204031623,4800.0,1.0,,277,,,,,,,,
10.800008853999316,0.004978246586869517,0.05240885429084301,0.0,0.0,0.006795000000000002,4.0,0.30500000000000005,0.00043495529098436236,0.12507937364280225,0.00128477334510535,1.9214311777204785e-07,1.5382371252314896e-07,420954.78,1.0,417742.225390625,1.9421566041954998e-07,2302.7100345105428,4800.0,1.0,,278,,,,,,,,
10.763794772999972,0.0064078055082337215,0.05662434920668602,0.0,0.0,0.0067475,4.0,0.3025,-0.0007244375185109675,0.11860630568116903,7.579082157462835e-05,1.6063057408644e-07,1.0414267652691933e-07,421177.71499999997,1.0,418384.8485625,1.9421566041954998e-07,1326.2575299638959,4800.0,1.0,,279,,,,,,,,
10.88602272999924,0.004752458816518157,0.0453938802704215,0.0,0.0,0.006700000000000001,4.0,0.30000000000000004,-0.0007346397629589774,0.12495048064738512,0.00010247199825244024,1.2759867615841358e-07,8.542387686105712e-08,420592.355,1.0,418419.02815625,1.9421566041954998e-07,1376.465027897129,4800.0,1.0,,280,421622.451,420187.174,418676.31200000003,70000042,418462.81316666666,best_of_k,420187.174,1568.1905562303514
10.780369079000593,0.004973696911329384,0.056917318049818276,0.0,0.0,0.0066525,4.0,0.2975,-0.0012891443140688353,0.11974288374185563,-0.000492617953568697,1.592758101409686e-07,9.513045622355776e-08,420824.57700000005,1.0,418355.451296875,1.9421566041954998e-07,1430.0085421797926,4800.0,1.0,,281,,,,,,,,
10.862306376999186,0.005477944286798575,0.049348958488553765,0.0,0.0,0.0066050000000000015,4.0,0.29500000000000004,0.000664297875482589,0.12013076525181532,0.0014576888410374523,1.5398056589788213e-07,1.1442172240805348e-07,420874.22400000005,1.0,418304.802671875,1.9421566041954998e-07,1686.8715085434467,4800.0,1.0,,282,,,,,,,,
10.774220283999966,0.004440999829052927,0.044498697947710754,0.0,0.0,0.006557500000000001,4.0,0.2925,0.000875218870351091,0.1159334247931838,0.0016353872371837497,1.5723578563608954e-07,9.803120040174918e-08,420268.152,1.0,417817.12554687494,1.9421566041954998e-07,1511.5357435534058,4800.0,1.0,,283,,,,,,,,
10.898622116999832,0.006489293571846133,0.064664713665843,0.0,0.0,0.006510000000000002,4.0,0.29000000000000004,-0.002062876569107175,0.11730112582445144,-0.0012993237003684043,1.4821788454355556e-07,1.2506788280575165e-07,420950.69999999995,1.0,418309.206953125,1.9421566041954998e-07,1501.5417594253715,4800.0,1.0,,284,,,,,,,,
10.712344195999322,0.007393813944489125,0.05397135419771075,0.0,0.0,0.0064624999999999995,4.0,0.2875,-0.0022104435891378673,0.11400154381990432,-0.0014737867983058094,1.5971490743282857e-07,1.237916542606854e-07,420966.879,1.0,418225.020984375,1.9421566041954998e-07,1623.9905279677207,4800.0,1.0,,285,,,,,,,,
10.77905138099959,0.0044746739014149385,0.0478352865204215,0.0,0.0,0.0064150000000000006,4.0,0.28500000000000003,-0.000727403030032292,0.11172348856925965,-1.0763667523860931e-05,2.1692724239130712e-07,9.043296724797756e-08,421080.319,1.0,418756.713984375,1.9421566041954998e-07,1474.3959278179075,4800.0,1.0,,286,,,,,,,,
10.684804121001434,0.004372580340143983,0.04344075543340296,0.0,0.0,0.0063675,4.0,0.2825,9.687035344541073e-06,0.11224591601639985,0.000724340369924903,2.2220507762682472e-07,1.0108248567064493e-07,421400.079,1.0,418825.33821874997,1.9421566041954998e-07,1388.5078055662452,4800.0,1.0,,287,,,,,,,,
10.702922357999341,0.006635323500746537,0.05385742203798145,0.0,0.0,0.006320000000000001,4.0,0.28,0.0027535654604434966,0.1114022834226489,0.0034575592027977107,1.3986222597850427e-07,1.0783438266770418e-07,420753.892,1.0,418572.64675,1.9421566041954998e-07,1642.3323515027498,4800.0,1.0,,288,,,,,,,,
10.847885698000027,0.004283028883416406,0.04278971366584301,0.0,0.0,0.0062725,4.0,0.27749999999999997,-0.00593611797230551,0.12063556741923094,-0.0051794970408082005,1.9252019374249584e-07,9.306948189902187e-08,421432.296,1.0,418762.581734375,1.9421566041954998e-07,1633.5005825139758,4800.0,1.0,,289,,,,,,,,
10.752950345999125,0.004180699202767713,0.04783528661355376,0.0,0.0,0.006225000000000001,4.0,0.275,0.0012031570207909682,0.11802800446748733,0.0019378055410925298,2.424867952655063e-07,1.0388998727961507e-07,420628.913,1.0,418289.967140625,1.9421566041954998e-07,1740.070761124131,4800.0,1.0,,290,,,,,,,,
10.773676802999034,0.003271647118680221,0.0358723958954215,0.0,0.0,0.006177500000000001,4.0,0.27249999999999996,-0.0005852249567396938,0.11539707630872727,0.0001275589514989406,3.2303623598295417e-07,9.90486659802059e-08,421025.994,1.0,418525.279109375,1.9421566041954998e-07,1453.1236976876771,4800.0,1.0,,291,,,,,,,,
10.709948780999184,0.006779397908499263,0.055859375186264514,0.0,0.0,0.006130000000000002,4.0,0.27,0.004541600588709116,0.11539480742067099,0.005248818569816649,7.03452985817421e-07,1.633161112124526e-07,421091.277,1.0,418251.59975,1.9421566041954998e-07,1782.8967092682308,4800.0,1.0,,292,,,,,,,,
10.779357635999986,0.0034812415831552814,0.03463541688397527,0.0,0.0,0.006082499999999999,4.0,0.26749999999999996,0.0010554229724220932,0.11212508250027894,0.0017373322043567896,2.070685837907149e-07,1.4126092295896342e-07,421043.789,1.0,418583.29364062496,1.9421566041954998e-07,1161.5904948018524,4800.0,1.0,,293,,,,,,,,
10.572631467000974,0.006059070484115026,0.05182291676755994,0.0,0.0,0.006035,4.0,0.265,0.0050897540699224916,0.10820485968142748,0.0057427040068432685,1.1306755389739465e-07,1.1027387571971304e-07,421102.25800000003,1.0,418868.90696875,1.9421566041954998e-07,1143.0567867464806,4800.0,1.0,,294,,,,,,,,
10.700760490000903,0.0047515263408538285,0.04897460946813226,0.0,0.0,0.0059875,4.0,0.26249999999999996,-0.00452460563974455,0.11126240715384483,-0.003858489613048732,1.6578955381874038e-07,1.0156499268276775e-07,421411.542,1.0,418987.008046875,1.9421566041954998e-07,1276.3569225165147,4800.0,1.0,,295,,,,,,,,
10.749770103000628,0.005716756971340331,0.050764973973855376,0.0,0.0,0.005940000000000001,4.0,0.26,0.0013391360465902836,0.11258267257362604,0.002007795067038387,1.3702521286518277e-07,1.369590114208563e-07,421375.29000000004,1.0,418936.459421875,1.9421566041954998e-07,1517.645559539249,4800.0,1.0,,296,,,,,,,,
10.687309892000485,0.006059722297444914,0.0605305990204215,0.0,0.0,0.0058925,4.0,0.25749999999999995,-0.0020877148781437427,0.1185325462371111,-0.0013893336290493608,1.1430674184964573e-07,1.2092230186055986e-07,421132.39999999997,1.0,418801.753765625,1.9421566041954998e-07,1461.3049867819498,4800.0,1.0,,297,,,,,,,,
10.689449310999407,0.005839442881894108,0.05086263036355376,0.0,0.0,0.005845000000000001,4.0,0.255,9.207148104906082e-05,0.11341260299086571,0.0007549035479314625,1.257181594382928e-07,1.0410789901271755e-07,421035.225,1.0,418768.184,1.9421566041954998e-07,1688.4187097317506,4800.0,1.0,,298,,,,,,,,
10.70872902300107,0.00400318936712889,0.037141927238553765,0.0,0.0,0.005797500000000001,4.0,0.25249999999999995,-0.0026949828723445536,0.11357238255441189,-0.002036620257422328,1.5765553360580497e-07,1.1533584487466442e-07,421206.771,1.0,418592.33971875,1.9421566041954998e-07,2433.43989841122,4800.0,1.0,,299,,,,,,,,
10.623700846001157,0.005272332370337196,0.049023437593132255,0.0,0.0,0.005750000000000002,4.0,0.25,0.0022407007636502385,0.11281965635716915,0.002889348170720041,1.6532284359271897e-07,9.834378094097928e-08,421370.914,1.0,418905.018375,1.9421566041954998e-07,1209.4952412326556,4800.0,1.0,,300,421622.451,421335.087,420340.172,70000042,419685.2848333333,best_of_k,421335.087,1116.7846962419376
10.896286248998877,0.0032994757795776763,0.040771484607830644,0.0,0.0,0.005702500000000001,4.0,0.24750000000000005,0.002121860958868638,0.11775628998875617,0.0027933125151321293,1.035128699200527e-07,8.691013100303736e-08,421205.312,1.0,419238.7335,1.9421566041954998e-07,1344.323935650088,4800.0,1.0,,301,,,,,,,,
10.765273465000064,0.005130967385673912,0.04716796888969839,0.0,0.0,0.005655,4.0,0.245,-0.004335543411434628,0.11511110011488199,-0.0036846729693934322,1.790744008189904e-07,1.2901803785325684e-07,421147.00800000003,1.0,418790.047953125,1.9421566041954998e-07,1741.1862788150008,4800.0,1.0,,302,,,,,,,,
10.722010564999437,0.002577719486882657,0.03507486991584301,0.0,0.0,0.005607500000000001,4.0,0.24250000000000005,0.00017815406899899245,0.11430296916514635,0.0008189832326024771,1.8240891268561655e-07,2.1246495673921117e-07,421629.54500000004,1.0,418963.093234375,1.9421566041954998e-07,1540.0820011889098,4800.0,1.0,,303,,,,,,,,
10.659193494999272,0.0053575740523672975,0.04650065116584301,0.0,0.0,0.005560000000000001,4.0,0.24,-0.0024730812408961357,0.12035877741873265,-0.0018039742019027472,1.6509645632822868e-07,1.4318316399197784e-07,421285.099,1.0,418876.920296875,1.9421566041954998e-07,1944.2023953315106,4800.0,1.0,,304,,,,,,,,
10.594354442000622,0.00376891365865486,0.04550781277939677,0.0,0.0,0.005512500000000002,4.0,0.23750000000000004,-0.0003439203166635707,0.12093441635370254,0.00032265549525618554,1.534230511524015e-07,1.204741700178147e-07,421276.984,1.0,418676.55396875006,1.9421566041954998e-07,1873.2007134123683,4800.0,1.0,,305,,,,,,,,
10.632076918998791,0.004875550530027794,0.04923502616584301,0.0,0.0,0.005465000000000001,4.0,0.235,-0.002418832594412379,0.12488906849175692,-0.001736384374089539,1.334369928329693e-07,1.1340138801330113e-07,421400.196,1.0,418736.1869375,1.9421566041954998e-07,1856.1351929770715,4800.0,1.0,,306,,,,,,,,
10.686895214999822,0.0033637331672267123,0.04415690121240914,0.0,0.0,0.005417500000000002,4.0,0.23250000000000004,-0.004978491680230945,0.1232502169907093,-0.00431085389573127,1.4845938558494254e-07,1.1067080141202723e-07,421454.01000000007,1.0,419166.81167187495,1.9421566041954998e-07,1893.0331903534873,4800.0,1.0,,307,,,,,,,,
10.666646544001196,0.004121113906768592,0.040820312593132256,0.0,0.0,0.00537,4.0,0.22999999999999998,0.0005620210198685527,0.12088373359292745,0.0012110645649954677,2.2958839025477572e-07,1.579270662688259e-07,421706.24500000005,1.0,418319.13715625,1.9421566041954998e-07,2020.6677363781316,4800.0,1.0,,308,,,,,,,,
10.70792619599888,0.004095063961177736,0.051448567770421505,0.0,0.0,0.005322500000000001,4.0,0.22750000000000004,-0.003557268634904176,0.12124808188527822,-0.0029120277613401413,1.506901895709234e-07,1.7373135179354905e-07,421275.654,1.0,419179.009359375,1.9421566041954998e-07,1678.448111872413,4800.0,1.0,,309,,,,,,,,
10.779119011000148,0.004022732581634614,0.03487955733435229,0.0,0.0,0.005275,4.0,0.22499999999999998,0.0004974926094291731,0.11737404000014066,0.0011165569594595581,1.4291935777066555e-07,1.3823152276160044e-07,421297.08200000005,1.0,419241.719140625,1.9421566041954998e-07,1558.2903603403151,4800.0,1.0,,310,,,,,,,,
10.927700010999615,0.0037599607257671865,0.036165364645421506,0.0,0.0,0.005227500000000001,4.0,0.22250000000000003,0.0013929770328104496,0.1205456379801035,0.002020031493157148,7.531120367332278e-07,6.044772636748519e-06,421179.402,1.0,419298.674515625,1.9421566041954998e-07,1149.8403037222013,4800.0,1.0,,311,,,,,,,,
10.728059267999924,0.005052589286293064,0.05330403661355376,0.0,0.0,0.005180000000000001,4.0,0.21999999999999997,-0.001557525646785507,0.12367869447916746,-0.0009186801500618458,7.695169024657389e-07,3.4667277340361126e-06,421397.428,1.0,419239.544140625,1.9421566041954998e-07,1842.4769359292884,4800.0,1.0,,312,,,,,,,,
10.778693370000838,0.004655321079215824,0.045475260447710754,0.0,0.0,0.005132500000000002,4.0,0.21750000000000003,-0.0016582299198489637,0.12042696960270405,-0.0010411207564175128,5.746267426331997e-07,1.8497146093920947e-06,421396.592,1.0,418231.05525,1.9421566041954998e-07,2163.366202912536,4800.0,1.0,,313,,,,,,,,
10.663409939999838,0.008528299547278805,0.0732421878259629,0.0,0.0,0.005085000000000001,4.0,0.21499999999999997,0.004661468352423981,0.12063505556434392,0.005274768685922027,2.399618949766591e-07,2.1021644975860453e-07,421579.908,1.0,418866.0448125,1.9421566041954998e-07,1687.282853251087,4800.0,1.0,,314,,,,,,,,
10.646587908000583,0.00477877819185295,0.05268554715439677,0.0,0.0,0.005037500000000002,4.0,0.21250000000000002,-0.00028328855987638237,0.12112252116203308,0.0003267991589382291,9.95140865711619e-08,1.1419247023525258e-07,421600.924,1.0,419089.38315625,1.9421566041954998e-07,1432.4017296547338,4800.0,1.0,,315,,,,,,,,
10.605121909000445,0.003139617002826256,0.02854817712213844,0.0,0.0,0.00499,4.0,0.20999999999999996,0.0011667994956951588,0.11813904941082001,0.0017562306020408869,1.2757598337742594e-07,1.4066774394194682e-07,421279.97199999995,1.0,418671.72515625006,1.9421566041954998e-07,1850.3203873194134,4800.0,1.0,,316,,,,,,,,
10.774508740998499,0.00433302497069441,0.04664713554084301,0.0,0.0,0.004942500000000001,4.0,0.20750000000000002,0.0007025368533504662,0.11575661487877369,0.0012745977728627622,1.0215824239878656e-07,1.1155095975823315e-07,421452.199,1.0,419398.26165625,1.9421566041954998e-07,1263.6564562782064,4800.0,1.0,,317,,,,,,,,
10.644736783000553,0.003232643304989935,0.039843750034924595,0.0,0.0,0.004895,4.0,0.20499999999999996,-0.005571453663287684,0.11529039070010186,-0.00500720995478332,2.1281840059117486e-07,1.6319856666058286e-07,421526.939,1.0,419168.5249375,1.9421566041954998e-07,1619.801611036678,4800.0,1.0,,318,,,,,,,,
10.78164941399882,0.00711944856514819,0.05820312509313226,0.0,0.0,0.004847500000000001,4.0,0.2025,-0.0007808692753314972,0.11497708093374967,-0.00022366188932210207,4.823816599497377e-07,1.920348422501661e-07,421529.86600000004,1.0,419232.19317187497,1.9421566041954998e-07,1697.929854790913,4800.0,1.0,,319,,,,,,,,
10.715904533999492,0.004141368551449887,0.04383138021221385,0.0,0.0,0.0048000000000000004,4.0,0.19999999999999996,0.0004354415345005691,0.11320785712450743,0.00097852855687961,2.435533048839034e-06,1.3376676122334175e-07,421685.22199999995,1.0,419040.261515625,1.9421566041954998e-07,1836.4278955419654,4800.0,1.0,,320,421706.24500000005,421132.308,421290.697,70000042,419405.5884333333,best_of_k,421132.308,1532.7048257826405
10.816033479999533,0.0030911257592645567,0.03605143234599382,0.0,0.0,0.0047525000000000015,4.0,0.1975,-0.0028118672227719797,0.1182153033092618,-0.0022501861792989077,8.594407891138189e-07,1.0384583752909293e-07,421441.32200000004,1.0,419266.9665625,1.9421566041954998e-07,1656.1895488493838,4800.0,1.0,,321,,,,,,,,
10.838919476000228,0.0032890610030113622,0.04363606808474287,0.0,0.0,0.004704999999999999,4.0,0.19499999999999995,0.0026823518477613107,0.11658275574445724,0.0032308050780557097,1.2799978286182067e-07,1.115255614081434e-07,421753.613,1.0,419397.475359375,1.9421566041954998e-07,1536.5959832374888,4800.0,1.0,,322,,,,,,,,
10.670475069999156,0.004549465236550532,0.046321614738553764,0.0,0.0,0.0046575,4.0,0.1925,-0.0008814808548777364,0.11095540095120668,-0.00036476496607065203,1.2003762712708975e-07,9.336716519925403e-08,421416.542,1.0,419336.11268749996,1.9421566041954998e-07,1433.093118777142,4800.0,1.0,,323,,,,,,,,
10.711383611000201,0.0024937671788929803,0.03180338549427688,0.0,0.0,0.0046099999999999995,4.0,0.18999999999999995,-0.0005240814876742661,0.10686338283121585,-3.151738783344626e-05,3.2633166071605044e-07,8.70562786303708e-08,421492.699,1.0,419434.40190625004,1.9421566041954998e-07,1319.2126848977446,4800.0,1.0,,324,,,,,,,,
10.716514061999987,0.0036528542166166743,0.03956705736927688,0.0,0.0,0.004562500000000001,4.0,0.1875,-0.004265101582859643,0.10615753382444382,-0.0037808728870004416,6.306858459481646e-07,1.0332166073823146e-07,421625.264,1.0,419453.910890625,1.9421566041954998e-07,1619.137380509236,4800.0,1.0,,325,,,,,,,,
10.759066011998584,0.0037017989250806237,0.03160807294771075,0.0,0.0,0.004515000000000002,4.0,0.18500000000000005,0.00030767886200919745,0.1055715724825859,0.0007842522230930626,3.264388702461929e-07,9.950995227825388e-08,421659.878,1.0,419745.44662500004,1.9421566041954998e-07,1432.2615155632304,4800.0,1.0,,326,,,,,,,,
10.702039959000103,0.004986762377281728,0.047884114645421506,0.0,0.0,0.004467500000000001,4.0,0.1825,0.0013855671350029297,0.1048775341361761,0.0018540131044574083,4.077836987192995e-07,1.0765911309107424e-07,421450.66,1.0,419201.13634375,1.9421566041954998e-07,1748.019153402476,4800.0,1.0,,327,,,,,,,,
10.751077435001207,0.004429353689155491,0.04799804701469838,0.0,0.0,0.004420000000000002,4.0,0.18000000000000005,-0.0031523950543487444,0.10378020890057087,-0.002693792013451457,4.165353672647143e-07,1.2773536752774817e-07,421824.347,1.0,419239.92475,1.9421566041954998e-07,2011.6796492597161,4800.0,1.0,,328,,,,,,,,
10.642091413001253,0.0054171529243788544,0.04503580750897527,0.0,0.0,0.004372500000000001,4.0,0.1775,-0.001292621879838407,0.10652258284389973,-0.0008269236073829234,2.8180755826667794e-07,8.682422194539186e-08,421631.611,1.0,419520.737859375,1.9421566041954998e-07,1481.795384136543,4800.0,1.0,,329,,,,,,,,
10.603544884001167,0.004180840683903319,0.038346354267559946,0.0,0.0,0.0043250000000000025,4.0,0.17500000000000004,0.003791433398146182,0.11041002422571182,0.004268905939534306,1.0047080518660323e-07,8.164326494863872e-08,421455.833,1.0,419447.1590625,1.9421566041954998e-07,1316.026144993732,4800.0,1.0,,330,,,,,,,,
10.64808325299964,0.0036077703490860814,0.040413411566987634,0.0,0.0,0.0042775,4.0,0.1725,-0.004511757989530451,0.1093851488083601,-0.004043919732794166,1.2502084150156635e-07,8.981554007192472e-08,421542.488,1.0,419337.28976562497,1.9421566041954998e-07,1582.0178298435828,4800.0,1.0,,331,,,,,,,,
10.641233705000559,0.00285751007183368,0.03199869799427688,0.0,0.0,0.004230000000000001,4.0,0.17000000000000004,0.006918071066320408,0.10724813491106033,0.007371683698147535,1.0491784703248186e-07,7.266386781168421e-08,421445.65,1.0,419500.348359375,1.9421566041954998e-07,1263.8241505047538,4800.0,1.0,,332,,,,,,,,
10.686991057000341,0.0016958474800485845,0.017659505270421504,0.0,0.0,0.004182500000000002,4.0,0.16749999999999998,-0.00017290632822550834,0.10713482331484556,0.0002751340507529676,8.868225496172499e-08,8.328070872920535e-08,421473.194,1.0,419474.51253125,1.9421566041954998e-07,1446.9549106409402,4800.0,1.0,,333,,,,,,,,
10.823753726999712,0.0042069419175701835,0.04332682301755995,0.0,0.0,0.004135,4.0,0.16500000000000004,0.0039258040691493076,0.10710003692656755,0.004368613543920219,8.976411329797429e-08,8.006670402238569e-08,421769.045,1.0,419699.3736875,1.9421566041954998e-07,1449.2369199975199,4800.0,1.0,,334,,,,,,,,
10.685409006000555,0.0027642220343407687,0.03437500004656613,0.0,0.0,0.004087500000000001,4.0,0.16249999999999998,-0.0013650537119247019,0.10308165103197098,-0.0009437554865144194,8.948867957769835e-08,7.956265637432126e-08,421270.234,1.0,419669.88432812504,1.9421566041954998e-07,1247.6914630531667,4800.0,1.0,,335,,,,,,,,
10.682604507999713,0.002968171697383859,0.030615234514698386,0.0,0.0,0.004040000000000002,4.0,0.16000000000000003,0.00035030794097110627,0.10097282752394676,0.0007581867976114154,1.0509995949092854e-07,8.162837410452539e-08,421689.168,1.0,419586.53303125,1.9421566041954998e-07,1382.477027525019,4800.0,1.0,,336,,,,,,,,
10.731422425000346,0.0030732229148455305,0.03317057294771075,0.0,0.0,0.0039924999999999995,4.0,0.15749999999999997,-0.005795774735452142,0.10226120091974736,-0.0053875526529736815,1.7646852263908385e-07,7.586468004916469e-08,421903.606,1.0,419661.199953125,1.9421566041954998e-07,1383.988245656211,4800.0,1.0,,337,,,,,,,,
10.660296711999763,0.002942072067012269,0.027018229220993818,0.0,0.0,0.003945000000000001,4.0,0.15500000000000003,-0.002136089960185927,0.10343845169991255,-0.0017286448273807764,5.702160551379621e-06,9.860840517461611e-08,421678.542,1.0,419543.262984375,1.9421566041954998e-07,1687.2132567630886,4800.0,1.0,,338,,,,,,,,
10.72224756900141,0.002487963544914251,0.02888997404370457,0.0,0.0,0.0038975000000000017,4.0,0.15249999999999997,0.0011513649427797646,0.10341771058738232,0.0015541255939751863,2.5867520374589503e-06,1.0251573705488681e-07,422147.46,1.0,419321.86859375006,1.9421566041954998e-07,1756.971405894905,4800.0,1.0,,339,,,,,,,,
10.615091669000321,0.0023463675474312494,0.028776041709352284,0.0,0.0,0.0038500000000000027,4.0,0.15000000000000002,-0.002108536669402383,0.10598704647272825,-0.0017005441710352897,1.259845722856312e-07,9.06291770519374e-08,421530.869,1.0,419613.592703125,1.9421566041954998e-07,1452.5342187967776,4800.0,1.0,,340,422147.46,421558.98400000005,421378.2320000001,70000042,419700.03643333336,best_of_k,421558.98400000005,1311.4132120527033
10.536218534,0.0023333897065889175,0.027425130270421504,0.0,0.0,0.0038025000000000003,4.0,0.14749999999999996,0.0018206042252131738,0.10658078957349063,0.0022258044918999076,1.3350698715441923e-07,1.1846816150296036e-07,421519.40599999996,1.0,419723.567328125,1.9421566041954998e-07,1401.5008288827312,4800.0,1.0,,341,,,,,,,,
10.546342237999852,0.002479466421781673,0.03038736985763535,0.0,0.0,0.0037550000000000014,4.0,0.14500000000000002,0.0007821132079698145,0.11030380502343178,0.00119624228682369,1.2340847224123764e-07,9.773728386619495e-08,421736.94200000004,1.0,419571.061265625,1.9421566041954998e-07,1694.35007692524,4800.0,1.0,,342,,,,,,,,
10.631461445000241,0.0030182947726824947,0.03818359393626451,0.0,0.0,0.003707499999999999,4.0,0.14249999999999996,-0.0006227495949133299,0.10838379692286253,-0.00022097420878708363,1.1085621807183088e-07,9.264947138376556e-08,421946.738,1.0,419765.25692187494,1.9421566041954998e-07,1528.7319852867968,4800.0,1.0,,343,,,,,,,,
10.629354355000032,0.0035095498775405075,0.039664713712409136,0.0,0.0,0.00366,4.0,0.14,0.00023933365009725093,0.10775999892503023,0.0006336641148664057,1.2692984618922765e-07,1.1574947418324655e-07,421758.4170000001,1.0,418949.6265156249,1.9421566041954998e-07,2054.5044479140765,4800.0,1.0,,344,,,,,,,,
10.543387269999585,0.00330158842763737,0.03927408864255995,0.0,0.0,0.003612500000000001,4.0,0.13749999999999996,-0.0006375070253852755,0.10336037017405034,-0.0002641706611029804,1.0088423394449819e-07,8.690298702873633e-08,421677.653,1.0,419592.1041875,1.9421566041954998e-07,1671.8452981970297,4800.0,1.0,,345,,,,,,,,
10.628350126000441,0.0032678194967871834,0.03833007831126452,0.0,0.0,0.003565000000000002,4.0,0.135,0.00213914938212838,0.10208578743040561,0.0025030319113284348,1.1000461839216768e-07,8.510624187607618e-08,421854.575,1.0,419792.3416875,1.9421566041954998e-07,1609.4470711731544,4800.0,1.0,,346,,,,,,,,
10.54988864599909,0.00399597796220732,0.045540364598855375,0.0,0.0,0.0035175,4.0,0.13249999999999995,-0.0035527888481738045,0.09787587579339743,-0.003208564780652523,1.0583558704979623e-07,8.780003941666337e-08,421935.224,1.0,419720.078625,1.9421566041954998e-07,1692.5263686393714,4800.0,1.0,,347,,,,,,,,
10.565145021999342,0.003690441526151744,0.044742838572710754,0.0,0.0,0.003470000000000001,4.0,0.13,-0.003376755423960276,0.09523893278092146,-0.003046327945776284,9.604068722524061e-08,8.306891885467849e-08,421689.03200000006,1.0,419851.322109375,1.9421566041954998e-07,1633.0396306352163,4800.0,1.0,,348,,,,,,,,
10.569288773998778,0.0031568574773637613,0.03162434899713844,0.0,0.0,0.0034224999999999985,4.0,0.12749999999999995,-0.0012983463384443894,0.09302915930747986,-0.0009800061059650033,1.4383710027487951e-07,7.5629863083293e-08,421697.294,1.0,419697.150375,1.9421566041954998e-07,1537.0450266939404,4800.0,1.0,,349,,,,,,,,
10.663463367998702,0.003964932821449274,0.03287760424427688,0.0,0.0,0.0033749999999999995,4.0,0.125,0.0014572735992260278,0.09223988298326731,0.0017685238737612963,1.4968441579554793e-07,8.87912930735979e-08,421705.076,1.0,419603.119578125,1.9421566041954998e-07,1700.8641759058976,4800.0,1.0,,350,,,,,,,,
10.577261339998586,0.002067895081248583,0.026448567770421504,0.0,0.0,0.0033275000000000006,4.0,0.12250000000000005,-0.0005681241455022246,0.09104027338325978,-0.00026524148415774107,1.0918390831449188e-07,8.727508422623487e-08,422003.64800000004,1.0,419634.96790625004,1.9421566041954998e-07,1733.9220204517949,4800.0,1.0,,351,,,,,,,,
10.61398130499947,0.002980832244237597,0.03611653661355376,0.0,0.0,0.0032800000000000017,4.0,0.12,0.004186564579140395,0.0912949200719595,0.004485942295286804,2.944196939580479e-07,8.090451135700505e-08,421759.85000000003,1.0,419671.27198437497,1.9421566041954998e-07,1487.724442131707,4800.0,1.0,,352,,,,,,,,
10.631670347000181,0.0014533237982897519,0.018245442770421505,0.0,0.0,0.0032325000000000027,4.0,0.11750000000000005,-0.00044879173510707914,0.09268209878355264,-0.00014931256300769745,6.807151709864456e-07,9.614553615477917e-08,421765.83100000006,1.0,419497.255578125,1.9421566041954998e-07,1550.62508172333,4800.0,1.0,,353,,,,,,,,
10.646247054000924,0.0022700671081336667,0.027246093796566128,0.0,0.0,0.0031850000000000003,4.0,0.11499999999999999,0.002214738956536166,0.09078132342547178,0.002503735781647265,9.882271363892414e-07,8.638286708162468e-08,421748.072,1.0,420212.691890625,1.9421566041954998e-07,1291.909295915275,4800.0,1.0,,354,,,,,,,,
10.589970769000502,0.00237607227577854,0.028971354302484542,0.0,0.0,0.0031375000000000014,4.0,0.11250000000000004,-0.00043022117170039565,0.09084769133478403,-0.00014536664821207523,8.55443605374262e-07,1.8822205678503677e-07,421583.494,1.0,419573.0595625,1.9421566041954998e-07,1777.738799430668,4800.0,1.0,,355,,,,,,,,
10.660779905001618,0.0020442790317893866,0.023209635494276883,0.0,0.0,0.003089999999999999,4.0,0.10999999999999999,-0.001826955983415246,0.08986078873276711,-0.001549535128287971,1.5237792863942445e-06,1.9332309495467825e-07,421920.607,1.0,419884.50609375,1.9421566041954998e-07,1362.3505523004994,4800.0,1.0,,356,,,,,,,,
10.764739410000402,0.0012930233951411018,0.014192708337213844,0.0,0.0,0.0030425,4.0,0.10750000000000004,-5.695448271580972e-05,0.08898151032626629,0.00021369513124227523,1.5735877560985046e-07,1.217000624720299e-07,421956.572,1.0,419527.98904687504,1.9421566041954998e-07,2047.7513868109452,4800.0,1.0,,357,,,,,,,,
10.704186490000211,0.00212795680614164,0.02325846360763535,0.0,0.0,0.002995000000000001,4.0,0.10499999999999998,-0.0012975353252841159,0.09229277074337006,-0.0010211929795332253,2.7398920341425994e-07,9.371347857722867e-08,421816.587,1.0,420032.65015625,1.9421566041954998e-07,1241.4378624136489,4800.0,1.0,,358,,,,,,,,
10.691191349000292,0.0027524914100570896,0.02636718759313226,0.0,0.0,0.002947500000000002,4.0,0.10250000000000004,-0.0015319453494157642,0.09062350373715163,-0.0012649125419557095,1.1843919747178689e-07,1.3716030231591957e-07,421873.631,1.0,419501.23773437494,1.9421566041954998e-07,1673.6999226438663,4800.0,1.0,,359,,,,,,,,
10.621532553001089,0.002448929481618123,0.030126953194849194,0.0,0.0,0.0029,4.0,0.09999999999999998,0.0007218087383080273,0.0916538942605257,0.0009875421645119786,1.1506765300595134e-07,1.0402820826982406e-07,421912.688,1.0,419281.9118125,1.9421566041954998e-07,1922.1906994841947,4800.0,1.0,,360,422147.46,421577.64,421588.096,70000042,419673.33523333335,best_of_k,421577.64,1300.9133796613162
10.721203933000652,0.0025071098149719974,0.028499349066987634,0.0,0.0,0.002852500000000001,4.0,0.09750000000000003,-0.003771907731425017,0.0899324445053935,-0.0035154294921085237,9.489634891224342e-08,8.912401856520092e-08,421892.992,1.0,419627.118328125,1.9421566041954998e-07,1666.5951933887727,4800.0,1.0,,361,,,,,,,,
10.571132600000055,0.0018588676703412688,0.02338867192156613,0.0,0.0,0.002805000000000002,4.0,0.09499999999999997,-0.0007397930006845854,0.09111362230032682,-0.00048426413704873996,8.206314703329553e-08,7.308271854356008e-08,421665.852,1.0,419644.80475,1.9421566041954998e-07,1444.1138043196618,4800.0,1.0,,362,,,,,,,,
10.59512077099862,0.001500891172277008,0.018522135447710752,0.0,0.0,0.002757500000000003,4.0,0.09250000000000003,-0.0024441881163511426,0.09084404502063989,-0.002193743258249015,1.1845371439278551e-07,9.155488243095533e-08,421936.7360000001,1.0,419792.49040625,1.9421566041954998e-07,1666.6684038839555,4800.0,1.0,,363,,,,,,,,
10.614650041999994,0.0021419564180211736,0.024381510494276882,0.0,0.0,0.0027100000000000006,4.0,0.08999999999999997,0.0015138383285375312,0.09156999476253987,0.0017619367223232984,1.3433708012655643e-07,8.528254724637918e-08,422047.742,1.0,419900.0399375,1.9421566041954998e-07,1429.5832438612533,4800.0,1.0,,364,,,,,,,,
10.588612679999642,0.0020707204140231637,0.021988932369276883,0.0,0.0,0.0026625000000000017,4.0,0.08750000000000002,-0.0027469964712508953,0.09246811103075743,-0.0025008468888700008,9.154479503337143e-08,7.50516315761729e-08,421637.103,1.0,419772.572484375,1.9421566041954998e-07,1398.801772550941,4800.0,1.0,,365,,,,,,,,
10.762028570999973,0.0020690550371464055,0.021647135447710752,0.0,0.0,0.0026149999999999993,4.0,0.08499999999999996,-0.004488933668471873,0.08709355518221855,-0.004261235892772675,1.2631484302971785e-07,7.793490546248449e-08,421799.44,1.0,419743.88381250005,1.9421566041954998e-07,1471.2369222289287,4800.0,1.0,,366,,,,,,,,
10.721161428000414,0.0014228785440373315,0.013769531261641533,0.0,0.0,0.0025675000000000003,4.0,0.08250000000000002,-0.0018600863506435417,0.08591693919152021,-0.0016395434155128895,9.330849799482621e-08,8.020147763687646e-08,421760.254,1.0,419859.3420625001,1.9421566041954998e-07,1608.0176449554403,4800.0,1.0,,367,,,,,,,,
10.821551869999894,0.0017735127285522622,0.020703125034924597,0.0,0.0,0.0025200000000000014,4.0,0.07999999999999996,-0.003644442220320343,0.08603872414678335,-0.0034276721300557254,8.785236715880274e-08,7.669070924976041e-08,421832.574,1.0,419815.630828125,1.9421566041954998e-07,1591.0146885060233,4800.0,1.0,,368,,,,,,,,
10.719420743000228,0.0021325091404173157,0.02596028649713844,0.0,0.0,0.0024725000000000025,4.0,0.07750000000000001,-0.0008765133039560169,0.09010234922170639,-0.0006537737790495157,7.272695707882804e-08,6.258533078451478e-08,421601.87200000003,1.0,420098.41212500003,1.9421566041954998e-07,1335.3425106823956,4800.0,1.0,,369,,,,,,,,
10.643714822999755,0.00187503543693186,0.024788411566987634,0.0,0.0,0.002425,4.0,0.07499999999999996,-6.577774183824658e-05,0.0896321713924408,0.00015153660788200796,8.035584952992281e-08,7.175959764182948e-08,421663.2520000001,1.0,419738.532296875,1.9421566041954998e-07,1444.8962069669542,4800.0,1.0,,370,,,,,,,,
10.586489735000214,0.0011042170524529383,0.014241536462213844,0.0,0.0,0.002377500000000001,4.0,0.07250000000000001,-0.0035683603015058906,0.08870179932564497,-0.0033575215842574836,9.089187287258938e-08,8.149472252583223e-08,421886.313,1.0,420025.709421875,1.9421566041954998e-07,1479.2748346514509,4800.0,1.0,,371,,,,,,,,
10.665260473000671,0.0020765565705893607,0.021923828264698388,0.0,0.0,0.0023299999999999987,4.0,0.06999999999999995,0.00038133535417728126,0.0911180131137371,0.0005935996072366833,8.434526606038162e-08,6.445455964509961e-08,421739.684,1.0,419934.043625,1.9421566041954998e-07,1212.690373104278,4800.0,1.0,,372,,,,,,,,
10.52797572199961,0.0018896420420649207,0.0212239584303461,0.0,0.0,0.0022825,4.0,0.0675,0.004689387627877295,0.09077492766082287,0.00489654135890305,7.671235717765512e-08,6.485895838181932e-08,421835.188,1.0,420196.39706249995,1.9421566041954998e-07,1250.4835231158008,4800.0,1.0,,373,,,,,,,,
10.806441917000484,0.0018605531175793111,0.02368164071813226,0.0,0.0,0.002235000000000001,4.0,0.06499999999999995,0.002790836742497049,0.09662095885723829,0.0030067432671785355,7.380337763152056e-08,6.688588962688869e-08,421872.232,1.0,420101.38445312507,1.9421566041954998e-07,1318.7671844641102,4800.0,1.0,,374,,,,,,,,
10.73823526399974,0.0015747717608459056,0.01844075524713844,0.0,0.0,0.002187500000000002,4.0,0.0625,-0.0007494544552173465,0.09564550593495369,-0.0005402919021435082,1.0950683559940444e-07,1.0229793883098637e-07,421785.39200000005,1.0,419487.0380625,1.9421566041954998e-07,1911.5965593174433,4800.0,1.0,,375,,,,,,,,
10.640416825999637,0.0016091830640329262,0.017871093843132256,0.0,0.0,0.002140000000000003,4.0,0.06000000000000005,-0.0026972626117640177,0.09375631846487523,-0.002496674074791372,8.782862348510889e-08,8.243851610245656e-08,421760.528,1.0,419641.53475,1.9421566041954998e-07,1387.727495853011,4800.0,1.0,,376,,,,,,,,
10.616308161999768,0.0010114867726318977,0.011116536473855377,0.0,0.0,0.0020925000000000006,4.0,0.057499999999999996,0.0027877880638698116,0.090592329390347,0.0029773078626021744,8.414218264363171e-08,7.458537893967332e-08,421716.11600000004,1.0,420008.24284375,1.9421566041954998e-07,1431.064772810668,4800.0,1.0,,377,,,,,,,,
10.544823537000411,0.0014594668742589079,0.020963541720993815,0.0,0.0,0.0020450000000000017,4.0,0.05500000000000005,-0.0017441687756218015,0.09053375273942947,-0.0015590660041198134,7.015652956354756e-08,6.241553363039998e-08,421698.83100000006,1.0,420049.315984375,1.9421566041954998e-07,1219.6129518387659,4800.0,1.0,,378,,,,,,,,
10.568359168000825,0.0011799155981687902,0.01679687504656613,0.0,0.0,0.0019974999999999993,4.0,0.05249999999999999,-0.003282904688967392,0.08976069297641516,-0.0031036552216392012,8.457997555666452e-08,7.81291547014007e-08,421718.832,1.0,419913.14529687504,1.9421566041954998e-07,1554.9305940338593,4800.0,1.0,,379,,,,,,,,
10.520359689000543,0.0022097121887503235,0.023746744950767607,0.0,0.0,0.0019500000000000003,4.0,0.050000000000000044,-0.0009806862333789467,0.08872630409896373,-0.0008077181468252092,8.467377963228273e-08,7.986588475006329e-08,422018.05000000005,1.0,419943.546609375,1.9421566041954998e-07,1668.3180464025882,4800.0,1.0,,380,422147.46,421747.66400000005,421588.168,70000042,420191.21163333324,best_of_k,421747.66400000005,1248.784683964262
10.648147937999966,0.001675319062962366,0.023209635494276883,0.0,0.0,0.0019025000000000014,4.0,0.04749999999999999,-0.0005333447072189302,0.08615017309784889,-0.00036948125343769787,6.464471367095825e-08,6.07933631435742e-08,421787.538,1.0,420154.944734375,1.9421566041954998e-07,1225.4795139146463,4800.0,1.0,,381,,,,,,,,
10.601398809001694,0.0017711881351239356,0.02159830736927688,0.0,0.0,0.0018550000000000025,4.0,0.04500000000000004,0.0032414102111943065,0.08624109029769897,0.0034013523487374186,6.51871853385444e-08,5.6876416909545924e-08,421867.16900000005,1.0,420291.6175625,1.9421566041954998e-07,1225.388931387396,4800.0,1.0,,382,,,,,,,,
10.740694845999315,0.0009543789674857806,0.010172526049427689,0.0,0.0,0.0018075,4.0,0.04249999999999998,-0.00032666808256180956,0.08486172817647457,-0.00017331581620965152,6.290142069431681e-08,5.705309149561799e-08,422121.46300000005,1.0,420290.6328125,1.9421566041954998e-07,1137.4685066113996,4800.0,1.0,,383,,,,,,,,
10.648084466,0.000920974369397598,0.010595703194849194,0.0,0.0,0.0017600000000000011,4.0,0.040000000000000036,-0.0033531551467604003,0.08532966859638691,-0.0032030137022957205,7.094812382035798e-08,6.254391289317596e-08,421740.896,1.0,419955.143453125,1.9421566041954998e-07,1236.4301476693518,4800.0,1.0,,384,,,,,,,,
10.677470717999313,0.001584386763250123,0.0215169272152707,0.0,0.0,0.0017124999999999987,4.0,0.03749999999999998,-0.005560209805844351,0.08746869657188654,-0.005410459800623357,6.577415652131436e-08,6.650636867888693e-08,421764.776,1.0,420275.880390625,1.9421566041954998e-07,1234.6643055728355,4800.0,1.0,,385,,,,,,,,
10.614520294999238,0.0015907596501953058,0.020491536566987635,0.0,0.0,0.0016649999999999998,4.0,0.03500000000000003,-0.002915198535629315,0.08473581988364458,-0.002774151577614248,7.425010206674187e-08,6.189260863820323e-08,421951.93100000004,1.0,420308.94128125,1.9421566041954998e-07,1267.8097298932091,4800.0,1.0,,386,,,,,,,,
10.62872479500038,0.0014105641513008748,0.01980794274713844,0.0,0.0,0.0016175000000000009,4.0,0.03249999999999997,0.0014291107363533229,0.08503585699945689,0.0015666196821257472,8.430436819750753e-08,5.5299451506840566e-08,422096.32200000004,1.0,420476.39226562507,1.9421566041954998e-07,976.6518332936306,4800.0,1.0,,387,,,,,,,,
10.550158433999968,0.0014809284788899646,0.014127604197710752,0.0,0.0,0.001570000000000002,4.0,0.030000000000000027,-0.0028308158143772744,0.0875044647604227,-0.002693485142663121,8.675306801819716e-08,8.659364691965266e-08,421969.694,1.0,419961.76528125,1.9421566041954998e-07,1650.6715749544887,4800.0,1.0,,388,,,,,,,,
10.67813144899992,0.0012135936994543072,0.013248697959352285,0.0,0.0,0.0015224999999999995,4.0,0.02749999999999997,-0.0007779344858136028,0.08610884808003902,-0.0006468808511272073,7.036890625755632e-08,7.986379255697784e-08,421790.068,1.0,420424.653203125,1.9421566041954998e-07,1255.469324716317,4800.0,1.0,,389,,,,,,,,
10.734087161001298,0.0014714177078534619,0.014648437593132257,0.0,0.0,0.0014750000000000006,4.0,0.025000000000000022,0.0031578535039443524,0.08472788985818624,0.0032827824470587075,7.745167049932888e-08,7.460807793790991e-08,421828.76700000005,1.0,419946.99575,1.9421566041954998e-07,1522.6836895549304,4800.0,1.0,,390,,,,,,,,
10.740021045001413,0.001536132410238622,0.019124349008779972,0.0,0.0,0.0014275000000000017,4.0,0.022499999999999964,-0.002312467456795275,0.08616359364241362,-0.0021895023994147776,6.24512950686551e-08,5.29475543409319e-08,421789.97000000003,1.0,420239.994703125,1.9421566041954998e-07,1152.6514482730263,4800.0,1.0,,391,,,,,,,,
10.71077731600053,0.0011377112406393054,0.01385091149713844,0.0,0.0,0.0013800000000000028,4.0,0.020000000000000018,-0.0032614613883197308,0.0868363182991743,-0.003141669323667884,7.167072659797214e-08,6.738321935984005e-08,421920.678,1.0,420273.084703125,1.9421566041954998e-07,1249.1333875317177,4800.0,1.0,,392,,,,,,,,
10.633348035000381,0.0008240119502744391,0.009244791732635349,0.0,0.0,0.0013325000000000004,4.0,0.01749999999999996,-0.002665067548514344,0.08441780284047126,-0.0025526226731017233,7.55803075236372e-08,6.898274786948378e-08,422063.08600000007,1.0,420190.93360937503,1.9421566041954998e-07,1458.8091976457215,4800.0,1.0,,393,,,,,,,,
10.628108155000518,0.0011045304373762832,0.014225260505918413,0.0,0.0,0.0012850000000000014,4.0,0.015000000000000013,0.0009371463675051928,0.08438734561204911,0.0010455458657816052,6.933406400122522e-08,6.224683373190487e-08,421717.392,1.0,420484.408484375,1.9421566041954998e-07,1072.5705163857083,4800.0,1.0,,394,,,,,,,,
10.690115474999402,0.0012406862815140586,0.014095052110496909,0.0,0.0,0.001237499999999999,4.0,0.012499999999999956,0.0031838969254749825,0.08652870636433363,0.003290918993297964,9.738500956757435e-08,9.597010119932747e-08,421911.987,1.0,420099.22026562504,1.9421566041954998e-07,1792.6906332570773,4800.0,1.0,,395,,,,,,,,
10.752555596000093,0.0014747607310786393,0.017057291744276882,0.0,0.0,0.00119,4.0,0.010000000000000009,-0.0034270027332240715,0.08470385111868381,-0.0033262380748055875,6.457613705990184e-08,5.249252152950135e-08,421818.857,1.0,420596.878453125,1.9421566041954998e-07,1030.5166039870187,4800.0,1.0,,396,,,,,,,,
10.662583662000543,0.0010746818311195838,0.01110026043606922,0.0,0.0,0.0011425000000000012,4.0,0.007499999999999951,0.0009925241873133927,0.08454591985791922,0.001089081447571516,6.960660270394214e-08,5.861202021506529e-08,421957.318,1.0,420327.94565625,1.9421566041954998e-07,1310.2265877573332,4800.0,1.0,,397,,,,,,,,
10.63474241699987,0.0010363242711735055,0.014827473973855376,0.0,0.0,0.0010950000000000022,4.0,0.0050000000000000044,-0.0008603917842265219,0.08435619361698628,-0.0007680849870666861,1.9708652718719576e-07,8.769024280042004e-08,422041.31,1.0,420171.54868749995,1.9421566041954998e-07,1581.4378737670825,4800.0,1.0,,398,,,,,,,,
10.631449677001001,0.0016541078756802108,0.023453776107635348,0.0,0.0,0.0010474999999999998,4.0,0.0024999999999999467,-0.001331851187569555,0.08249764982610941,-0.0012454871786758304,2.051857387996847e-07,6.301542070374921e-08,421812.96300000005,1.0,420357.06784375,1.9421566041954998e-07,1374.2574797523757,4800.0,1.0,,399,,,,,,,,
10.595670462000271,0.0015009252224000846,0.018375651142559946,0.0,0.0,0.0010000000000000009,4.0,0.0,0.0036453675886150448,0.08210694063454867,0.0037274373113177716,1.0512094945624995e-07,5.290131346313842e-08,421921.8730000001,1.0,420526.735984375,1.9421566041954998e-07,1032.4939868396427,4800.0,1.0,,400,422147.46,421938.91400000005,421458.81799999997,70000042,420444.8115,best_of_k,421938.91400000005,1540.7624295885291
