elapsed_seconds,optimization_approximate_kl,optimization_clip_fraction,optimization_count_loss,optimization_early_kl_stop,optimization_entropy_coefficient,optimization_epochs_completed,optimization_learning_rate_fraction,optimization_loss,optimization_normalized_entropy,optimization_policy_loss,optimization_q_loss,optimization_value_loss,rollout_best_objective,rollout_feasible_rate,rollout_mean_objective,rollout_reward_scale,rollout_std_objective,rollout_transitions,rollout_vectorized_rollouts,self_imitation_loss,update,validation_archive_best_objective,validation_best_of_k_objective,validation_deterministic_objective,validation_fixed_validation_seed,validation_mean_stochastic_objective,validation_selection_metric,validation_selection_objective,validation_std_stochastic_objective
1.873656364999988,0.012408773392962757,0.17663574311882257,1.907801553606987,0.0,0.0199525,4.0,0.9975,0.07550426013767719,0.7630381621420383,-0.010305555304512382,0.042207334481645375,0.0028470456127251964,9491.58425,1.0,6227.197117187499,2.6305898801864956e-05,1392.9366298511247,1856.0,1.0,,1,9491.58425,9665.13025,0.0,70000042,7170.549133333332,best_of_k,9665.13025,1079.760404929796
1.7682713660005902,0.016443038679426536,0.278710941473643,1.4192203680674236,1.0,0.019905,3.0,0.995,0.036188654291133084,0.7875701934099197,-0.01986714417580515,0.005544156214455143,0.00043389698112150654,9080.243750000001,1.0,6899.47231640625,2.6305898801864956e-05,1194.525848707882,1856.0,1.0,,2,,,,,,,,
1.7073624060003567,0.01157790245997603,0.22111816611140966,1.4703589975833893,0.0,0.0198575,4.0,0.9925,0.041870916029438376,0.7948894090950489,-0.016292944957967848,0.0019842005567625165,0.000464011269286857,11327.463749999999,1.0,8319.57951953125,2.6305898801864956e-05,1292.5180290817977,1856.0,1.0,,3,,,,,,,,
1.6068908580000425,0.010860808082118941,0.17093098908662796,1.4582480887571971,1.0,0.01981,3.0,0.99,0.041937666557108365,0.7785881757736206,-0.015844882543509204,0.001042357611974391,0.00037948179912442964,11716.06725,1.0,9197.25361328125,2.6305898801864956e-05,1160.2876051753515,1856.0,1.0,,4,,,,,,,,
1.6500946559999647,0.012275198901382586,0.23382161309321722,1.5400090217590332,1.0,0.0197625,3.0,0.9875,0.048090466375773154,0.7582837045192719,-0.014184214640408754,0.0007948066777316853,0.00036065445601707324,12917.744999999999,1.0,10109.910097656248,2.6305898801864956e-05,1164.9750618030116,1856.0,1.0,,5,,,,,,,,
1.5588583500002642,0.00971267699302795,0.15989583358168602,1.6447508931159973,1.0,0.019715,3.0,0.985,0.05868405778892338,0.6953997810681661,-0.01009814313632281,0.0007324192144248324,0.00036243870757364977,13349.575250000002,1.0,11261.219695312499,2.6305898801864956e-05,1044.4807022164898,1856.0,1.0,,6,,,,,,,,
1.5523242540002684,0.012259915044220785,0.21787109474341074,1.697840968767802,1.0,0.0196675,3.0,0.9825,0.063451657925422,0.639834851026535,-0.009076869852530459,0.00045762709972526255,0.0003493311378406361,14264.431999999999,1.0,11730.45931640625,2.6305898801864956e-05,853.097681366378,1856.0,1.0,,7,,,,,,,,
1.6710007269994094,0.008998587285532267,0.1526855481788516,1.6610127538442612,0.0,0.019620000000000002,4.0,0.98,0.06456424348289147,0.5832890644669533,-0.007215813937364146,0.00034544080699561164,0.00027801077067124425,13991.5945,1.0,12337.021093750001,2.6305898801864956e-05,914.6373438577291,1856.0,1.0,,8,,,,,,,,
1.6777689189993907,0.007577333664812613,0.11386718740686774,1.5917432010173798,0.0,0.0195725,4.0,0.9775,0.05822351051028818,0.5574841946363449,-0.010558441164903343,0.0002494698092050385,0.0001624071828700835,13695.2345,1.0,12435.42647265625,2.6305898801864956e-05,632.7252011374447,1856.0,1.0,,9,,,,,,,,
1.81507039600001,0.007467176517820917,0.08618164143990725,1.5479106083512306,0.0,0.019525,4.0,0.975,0.06464714399771765,0.521883174777031,-0.0026504644192755222,0.00021231175378488842,0.00014123140317678917,14220.165,1.0,12792.78372265625,2.6305898801864956e-05,661.0590790172146,1856.0,1.0,1.5362356901168823,10,,,,,,,,
1.7075479140003154,0.0034193171522929333,0.04174804699141532,1.4728724136948586,0.0,0.019477500000000002,4.0,0.9725,0.06021929043345153,0.5079685412347317,-0.0036032785719726235,0.00018564355741546024,0.00010867822720683762,14437.992,1.0,12790.699468750001,2.6305898801864956e-05,639.4221869506675,1856.0,1.0,,11,,,,,,,,
1.6679606839998087,0.003700900562762399,0.0316162109375,1.3999223485589027,0.0,0.01943,4.0,0.97,0.05111828411463648,0.48114090599119663,-0.009596095886081457,0.0001502135692135198,0.00010361265822211863,13816.1385,1.0,12848.896832031249,2.6305898801864956e-05,483.47603191396524,1856.0,1.0,,12,,,,,,,,
1.7093742899996869,0.0027328823671268765,0.027197265822906047,1.3236317038536072,0.0,0.0193825,4.0,0.9675,0.05572306422982365,0.4858764111995697,-0.0010925708338618279,0.00011908025135198841,7.928117474875762e-05,14112.14625,1.0,13061.405523437501,2.6305898801864956e-05,472.0751325779756,1856.0,1.0,,13,,,,,,,,
1.7327082669999072,0.006124767349319882,0.09157714887987822,1.2438042759895325,0.0,0.019335,4.0,0.965,0.048316732281818986,0.47900690138339996,-0.004669683701649774,0.0001189625904771674,9.180664983432507e-05,14115.32475,1.0,13157.431796875,2.6305898801864956e-05,413.20534809653884,1856.0,1.0,,14,,,,,,,,
1.6898501929999838,0.005201689677051036,0.05727539067447651,1.1691275611519814,0.0,0.0192875,4.0,0.9625,0.0439982830430381,0.4441241044551134,-0.00594502201420255,0.00011468433376649045,8.300233776026289e-05,14294.98275,1.0,13327.7428046875,2.6305898801864956e-05,503.86163785390653,1856.0,1.0,,15,,,,,,,,
1.660404830000516,0.0053116860617592465,0.06726074265316129,1.0803874805569649,0.0,0.01924,4.0,0.96,0.044868480472359806,0.4383117761462927,-0.0007642426062375307,9.470693021285115e-05,7.399138962682628e-05,14257.83775,1.0,13455.1115625,2.6305898801864956e-05,367.0896503267739,1856.0,1.0,,16,,,,,,,,
1.7565927480000028,0.0075586296607070835,0.09426269633695483,1.0258710011839867,0.0,0.0191925,4.0,0.9575,0.03712506254669279,0.4242374263703823,-0.006152652902528644,0.00017943374632523046,0.00021679629981008475,14686.20725,1.0,13566.227140625,2.6305898801864956e-05,417.54342045052186,1856.0,1.0,,17,,,,,,,,
1.6825366339999164,0.00711856417638046,0.08710937562864274,0.9546367265284061,0.0,0.019145,4.0,0.955,0.032941450423095375,0.4234446957707405,-0.006830929312855005,0.00019932548912038328,0.00025492098757240456,14502.335000000001,1.0,13543.67022265625,2.6305898801864956e-05,528.012765750337,1856.0,1.0,,18,,,,,,,,
1.680312454000159,0.009010202512854448,0.1346923839300871,0.9260824918746948,0.0,0.0190975,4.0,0.9525,0.0397191122174263,0.4115445241332054,0.0008623669273220003,0.0005187234396544227,0.0007204401954368223,14859.35175,1.0,13766.8239296875,2.6305898801864956e-05,431.5925810977025,1856.0,1.0,,19,,,,,,,,
1.8179301249992932,0.00402434852856004,0.056445312715368345,0.8455668613314629,0.0,0.01905,4.0,0.95,0.033899880916578695,0.38571537658572197,-0.001950133708305657,0.0008848988004501734,0.0016621188874523796,14692.2235,1.0,13917.378875,2.6305898801864956e-05,372.5766172734513,1856.0,1.0,1.1927889585494995,20,14859.35175,15253.874,14593.708750000002,70000042,14453.079600000003,best_of_k,15253.874,359.8364118086659
1.8291853500004436,0.0042300419690946,0.0633789065759629,0.8367891311645508,0.0,0.019002500000000002,4.0,0.9475,0.0323464967077598,0.3751402124762535,-0.0034266247384948656,0.0018713259341893718,0.0017502683153907128,14679.16875,1.0,13840.065906250002,2.6305898801864956e-05,480.99740622897656,1856.0,1.0,,21,,,,,,,,
1.708040042999528,0.005678093935330253,0.06916503934189677,0.7663462609052658,0.0,0.018955,4.0,0.945,0.03546873218147084,0.34986745566129684,0.003320586954941973,0.0014664071422885172,0.0006318555842881324,14696.7435,1.0,13848.1800859375,2.6305898801864956e-05,436.4283062028409,1856.0,1.0,,22,,,,,,,,
1.569620150999981,0.017294710607378267,0.18235677294433117,0.7771625717480978,1.0,0.0189075,3.0,0.9425,0.04164004058111459,0.35251032809416455,0.009027848291831711,0.0018754643776143591,0.00046321141538404237,14950.7595,1.0,14014.931789062499,2.6305898801864956e-05,472.70947216462537,1856.0,1.0,,23,,,,,,,,
1.3319595699995261,0.02426247386074465,0.23623047024011612,0.8256913274526596,1.0,0.018860000000000002,1.0,0.94,0.054922095499932766,0.3861098960042,0.02053297683596611,0.0024436688981950283,0.00028443807059375104,15074.283749999999,1.0,13999.6252265625,2.6305898801864956e-05,388.96632339909183,1856.0,1.0,,24,,,,,,,,
1.7499648220000381,0.009161273521499425,0.13784179650247097,0.835105262696743,0.0,0.0188125,4.0,0.9375,0.03509626613231376,0.3854971658438444,5.787680856883526e-05,0.002369606121646939,0.0005966592170807417,14790.781749999998,1.0,13848.806410156249,2.6305898801864956e-05,439.41446218279987,1856.0,1.0,,25,,,,,,,,
1.6792867490003118,0.007439093689299625,0.09326171921566129,0.8034387640655041,0.0,0.018765,4.0,0.935,0.03741020950837992,0.37063022516667843,0.003991254227003083,0.000677587149766623,0.00026826666430679325,14790.83175,1.0,13907.877855468749,2.6305898801864956e-05,431.3066835483021,1856.0,1.0,,26,,,,,,,,
1.6683176790002108,0.011656018866233353,0.13603515713475645,0.7727024964988232,0.0,0.0187175,4.0,0.9325,0.034070385416271165,0.3711497038602829,0.002233159728348255,0.0009896974888761179,0.00010025037454397534,14946.652999999998,1.0,13955.944124999998,2.6305898801864956e-05,465.85623783515837,1856.0,1.0,,27,,,,,,,,
1.7023772969996571,0.005958557145447685,0.09660644549876451,0.755724985152483,0.0,0.01867,4.0,0.9299999999999999,0.035998688952531666,0.3644252996891737,0.004950421949615702,0.00034862266466006986,6.194869661158009e-05,14710.24925,1.0,14017.931164062498,2.6305898801864956e-05,359.4088104000215,1856.0,1.0,,28,,,,,,,,
1.4543713390003177,0.016868882252083495,0.1831542979925871,0.7738312780857086,1.0,0.0186225,2.0,0.9275,0.03165938949678093,0.35487448051571846,-0.000472658546641469,0.00014782311791350367,6.870475317555247e-05,15024.526500000002,1.0,13946.3673203125,2.6305898801864956e-05,427.23442599694874,1856.0,1.0,,29,,,,,,,,
1.8085751999997228,0.009100316994363311,0.10400390764698386,0.7331936731934547,0.0,0.018575,4.0,0.925,0.034376298513961956,0.3514695391058922,0.004200207571557257,0.00012266276689842925,6.537403896800242e-05,15087.85925,1.0,14061.393628906251,2.6305898801864956e-05,493.6747096743097,1856.0,1.0,1.1305662393569946,30,,,,,,,,
1.729186122000101,0.005360055073879266,0.07502441410906613,0.6927515789866447,0.0,0.018527500000000002,4.0,0.9225,0.01995916711166501,0.35547931492328644,-0.008149905130267143,0.00014301986675491207,8.666694247949636e-05,14714.988249999999,1.0,13984.6065078125,2.6305898801864956e-05,476.8292510079705,1856.0,1.0,,31,,,,,,,,
1.7186085699995601,0.009503415065239551,0.12512207066174597,0.7139435075223446,0.0,0.01848,4.0,0.92,0.03317534617963247,0.32920329086482525,0.003506908193230629,0.0001335633896815125,8.316328921864624e-05,15236.610499999999,1.0,14088.32051171875,2.6305898801864956e-05,510.8489264304558,1856.0,1.0,,32,,,,,,,,
1.386528738999914,0.03244011741867325,0.23886718600988388,0.717372477054596,1.0,0.0184325,1.0,0.9175,0.04059147648513317,0.33746337890625,0.010901577305048704,9.47692878980888e-05,6.418420161935501e-05,15268.874749999999,1.0,14153.289851562498,2.6305898801864956e-05,449.5983452381972,1856.0,1.0,,33,,,,,,,,
1.7781379119996927,0.005190659335653436,0.07666015671566129,0.7116394303739071,0.0,0.018385,4.0,0.915,0.02780770795652643,0.3184581771492958,-0.0019477634923532605,6.251351601349597e-05,4.420096820467734e-05,15003.31725,1.0,14189.2521953125,2.6305898801864956e-05,395.04853513187317,1856.0,1.0,,34,,,,,,,,
1.7091439519999767,0.007908787034523357,0.11738281324505806,0.7139026746153831,0.0,0.0183375,4.0,0.9125,0.027761006058426574,0.3054596595466137,-0.0023665738408453763,6.679676243948052e-05,5.426455641099892e-05,15124.520999999999,1.0,14172.42242578125,2.6305898801864956e-05,414.2945074008548,1856.0,1.0,,35,,,,,,,,
1.6967951149999863,0.011026605836548242,0.13005371112376451,0.6953737810254097,0.0,0.01829,4.0,0.91,0.026773936086101457,0.2971801273524761,-0.0025922110871761106,6.452838147197326e-05,5.285671454657859e-05,14898.017749999999,1.0,14185.08051953125,2.6305898801864956e-05,411.87610973659844,1856.0,1.0,,36,,,,,,,,
1.7139493380000204,0.007834627679812911,0.11503906303551048,0.6742984540760517,0.0,0.018242500000000002,4.0,0.9075,0.025255862827179953,0.2908013239502907,-0.0031825036858208477,5.415855025603378e-05,4.5940716063341824e-05,15271.7585,1.0,14180.54145703125,2.6305898801864956e-05,408.57719944279165,1856.0,1.0,,37,,,,,,,,
1.4577948939995622,0.026297196871837514,0.18784179911017418,0.6811654418706894,1.0,0.018195,2.0,0.905,0.038215549022424966,0.2898355722427368,0.009401563031133264,5.625838275591377e-05,4.729071997644496e-05,15269.2945,1.0,14252.78425,2.6305898801864956e-05,425.9606126978295,1856.0,1.0,,38,,,,,,,,
1.3420881510000982,0.023504571656985718,0.21308594197034836,0.6566701978445053,1.0,0.0181475,1.0,0.9025,0.03714830055832863,0.28690894693136215,0.00949529092758894,5.657197380060097e-05,4.104291474504862e-05,15031.01125,1.0,14261.261125,2.6305898801864956e-05,364.81036422172514,1856.0,1.0,,39,,,,,,,,
1.9120428859996537,0.010580566530876467,0.13349609496071935,0.6513652317225933,0.0,0.0181,4.0,0.9,0.03507175564300269,0.28016818687319756,0.007541936036432162,7.21705309842946e-05,5.076812226434413e-05,15029.49625,1.0,14255.53036328125,2.6305898801864956e-05,385.4411141937024,1856.0,1.0,0.8035775423049927,40,15271.7585,15153.643750000001,14680.46025,70000042,14762.041866666665,best_of_k,15153.643750000001,265.5715510200492
1.7824100660000113,0.010040951352920047,0.11928710993379354,0.6316438391804695,0.0,0.0180525,4.0,0.8975,0.03168479728628881,0.28734214417636395,0.005263919476419687,5.718834950130258e-05,4.04207883093477e-05,15199.33625,1.0,14237.382207031249,2.6305898801864956e-05,442.3599484600935,1856.0,1.0,,41,,,,,,,,
1.692186467999818,0.00905075461105298,0.10385742201469839,0.631440743803978,0.0,0.018005,4.0,0.895,0.024459750158712268,0.2619591038674116,-0.0024212293210439384,5.187645592741319e-05,4.0655317206983455e-05,15084.540250000002,1.0,14264.85362109375,2.6305898801864956e-05,428.3286878739348,1856.0,1.0,,42,,,,,,,,
1.7106764250002016,0.006972351714807701,0.08500976633513346,0.6248506866395473,0.0,0.0179575,4.0,0.8925,0.030879253696184605,0.24831769615411758,0.004062827734742314,0.0001573731624375796,3.463614871179743e-05,15161.428499999998,1.0,14312.32946484375,2.6305898801864956e-05,379.3647231833556,1856.0,1.0,,43,,,,,,,,
1.4624325279992263,0.013194764217189459,0.12465820321813226,0.6323913559317589,1.0,0.017910000000000002,2.0,0.89,0.03906243061646819,0.23656581342220306,0.0114299850538373,0.0023158738022175385,3.636343035395839e-05,15146.649,1.0,14345.790355468751,2.6305898801864956e-05,354.6624968584482,1856.0,1.0,,44,,,,,,,,
1.3263469129997247,0.021265267414833033,0.14541015774011612,0.6151282787322998,1.0,0.0178625,1.0,0.8875,0.03070005588233471,0.2197033055126667,0.0037567063700407743,0.0009219703533744905,3.8376082557078917e-05,15096.96875,1.0,14297.582374999998,2.6305898801864956e-05,388.69451283022283,1856.0,1.0,,45,,,,,,,,
1.7701413350005168,0.012876352953526293,0.11887207068502903,0.599461056292057,0.0,0.017815,4.0,0.885,0.035441802931018174,0.21929690334945917,0.00923731958027929,0.0011621013100011623,4.3988560946672806e-05,14994.85575,1.0,14338.50434765625,2.6305898801864956e-05,322.6470953944114,1856.0,1.0,,46,,,,,,,,
1.4356009590001122,0.012861383641109114,0.10546875,0.6352591514587402,1.0,0.017767500000000002,2.0,0.8825000000000001,0.03034723550081253,0.22168285958468914,0.0024267235421575606,0.0008206658376366249,2.847673840733478e-05,15063.59775,1.0,14323.4954921875,2.6305898801864956e-05,350.093706596891,1856.0,1.0,,47,,,,,,,,
1.5711650909997843,0.01570462304365113,0.14472656324505806,0.6046059379975001,1.0,0.01772,3.0,0.88,0.0432242281579723,0.22751686225334802,0.014822296565398574,0.02181730513984803,4.300302756140203e-05,15085.707999999999,1.0,14447.81943359375,2.6305898801864956e-05,289.2017395659628,1856.0,1.0,,48,,,,,,,,
1.6589307519998329,0.005280717842140348,0.06481933589384425,0.6029653288424015,0.0,0.0176725,4.0,0.8775,0.02843890136864502,0.21164125576615334,0.00092550806584768,0.010853054121980676,4.010216593997029e-05,15299.352249999998,1.0,14402.78712109375,2.6305898801864956e-05,371.3130823042427,1856.0,1.0,,49,,,,,,,,
1.827627322000808,0.009826553900978752,0.10681152390316129,0.5863094590604305,0.0,0.017625000000000002,4.0,0.875,0.02663581092201639,0.20232806354761124,0.00036395559436641634,0.004989632933757093,4.6900038796593435e-05,15211.913249999998,1.0,14379.56180078125,2.6305898801864956e-05,385.7558139419192,1856.0,1.0,0.8597879409790039,50,,,,,,,,
1.6926162279996788,0.010600253119861236,0.1072021487634629,0.5587359890341759,0.0,0.0175775,4.0,0.8725,0.030498688589432277,0.20500335656106472,0.006027758841810282,0.001245436689714552,2.6063859536407108e-05,15102.2195,1.0,14447.8729375,2.6305898801864956e-05,365.0654538666931,1856.0,1.0,,51,,,,,,,,
1.7620110730003944,0.006977101967663657,0.0729492191458121,0.5919035151600838,0.0,0.01753,4.0,0.87,0.03238521747698542,0.20304444897919893,0.006294003571383655,0.0004249468192938366,2.582469824119471e-05,15203.3195,1.0,14460.009804687501,2.6305898801864956e-05,313.0225074574109,1856.0,1.0,,52,,,,,,,,
1.6777597519994742,0.006725163788445343,0.08154296921566129,0.5738735795021057,0.0,0.0174825,4.0,0.8674999999999999,0.029109720402630046,0.18730938713997602,0.0036573937395587564,0.0002202030395892507,2.2527122155224788e-05,15054.36025,1.0,14462.73812109375,2.6305898801864956e-05,306.36063696548297,1856.0,1.0,,53,,,,,,,,
1.6633045460002904,0.008324281661742816,0.09284667973406613,0.5689871907234192,0.0,0.017435,4.0,0.865,0.022734414669685066,0.18606565427035093,-0.0024949671351350844,5.5806640375521965e-05,3.699122919442743e-05,15298.64125,1.0,14422.3871328125,2.6305898801864956e-05,353.08278073237034,1856.0,1.0,,54,,,,,,,,
1.682106535999992,0.007245085113709138,0.08225097681861371,0.5828079804778099,0.0,0.0173875,4.0,0.8625,0.023646629837458022,0.1769108660519123,-0.002446521306410432,5.968392588329152e-05,4.564255823424901e-05,15255.76025,1.0,14452.0652109375,2.6305898801864956e-05,381.2680754971405,1856.0,1.0,,55,,,,,,,,
1.7756373259999236,0.009553349067175532,0.0904052744153887,0.5520556457340717,0.0,0.01734,4.0,0.86,0.023446906547178514,0.17256030160933733,-0.0011842026724480093,4.6236855723691406e-05,3.179726945745642e-05,15122.0595,1.0,14428.109316406251,2.6305898801864956e-05,340.21708927775416,1856.0,1.0,,56,,,,,,,,
1.704015371999958,0.006845246319699072,0.08337402367033064,0.533037293702364,0.0,0.017292500000000002,4.0,0.8575,0.025042564011528157,0.16798857226967812,0.0012837571557611227,3.579694441668835e-05,1.660893400412533e-05,15140.421250000001,1.0,14494.7375,2.6305898801864956e-05,310.85844071949026,1856.0,1.0,,57,,,,,,,,
1.723536575000253,0.010617335511085457,0.09382324207399506,0.5307633280754089,1.0,0.017245,4.0,0.855,0.028554372751386836,0.16604126524180174,0.004863806301727891,4.189161700196564e-05,2.3183859070741164e-05,15107.507499999998,1.0,14492.890542968751,2.6305898801864956e-05,326.1907268491968,1856.0,1.0,,58,,,,,,,,
1.668396064999797,0.006300491520363494,0.06811523460783064,0.5377191230654716,0.0,0.0171975,4.0,0.8525,0.027305580850224942,0.17069004196673632,0.00334087158262264,4.1950971080950694e-05,2.0000542349407624e-05,15089.0515,1.0,14447.389140624999,2.6305898801864956e-05,339.725657869607,1856.0,1.0,,59,,,,,,,,
1.8623504289998891,0.008128338726777429,0.08715820405632257,0.5319765321910381,0.0,0.017150000000000002,4.0,0.85,0.02693388200714253,0.17587799299508333,0.00333790861259331,3.953165798975533e-05,1.9000096585841675e-05,15261.117750000001,1.0,14491.6702578125,2.6305898801864956e-05,321.5319725967496,1856.0,1.0,0.8408177495002747,60,15299.352249999998,15250.44025,15049.14375,70000042,14971.58809166667,best_of_k,15250.44025,190.72419958623624
1.8322989130001588,0.009269888694504402,0.10009765648283064,0.5229657627642155,0.0,0.0171025,4.0,0.8475,0.02834269340382889,0.18429219722747803,0.0053325757617130876,3.917420667676197e-05,1.953860316916689e-05,15353.65725,1.0,14502.26601953125,2.6305898801864956e-05,319.1337017717064,1856.0,1.0,,61,,,,,,,,
1.7025451199997406,0.00998227373791849,0.10063476604409516,0.5655781254172325,0.0,0.017055,4.0,0.845,0.0327522657753434,0.18250641413033009,0.007571338501293212,4.141036720284319e-05,2.105245414441015e-05,15371.28025,1.0,14498.529792968751,2.6305898801864956e-05,341.26212895579647,1856.0,1.0,,62,,,,,,,,
1.607913501999974,0.01373144183067628,0.11142578162252903,0.5161477526028951,1.0,0.017007500000000002,3.0,0.8425,0.027040694452201326,0.1889882062872251,0.004431100174163778,4.4240756020978246e-05,2.3999766047685018e-05,15266.646499999999,1.0,14480.4552734375,2.6305898801864956e-05,347.7368004174705,1856.0,1.0,,63,,,,,,,,
1.373710499000481,0.03831651915550083,0.16376953199505806,0.536234438419342,1.0,0.01696,1.0,0.84,0.04104965878650546,0.1879267767071724,0.017414784291759133,3.3178804642375326e-05,1.4145076647764654e-05,15159.95625,1.0,14520.170640625,2.6305898801864956e-05,288.2744843109969,1856.0,1.0,,64,,,,,,,,
1.683207642000525,0.010555407401284356,0.09768066415563226,0.5289954282343388,0.0,0.0169125,4.0,0.8375,0.02291187585797161,0.1729692341759801,-0.0006320648244582117,4.564904679682513e-05,2.989278220866254e-05,15278.43225,1.0,14419.1368515625,2.6305898801864956e-05,349.8036481902951,1856.0,1.0,,65,,,,,,,,
1.680250141000215,0.012517880846672824,0.10732421919237822,0.520221397280693,0.0,0.016865,4.0,0.835,0.021053359218058176,0.18182308971881866,-0.0019115920731564984,4.758564637086238e-05,3.1137530754676845e-05,15315.80825,1.0,14452.069253906251,2.6305898801864956e-05,362.39225905940464,1856.0,1.0,,66,,,,,,,,
1.6746293429996513,0.008285639660883248,0.08386230538599193,0.5522054582834244,0.0,0.0168175,4.0,0.8325,0.02599070346332155,0.183334999717772,0.0014436765923164785,4.805524190487631e-05,3.0368379952960822e-05,15273.8875,1.0,14432.918246093748,2.6305898801864956e-05,364.30534121400126,1856.0,1.0,,67,,,,,,,,
1.594645842999853,0.012234082617264145,0.10820312549670537,0.5517309407393137,1.0,0.01677,3.0,0.83,0.027606456365901977,0.18046176557739577,0.003029483098847171,4.232224728184519e-05,2.507605631762999e-05,15327.26725,1.0,14499.26178125,2.6305898801864956e-05,365.5461435948617,1856.0,1.0,,68,,,,,,,,
1.7178129889998672,0.012238732648555128,0.12214355496689677,0.4939210023730993,0.0,0.0167225,4.0,0.8275,0.020842996367719024,0.17244539503008127,-0.0009794457582756877,2.907202917867835e-05,1.4404331295736483e-05,15207.632749999999,1.0,14495.1840546875,2.6305898801864956e-05,285.6743921246598,1856.0,1.0,,69,,,,,,,,
1.6277433710001787,0.02019761184141089,0.1420410182327032,0.5093554481863976,1.0,0.016675000000000002,2.0,0.825,0.03429208503803238,0.1759365200996399,0.011747307376936078,3.0768326951147174e-05,1.533981094326009e-05,15218.73575,1.0,14498.8295859375,2.6305898801864956e-05,308.32550440506407,1856.0,1.0,0.7002220749855042,70,,,,,,,,
1.370067786000618,0.026230491000546863,0.10976562649011612,0.5524213463068008,1.0,0.0166275,1.0,0.8225,0.03132048901170492,0.19084066897630692,0.006860994268208742,3.719775759236654e-05,1.5819752889001393e-05,15219.9185,1.0,14463.15182421875,2.6305898801864956e-05,327.4709562179883,1856.0,1.0,,71,,,,,,,,
1.7482481980005105,0.00562536304381922,0.061914062360301614,0.5607324503362179,0.0,0.01658,4.0,0.8200000000000001,0.023255069507285953,0.18412220105528831,-0.0017407439299859107,4.019505468022544e-05,1.583506031010984e-05,15286.85625,1.0,14527.639289062501,2.6305898801864956e-05,333.23687095247675,1856.0,1.0,,72,,,,,,,,
1.569416891000401,0.01432696875228127,0.10755208383003871,0.5158643821875254,1.0,0.016532500000000002,3.0,0.8175,0.03332799737108871,0.172035480539004,0.010366483281056086,3.5908296467823675e-05,1.77606169321128e-05,15223.47175,1.0,14515.910746093748,2.6305898801864956e-05,308.483385028924,1856.0,1.0,,73,,,,,,,,
1.4669264410003962,0.02862314829670254,0.10019531287252903,0.5599967688322067,1.0,0.016485,2.0,0.815,0.035077262902632356,0.16505023278295994,0.009775205653568264,5.3698445299232844e-05,3.540373882060521e-05,15222.77575,1.0,14412.337320312501,2.6305898801864956e-05,371.5051835567861,1856.0,1.0,,74,,,,,,,,
1.7039427449999494,0.010882518966468524,0.09558105538599193,0.519617136567831,0.0,0.0164375,4.0,0.8125,0.02558433817466721,0.16237888485193253,0.002255582541693002,4.1082027564698365e-05,2.5786575861275196e-05,15259.92025,1.0,14572.25855859375,2.6305898801864956e-05,344.3949110591911,1856.0,1.0,,75,,,,,,,,
1.6977052840002216,0.008063909074138564,0.08168945298530161,0.5271841511130333,0.0,0.016390000000000002,4.0,0.81,0.0296424997941358,0.16027135215699673,0.005895347188925371,3.860243828057719e-05,2.1863857455173275e-05,15271.504250000002,1.0,14531.18561328125,2.6305898801864956e-05,317.12097987537396,1856.0,1.0,,76,,,,,,,,
1.6827759819998391,0.009245455738266628,0.0946533209644258,0.5284873023629189,0.0,0.0163425,4.0,0.8075,0.018651541991857812,0.1642795093357563,-0.00510107638547197,3.800308377321926e-05,1.838270264897801e-05,15213.776249999999,1.0,14519.364621093748,2.6305898801864956e-05,347.94587227110475,1856.0,1.0,,77,,,,,,,,
1.3265207320000627,0.03543176094950695,0.15605469048023224,0.5249722748994827,1.0,0.016295,1.0,0.8049999999999999,0.059297102969139814,0.1541440114378929,0.03554555983282626,3.853878570225788e-05,2.169548679376021e-05,15264.688750000001,1.0,14490.69363671875,2.6305898801864956e-05,316.56502770702633,1856.0,1.0,,78,,,,,,,,
1.452494872999523,0.019315147701178148,0.10795898456126451,0.5298355370759964,1.0,0.0162475,2.0,0.8025,0.02603264932986349,0.1452459581196308,0.0018845933955162764,4.123343069295515e-05,2.407944339211099e-05,15325.184249999998,1.0,14454.02226953125,2.6305898801864956e-05,358.766469326786,1856.0,1.0,,79,,,,,,,,
1.8837201679998543,0.00787580901017293,0.08298339881002903,0.5437191128730774,0.0,0.0162,4.0,0.8,0.025603802190744318,0.14595159981399775,0.0007582535035908222,5.679903574673517e-05,3.66580688933027e-05,15167.737249999998,1.0,14405.31516796875,2.6305898801864956e-05,422.88389783134267,1856.0,1.0,0.7631313800811768,80,15371.28025,15359.80025,15221.76025,70000042,15053.014674999997,best_of_k,15359.80025,202.16153705058434
1.843877478999275,0.008370084284734958,0.06916503934189677,0.4823806378990412,0.0,0.0161525,4.0,0.7975,0.023550667450763285,0.13609218038618565,0.001613985441508703,3.7185362316449755e-05,2.4318261353073467e-05,15294.776249999999,1.0,14582.881140624999,2.6305898801864956e-05,364.048639348014,1856.0,1.0,,81,,,,,,,,
1.6811359679995803,0.004681215794732907,0.051098633324727416,0.5038468707352877,0.0,0.016105,4.0,0.795,0.02848681347677484,0.13039879547432065,0.0053838125604670495,2.9185944072196435e-05,1.5623679416876257e-05,15326.19225,1.0,14591.208015625,2.6305898801864956e-05,294.93730266166347,1856.0,1.0,,82,,,,,,,,
1.6752525490001062,0.005387814676211633,0.04819335957290605,0.48529266752302647,0.0,0.016057500000000002,4.0,0.7925,0.026104005388333462,0.13366005383431911,0.003972040591179393,3.372864773609763e-05,2.0406133444339503e-05,15296.059,1.0,14558.418488281251,2.6305898801864956e-05,316.91803550180794,1856.0,1.0,,83,,,,,,,,
1.5779657169996426,0.01900230035897721,0.09651692758779973,0.4729101086656253,1.0,0.01601,3.0,0.79,0.02935383399017155,0.13686481739083925,0.007889126505081853,3.2430638232957186e-05,1.432522147600442e-05,15309.01725,1.0,14566.72565625,2.6305898801864956e-05,347.1680823796579,1856.0,1.0,,84,,,,,,,,
1.6751743779996104,0.008897394703851091,0.07382812513969839,0.49394915252923965,0.0,0.0159625,4.0,0.7875,0.030204269278328866,0.1387585112825036,0.007708563352935016,5.4685462941961305e-05,1.5424560956489586e-05,15256.398249999998,1.0,14592.63751953125,2.6305898801864956e-05,317.9866804780753,1856.0,1.0,,85,,,,,,,,
1.683791064999241,0.009801986786172279,0.08571777422912419,0.5143720582127571,0.0,0.015915,4.0,0.785,0.022656264918623492,0.14105362258851528,-0.0008399562066188082,7.337626425396593e-05,3.0297170724224998e-05,15218.884750000001,1.0,14489.062203124999,2.6305898801864956e-05,380.55754923257285,1856.0,1.0,,86,,,,,,,,
1.6023526149992904,0.01499979438756327,0.09899088554084301,0.501253160337607,1.0,0.0158675,3.0,0.7825,0.027360656143476565,0.14573160434762636,0.004587630353247126,7.293762155313743e-05,3.0938874260755256e-05,15144.344249999998,1.0,14482.079417968751,2.6305898801864956e-05,351.19501887346195,1856.0,1.0,,87,,,,,,,,
1.6321813960003055,0.017017877058279396,0.11308593768626451,0.4946992751210928,1.0,0.01582,4.0,0.78,0.03234280279139057,0.13427793513983488,0.009720667323563248,3.423959037718305e-05,1.6049065663992224e-05,15309.23225,1.0,14544.85409375,2.6305898801864956e-05,334.95207033141884,1856.0,1.0,,88,,,,,,,,
1.5841502919993218,0.012336119217006095,0.0754557295391957,0.49242911487817764,1.0,0.015772500000000002,3.0,0.7775,0.02521423956689735,0.13176048174500465,0.0026621591920653978,2.9592778901132988e-05,1.171340871527112e-05,15332.58425,1.0,14569.3091484375,2.6305898801864956e-05,340.91299896011265,1856.0,1.0,,89,,,,,,,,
1.7970718120004676,0.012750285321416754,0.08820800855755806,0.4555256497114897,0.0,0.015725,4.0,0.775,0.028412615589331836,0.12313382932916284,0.007563623366877437,3.143472076772014e-05,1.1690707424349966e-05,15115.34125,1.0,14559.8600390625,2.6305898801864956e-05,278.175626322246,1856.0,1.0,0.4804660379886627,90,,,,,,,,
1.435642657000244,0.020391583603114327,0.09707031399011612,0.4803180620074272,1.0,0.0156775,2.0,0.7725,0.022268560074735433,0.12390020303428173,0.0001864442601799965,2.7027155283576576e-05,1.1908536748705956e-05,15221.06475,1.0,14537.558808593749,2.6305898801864956e-05,297.07402887822286,1856.0,1.0,,91,,,,,,,,
1.5414467020000302,0.012045551039307156,0.09130859437088172,0.46333958705266315,1.0,0.01563,3.0,0.77,0.02880656379663075,0.1308768168091774,0.0076746273164947825,3.132211986667244e-05,1.4856500229143421e-05,15307.96025,1.0,14518.26358203125,2.6305898801864956e-05,325.9450863798236,1856.0,1.0,,92,,,,,,,,
1.5597902929994234,0.01346285148272841,0.08470052139212687,0.4961966946721077,1.0,0.015582499999999999,3.0,0.7675,0.03151823440566659,0.12360895425081253,0.008623869662793974,3.0474745168855104e-05,1.5235183885427736e-05,15294.776249999999,1.0,14534.0501875,2.6305898801864956e-05,326.75929367923413,1856.0,1.0,,93,,,,,,,,
1.3333754400000544,0.044014778823452616,0.13320312649011612,0.4477527067065239,1.0,0.015535,1.0,0.765,0.05526010342873633,0.11515112221240997,0.03465102333575487,2.582721663202392e-05,1.5470281141460873e-05,15276.72025,1.0,14534.0142734375,2.6305898801864956e-05,292.8656082894198,1856.0,1.0,,94,,,,,,,,
1.6873566630001733,0.009256742520207695,0.0794921878259629,0.4731421396136284,0.0,0.015487500000000001,4.0,0.7625,0.023152457339165267,0.11902672750875354,0.0013126700650900602,3.877105700667016e-05,4.446038201422198e-05,15215.269499999999,1.0,14373.157281250002,2.6305898801864956e-05,389.45327033424684,1856.0,1.0,,95,,,,,,,,
1.6396438990004754,0.009099697036354826,0.07912597665563226,0.5256439372897148,0.0,0.01544,4.0,0.76,0.02503591422282625,0.12191964872181416,0.0006173354777274653,3.872897059409297e-05,2.9895066177232366e-05,15154.234,1.0,14254.03310546875,2.6305898801864956e-05,310.1693417926496,1856.0,1.0,,96,,,,,,,,
1.6356725470004676,0.011622715906334236,0.08395996154285967,0.49585319869220257,0.0,0.0153925,4.0,0.7575000000000001,0.018134527432266623,0.11359645985066891,-0.004926843452267349,4.0904900629357144e-05,2.630675203363353e-05,15025.22125,1.0,14309.414117187498,2.6305898801864956e-05,338.6708741865487,1856.0,1.0,,97,,,,,,,,
1.6852344570006608,0.011875775929894417,0.08066406310535967,0.4639211781322956,0.0,0.015345000000000001,4.0,0.755,0.02858424326404929,0.10852605011314154,0.007038328156340867,3.6858216958535195e-05,2.3004000127002655e-05,15215.9895,1.0,14553.60659765625,2.6305898801864956e-05,292.7597759363903,1856.0,1.0,,98,,,,,,,,
1.6389545030006047,0.00903075102486639,0.06845703162252903,0.43707801401615143,0.0,0.0152975,4.0,0.7525,0.02217437676154077,0.10492794308811426,0.0019103761878795922,4.161452784501307e-05,2.2146039100334747e-05,15257.621499999997,1.0,14486.742503906251,2.6305898801864956e-05,331.49682273911736,1856.0,1.0,,99,,,,,,,,
1.864373584000532,0.009932799528591829,0.0698242190410383,0.4560010153800249,1.0,0.01525,4.0,0.75,0.018501046593883075,0.11404146021232009,-0.0025771604850888252,7.095478565588564e-05,2.0385956645441183e-05,15250.109499999999,1.0,14511.45456640625,2.6305898801864956e-05,322.9817002077099,1856.0,1.0,0.5383908748626709,100,15371.28025,15369.41625,15231.9415,70000042,15104.017741666668,best_of_k,15369.41625,204.00891951354808
1.6925556240003061,0.017059119838497356,0.10914713609963655,0.4742166797320048,1.0,0.0152025,3.0,0.7475,0.03360705318239828,0.11793456909557183,0.011672605760395527,5.755969368692604e-05,2.1513696841187386e-05,15231.9415,1.0,14485.3998046875,2.6305898801864956e-05,332.25120180725617,1856.0,1.0,,101,,,,,,,,
1.707658844999969,0.00645867509049225,0.06574707094114274,0.43929256685078144,0.0,0.015155,4.0,0.745,0.022205069370102137,0.11308487830683589,0.0019412595720496029,4.51313853773172e-05,1.6938533008215018e-05,15233.181499999999,1.0,14511.8495546875,2.6305898801864956e-05,312.0302020160243,1856.0,1.0,,102,,,,,,,,
1.5353604580004685,0.018889883869917412,0.10240885553260644,0.4155134881536166,1.0,0.0151075,3.0,0.7424999999999999,0.02642059341693918,0.11604650070269902,0.007384459177652995,3.113081129413331e-05,2.1035984900663607e-05,15250.75325,1.0,14521.732140625001,2.6305898801864956e-05,324.54645605291637,1856.0,1.0,,103,,,,,,,,
1.4791123590002826,0.015771647404349665,0.09414062555879354,0.42449891939759254,1.0,0.01506,2.0,0.74,0.02978516207076609,0.1133243115618825,0.010256947483867407,2.6267985049344134e-05,1.4609835375267721e-05,15239.4215,1.0,14522.5229140625,2.6305898801864956e-05,320.2992716926871,1856.0,1.0,,104,,,,,,,,
1.71267086700027,0.01574988835183433,0.0918457037769258,0.43079787865281105,1.0,0.015012500000000002,4.0,0.7375,0.025121566803136375,0.11165407346561551,0.005249221052508801,2.1389187963904988e-05,1.303639436400772e-05,15333.2615,1.0,14574.86654296875,2.6305898801864956e-05,296.4545831294735,1856.0,1.0,,105,,,,,,,,
1.4177384519998668,0.019478654395655326,0.11542968731373549,0.45106757432222366,1.0,0.014965,2.0,0.735,0.023559288718388416,0.13032000046223402,0.0029417985351756215,4.6506616854458116e-05,1.939873448009166e-05,15336.44825,1.0,14522.586660156248,2.6305898801864956e-05,308.3088633874676,1856.0,1.0,,106,,,,,,,,
1.645933977999448,0.012635872645063273,0.11252441466785967,0.44035406969487667,1.0,0.0149175,4.0,0.7324999999999999,0.023560873298265506,0.1300336136482656,0.003472319833235815,3.72315018921654e-05,1.3804593095301243e-05,15339.68825,1.0,14526.363859375,2.6305898801864956e-05,308.00512894016714,1856.0,1.0,,107,,,,,,,,
1.4381125559993961,0.023351179544135903,0.11445312481373549,0.4453110918402672,1.0,0.014870000000000001,2.0,0.73,0.029123509710188955,0.13551826402544975,0.008859690511599183,3.943642559534055e-05,1.8952606069433386e-05,15126.126500000002,1.0,14482.730703125,2.6305898801864956e-05,315.01274919904023,1856.0,1.0,,108,,,,,,,,
1.803441866999492,0.00877831856315936,0.07395019568502903,0.4690692238509655,0.0,0.014822499999999999,4.0,0.7275,0.024031012086197734,0.13694558944553137,0.0025972311850637197,2.6804975391314656e-05,1.5031485759209318e-05,15129.360250000002,1.0,14525.72700390625,2.6305898801864956e-05,299.13812692203055,1856.0,1.0,,109,,,,,,,,
1.482841577999352,0.023773833637392272,0.11582031473517418,0.4759024977684021,1.0,0.014775,1.0,0.725,0.0254717618227005,0.1380179598927498,0.0037080898182466626,2.2356265162670752e-05,1.1053535672544967e-05,15141.348250000001,1.0,14526.38438671875,2.6305898801864956e-05,312.8813552208127,1856.0,1.0,0.5264924764633179,110,,,,,,,,
1.6906066479996298,0.010235731681397908,0.08422851597424597,0.45379432290792465,0.0,0.014727500000000001,4.0,0.7224999999999999,0.023077507881680503,0.13704587798565626,0.0023991549969650805,1.89823945788703e-05,1.0163338401980582e-05,15144.9875,1.0,14543.257687500001,2.6305898801864956e-05,297.9696858636164,1856.0,1.0,,111,,,,,,,,
1.687738669999817,0.005435400015542768,0.06555175804533064,0.4591195471584797,0.0,0.01468,4.0,0.72,0.024685950484126806,0.14723983127623796,0.0038847000105306506,1.9354270648364036e-05,9.634594903218385e-06,15221.819,1.0,14534.015734375,2.6305898801864956e-05,298.52132814439483,1856.0,1.0,,112,,,,,,,,
1.6986688189999768,0.00859670419009717,0.07736816431861371,0.5058438945561647,0.0,0.014632500000000001,4.0,0.7175,0.02606037571968045,0.14859282318502665,0.002928957750555128,2.975689437789697e-05,2.1063239387331123e-05,15152.403999999999,1.0,14484.604808593751,2.6305898801864956e-05,304.15720746913684,1856.0,1.0,,113,,,,,,,,
1.6493252149994078,0.007824129760507503,0.06311035214457661,0.46743435598909855,0.0,0.014585,4.0,0.7150000000000001,0.023568302669445984,0.1515617473050952,0.0023987320018932223,2.7821157914331707e-05,1.1195337776825909e-05,15243.1515,1.0,14522.956156249998,2.6305898801864956e-05,273.0667724596428,1856.0,1.0,,114,,,,,,,,
1.5550248089994056,0.014306464933563726,0.08945312576058011,0.4969412113229434,1.0,0.014537500000000002,3.0,0.7125,0.01835384949420889,0.15486833080649376,-0.004249651295443376,2.5322969274081213e-05,1.061033390215016e-05,15142.675000000001,1.0,14516.9845859375,2.6305898801864956e-05,299.6069891630633,1856.0,1.0,,115,,,,,,,,
1.6995479120005257,0.004023095283180567,0.051977539202198386,0.4840970914810896,0.0,0.014490000000000001,4.0,0.71,0.020894370434689336,0.1675398163497448,-0.0008942641725298017,3.1525745271210326e-05,1.6558312154302257e-05,15102.65175,1.0,14474.42587109375,2.6305898801864956e-05,326.9485196017579,1856.0,1.0,,116,,,,,,,,
1.6540340470000956,0.008997590339376416,0.09912109409924597,0.4743205513805151,0.0,0.0144425,4.0,0.7075,0.025746408995473757,0.16660203225910664,0.004427909501828253,2.668012791673391e-05,1.1905131202638586e-05,15252.068,1.0,14499.06834375,2.6305898801864956e-05,348.6401913729336,1856.0,1.0,,117,,,,,,,,
1.6659550849999505,0.008863878427384009,0.09443359426222742,0.4495393168181181,0.0,0.014395000000000002,4.0,0.7050000000000001,0.024737740284763277,0.16041651740670204,0.004561489331535995,2.5953045110327366e-05,1.1770963510571164e-05,15261.52775,1.0,14561.724453125,2.6305898801864956e-05,299.3788272341799,1856.0,1.0,,118,,,,,,,,
1.6843785270002627,0.014156592590559569,0.105444336659275,0.44128073938190937,1.0,0.014347500000000001,4.0,0.7025,0.02329431302496232,0.17347850650548935,0.0037102362257428467,2.590761528153962e-05,1.2864121117672767e-05,15350.36325,1.0,14541.7200703125,2.6305898801864956e-05,338.1966199873036,1856.0,1.0,,119,,,,,,,,
1.6914496379995398,0.015117111123487348,0.11324869903425376,0.4694410140315692,1.0,0.0143,3.0,0.7,0.02251406793948263,0.172065120190382,0.0014823904105772574,4.4928376155439764e-05,3.132967337175311e-05,15315.232250000001,1.0,14452.07116796875,2.6305898801864956e-05,357.57723797541587,1856.0,1.0,0.4215102791786194,120,15371.28025,15260.60625,15043.07975,70000042,14950.125600000001,best_of_k,15260.60625,250.00305867974396
1.7784733270000288,0.013399647399580772,0.07697753934189677,0.4607215989381075,1.0,0.014252500000000001,4.0,0.6975,0.022932510648388416,0.17402270901948214,0.0023583679576404393,3.946698916479363e-05,2.8746990778927284e-05,15366.27225,1.0,14447.08686328125,2.6305898801864956e-05,397.12410554533653,1856.0,1.0,,121,,,,,,,,
1.6482382519998282,0.011319475078977348,0.10061035212129354,0.46420433558523655,0.0,0.014205,4.0,0.6950000000000001,0.02090356426197104,0.17549565248191357,0.0001713727724563796,3.5908257586925174e-05,2.2599147200708103e-05,15237.175749999999,1.0,14511.572496093751,2.6305898801864956e-05,337.6944790847942,1856.0,1.0,,122,,,,,,,,
1.7368051140001626,0.005475228077429506,0.056469726958312094,0.45723641850054264,0.0,0.0141575,4.0,0.6925,0.018783892563078552,0.17113858368247747,-0.0016687595925759524,3.2588752674200805e-05,2.0931730659867753e-05,15281.455750000001,1.0,14519.690734374999,2.6305898801864956e-05,346.1228083976691,1856.0,1.0,,123,,,,,,,,
1.6982237660004103,0.00418521560533236,0.04729003936517984,0.4587422702461481,0.0,0.014110000000000001,4.0,0.69,0.020138192980084568,0.1667974591255188,-0.0004574694175971672,2.681583896446682e-05,1.875821169505798e-05,15180.062750000001,1.0,14552.691046875,2.6305898801864956e-05,281.4828335384066,1856.0,1.0,,124,,,,,,,,
1.6486912919999668,0.005300834445208125,0.04909667989704758,0.42958978563547134,0.0,0.0140625,4.0,0.6875,0.024367382808122784,0.16379998717457056,0.005180609761737287,2.2572514467356086e-05,1.692758075932943e-05,15271.806500000002,1.0,14577.292621093751,2.6305898801864956e-05,315.2983033488297,1856.0,1.0,,125,,,,,,,,
1.6403034519998982,0.00550985037909868,0.051806640811264515,0.4109621364623308,0.0,0.014015,4.0,0.685,0.017007017813739367,0.1743053114041686,-0.0011105958255939186,2.6493228119761625e-05,1.9491023238060734e-05,15283.79875,1.0,14598.911281249999,2.6305898801864956e-05,318.2180608165426,1856.0,1.0,,126,,,,,,,,
1.7164696990002994,0.009207746028621955,0.07653808617033064,0.4251138921827078,0.0,0.0139675,4.0,0.6825,0.024095770306303166,0.17095564398914576,0.005218227433942957,2.8848029273831344e-05,1.3571902513831446e-05,15223.5825,1.0,14578.47751953125,2.6305898801864956e-05,328.6496241511141,1856.0,1.0,,127,,,,,,,,
1.6381596100000024,0.008918825373491757,0.0737792975269258,0.42664903216063976,0.0,0.01392,4.0,0.6799999999999999,0.01964348927140236,0.16802855767309666,0.0006427095904655289,2.1844697585038375e-05,1.0201799739206763e-05,15343.123249999999,1.0,14576.672746093749,2.6305898801864956e-05,315.18071146403236,1856.0,1.0,,128,,,,,,,,
1.7295480859993404,0.009195557180476044,0.07724609400611371,0.4099290333688259,0.0,0.0138725,4.0,0.6775,0.020082553746760823,0.16846736054867506,0.0019101750513073057,3.2838212860042404e-05,1.9411895891607855e-05,15210.221,1.0,14493.80916015625,2.6305898801864956e-05,349.4012535040004,1856.0,1.0,,129,,,,,,,,
1.864895617000002,0.010098239393059316,0.08549804706126451,0.4216083977371454,0.0,0.013825,4.0,0.675,0.021013438614318147,0.16002931538969278,0.0021373977506300434,2.1282976831571432e-05,1.179438487497464e-05,15284.334499999999,1.0,14589.0618125,2.6305898801864956e-05,310.6033037901771,1856.0,1.0,0.563770592212677,130,,,,,,,,
1.7205927879995215,0.008309346524455918,0.08613281301222742,0.40962622314691544,0.0,0.013777500000000002,4.0,0.6725,0.018726174865150824,0.16000923607498407,0.0004402219128678553,2.3337351763075276e-05,1.3669411885075533e-05,15251.0955,1.0,14601.72312109375,2.6305898801864956e-05,285.0172285490773,1856.0,1.0,,131,,,,,,,,
1.65252713100017,0.01032845813286798,0.07324218796566129,0.4102234039455652,0.0,0.01373,4.0,0.6699999999999999,0.019358421937795356,0.15680845454335213,0.000993164605461061,1.9648492184387578e-05,1.0203842350620107e-05,15329.6785,1.0,14597.37416796875,2.6305898801864956e-05,322.63259455435536,1856.0,1.0,,132,,,,,,,,
1.6637416690000464,0.013776643338253791,0.08247070363722742,0.4165094494819641,0.0,0.0136825,4.0,0.6675,0.027059352054493502,0.15622446406632662,0.008364606939721853,2.0122269006606075e-05,9.602680052012147e-06,15228.618500000002,1.0,14542.302496093751,2.6305898801864956e-05,281.9507120837477,1856.0,1.0,,133,,,,,,,,
1.681975495000188,0.004945395991263979,0.050097656436264515,0.39367368444800377,0.0,0.013635000000000001,4.0,0.665,0.020455453064641915,0.14625756163150072,0.0027600458706729114,1.9270584289188264e-05,8.035643816128868e-06,15346.795000000002,1.0,14527.6345390625,2.6305898801864956e-05,301.5612639433907,1856.0,1.0,,134,,,,,,,,
1.6732622949994038,0.0050913504154337375,0.05295410205144435,0.4158745054155588,0.0,0.013587499999999999,4.0,0.6625,0.0177400790998945,0.15346051566302776,-0.0009771676268428564,2.234866781236633e-05,1.28604609130889e-05,15201.071499999998,1.0,14542.473421875,2.6305898801864956e-05,311.06019785400764,1856.0,1.0,,135,,,,,,,,
1.6621720659995844,0.0040510712038965835,0.05014648486394435,0.4110524356365204,0.0,0.01354,4.0,0.6599999999999999,0.02354901729268022,0.15238879062235355,0.0050504866521805525,2.3767780703565222e-05,1.3751292840424867e-05,15207.531,1.0,14584.99613671875,2.6305898801864956e-05,292.67395624781153,1856.0,1.0,,136,,,,,,,,
1.6542365400000563,0.015962961922078023,0.08430175844114274,0.4124884195625782,1.0,0.013492500000000001,4.0,0.6575,0.024124803298036568,0.1595994159579277,0.005643644311930984,2.4434262400063744e-05,1.5377236138647277e-05,15245.888749999998,1.0,14544.914171875,2.6305898801864956e-05,340.86059509240664,1856.0,1.0,,137,,,,,,,,
1.692064167999888,0.006344404475100873,0.04873046884313226,0.3799313213676214,0.0,0.013445000000000002,4.0,0.655,0.019839994434732944,0.16463763639330864,0.0030480371206067502,2.7718391606867954e-05,1.2342473723947478e-05,15316.168250000002,1.0,14554.29002734375,2.6305898801864956e-05,332.04320313474676,1856.0,1.0,,138,,,,,,,,
1.4538669809999192,0.023663054216285673,0.10854492243379354,0.4727015309035778,1.0,0.013397500000000001,2.0,0.6525000000000001,0.025246888457331806,0.1631390117108822,0.003784824861213565,3.478269127299427e-05,1.8326774238630605e-05,15240.546499999999,1.0,14487.88308984375,2.6305898801864956e-05,355.6544626364902,1856.0,1.0,,139,,,,,,,,
1.8544889739996506,0.0075101284627336895,0.07451171893626451,0.3884465079754591,0.0,0.01335,4.0,0.65,0.02122841622622218,0.161455312743783,0.0039510151400463656,2.3662792500545038e-05,1.627482691901605e-05,15207.950499999999,1.0,14595.98686328125,2.6305898801864956e-05,327.44911490027636,1856.0,1.0,0.7209163308143616,140,15371.28025,15346.5105,15266.759750000001,70000042,15119.470491666665,best_of_k,15346.5105,219.53189826175722
1.7654392459999144,0.009109910157249601,0.08710937527939677,0.45777772553265095,0.0,0.013302500000000002,4.0,0.6475,0.02332854236010462,0.1745377480983734,0.002744213037658483,4.0869565737011726e-05,2.6287251728263072e-05,15301.0225,1.0,14543.991847656249,2.6305898801864956e-05,356.7510539503463,1856.0,1.0,,141,,,,,,,,
1.5276572070006296,0.01927815669773736,0.12167968787252903,0.4699828214943409,1.0,0.013255000000000001,2.0,0.645,0.03132008947432041,0.18171596340835094,0.010156478034332395,0.00022449373682320584,0.00010132862303180445,15305.26325,1.0,14513.948851562498,2.6305898801864956e-05,384.1609093820476,1856.0,1.0,,142,,,,,,,,
1.66914406900014,0.0069666048475127695,0.08049316453980282,0.4252733252942562,0.0,0.0132075,4.0,0.6425000000000001,0.015157358066062443,0.16604026779532433,-0.003966570053307805,0.00019765301601637475,6.694553030683892e-05,15298.80775,1.0,14579.5193359375,2.6305898801864956e-05,356.3096023533133,1856.0,1.0,,143,,,,,,,,
1.6874272079994626,0.010347778720223744,0.08742675837129354,0.4112612009048462,0.0,0.013160000000000002,4.0,0.64,0.021290580334607512,0.16577733121812344,0.0028782692534150556,0.00019059550788824708,2.364172894431249e-05,15265.7585,1.0,14614.33937890625,2.6305898801864956e-05,328.761222631796,1856.0,1.0,,144,,,,,,,,
1.6659010039993518,0.00871724163960863,0.05598144524265081,0.418170727789402,0.0,0.013112500000000001,4.0,0.6375,0.02204296414856799,0.16092340927571058,0.003224752319511026,8.499981697696057e-05,2.2563208517567546e-05,15234.525999999998,1.0,14554.6276015625,2.6305898801864956e-05,377.17330521493585,1856.0,1.0,,145,,,,,,,,
1.6755507259995284,0.011355918152979427,0.07456054724752903,0.3901918586343527,0.0,0.013065,4.0,0.635,0.019540731111192144,0.15528868976980448,0.002048598835244775,3.472493835943169e-05,1.582422839874198e-05,15253.20775,1.0,14581.482718750001,2.6305898801864956e-05,331.79614117686253,1856.0,1.0,,146,,,,,,,,
1.6470692599996255,0.00484192095919056,0.041552734561264515,0.3909905292093754,0.0,0.013017500000000001,4.0,0.6325000000000001,0.017279637686442584,0.15944025665521622,-0.00020203605527058244,2.3455178052245174e-05,1.0630058909555373e-05,15237.551749999999,1.0,14590.3172734375,2.6305898801864956e-05,325.24964136844807,1856.0,1.0,,147,,,,,,,,
1.4565550570005144,0.01507295442826262,0.09438476664945483,0.3827129192650318,1.0,0.01297,2.0,0.63,0.02065381407737732,0.15765680745244026,0.003555475559551269,2.7564734637053334e-05,9.49015941387188e-06,15230.67975,1.0,14599.129917968748,2.6305898801864956e-05,304.49665661017605,1856.0,1.0,,148,,,,,,,,
1.7162835140006791,0.011632237709072513,0.08889160165563226,0.36600571125745773,0.0,0.0129225,4.0,0.6275,0.019521435286151245,0.16128169745206833,0.003290708234999329,3.2454421670990996e-05,2.2717429260410427e-05,15266.0265,1.0,14540.400828124999,2.6305898801864956e-05,372.5754675331622,1856.0,1.0,,149,,,,,,,,
1.6295424240006469,0.014766607465091397,0.07211914099752903,0.4233498387038708,1.0,0.012875000000000001,2.0,0.625,0.02008706412743777,0.16287009604275227,0.0010052758734673262,2.833909661603684e-05,1.6827009062581055e-05,15279.048250000002,1.0,14564.95058203125,2.6305898801864956e-05,335.50677368322135,1856.0,1.0,0.6240065097808838,150,,,,,,,,
1.4491237789998195,0.019239307565314334,0.10107421968132257,0.4343625046312809,1.0,0.0128275,2.0,0.6225,0.022643153788521886,0.15754539147019386,0.002925010456237942,3.691341999001452e-05,3.447831682024116e-05,15277.06425,1.0,14531.116359374999,2.6305898801864956e-05,369.5349953462493,1856.0,1.0,,151,,,,,,,,
1.6704998430004707,0.007246675237496447,0.06450195331126451,0.4144882280379534,0.0,0.01278,4.0,0.62,0.02159969849162735,0.1605528136715293,0.002914418379077688,2.5732253789101378e-05,2.0321270653766987e-05,15373.80025,1.0,14604.876007812498,2.6305898801864956e-05,308.8063311277664,1856.0,1.0,,152,,,,,,,,
1.6436784019997503,0.01394945471509601,0.08859863271936774,0.39554367773234844,1.0,0.0127325,4.0,0.6174999999999999,0.021879012652789243,0.15806159283965826,0.004096904391190037,5.503187480826455e-05,2.3877752141743258e-05,15191.512999999999,1.0,14586.65656640625,2.6305898801864956e-05,338.8562887237438,1856.0,1.0,,153,,,,,,,,
1.6931606999996802,0.005783524839181098,0.04765625006984919,0.3982163928449154,0.0,0.012685,4.0,0.615,0.019083637147559784,0.1612932961434126,0.0012097058061044663,2.818288487560494e-05,1.2596791918895178e-05,15410.880249999998,1.0,14618.39686328125,2.6305898801864956e-05,323.1300341182955,1856.0,1.0,,154,,,,,,,,
1.641459367000607,0.004710613316305512,0.048559570452198386,0.39562583342194557,0.0,0.0126375,4.0,0.6125,0.016160010403837077,0.1456008916720748,-0.0017896699137054384,2.273467941904528e-05,1.2291111261220067e-05,15309.280250000002,1.0,14601.397652343752,2.6305898801864956e-05,348.20560654697886,1856.0,1.0,,155,,,,,,,,
1.552948952999941,0.016094105681522326,0.08645833407839139,0.3655942926804225,1.0,0.01259,3.0,0.61,0.016912637123217184,0.143112995972236,0.00042127969209104776,5.32214182082195e-05,1.622577049905279e-05,15353.48025,1.0,14610.71626953125,2.6305898801864956e-05,339.4906657848886,1856.0,1.0,,156,,,,,,,,
1.7251692540003205,0.0076486547145862005,0.05749511765316129,0.38184032775461674,0.0,0.012542500000000002,4.0,0.6074999999999999,0.020314048539148644,0.14937920216470957,0.0030702734075021,0.00016245156507466163,1.8202832677616243e-05,15245.687750000001,1.0,14558.675773437499,2.6305898801864956e-05,316.6210870002782,1856.0,1.0,,157,,,,,,,,
1.6879301079998186,0.005708258363537055,0.05056152353063226,0.3603349085897207,0.0,0.012495,4.0,0.605,0.017396200506482273,0.13864432694390416,0.0010374217526987195,0.000673436766192026,1.4098087149250205e-05,15215.399749999999,1.0,14610.83378515625,2.6305898801864956e-05,311.681475788111,1856.0,1.0,,158,,,,,,,,
1.639506614000311,0.005163841327675556,0.04819335963111371,0.33926990255713463,0.0,0.0124475,4.0,0.6025,0.009229418763425201,0.13776102801784873,-0.006107457622420043,0.0008031894894884317,1.568792305306488e-05,15225.8905,1.0,14678.061007812501,2.6305898801864956e-05,289.40887542743036,1856.0,1.0,,159,,,,,,,,
1.8144513369998094,0.004992010346970943,0.04670410184189677,0.3449427839368582,0.0,0.012400000000000001,4.0,0.6,0.011251404444919899,0.13772364798933268,-0.004368189751403406,0.0006948048181811828,2.1496692511391302e-05,15286.742750000001,1.0,14633.00594921875,2.6305898801864956e-05,346.0635546565061,1856.0,1.0,0.5890163779258728,160,15410.880249999998,15329.03225,15191.59175,70000042,15125.005091666662,best_of_k,15329.03225,141.76006396692296
1.755970963999971,0.015235941430933764,0.08852539060171694,0.37174923345446587,1.0,0.012352499999999999,4.0,0.5974999999999999,0.018798386037815362,0.14870168641209602,0.0019730032072402537,0.0006889392457196664,1.1728996867077512e-05,15248.6865,1.0,14625.3153515625,2.6305898801864956e-05,308.7058954994929,1856.0,1.0,,161,,,,,,,,
1.6664008299994748,0.00671792157794826,0.0547363287769258,0.3629744276404381,0.0,0.012305,4.0,0.595,0.018835428803868126,0.1461206590756774,0.002447296865284443,0.0003165656863757249,1.1535257272043964e-05,15232.300999999998,1.0,14589.84656640625,2.6305898801864956e-05,309.0311226683307,1856.0,1.0,,162,,,,,,,,
1.6771548579999944,0.004888259654077132,0.04777832026593387,0.35471934266388416,0.0,0.012257500000000001,4.0,0.5925,0.016100831926451065,0.14250630512833595,7.488258415833116e-05,0.0003022994987986749,1.3044655759131274e-05,15346.66175,1.0,14616.945050781249,2.6305898801864956e-05,319.334307925595,1856.0,1.0,,163,,,,,,,,
1.6996667069997784,0.0050630259557600255,0.04580078140133992,0.3707793988287449,0.0,0.012210000000000002,4.0,0.5900000000000001,0.017714473156956956,0.14071526657789946,0.0008723198407096788,0.00015252282321398525,1.2128679884426674e-05,15274.64775,1.0,14617.1248515625,2.6305898801864956e-05,280.257033509478,1856.0,1.0,,164,,,,,,,,
1.530974540999523,0.01100572113797682,0.06002604266783843,0.35662486404180527,1.0,0.012162500000000001,3.0,0.5875,0.024408605240751058,0.13841249917944273,0.008243321906775236,0.00010815220700048182,1.3332065994594208e-05,15226.423750000002,1.0,14603.53609765625,2.6305898801864956e-05,304.9092434208542,1856.0,1.0,,165,,,,,,,,
1.6691941939998287,0.010833642232299212,0.08022460935171694,0.3652942627668381,0.0,0.012115,4.0,0.585,0.014173556206515059,0.1322798067703843,-0.002502722854842432,7.881169210577355e-05,1.2508616407558293e-05,15342.28025,1.0,14616.115492187499,2.6305898801864956e-05,351.1980724785993,1856.0,1.0,,166,,,,,,,,
1.522626900999967,0.014218979582352631,0.07408854210128386,0.355351818104585,1.0,0.0120675,3.0,0.5825,0.020244979784668733,0.1299753493318955,0.004036556230857968,4.488207938872316e-05,9.643816383686499e-06,15348.400250000002,1.0,14589.270046875,2.6305898801864956e-05,312.65033631115523,1856.0,1.0,,167,,,,,,,,
1.6752092010001434,0.011397978612496473,0.07619628962129354,0.36863012611866,0.0,0.012020000000000001,4.0,0.5800000000000001,0.020741213927976787,0.1360321929678321,0.003934404288884252,3.3241880714740546e-05,1.4172531848544168e-05,15241.231,1.0,14579.254164062499,2.6305898801864956e-05,342.2306330487978,1856.0,1.0,,168,,,,,,,,
1.709234034000474,0.010877165346993678,0.0808837889926508,0.39229931868612766,0.0,0.0119725,4.0,0.5775,0.020090171994525008,0.14459769520908594,0.002194736065575853,3.5047562619183736e-05,1.6322132069035433e-05,15294.61625,1.0,14522.2305234375,2.6305898801864956e-05,341.9783634499266,1856.0,1.0,,169,,,,,,,,
1.839306378999936,0.006046645829066222,0.06540527404285967,0.3820334244519472,0.0,0.011925000000000002,4.0,0.575,0.018839582371583674,0.1440203469246626,0.001445010188035667,4.44194903366224e-05,1.1800805395978387e-05,15228.88825,1.0,14604.33030859375,2.6305898801864956e-05,325.752507032784,1856.0,1.0,0.6938818097114563,170,,,,,,,,
1.6624032789995908,0.008915907572976778,0.07614746107719839,0.37602788396179676,0.0,0.011877500000000001,4.0,0.5725,0.01976304189884104,0.1365834423340857,0.002571285585872829,7.432268910179118e-05,1.039852980966316e-05,15326.55225,1.0,14643.47521484375,2.6305898801864956e-05,327.5553234811482,1856.0,1.0,,171,,,,,,,,
1.6926021210001636,0.0060285150583396785,0.053515625186264515,0.36889954283833504,0.0,0.01183,4.0,0.5700000000000001,0.017820597917307168,0.14099066518247128,0.0009677893394837156,0.0005714660474041011,3.720740960488911e-05,15291.686500000002,1.0,14599.0932421875,2.6305898801864956e-05,293.8672652723078,1856.0,1.0,,172,,,,,,,,
1.6674650749991997,0.015501269733171341,0.10402832087129354,0.36953645944595337,1.0,0.011782500000000001,4.0,0.5675,0.018011959458817728,0.15107132494449615,0.0012287848512642086,0.0005356384631340916,6.557175163379725e-05,15355.328249999999,1.0,14448.8921640625,2.6305898801864956e-05,332.78857479400955,1856.0,1.0,,173,,,,,,,,
1.6815437549994385,0.013195260349792903,0.1007080078125,0.3729447089135647,1.0,0.011735,4.0,0.565,0.016993008684949018,0.1449119383469224,1.702108420431614e-05,0.00016388060328154097,2.5809940609633486e-05,15204.6745,1.0,14525.732640625,2.6305898801864956e-05,344.85571515990154,1856.0,1.0,,174,,,,,,,,
1.4566844030005086,0.013377703422662535,0.09287109412252903,0.36694061756134033,1.0,0.0116875,2.0,0.5625,0.013936609393567778,0.1521588396281004,-0.0026649217179510742,0.0002382600446253491,1.805810666155594e-05,15171.32775,1.0,14462.85330078125,2.6305898801864956e-05,309.0506878407147,1856.0,1.0,,175,,,,,,,,
1.6068020570000954,0.012108278718367652,0.0673177083954215,0.35265202323595685,1.0,0.011640000000000001,3.0,0.56,0.03178321593441069,0.1407860970745484,0.015755330057193834,0.0002882490290782395,1.0420272550012063e-05,15116.61575,1.0,14478.4418046875,2.6305898801864956e-05,313.0590414408258,1856.0,1.0,,176,,,,,,,,
1.577490726999713,0.018144011692011002,0.08548177095750968,0.3693287918965022,1.0,0.0115925,3.0,0.5575,0.02110930528336515,0.15140778695543608,0.004375406405112396,0.0001305538859620962,1.919682381412713e-05,15183.68025,1.0,14484.1270625,2.6305898801864956e-05,347.5962112107361,1856.0,1.0,,177,,,,,,,,
1.3737863690002996,0.02320291579917466,0.0791015625,0.37059785425662994,1.0,0.011545,1.0,0.5549999999999999,0.014393204357475042,0.14439162239432335,-0.002485622651875019,0.00010504572674108204,1.0858993846341036e-05,15323.876,1.0,14540.0768125,2.6305898801864956e-05,316.6246669906031,1856.0,1.0,,178,,,,,,,,
1.6945327269995687,0.010003449691080135,0.06362304696813226,0.37105791456997395,0.0,0.0114975,4.0,0.5525,0.021442998724523932,0.14498876221477985,0.004544191877357662,7.792196981881716e-05,1.0254438564061275e-05,15258.88025,1.0,14604.459503906251,2.6305898801864956e-05,301.73278773293873,1856.0,1.0,,179,,,,,,,,
1.831670626000232,0.008305202213758633,0.07487792964093387,0.3662287350744009,0.0,0.01145,4.0,0.55,0.017718342278385535,0.14396339002996683,0.001045698532834649,4.925978737446712e-05,9.323475126166159e-06,15294.64825,1.0,14606.4171171875,2.6305898801864956e-05,311.9257536243727,1856.0,1.0,0.61384117603302,180,15410.880249999998,15341.32025,15069.23975,70000042,15110.788808333333,best_of_k,15341.32025,124.9142046982428
1.797358255999825,0.010530536079272679,0.08884277427569032,0.3692163657397032,0.0,0.011402500000000001,4.0,0.5475,0.015118545503355563,0.14749226160347462,-0.00166861352045089,3.452219868904649e-05,9.33543310566165e-06,15322.624249999999,1.0,14588.982417968751,2.6305898801864956e-05,308.31056495948485,1856.0,1.0,,181,,,,,,,,
1.6540573949996542,0.008885937104764707,0.08256835991051048,0.36732122115790844,0.0,0.011355,4.0,0.5449999999999999,0.013739424728555605,0.1445147693157196,-0.002995117421960458,3.7868574395361065e-05,1.1318502117774187e-05,15411.072250000001,1.0,14612.879710937501,2.6305898801864956e-05,314.7693872988642,1856.0,1.0,,182,,,,,,,,
1.6996148409998568,0.006709235530987456,0.0591552744153887,0.36731839925050735,0.0,0.0113075,4.0,0.5425,0.018700050299230497,0.15210552047938108,0.00203724397579208,4.53442355592415e-05,2.4571391008976207e-05,15407.12025,1.0,14499.41259375,2.6305898801864956e-05,402.4997320499827,1856.0,1.0,,183,,,,,,,,
1.671124346000397,0.008295305772765715,0.05769042979227379,0.3609912432730198,0.0,0.011260000000000001,4.0,0.54,0.020571874796587508,0.13831461872905493,0.004071096540428698,3.2049108654064185e-05,1.0869140851355041e-05,15352.06425,1.0,14609.6400546875,2.6305898801864956e-05,327.8989063586432,1856.0,1.0,,184,,,,,,,,
1.6797929279991877,0.006410996003200609,0.07407226611394435,0.36283994652330875,0.0,0.0112125,4.0,0.5375,0.011152493985719047,0.14723350200802088,-0.005354437787900679,3.9473609376727836e-05,2.3685112410021247e-05,15273.76875,1.0,14497.557765624999,2.6305898801864956e-05,406.546960648344,1856.0,1.0,,185,,,,,,,,
1.663654831999338,0.007163958484579069,0.06608886714093387,0.3796197324991226,0.0,0.011165,4.0,0.5349999999999999,0.013668832601979375,0.14658949617296457,-0.0036875692603643984,3.154082935452607e-05,1.7866776943264995e-05,15275.78225,1.0,14504.05677734375,2.6305898801864956e-05,357.0081424625342,1856.0,1.0,,186,,,,,,,,
1.694697337999969,0.01138375158133087,0.09040527348406613,0.3718167431652546,0.0,0.0111175,4.0,0.5325,0.021103940009197686,0.14699901081621647,0.0041385906515643,2.3445293322765792e-05,1.2856988689691207e-05,15192.08425,1.0,14596.73050390625,2.6305898801864956e-05,333.5169648464612,1856.0,1.0,,187,,,,,,,,
1.6597432400003527,0.005229178119737554,0.05288085958454758,0.38308506086468697,0.0,0.011070000000000002,4.0,0.53,0.01595266976801213,0.14835829194635153,-0.0015690781874582171,2.405092510571194e-05,1.4830564396106638e-05,15230.790500000001,1.0,14640.1607265625,2.6305898801864956e-05,281.7021217651331,1856.0,1.0,,188,,,,,,,,
1.651631785999598,0.0064343275593117255,0.06469726585783064,0.3498847521841526,0.0,0.011022500000000001,4.0,0.5275000000000001,0.019672156777232885,0.15186423435807228,0.003842820005957037,2.3558983684779378e-05,1.3332537321275595e-05,15290.86425,1.0,14598.0945390625,2.6305898801864956e-05,316.3215352754287,1856.0,1.0,,189,,,,,,,,
1.8133421100001215,0.0046853457896176565,0.048632812686264515,0.35982810892164707,0.0,0.010975,4.0,0.525,0.018034582026302814,0.14868590328842402,0.0016672030906192958,2.471830407557718e-05,1.0658102951310866e-05,15254.894500000002,1.0,14589.85616015625,2.6305898801864956e-05,345.351300946724,1856.0,1.0,0.6248289942741394,190,,,,,,,,
1.6501968599995962,0.005225915494641242,0.05812988360412419,0.34736913815140724,0.0,0.010927500000000001,4.0,0.5225,0.01590421551372856,0.1507087303325534,0.0001728188362903893,2.4863258545337885e-05,1.4646622162217682e-05,15209.390500000001,1.0,14555.3099296875,2.6305898801864956e-05,348.4136422583724,1856.0,1.0,,191,,,,,,,,
1.6781956200002242,0.008686716581955523,0.06806640629656613,0.3694832418113947,0.0,0.01088,4.0,0.52,0.016899678041227162,0.15420505683869123,9.458677959628403e-05,2.3661934505980753e-05,1.2629106606709684e-05,15273.640250000002,1.0,14571.68461328125,2.6305898801864956e-05,333.5319986130804,1856.0,1.0,,192,,,,,,,,
1.7005680110005414,0.0066328418670309475,0.0647460938198492,0.37867570854723454,0.0,0.0108325,4.0,0.5175000000000001,0.020512841460003983,0.15281650703400373,0.0032247737690340728,2.2593203084397828e-05,1.4814064400070492e-05,15222.42375,1.0,14571.432941406249,2.6305898801864956e-05,304.1715961264379,1856.0,1.0,,193,,,,,,,,
1.6349901610001325,0.007889810235909067,0.050610351958312094,0.38530581444501877,0.0,0.010785000000000001,4.0,0.515,0.011281389830401167,0.1494063874706626,-0.0063796708709560335,1.9064276443714334e-05,1.0422034108614753e-05,15269.30325,1.0,14568.1345,2.6305898801864956e-05,325.644185554823,1856.0,1.0,,194,,,,,,,,
1.630034670999521,0.006865758673910705,0.06638183631002903,0.3868934791535139,0.0,0.0107375,4.0,0.5125,0.02440570469480008,0.14998761285096407,0.006663134932750836,2.3917468638501305e-05,1.1991515862064261e-05,15291.49625,1.0,14575.495171875002,2.6305898801864956e-05,343.54844507574575,1856.0,1.0,,195,,,,,,,,
1.7471953800004485,0.010240075623734413,0.09167480445466936,0.3765400256961584,0.0,0.010690000000000002,4.0,0.51,0.01736412964964984,0.15247805509716272,0.00016087497351691127,1.9013684891433513e-05,8.683329156156105e-06,15247.095749999999,1.0,14623.90559765625,2.6305898801864956e-05,327.46355618794763,1856.0,1.0,,196,,,,,,,,
1.6937051689992586,0.008882171681946716,0.06826171884313226,0.36106590554118156,0.0,0.010642500000000001,4.0,0.5075000000000001,0.017380576609866694,0.14660867769271135,0.0008814570610411465,1.6448946439595602e-05,8.92301306976151e-06,15223.416749999999,1.0,14605.277835937499,2.6305898801864956e-05,299.368382737727,1856.0,1.0,,197,,,,,,,,
1.6882503660008297,0.009108154049648931,0.06647949235048145,0.3571159727871418,0.0,0.010595,4.0,0.505,0.019854860904160887,0.1480038221925497,0.0035612895735539496,1.810315154671116e-05,8.126262400764972e-06,15341.39225,1.0,14576.42710546875,2.6305898801864956e-05,321.6587425866935,1856.0,1.0,,198,,,,,,,,
1.7391338110001016,0.008364167867526362,0.06254882924258709,0.3417963720858097,0.0,0.010547500000000001,4.0,0.5025,0.017175770190078765,0.14609361067414284,0.0016163914697244763,3.766734232613089e-05,1.3430807769054809e-05,15285.182499999999,1.0,14612.3464609375,2.6305898801864956e-05,346.409988141846,1856.0,1.0,,199,,,,,,,,
1.8201240910002525,0.0045293448458672,0.05329589871689677,0.3409209717065096,0.0,0.0105,4.0,0.5,0.01474953784054378,0.1491780038923025,-0.0007475127349607646,9.435687184122798e-05,1.5870793333760957e-05,15165.463749999999,1.0,14553.44780859375,2.6305898801864956e-05,328.1766339421994,1856.0,1.0,0.6593770980834961,200,15411.072250000001,15305.01575,15150.654,70000042,15129.311375,best_of_k,15305.01575,176.20887658476713
1.7680500810001831,0.009007887627834776,0.08227539155632257,0.3397635854780674,0.0,0.010452500000000002,4.0,0.49750000000000005,0.019238435867009684,0.1480247899889946,0.003753070835955441,0.0003714621544759211,1.4537111439949513e-05,15280.662499999999,1.0,14608.430832031248,2.6305898801864956e-05,313.06064016257943,1856.0,1.0,,201,,,,,,,,
1.6921090979994915,0.007717161263339989,0.08742675837129354,0.35009617544710636,0.0,0.010405000000000001,4.0,0.495,0.011405518729588948,0.14803300239145756,-0.004575288574415026,9.50568285134068e-05,1.3550156211294961e-05,15233.458,1.0,14569.34972265625,2.6305898801864956e-05,316.9100886845278,1856.0,1.0,,202,,,,,,,,
1.7544538299998749,0.0049231782795367,0.06369628966785967,0.33182805217802525,0.0,0.010357500000000002,4.0,0.49250000000000005,0.01523187116254121,0.1476429793983698,0.00016210362082347274,3.3880439559652586e-05,8.37655744589938e-06,15247.434499999998,1.0,14589.572855468748,2.6305898801864956e-05,332.148641847902,1856.0,1.0,,203,,,,,,,,
1.6903051379995304,0.007471713019977955,0.07768554706126451,0.35892873629927635,0.0,0.01031,4.0,0.49,0.011687511119816918,0.14366769418120384,-0.004784032003954053,1.9729417090275092e-05,8.693812844740023e-06,15245.9545,1.0,14613.5264140625,2.6305898801864956e-05,294.57988476644186,1856.0,1.0,,204,,,,,,,,
1.682093358000202,0.006948519137150555,0.048876953311264515,0.340970229357481,0.0,0.0102625,4.0,0.48750000000000004,0.01930622640065849,0.1446822639554739,0.0037355145323090255,2.9120209546817932e-05,8.180584103456567e-06,15356.198499999999,1.0,14596.997011718751,2.6305898801864956e-05,302.0733824223719,1856.0,1.0,,205,,,,,,,,
1.6394305690000692,0.007239766771714784,0.07473144517280161,0.3096019830554724,0.0,0.010215,4.0,0.485,0.01777818069967907,0.14756784681230783,0.0037984933151165023,2.7825068855236168e-05,8.421564700711315e-06,15290.428,1.0,14607.157863281249,2.6305898801864956e-05,330.0979899826383,1856.0,1.0,,206,,,,,,,,
1.683357892999993,0.007521348696005958,0.06992187560535967,0.3039651717990637,0.0,0.010167500000000001,4.0,0.48250000000000004,0.02155124131240882,0.13753226958215237,0.007746242918074131,1.5595642196331028e-05,7.078381969449765e-06,15294.431750000002,1.0,14639.299148437502,2.6305898801864956e-05,302.4446156497076,1856.0,1.0,,207,,,,,,,,
1.6831631380000545,0.008896082840919917,0.09543457045219839,0.3364342004060745,0.0,0.01012,4.0,0.48,0.017106853367295116,0.15078832302242517,0.0018010041094385087,2.7211802034798893e-05,1.4791325725127535e-05,15277.414499999999,1.0,14593.4708125,2.6305898801864956e-05,348.7419584904907,1856.0,1.0,,208,,,,,,,,
1.6534547239998574,0.004656009950153361,0.046728515764698386,0.31489517726004124,0.0,0.010072500000000002,4.0,0.47750000000000004,0.00988045142730698,0.14802066795527935,-0.004383621329907328,2.428768664231029e-05,1.5644869165498676e-05,15326.470500000001,1.0,14575.59257421875,2.6305898801864956e-05,367.9666624274743,1856.0,1.0,,209,,,,,,,,
1.8547297610002715,0.007056295823993253,0.060302735306322575,0.3349486906081438,0.0,0.010025000000000001,4.0,0.475,0.017962079407880083,0.14323701243847609,0.0026428537094034255,1.9056230257774587e-05,1.1671522543110768e-05,15210.57575,1.0,14571.01055078125,2.6305898801864956e-05,307.60295329952237,1856.0,1.0,0.7480922341346741,210,,,,,,,,
1.6525297469997895,0.009058659609440411,0.08234863309189677,0.37914680130779743,0.0,0.009977500000000002,4.0,0.47250000000000003,0.017115231428761035,0.1425069347023964,-0.00042860006215050817,2.4602988673905202e-05,1.1788619190156169e-05,15318.3135,1.0,14600.1366328125,2.6305898801864956e-05,338.9314423164847,1856.0,1.0,,211,,,,,,,,
1.6289255540004888,0.006351647988772413,0.06892089871689677,0.3181033320724964,0.0,0.00993,4.0,0.47,0.01002773676009383,0.13947728089988232,-0.004497756366617978,1.4112694714185636e-05,7.848324941051033e-06,15258.9345,1.0,14626.4909140625,2.6305898801864956e-05,295.04096631149037,1856.0,1.0,,212,,,,,,,,
1.6807935460001318,0.011800909673489457,0.09299316443502903,0.31624986231327057,0.0,0.0098825,4.0,0.4675,0.022982365626376122,0.14149604458361864,0.00856072863098234,2.088065230054781e-05,1.0780383774999791e-05,15193.062,1.0,14573.12737109375,2.6305898801864956e-05,339.5863945579435,1856.0,1.0,,213,,,,,,,,
1.6579225240002415,0.007368367720854252,0.07075195340439677,0.32909854501485825,0.0,0.009835,4.0,0.46499999999999997,0.01672303391387686,0.13685970101505518,0.0016052448263508268,2.017409974541806e-05,1.3718544209950778e-05,15210.0545,1.0,14601.193039062498,2.6305898801864956e-05,318.5923172882179,1856.0,1.0,,214,,,,,,,,
1.7021943679992546,0.014492594987295604,0.09045410226099193,0.31135087087750435,1.0,0.009787500000000001,4.0,0.4625,0.0154077097249683,0.14162239199504256,0.0012173786526545882,2.153253331016458e-05,1.3523875793453044e-05,15324.791749999999,1.0,14574.66184375,2.6305898801864956e-05,356.13048932218976,1856.0,1.0,,215,,,,,,,,
1.751843189000283,0.013484474739563268,0.09221191378310323,0.3404360171407461,0.0,0.00974,4.0,0.45999999999999996,0.021750472355051897,0.1331396591849625,0.00601797949639149,1.7547073809964786e-05,1.1434168754931306e-05,15266.721000000001,1.0,14548.833070312501,2.6305898801864956e-05,344.24710573049583,1856.0,1.0,,216,,,,,,,,
1.7014872420004394,0.007684757361399619,0.04506835946813226,0.35983594320714474,0.0,0.009692500000000001,4.0,0.4575,0.015932964626699686,0.1296897791326046,-0.000813082093372941,2.6538351903582225e-05,1.722729325592809e-05,15224.616250000001,1.0,14585.27361328125,2.6305898801864956e-05,317.5500347516979,1856.0,1.0,,217,,,,,,,,
1.447026953999739,0.012320015228439729,0.05986328166909516,0.35971973463892937,1.0,0.009644999999999999,2.0,0.45499999999999996,0.016492439957801253,0.12228307221084833,-0.0003199345665052533,1.586521909757721e-05,8.44017586132395e-06,15293.9185,1.0,14577.24796875,2.6305898801864956e-05,319.9481743738525,1856.0,1.0,,218,,,,,,,,
1.7707830640001703,0.007636306000147641,0.05119628907414153,0.3039048444479704,0.0,0.0095975,4.0,0.4525,0.013076975381409284,0.11942327534779906,-0.0009821242711041123,2.2735394168194034e-05,1.5497871800107532e-05,15292.615749999999,1.0,14583.62986328125,2.6305898801864956e-05,361.0681107391487,1856.0,1.0,,219,,,,,,,,
1.8583388589995593,0.007041003422244785,0.05473632842767984,0.3076219204813242,0.0,0.00955,4.0,0.44999999999999996,0.01653121958952397,0.1209254958666861,0.0022975096362642944,2.0620237251023354e-05,1.0780179877656337e-05,15328.67225,1.0,14626.67380859375,2.6305898801864956e-05,339.4808329086446,1856.0,1.0,0.5790260434150696,220,15411.072250000001,15371.608250000001,15248.66375,70000042,15150.098525,best_of_k,15371.608250000001,130.82960386385142
1.799961591000283,0.0044053920614963715,0.04133300809189677,0.33004545606672764,0.0,0.0095025,4.0,0.4475,0.01678979830467142,0.12095858994871378,0.0014315812732093036,1.5444467408087803e-05,7.616191595616328e-06,15261.81575,1.0,14636.30122265625,2.6305898801864956e-05,321.7881106535641,1856.0,1.0,,221,,,,,,,,
1.6908039579993783,0.005652582752421864,0.05541992199141532,0.28101806715130806,0.0,0.009455,4.0,0.44499999999999995,0.005992746242554858,0.11587108252570033,-0.006970492273126183,2.2937515382182028e-05,1.1205582609363773e-05,15386.96025,1.0,14664.22411328125,2.6305898801864956e-05,359.88102572270515,1856.0,1.0,,222,,,,,,,,
1.6835252290002245,0.006703005119348404,0.05808105459436774,0.2958631794899702,0.0,0.009407500000000001,4.0,0.4425,0.01859916083049029,0.11875935876742005,0.004915688274195418,1.8672138935471594e-05,1.13496408289393e-05,15336.695749999999,1.0,14628.46300390625,2.6305898801864956e-05,308.19729972798274,1856.0,1.0,,223,,,,,,,,
1.6618618920001609,0.003840515096586117,0.041479492239886895,0.3205445781350136,0.0,0.00936,4.0,0.43999999999999995,0.017317698802798986,0.11533151427283883,0.002364796819165349,1.49795078527859e-05,7.354530936254378e-06,15264.45575,1.0,14640.11788671875,2.6305898801864956e-05,314.46069495802516,1856.0,1.0,,224,,,,,,,,
1.7207128909994935,0.005447339208458857,0.051245117327198386,0.2790534310042858,0.0,0.009312500000000001,4.0,0.4375,0.014389039628440514,0.1135067637078464,0.0014889457379467785,1.1841969239867467e-05,6.539646363989959e-06,15347.49575,1.0,14687.810964843751,2.6305898801864956e-05,305.1198577370767,1856.0,1.0,,225,,,,,,,,
1.653382292999595,0.01097473198892196,0.0672851565759629,0.28239575400948524,0.0,0.009265000000000002,4.0,0.43500000000000005,0.014283294673077762,0.10599306784570217,0.0011413295287638903,1.1920615918370459e-05,6.01972948288676e-06,15280.646499999999,1.0,14673.008164062501,2.6305898801864956e-05,319.8477670284815,1856.0,1.0,,226,,,,,,,,
1.4986488660006216,0.01737441144216234,0.05644531361758709,0.3091904893517494,1.0,0.0092175,2.0,0.4325,0.014273234904976562,0.1117133442312479,-0.00016737577971071005,2.52947488661448e-05,1.6548715507269662e-05,15355.89575,1.0,14629.3448046875,2.6305898801864956e-05,349.2043660298862,1856.0,1.0,,227,,,,,,,,
1.6860408590000588,0.003611274847203916,0.04147949238540605,0.26077213790267706,0.0,0.009170000000000001,4.0,0.43000000000000005,0.011905791179742664,0.10805902117863297,-0.00014735001605004072,1.5120387274691893e-05,7.84748033311189e-06,15395.703749999999,1.0,14670.0405546875,2.6305898801864956e-05,333.6823490235027,1856.0,1.0,,228,,,,,,,,
1.6664603749995877,0.005307332413329036,0.05507812509313226,0.2596423998475075,0.0,0.0091225,4.0,0.4275,0.010639091608027229,0.10620230808854103,-0.0013803634064970538,1.6199726644572365e-05,9.091073195577337e-06,15285.9185,1.0,14666.14828125,2.6305898801864956e-05,317.1390495377139,1856.0,1.0,,229,,,,,,,,
1.7946838870002466,0.005463047106346153,0.037597656322759576,0.28566073440015316,0.0,0.009075000000000001,4.0,0.42500000000000004,0.012206115410663188,0.10459334403276443,-0.0011323246289975941,1.268308398039153e-05,6.638773271561149e-06,15261.81575,1.0,14641.44078125,2.6305898801864956e-05,282.93249439685087,1856.0,1.0,0.503075361251831,230,,,,,,,,
1.6881132419994174,0.013627290717323604,0.08894043043255806,0.29818821139633656,0.0,0.0090275,4.0,0.4225,0.021010702766943723,0.11243883334100246,0.007110241451300681,1.5438507602993923e-05,9.09625896383659e-06,15363.91175,1.0,14661.72283203125,2.6305898801864956e-05,266.65645432544477,1856.0,1.0,,231,,,,,,,,
1.67347626100036,0.004365291981915931,0.05024414090439677,0.2805538345128298,0.0,0.008980000000000002,4.0,0.42000000000000004,0.0122643489157781,0.10313527472317219,-0.0008419424411840737,1.5236644117067044e-05,6.459013036419492e-06,15275.54375,1.0,14626.853734375,2.6305898801864956e-05,337.0257459592696,1856.0,1.0,,232,,,,,,,,
1.680795092000153,0.00708577435426605,0.050927734933793545,0.28324428759515285,0.0,0.008932500000000001,4.0,0.4175,0.011298462111881236,0.09983530407771468,-0.0019772789673879743,1.8199535702478897e-05,6.9707690499853925e-06,15351.06425,1.0,14646.18846875,2.6305898801864956e-05,311.9910927121786,1856.0,1.0,,233,,,,,,,,
1.7231411259999732,0.004166686466254177,0.03835449228063226,0.31581915356218815,0.0,0.008885,4.0,0.41500000000000004,0.01337982220138656,0.10420174803584814,-0.0014931948971934617,2.5840752755357244e-05,1.0613417032345751e-05,15364.903,1.0,14642.81919140625,2.6305898801864956e-05,300.7775665677633,1856.0,1.0,,234,,,,,,,,
1.6725813990005918,0.008062379039962764,0.05607910151593387,0.3164242245256901,0.0,0.0088375,4.0,0.4125,0.014995154800999444,0.10401406325399876,8.443972910754383e-05,3.1432680998477736e-05,1.1168253138293949e-05,15228.55175,1.0,14633.936464843748,2.6305898801864956e-05,334.0590437284018,1856.0,1.0,,235,,,,,,,,
1.7222823550000612,0.004862118469738164,0.05478515615686774,0.2650676351040602,0.0,0.008790000000000001,4.0,0.41000000000000003,0.013266173104057088,0.10459670750424266,0.0009278781799366698,1.2448794677766273e-05,6.1452500972336566e-06,15233.54375,1.0,14658.415687499999,2.6305898801864956e-05,273.00414426870293,1856.0,1.0,,236,,,,,,,,
1.6852946829994835,0.004077636874651347,0.03132324219041038,0.2879059389233589,0.0,0.0087425,4.0,0.4075,0.013700227020308375,0.10282871965318918,0.00019900122424587607,1.4433738670049934e-05,6.931626984396644e-06,15252.4265,1.0,14666.77904296875,2.6305898801864956e-05,310.0590769913878,1856.0,1.0,,237,,,,,,,,
1.6733695890006857,0.007167938000968377,0.060595703369472176,0.28406842425465584,0.0,0.008695000000000001,4.0,0.405,0.014905923133483157,0.10845181159675121,0.0016415288555435836,1.1148774774483172e-05,5.694004073575343e-06,15233.54375,1.0,14667.342499999999,2.6305898801864956e-05,292.3291776632192,1856.0,1.0,,238,,,,,,,,
1.6565533450002476,0.002773525420575851,0.0338134765625,0.2676736656576395,0.0,0.0086475,4.0,0.40249999999999997,0.013492116529960185,0.1064069508574903,0.0010241689160466194,1.170945995454531e-05,6.494886577002035e-06,15272.3465,1.0,14636.399875,2.6305898801864956e-05,318.0793958441877,1856.0,1.0,,239,,,,,,,,
1.8146692089994758,0.003935756436415971,0.03747558640316129,0.262051897123456,0.0,0.008600000000000002,4.0,0.4,0.00908579154202016,0.09868985321372747,-0.003173122269799933,2.206759734235675e-05,5.688997561037468e-06,15259.8545,1.0,14629.378921874999,2.6305898801864956e-05,312.3962388271681,1856.0,1.0,0.5800901055335999,240,15411.072250000001,15358.67225,15261.81575,70000042,15213.236708333332,best_of_k,15358.67225,72.69353190770853
1.7797556850000547,0.008082789844312543,0.06547851604409516,0.24162065517157316,0.0,0.0085525,4.0,0.39749999999999996,0.019655398893519305,0.09504640847444534,0.008379022096050903,2.5176479880428815e-05,1.1420326018196647e-05,15275.54375,1.0,14673.33969140625,2.6305898801864956e-05,317.6850927609583,1856.0,1.0,,241,,,,,,,,
1.6945191169997997,0.010813499006022909,0.07468261732719839,0.2609629537910223,0.0,0.008505,4.0,0.395,0.01513929120847024,0.09433862520381808,0.0028876953874714673,2.5819396398674144e-05,6.4311040546272125e-06,15268.13575,1.0,14650.46262109375,2.6305898801864956e-05,297.05049805893043,1856.0,1.0,,242,,,,,,,,
1.6723361150006895,0.003985193243375207,0.04523925797548145,0.2617044523358345,0.0,0.0084575,4.0,0.39249999999999996,0.01373178845460643,0.09486691653728485,0.0014436924393521622,2.0968085891581723e-05,6.2281104931116715e-06,15237.066499999999,1.0,14622.902546875,2.6305898801864956e-05,302.5452024378342,1856.0,1.0,,243,,,,,,,,
1.6686839779995353,0.0070937670950126375,0.061669921735301614,0.24476082623004913,0.0,0.00841,4.0,0.39,0.011334381735650823,0.09802864165976644,-8.351594442501664e-05,1.1280424644155573e-05,6.296218828083511e-06,15352.01625,1.0,14666.03748828125,2.6305898801864956e-05,293.96728657664835,1856.0,1.0,,244,,,,,,,,
1.6939007020000645,0.004422451743492317,0.03847656270954758,0.2389104003086686,0.0,0.0083625,4.0,0.38749999999999996,0.013546921778470278,0.09687031526118517,0.002403687103651464,1.7147646303783404e-05,1.2154859632573789e-05,15388.520250000001,1.0,14660.40587109375,2.6305898801864956e-05,348.6602655536663,1856.0,1.0,,245,,,,,,,,
1.65903310900012,0.012274959298274268,0.06503906252328306,0.22418134473264217,1.0,0.008315000000000001,4.0,0.385,0.016143720567924902,0.09901119861751795,0.005754091835115105,9.60707041031128e-06,5.755798383688671e-06,15227.001999999999,1.0,14663.306269531251,2.6305898801864956e-05,303.9548420950296,1856.0,1.0,,246,,,,,,,,
1.701632485999653,0.002999809573157819,0.0300537112634629,0.26073651015758514,0.0,0.0082675,4.0,0.38249999999999995,0.0036211694023222663,0.10256654303520918,-0.008574694686103612,1.796133540210576e-05,1.042458052324946e-05,15267.14375,1.0,14642.10751171875,2.6305898801864956e-05,331.04071367778874,1856.0,1.0,,247,,,,,,,,
1.7147394530002202,0.006714337974253581,0.052539062686264515,0.2590246181935072,0.0,0.008220000000000002,4.0,0.38,0.01237224362557754,0.09656116319820285,0.00020939786918461323,1.3944316890501796e-05,7.906485024022913e-06,15273.983750000001,1.0,14688.80142578125,2.6305898801864956e-05,308.9723786938594,1856.0,1.0,,248,,,,,,,,
1.6676119289995768,0.007336555832376135,0.05319824209436774,0.23958040960133076,0.0,0.0081725,4.0,0.37749999999999995,0.00983130797976628,0.0977338133379817,-0.0013569268339779228,1.778075107949917e-05,1.2332161361428007e-05,15325.470500000001,1.0,14669.34180078125,2.6305898801864956e-05,336.6637225091432,1856.0,1.0,,249,,,,,,,,
1.8438653800003522,0.009983639402152633,0.06269531254656613,0.3273452129215002,1.0,0.008125,4.0,0.375,0.00959050381788984,0.10925604915246367,-0.0058978448796551675,2.2037937583263556e-05,1.317937011435788e-05,15330.2105,1.0,14641.733734375,2.6305898801864956e-05,357.72698111545134,1856.0,1.0,0.7016534805297852,250,,,,,,,,
1.7007904570000392,0.007549357492667497,0.06293945340439677,0.32620964758098125,0.0,0.008077500000000001,4.0,0.37250000000000005,0.016057526227086782,0.10988244321197271,0.0006287688302109018,1.6263286909179442e-05,8.447562890978588e-06,15286.8225,1.0,14680.38197265625,2.6305898801864956e-05,324.38792035589194,1856.0,1.0,,251,,,,,,,,
1.6828748409998298,0.003914415278703842,0.039770507952198386,0.2636336702853441,0.0,0.00803,4.0,0.37,0.012421599589288235,0.10749318590387702,9.571620466886088e-05,1.7682749557934585e-05,1.1204277370779891e-05,15347.49575,1.0,14673.5235078125,2.6305898801864956e-05,320.01174426591786,1856.0,1.0,,252,,,,,,,,
1.6761272889998509,0.004522554473105345,0.04353027406614274,0.32091208174824715,0.0,0.007982500000000002,4.0,0.36750000000000005,0.013369694162975065,0.1128658358938992,-0.0017922132974490523,3.7123626498214435e-05,2.7084815997113765e-05,15265.41575,1.0,14565.054101562499,2.6305898801864956e-05,391.6214211409414,1856.0,1.0,,253,,,,,,,,
1.7346649080000134,0.006039982675691391,0.0677734378259629,0.3456915896385908,0.0,0.007935000000000001,4.0,0.365,0.007982917915796861,0.12335352832451463,-0.008368992042960599,0.00011542485276549996,6.91983057095058e-05,15266.551749999999,1.0,14509.838421875,2.6305898801864956e-05,421.60442406458225,1856.0,1.0,,254,,,,,,,,
1.6723431099999289,0.007078855163948461,0.04907226574141532,0.2886417433619499,0.0,0.007887500000000002,4.0,0.36250000000000004,0.016091810291982256,0.1157758361659944,0.00252194405766204,0.00015626015374436975,7.067024228035734e-05,15324.397250000002,1.0,14643.6100703125,2.6305898801864956e-05,356.1885949110609,1856.0,1.0,,255,,,,,,,,
1.7164733390000038,0.005693203452079132,0.052807617699727416,0.2760017663240433,0.0,0.00784,4.0,0.36,0.015067722328240052,0.11309663392603397,0.0021267873235046864,0.0001167966174762114,3.168973688616461e-05,15325.470500000001,1.0,14662.3590625,2.6305898801864956e-05,343.97404625878744,1856.0,1.0,,256,,,,,,,,
1.682757001999562,0.005622361573228929,0.05104980489704758,0.2808886915445328,0.0,0.007792500000000001,4.0,0.35750000000000004,0.012936179584357888,0.1016253069974482,-0.0003328170860186219,9.377406820476608e-05,1.4196435813573771e-05,15289.722499999998,1.0,14663.70744921875,2.6305898801864956e-05,311.5009225860326,1856.0,1.0,,257,,,,,,,,
1.6853812970002764,0.0076554774713937235,0.05534668010659516,0.2468637190759182,0.0,0.007745,4.0,0.355,0.0071974597667576745,0.09741798602044582,-0.004400239093229175,5.853853065218573e-05,6.323538173091947e-06,15335.41575,1.0,14726.52410546875,2.6305898801864956e-05,287.72984085418426,1856.0,1.0,,258,,,,,,,,
1.6757566619999125,0.006381295435360812,0.05520019575487822,0.28549500182271004,0.0,0.007697500000000001,4.0,0.35250000000000004,0.01727288904658053,0.1099270861595869,0.0038194808366824873,5.420196293925983e-05,3.880312056026014e-05,15376.103750000002,1.0,14549.5954296875,2.6305898801864956e-05,411.6397794501602,1856.0,1.0,,259,,,,,,,,
1.8391187589995752,0.00824064832481497,0.05478515662252903,0.2654646020382643,0.0,0.0076500000000000005,4.0,0.35,0.010267166886478662,0.10811443347483873,-0.0022022906923666596,3.4390627888569725e-05,3.972714796418586e-05,15362.90375,1.0,14619.436820312501,2.6305898801864956e-05,414.0124345337933,1856.0,1.0,0.6082313656806946,260,15411.072250000001,15354.50375,15261.81575,70000042,15255.403616666665,best_of_k,15354.50375,64.50664488713325
1.7881695949999994,0.006051002368710812,0.04982910177204758,0.23579903319478035,0.0,0.007602500000000002,4.0,0.34750000000000003,0.00918078958420665,0.10139516089111567,-0.001845951410359703,1.2937207259255956e-05,1.2702839256917287e-05,15267.14375,1.0,14739.487000000001,2.6305898801864956e-05,269.62454889873754,1856.0,1.0,,261,,,,,,,,
1.8119654029997037,0.0069000856406162825,0.0654296875,0.29658598452806473,0.0,0.007555000000000001,4.0,0.345,0.010299967812898103,0.11438441229984164,-0.0036895968369208276,6.198014193614654e-05,3.648346660156676e-05,15308.5345,1.0,14464.44377734375,2.6305898801864956e-05,452.186489651001,1856.0,1.0,,262,,,,,,,,
1.681065015999593,0.00809610889706569,0.066650390625,0.297284422442317,0.0,0.007507500000000002,4.0,0.3425,0.010186427622102201,0.11120636202394962,-0.0038629828486591578,4.5363431354417116e-05,3.106920621576137e-05,15298.77575,1.0,14469.367593750001,2.6305898801864956e-05,461.40923312212215,1856.0,1.0,,263,,,,,,,,
1.6510304100002031,0.01231296725054598,0.0677978515450377,0.24966342095285654,1.0,0.00746,4.0,0.33999999999999997,0.014171332732075825,0.10601711040362716,0.002466345962602645,3.238583053644106e-05,1.892914986001415e-05,15347.49575,1.0,14675.563824218749,2.6305898801864956e-05,368.2810079010253,1856.0,1.0,,264,,,,,,,,
1.6583224320002046,0.007279007942059934,0.05708007817156613,0.30397223494946957,0.0,0.007412500000000001,4.0,0.3375,0.012809902138542384,0.10909666074439883,-0.0015954882255755365,3.711671786277293e-05,2.34923318203073e-05,15343.47975,1.0,14578.193453124999,2.6305898801864956e-05,347.55895729665593,1856.0,1.0,,265,,,,,,,,
1.6513978849998239,0.0042270377202804355,0.040942382998764515,0.27666799537837505,0.0,0.007365,4.0,0.33499999999999996,0.012855843786383048,0.10441187163814902,-0.00021918834045209223,2.5626478986850998e-05,1.6125558659041417e-05,15310.303750000001,1.0,14634.52370703125,2.6305898801864956e-05,339.67651229875247,1856.0,1.0,,266,,,,,,,,
1.6747349670004041,0.005712176099212485,0.05000000004656613,0.24043072946369648,0.0,0.007317500000000001,4.0,0.3325,0.007369311279035173,0.10559446318075061,-0.0038893945747986436,2.4911885020628688e-05,1.4730956706898723e-05,15312.21575,1.0,14666.064929687498,2.6305898801864956e-05,307.11227153274234,1856.0,1.0,,267,,,,,,,,
1.6744419890001154,0.004633681517461241,0.03896484384313226,0.29409315064549446,0.0,0.00727,4.0,0.32999999999999996,0.012100482665118761,0.1036851811222732,-0.0018597621965454891,2.3609674144609016e-05,1.4034269725016202e-05,15308.117250000001,1.0,14655.7054375,2.6305898801864956e-05,349.96055637589484,1856.0,1.0,,268,,,,,,,,
1.6634946969998055,0.0034539633002008685,0.03830566443502903,0.27315564453601837,0.0,0.0072225000000000015,4.0,0.3275,0.012613966828212142,0.10001115407794714,-0.00032706334604881704,1.6979993802124227e-05,7.760567854120382e-06,15369.6225,1.0,14727.48615234375,2.6305898801864956e-05,299.79124778123156,1856.0,1.0,,269,,,,,,,,
1.7805449329998737,0.004098630275450432,0.0487304692651378,0.2833230700343847,0.0,0.007174999999999999,4.0,0.32499999999999996,0.011510961383464746,0.09767506131902337,-0.0019641221733763814,2.3827383756724885e-05,1.4732695660768513e-05,15347.49575,1.0,14631.49887890625,2.6305898801864956e-05,360.09529721255956,1856.0,1.0,0.6210343837738037,270,,,,,,,,
1.5410814459992253,0.019640858005269973,0.07926432338232796,0.24010868618885675,1.0,0.0071275,3.0,0.3225,0.01830926335727175,0.10246408668657143,0.007027719965359817,1.663022074656813e-05,9.516847967461217e-06,15234.59975,1.0,14693.235300781249,2.6305898801864956e-05,310.40500047240204,1856.0,1.0,,271,,,,,,,,
1.6631193929997607,0.007074718633891308,0.06215820321813226,0.2932911217212677,0.0,0.0070799999999999995,4.0,0.31999999999999995,0.01995274136424996,0.11185655137524009,0.006068477174267173,2.644325547862536e-05,1.801672476631211e-05,15349.606500000002,1.0,14512.552914062499,2.6305898801864956e-05,347.0208750460849,1856.0,1.0,,272,,,,,,,,
1.6699666550002803,0.006064680169300729,0.05900878901593387,0.26772055961191654,0.0,0.0070325000000000006,4.0,0.3175,0.014526341270538978,0.11018419545143843,0.0019086339889327064,1.715246111189117e-05,9.668678671914677e-06,15213.0625,1.0,14557.86655078125,2.6305898801864956e-05,342.0909732370581,1856.0,1.0,,273,,,,,,,,
1.6912984869995853,0.01691489195602358,0.0967285162769258,0.2612084671854973,1.0,0.006985,4.0,0.31499999999999995,0.01646527306729695,0.10931358067318797,0.004162565805017948,1.5307302305700432e-05,8.617921793074856e-06,15229.175749999999,1.0,14564.282507812499,2.6305898801864956e-05,307.33950126457944,1856.0,1.0,,274,,,,,,,,
1.6905726140003026,0.00679968921960139,0.0637695319019258,0.27360773645341396,0.0,0.006937500000000001,4.0,0.3125,0.021154495218070224,0.11215663654729724,0.008246388810221106,1.712750122351281e-05,8.18668053170768e-06,15277.687750000001,1.0,14573.68541015625,2.6305898801864956e-05,304.95521742340895,1856.0,1.0,,275,,,,,,,,
1.6802868490003675,0.005577520560489546,0.04978027392644435,0.2777896411716938,0.0,0.006890000000000002,4.0,0.31000000000000005,0.013002734325709753,0.11410101410001516,-0.00010771449888125062,1.9540091898306855e-05,1.0338498782402894e-05,15336.695749999999,1.0,14543.81755859375,2.6305898801864956e-05,317.2099418689757,1856.0,1.0,,276,,,,,,,,
1.6902861910002684,0.010770058682920691,0.08068847749382257,0.28562683425843716,0.0,0.006842500000000001,4.0,0.3075,0.015781974743731553,0.11452264431864023,0.0022775464749429375,2.0951010583303287e-05,9.224839971011534e-06,15172.052500000002,1.0,14527.1289921875,2.6305898801864956e-05,278.9936241969954,1856.0,1.0,,277,,,,,,,,
1.6859565180002392,0.003941441075632213,0.05422363290563226,0.2805375885218382,0.0,0.006795000000000002,4.0,0.30500000000000005,0.013359107135329396,0.11410075798630714,0.00010192964691668749,1.77602025246415e-05,7.673847761680008e-06,15204.795,1.0,14534.03458984375,2.6305898801864956e-05,310.375548049564,1856.0,1.0,,278,,,,,,,,
1.695241874000203,0.006790306986040662,0.058764648623764515,0.2789641860872507,0.0,0.0067475,4.0,0.3025,0.015079193777637556,0.11516242660582066,0.0019023519998881966,1.5733505506432266e-05,8.233936029000688e-06,15168.3745,1.0,14545.822296875,2.6305898801864956e-05,315.6201810176175,1856.0,1.0,,279,,,,,,,,
1.8283694210003887,0.004405523142233747,0.04604492208454758,0.28346006758511066,0.0,0.006700000000000001,4.0,0.30000000000000004,0.013556723199144471,0.11071490542963147,0.00011898450611624867,1.6367490388802253e-05,9.775083299246035e-06,15200.814499999999,1.0,14554.713101562498,2.6305898801864956e-05,308.04069027797794,1856.0,1.0,0.7559251189231873,280,15411.072250000001,15350.03975,15079.15975,70000042,15135.444175,best_of_k,15350.03975,105.40012631655847
1.7852721260005637,0.007567753199690941,0.06262207077816129,0.2804062757641077,0.0,0.0066525,4.0,0.2975,0.01727689674589783,0.11385006224736571,0.004007212817668915,1.8535748722570133e-05,9.807533899675036e-06,15278.9305,1.0,14565.74936328125,2.6305898801864956e-05,320.66594694092083,1856.0,1.0,,281,,,,,,,,
1.66094811900075,0.006255459094374416,0.07062988309189677,0.26754807122051716,0.0,0.0066050000000000015,4.0,0.29500000000000004,0.006769698462449014,0.10996977193281054,-0.005887629900826141,1.7821604899381782e-05,8.985904145220047e-06,15345.943750000002,1.0,14622.91003125,2.6305898801864956e-05,296.07782245153004,1856.0,1.0,,282,,,,,,,,
1.6702476089994889,0.010582900240629911,0.061767578474245965,0.25337248388677835,0.0,0.006557500000000001,4.0,0.2925,0.009380216080899118,0.10591653874143958,-0.002601912885438651,2.0434615521480737e-05,1.2018163374705182e-05,15320.798499999999,1.0,14592.4364609375,2.6305898801864956e-05,348.2892669585749,1856.0,1.0,,283,,,,,,,,
1.5669876339998154,0.011701222215322105,0.041536458457509674,0.2797427127758662,1.0,0.006510000000000002,3.0,0.29000000000000004,0.008264508995731982,0.10682041570544243,-0.005032865330576897,1.6167493943915662e-05,8.045316955455442e-06,15350.03975,1.0,14680.43951171875,2.6305898801864956e-05,341.33956987048856,1856.0,1.0,,284,,,,,,,,
1.7135968829998092,0.0055696297905267755,0.05131835932843387,0.29865510761737823,0.0,0.0064624999999999995,4.0,0.2875,0.0102612938353559,0.10146250715479255,-0.004021494125481695,1.4164523918225314e-05,8.634710951582747e-06,15340.8445,1.0,14666.2126953125,2.6305898801864956e-05,333.6890681205588,1856.0,1.0,,285,,,,,,,,
1.660431107000477,0.003944904877910105,0.041113281389698386,0.27475895546376705,0.0,0.0064150000000000006,4.0,0.28500000000000003,0.0124021477313363,0.11369981151074171,-0.0006131435511633754,1.730001861233177e-05,9.994934089263552e-06,15399.095749999999,1.0,14690.117125,2.6305898801864956e-05,334.29751423593655,1856.0,1.0,,286,,,,,,,,
1.6420727270005955,0.00915346708917042,0.07453613309189677,0.30065356381237507,0.0,0.0063675,4.0,0.2825,0.011557730296772206,0.1162543068639934,-0.002742603130172938,1.9871445260832843e-05,1.1835325608444691e-05,15374.2325,1.0,14640.08748828125,2.6305898801864956e-05,337.07332572578446,1856.0,1.0,,287,,,,,,,,
1.744808388999445,0.007891946146232343,0.06555175804533064,0.29128006659448147,0.0,0.006320000000000001,4.0,0.28,0.010554850829066709,0.11304680490866303,-0.0033007291785907,1.7854995860488998e-05,8.494064985598015e-06,15316.71175,1.0,14707.89150390625,2.6305898801864956e-05,284.2471034015494,1856.0,1.0,,288,,,,,,,,
1.7100518719998945,0.0026552560172703465,0.03574218787252903,0.26351176388561726,0.0,0.0062725,4.0,0.27749999999999997,0.012093848927179351,0.11651920294389129,-0.0003578296527848579,1.9929183793010452e-05,9.928728275099274e-06,15259.23875,1.0,14700.412,2.6305898801864956e-05,302.6207496410879,1856.0,1.0,,289,,,,,,,,
1.8513044649998847,0.006934416210459204,0.07158203236758709,0.2685108557343483,0.0,0.006225000000000001,4.0,0.275,0.009676050758571364,0.11448152549564838,-0.003042908851057291,1.6240583306625922e-05,8.881070613142583e-06,15389.631749999999,1.0,14731.14391015625,2.6305898801864956e-05,283.1445922790472,1856.0,1.0,0.566138505935669,290,,,,,,,,
1.7165823770001225,0.004887908306896449,0.052270507672801614,0.2752441521733999,0.0,0.006177500000000001,4.0,0.27249999999999996,0.014235073002055287,0.11490248842164874,0.001178320759208873,1.2132403639952827e-05,6.283482747448943e-06,15320.0205,1.0,14729.52509765625,2.6305898801864956e-05,292.93359746963324,1856.0,1.0,,291,,,,,,,,
1.6789377929999318,0.0048427771699710576,0.055175781482830644,0.3267671559005976,0.0,0.006130000000000002,4.0,0.27,0.013707196092582308,0.1140623358078301,-0.001939600973855704,2.1371634375100257e-05,1.1007410535057716e-05,15350.03975,1.0,14684.912937500001,2.6305898801864956e-05,316.67982121893067,1856.0,1.0,,292,,,,,,,,
1.6550736529998176,0.0026482469967348266,0.02851562504656613,0.30954713001847267,0.0,0.006082499999999999,4.0,0.26749999999999996,0.014575715438695624,0.10946658300235868,-0.00024087481142487377,1.441091603737732e-05,7.24581204281094e-06,15349.86325,1.0,14705.76525,2.6305898801864956e-05,334.8462737094029,1856.0,1.0,,293,,,,,,,,
1.6892393250000168,0.003817924486691382,0.04355468787252903,0.2691449113190174,0.0,0.006035,4.0,0.265,0.012353917467407882,0.11062042182311416,-0.0004414376016939059,1.9463195542357425e-05,7.5151424709929415e-06,15365.76775,1.0,14726.93390625,2.6305898801864956e-05,294.62558880602325,1856.0,1.0,,294,,,,,,,,
1.665709257999879,0.003496140338073772,0.03613281261641532,0.24365188367664814,0.0,0.0059875,4.0,0.26249999999999996,0.007952879357617348,0.10551594803109765,-0.0036031596719112713,1.5476713258522068e-05,7.34691889192618e-06,15320.303750000001,1.0,14705.099617187498,2.6305898801864956e-05,285.00684999939233,1856.0,1.0,,295,,,,,,,,
1.692725419999988,0.004189644766304568,0.04726562509313226,0.25713902711868286,0.0,0.005940000000000001,4.0,0.26,0.012263027150765993,0.11137980641797185,6.044295150786638e-05,3.0093915370343893e-05,8.438339222038849e-06,15371.87975,1.0,14710.3090859375,2.6305898801864956e-05,311.87034155348573,1856.0,1.0,,296,,,,,,,,
1.6779729429999861,0.005050572024668298,0.05676269577816129,0.25514858216047287,0.0,0.0058925,4.0,0.25749999999999995,0.014955526519770501,0.1125680091790855,0.002854777703760192,3.0998602653653506e-05,7.054626337321679e-06,15364.0585,1.0,14739.999390624998,2.6305898801864956e-05,300.3669333905531,1856.0,1.0,,297,,,,,,,,
1.6682837070002279,0.003932505738815095,0.04792480473406613,0.25633421167731285,0.0,0.005845000000000001,4.0,0.255,0.01468956662574783,0.11523495055735111,0.0025407287175767124,2.5496118439605198e-05,6.252885498270189e-06,15381.76775,1.0,14727.95679296875,2.6305898801864956e-05,316.1768969955823,1856.0,1.0,,298,,,,,,,,
1.7014250499996706,0.009434897713816781,0.08015136723406613,0.2621223032474518,0.0,0.005797500000000001,4.0,0.25249999999999995,0.019503545394400135,0.11346939066424966,0.007049577950965613,1.932263552362201e-05,7.517360813835694e-06,15350.03975,1.0,14720.790773437499,2.6305898801864956e-05,318.99511823019003,1856.0,1.0,,299,,,,,,,,
1.8351593170000342,0.006183483841999404,0.038281250424915925,0.2468483466655016,0.0,0.005750000000000002,4.0,0.25,0.00985856777333538,0.11131447134539485,-0.0018477845005691051,1.135580771460809e-05,5.7148851624333474e-06,15396.738499999998,1.0,14740.4901484375,2.6305898801864956e-05,291.51645629065797,1856.0,1.0,0.4643269181251526,300,15411.072250000001,15404.96775,15399.095749999999,70000042,15312.795241666667,best_of_k,15404.96775,89.00365642724277
1.7816047569995135,0.002612993190147961,0.028466796793509275,0.23935324605554342,0.0,0.005702500000000001,4.0,0.24750000000000005,0.012539944582385942,0.11058746790513396,0.00119678775081411,2.281098579715035e-05,7.676853158500307e-06,15401.04775,1.0,14743.336374999999,2.6305898801864956e-05,306.54004886133254,1856.0,1.0,,301,,,,,,,,
1.7123232789999747,0.0033619932963553367,0.03903808631002903,0.25114557426422834,0.0,0.005655,4.0,0.245,0.01566491340054199,0.11231569573283195,0.00373647129163146,2.5640315413966164e-05,7.491247004054458e-06,15373.83175,1.0,14740.028800781249,2.6305898801864956e-05,322.10019396856666,1856.0,1.0,,302,,,,,,,,
1.6500472380002975,0.004220027161901285,0.03430175792891532,0.2669877987354994,0.0,0.005607500000000001,4.0,0.24250000000000005,0.009231744159478694,0.11124119162559509,-0.003499707323499024,2.7834762818201852e-05,6.125813399648905e-06,15399.095749999999,1.0,14767.257749999999,2.6305898801864956e-05,312.21166628833885,1856.0,1.0,,303,,,,,,,,
1.659451815000466,0.0040732694200986685,0.03571777360048145,0.2621805313974619,0.0,0.005560000000000001,4.0,0.24,0.012785088663804345,0.11020531645044684,0.0002837412685039453,1.40789595093338e-05,7.307331031825015e-06,15360.463749999999,1.0,14744.45658984375,2.6305898801864956e-05,321.63917324394686,1856.0,1.0,,304,,,,,,,,
1.6891245869992417,0.003223822742345561,0.03408203172148205,0.23521223198622465,0.0,0.005512500000000002,4.0,0.23750000000000004,0.010337929274101043,0.10390260489657521,-0.0008550955972168595,1.2920492679313611e-05,7.769516315647707e-06,15404.96775,1.0,14745.025285156249,2.6305898801864956e-05,332.3594205196154,1856.0,1.0,,305,,,,,,,,
1.6912013760002083,0.00663915347698385,0.03461914090439677,0.24155649729073048,0.0,0.005465000000000001,4.0,0.235,0.00664086813776521,0.10051530553027987,-0.004891494652838446,1.0806480588598788e-05,5.549190234432899e-06,15398.18375,1.0,14763.64531640625,2.6305898801864956e-05,304.53520178812715,1856.0,1.0,,306,,,,,,,,
1.6636061809995226,0.0036390005071957887,0.03798828145954758,0.2237606942653656,0.0,0.005417500000000002,4.0,0.23250000000000004,0.008847825200064108,0.0972201474942267,-0.0018169553950428963,1.0162577893879643e-05,4.838612881030713e-06,15400.29575,1.0,14772.2682890625,2.6305898801864956e-05,307.9112997378441,1856.0,1.0,,307,,,,,,,,
1.718115150999438,0.003925141527915343,0.035375976891373284,0.2322487896308303,0.0,0.00537,4.0,0.22999999999999998,0.011077033472247422,0.09682174026966095,-1.900826464407146e-05,9.458640874981938e-06,5.177057374794458e-06,15399.095749999999,1.0,14766.66319140625,2.6305898801864956e-05,327.2483824812154,1856.0,1.0,,308,,,,,,,,
1.6879711889996543,0.0026296167415971183,0.027416992466896772,0.23175115045160055,0.0,0.005322500000000001,4.0,0.22750000000000004,0.017211823564139195,0.09807031461969018,0.006140172656159848,1.6368128967769735e-05,8.872149834360243e-06,15355.911750000001,1.0,14752.72710546875,2.6305898801864956e-05,278.959785666041,1856.0,1.0,,309,,,,,,,,
1.9726570959992387,0.004360511510952847,0.03593750006984919,0.23576223570853472,0.0,0.005275,4.0,0.22499999999999998,0.010492620975128375,0.10163592640310526,-0.0007665302255190909,1.5669944446017325e-05,1.1203615599697514e-05,15401.04775,1.0,14755.50726171875,2.6305898801864956e-05,322.35168094608775,1856.0,1.0,0.42078763246536255,310,,,,,,,,
1.6737426839999898,0.002455460680831578,0.0299072265625,0.2603458445519209,0.0,0.005227500000000001,4.0,0.22250000000000003,0.008312159647175577,0.10078186262398958,-0.004185819183476269,3.073024311106565e-05,8.902454311510155e-06,15357.372499999998,1.0,14742.408109375,2.6305898801864956e-05,329.32340860155546,1856.0,1.0,,311,,,,,,,,
1.6536818349995883,0.0027693278013494194,0.03403320338111371,0.2528329212218523,0.0,0.005180000000000001,4.0,0.21999999999999997,0.01175303196941968,0.09877406572923064,-0.0003826989559456706,1.6250651128757454e-05,8.219302742418222e-06,15400.29575,1.0,14762.94819140625,2.6305898801864956e-05,307.24354445260235,1856.0,1.0,,312,,,,,,,,
1.6955484879999858,0.0029111497398837116,0.038793945364886895,0.2624761890619993,0.0,0.005132500000000002,4.0,0.21750000000000003,0.009861093232757412,0.09836992574855685,-0.002761797368293628,1.3405604306626628e-05,5.248945484481737e-06,15369.927749999999,1.0,14742.861578125001,2.6305898801864956e-05,311.3618138204308,1856.0,1.0,,313,,,,,,,,
1.6734182410000358,0.0025922283625785525,0.03393554699141532,0.26439232006669044,0.0,0.005085000000000001,4.0,0.21499999999999997,0.0064069498621392995,0.09687572531402111,-0.006324428541120142,1.4553288849583623e-05,5.840753459551706e-06,15371.87975,1.0,14747.48544921875,2.6305898801864956e-05,327.5987794696141,1856.0,1.0,,314,,,,,,,,
1.6779347140000027,0.0025590085411941743,0.029223632998764515,0.2637536320835352,0.0,0.005037500000000002,4.0,0.21250000000000002,0.01423795121081639,0.10022308398038149,0.0015513774706050754,1.1299321329261147e-05,5.270731890050229e-06,15367.82375,1.0,14773.48441796875,2.6305898801864956e-05,315.55077633710164,1856.0,1.0,,315,,,,,,,,
1.6912917529998595,0.004204131610478612,0.03913574235048145,0.25827271305024624,0.0,0.00499,4.0,0.20999999999999996,0.013296159966557752,0.09906907146796584,0.0008731823763810098,1.0573803308489005e-05,5.277706321749065e-06,15381.76775,1.0,14736.221171875,2.6305898801864956e-05,317.4702286276379,1856.0,1.0,,316,,,,,,,,
1.6777222970004004,0.0021360110376367203,0.024658203357830644,0.2848775628954172,0.0,0.004942500000000001,4.0,0.20750000000000002,0.015046919084852561,0.0985056203790009,0.0012807254679501057,2.0047859720762062e-05,1.4350074195590423e-05,15360.95175,1.0,14724.0772734375,2.6305898801864956e-05,381.09531343982724,1856.0,1.0,,317,,,,,,,,
1.6754188759996396,0.004238723538556144,0.04506835946813226,0.2567654689773917,0.0,0.004895,4.0,0.20499999999999996,0.014854910055873916,0.0953958397731185,0.0024756359052844346,2.0413786785411503e-05,1.184233383355604e-05,15364.96775,1.0,14727.63873828125,2.6305898801864956e-05,362.05929565272555,1856.0,1.0,,318,,,,,,,,
1.6930463090002377,0.004144818756927293,0.0414062503259629,0.26998428255319595,0.0,0.004847500000000001,4.0,0.2025,0.007750430762825999,0.09403201518580317,-0.005302600271534175,2.3675737111261697e-05,1.4538584309775615e-05,15397.14375,1.0,14694.67891796875,2.6305898801864956e-05,368.2014810304672,1856.0,1.0,,319,,,,,,,,
1.8335271870000724,0.0022223066746605014,0.030541992658982053,0.2516943356022239,0.0,0.0048000000000000004,4.0,0.19999999999999996,0.009299052413553,0.09073923155665398,-0.002854975318768993,1.3084971442367532e-05,7.099672274080149e-06,15350.03975,1.0,14726.555421875,2.6305898801864956e-05,329.49243642199224,1856.0,1.0,0.45688289403915405,320,15411.072250000001,15404.96775,15339.11175,70000042,15343.137349999999,best_of_k,15404.96775,54.99103099569169
1.7825395239997306,0.003567181507056816,0.0451904300134629,0.2584831044077873,0.0,0.0047525000000000015,4.0,0.1975,0.013856216421118006,0.08532556518912315,0.0013335391413420439,1.0843240147551114e-05,5.895343349493487e-06,15410.375750000001,1.0,14744.669125,2.6305898801864956e-05,336.40444094652054,1856.0,1.0,,321,,,,,,,,
1.6864877449997948,0.0047380045220482,0.03459472698159516,0.24363891314715147,0.0,0.004704999999999999,4.0,0.19499999999999995,0.011416604422265664,0.08154797973111272,-0.00038657363620586693,1.0686833945783292e-05,7.692877346698879e-06,15363.815750000002,1.0,14758.905070312501,2.6305898801864956e-05,285.06784614026833,1856.0,1.0,,322,,,,,,,,
1.6944448439999178,0.0023970482792829984,0.022119140747236088,0.22166410088539124,0.0,0.0046575,4.0,0.1925,0.010572197403234895,0.07876181323081255,-0.00014778936747461557,1.1269033393546124e-05,4.975862736955605e-06,15351.991750000001,1.0,14764.9621015625,2.6305898801864956e-05,308.2337906038769,1856.0,1.0,,323,,,,,,,,
1.6707111330006228,0.003245442181253111,0.03225097683025524,0.2081772405654192,0.0,0.0046099999999999995,4.0,0.18999999999999995,0.010660002328222618,0.08040305692702532,0.000617478450294584,1.8194721803865832e-05,4.99969877409967e-06,15410.375750000001,1.0,14763.806988281249,2.6305898801864956e-05,300.5350886222644,1856.0,1.0,,324,,,,,,,,
1.7268660370000362,0.003425154573340805,0.0434814456384629,0.26248209923505783,0.0,0.004562500000000001,4.0,0.1875,0.008152687922120094,0.081464858725667,-0.004605335940141231,3.408811500094089e-05,4.385931333672488e-06,15393.57575,1.0,14746.027996093751,2.6305898801864956e-05,330.90162087531877,1856.0,1.0,,325,,,,,,,,
1.6984331909998218,0.0048536407315467045,0.045166015974245965,0.26333209313452244,0.0,0.004515000000000002,4.0,0.18500000000000005,0.011886829197464976,0.08636766346171498,-0.0009023825259646401,0.00010455796461883438,4.201733275976949e-06,15363.815750000002,1.0,14753.14431640625,2.6305898801864956e-05,295.8800089510239,1856.0,1.0,,326,,,,,,,,
1.6708320520001507,0.004590252630558567,0.04450683598406613,0.2612842358648777,0.0,0.004467500000000001,4.0,0.1825,0.010808703358634375,0.09061186295002699,-0.001891622960101813,0.0003194605000089723,1.7954467580238997e-05,15410.375750000001,1.0,14700.85194140625,2.6305898801864956e-05,359.0722104447532,1856.0,1.0,,327,,,,,,,,
1.7067106179993061,0.00268571612265589,0.034594726806972176,0.2629487197846174,0.0,0.004420000000000002,4.0,0.18000000000000005,0.014974190446082503,0.09060316905379295,0.0022133424354251474,0.00010808924901084538,6.139620325029682e-06,15399.095749999999,1.0,14758.857386718748,2.6305898801864956e-05,326.5817222868327,1856.0,1.0,,328,,,,,,,,
1.6725019969999266,0.004196821086672742,0.04667968745343387,0.2520715780556202,0.0,0.004372500000000001,4.0,0.1775,0.009303682243626099,0.09187474055215716,-0.002901851898059249,1.1132166207517002e-05,5.129883817289738e-06,15410.375750000001,1.0,14748.4371015625,2.6305898801864956e-05,321.9300635792714,1856.0,1.0,,329,,,,,,,,
1.8680922700004885,0.0035312657318282703,0.03427734423894435,0.2690732926130295,0.0,0.0043250000000000025,4.0,0.17500000000000004,0.00936026826093439,0.09270335268229246,-0.003700232715345919,1.6668834859956405e-05,1.2220424252973316e-05,15350.29125,1.0,14720.4679765625,2.6305898801864956e-05,312.4995013374014,1856.0,1.0,0.449489563703537,330,,,,,,,,
1.7088955369999894,0.0027038438468647286,0.03298339890898205,0.2683415785431862,0.0,0.0042775,4.0,0.1725,0.009700432099634781,0.09529765835031867,-0.003312314656795934,9.834118031903927e-06,4.640973855885022e-06,15365.76775,1.0,14763.3011796875,2.6305898801864956e-05,309.00559887694874,1856.0,1.0,,331,,,,,,,,
1.6724045780001688,0.005639386344039821,0.054321289295330644,0.2728357557207346,0.0,0.004230000000000001,4.0,0.17000000000000004,0.014374437829246745,0.0954626607708633,0.0011292147682979703,1.699870188076602e-05,1.10848191070545e-05,15346.444499999998,1.0,14725.01511328125,2.6305898801864956e-05,334.1473070840541,1856.0,1.0,,332,,,,,,,,
1.6573213880001276,0.005759464803972492,0.03945312509313226,0.2554970420897007,0.0,0.004182500000000002,4.0,0.16749999999999998,0.01423384717782028,0.09049006970599294,0.0018337373621761799,1.0228439748516394e-05,5.418419107172667e-06,15340.8445,1.0,14755.38742578125,2.6305898801864956e-05,309.6899818762706,1856.0,1.0,,333,,,,,,,,
1.6846607299994503,0.004682852089318956,0.045849609770812094,0.26261721178889275,0.0,0.004135,4.0,0.16500000000000004,0.009145416515821125,0.089207973331213,-0.0036244632938178256,1.901139216897718e-05,1.1985477044618165e-05,15463.463750000003,1.0,14755.68684765625,2.6305898801864956e-05,392.7057177987051,1856.0,1.0,,334,,,,,,,,
1.703240322000056,0.001612229914979224,0.01967773452633992,0.2461923649534583,0.0,0.004087500000000001,4.0,0.16249999999999998,0.012074761500116438,0.08264254033565521,9.694378240965307e-05,1.439339183662014e-05,9.122139744022206e-06,15404.96775,1.0,14774.97512109375,2.6305898801864956e-05,341.512426775166,1856.0,1.0,,335,,,,,,,,
1.710892636000608,0.0022188369925242313,0.030053711103391834,0.2228587009012699,0.0,0.004040000000000002,4.0,0.16000000000000003,0.01175499489181675,0.08281770348548889,0.0009430186473764479,9.929594455115875e-06,5.262839039232858e-06,15398.18375,1.0,14787.70938671875,2.6305898801864956e-05,316.793007787065,1856.0,1.0,,336,,,,,,,,
1.6684137439997357,0.0020441227498420034,0.023779297131113708,0.22129213716834784,0.0,0.0039924999999999995,4.0,0.15749999999999997,0.006488980507128872,0.0825541540980339,-0.00424916367046535,8.756830965239715e-06,4.5173123908170965e-06,15401.04775,1.0,14795.140062499999,2.6305898801864956e-05,316.6479962444094,1856.0,1.0,,337,,,,,,,,
1.6387446509997972,0.004268818492851878,0.04155273432843387,0.2278131963685155,0.0,0.003945000000000001,4.0,0.15500000000000003,0.012027239121380262,0.08264214359223843,0.0009592765709385276,9.368816080268516e-06,4.779172371627283e-06,15439.943750000002,1.0,14781.9343046875,2.6305898801864956e-05,299.58568987665296,1856.0,1.0,,338,,,,,,,,
1.6686586630003148,0.0025220298456094525,0.025439453223953024,0.21072395145893097,0.0,0.0038975000000000017,4.0,0.15249999999999997,0.005461525957798585,0.08396543422713876,-0.004750193504150957,7.779761943993435e-06,3.998891543233185e-06,15404.96775,1.0,14785.17032421875,2.6305898801864956e-05,297.5380105681538,1856.0,1.0,,339,,,,,,,,
1.8450176790001933,0.0042622424244882495,0.04064941400429234,0.2172877872362733,0.0,0.0038500000000000027,4.0,0.15000000000000002,0.01125920995764318,0.08116440055891871,0.0007037183386273682,8.88675162968866e-06,5.392263744852244e-06,15362.90375,1.0,14769.7902734375,2.6305898801864956e-05,313.2801644739883,1856.0,1.0,0.39828312397003174,340,15463.463750000003,15427.2545,15381.76775,70000042,15383.932916666668,best_of_k,15427.2545,23.82926200383063
1.7628483329999654,0.0012424530164576453,0.01923828132566996,0.19078042171895504,0.0,0.0038025000000000003,4.0,0.14749999999999996,0.00794430956011638,0.07490706350654364,-0.0013131388113833964,8.690081443774034e-06,4.7836983299021085e-06,15434.53575,1.0,14797.39899609375,2.6305898801864956e-05,298.1081278358313,1856.0,1.0,,341,,,,,,,,
1.7250558539999474,0.002239976377367725,0.024951172061264515,0.186382120475173,0.0,0.0037550000000000014,4.0,0.14500000000000002,0.010570347316388506,0.07524667587131262,0.0015296507626771927,8.889618356988649e-06,6.506375882509019e-06,15399.095749999999,1.0,14788.3057109375,2.6305898801864956e-05,281.3796154572562,1856.0,1.0,,342,,,,,,,,
1.6745640099998127,0.0034367902416736484,0.03657226578798145,0.18896295875310898,0.0,0.003707499999999999,4.0,0.14249999999999996,0.007791287745931186,0.07356072077527642,-0.0013877875753678381,8.90985597834515e-06,5.52551958321601e-06,15401.04775,1.0,14780.625265625,2.6305898801864956e-05,310.8093966312271,1856.0,1.0,,343,,,,,,,,
1.656790920000276,0.0019085160763090414,0.026049804786453024,0.18829494901001453,0.0,0.00366,4.0,0.14,0.0070875972996873315,0.07200439320877194,-0.0020664824987761676,8.737262277236368e-06,3.988309444480365e-06,15399.095749999999,1.0,14818.364031250001,2.6305898801864956e-05,300.0108552901946,1856.0,1.0,,344,,,,,,,,
1.727707422000094,0.0009396017799758738,0.010815429719514214,0.20744242519140244,0.0,0.003612500000000001,4.0,0.13749999999999996,0.007784587469359394,0.07209896016865969,-0.0023304733040276915,9.19732840998222e-06,4.954692627734403e-06,15404.96775,1.0,14786.268828125001,2.6305898801864956e-05,311.1712109008257,1856.0,1.0,,345,,,,,,,,
1.6863581499992506,0.0009595502367467645,0.01279296881693881,0.20018076244741678,0.0,0.003565000000000002,4.0,0.135,0.008852044469676912,0.0708786325994879,-0.0009071408931049518,8.074980513583796e-06,4.042017621941341e-06,15398.18375,1.0,14791.8755,2.6305898801864956e-05,295.7888421422018,1856.0,1.0,,346,,,,,,,,
1.6861447760002193,0.002361114055640101,0.023120117373764515,0.1778771923854947,0.0,0.0035175,4.0,0.13249999999999995,0.009541609819279984,0.07152109080925584,0.0008962784777395427,7.4820374322825955e-06,4.598255515020355e-06,15404.96775,1.0,14789.633269531252,2.6305898801864956e-05,296.3696077367085,1856.0,1.0,,347,,,,,,,,
1.6529756169993561,0.002288543519895825,0.025610351585783064,0.20204490702599287,0.0,0.003470000000000001,4.0,0.13,0.01052551392785972,0.07362959533929825,0.000676430354360491,7.276966414337949e-06,3.20971076916976e-06,15410.375750000001,1.0,14800.65116015625,2.6305898801864956e-05,306.5928349623564,1856.0,1.0,,348,,,,,,,,
1.6673760029998448,0.0022418978288669678,0.02812500041909516,0.20603653602302074,0.0,0.0034224999999999985,4.0,0.12749999999999995,0.009038781543495134,0.07397872721776366,-0.0010134032636415213,9.357952194477548e-06,5.22853906659293e-06,15401.04775,1.0,14790.025273437499,2.6305898801864956e-05,295.48713756798713,1856.0,1.0,,349,,,,,,,,
1.788440107000497,0.0022975999817731463,0.024584961065556854,0.21785248257219791,0.0,0.0033749999999999995,4.0,0.125,0.012379728497762699,0.07579841837286949,0.0017387811676599085,1.1262850364346377e-05,6.033987119735684e-06,15410.375750000001,1.0,14788.40472265625,2.6305898801864956e-05,324.310682065433,1856.0,1.0,0.438641220331192,350,,,,,,,,
1.7102183540000624,0.0016830152681883703,0.020410156357684173,0.21339220274239779,0.0,0.0033275000000000006,4.0,0.12250000000000005,0.012945397000294179,0.07372410595417023,0.002517410146538168,1.0689366149563284e-05,5.25048119470739e-06,15404.96775,1.0,14760.50832421875,2.6305898801864956e-05,326.11216645064343,1856.0,1.0,,351,,,,,,,,
1.6905016050004633,0.002862398775944186,0.031152343843132257,0.20062321797013283,0.0,0.0032800000000000017,4.0,0.12,0.007791324253048515,0.07328371773473918,-0.002002551540499553,9.667135429936025e-06,4.239450547061097e-06,15411.335749999998,1.0,14789.9632265625,2.6305898801864956e-05,318.9336718524197,1856.0,1.0,,352,,,,,,,,
1.665685568000299,0.0030608360509987165,0.036230468802386895,0.22263292036950588,0.0,0.0032325000000000027,4.0,0.11750000000000005,0.007825212902389467,0.07571893418207765,-0.003065406228415668,1.0802056124248338e-05,5.3078097153047565e-06,15381.76775,1.0,14780.50023828125,2.6305898801864956e-05,314.9579334725633,1856.0,1.0,,353,,,,,,,,
1.678780604000167,0.0024917326592444056,0.03393554699141532,0.19765121303498745,0.0,0.0031850000000000003,4.0,0.11499999999999999,0.008153158261848148,0.07755105337128043,-0.0014852701860945672,8.543854875142642e-06,4.0256013278394676e-06,15393.2145,1.0,14815.31094921875,2.6305898801864956e-05,310.3466038603243,1856.0,1.0,,354,,,,,,,,
1.6407015750000937,0.0024593840934841182,0.024096679873764515,0.19481015391647816,0.0,0.0031375000000000014,4.0,0.11250000000000004,0.011475746661744779,0.08052539266645908,0.001984403555979952,9.342315422600223e-06,5.097438076973049e-06,15401.04775,1.0,14796.89829296875,2.6305898801864956e-05,312.22922197480085,1856.0,1.0,,355,,,,,,,,
1.6554917499997828,0.0021785028370349124,0.024316406284924597,0.1939408089965582,0.0,0.003089999999999999,4.0,0.10999999999999999,0.009133722982369363,0.08217730186879635,-0.00031257999944500625,8.865868721841252e-06,4.606849046240313e-06,15400.29575,1.0,14806.56425,2.6305898801864956e-05,322.2193090727167,1856.0,1.0,,356,,,,,,,,
1.6676787129999866,0.0027581417567015265,0.028930664178915322,0.23573730699717999,0.0,0.0030425,4.0,0.10750000000000004,0.006480485666543245,0.08178820181638002,-0.005065948993433267,2.043021527242672e-05,1.2732253310332453e-05,15401.04775,1.0,14738.67523046875,2.6305898801864956e-05,348.35500870216777,1856.0,1.0,,357,,,,,,,,
1.6735195669998575,0.0027876168574252347,0.029272461106302217,0.2621599230915308,0.0,0.002995000000000001,4.0,0.10499999999999998,0.01428537001265795,0.08089014887809753,0.001410643249982968,2.1487971594069677e-05,1.369497232417416e-05,15393.2145,1.0,14722.019566406248,2.6305898801864956e-05,375.37051328763005,1856.0,1.0,,358,,,,,,,,
1.677976748999754,0.002286508586447411,0.02902832068502903,0.25244294852018356,0.0,0.002947500000000002,4.0,0.10250000000000004,0.01667319575790316,0.0743723907507956,0.00426294089993462,1.765872889336606e-05,1.1108497574241483e-05,15422.61575,1.0,14748.6824453125,2.6305898801864956e-05,345.8051801821139,1856.0,1.0,,359,,,,,,,,
1.8226182700000209,0.001133577283383147,0.014062500122236088,0.24340032506734133,0.0,0.0029,4.0,0.09999999999999998,0.011907997715752572,0.07351158116944134,-5.515594966709614e-05,1.5567577634101326e-05,9.52749161342581e-06,15402.247749999999,1.0,14751.141171874999,2.6305898801864956e-05,352.502276103971,1856.0,1.0,0.3454943597316742,360,15463.463750000003,15411.335749999998,15381.76775,70000042,15370.953325000002,best_of_k,15411.335749999998,49.10608473762643
1.8135270530001435,0.0006782890603531655,0.006005859453580342,0.25027815625071526,0.0,0.002852500000000001,4.0,0.09750000000000003,0.015815853810636327,0.07577487546950579,0.0035127982846461236,1.3573557339441322e-05,7.876813270968341e-06,15381.76775,1.0,14787.232410156248,2.6305898801864956e-05,321.3236586868801,1856.0,1.0,,361,,,,,,,,
1.7176126670001395,0.0016186977080048237,0.021166992373764515,0.2734885960817337,0.0,0.002805000000000002,4.0,0.09499999999999997,0.010707799648116634,0.08052789838984609,-0.002761438285233453,4.422436040840694e-05,3.253244506140618e-05,15405.28775,1.0,14620.08265234375,2.6305898801864956e-05,472.5778299813855,1856.0,1.0,,362,,,,,,,,
1.6708569689999422,0.0020616504399058044,0.015405273530632257,0.23610646463930607,0.0,0.002757500000000003,4.0,0.09250000000000003,0.008219333514716709,0.07429710170254111,-0.0033941027359105647,2.9375042458923417e-05,2.0097841911592695e-05,15404.96775,1.0,14728.845593750002,2.6305898801864956e-05,405.6910218841685,1856.0,1.0,,363,,,,,,,,
1.6836267919998136,0.0015978550154667204,0.01879882818320766,0.21859521232545376,0.0,0.0027100000000000006,4.0,0.08999999999999997,0.007564533294498688,0.07245735917240381,-0.003175619582179934,1.6304192683946894e-05,1.0243915028240735e-05,15410.375750000001,1.0,14765.452398437501,2.6305898801864956e-05,333.0652733181936,1856.0,1.0,,364,,,,,,,,
1.6664840129997174,0.0015175347608256118,0.018945312505820766,0.26161455921828747,0.0,0.0026625000000000017,4.0,0.08750000000000002,0.008157839241903275,0.07309291837736964,-0.004738689225632697,2.2337431346386438e-05,1.6353041814909375e-05,15373.4865,1.0,14726.31203125,2.6305898801864956e-05,360.61460310174306,1856.0,1.0,,365,,,,,,,,
1.6611624830002256,0.002226913916878459,0.0191650390625,0.22037069778889418,0.0,0.0026149999999999993,4.0,0.08499999999999996,0.010405049593828153,0.07116215280257165,-0.00043090907274745405,9.864360208666767e-06,5.051784626175504e-06,15413.375750000001,1.0,14776.338609375001,2.6305898801864956e-05,323.2823121068249,1856.0,1.0,,366,,,,,,,,
1.659282573999917,0.0007726287643858853,0.009252929739886895,0.19621526915580034,0.0,0.0025675000000000003,4.0,0.08250000000000002,0.0096766834576556,0.0636314160656184,2.6165274903178215e-05,8.09481576879989e-06,4.636951899783526e-06,15381.76775,1.0,14798.86349609375,2.6305898801864956e-05,299.9299887551612,1856.0,1.0,,367,,,,,,,,
1.6695841699993252,0.0013354878550693172,0.01801757828798145,0.20359867997467518,0.0,0.0025200000000000014,4.0,0.07999999999999996,0.007586109975818545,0.07161601819097996,-0.0024162513145711273,8.7743304675314e-06,4.043992575475386e-06,15381.76775,1.0,14790.1308125,2.6305898801864956e-05,322.3028684571474,1856.0,1.0,,368,,,,,,,,
1.6661341750004794,0.0032803629600159923,0.033496093848953024,0.2116245161741972,0.0,0.0024725000000000025,4.0,0.07750000000000001,0.007500766230805311,0.07044418947771192,-0.002910511626396328,1.1543167147465283e-05,6.143450292483976e-06,15397.6865,1.0,14776.097113281248,2.6305898801864956e-05,306.9360755266239,1856.0,1.0,,369,,,,,,,,
1.8309410429992568,0.0006941480600684002,0.008935546968132257,0.1870076023042202,0.0,0.002425,4.0,0.07499999999999996,0.007254578515130561,0.06739573762752116,-0.001935147178301122,7.569918210492688e-06,4.046282498393339e-06,15388.167749999999,1.0,14803.98787890625,2.6305898801864956e-05,305.276054712076,1856.0,1.0,0.3699718117713928,370,,,,,,,,
1.6775359880002725,0.0015812319540460251,0.01704101567156613,0.22365063056349754,0.0,0.002377500000000001,4.0,0.07250000000000001,0.01151561675942503,0.06795576494187117,0.0004909908166155219,9.934827915003552e-06,5.3293692019451555e-06,15398.18375,1.0,14804.3170546875,2.6305898801864956e-05,309.7146217953536,1856.0,1.0,,371,,,,,,,,
1.781606759999704,0.0014121790206047535,0.02094726584618911,0.2188113909214735,0.0,0.0023299999999999987,4.0,0.06999999999999995,0.00954251779421611,0.07504237908869982,-0.0012292022875044495,1.5083737594068225e-05,8.980965759519677e-06,15399.095749999999,1.0,14769.6881875,2.6305898801864956e-05,339.26022562048513,1856.0,1.0,,372,,,,,,,,
1.6474204290007037,0.0017388549364127925,0.020556640636641532,0.2288431329652667,0.0,0.0022825,4.0,0.0675,0.009324753220425919,0.07632223051041365,-0.0019515112626322662,1.8880052266467828e-05,1.2848669712184346e-05,15402.247749999999,1.0,14749.8041484375,2.6305898801864956e-05,373.25826841767315,1856.0,1.0,,373,,,,,,,,
1.668645116999869,0.0012708133319740966,0.015039062593132257,0.23079558461904526,0.0,0.002235000000000001,4.0,0.06499999999999995,0.012653704354306683,0.07453839434310794,0.001273253234103322,1.6970384933756577e-05,1.113431045496327e-05,15402.247749999999,1.0,14760.280734375,2.6305898801864956e-05,331.05006724417217,1856.0,1.0,,374,,,,,,,,
1.6345821409995551,0.0012863396508961955,0.01660156252910383,0.2359244404360652,0.0,0.002187500000000002,4.0,0.0625,0.014705274879815988,0.0752714155241847,0.003066538309212774,1.6813352488043165e-05,1.097815112416356e-05,15410.375750000001,1.0,14761.4973125,2.6305898801864956e-05,343.498052015978,1856.0,1.0,,375,,,,,,,,
1.7016222880001806,0.0013716318425807117,0.01994628920510877,0.21260220184922218,0.0,0.002140000000000003,4.0,0.06000000000000005,0.010692671494325623,0.07775685377418995,0.00022587928106077015,8.779081554166623e-06,4.408282308077105e-06,15410.375750000001,1.0,14783.2029296875,2.6305898801864956e-05,304.4610807315249,1856.0,1.0,,376,,,,,,,,
1.6457687319998513,0.002523139636210203,0.02497558604227379,0.2245361004024744,0.0,0.0020925000000000006,4.0,0.057499999999999996,0.010892544989474118,0.07445070054382086,-0.0001853940775617957,1.555788423956983e-05,1.0731527027019183e-05,15400.29575,1.0,14781.14279296875,2.6305898801864956e-05,353.5043876222288,1856.0,1.0,,377,,,,,,,,
1.64052559799984,0.0006606577262999735,0.007202148510259576,0.21435142867267132,0.0,0.0020450000000000017,4.0,0.05500000000000005,0.010394102660939097,0.07609169837087393,-0.00017117266543209553,9.95363907918545e-06,4.631622942952163e-06,15411.335749999998,1.0,14781.524585937499,2.6305898801864956e-05,316.907650729476,1856.0,1.0,,378,,,,,,,,
1.6459656030001497,0.0007145208483798626,0.006884765680297278,0.21199090126901865,0.0,0.0019974999999999993,4.0,0.05249999999999999,0.006866007373901084,0.0740859042853117,-0.003593363013351336,1.795357832179434e-05,1.2032161009756237e-05,15381.76775,1.0,14751.141906249999,2.6305898801864956e-05,361.3227847265625,1856.0,1.0,,379,,,,,,,,
1.8022225489994526,0.00032861451984267376,0.0019287109462311491,0.18955425452440977,0.0,0.0019500000000000003,4.0,0.050000000000000044,0.00994601135244011,0.07176959747448564,0.0006051788222976029,8.627081484746668e-06,4.4133288668035675e-06,15381.76775,1.0,14800.1067109375,2.6305898801864956e-05,306.36005922156795,1856.0,1.0,0.3522542417049408,380,15463.463750000003,15427.2545,15381.76775,70000042,15383.280466666669,best_of_k,15427.2545,27.67814191083592
1.77698438599964,0.0006878641702217081,0.006811523460783064,0.20991654507815838,0.0,0.0019025000000000014,4.0,0.04749999999999999,0.010313204300473444,0.07299357187002897,-4.605232970789075e-05,6.982065883676114e-06,3.200263975600137e-06,15400.29575,1.0,14815.711917968749,2.6305898801864956e-05,276.6165687370332,1856.0,1.0,,381,,,,,,,,
1.6896323020000636,0.0016017247925299571,0.01923828132566996,0.2048032758757472,0.0,0.0018550000000000025,4.0,0.04500000000000004,0.011428812464146176,0.06915402971208096,0.0013127685524523258,9.244250293249934e-06,6.473816824836831e-06,15398.18375,1.0,14801.029359375,2.6305898801864956e-05,295.1144055104708,1856.0,1.0,,382,,,,,,,,
1.6661619899996367,0.0006636406665485595,0.0058105469070142135,0.1924418667331338,0.0,0.0018075,4.0,0.04249999999999998,0.0065817984359455295,0.0681339877191931,-0.0029196738614700735,6.536584521654731e-06,3.753480683599264e-06,15403.054499999998,1.0,14810.446429687498,2.6305898801864956e-05,285.81444011520483,1856.0,1.0,,383,,,,,,,,
1.6500164909994055,0.0006726431086665485,0.008984374988358468,0.22368008270859718,0.0,0.0017600000000000011,4.0,0.040000000000000036,0.011261759806075133,0.07071096496656537,0.0001984496775548905,1.0131943724900339e-05,5.487307277007858e-06,15399.095749999999,1.0,14794.18601171875,2.6305898801864956e-05,316.4032753768582,1856.0,1.0,,384,,,,,,,,
1.6757219949995488,0.0021592361884330558,0.021118164295330644,0.2119043506681919,0.0,0.0017124999999999987,4.0,0.03749999999999998,0.008514246350387111,0.0723363384604454,-0.001962367125088349,1.2467693807138858e-05,8.048155848427996e-06,15434.53575,1.0,14783.02105078125,2.6305898801864956e-05,341.71731123517196,1856.0,1.0,,385,,,,,,,,
1.656019267999909,0.0031797599665015497,0.029492187735741027,0.23616162221878767,0.0,0.0016649999999999998,4.0,0.03500000000000003,0.011163849354488775,0.07789270114153624,-0.0005179444560781121,9.516931413600105e-06,4.903520590460175e-06,15401.04775,1.0,14798.2048125,2.6305898801864956e-05,309.5289672292687,1856.0,1.0,,386,,,,,,,,
1.6484112930002084,0.0006694208233373189,0.00717773441283498,0.21469492558389902,0.0,0.0016175000000000009,4.0,0.03249999999999997,0.009987199096940458,0.07556104334071279,-0.000628299982054159,8.564912747033304e-06,4.2339867718510504e-06,15410.375750000001,1.0,14811.286210937498,2.6305898801864956e-05,318.2500004844679,1856.0,1.0,,387,,,,,,,,
1.7183784279995962,0.0021638093899589705,0.017675781389698386,0.22644986677914858,0.0,0.001570000000000002,4.0,0.030000000000000027,0.00584141474973876,0.0784374582581222,-0.005366231547668576,2.040696085714444e-05,1.2517511152054794e-05,15399.095749999999,1.0,14755.5049375,2.6305898801864956e-05,355.9127099190776,1856.0,1.0,,388,,,,,,,,
1.6462406390000979,0.0007835549355608151,0.009765625,0.2301132958382368,0.0,0.0015224999999999995,4.0,0.02749999999999997,0.01021780414157547,0.07737498544156551,-0.0011773358564823866,1.7172892569305986e-05,1.1123380346589329e-05,15410.375750000001,1.0,14765.689730468752,2.6305898801864956e-05,364.1849029697238,1856.0,1.0,,389,,,,,,,,
1.7841157430002568,0.0002784488317164602,0.0018310546875,0.22755255736410618,0.0,0.0014750000000000006,4.0,0.025000000000000022,0.012123810440243687,0.07932695187628269,0.0008600785222370178,9.502348007117689e-06,4.321243764593419e-06,15399.095749999999,1.0,14796.15289453125,2.6305898801864956e-05,316.08751610994443,1856.0,1.0,0.36477142572402954,390,,,,,,,,
1.6906461059998037,0.0014207491613209555,0.017504882882349193,0.20629525184631348,0.0,0.0014275000000000017,4.0,0.022499999999999964,0.010148687841137871,0.07931835390627384,-5.515835073310882e-05,6.821576988613742e-06,3.2578883235601097e-06,15412.13575,1.0,14817.613296875,2.6305898801864956e-05,287.7166523845143,1856.0,1.0,,391,,,,,,,,
1.6710687389995655,0.001315127109217329,0.017431640793802217,0.2527651125565171,0.0,0.0013800000000000028,4.0,0.020000000000000018,0.011553561060281936,0.08366892812773585,-0.0009729571174830198,1.0530245901918533e-05,5.343616805930651e-06,15393.2145,1.0,14775.61926953125,2.6305898801864956e-05,312.3463878644562,1856.0,1.0,,392,,,,,,,,
1.7814432810000653,0.0018124455037238363,0.02290039072977379,0.2605870123952627,0.0,0.0013325000000000004,4.0,0.01749999999999996,0.013947951287264004,0.08788887644186616,0.001029448671033606,1.4945475868444191e-05,9.537266919323883e-06,15401.04775,1.0,14761.18951953125,2.6305898801864956e-05,349.55266121357016,1856.0,1.0,,393,,,,,,,,
1.661342909999803,0.000755355530612789,0.005834961018990725,0.21027654875069857,0.0,0.0012850000000000014,4.0,0.015000000000000013,0.010049540433101356,0.0808780281804502,-0.00036314065800979733,8.143640172875166e-06,3.935569210966605e-06,15399.095749999999,1.0,14807.0729765625,2.6305898801864956e-05,300.29020958673954,1856.0,1.0,,394,,,,,,,,
1.664061278999725,0.0014124920913758388,0.020288085986976512,0.2430477673187852,0.0,0.001237499999999999,4.0,0.012499999999999956,0.006077407728298567,0.08262715255841613,-0.005979151115752757,1.6452136833322584e-05,9.553713312016043e-06,15410.375750000001,1.0,14767.03937109375,2.6305898801864956e-05,346.5851740977719,1856.0,1.0,,395,,,,,,,,
1.716980354000043,0.0007364924565207431,0.008422851649811491,0.2519325530156493,0.0,0.00119,4.0,0.010000000000000009,0.015891659335466102,0.08098078751936555,0.0033886171295307577,9.245334922525217e-06,3.713696543172773e-06,15401.04775,1.0,14796.84646484375,2.6305898801864956e-05,301.35452069771065,1856.0,1.0,,396,,,,,,,,
1.707947267000236,0.0012166904760260167,0.016845703197759576,0.22831518575549126,0.0,0.0011425000000000012,4.0,0.007499999999999951,0.010847988247405738,0.0789423887617886,-0.000480496120871976,9.305795344971557e-06,3.9712937791591685e-06,15401.04775,1.0,14797.093332031249,2.6305898801864956e-05,314.49471867787776,1856.0,1.0,,397,,,,,,,,
1.652118506000079,0.0013129728990470824,0.018188476678915322,0.21820564568042755,0.0,0.0010950000000000022,4.0,0.0050000000000000044,0.007300914221559651,0.07839266350492835,-0.0035295727939228527,1.614080986200861e-05,8.859325163257381e-06,15439.943750000002,1.0,14790.4908984375,2.6305898801864956e-05,351.074613193882,1856.0,1.0,,398,,,,,,,,
1.722416290000183,0.001467058786483122,0.014135742210783064,0.2623060764744878,0.0,0.0010474999999999998,4.0,0.0024999999999999467,0.01024511684954632,0.08452322473749518,-0.002786194847431034,1.2651539634589426e-05,6.561571950669531e-06,15401.04775,1.0,14763.16289453125,2.6305898801864956e-05,326.3514577306133,1856.0,1.0,,399,,,,,,,,
1.81795973699991,0.0013704882527534323,0.01591796889260877,0.24476556945592165,0.0,0.0010000000000000009,4.0,0.0,0.008955036813858896,0.08201944129541516,-0.0032063148682937026,1.3686460874851036e-05,7.447552007988634e-06,15403.8945,1.0,14778.238375,2.6305898801864956e-05,345.1947142039883,1856.0,1.0,0.28286802768707275,400,15463.463750000003,15427.2545,15401.04775,70000042,15389.508158333338,best_of_k,15427.2545,21.11561806948044
