elapsed_seconds,optimization_approximate_kl,optimization_clip_fraction,optimization_count_loss,optimization_early_kl_stop,optimization_entropy_coefficient,optimization_epochs_completed,optimization_learning_rate_fraction,optimization_loss,optimization_normalized_entropy,optimization_policy_loss,optimization_q_loss,optimization_value_loss,rollout_best_objective,rollout_feasible_rate,rollout_mean_objective,rollout_reward_scale,rollout_std_objective,rollout_transitions,rollout_vectorized_rollouts,self_imitation_loss,update,validation_archive_best_objective,validation_best_of_k_objective,validation_deterministic_objective,validation_fixed_validation_seed,validation_mean_stochastic_objective,validation_selection_metric,validation_selection_objective,validation_std_stochastic_objective
4.904773863998344,0.008667638889164664,0.11092122395833333,1.5615809460481007,0.0,0.0199525,4.0,0.9975,0.06575296632945538,0.7103806013862292,-0.004307503074718018,0.031889096292919326,0.0059327607838592184,36738.200000000004,1.0,22709.9118125,1.98233933883036e-06,4729.482022629827,2816.0,1.0,,1,36738.200000000004,35511.46,0.0,70000042,23644.05013333333,best_of_k,35511.46,4578.297116765256
4.237651954999819,0.01772404929700618,0.263671875,1.2065383195877075,1.0,0.019905,2.0,0.995,0.03468670346774161,0.7370838820934296,-0.011625316614905993,0.0014978901848129074,0.0010139418451823683,37412.572,1.0,25652.566875,1.98233933883036e-06,4359.829257791208,2816.0,1.0,,2,,,,,,,,
4.831676603000233,0.01009388182622691,0.15234375,1.2209440221389134,0.0,0.0198575,4.0,0.9925,0.03311619639862329,0.7558027356863022,-0.0130574299255386,0.000861339228625487,9.728559340752933e-05,42709.68000000001,1.0,31035.42925,1.98233933883036e-06,5194.424987802109,2816.0,1.0,,3,,,,,,,,
4.324901215000864,0.01711202894997162,0.30712890625,1.2780005931854248,1.0,0.01981,2.0,0.99,0.03473239104884366,0.7608522921800613,-0.014134025201201439,0.0001484606303468657,4.804576140789626e-05,45339.50399999999,1.0,34836.334812500005,1.98233933883036e-06,5062.1983090732265,2816.0,1.0,,4,,,,,,,,
4.463723867998851,0.011904915613639686,0.1557074652777778,1.2898561358451843,1.0,0.0197625,3.0,0.9875,0.04152887247295843,0.7377538581689199,-0.008415183569822047,9.669337022286426e-05,4.287510051249733e-05,51161.464,1.0,38651.06925,1.98233933883036e-06,4590.313956860896,2816.0,1.0,,5,,,,,,,,
4.15693580199877,0.011664288516233986,0.1591796875,1.338202327489853,1.0,0.019715,2.0,0.985,0.0371281571375827,0.7251673092444738,-0.015519480065753063,0.0001094704039132921,4.649226805971315e-05,52818.047999999995,1.0,43235.183,1.98233933883036e-06,4299.893385320267,2816.0,1.0,,6,,,,,,,,
4.680521768999824,0.011596266539224112,0.182861328125,1.349785457054774,0.0,0.0196675,4.0,0.9825,0.04291858978103846,0.7067288110653559,-0.010695195815060288,9.524864829775954e-05,2.915355783746539e-05,54568.731999999996,1.0,47059.032999999996,1.98233933883036e-06,4170.244686564806,2816.0,1.0,,7,,,,,,,,
4.748194671999954,0.011670826832414605,0.196044921875,1.3263818522294362,0.0,0.019620000000000002,4.0,0.98,0.03745569346938282,0.660345621407032,-0.015928692611244816,7.253593306207524e-05,2.8039650942446315e-05,61153.492000000006,1.0,51184.642,1.98233933883036e-06,4359.3578767467,2816.0,1.0,,8,,,,,,,,
4.665204071001426,0.00603520324996983,0.09342447916666667,1.2753617862860362,0.0,0.0195725,4.0,0.9775,0.04130406635037313,0.6306692411502203,-0.010140073640892902,5.7676070052063246e-05,2.8113437262315227e-05,60538.784,1.0,53019.239937499995,1.98233933883036e-06,3338.250497117801,2816.0,1.0,,9,,,,,,,,
5.161193355999785,0.009781692894951751,0.16365559895833334,1.2079506764809291,0.0,0.019525,4.0,0.975,0.034737270014981426,0.6091949020822843,-0.013781279985172054,4.4608649962659307e-05,2.21705875749952e-05,63681.06800000001,1.0,55253.7755625,1.98233933883036e-06,3824.9449576497245,2816.0,1.0,2.0473711490631104,10,,,,,,,,
4.655288476000351,0.011193508350212747,0.141357421875,1.1378535777330399,0.0,0.019477500000000002,4.0,0.9725,0.03517951529162625,0.5777474790811539,-0.010472717035251359,3.5156571963549745e-05,1.822441201208373e-05,63325.252,1.0,56000.20049999999,1.98233933883036e-06,2870.352235037932,2816.0,1.0,,11,,,,,,,,
4.610108801998649,0.008698668840224855,0.12613932291666666,1.0964049597581227,0.0,0.01943,4.0,0.97,0.03676122896528492,0.5585963626702627,-0.0072193293599411845,3.895919106374398e-05,1.988278131648258e-05,64655.128,1.0,58469.3818125,1.98233933883036e-06,2893.698603046793,2816.0,1.0,,12,,,,,,,,
4.6388107020011375,0.010787474037594317,0.13818359375,1.0398373703161876,0.0,0.0193825,4.0,0.9675,0.028369805426336825,0.5472843820850054,-0.013024575232217709,2.672192719425463e-05,1.515703456789197e-05,65127.072,1.0,58928.036375,1.98233933883036e-06,2515.33197824509,2816.0,1.0,,13,,,,,,,,
4.626091879999876,0.012631987259131469,0.16243489583333334,0.976665216187636,1.0,0.019335,4.0,0.965,0.0403511313876758,0.5369416512548923,0.001892758261722823,1.7839741606924992e-05,1.018868257081825e-05,64960.49999999999,1.0,60609.831,1.98233933883036e-06,2232.887688940489,2816.0,1.0,,14,,,,,,,,
4.614958805001152,0.006442989335482707,0.09000651041666667,0.9576063255469004,0.0,0.0192875,4.0,0.9625,0.04077478273150822,0.5253747428456942,0.0030212702695280313,1.664618594077183e-05,9.392459522435578e-06,65042.903999999995,1.0,61007.089875,1.98233933883036e-06,2211.0361574638455,2816.0,1.0,,15,,,,,,,,
4.619213351999861,0.006399862737453077,0.08699544270833333,0.8803244108955065,0.0,0.01924,4.0,0.96,0.02831399580463767,0.4872053886453311,-0.006335195755430807,2.0532667538949074e-05,9.497063577631101e-06,65416.388000000006,1.0,62472.12743750001,1.98233933883036e-06,2187.974990938066,2816.0,1.0,,16,,,,,,,,
4.691103258999647,0.007681662894962453,0.10310872395833333,0.8233930791417757,0.0,0.0191925,4.0,0.9575,0.03196746987911562,0.47912732511758804,-1.0926257042835156e-05,1.7042667157814623e-05,5.376561470408585e-06,67092.112,1.0,63335.106562500005,1.98233933883036e-06,1669.0073584174766,2816.0,1.0,,17,,,,,,,,
4.677218657001504,0.005565961150599226,0.06412760416666667,0.7921524768074354,0.0,0.019145,4.0,0.955,0.025550116823675733,0.4622424679497878,-0.005216928257141262,4.939002322619975e-05,8.227788252194538e-06,67305.52799999999,1.0,63690.5968125,1.98233933883036e-06,1777.8294953428715,2816.0,1.0,,18,,,,,,,,
4.666635386998678,0.005890157231836686,0.07373046875,0.7614230811595917,0.0,0.0190975,4.0,0.9525,0.02006628247909248,0.45562106867631275,-0.00931188534013927,3.598844796215417e-05,9.274177917480605e-06,66355.304,1.0,63734.151625,1.98233933883036e-06,1693.9662583767306,2816.0,1.0,,19,,,,,,,,
5.0457197910000104,0.00754488302588167,0.08943684895833333,0.7394747361540794,0.0,0.01905,4.0,0.95,0.020419696113094687,0.4327254580954711,-0.008323703349257508,8.595422514190432e-05,8.974837385267165e-06,67601.82400000001,1.0,64447.6788125,1.98233933883036e-06,1754.151527666822,2816.0,1.0,1.5578129291534424,20,67601.82400000001,68288.396,68406.984,70000042,66676.6156,best_of_k,68288.396,1028.5327570224022
4.658148438998978,0.007761831809148134,0.10017903645833333,0.7027876699964205,0.0,0.019002500000000002,4.0,0.9475,0.029557224945165217,0.4091721425453822,0.002187141333706677,2.7926391756712594e-05,6.401530527000432e-06,67994.536,1.0,65039.369375,1.98233933883036e-06,1749.5271228073627,2816.0,1.0,,21,,,,,,,,
4.702998893999393,0.00774305304154647,0.095458984375,0.6863786627848943,0.0,0.018955,4.0,0.945,0.02434733436287691,0.4099828153848648,-0.0022039623775829873,1.525540214212621e-05,4.123622754074556e-06,68129.0,1.0,65672.33575,1.98233933883036e-06,1474.0502503912262,2816.0,1.0,,22,,,,,,,,
4.005781207000837,0.02440467214629886,0.22444661458333334,0.6687694191932678,1.0,0.0189075,2.0,0.9425,0.037312359122248985,0.4104682380954425,0.011631559580564499,9.159653245660593e-06,4.678531771181345e-06,68726.172,1.0,65699.0686875,1.98233933883036e-06,1655.529831074113,2816.0,1.0,,23,,,,,,,,
3.739996221000183,0.021401201527017594,0.2662760416666667,0.6647578378518423,1.0,0.018860000000000002,1.0,0.94,0.0430732648819685,0.37041326860586804,0.016818490500251453,9.846715935661146e-06,3.7833754049643176e-06,68927.788,1.0,66007.3486875,1.98233933883036e-06,1502.7409091041877,2816.0,1.0,,24,,,,,,,,
4.648054366998622,0.01174286014156678,0.14689127604166666,0.6751839394370714,0.0,0.0188125,4.0,0.9375,0.03190938641394799,0.3782529756426811,0.00526284275110811,1.0508880033436677e-05,4.358938686740051e-06,68663.94799999999,1.0,66320.207375,1.98233933883036e-06,1414.9679444873,2816.0,1.0,,25,,,,,,,,
4.615612114999749,0.00890135280682595,0.11824544270833333,0.643080323934555,0.0,0.018765,4.0,0.935,0.021636221402635176,0.35469645261764526,-0.00386529928073287,1.3201794312559892e-05,4.1286310856018344e-06,68844.24,1.0,66505.86025,1.98233933883036e-06,1217.5562987668943,2816.0,1.0,,26,,,,,,,,
4.671423547000813,0.013553781957663583,0.14461263020833334,0.6335960626602173,0.0,0.0187175,4.0,0.9325,0.028955493374572445,0.334214902172486,0.0035246359378409884,4.0973314298753394e-05,5.246444696164569e-06,68949.90799999998,1.0,66522.318875,1.98233933883036e-06,1227.961896591965,2816.0,1.0,,27,,,,,,,,
4.593571719000465,0.008452400342586467,0.10107421875,0.5991891721884409,0.0,0.01867,4.0,0.9299999999999999,0.027075678963835042,0.3200685766836007,0.003081561221430699,6.278084538280382e-05,8.121230090788837e-06,69285.992,1.0,67069.21206250001,1.98233933883036e-06,1205.3391404334075,2816.0,1.0,,28,,,,,,,,
4.651668534001146,0.0141774136048222,0.15576171875,0.6248438755671183,1.0,0.0186225,4.0,0.9275,0.033575894543901086,0.3084047983090083,0.008069603083034357,2.961034090276371e-05,8.808473533387465e-06,69222.216,1.0,66915.124375,1.98233933883036e-06,1493.9316242625905,2816.0,1.0,,29,,,,,,,,
5.079387964999114,0.008703820336052104,0.10774739583333333,0.587289460003376,0.0,0.018575,4.0,0.925,0.024558598777124036,0.3074188195168972,0.0008981462645654877,2.2428859002350993e-05,8.081806678698436e-06,69540.03600000001,1.0,66967.2124375,1.98233933883036e-06,1328.787627522382,2816.0,1.0,1.0963877439498901,30,,,,,,,,
4.693686294000145,0.008747245341131324,0.10172526041666667,0.5586387192209562,0.0,0.018527500000000002,4.0,0.9225,0.02496256516315043,0.29850755507747334,0.0024959988271196685,0.0004136690959057887,4.7724401914213864e-05,69289.124,1.0,67138.904125,1.98233933883036e-06,1357.8119329122808,2816.0,1.0,,31,,,,,,,,
4.648757861999911,0.008642753080115048,0.10978190104166667,0.5342809483408928,0.0,0.01848,4.0,0.92,0.02571560062157611,0.2908455232779185,0.0022161125283067427,0.017040062083973833,0.0009125170366246493,69563.09599999999,1.0,67309.25893750001,1.98233933883036e-06,1216.8658259093816,2816.0,1.0,,32,,,,,,,,
4.649828784999045,0.011203281516164528,0.121826171875,0.5336953972776731,0.0,0.0184325,4.0,0.9175,0.031254478866079204,0.2831664892534415,0.007403030584100634,0.018060340082835562,0.0011602206845964247,69833.604,1.0,67631.8228125,1.98233933883036e-06,1119.1096921128162,2816.0,1.0,,33,,,,,,,,
4.437454031998641,0.010945312184301455,0.11317274305555555,0.509420226017634,1.0,0.018385,3.0,0.915,0.029430916998535395,0.2813359349966049,0.008694303015040027,0.0006068567514982229,0.0007545546235026753,69651.672,1.0,67580.76225,1.98233933883036e-06,1057.1407841987918,2816.0,1.0,,34,,,,,,,,
4.676599362999696,0.012182162395239024,0.14078776041666666,0.5161131247878075,0.0,0.0183375,4.0,0.9125,0.030360545594400417,0.2813767728706201,0.009514660147639612,0.0006844079155143845,0.0002630692713789055,69690.268,1.0,67717.593625,1.98233933883036e-06,1046.0661473964537,2816.0,1.0,,35,,,,,,,,
4.7249886139998125,0.004957082072905905,0.062744140625,0.5107613578438759,0.0,0.01829,4.0,0.91,0.013440034449255714,0.2756425042947133,-0.007133237396677335,0.0006726064595265294,1.888757052862881e-05,69669.348,1.0,67570.7155625,1.98233933883036e-06,1069.132030433594,2816.0,1.0,,36,,,,,,,,
4.605936302999908,0.005411012051979469,0.06656901041666667,0.494902815669775,0.0,0.018242500000000002,4.0,0.9075,0.021572324602554243,0.26799557606379193,0.0016852256376296282,0.00014389835814654361,3.295617561131318e-05,69931.06000000001,1.0,67743.19312499999,1.98233933883036e-06,1113.9700938053659,2816.0,1.0,,37,,,,,,,,
4.017834227999629,0.013987249825883433,0.14420572916666666,0.4968680143356323,1.0,0.018195,2.0,0.905,0.03390029441410055,0.27430768807729083,0.013951391524945697,0.0009161135679581397,9.83657522131883e-06,69931.78,1.0,67623.1063125,1.98233933883036e-06,950.5564973453197,2816.0,1.0,,38,,,,,,,,
3.713347235998299,0.06153482152861519,0.2731119791666667,0.5455402930577596,1.0,0.0181475,1.0,0.9025,0.05092100931021074,0.23477516074975333,0.02768877730704844,0.002118935960576588,7.812138240600083e-06,69772.204,1.0,67641.5475,1.98233933883036e-06,1081.3870395400766,2816.0,1.0,,39,,,,,,,,
5.028084786999898,0.008997423181881459,0.1025390625,0.527012168119351,0.0,0.0181,4.0,0.9,0.01828660670435056,0.24887220871945223,-0.003584085924861332,0.00021343592804138703,6.655721714802591e-06,69238.772,1.0,67316.17925000002,1.98233933883036e-06,1083.3419589051437,2816.0,1.0,1.0921523571014404,40,69931.78,70123.56000000001,69178.348,70000042,68898.65493333334,best_of_k,70123.56000000001,717.3542886073758
4.645256578000044,0.0077549041236485055,0.08561197916666667,0.47858398283521336,0.0,0.0180525,4.0,0.8975,0.02519752602286947,0.23562268602351347,0.005491507860521476,0.0002299058796021806,1.4812226860764591e-05,69720.088,1.0,67408.22925,1.98233933883036e-06,928.5559284342755,2816.0,1.0,,41,,,,,,,,
4.699915060000421,0.007348886301002722,0.090087890625,0.45997977753480274,0.0,0.018005,4.0,0.895,0.01841511654977997,0.23657160935302576,-0.0003662191253776352,0.00037837018279181695,7.96301711147862e-06,69384.64,1.0,67328.2565625,1.98233933883036e-06,1145.9530176462017,2816.0,1.0,,42,,,,,,,,
4.6743318240005465,0.0074722828906601535,0.09326171875,0.43142848710219067,0.0,0.0179575,4.0,0.8925,0.017227623107222218,0.22652126538256803,-0.0002826090979700287,4.8805614634754115e-05,3.365752007766787e-06,69496.34000000001,1.0,67554.50700000001,1.98233933883036e-06,852.7854720599431,2816.0,1.0,,43,,,,,,,,
4.705457867001314,0.009959339449693516,0.11580403645833333,0.4145549659927686,0.0,0.017910000000000002,4.0,0.89,0.020595012426686782,0.22375583400328955,0.0038720303564332426,1.695189399697483e-05,2.0095448434176433e-06,69347.82400000001,1.0,67508.1273125,1.98233933883036e-06,947.0096221943979,2816.0,1.0,,44,,,,,,,,
4.6093216450008185,0.01144291596030674,0.11946614583333333,0.4000382361312707,0.0,0.0178625,4.0,0.8875,0.022598266213511426,0.21012434922158718,0.006347402464598417,1.2755433355475057e-05,2.0449346512426323e-06,69410.84400000001,1.0,67248.24606250001,1.98233933883036e-06,1010.3060827407692,2816.0,1.0,,45,,,,,,,,
4.658097950999945,0.0067780833817797275,0.070068359375,0.3848218421141307,0.0,0.017815,4.0,0.885,0.01855183255005007,0.20631582165757814,0.002984098857268691,1.1509116215317286e-05,2.0131986578538394e-06,69385.464,1.0,67480.1408125,1.98233933883036e-06,957.1466527450694,2816.0,1.0,,46,,,,,,,,
3.964510378000341,0.012702890029610595,0.10384114583333333,0.3946675832072894,1.0,0.017767500000000002,2.0,0.8825000000000001,0.015175947026970485,0.21422129745284715,-0.0007532531550774971,1.1475606243038783e-05,1.6985273797824145e-06,69114.84,1.0,67473.2028125,1.98233933883036e-06,908.5156831818255,2816.0,1.0,,47,,,,,,,,
4.646265095001581,0.011903879689706779,0.11824544270833333,0.38777637605865795,1.0,0.01772,4.0,0.88,0.023175635122849297,0.20799769212802252,0.007469856801132361,1.8357046523457637e-05,1.6865205481053636e-06,69305.428,1.0,67420.91343750001,1.98233933883036e-06,895.8460500374405,2816.0,1.0,,48,,,,,,,,
4.631572344000233,0.005641410165272494,0.06998697916666667,0.39475444331765175,0.0,0.0176725,4.0,0.8775,0.01620288929552771,0.21728648928304514,0.0003032415988855064,1.1464454814813507e-05,1.5479594708267541e-06,69622.268,1.0,67677.88393750001,1.98233933883036e-06,938.3279642160024,2816.0,1.0,,49,,,,,,,,
5.062859589999789,0.008430633010637697,0.10432942708333333,0.38800369823972386,0.0,0.017625000000000002,4.0,0.875,0.017445096949813887,0.20210890658199787,0.0016043231007643044,2.0186943856970174e-05,1.478113456225098e-06,70146.176,1.0,67796.8855,1.98233933883036e-06,881.9117874202327,2816.0,1.0,0.9749438762664795,50,,,,,,,,
3.7560479859985207,0.04006976496449018,0.2652994791666667,0.4152636875708898,1.0,0.0175775,1.0,0.8725,0.040186062610397734,0.23624167094628015,0.023568494245409966,5.501355720601472e-05,2.837671066420929e-06,70187.564,1.0,67991.746875,1.98233933883036e-06,914.9214700162713,2816.0,1.0,,51,,,,,,,,
3.688730816000316,0.027948240228208004,0.21712239583333334,0.41893286009629566,1.0,0.01753,1.0,0.87,0.037823004609284304,0.21462032943964005,0.02063433639705181,3.208514681318775e-05,2.222490479653061e-06,70023.128,1.0,67823.23025,1.98233933883036e-06,1192.099086033723,2816.0,1.0,,52,,,,,,,,
3.779852547999326,0.02309199402672372,0.19921875,0.4121353377898534,1.0,0.0174825,1.0,0.8674999999999999,0.025983760443826515,0.23610333601633707,0.009498814741770426,4.868945476725154e-05,1.9695512113078926e-06,70043.36,1.0,67962.67256250001,1.98233933883036e-06,915.4186544340976,2816.0,1.0,,53,,,,,,,,
4.604013156000292,0.005135889495373173,0.060139973958333336,0.4115769552687804,0.0,0.017435,4.0,0.865,0.018724126178616036,0.22739406364659467,0.0021068420416365066,2.0545077404676704e-05,1.9952748857576807e-06,69812.264,1.0,67948.92956250001,1.98233933883036e-06,907.47128072976,2816.0,1.0,,54,,,,,,,,
4.629355994000434,0.007562781118461241,0.08097330729166667,0.38108841081460315,0.0,0.0173875,4.0,0.8625,0.016038112497578066,0.21429420510927835,0.0007062129055460294,2.564056600817821e-05,1.9082129796288427e-06,69816.196,1.0,68021.36762500001,1.98233933883036e-06,924.2576502117029,2816.0,1.0,,55,,,,,,,,
4.638728482999795,0.010022070969815408,0.11075846354166667,0.3790443080166976,0.0,0.01734,4.0,0.86,0.018946706239754956,0.2079874947667122,0.003545447524326543,0.0005418429585877979,2.7235847331515592e-06,70082.62000000001,1.0,68121.8605,1.98233933883036e-06,1072.159746766661,2816.0,1.0,,56,,,,,,,,
4.631355544999678,0.008564494918601895,0.09244791666666667,0.39509303495287895,0.0,0.017292500000000002,4.0,0.8575,0.020521875616395846,0.2110071008404096,0.003070591871316234,0.013446548298058284,1.6346510705034234e-06,69962.816,1.0,68159.1409375,1.98233933883036e-06,966.5697634125372,2816.0,1.0,,57,,,,,,,,
4.720095038001091,0.008655876259799319,0.09220377604166667,0.3815416892369588,0.0,0.017245,4.0,0.855,0.02119279358885251,0.20540479943156242,0.005424354186592002,0.002327592273710858,1.6023692381850196e-06,70075.84,1.0,68287.410875,1.98233933883036e-06,876.8600034861499,2816.0,1.0,,58,,,,,,,,
4.689562953000859,0.008844875018411358,0.08740234375,0.38558316727479297,0.0,0.0171975,4.0,0.8525,0.016192369075724855,0.2045920311162869,0.000387646839953959,0.0004306900379257665,1.932823100977051e-06,69833.82400000001,1.0,68107.999625,1.98233933883036e-06,1106.4111670309821,2816.0,1.0,,59,,,,,,,,
5.086416434000057,0.006061511228997081,0.07853190104166667,0.37348370129863423,0.0,0.017150000000000002,4.0,0.85,0.01390022512835761,0.2060815989971161,-0.0012520827973882358,0.00011587352033378313,1.6685287818063443e-06,70116.41600000001,1.0,68035.3450625,1.98233933883036e-06,1021.3413523678677,2816.0,1.0,0.6852649450302124,60,70187.564,70220.33600000001,69369.948,70000042,69486.816,best_of_k,70220.33600000001,622.6012293004262
4.694087050000235,0.007857682572042298,0.0771484375,0.3527439298729102,0.0,0.0171025,4.0,0.8475,0.016787512926384807,0.20702178589999676,0.0026863348903134465,3.862399573032841e-05,1.4175231607775156e-06,69710.63600000001,1.0,67993.3076875,1.98233933883036e-06,923.0460369121099,2816.0,1.0,,61,,,,,,,,
4.6168462130008265,0.011011608353560595,0.11279296875,0.36871887743473053,0.0,0.017055,4.0,0.845,0.017587915703188628,0.20405960952242216,0.002630812038357059,7.042547726617461e-06,1.3828622845342882e-06,69646.48800000001,1.0,68030.2949375,1.98233933883036e-06,783.1944002446783,2816.0,1.0,,62,,,,,,,,
4.6675690510001,0.006653221837216468,0.07421875,0.36694960047801334,0.0,0.017007500000000002,4.0,0.8425,0.012192246358608827,0.2098909312238296,-0.002587581422024717,1.2720214310017278e-05,1.590182710250095e-06,70238.856,1.0,68156.2861875,1.98233933883036e-06,1028.8763842665776,2816.0,1.0,,63,,,,,,,,
4.658586704999834,0.0045445788310019,0.057210286458333336,0.35562513520320255,0.0,0.01696,4.0,0.84,0.013910049960638085,0.20569070863227049,-0.00038403691723942757,7.630034464985632e-06,1.1623701089054823e-06,69842.196,1.0,68122.7195,1.98233933883036e-06,914.9923238501779,2816.0,1.0,,64,,,,,,,,
4.823204140000598,0.013019006473821074,0.13264973958333334,0.3551792924602826,0.0,0.0169125,4.0,0.8375,0.01702918815620554,0.1985367958744367,0.002626843595256408,5.285061433824012e-06,1.2105383338697113e-06,69926.76800000001,1.0,68173.7875,1.98233933883036e-06,782.6246783866136,2816.0,1.0,,65,,,,,,,,
4.689737443000922,0.01008351217347562,0.09554036458333333,0.33563990021745366,0.0,0.016865,4.0,0.835,0.015619840162495771,0.18054281175136566,0.001881676687238117,4.979591030481363e-06,1.0474217096619516e-06,69900.29599999999,1.0,68138.4634375,1.98233933883036e-06,879.0373848275362,2816.0,1.0,,66,,,,,,,,
4.661334025000542,0.005392023749190382,0.062337239583333336,0.3245811325808366,0.0,0.0168175,4.0,0.8325,0.014944858247569451,0.17330936156213284,0.001629511631714801,4.184100191650941e-06,1.0028530444590917e-06,69549.008,1.0,68006.6514375,1.98233933883036e-06,712.2262249583576,2816.0,1.0,,67,,,,,,,,
4.658386117000191,0.006168376655281804,0.06477864583333333,0.31714821606874466,0.0,0.01677,4.0,0.83,0.01549857557984069,0.1734210563202699,0.00254860541705663,3.739069697417108e-06,9.114007208192257e-07,69202.22,1.0,67858.04806249999,1.98233933883036e-06,685.6298644226687,2816.0,1.0,,68,,,,,,,,
4.6343811780006945,0.00742600296289216,0.08162434895833333,0.3262174353003502,0.0,0.0167225,4.0,0.8275,0.015435941430041566,0.18134117561082044,0.0021566880556444326,3.493323760039857e-06,1.0219566893473104e-06,69775.652,1.0,67869.51518750002,1.98233933883036e-06,786.5983452532105,2816.0,1.0,,69,,,,,,,,
5.116991066999617,0.011319662314283127,0.113525390625,0.3165873736143112,0.0,0.016675000000000002,4.0,0.825,0.01695223884113754,0.17132412207623324,0.003978877250726025,3.6301983925568493e-06,9.189059753111906e-07,70002.412,1.0,67909.837625,1.98233933883036e-06,854.5923872018521,2816.0,1.0,0.7826774716377258,70,,,,,,,,
4.680480629000158,0.009435645563300454,0.09619140625,0.3121648045877616,0.0,0.0166275,4.0,0.8225,0.016992927674436942,0.18125127566357455,0.00439755655437087,3.7356738099939926e-06,1.0241089682949678e-06,70036.992,1.0,68023.64231250001,1.98233933883036e-06,835.9197943926208,2816.0,1.0,,71,,,,,,,,
4.728588668000157,0.006628487004481561,0.06722005208333333,0.3059506230056286,0.0,0.01658,4.0,0.8200000000000001,0.01294274182873778,0.18126989404360452,0.0006498847700034579,3.2073009682183815e-06,9.186593577699872e-07,69848.736,1.0,67927.84912500001,1.98233933883036e-06,768.3674724321249,2816.0,1.0,,72,,,,,,,,
4.646878488998482,0.006248754756645288,0.07080078125,0.312671219309171,0.0,0.016532500000000002,4.0,0.8175,0.018370412746056292,0.1738816083719333,0.00561045416786025,3.851305289496547e-06,1.4186895166782658e-06,69650.09599999999,1.0,67770.288,1.98233933883036e-06,924.1469615375024,2816.0,1.0,,73,,,,,,,,
4.690784370999609,0.0066101698185292435,0.07657877604166667,0.31923842802643776,0.0,0.016485,4.0,0.815,0.014354530440565819,0.18119991260270277,0.0013788927268857758,2.9884768887692794e-06,9.93939721638526e-07,69412.60800000001,1.0,67862.937,1.98233933883036e-06,790.6033125439723,2816.0,1.0,,74,,,,,,,,
4.614282754999294,0.005912519992151033,0.07413736979166667,0.3129961999754111,0.0,0.0164375,4.0,0.8125,0.018360769618690636,0.1690315268933773,0.005488254188094288,3.4562323397343184e-06,1.6297213771091872e-06,69898.484,1.0,67751.61575,1.98233933883036e-06,852.4070070109913,2816.0,1.0,,75,,,,,,,,
3.7359243470000365,0.020907466846021332,0.19205729166666666,0.313999409476916,1.0,0.016390000000000002,1.0,0.81,0.02650604393177976,0.19031872600317,0.013924491824582219,2.923222458169524e-06,1.224221307438711e-06,70193.912,1.0,67980.1380625,1.98233933883036e-06,887.816017393241,2816.0,1.0,,76,,,,,,,,
4.624737824000476,0.007077384377737417,0.08455403645833333,0.31743303562204045,0.0,0.0163425,4.0,0.8075,0.020279348119705293,0.17519289503494898,0.007269749107460181,2.797300695078775e-06,1.5152774466287156e-06,69378.38799999999,1.0,67762.375875,1.98233933883036e-06,863.8081889157953,2816.0,1.0,,77,,,,,,,,
4.655254604998845,0.006153605915997673,0.08056640625,0.31857090443372726,0.0,0.016295,4.0,0.8049999999999999,0.013823070417856798,0.18178399031360945,0.0008558977084855238,3.000716186344713e-06,9.960424757575008e-07,70188.072,1.0,68039.72581250001,1.98233933883036e-06,819.3118978069132,2816.0,1.0,,78,,,,,,,,
4.678743970000141,0.006190513647908347,0.06917317708333333,0.31033410504460335,0.0,0.0162475,4.0,0.8025,0.012103749924184134,0.16677253569165865,-0.0007041595332945386,2.8743044945637544e-06,1.106439550350539e-06,69372.09599999999,1.0,67934.23693750001,1.98233933883036e-06,810.1344094043104,2816.0,1.0,,79,,,,,,,,
5.056837807998818,0.008361166805196754,0.08951822916666667,0.32651756952206296,0.0,0.0162,4.0,0.8,0.015217302881258851,0.1673003410299619,0.0016008159727789462,2.8461733213210514e-06,1.177354614393759e-06,69538.648,1.0,67822.2998125,1.98233933883036e-06,958.130908729707,2816.0,1.0,0.6689257621765137,80,70238.856,70234.8,70149.53199999999,70000042,69595.74906666667,best_of_k,70234.8,579.9040269404888
4.642873960001452,0.007656707985906526,0.08919270833333333,0.3137793553372224,0.0,0.0161525,4.0,0.7975,0.012247662205481902,0.16244942136108875,-0.000818125942411522,2.758870181196471e-06,1.0157705242856234e-06,69950.696,1.0,68277.20106250001,1.98233933883036e-06,794.4307576964285,2816.0,1.0,,81,,,,,,,,
4.64979507300086,0.007629840377414136,0.09236653645833333,0.2837596448759238,0.0,0.016105,4.0,0.795,0.011322570033371449,0.16428356741865477,-0.00022034806897863746,2.599652371297149e-06,9.241800048206036e-07,70061.108,1.0,68099.6338125,1.98233933883036e-06,924.9122620048693,2816.0,1.0,,82,,,,,,,,
4.612718648999362,0.008163818967166966,0.09236653645833333,0.282776174445947,0.0,0.016057500000000002,4.0,0.7925,0.013080448581604287,0.15199772827327251,0.0013816803693771362,2.2812866594298007e-06,8.686278173778798e-07,70213.01999999999,1.0,68126.773,1.98233933883036e-06,794.7740437898051,2816.0,1.0,,83,,,,,,,,
4.644975894001618,0.009271247194324891,0.09383138020833333,0.2897743930419286,0.0,0.01601,4.0,0.79,0.01513649084760497,0.16096385444204012,0.003223983144077162,2.460225739279546e-06,1.147514979038533e-06,69883.92799999999,1.0,68084.45462500001,1.98233933883036e-06,858.3400627348157,2816.0,1.0,,84,,,,,,,,
4.656232650000675,0.006954030765086827,0.07967122395833333,0.3023129254579544,0.0,0.0159625,4.0,0.7875,0.010791478959921127,0.1703385810057322,-0.0016063295188359916,3.227324972006803e-06,1.7375106153849629e-06,70186.00399999999,1.0,68158.91912500001,1.98233933883036e-06,1003.5115626629477,2816.0,1.0,,85,,,,,,,,
4.6540655810003955,0.01087815349186864,0.10302734375,0.2975805488725503,0.0,0.015915,4.0,0.785,0.01766632105379055,0.17437369811038175,0.0055612253296809895,2.846461555350288e-06,1.8813304668204485e-06,70116.84,1.0,68332.74881250001,1.98233933883036e-06,951.1118281330483,2816.0,1.0,,86,,,,,,,,
4.686238391999723,0.007937407657057824,0.08455403645833333,0.31797149529059726,0.0,0.0158675,4.0,0.7825,0.016670299499916535,0.17313058860599995,0.003518009946371118,2.7007546445171706e-06,1.1889215916956648e-06,70227.272,1.0,68366.05425000002,1.98233933883036e-06,933.2580511139124,2816.0,1.0,,87,,,,,,,,
4.630012407000322,0.011399554759440397,0.11669921875,0.34406329194704693,0.0,0.01582,4.0,0.78,0.015183343183404455,0.17885951697826385,0.000808657108185192,3.184025530345025e-06,1.5207558163865542e-06,70159.624,1.0,68264.92537499999,1.98233933883036e-06,904.7833441797599,2816.0,1.0,,88,,,,,,,,
4.673529037001572,0.006160867771185963,0.06331380208333333,0.3246735508243243,0.0,0.015772500000000002,4.0,0.7775,0.014189624809660017,0.1648844207326571,0.0005555317814772328,2.898934364263065e-06,1.529405892597424e-06,70126.784,1.0,68413.8115625,1.98233933883036e-06,883.8940636535914,2816.0,1.0,,89,,,,,,,,
5.0221093999989534,0.006633886942552181,0.07674153645833333,0.32791796947518986,0.0,0.015725,4.0,0.775,0.015971781123274315,0.17434865360458693,0.0023165576858446,2.833271423696715e-06,1.3484329220621778e-06,70224.46,1.0,68523.433625,1.98233933883036e-06,897.3997743045511,2816.0,1.0,0.5780531167984009,90,,,,,,,,
4.6916848059991025,0.011371504444727046,0.10546875,0.31308486064275104,0.0,0.0156775,4.0,0.7725,0.016679408775720123,0.1650542045632998,0.0036113214834282794,2.7427653321865364e-06,2.413813741479013e-06,70224.44,1.0,68493.17675,1.98233933883036e-06,931.7968332562835,2816.0,1.0,,91,,,,,,,,
4.615477365001425,0.01425826714063542,0.12654622395833334,0.30179839208722115,0.0,0.01563,4.0,0.77,0.021465443676182378,0.15979068540036678,0.008868020920393368,2.6539162689687146e-06,9.531163087217465e-06,70069.304,1.0,68493.62512499999,1.98233933883036e-06,838.4676779439585,2816.0,1.0,,92,,,,,,,,
4.714776057000563,0.010043691644964289,0.0859375,0.3411949686706066,0.0,0.015582499999999999,4.0,0.7675,0.011649618196922043,0.17200090425709882,-0.0027334182329165437,3.488510088800467e-06,6.286831824316626e-06,70180.048,1.0,68263.83225,1.98233933883036e-06,921.2046746768265,2816.0,1.0,,93,,,,,,,,
4.647981281999819,0.010773625686451757,0.09912109375,0.33106964205702144,0.0,0.015535,4.0,0.765,0.017440681054722518,0.17799869862695536,0.0036513044227225087,3.444193623636238e-06,1.5203950785765603e-06,70125.164,1.0,68448.7966875,1.98233933883036e-06,880.3692637755923,2816.0,1.0,,94,,,,,,,,
4.6607758439986355,0.006876286160057532,0.07486979166666667,0.3519429763158162,0.0,0.015487500000000001,4.0,0.7625,0.01580388097014899,0.17975381140907606,0.0009895996578658621,3.852816490734767e-06,1.3669144654689565e-06,70231.272,1.0,68479.0050625,1.98233933883036e-06,841.7467148671404,2816.0,1.0,,95,,,,,,,,
4.645354102000056,0.007932443374710848,0.08455403645833333,0.3471414732436339,0.0,0.01544,4.0,0.76,0.022540535021107644,0.1765319729844729,0.007908316561952233,2.938458787108781e-06,1.0076764738187194e-06,70240.668,1.0,68600.773875,1.98233933883036e-06,823.1328829259489,2816.0,1.0,,96,,,,,,,,
4.701286793999316,0.006278572110628507,0.07080078125,0.3556661580999692,0.0,0.0153925,4.0,0.7575000000000001,0.011157265359846255,0.1723015612612168,-0.003974776909065743,3.086464374746356e-06,1.153663063746535e-06,70284.264,1.0,68615.10162500001,1.98233933883036e-06,861.1713631298137,2816.0,1.0,,97,,,,,,,,
4.714375456000198,0.012366306438146069,0.09554036458333333,0.3406318165361881,1.0,0.015345000000000001,4.0,0.755,0.016748320776969194,0.18033639217416444,0.0024831161523858705,3.0858757137745365e-06,1.1331419097852329e-06,70265.58,1.0,68716.6423125,1.98233933883036e-06,815.8149129351598,2816.0,1.0,,98,,,,,,,,
3.7515737590001663,0.05321348964176309,0.22916666666666666,0.3434591343005498,1.0,0.0152975,1.0,0.7525,0.04956973561396202,0.16499017179012299,0.034919690961639084,3.205276433012235e-06,1.407924685281614e-06,70162.016,1.0,68634.80881249999,1.98233933883036e-06,826.6791851238839,2816.0,1.0,,99,,,,,,,,
4.118427606001205,0.02972122477664622,0.18880208333333334,0.3454175392786662,1.0,0.01525,1.0,0.75,0.043073364067822695,0.18284385899702707,0.02858993597328663,2.970124910461891e-06,1.2437387226782448e-06,70304.316,1.0,68587.842625,1.98233933883036e-06,832.8169969552793,2816.0,1.0,0.5635148882865906,100,70304.316,70326.36,70332.47200000001,70000042,69947.30653333332,best_of_k,70326.36,410.8696330071721
3.6951129530007165,0.02943722629982896,0.173828125,0.35732504228750867,1.0,0.0152025,1.0,0.7475,0.02508084095704059,0.15840568393468857,0.00962182879447937,3.059976165786793e-06,1.2330304267986019e-06,70317.188,1.0,68522.36281250001,1.98233933883036e-06,781.3021101519175,2816.0,1.0,,101,,,,,,,,
4.106135047000862,0.014036907029876033,0.11002604166666667,0.34677694241205853,1.0,0.015155,2.0,0.745,0.01574877983269592,0.16916397710641226,0.0009720772504806519,3.709402221829805e-06,2.3280209973108867e-06,70326.716,1.0,68531.7665,1.98233933883036e-06,808.2131330461344,2816.0,1.0,,102,,,,,,,,
4.621259846999237,0.012516217231459828,0.10929361979166667,0.3317951212326686,0.0,0.0151075,4.0,0.7424999999999999,0.018815645171950262,0.17383807338774204,0.004840044770389795,6.510503501052274e-06,2.2902596034176288e-05,70328.59599999999,1.0,68447.01175,1.98233933883036e-06,1001.8823070562908,2816.0,1.0,,103,,,,,,,,
4.664910483999847,0.007334052802330386,0.08610026041666667,0.3242037445306778,0.0,0.01506,4.0,0.74,0.0068678299042706685,0.18101671089728674,-0.006635623401962221,3.3278518382455027e-06,3.808878864693573e-05,70537.74,1.0,68608.06431249999,1.98233933883036e-06,965.332607785862,2816.0,1.0,,104,,,,,,,,
4.004157941999438,0.019196953669289012,0.11653645833333333,0.32463116695483524,1.0,0.015012500000000002,2.0,0.7375,0.02234338487808903,0.1695426603158315,0.008643252115386227,3.028789459828355e-06,2.7058170151879796e-05,70269.332,1.0,68625.08300000001,1.98233933883036e-06,902.2542372735085,2816.0,1.0,,105,,,,,,,,
4.6880730249995395,0.008739092741478771,0.076171875,0.3236102722585201,1.0,0.014965,4.0,0.735,0.019660230066316824,0.17227291750411192,0.006024422318053742,3.5465177082490604e-06,6.600670474673127e-05,70300.164,1.0,68672.552,1.98233933883036e-06,883.4842886834473,2816.0,1.0,,106,,,,,,,,
3.6856264819998614,0.03161389172818948,0.18684895833333334,0.3317475765943527,1.0,0.0149175,1.0,0.7324999999999999,0.038481880677863955,0.15629339466492334,0.0242194967965285,3.6217093490146604e-06,1.2295654566211548e-05,70441.208,1.0,68625.7295,1.98233933883036e-06,868.3113397732117,2816.0,1.0,,107,,,,,,,,
4.646903954000663,0.005754138547047205,0.06290690104166667,0.3157161995768547,0.0,0.014870000000000001,4.0,0.73,0.017347940185572952,0.16537623728315035,0.004020151332952082,3.0789017462969546e-06,1.6301752623348875e-06,70409.992,1.0,68619.1133125,1.98233933883036e-06,895.3104841495076,2816.0,1.0,,108,,,,,,,,
4.6729334329993435,0.009409546378087441,0.086181640625,0.31281938900550205,0.0,0.014822499999999999,4.0,0.7275,0.016113302922652412,0.17077358377476534,0.0030029367189854383,2.131871989755988e-06,9.480524904385371e-07,70290.572,1.0,68664.0191875,1.98233933883036e-06,813.3893195402109,2816.0,1.0,,109,,,,,,,,
5.082546253999681,0.00880927731567501,0.096435546875,0.3038240435222785,0.0,0.014775,4.0,0.725,0.00881517138138103,0.15854443050920963,-0.0040342143426338834,1.9047136277094978e-06,9.743216698628505e-07,70197.748,1.0,68678.5573125,1.98233933883036e-06,781.1409974883081,2816.0,1.0,0.44498440623283386,110,,,,,,,,
4.66216944199914,0.008272092377003068,0.08902994791666667,0.31705818821986514,0.0,0.014727500000000001,4.0,0.7224999999999999,0.018145197497991223,0.15980974088112512,0.004644316213671118,2.6361450551348753e-06,2.612200252845772e-06,70206.648,1.0,68672.2105625,1.98233933883036e-06,772.3795744507253,2816.0,1.0,,111,,,,,,,,
4.649799834000078,0.010572410280310862,0.10026041666666667,0.3040328746040662,0.0,0.01468,4.0,0.72,0.019923548573084798,0.15748767430583635,0.00702962779905647,3.3466413356109115e-06,7.724527601264223e-06,70213.172,1.0,68517.07275,1.98233933883036e-06,1138.1578719650176,2816.0,1.0,,112,,,,,,,,
4.737228431000403,0.008478411970742172,0.089599609375,0.29709983989596367,0.0,0.014632500000000001,4.0,0.7175,0.020800579397473484,0.158927363033096,0.008265642817908278,2.583428122685897e-06,1.0381848918920392e-05,70337.428,1.0,68615.725125,1.98233933883036e-06,870.8442501927284,2816.0,1.0,,113,,,,,,,,
4.667412806000357,0.011567189188814572,0.11100260416666667,0.2905479483306408,0.0,0.014585,4.0,0.7150000000000001,0.014091463623723635,0.15948954472939172,0.0018802065945540865,3.4152289553427786e-06,1.9345901904443963e-05,70233.404,1.0,68496.3589375,1.98233933883036e-06,962.0363328968514,2816.0,1.0,,114,,,,,,,,
4.709167472001354,0.007419315946665487,0.07307942708333333,0.296215424935023,0.0,0.014537500000000002,4.0,0.7125,0.01795322886512925,0.16328694360951582,0.005508423666469753,2.6692547123730037e-06,1.5100917513185172e-05,70129.60800000001,1.0,68598.03737500001,1.98233933883036e-06,766.9010333352078,2816.0,1.0,,115,,,,,,,,
4.650209093999365,0.00465287656477642,0.052978515625,0.2924408403535684,0.0,0.014490000000000001,4.0,0.71,0.00974968287240093,0.15915710416932902,-0.002569878085826834,2.3972246860163673e-06,6.930236182256522e-06,70283.016,1.0,68584.02456250001,1.98233933883036e-06,845.1408397991624,2816.0,1.0,,116,,,,,,,,
4.6782091519999085,0.009640924502754444,0.09065755208333333,0.28708018610874814,0.0,0.0144425,4.0,0.7075,0.015106908957629154,0.14967228782673678,0.002912168662684659,1.8306190649279113e-06,4.3817539345051655e-06,70259.944,1.0,68642.75093750001,1.98233933883036e-06,784.8914306619877,2816.0,1.0,,117,,,,,,,,
4.62605592699947,0.01066094878460433,0.09212239583333333,0.2694324677189191,1.0,0.014395000000000002,4.0,0.7050000000000001,0.009880160728547102,0.1573694677402576,-0.0013268846087157726,1.735135091015157e-06,1.1623355102112025e-06,70297.71199999998,1.0,68542.88418749999,1.98233933883036e-06,834.0272968813515,2816.0,1.0,,118,,,,,,,,
4.669756237999536,0.007621191315341965,0.07893880208333333,0.27014680827657384,0.0,0.014347500000000001,4.0,0.7025,0.007585475182471176,0.1507822386920452,-0.003759171813726425,1.724903701945853e-06,9.635909516229428e-07,70201.376,1.0,68476.0875,1.98233933883036e-06,889.3467852279276,2816.0,1.0,,119,,,,,,,,
5.082189532000484,0.013634195604405855,0.10441080729166667,0.2694507862130801,1.0,0.0143,4.0,0.7,0.02072943602494585,0.14870829756061235,0.009382834852052232,1.702716251846444e-06,8.400218381628596e-07,70237.788,1.0,68569.43012500001,1.98233933883036e-06,916.2954223434074,2816.0,1.0,0.5918066501617432,120,70537.74,70319.72,70283.80399999999,70000042,70052.81,best_of_k,70319.72,354.6124963705217
4.6696933940002054,0.008287822932935285,0.09513346354166667,0.2515371522555749,0.0,0.014252500000000001,4.0,0.6975,0.011830693508575981,0.14613682528336844,0.001335991391291221,1.7016078620220771e-06,9.786418478559729e-07,70271.66399999999,1.0,68638.32943750001,1.98233933883036e-06,839.0228383573238,2816.0,1.0,,121,,,,,,,,
4.621559260998765,0.007582460977635226,0.06697591145833333,0.25602485487858456,0.0,0.014205,4.0,0.6950000000000001,0.007694476313190535,0.15373608469963074,-0.002956187274927894,4.5032466308233175e-05,5.747705277059367e-05,70232.992,1.0,68636.6171875,1.98233933883036e-06,853.9196253795434,2816.0,1.0,,122,,,,,,,,
4.691914523000378,0.009682760385101593,0.08854166666666667,0.2863177644709746,0.0,0.0141575,4.0,0.6925,0.01479105896820935,0.15426203484336534,0.0025892409030348063,8.548588143260834e-05,0.00012269254868139493,70429.09599999999,1.0,68576.302,1.98233933883036e-06,861.1463478497719,2816.0,1.0,,123,,,,,,,,
3.668117645998791,0.04056762731415612,0.22330729166666666,0.3513923188050588,1.0,0.014110000000000001,1.0,0.69,0.03461021836847067,0.18012011547883353,0.01949318964034319,0.00013817320874901876,0.00015017943466470265,69923.18,1.0,68324.1869375,1.98233933883036e-06,890.5970772114737,2816.0,1.0,,124,,,,,,,,
4.689056965999043,0.017525781674227876,0.13916015625,0.35618456949790317,1.0,0.0140625,4.0,0.6875,0.017469680033779394,0.17563959459463754,0.002045270249557992,0.00017310260617856935,0.00013560419216673836,69802.464,1.0,68349.43575,1.98233933883036e-06,907.3462004557246,2816.0,1.0,,125,,,,,,,,
4.631780293000702,0.007941529361057556,0.064453125,0.30858372524380684,0.0,0.014015,4.0,0.685,0.016888790802719694,0.17183892304698625,0.0036562905879691243,0.00033888490543176886,0.0003554960831403757,69679.84400000001,1.0,68443.17225,1.98233933883036e-06,900.0207792703674,2816.0,1.0,,126,,,,,,,,
4.6223015319992555,0.011640223234550717,0.112548828125,0.3133859733740489,0.0,0.0139675,4.0,0.6825,0.016359618787343305,0.17353229969739914,0.0030442359081159034,0.0001765107157325474,0.00010449152024231505,70293.888,1.0,68525.1795,1.98233933883036e-06,903.6501695475143,2816.0,1.0,,127,,,,,,,,
4.65103490599904,0.0071947823275001115,0.07413736979166667,0.3089306838810444,0.0,0.01392,4.0,0.6799999999999999,0.016823988039201748,0.17413234462340674,0.0036646806596157453,0.00017018481768597363,0.00023935359534258774,70161.072,1.0,68571.843,1.98233933883036e-06,878.365547303343,2816.0,1.0,,128,,,,,,,,
4.636037551999834,0.005326073945650951,0.051350911458333336,0.3108299486339092,0.0,0.0138725,4.0,0.6775,0.016760254967569683,0.1760119286676248,0.003635076767144104,2.6387329124114938e-05,4.553400040663291e-05,70245.02,1.0,68691.2838125,1.98233933883036e-06,747.9300170692544,2816.0,1.0,,129,,,,,,,,
5.063233184000637,0.009378443290896618,0.08203125,0.3124497743944327,0.0,0.013825,4.0,0.675,0.010496552024657527,0.16445274775226912,-0.002859182752824078,3.41837859897017e-05,6.772802298845211e-06,70301.532,1.0,68713.912625,1.98233933883036e-06,770.5638220206728,2816.0,1.0,0.5665556192398071,130,,,,,,,,
4.777969676999419,0.008850939488768953,0.087158203125,0.3061690318087737,0.0,0.013777500000000002,4.0,0.6725,0.021595875344549615,0.1704980538537105,0.008632858633063734,2.1656002388681372e-05,2.872891907183354e-06,70192.64800000002,1.0,68750.8976875,1.98233933883036e-06,745.6047025226585,2816.0,1.0,,131,,,,,,,,
4.661542378000377,0.006432379277931943,0.06998697916666667,0.2846710756421089,0.0,0.01373,4.0,0.6699999999999999,0.013254661675697813,0.1638363233457009,0.0011909214469293754,0.0007880306110337187,1.7113478302614264e-06,70341.82,1.0,68829.2116875,1.98233933883036e-06,743.1257773053309,2816.0,1.0,,132,,,,,,,,
4.712002330001269,0.010280227406489928,0.10123697916666667,0.28027380878726643,0.0,0.0136825,4.0,0.6675,0.014412484306376427,0.16387397050857544,0.0025420768070034683,0.0009792694018339414,1.9928853400112225e-06,70347.832,1.0,68777.50493750001,1.98233933883036e-06,767.0685587402671,2816.0,1.0,,133,,,,,,,,
4.666428543998336,0.007109884539760951,0.07307942708333333,0.30688827484846115,0.0,0.013635000000000001,4.0,0.665,0.013109265933356559,0.16373221514125666,-3.777390035490195e-05,0.0003455684682952172,1.1163089842132952e-06,70241.28,1.0,68799.5441875,1.98233933883036e-06,847.9527464388684,2816.0,1.0,,134,,,,,,,,
4.640535667998847,0.007978733169243432,0.07462565104166667,0.31590307379762333,0.0,0.013587499999999999,4.0,0.6625,0.01955791373620741,0.16394144917527834,0.0059770078320677085,0.00012609592494072785,1.3930835933706476e-06,70317.012,1.0,68735.0741875,1.98233933883036e-06,890.3586578379334,2816.0,1.0,,135,,,,,,,,
4.674128960001326,0.009071968721708382,0.08626302083333333,0.31294854854544,0.0,0.01354,4.0,0.6599999999999999,0.015084500599186867,0.16502890114982924,0.0016651198190326493,5.589426405094855e-05,1.709222274826061e-06,70479.0,1.0,68855.2323125,1.98233933883036e-06,830.3002220679912,2816.0,1.0,,136,,,,,,,,
4.658682248000332,0.00947933122682798,0.07779947916666667,0.3196253503362338,0.0,0.013492500000000001,4.0,0.6575,0.018068267333243664,0.16586705421408018,0.004322657904898127,1.60873561014796e-05,1.3890657347322606e-06,70379.92000000001,1.0,68862.5433125,1.98233933883036e-06,784.8592306606814,2816.0,1.0,,137,,,,,,,,
4.737877428000502,0.007783861115839841,0.07950846354166667,0.31143901124596596,0.0,0.013445000000000002,4.0,0.655,0.010128404081721479,0.1593451239168644,-0.0033023537835106254,6.1696848092651635e-06,1.1710652122095173e-06,70458.29200000002,1.0,68872.9708125,1.98233933883036e-06,856.7723428626412,2816.0,1.0,,138,,,,,,,,
4.646551240999543,0.004484954558319505,0.048258463541666664,0.30299411217371625,0.0,0.013397500000000001,4.0,0.6525000000000001,0.01329922626609914,0.1632567886263132,0.0003360020151982705,2.7986729188948325e-06,9.42406034691127e-07,70413.748,1.0,68870.918625,1.98233933883036e-06,767.5301913137425,2816.0,1.0,,139,,,,,,,,
5.0962714979996235,0.008278539377414518,0.055582682291666664,0.30009542033076286,0.0,0.01335,4.0,0.65,0.02147152230221157,0.16083734358350435,0.008613214634048441,2.9328798755538323e-06,8.439108232967859e-07,70506.61200000001,1.0,68926.0603125,1.98233933883036e-06,779.6923392096087,2816.0,1.0,0.5847820043563843,140,70537.74,70444.888,70472.728,70000042,70137.26693333333,best_of_k,70444.888,416.5746015070171
4.696011736999935,0.010321066900916756,0.08740234375,0.2905731437106927,0.0,0.013302500000000002,4.0,0.6475,0.01807757860903318,0.14987402347226939,0.005541970778722316,2.234845278318668e-06,8.516418669538931e-07,70378.616,1.0,68874.4208125,1.98233933883036e-06,777.3912309742065,2816.0,1.0,,141,,,,,,,,
4.689273423000486,0.004105452166510777,0.046712239583333336,0.2916817752023538,0.0,0.013255000000000001,4.0,0.645,0.011505314488507187,0.15226557478308678,-0.0010612850698331993,2.4046202990272527e-06,1.1006131662346281e-06,70468.99200000001,1.0,68857.251375,1.98233933883036e-06,911.6030437416873,2816.0,1.0,,142,,,,,,,,
4.656674791000114,0.0057115904552702546,0.059488932291666664,0.2900080271065235,0.0,0.0132075,4.0,0.6425000000000001,0.014197808874693388,0.15414913867910704,0.0017325766578627129,2.26686990364063e-06,1.057994827154592e-06,70391.34400000001,1.0,68889.8533125,1.98233933883036e-06,886.2076317288894,2816.0,1.0,,143,,,,,,,,
4.6974709189998975,0.00627177709033333,0.07063802083333333,0.2707478702068329,0.0,0.013160000000000002,4.0,0.64,0.011498420722394561,0.1456275942424933,-0.00012312449204425016,1.7892256020483426e-06,8.615469013761867e-07,70399.764,1.0,68888.5734375,1.98233933883036e-06,779.2926250544041,2816.0,1.0,,144,,,,,,,,
4.641340879999916,0.0036270222975218758,0.045979817708333336,0.266202624887228,0.0,0.013112500000000001,4.0,0.6375,0.010344475992800048,0.14561116384963194,-0.001056949608027935,1.8072016321942404e-06,8.792283736624995e-07,70411.524,1.0,68882.6771875,1.98233933883036e-06,791.0237642920979,2816.0,1.0,,145,,,,,,,,
4.687784386000203,0.006953908227908793,0.066162109375,0.2648244872689247,0.0,0.013065,4.0,0.635,0.01246106760421147,0.14579835844536623,0.001124115427955985,1.7288653329690835e-06,8.202950070312909e-07,70370.1,1.0,68900.4601875,1.98233933883036e-06,803.221483961126,2816.0,1.0,,146,,,,,,,,
4.653161797999928,0.004895006470005588,0.060953776041666664,0.2693777581055959,0.0,0.013017500000000001,4.0,0.6325000000000001,0.013720519142225385,0.14604517010351023,0.0021522558527067304,1.67974615313445e-06,7.018550481537508e-07,70417.35600000001,1.0,68927.2758125,1.98233933883036e-06,813.9711796450248,2816.0,1.0,,147,,,,,,,,
4.743811960999665,0.00533152724412389,0.056070963541666664,0.25693479056159657,0.0,0.01297,4.0,0.63,0.017508134643624846,0.1422351561486721,0.006505417598721881,2.379682001674155e-06,1.0580729868555256e-06,70368.23200000002,1.0,68869.8620625,1.98233933883036e-06,910.3927390329933,2816.0,1.0,,148,,,,,,,,
4.626396669000314,0.014021525243658553,0.100341796875,0.24870196729898453,1.0,0.0129225,4.0,0.6275,0.01128766305434207,0.13749830548961958,0.000628678205733498,2.55873437045769e-06,9.03699922597904e-07,70464.97200000001,1.0,68885.0516875,1.98233933883036e-06,883.1520151928277,2816.0,1.0,,149,,,,,,,,
5.102275916999133,0.00631758903121001,0.0703125,0.24024275379876295,0.0,0.012875000000000001,4.0,0.625,0.012656724948707657,0.13367693902303776,0.002364894491620362,3.004881231542337e-06,9.656585030863123e-07,70462.08,1.0,68854.56875,1.98233933883036e-06,857.6054556026551,2816.0,1.0,0.6366603374481201,150,,,,,,,,
4.005635094999889,0.01845886307390761,0.06689453125,0.2765775074561437,1.0,0.0128275,2.0,0.6225,0.018588007738192875,0.13633028914531073,0.006506772556652625,3.8681386627104075e-06,1.5008473989534348e-06,70427.224,1.0,68787.69412500001,1.98233933883036e-06,913.7900512147119,2816.0,1.0,,151,,,,,,,,
4.658610127999054,0.006018326695925206,0.056722005208333336,0.24238315845529237,0.0,0.01278,4.0,0.62,0.005510588904144242,0.1343046585097909,-0.004892959084827453,3.7035512908308497e-06,8.672742571510147e-07,70340.46,1.0,68793.52025,1.98233933883036e-06,821.0241426267172,2816.0,1.0,,152,,,,,,,,
4.643641681999725,0.004331503129949492,0.052001953125,0.23503311661382517,0.0,0.0127325,4.0,0.6174999999999999,0.01108038232390148,0.13934562044839063,0.0011004335441005726,1.9017414032873603e-05,1.2175392238115517e-06,70411.364,1.0,68781.538,1.98233933883036e-06,927.1111168829767,2816.0,1.0,,153,,,,,,,,
4.642637126000409,0.007379364587125774,0.06315104166666667,0.2295193218936523,0.0,0.012685,4.0,0.615,0.013781431732544055,0.13905603562792143,0.004067574627697468,1.263871404925491e-05,1.1055987959214992e-06,70437.804,1.0,68753.56575000001,1.98233933883036e-06,821.2462345210112,2816.0,1.0,,154,,,,,,,,
4.656662203999076,0.006275930699820502,0.057698567708333336,0.2327916460732619,0.0,0.0126375,4.0,0.6125,0.013212925531358147,0.13822186148415008,0.0033181330654770136,1.543491190621656e-05,8.899510390847354e-07,70456.62400000001,1.0,68748.0265,1.98233933883036e-06,839.5766983005498,2816.0,1.0,,155,,,,,,,,
4.665083773999868,0.009974620770205908,0.07600911458333333,0.2500051048894723,0.0,0.01259,4.0,0.61,0.009338537876222594,0.13993166821698347,-0.0014016593340784311,1.11718448844537e-05,1.129209029689567e-06,70404.81599999999,1.0,68665.72206249999,1.98233933883036e-06,923.3253632671947,2816.0,1.0,,156,,,,,,,,
4.683444579999559,0.00978683113018756,0.07438151041666667,0.2460766906539599,0.0,0.012542500000000002,4.0,0.6074999999999999,0.01123381881431366,0.13649584352970123,0.000640735263004899,8.108320974050306e-06,8.74063895632086e-07,70321.52,1.0,68648.325125,1.98233933883036e-06,829.9096661581519,2816.0,1.0,,157,,,,,,,,
4.670780100001139,0.005944182251502876,0.060709635416666664,0.2461415051172177,0.0,0.012495,4.0,0.605,0.01130174232336382,0.13913314417004585,0.0007324952942629656,2.58372803803771e-06,7.637610697959948e-07,70359.19600000001,1.0,68811.85075000001,1.98233933883036e-06,792.3126859478767,2816.0,1.0,,158,,,,,,,,
4.660877390000678,0.005335794902409911,0.053629557291666664,0.25248046529789764,0.0,0.0124475,4.0,0.6025,0.009856335969137339,0.12928641525407633,-0.001159034591789047,2.286716863864058e-06,8.217074641455232e-07,70308.76,1.0,68839.14943749999,1.98233933883036e-06,857.2350523258979,2816.0,1.0,,159,,,,,,,,
5.085362813000756,0.009135117250356947,0.08642578125,0.2499562700589498,0.0,0.012400000000000001,4.0,0.6,0.011421632952988148,0.13463731979330382,0.0005917046219110489,1.202504549742874e-05,8.281398251597238e-07,70412.70400000001,1.0,68877.769625,1.98233933883036e-06,825.1362212140241,2816.0,1.0,0.6015584468841553,160,70537.74,70493.76800000001,70410.92000000001,70000042,70192.76533333333,best_of_k,70493.76800000001,369.2533387997394
4.680264705999434,0.009841503941392679,0.06990559895833333,0.2871556666990121,0.0,0.012352499999999999,4.0,0.5974999999999999,0.01417708812126269,0.14139315485954285,0.001564277452416718,9.000472189768516e-06,1.3688659095123512e-06,70324.0,1.0,68709.796,1.98233933883036e-06,976.8965603368681,2816.0,1.0,,161,,,,,,,,
4.666422070000408,0.00945241748493686,0.061930338541666664,0.2808869071304798,0.0,0.012305,4.0,0.595,0.017954582076830167,0.14667968762417635,0.00571427228472506,3.225782037930003e-06,1.0709947702025602e-06,70425.396,1.0,68754.8764375,1.98233933883036e-06,892.9834242274931,2816.0,1.0,,162,,,,,,,,
4.673635277000358,0.0063544575661846165,0.059000651041666664,0.2739317777256171,0.0,0.012257500000000001,4.0,0.5925,0.01361503686348442,0.13913896276305118,0.001623231451958418,3.2751343847318517e-06,7.682169638201231e-07,70393.168,1.0,68840.64006250001,1.98233933883036e-06,813.0755377243523,2816.0,1.0,,163,,,,,,,,
4.751884252000309,0.01248950728552245,0.10091145833333333,0.26832419261336327,0.0,0.012210000000000002,4.0,0.5900000000000001,0.01790486427489668,0.14211014161507288,0.006211474576654534,0.00010629616644071878,3.430501685386389e-06,70459.348,1.0,68857.9778125,1.98233933883036e-06,863.8961790478451,2816.0,1.0,,164,,,,,,,,
4.6826725770006306,0.004983791398544213,0.047281901041666664,0.2765658398469289,0.0,0.012162500000000001,4.0,0.5875,0.008997876177697131,0.13913904875516891,-0.003177646237115065,0.00011715605694462283,5.5586315932979837e-05,70484.78400000001,1.0,68842.8681875,1.98233933883036e-06,865.0842890199872,2816.0,1.0,,165,,,,,,,,
4.614892477000467,0.007930067360359061,0.07722981770833333,0.2629654457171758,0.0,0.012115,4.0,0.585,0.019483120670580927,0.13518510945141315,0.0078736418314899,4.450378137714021e-06,0.00019705759004769638,70376.72000000002,1.0,68872.4871875,1.98233933883036e-06,858.8378111169127,2816.0,1.0,,166,,,,,,,,
4.671292663999338,0.0068796981628149,0.06941731770833333,0.26032282784581184,0.0,0.0120675,4.0,0.5825,0.01618225862815355,0.13606787007302046,0.004793304794778426,8.33419364691205e-06,2.7956646178495248e-05,70326.62400000001,1.0,68913.6213125,1.98233933883036e-06,831.81404020672,2816.0,1.0,,167,,,,,,,,
4.713197314000354,0.005806316131227618,0.055989583333333336,0.27349282056093216,0.0,0.012020000000000001,4.0,0.5800000000000001,0.011147288217519721,0.14462385512888432,-0.0007997557986527681,9.681959378819252e-06,1.9626464606403715e-05,70420.67200000002,1.0,68862.38343750002,1.98233933883036e-06,827.2149873569358,2816.0,1.0,,168,,,,,,,,
4.711286830000972,0.004304338857386607,0.042073567708333336,0.27382349595427513,0.0,0.0119725,4.0,0.5775,0.013187844888307154,0.1418721123288075,0.0011925935978069901,2.9599758780326133e-06,4.687818394207473e-06,70332.588,1.0,68747.0374375,1.98233933883036e-06,970.9256965181152,2816.0,1.0,,169,,,,,,,,
5.079123943998638,0.0033979407308137866,0.042643229166666664,0.2745215706527233,0.0,0.011925000000000002,4.0,0.575,0.013341099542837279,0.1472388015439113,0.001369032698373,9.695171163078461e-06,1.682575221669443e-06,70319.504,1.0,68822.16081249999,1.98233933883036e-06,839.001300442728,2816.0,1.0,0.5819724798202515,170,,,,,,,,
4.699710336000862,0.005656719546404787,0.05615234375,0.2728210724890232,0.0,0.011877500000000001,4.0,0.5725,0.010520574486387583,0.1501502034564813,-0.0013401297619566321,2.5052222772122452e-05,1.1073406653849815e-06,70329.90000000001,1.0,68804.03012500002,1.98233933883036e-06,894.6837943647924,2816.0,1.0,,171,,,,,,,,
4.652487512999869,0.007271259616821624,0.0615234375,0.2674333279331525,0.0,0.01183,4.0,0.5700000000000001,0.0071601750096306205,0.14536358695477247,-0.0044932323701990145,9.931345402947045e-06,7.972337930558145e-07,70410.084,1.0,68882.2894375,1.98233933883036e-06,754.6656042464663,2816.0,1.0,,172,,,,,,,,
4.712514856999405,0.006987802554136853,0.06844075520833333,0.2644456923007965,0.0,0.011782500000000001,4.0,0.5675,0.015332318687190613,0.14585253658394018,0.003827790690896412,3.153763041533845e-06,8.708876582848765e-07,70458.128,1.0,68859.91562500001,1.98233933883036e-06,897.8351322959346,2816.0,1.0,,173,,,,,,,,
4.660708882000108,0.0058889494776318925,0.060546875,0.27459631984432537,0.0,0.011735,4.0,0.565,0.018356893677264452,0.14738316523532072,0.006355819292366505,3.400516779568837e-06,9.194902853929913e-07,70391.47600000001,1.0,68863.96975,1.98233933883036e-06,913.5186077026234,2816.0,1.0,,174,,,,,,,,
4.707849063999674,0.0035606921229363784,0.040283203125,0.26289204880595207,0.0,0.0116875,4.0,0.5625,0.010357859694825796,0.1445098277181387,-0.0010986545433600743,3.7644435906258877e-06,9.884189537956445e-07,70469.876,1.0,68855.78031249999,1.98233933883036e-06,923.9759781456187,2816.0,1.0,,175,,,,,,,,
4.636045053999624,0.006892661932995499,0.07657877604166667,0.25124671931068104,0.0,0.011640000000000001,4.0,0.56,0.009273648135907328,0.1391459470614791,-0.0016695821153310437,2.308156538788353e-06,6.462007107188583e-07,70261.69200000001,1.0,68902.2239375,1.98233933883036e-06,780.5857358018054,2816.0,1.0,,176,,,,,,,,
4.628453257999354,0.010513895226826738,0.08919270833333333,0.2581744355460008,0.0,0.0115925,4.0,0.5575,0.010667672972582901,0.14647917449474335,-0.0005436682840809226,2.6161226713838914e-06,8.341056130234392e-07,70452.96800000001,1.0,68922.7404375,1.98233933883036e-06,878.9901227471568,2816.0,1.0,,177,,,,,,,,
4.596657865999077,0.014810125362021864,0.12150065104166667,0.27811534454425174,1.0,0.011545,4.0,0.5549999999999999,0.014429592663267007,0.15106821370621523,0.0022672938648611307,1.850181741739713e-06,8.569190252198192e-07,70327.572,1.0,68856.20693750001,1.98233933883036e-06,866.2794526136614,2816.0,1.0,,178,,,,,,,,
4.636388403998353,0.0064291488075376435,0.072265625,0.26193779582778615,0.0,0.0114975,4.0,0.5525,0.012341130146523938,0.14841397292912006,0.0009499830581868688,1.8664708344810303e-06,9.214917161178467e-07,70380.576,1.0,68843.0965625,1.98233933883036e-06,931.5919091506396,2816.0,1.0,,179,,,,,,,,
5.061269508998521,0.0076559413435302775,0.064208984375,0.26050035531322163,0.0,0.01145,4.0,0.55,0.014663574780570343,0.139988890538613,0.0032398112040633955,1.1886366384790866e-05,8.594608947494938e-07,70396.94800000002,1.0,68919.767375,1.98233933883036e-06,801.1391322305436,2816.0,1.0,0.5909907817840576,180,70537.74,70455.12000000001,70436.596,70000042,70248.66906666667,best_of_k,70455.12000000001,342.0318133584392
4.683762650000062,0.006092907826186433,0.05908203125,0.24867080835004648,0.0,0.011402500000000001,4.0,0.5475,0.008498776616761461,0.14403944152096906,-0.002293531239653627,7.306167134402131e-06,8.937147721136777e-07,70440.06800000001,1.0,68897.17662500001,1.98233933883036e-06,765.8060215342464,2816.0,1.0,,181,,,,,,,,
4.663549376999072,0.004699188818909998,0.048990885416666664,0.2573023239771525,0.0,0.011355,4.0,0.5449999999999999,0.008634839439764619,0.13673321778575578,-0.0026783530289928117,1.6702499342121275e-06,1.0295945476930986e-06,70429.064,1.0,68849.575,1.98233933883036e-06,953.6020301189593,2816.0,1.0,,182,,,,,,,,
4.608114233999004,0.0055200197646172455,0.0556640625,0.24820178064207235,0.0,0.0113075,4.0,0.5425,0.009065695810325755,0.13258963202436766,-0.0018456026640099783,1.2560604858435909e-06,6.824265099680815e-07,70357.21600000001,1.0,68918.02231249999,1.98233933883036e-06,834.5033740048056,2816.0,1.0,,183,,,,,,,,
4.597778669000036,0.004424176068816621,0.042561848958333336,0.24491069900492826,0.0,0.011260000000000001,4.0,0.54,0.013212460486101918,0.12375315651297569,0.002359940359989802,1.3484926289682637e-06,6.212277128270216e-07,70395.88,1.0,68939.34418750001,1.98233933883036e-06,758.2052478077526,2816.0,1.0,,184,,,,,,,,
4.644494944999678,0.010658510544847863,0.07771809895833333,0.24279937086006007,0.0,0.0112125,4.0,0.5375,0.011785026513583338,0.12241146713495255,0.0010170417372137308,1.565977299833321e-06,7.962297274843877e-07,70346.444,1.0,68878.469875,1.98233933883036e-06,820.1348769287798,2816.0,1.0,,185,,,,,,,,
4.306520616999478,0.013032709700433366,0.08040364583333333,0.27563361326853436,1.0,0.011165,3.0,0.5349999999999999,0.009816665357599655,0.1195604730811384,-0.002630974114355114,2.1921893752126684e-06,1.264901754893799e-06,70342.528,1.0,68792.438,1.98233933883036e-06,968.1006230105935,2816.0,1.0,,186,,,,,,,,
4.664834574999986,0.006960883120354329,0.058024088541666664,0.25013644558688003,0.0,0.0111175,4.0,0.5325,0.01193519395989521,0.1181800023963054,0.0007417582091875374,1.3253658579515104e-06,6.938255812845758e-07,70353.332,1.0,68896.06700000001,1.98233933883036e-06,827.5989058828569,2816.0,1.0,,187,,,,,,,,
4.697290808000616,0.004973743735173268,0.05859375,0.23417882124582926,0.0,0.011070000000000002,4.0,0.53,0.00793529037036933,0.11789384763687849,-0.0024689610969896116,1.0184518946706096e-06,5.866928513379813e-07,70419.04800000001,1.0,68934.6023125,1.98233933883036e-06,786.1292516341734,2816.0,1.0,,188,,,,,,,,
4.64822037399972,0.008352840062939274,0.07535807291666667,0.2317182638992866,0.0,0.011022500000000001,4.0,0.5275000000000001,0.011564637204476943,0.11875723768025637,0.0012872689015542467,1.1106090743358739e-06,6.904740802819257e-07,70489.172,1.0,68931.24337499999,1.98233933883036e-06,779.2414700685588,2816.0,1.0,,189,,,,,,,,
5.072992675999558,0.005450814194805531,0.053548177083333336,0.2345122117549181,0.0,0.010975,4.0,0.525,0.009496209604549222,0.12396813463419676,-0.0008694511294985811,1.3463812275441949e-06,9.283208915652116e-07,70417.688,1.0,68871.9054375,1.98233933883036e-06,857.5510764013923,2816.0,1.0,0.6577053070068359,190,,,,,,,,
4.316926813000464,0.011425412171451259,0.09342447916666667,0.2506336255206002,1.0,0.010927500000000001,3.0,0.5225,0.009637432276374765,0.12940262258052826,-0.0014809523709118366,1.8814342423764983e-06,1.1234551493544132e-06,70412.90000000001,1.0,68829.0428125,1.98233933883036e-06,827.4175617920139,2816.0,1.0,,191,,,,,,,,
4.668601061999652,0.00865923550057938,0.089111328125,0.25145171396434307,0.0,0.01088,4.0,0.52,0.016924893924927648,0.13296500903864703,0.005798313572692375,1.4556946534109254e-06,1.0155648482168544e-06,70359.76800000001,1.0,68797.76337500001,1.98233933883036e-06,864.2517612600575,2816.0,1.0,,192,,,,,,,,
4.609794845000579,0.004171668143867417,0.049723307291666664,0.23897466187675795,0.0,0.0108325,4.0,0.5175000000000001,0.011151583385071717,0.12915358040481806,0.0006013008921096722,1.8822551339781057e-06,8.343760100615327e-07,70408.14,1.0,68875.6239375,1.98233933883036e-06,879.3271397817465,2816.0,1.0,,193,,,,,,,,
4.675954300999365,0.010221440194609244,0.082275390625,0.249639847005407,0.0,0.010785000000000001,4.0,0.515,0.013790801225695759,0.12450967604915301,0.0026510736982648573,1.609748811877883e-06,8.229406181688622e-07,70388.248,1.0,68848.39068750001,1.98233933883036e-06,931.8385293263137,2816.0,1.0,,194,,,,,,,,
4.607793479000975,0.006179875776401407,0.059407552083333336,0.24089587355653444,0.0,0.0107375,4.0,0.5125,0.014121794665697962,0.12425528994450967,0.0034107338869944215,1.0756378567104246e-06,7.009781199940335e-07,70434.92000000001,1.0,68922.65825000001,1.98233933883036e-06,800.1066871786162,2816.0,1.0,,195,,,,,,,,
4.65638783599934,0.005571511949199248,0.051025390625,0.23161495911578336,0.0,0.010690000000000002,4.0,0.51,0.012770549103152007,0.12016022422661383,0.002473779837600887,9.976534135110644e-07,8.678937035710987e-07,70349.864,1.0,68876.7335,1.98233933883036e-06,838.7127067746438,2816.0,1.0,,196,,,,,,,,
4.331908056999964,0.011489127347287662,0.0652126736111111,0.2290220840109719,1.0,0.010642500000000001,3.0,0.5075000000000001,0.010618975308413306,0.12239852382077111,0.000470024895750814,1.0493777532853226e-06,7.328620546963471e-07,70409.068,1.0,68906.42800000001,1.98233933883036e-06,848.9288990330706,2816.0,1.0,,197,,,,,,,,
4.796444463998341,0.007994483408149714,0.087158203125,0.24667699945469698,0.0,0.010595,4.0,0.505,0.013810270650234694,0.1203874299923579,0.0027512735493170717,1.5675329715728974e-06,9.91295853699133e-07,70413.128,1.0,68846.59456249999,1.98233933883036e-06,965.9572035828936,2816.0,1.0,,198,,,,,,,,
4.6101315100004285,0.005406337631316187,0.060221354166666664,0.22720888194938502,0.0,0.010547500000000001,4.0,0.5025,0.01137737180882444,0.11068727759023507,0.0011839284949625533,1.1305818740462807e-06,7.207207275428118e-07,70439.032,1.0,68876.686625,1.98233933883036e-06,865.8128271723112,2816.0,1.0,,199,,,,,,,,
5.079984705000243,0.006035004017475624,0.06624348958333333,0.22629489625493684,0.0,0.0105,4.0,0.5,0.01050841761752963,0.10869309740761916,0.0003345066603894035,1.3854553202463649e-06,6.086567291655834e-07,70385.636,1.0,68936.458625,1.98233933883036e-06,846.4842359297728,2816.0,1.0,0.696755051612854,200,70537.74,70493.448,70305.14000000001,70000042,70249.73346666667,best_of_k,70493.448,349.32863622666525
4.65834874400025,0.008011285855969183,0.050537109375,0.23652047415574393,0.0,0.010452500000000002,4.0,0.49750000000000005,0.011185355455381796,0.10739526804536581,0.0004813446430489421,1.7257249519767963e-06,7.282115935443775e-07,70403.50400000002,1.0,68878.89181249999,1.98233933883036e-06,863.1864715834678,2816.0,1.0,,201,,,,,,,,
4.647846431998914,0.006574538447460772,0.062255859375,0.2202576125661532,0.0,0.010405000000000001,4.0,0.495,0.013672948295910222,0.11116379747788112,0.003816292252546797,1.1616864933709319e-06,6.379831584505761e-07,70393.38,1.0,68924.3023125,1.98233933883036e-06,789.8281158492026,2816.0,1.0,,202,,,,,,,,
4.6547085880010854,0.007086057212686588,0.04833984375,0.2253798165669044,0.0,0.010357500000000002,4.0,0.49250000000000005,0.011131106390773008,0.11081424790124099,0.001009433763101697,1.1837311006956952e-06,6.415408175068175e-07,70391.62,1.0,68914.42775,1.98233933883036e-06,840.0966309567839,2816.0,1.0,,203,,,,,,,,
4.621586258999741,0.004181958268671811,0.040608723958333336,0.23015961609780788,0.0,0.01031,4.0,0.49,0.009651804304060837,0.11880971180895965,-0.0006317404331639409,1.4861315378311701e-06,6.869069319274482e-07,70452.104,1.0,68880.49525,1.98233933883036e-06,856.0393576045085,2816.0,1.0,,204,,,,,,,,
4.596924899000442,0.006123593530415879,0.06754557291666667,0.22992857421437898,0.0,0.0102625,4.0,0.48750000000000004,0.010804055617578948,0.11837860941886902,0.0005220830207690597,1.0953905089650107e-06,5.895939191683889e-07,70425.34,1.0,68927.015375,1.98233933883036e-06,854.2428822390686,2816.0,1.0,,205,,,,,,,,
4.595656602001327,0.00411159263836088,0.050699869791666664,0.22158102318644524,0.0,0.010215,4.0,0.485,0.015829851501621306,0.11343026254326105,0.005909058032557368,1.1565476327746183e-06,6.346275966961912e-07,70475.732,1.0,68912.28468750001,1.98233933883036e-06,889.5842038847571,2816.0,1.0,,206,,,,,,,,
4.649527031000616,0.007673775709399422,0.068115234375,0.22554922414322695,0.0,0.010167500000000001,4.0,0.48250000000000004,0.015813680317175265,0.10879413255800803,0.005641819016697506,1.5208824161542604e-06,8.248102432162341e-07,70485.72,1.0,68903.522375,1.98233933883036e-06,972.34362273034,2816.0,1.0,,207,,,,,,,,
4.616583115999674,0.0076817428276498845,0.08268229166666667,0.21103551983833313,0.0,0.01012,4.0,0.48,0.00977529889496509,0.11215159359077613,0.0003581148727486531,9.696118183910585e-07,5.695198694866122e-07,70453.844,1.0,68974.4045625,1.98233933883036e-06,744.7859493293575,2816.0,1.0,,208,,,,,,,,
4.6334813209996355,0.009903939199602974,0.07096354166666667,0.23194444676240286,0.0,0.010072500000000002,4.0,0.47750000000000004,0.005761679795493062,0.11004495558639367,-0.004727616246479253,1.4611185008561733e-06,7.103687333180156e-07,70486.19200000001,1.0,68911.1171875,1.98233933883036e-06,864.6234469168307,2816.0,1.0,,209,,,,,,,,
5.038772437001171,0.012398034628072688,0.10530598958333333,0.21282862685620785,0.0,0.010025000000000001,4.0,0.475,0.015340772195486352,0.10406122294565041,0.005742206665066381,1.1052101740460785e-06,4.742239039975023e-07,70497.736,1.0,68992.375875,1.98233933883036e-06,758.5879623665842,2816.0,1.0,0.5308604836463928,210,,,,,,,,
4.395780689001185,0.013752993232658797,0.09136284722222222,0.26120982733037734,1.0,0.009977500000000002,3.0,0.47250000000000003,0.018463314303921327,0.10919032701187664,0.006491695582452748,1.888458952079317e-06,7.7066514513212e-07,70445.804,1.0,68893.032125,1.98233933883036e-06,899.381267798582,2816.0,1.0,,211,,,,,,,,
4.639664567999716,0.005556620640213339,0.059814453125,0.2533230874687433,0.0,0.00993,4.0,0.47,0.00912736104025195,0.10779475203404824,-0.002468821534421295,1.261667288569394e-06,6.06443497493577e-07,70430.8,1.0,68983.3900625,1.98233933883036e-06,811.2644608896017,2816.0,1.0,,212,,,,,,,,
4.714787369000987,0.010079763454188631,0.08821614583333333,0.2416145255168279,0.0,0.0098825,4.0,0.4675,0.019225816989395145,0.10109590614835422,0.008143708769542476,1.406341790281355e-06,6.42702602249301e-07,70482.508,1.0,68961.381,1.98233933883036e-06,928.07577584484,2816.0,1.0,,213,,,,,,,,
4.655313549999846,0.004501885841991775,0.055338541666666664,0.21673357797165713,0.0,0.009835,4.0,0.46499999999999997,0.00812464559324629,0.09248159763713677,-0.0018028741081555684,1.0882105740961379e-06,5.776935599518159e-07,70447.53600000001,1.0,69008.97362500001,1.98233933883036e-06,830.8208075333454,2816.0,1.0,,214,,,,,,,,
4.644152598000801,0.006984367497871347,0.07845052083333333,0.2157830415914456,0.0,0.009787500000000001,4.0,0.4625,0.010886260502350828,0.09828199228892724,0.001058625290170312,1.6659369113843543e-06,5.018136117011333e-07,70501.104,1.0,69017.3175,1.98233933883036e-06,772.8810634614176,2816.0,1.0,,215,,,,,,,,
4.63491946600152,0.007112002494572778,0.07023111979166667,0.1993165723979473,0.0,0.00974,4.0,0.45999999999999996,0.01171704752050573,0.09281164190421502,0.002654758747667074,1.0540228056280891e-06,6.796483612940089e-07,70482.952,1.0,68967.014,1.98233933883036e-06,873.4979002542021,2816.0,1.0,,216,,,,,,,,
4.665058284999759,0.008090289351950256,0.06884765625,0.19098451857765517,0.0,0.009692500000000001,4.0,0.4575,0.011676392944840094,0.0939055181418856,0.003036942216567695,9.265975838464632e-07,6.229695893959312e-07,70522.76000000001,1.0,68960.06931250001,1.98233933883036e-06,882.5800039622626,2816.0,1.0,,217,,,,,,,,
3.671831645000566,0.03266833069035139,0.16015625,0.20991094162066778,1.0,0.009644999999999999,1.0,0.45499999999999996,0.025242858255902927,0.10828319440285365,0.015791384503245354,8.257305523784453e-07,4.718710708099631e-07,70440.06,1.0,69025.89743750001,1.98233933883036e-06,771.4572557956046,2816.0,1.0,,218,,,,,,,,
4.624141641999813,0.00501780865311711,0.059000651041666664,0.24168100270132223,0.0,0.0095975,4.0,0.4525,0.008212075088522397,0.11345952625075977,-0.002783428334320585,1.1561763173517647e-06,5.318682655778654e-07,70442.42400000001,1.0,68987.85037500001,1.98233933883036e-06,808.3197829713567,2816.0,1.0,,219,,,,,,,,
5.093538257000546,0.0027723875920493413,0.03662109375,0.23067859498163065,0.0,0.00955,4.0,0.44999999999999996,0.00636928992268319,0.11887594188253085,-0.004029713939720144,9.032847737936814e-07,4.961005058608711e-07,70461.912,1.0,68986.2565,1.98233933883036e-06,781.7660638808451,2816.0,1.0,0.45079779624938965,220,70537.74,70562.072,70472.26800000001,70000042,70305.802,best_of_k,70562.072,319.85426199942975
4.669627069999478,0.006198261018132219,0.06754557291666667,0.23548868174354234,0.0,0.0095025,4.0,0.4475,0.016298378686769865,0.12086385022848845,0.005672080306491504,1.4072131217327903e-06,4.6283927446211237e-07,70372.388,1.0,68977.298625,1.98233933883036e-06,781.9704713233167,2816.0,1.0,,221,,,,,,,,
4.671893552000256,0.007110452032367931,0.07454427083333333,0.21812112567325434,0.0,0.009455,4.0,0.44499999999999995,0.014554425162107995,0.11229857181509335,0.004708653315901756,1.2618950568329032e-05,4.741184416919471e-07,70502.084,1.0,68982.3711875,1.98233933883036e-06,759.2848420893121,2816.0,1.0,,222,,,,,,,,
4.652740760999222,0.007931831755827309,0.07902018229166667,0.22471259410182634,0.0,0.009407500000000001,4.0,0.4425,0.01434894212676833,0.11553705142190059,0.004199729339840512,1.9278665680152094e-06,6.090565018250042e-07,70494.90400000001,1.0,68938.2765625,1.98233933883036e-06,904.3635097525413,2816.0,1.0,,223,,,,,,,,
4.635674922999897,0.0030608418954235126,0.039388020833333336,0.23218911327421665,0.0,0.00936,4.0,0.43999999999999995,0.01579774634835,0.1185473467533787,0.005297396254415314,1.362971074077753e-06,7.215297349224178e-07,70415.84400000001,1.0,68944.88087499999,1.98233933883036e-06,784.717263137008,2816.0,1.0,,224,,,,,,,,
4.5986445090002235,0.004166851553018584,0.049153645833333336,0.2372157915184895,0.0,0.009312500000000001,4.0,0.4375,0.014039360452443361,0.1262480141595006,0.0033537907293066382,1.7278521132387443e-06,5.824591606066557e-07,70432.164,1.0,68928.1851875,1.98233933883036e-06,817.5363692175056,2816.0,1.0,,225,,,,,,,,
4.6737989419998485,0.0043451421403742545,0.051595052083333336,0.24252978712320328,0.0,0.009265000000000002,4.0,0.43500000000000005,0.011380435695173219,0.12735508289188147,0.0004334389232099056,1.7235197683855101e-06,5.593990882365082e-07,70404.676,1.0,68950.6565,1.98233933883036e-06,812.485815860036,2816.0,1.0,,226,,,,,,,,
4.604795200999433,0.012192713919789119,0.08056640625,0.2836878312130769,0.0,0.0092175,4.0,0.4325,0.016481332277180627,0.13083723156402507,0.003501534287352115,7.495918903070257e-06,1.2971865572808383e-06,70507.36,1.0,68727.1785625,1.98233933883036e-06,1006.8219672497637,2816.0,1.0,,227,,,,,,,,
4.6471748759995535,0.014248330749947987,0.08430989583333333,0.26254967724283534,1.0,0.009170000000000001,4.0,0.43000000000000005,0.014169912018890804,0.13096601950625578,0.0022415472582603493,1.1296344515206632e-05,1.4208692865243695e-06,70589.56000000001,1.0,68793.999625,1.98233933883036e-06,885.5441169359444,2816.0,1.0,,228,,,,,,,,
3.9853879540005437,0.015519100139838335,0.08707682291666667,0.2718027060230573,1.0,0.0091225,2.0,0.4275,0.014819991231585542,0.13144477208455405,0.0024271776589254537,5.081615180794567e-06,2.5517515211959108e-06,70599.60800000001,1.0,68908.102125,1.98233933883036e-06,1007.5865621635126,2816.0,1.0,,229,,,,,,,,
5.082700049999403,0.007553699365932569,0.07430013020833333,0.2619386861721675,0.0,0.009075000000000001,4.0,0.42500000000000004,0.012251160054195983,0.13191413134336472,0.00034853276641418535,5.23042889237028e-06,4.580771992834798e-06,70435.96800000001,1.0,68944.286625,1.98233933883036e-06,810.2407927505927,2816.0,1.0,0.5192366242408752,230,,,,,,,,
4.7489590069999394,0.0042008699726660366,0.04248046875,0.2572252427538236,0.0,0.0090275,4.0,0.4225,0.0179619346842325,0.12910683111598095,0.006265442119911313,1.999279083027735e-06,1.0859421427274658e-06,70508.93600000002,1.0,69015.658,1.98233933883036e-06,779.4907618647593,2816.0,1.0,,231,,,,,,,,
4.6529104839992215,0.003990329881849182,0.044840494791666664,0.2449889878431956,0.0,0.008980000000000002,4.0,0.42000000000000004,0.011645569267178265,0.12631647288799286,0.0005301157749878863,8.671822134450243e-07,4.777829912446426e-07,70591.596,1.0,69034.0730625,1.98233933883036e-06,798.0038525289968,2816.0,1.0,,232,,,,,,,,
4.628843750000669,0.003870944015151423,0.042236328125,0.2673800177872181,0.0,0.008932500000000001,4.0,0.4175,0.011548736249096692,0.13559584257503352,-0.0006100947114949425,5.187426462309001e-06,1.0423068061982121e-06,70629.604,1.0,68895.47875,1.98233933883036e-06,882.907120747669,2816.0,1.0,,233,,,,,,,,
4.698740841000472,0.005979151290420741,0.051432291666666664,0.26521532485882443,0.0,0.008885,4.0,0.41500000000000004,0.011205276581070697,0.1330011816074451,-0.0008747703783834974,3.1531582844005848e-06,1.3619561206231385e-06,70593.6,1.0,68919.34206250001,1.98233933883036e-06,845.8443879071358,2816.0,1.0,,234,,,,,,,,
4.606577803999244,0.011431438121287366,0.080322265625,0.2694702707231045,1.0,0.0088375,4.0,0.4125,0.010602502162024999,0.1353821580608686,-0.0016758342583974202,2.3310598038506214e-06,2.0590013605215063e-06,70574.916,1.0,68843.14568750001,1.98233933883036e-06,1032.3941971903973,2816.0,1.0,,235,,,,,,,,
4.664914474000398,0.004395875937974599,0.04296875,0.24675671197474003,0.0,0.008790000000000001,4.0,0.41000000000000003,0.01569299347465858,0.1338562270005544,0.004528156210047503,1.2110788603081346e-06,6.951788956636544e-06,70469.448,1.0,69001.06487500001,1.98233933883036e-06,833.1516896836574,2816.0,1.0,,236,,,,,,,,
4.634003322000353,0.0026441721115387415,0.038411458333333336,0.25303522994120914,0.0,0.0087425,4.0,0.4075,0.007316692567352827,0.13121265297134718,-0.004231599780420463,1.555280690960596e-05,8.420370509535739e-05,70463.01200000002,1.0,68993.4768125,1.98233933883036e-06,870.9573737756,2816.0,1.0,,237,,,,,,,,
4.662014513000031,0.004166712462695917,0.048990885416666664,0.2487012812246879,0.0,0.008695000000000001,4.0,0.405,0.0075303192328040796,0.12864273631324372,-0.0038028660540779433,4.064451209728759e-05,2.5210397382124938e-05,70583.03600000001,1.0,68906.4088125,1.98233933883036e-06,930.8765781149999,2816.0,1.0,,238,,,,,,,,
4.659510007999415,0.003724195558238108,0.045572916666666664,0.23937217829128107,0.0,0.0086475,4.0,0.40249999999999997,0.013279467297252268,0.12943959484497705,0.0023924089036881924,0.00020298865619376252,3.495830538705983e-05,70521.716,1.0,68903.0540625,1.98233933883036e-06,929.2948384199672,2816.0,1.0,,239,,,,,,,,
5.055185744000482,0.004266424822863731,0.046956380208333336,0.24083741443852583,0.0,0.008600000000000002,4.0,0.4,0.009524069726467133,0.12186259745309751,-0.0014988661278039217,0.00019545679200897817,1.9075687210564258e-05,70548.45199999999,1.0,68967.99993749999,1.98233933883036e-06,768.7064276719996,2816.0,1.0,0.43186846375465393,240,70629.604,70613.084,70341.61600000001,70000042,70297.41053333333,best_of_k,70613.084,344.1113209312486
4.676571725998656,0.005785715473643667,0.060221354166666664,0.251982723052303,0.0,0.0085525,4.0,0.39749999999999996,0.018089248488346737,0.11920685165872176,0.00650172820314765,4.0709189041384285e-05,7.65963244238795e-06,70343.04400000001,1.0,68995.321375,1.98233933883036e-06,764.8866104322977,2816.0,1.0,,241,,,,,,,,
4.722365530000388,0.007740064139477217,0.06966145833333333,0.2560633948693673,0.0,0.008505,4.0,0.395,0.01403551628269876,0.11774075434853633,0.0022287373431026936,2.0738967421607413e-05,5.839456828008831e-06,70475.936,1.0,68922.53600000001,1.98233933883036e-06,844.8583902172595,2816.0,1.0,,242,,,,,,,,
4.6208445859992935,0.008634258408022196,0.053059895833333336,0.2467457571377357,0.0,0.0084575,4.0,0.39249999999999996,0.00677412492223084,0.12014233351995547,-0.004555502401975294,1.8544736107628523e-05,1.3176673808364589e-05,70574.928,1.0,68931.3289375,1.98233933883036e-06,809.2145567510948,2816.0,1.0,,243,,,,,,,,
4.654939382999146,0.004365978550309772,0.048258463541666664,0.2423623390495777,0.0,0.00841,4.0,0.39,0.008097556521533988,0.12283313119163115,-0.002993277390487492,1.1907339550513521e-05,9.105413989611103e-06,70589.296,1.0,68969.06950000001,1.98233933883036e-06,776.3259519855379,2816.0,1.0,,244,,,,,,,,
4.628767513999264,0.0032883143988016172,0.027913411458333332,0.2406970194230477,0.0,0.0083625,4.0,0.38749999999999996,0.015064281217443446,0.12467203320314486,0.004062258871272206,1.556121841398787e-05,1.6369252759792136e-05,70433.98800000001,1.0,68923.7585625,1.98233933883036e-06,814.4228355843093,2816.0,1.0,,245,,,,,,,,
4.6383176390008884,0.004941126643386677,0.05859375,0.22919802057246366,0.0,0.008315000000000001,4.0,0.385,0.009755887246380249,0.12108017069598039,-0.000720121005239586,8.923835357184847e-06,4.399209586362455e-05,70405.07600000002,1.0,68939.2820625,1.98233933883036e-06,794.1234570099908,2816.0,1.0,,246,,,,,,,,
4.637148517998867,0.0033911081084134764,0.042154947916666664,0.2295004098365704,0.0,0.0082675,4.0,0.38249999999999995,0.012906163795075068,0.1195897152647376,0.002413559705018997,1.594377086651851e-06,1.22636498739818e-05,70369.868,1.0,68876.515625,1.98233933883036e-06,962.1564508900625,2816.0,1.0,,247,,,,,,,,
4.616570348000096,0.002905923921963686,0.032796223958333336,0.231310261413455,0.0,0.008220000000000002,4.0,0.38,0.011379661465374133,0.12743639294058084,0.0008536736713722348,3.437513773481745e-06,1.53155211795782e-05,70469.824,1.0,68982.56793749999,1.98233933883036e-06,761.1135032731626,2816.0,1.0,,248,,,,,,,,
4.680165454999951,0.004460888719782119,0.050455729166666664,0.24119748113056025,0.0,0.0081725,4.0,0.37749999999999995,0.008090666388549531,0.13120889943093061,-0.0029076384768510857,1.0737497277091279e-05,1.932251345711696e-05,70541.52,1.0,68886.301375,1.98233933883036e-06,878.9071461497567,2816.0,1.0,,249,,,,,,,,
5.00164884699916,0.007369749992652312,0.07071940104166667,0.23359332792460918,0.0,0.008125,4.0,0.375,0.015242779156930434,0.12725544876108566,0.0044455372262746096,1.2121767075730835e-05,0.0003006284697164574,70565.908,1.0,68898.84,1.98233933883036e-06,882.0082415366087,2816.0,1.0,0.44407740235328674,250,,,,,,,,
4.734980717999861,0.009876801707643304,0.08194986979166667,0.23110555857419968,0.0,0.008077500000000001,4.0,0.37250000000000005,0.00880116990689809,0.12926406258096299,-0.0017970679715896647,1.2020726884998112e-06,0.00017393933160292363,70585.832,1.0,68990.2354375,1.98233933883036e-06,796.8182137965557,2816.0,1.0,,251,,,,,,,,
3.9993954580004356,0.0120380944371045,0.03125,0.2835262517134349,1.0,0.00803,2.0,0.37,0.012938718078657985,0.14095873137315115,-0.00012415150801340738,2.339296277871957e-06,3.644257143757083e-05,70316.70000000001,1.0,68381.22412500001,1.98233933883036e-06,1018.4768520175056,2816.0,1.0,,252,,,,,,,,
4.683055963001607,0.011687328627261925,0.061848958333333336,0.24834065387646356,0.0,0.007982500000000002,4.0,0.36750000000000005,0.007801642350386828,0.1412918164084355,-0.0035049982058505216,2.240450967860852e-06,3.4489814775421714e-05,70491.82400000001,1.0,68741.994125,1.98233933883036e-06,959.1722560585696,2816.0,1.0,,253,,,,,,,,
4.635353210000176,0.004035053849644754,0.034749348958333336,0.2573143467307091,0.0,0.007935000000000001,4.0,0.365,0.009340009050598988,0.14102082637449107,-0.0024094723436670997,5.278212957667468e-06,4.4745602707507715e-06,70289.61200000001,1.0,68747.76162500001,1.98233933883036e-06,1002.6539226364999,2816.0,1.0,,254,,,,,,,,
4.6685642630000075,0.004600911167926232,0.051350911458333336,0.26338695858915645,0.0,0.007887500000000002,4.0,0.36250000000000004,0.0131300507200649,0.14457329797248045,0.0010955204100658495,2.185130583143291e-06,1.0571674134022638e-05,70523.56400000001,1.0,68831.095875,1.98233933883036e-06,838.3329478145816,2816.0,1.0,,255,,,,,,,,
4.596535402000882,0.005763641547927041,0.059651692708333336,0.25758132586876553,0.0,0.00784,4.0,0.36,0.013382601202465594,0.14219992235302925,0.001614006197390457,1.5388713923888038e-06,8.444681995456449e-06,70473.808,1.0,68822.713625,1.98233933883036e-06,994.9300394735614,2816.0,1.0,,256,,,,,,,,
4.653246988000319,0.0036763871407933615,0.041178385416666664,0.2341812706242005,0.0,0.007792500000000001,4.0,0.35750000000000004,0.015787626606955502,0.14287644003828368,0.005191317099767427,9.011340509346155e-07,1.041420794933856e-06,70452.90800000001,1.0,68961.304375,1.98233933883036e-06,782.3961757392221,2816.0,1.0,,257,,,,,,,,
4.653926547000083,0.005222212275417822,0.034749348958333336,0.2525505678107341,0.0,0.007745,4.0,0.355,0.007784615348403652,0.13641668669879436,-0.003786918280335764,1.5151126670313413e-06,8.031498026639383e-07,70432.68400000001,1.0,68882.4724375,1.98233933883036e-06,874.832632413801,2816.0,1.0,,258,,,,,,,,
4.669850063000922,0.00376939930053292,0.045166015625,0.22832448159654936,0.0,0.007697500000000001,4.0,0.35250000000000004,0.011350928888229342,0.1356303390736381,0.000978024540624271,3.3175854573149386e-06,7.246910319243701e-07,70536.63600000001,1.0,68931.78031249999,1.98233933883036e-06,899.0116126247492,2816.0,1.0,,259,,,,,,,,
5.026818172000276,0.005298834164934855,0.051676432291666664,0.2501018817226092,0.0,0.0076500000000000005,4.0,0.35,0.01350660971365869,0.13805402535945177,0.002055878983810544,1.3777863548133004e-05,7.444714474521182e-07,70468.90000000001,1.0,68963.580875,1.98233933883036e-06,883.9535878069262,2816.0,1.0,0.48968803882598877,260,70629.604,70463.1,70343.288,70000042,70183.07786666667,best_of_k,70463.1,369.7767337346259
4.724706710998362,0.0036601533853038624,0.047770182291666664,0.258391917993625,0.0,0.007602500000000002,4.0,0.34750000000000003,0.012340756055588523,0.14368142684300741,0.0005114969875042638,1.6160914896090617e-05,7.690512665211221e-07,70466.732,1.0,68884.155625,1.98233933883036e-06,934.5767490529397,2816.0,1.0,,261,,,,,,,,
4.6237802549985645,0.004511611168022493,0.053059895833333336,0.24529866812129816,0.0,0.007555000000000001,4.0,0.345,0.015280023061980804,0.13885981713732085,0.0040620746634279685,1.7434088723196812e-05,7.145851294391529e-07,70469.15200000002,1.0,68855.6065,1.98233933883036e-06,915.4932842201798,2816.0,1.0,,262,,,,,,,,
4.681951127000502,0.004316993305076622,0.043050130208333336,0.24151231721043587,0.0,0.007507500000000002,4.0,0.3425,0.00910545640605657,0.13651662661383548,-0.0019459948331738512,4.223843570609158e-06,6.222442200017516e-07,70463.71600000001,1.0,68916.02618750001,1.98233933883036e-06,763.3714996199193,2816.0,1.0,,263,,,,,,,,
4.621696190999501,0.004488685453792958,0.04833984375,0.23720348812639713,0.0,0.00746,4.0,0.33999999999999997,0.012477912110625766,0.13404936529695988,0.001617150808063646,3.1521346670615458e-06,5.591009421361074e-07,70497.87999999999,1.0,68917.7943125,1.98233933883036e-06,808.7462463380593,2816.0,1.0,,264,,,,,,,,
4.772794118000093,0.004781705360567064,0.041422526041666664,0.2563675530254841,0.0,0.007412500000000001,4.0,0.3375,0.015136087022256106,0.13366434071213007,0.0033078674071778855,3.1844913953212504e-06,6.197869808488576e-07,70508.456,1.0,68912.853875,1.98233933883036e-06,854.1521710667168,2816.0,1.0,,265,,,,,,,,
4.657953324000118,0.004179910621854077,0.040364583333333336,0.2542539443820715,0.0,0.007365,4.0,0.33499999999999996,0.011904017980365703,0.1319468024497231,0.00016213631412635246,6.8862776079943915e-06,5.680601340429803e-07,70434.91200000001,1.0,68926.835875,1.98233933883036e-06,832.9465964126896,2816.0,1.0,,266,,,,,,,,
4.634382256001118,0.0039998610099350644,0.043782552083333336,0.2413516907642285,0.0,0.007317500000000001,4.0,0.3325,0.011090887019236106,0.12730069272220135,-4.589491679022709e-05,3.929761623074531e-06,6.548435630785813e-07,70514.06000000001,1.0,68908.159125,1.98233933883036e-06,921.4702768802343,2816.0,1.0,,267,,,,,,,,
4.652849594000145,0.002128329954551589,0.027913411458333332,0.252577293664217,0.0,0.00727,4.0,0.32999999999999996,0.012175395211670548,0.1278814791391293,0.00047576640887806815,1.3951011794688384e-06,6.451236203020017e-07,70585.35600000001,1.0,68889.5429375,1.98233933883036e-06,883.2087889678883,2816.0,1.0,,268,,,,,,,,
4.63690061700072,0.0037421468115077516,0.043782552083333336,0.24831755521396795,0.0,0.0072225000000000015,4.0,0.3275,0.008551754118040359,0.12199392697463433,-0.0029833988519385457,8.980579385327777e-07,5.717197938774158e-07,70454.80400000002,1.0,68869.20925000001,1.98233933883036e-06,842.9882143244585,2816.0,1.0,,269,,,,,,,,
5.066667970999333,0.0029605114195264313,0.029703776041666668,0.23995899595320225,0.0,0.007174999999999999,4.0,0.32499999999999996,0.012144990100447709,0.12229971742878358,0.001024144624049465,1.0750856915819895e-06,5.785776574877369e-07,70411.64,1.0,68900.1685,1.98233933883036e-06,873.9517183075687,2816.0,1.0,0.6006921529769897,270,,,,,,,,
4.688557059000232,0.0058462960536456166,0.07137044270833333,0.2318181482454141,0.0,0.0071275,4.0,0.3225,0.014917084908423325,0.11975829023867846,0.004179273440968245,1.492326357303379e-06,6.634636745180463e-07,70387.11200000001,1.0,68862.4185,1.98233933883036e-06,883.6384208666747,2816.0,1.0,,271,,,,,,,,
4.669136613998489,0.00520720332700364,0.041015625,0.25346549910803634,0.0,0.0070799999999999995,4.0,0.31999999999999995,0.012012526664572457,0.12495100063582261,0.00022201614531998834,1.5951326763759727e-05,5.894237749733596e-07,70445.576,1.0,68849.62593750001,1.98233933883036e-06,861.7640146736783,2816.0,1.0,,272,,,,,,,,
4.6237897230003,0.005096550571641008,0.055094401041666664,0.26077519233028096,0.0,0.0070325000000000006,4.0,0.3175,0.014659861223966194,0.12856364405403534,0.002509211345265309,0.00015771099096658267,4.856407104606811e-07,70372.33200000001,1.0,68828.673125,1.98233933883036e-06,799.3821325712984,2816.0,1.0,,273,,,,,,,,
4.7010103600005095,0.002103949673697277,0.023193359375,0.24327421126266321,0.0,0.006985,4.0,0.31499999999999995,0.01030842501980563,0.12639502342790365,-0.000981192182128628,8.533284788351618e-05,4.848145328158656e-07,70495.24,1.0,68916.3215625,1.98233933883036e-06,794.7103704006308,2816.0,1.0,,274,,,,,,,,
4.651140412001041,0.004036566449274896,0.052408854166666664,0.25077796292801696,0.0,0.006937500000000001,4.0,0.3125,0.012752510432619601,0.1279902175689737,0.001097423102085789,3.8778864142348844e-05,4.850713549349924e-07,70267.82,1.0,68890.5546875,1.98233933883036e-06,782.4119105739805,2816.0,1.0,,275,,,,,,,,
4.657080556000437,0.0020794145156042276,0.027018229166666668,0.2599160348375638,0.0,0.006890000000000002,4.0,0.31000000000000005,0.01080022412740315,0.12796537795414528,-0.0013142722115541499,1.256005887739775e-06,5.006424063462115e-07,70407.39600000001,1.0,68862.3579375,1.98233933883036e-06,797.1042956150696,2816.0,1.0,,276,,,,,,,,
4.6396249499994155,0.004361545078610973,0.043782552083333336,0.23506833923359713,0.0,0.006842500000000001,4.0,0.3075,0.01283658876006181,0.128301575469474,0.001960755519879361,9.408398587614405e-07,4.5171050899739384e-07,70620.872,1.0,68908.83050000001,1.98233933883036e-06,810.6080031117075,2816.0,1.0,,277,,,,,,,,
4.642533436001031,0.004494937406889221,0.043050130208333336,0.24729762536784014,0.0,0.006795000000000002,4.0,0.30500000000000005,0.013712440998157641,0.12556321856876215,0.0022003926957647004,9.952825597755084e-07,5.384534797296207e-07,70528.78400000001,1.0,68892.9896875,1.98233933883036e-06,778.8346012196065,2816.0,1.0,,278,,,,,,,,
4.6397577520001505,0.0033660803067589264,0.044840494791666664,0.2481876996656259,0.0,0.0067475,4.0,0.3025,0.010154119867365807,0.12423028455426295,-0.0014173615102966626,9.491850245050651e-07,4.901727201911399e-07,70562.524,1.0,68976.56725,1.98233933883036e-06,765.109495932077,2816.0,1.0,,279,,,,,,,,
5.010015350999311,0.0049795208139649105,0.056884765625,0.2399458729972442,0.0,0.006700000000000001,4.0,0.30000000000000004,0.009102364972932264,0.12417441140860319,-0.002063362238307794,1.7629162935387892e-06,4.5054447520935054e-07,70448.34400000001,1.0,68897.805,1.98233933883036e-06,781.8514539357867,2816.0,1.0,0.553680419921875,280,70629.604,70534.64800000002,70449.884,70000042,70205.97333333334,best_of_k,70534.64800000002,391.00874684208947
4.615062386999853,0.00289429044481615,0.037841796875,0.2470876518636942,0.0,0.0066525,4.0,0.2975,0.012946880652937883,0.11928325705230236,0.0013848490392168362,9.331006666002395e-06,4.94858513870137e-07,70531.55200000001,1.0,68935.01725,1.98233933883036e-06,803.2845624039074,2816.0,1.0,,281,,,,,,,,
4.721992009999667,0.003651764635018632,0.03857421875,0.23665294982492924,0.0,0.0066050000000000015,4.0,0.29500000000000004,0.007905215362067489,0.11918473150581121,-0.003149869192081193,9.37191284341073e-05,5.607772427159338e-07,70391.3,1.0,68912.18137500001,1.98233933883036e-06,819.979169723299,2816.0,1.0,,282,,,,,,,,
4.624624635000146,0.003170678403245475,0.03466796875,0.24729943399628004,0.0,0.006557500000000001,4.0,0.2925,0.009157089448611563,0.12184426467865705,-0.002421424510733535,0.00012209578644236294,6.525956261308844e-07,70450.288,1.0,68897.596625,1.98233933883036e-06,818.5484009602665,2816.0,1.0,,283,,,,,,,,
4.6769232639999245,0.005434943810398589,0.055094401041666664,0.24140945014854273,0.0,0.006510000000000002,4.0,0.29000000000000004,0.013426967949878113,0.11897603205094735,0.002076565676058332,0.0005420465057568435,5.177910106605547e-07,70541.492,1.0,68903.47556250001,1.98233933883036e-06,818.7605514718932,2816.0,1.0,,284,,,,,,,,
4.637046232999637,0.002796651945198884,0.036458333333333336,0.2533522254476945,0.0,0.0064624999999999995,4.0,0.2875,0.012844625831348822,0.11736801142493884,0.0008622041981046399,0.0007302801967246827,5.472043381378929e-07,70563.948,1.0,68935.1494375,1.98233933883036e-06,787.875534454006,2816.0,1.0,,285,,,,,,,,
4.720446676999927,0.002603653529576514,0.033854166666666664,0.23301470776398978,0.0,0.0064150000000000006,4.0,0.28500000000000003,0.008752008395579955,0.11497853603214025,-0.0021803531950960555,0.000189715026920112,4.825348417133076e-07,70540.528,1.0,68961.320125,1.98233933883036e-06,742.0788785836612,2816.0,1.0,,286,,,,,,,,
4.656866190000073,0.004332759853091043,0.035237630208333336,0.23370552870134512,0.0,0.0063675,4.0,0.2825,0.01098644748950998,0.11873810955633719,-0.0001624715126429995,0.002194106993101741,5.925709321748703e-07,70468.80000000002,1.0,68951.84237500001,1.98233933883036e-06,769.9126689030118,2816.0,1.0,,287,,,,,,,,
4.672697504000098,0.0038600005761164624,0.043863932291666664,0.2603760249912739,0.0,0.006320000000000001,4.0,0.28,0.009851784270722419,0.11825706747670968,-0.00266998327181985,0.002498936935050248,9.136146298753071e-07,70324.656,1.0,68886.23775,1.98233933883036e-06,854.7470551598516,2816.0,1.0,,288,,,,,,,,
4.615335647000393,0.004098470537977406,0.041259765625,0.24183282566567263,0.0,0.0062725,4.0,0.27749999999999997,0.014259751951612998,0.11631769469628732,0.002884558867663145,0.00012789065635843144,7.293516522584772e-07,70328.79600000002,1.0,68919.849625,1.98233933883036e-06,852.0155720841387,2816.0,1.0,,289,,,,,,,,
5.0047476869985985,0.001826809757004592,0.020182291666666668,0.2376244869083166,0.0,0.006225000000000001,4.0,0.275,0.008748583425282655,0.11709191308667262,-0.002406821974242727,2.7797409112887788e-05,5.958230460123559e-07,70506.584,1.0,68935.3619375,1.98233933883036e-06,874.0509360952585,2816.0,1.0,0.5405137538909912,290,,,,,,,,
4.644222496999646,0.0035137314375492204,0.037679036458333336,0.2546215982486804,0.0,0.006177500000000001,4.0,0.27249999999999996,0.0073839806524726255,0.12145555919657151,-0.0045978500274941325,6.865214918623981e-06,7.114476593036064e-07,70543.456,1.0,68897.05975,1.98233933883036e-06,880.5196743025894,2816.0,1.0,,291,,,,,,,,
4.61377326299953,0.0027828060792748723,0.038736979166666664,0.2463985551148653,0.0,0.006130000000000002,4.0,0.27,0.01584377231968877,0.11958448681980371,0.0042563270932684345,3.4412535967476288e-06,4.525346829116946e-07,70430.13200000001,1.0,68958.814875,1.98233933883036e-06,790.2157660874877,2816.0,1.0,,292,,,,,,,,
4.644351352999365,0.0038760401844365098,0.042073567708333336,0.24626936887701353,0.0,0.006082499999999999,4.0,0.26749999999999996,0.010304624971468002,0.12102843634784222,-0.0012730453357410927,1.5062260890393493e-06,4.1318991605976407e-07,70450.60399999999,1.0,68906.30156250001,1.98233933883036e-06,795.0421911334699,2816.0,1.0,,293,,,,,,,,
4.6490004760016745,0.004114618445396919,0.044596354166666664,0.26990165188908577,0.0,0.006035,4.0,0.265,0.013170644214066366,0.11825227458029985,0.00038873815598587197,1.6321487237291876e-06,6.253002974669167e-07,70466.304,1.0,68877.402875,1.98233933883036e-06,823.5886603695049,2816.0,1.0,,294,,,,,,,,
4.698168058999727,0.0026195670591680673,0.030110677083333332,0.25406146608293056,0.0,0.0059875,4.0,0.26249999999999996,0.01726381520469052,0.122020839403073,0.005290834660020967,1.638492491906618e-06,6.849225021217838e-07,70535.3,1.0,68823.6115,1.98233933883036e-06,954.7148654217405,2816.0,1.0,,295,,,,,,,,
4.77377749200059,0.0025604427042959324,0.033284505208333336,0.25284592993557453,0.0,0.005940000000000001,4.0,0.26,0.01064860407738403,0.11994168783227603,-0.0012816162779927254,1.3509153191648693e-06,4.825180065874216e-07,70659.42000000001,1.0,68892.65331250001,1.98233933883036e-06,832.3682276099493,2816.0,1.0,,296,,,,,,,,
4.67739831200015,0.0027569607449275204,0.028727213541666668,0.24156586701671282,0.0,0.0058925,4.0,0.25749999999999995,0.012286312460976964,0.12187348244090875,0.00092578101127098,1.2442391768748469e-06,5.049353776579816e-07,70508.948,1.0,68894.1405625,1.98233933883036e-06,837.397373772712,2816.0,1.0,,297,,,,,,,,
4.639877853000144,0.004795344242889262,0.0302734375,0.25908591970801353,0.0,0.005845000000000001,4.0,0.255,0.012917779584919723,0.12496171270807584,0.0006933512243752679,1.613162387078167e-06,7.451193534772452e-07,70518.18000000001,1.0,68836.32825,1.98233933883036e-06,957.9735842344179,2816.0,1.0,,298,,,,,,,,
4.654586570999527,0.002836014059308075,0.030924479166666668,0.2456023140499989,0.0,0.005797500000000001,4.0,0.25249999999999995,0.0034308594889201536,0.12894479588915905,-0.008102011129570505,1.0843091449904325e-06,4.087128300985417e-07,70526.968,1.0,68920.8001875,1.98233933883036e-06,804.8495657402165,2816.0,1.0,,299,,,,,,,,
5.012320375000854,0.0017627601404394493,0.021240234375,0.2656232938170433,0.0,0.005750000000000002,4.0,0.25,0.013682716623103866,0.12867483403533697,0.0011411082038345437,1.0926619301206604e-06,4.3059020408501664e-07,70541.76800000001,1.0,68906.009625,1.98233933883036e-06,817.8868571922777,2816.0,1.0,0.45404112339019775,300,70659.42000000001,70543.916,70522.744,70000042,70272.08426666666,best_of_k,70543.916,376.7603662452593
4.70563004900032,0.0036470744550112975,0.047770182291666664,0.27293064817786217,0.0,0.005702500000000001,4.0,0.24750000000000005,0.010577976145820381,0.12558101769536734,-0.002352758349540333,1.1713633772577243e-06,4.212626668239257e-07,70468.18000000001,1.0,68865.064,1.98233933883036e-06,793.4373299385408,2816.0,1.0,,301,,,,,,,,
4.639857266998661,0.0026759529206839736,0.038004557291666664,0.26518547783295315,0.0,0.005655,4.0,0.245,0.01183170786437889,0.12669278432925543,-0.0007114236941561103,1.0448280534092191e-06,4.011034218838934e-07,70527.504,1.0,68919.87612500001,1.98233933883036e-06,802.3202839140891,2816.0,1.0,,302,,,,,,,,
4.670173898999565,0.00262057167143818,0.0263671875,0.2647283064822356,0.0,0.005607500000000001,4.0,0.24250000000000005,0.013176472639315762,0.12674473598599434,0.0006504531872148315,9.970282448534817e-07,4.5069541580270805e-07,70463.03600000001,1.0,68949.06912500001,1.98233933883036e-06,817.4758788005521,2816.0,1.0,,303,,,,,,,,
4.605931828999019,0.0029600502427407824,0.029052734375,0.2687615193426609,0.0,0.005560000000000001,4.0,0.24,0.011324580196135988,0.12577133594701687,-0.0014146242756396532,1.22969084751882e-06,5.879088954922432e-07,70488.94,1.0,68841.4618125,1.98233933883036e-06,879.1864889353477,2816.0,1.0,,304,,,,,,,,
4.6517849279989605,0.0038852969650111646,0.042887369791666664,0.2708616467813651,0.0,0.005512500000000002,4.0,0.23750000000000004,0.007027280121595443,0.12575322203338146,-0.005823020512859027,1.3340861263107702e-06,5.979206865921091e-07,70484.228,1.0,68829.69031250001,1.98233933883036e-06,870.5625024585554,2816.0,1.0,,305,,,,,,,,
4.654169710000133,0.0030098618516826527,0.028076171875,0.25894176587462425,0.0,0.005465000000000001,4.0,0.235,0.013106666893387834,0.12353905662894249,0.0008343669275442759,1.1935355175296536e-06,4.6676996134920046e-07,70566.736,1.0,68938.2088125,1.98233933883036e-06,821.7867881324759,2816.0,1.0,,306,,,,,,,,
4.6905109050003375,0.0021484512556947757,0.025309244791666668,0.24696393559376398,0.0,0.005417500000000002,4.0,0.23250000000000004,0.0081886109643771,0.12582606760164103,-0.0034786853551243744,2.0224358934228803e-06,1.1185660753199045e-06,70480.23999999999,1.0,68854.66449999998,1.98233933883036e-06,921.7948707170436,2816.0,1.0,,307,,,,,,,,
4.644003673000043,0.0027568776527229963,0.034016927083333336,0.25702740872899693,0.0,0.00537,4.0,0.22999999999999998,0.012329262084676884,0.1280726104353865,0.00016530762271334729,1.2112036742450982e-06,4.2290635112370484e-07,70462.34000000001,1.0,68948.5044375,1.98233933883036e-06,815.9097036624572,2816.0,1.0,,308,,,,,,,,
4.706915419999859,0.003772376259869148,0.045979817708333336,0.2554020540167888,0.0,0.005322500000000001,4.0,0.22750000000000004,0.01683565937370683,0.12331187725067139,0.004721497185528278,1.2709492409612722e-06,5.185265206838116e-07,70679.376,1.0,68946.187125,1.98233933883036e-06,895.4163151432612,2816.0,1.0,,309,,,,,,,,
5.0368571859999065,0.0025206418229076397,0.034586588541666664,0.26910066107908887,0.0,0.005275,4.0,0.22499999999999998,0.010955540235348357,0.12202342413365841,-0.0018561173152799408,1.080680599822396e-06,3.79436861190167e-07,70512.744,1.0,68920.24437500001,1.98233933883036e-06,782.2963056920047,2816.0,1.0,0.4234195351600647,310,,,,,,,,
4.728369631999158,0.003423601332183779,0.04638671875,0.2794205682973067,0.0,0.005227500000000001,4.0,0.22250000000000003,0.016196564346804127,0.11752551173170407,0.002839499997207895,1.2271037519440142e-06,5.542242102289189e-07,70466.724,1.0,68880.0885,1.98233933883036e-06,920.0725552600466,2816.0,1.0,,311,,,,,,,,
4.612403627001186,0.0024018152337106358,0.02685546875,0.2598270867019892,0.0,0.005180000000000001,4.0,0.21999999999999997,0.013578531487534443,0.1147664450109005,0.0011813666593904297,8.917985473052189e-07,4.209270218306453e-07,70498.62400000001,1.0,68955.1300625,1.98233933883036e-06,815.0025353975878,2816.0,1.0,,312,,,,,,,,
4.667456239998501,0.003569800986180501,0.038004557291666664,0.2575201236953338,0.0,0.005132500000000002,4.0,0.21750000000000003,0.008480327834452813,0.11641024022052686,-0.0037985567081098757,9.725714609961262e-07,5.14112150777161e-07,70639.11200000001,1.0,68949.7210625,1.98233933883036e-06,877.3961319951904,2816.0,1.0,,313,,,,,,,,
4.659337414001129,0.005046562848225615,0.048258463541666664,0.25028069131076336,0.0,0.005085000000000001,4.0,0.21499999999999997,0.00838642731832806,0.11757848784327507,-0.0035300083303203187,8.045148428929375e-07,4.1510022915266137e-07,70558.38399999999,1.0,68942.6220625,1.98233933883036e-06,806.4849495446246,2816.0,1.0,,314,,,,,,,,
4.708816897000361,0.0033053429468825613,0.038981119791666664,0.2448724489659071,0.0,0.005037500000000002,4.0,0.21250000000000002,0.009055288954793165,0.1126630874350667,-0.0026210848397264877,8.168972840394417e-07,4.208860081196993e-07,70445.07600000002,1.0,68905.657,1.98233933883036e-06,837.7855698724468,2816.0,1.0,,315,,,,,,,,
4.642592783000509,0.004853428891059626,0.053466796875,0.258719963952899,0.0,0.00499,4.0,0.20999999999999996,0.011520000329862038,0.11458960765351851,-0.000844510660196344,9.27945350781556e-07,4.4524738621968635e-07,70509.44000000002,1.0,68890.34237500001,1.98233933883036e-06,829.543544457348,2816.0,1.0,,316,,,,,,,,
4.642814123999415,0.003332981197345338,0.038981119791666664,0.24011279890934625,0.0,0.004942500000000001,4.0,0.20750000000000002,0.009966398705728352,0.11839262954890728,-0.0014543646248057485,7.748062008280007e-07,4.025300472202768e-07,70534.272,1.0,68936.431625,1.98233933883036e-06,787.7846271192147,2816.0,1.0,,317,,,,,,,,
4.648533544001111,0.002716006164027599,0.026041666666666668,0.26125238835811615,0.0,0.004895,4.0,0.20499999999999996,0.013831374621076975,0.12443771306425333,0.0013775298139080405,9.286026217599405e-07,5.085196500923909e-07,70488.43599999999,1.0,68865.4758125,1.98233933883036e-06,876.9318905566246,2816.0,1.0,,318,,,,,,,,
4.589311982001163,0.002865826177176345,0.0380859375,0.2697717597087224,0.0,0.004847500000000001,4.0,0.2025,0.011591399243722359,0.1252550504480799,-0.001290321738148729,9.409285226524844e-07,4.2592242858556045e-07,70304.276,1.0,68791.7044375,1.98233933883036e-06,817.721188047956,2816.0,1.0,,319,,,,,,,,
5.108292544999131,0.0018149790782532686,0.021158854166666668,0.27176379784941673,0.0,0.0048000000000000004,4.0,0.19999999999999996,0.013513579792440092,0.12386269836376111,0.0005196594477941593,8.142375070481952e-07,3.8029694356585725e-07,70418.22800000002,1.0,68861.51362499999,1.98233933883036e-06,801.5777819134969,2816.0,1.0,0.42282843589782715,320,70679.376,70522.744,70504.672,70000042,70237.48133333333,best_of_k,70522.744,378.68029600119934
4.664356804001727,0.0035798485074884923,0.041259765625,0.26666224127014476,0.0,0.0047525000000000015,4.0,0.1975,0.010825709517424306,0.12193508197863896,-0.0019281566298256318,7.313784943600391e-07,3.5486099273877397e-07,70468.22000000002,1.0,68900.6598125,1.98233933883036e-06,790.0315421229807,2816.0,1.0,,321,,,,,,,,
4.638848693000909,0.0026240626054085205,0.034912109375,0.27984414870540303,0.0,0.004704999999999999,4.0,0.19499999999999995,0.013755677246081177,0.12276356512059768,0.0003407934564165771,7.91128674867044e-07,3.982713998595955e-07,70516.436,1.0,68859.461375,1.98233933883036e-06,837.1216574809242,2816.0,1.0,,322,,,,,,,,
4.6436246409994055,0.002076227844292807,0.024332682291666668,0.24825158839424452,0.0,0.0046575,4.0,0.1925,0.013256137210798139,0.12073397450149059,0.0014056090731173754,8.10025899985097e-07,3.718238896036989e-07,70482.48400000001,1.0,68930.7423125,1.98233933883036e-06,792.8251556922271,2816.0,1.0,,323,,,,,,,,
4.6328924110002845,0.0019337033419954963,0.022623697916666668,0.259304561962684,0.0,0.0046099999999999995,4.0,0.18999999999999995,0.010340134981864443,0.11903001771618922,-0.0020767655805684626,1.0114246033291845e-06,5.978568182740673e-07,70485.956,1.0,68880.7963125,1.98233933883036e-06,963.3455340988263,2816.0,1.0,,324,,,,,,,,
4.626445476000299,0.0024004788138913824,0.027018229166666668,0.25463871595760185,0.0,0.004562500000000001,4.0,0.1875,0.012365412558816994,0.11644436077525218,0.000164484023116529,7.321031105789189e-07,3.941127400726903e-07,70315.52799999999,1.0,68944.41562500001,1.98233933883036e-06,801.9307022604003,2816.0,1.0,,325,,,,,,,,
4.728672888000801,0.001797673779192858,0.022135416666666668,0.2555734670410554,0.0,0.004515000000000002,4.0,0.18500000000000005,0.010206665353810726,0.1198859332750241,-0.002031068356397251,8.532372414530679e-07,5.205824002985082e-07,70502.952,1.0,68899.143125,1.98233933883036e-06,899.3716148351775,2816.0,1.0,,326,,,,,,,,
4.714769870999589,0.003139700555649938,0.019856770833333332,0.25374458357691765,0.0,0.004467500000000001,4.0,0.1825,0.012199697467925338,0.1208004808674256,5.180493462830782e-05,8.416486802313253e-07,5.09475011511995e-07,70535.3,1.0,68874.48087500001,1.98233933883036e-06,846.5927946738816,2816.0,1.0,,327,,,,,,,,
4.672807853001359,0.002709657558619701,0.017252604166666668,0.2834419061740239,0.0,0.004420000000000002,4.0,0.18000000000000005,0.01596720232676792,0.1184299656500419,0.002318070464146634,1.2456075542862284e-06,7.460068189857338e-07,70411.82400000002,1.0,68796.8476875,1.98233933883036e-06,851.8617575089015,2816.0,1.0,,328,,,,,,,,
4.670390980998491,0.007859780637822075,0.065185546875,0.25390422716736794,0.0,0.004372500000000001,4.0,0.1775,0.01012960214090223,0.12393287941813469,-0.002024135746372243,1.1423887708398677e-06,6.168787223259642e-07,70530.74,1.0,68857.9359375,1.98233933883036e-06,881.1746997447472,2816.0,1.0,,329,,,,,,,,
5.082391015999747,0.0047140655707173336,0.0283203125,0.27655061706900597,0.0,0.0043250000000000025,4.0,0.17500000000000004,0.01188845127277697,0.12017534052332242,-0.0014197347530474265,1.0014258530569957e-06,6.269626193026548e-07,70513.936,1.0,68770.939125,1.98233933883036e-06,888.2598290048559,2816.0,1.0,0.4131477177143097,330,,,,,,,,
4.620477998001661,0.005332656826345428,0.030110677083333332,0.2604765531917413,0.0,0.0042775,4.0,0.1725,0.011995405812437335,0.11827629307905833,-0.0005229242378845811,1.0046274165157836e-06,6.566816992403801e-07,70541.104,1.0,68850.40631250001,1.98233933883036e-06,867.5420837881027,2816.0,1.0,,331,,,,,,,,
4.677304195000033,0.0024747093905587527,0.028157552083333332,0.24977244498829046,0.0,0.004230000000000001,4.0,0.17000000000000004,0.012021389450334633,0.11503627182294925,1.904098705078165e-05,8.12791412840852e-07,4.962370627007809e-07,70570.46800000001,1.0,68925.647375,1.98233933883036e-06,854.6498554917738,2816.0,1.0,,332,,,,,,,,
4.687106470000799,0.004158357069658909,0.026692708333333332,0.24194608566661677,0.0,0.004182500000000002,4.0,0.16749999999999998,0.013271502073621377,0.11521436336139838,0.0016558687978734572,5.417601679861642e-07,3.174342732374195e-07,70506.75200000001,1.0,68972.546125,1.98233933883036e-06,761.0983901773033,2816.0,1.0,,333,,,,,,,,
4.670880333000241,0.002146447704430917,0.023111979166666668,0.25713365711271763,0.0,0.004135,4.0,0.16500000000000004,0.009248527960153297,0.12341220832119386,-0.0030981244441742697,7.260549542327984e-07,4.1303121752396993e-07,70478.676,1.0,68891.6813125,1.98233933883036e-06,834.8217123646992,2816.0,1.0,,334,,,,,,,,
4.605649629000254,0.002018832992761214,0.023193359375,0.25530056034525234,0.0,0.004087500000000001,4.0,0.16249999999999998,0.010775297414511442,0.12586611416190863,-0.0014755309481794636,6.998958781423426e-07,4.1616612970566774e-07,70452.576,1.0,68879.28131250001,1.98233933883036e-06,825.0520359365386,2816.0,1.0,,335,,,,,,,,
4.6534519720007665,0.002295035883861374,0.0263671875,0.2417619532595078,0.0,0.004040000000000002,4.0,0.16000000000000003,0.004970187689953794,0.12605858656267324,-0.006608916951032977,7.465189995059518e-07,4.1839463449377945e-07,70454.796,1.0,68897.13575,1.98233933883036e-06,814.3065579082838,2816.0,1.0,,336,,,,,,,,
4.59215041599964,0.0017560874869394876,0.022135416666666668,0.2938757700224717,0.0,0.0039924999999999995,4.0,0.15749999999999997,0.012714518990833312,0.13412869504342476,-0.0014439941636131455,6.255396793145943e-07,3.4172354901329527e-07,70448.84000000001,1.0,68817.24025,1.98233933883036e-06,774.8836189889668,2816.0,1.0,,337,,,,,,,,
4.643670903000384,0.0016422184209498407,0.020100911458333332,0.2802313280602296,0.0,0.003945000000000001,4.0,0.15500000000000003,0.011200121050933376,0.13392814993858337,-0.0022833627493431172,7.811809344578554e-07,3.7231930960501813e-07,70292.70000000001,1.0,68783.82168749999,1.98233933883036e-06,864.6407914497802,2816.0,1.0,,338,,,,,,,,
4.665331696000067,0.0021654055410233277,0.020914713541666668,0.2861649766564369,0.0,0.0038975000000000017,4.0,0.15249999999999997,0.013675183610757813,0.1358980555087328,-0.00010361398259798686,6.239701543601465e-07,2.9768630582793776e-07,70442.69200000001,1.0,68771.33775,1.98233933883036e-06,821.8537974618332,2816.0,1.0,,339,,,,,,,,
5.018530671000917,0.0010408455732952386,0.011474609375,0.2739093638956547,0.0,0.0038500000000000027,4.0,0.15000000000000002,0.01006103222607635,0.13443893380463123,-0.0031171100369344154,6.678149967835149e-07,3.927702335223178e-07,70277.756,1.0,68813.2626875,1.98233933883036e-06,826.7858218130187,2816.0,1.0,0.4632033705711365,340,70679.376,70441.556,70325.448,70000042,70118.34933333335,best_of_k,70441.556,436.49881577764876
4.663868978999744,0.0031120261770555637,0.0361328125,0.2705361321568489,0.0,0.0038025000000000003,4.0,0.14749999999999996,0.008100425848776164,0.13449641255040964,-0.004915174193835507,5.724704597772264e-07,3.154133641677011e-07,70178.82,1.0,68838.4116875,1.98233933883036e-06,772.901970830811,2816.0,1.0,,341,,,,,,,,
4.662005012998634,0.00172076712898613,0.022054036458333332,0.28535392756263417,0.0,0.0037550000000000014,4.0,0.14500000000000002,0.015491476534710577,0.13445798338701329,0.0017284318261469405,6.148782413598989e-07,3.54945109156309e-07,70439.48800000001,1.0,68828.8063125,1.98233933883036e-06,765.3809120646434,2816.0,1.0,,342,,,,,,,,
4.618787780000275,0.002104481120374757,0.027425130208333332,0.2839106408258279,0.0,0.003707499999999999,4.0,0.14249999999999996,0.015071381349116564,0.1301907431334257,0.0013583063846454024,5.758242475432477e-07,3.34766006915288e-07,70470.90800000001,1.0,68848.06550000001,1.98233933883036e-06,793.4872009306454,2816.0,1.0,,343,,,,,,,,
4.630842407999808,0.0023082259228601743,0.025065104166666668,0.26473114142815274,0.0,0.00366,4.0,0.14,0.0076969245783402584,0.12946330631772676,-0.0050660242947439356,6.243838370778576e-07,3.302473245980764e-07,70421.8,1.0,68846.65475000002,1.98233933883036e-06,820.4742300721203,2816.0,1.0,,344,,,,,,,,
4.626127830999394,0.0015020039037203503,0.014485677083333334,0.26433152084549266,0.0,0.003612500000000001,4.0,0.13749999999999996,0.01126194758883988,0.1251433501020074,-0.0015027603367343545,5.560553428078189e-07,3.123116059100539e-07,70463.96,1.0,68894.7318125,1.98233933883036e-06,801.1433757506924,2816.0,1.0,,345,,,,,,,,
4.643399325999781,0.0017285258682182558,0.021402994791666668,0.27110864222049713,0.0,0.003565000000000002,4.0,0.135,0.014942184886119017,0.12663443014025688,0.0018379880348220468,5.93952691474442e-07,3.126886743605913e-07,70446.56800000001,1.0,68905.71937500002,1.98233933883036e-06,785.9026862812653,2816.0,1.0,,346,,,,,,,,
4.6395863449997705,0.0010321625937355823,0.010660807291666666,0.2655853095153968,0.0,0.0035175,4.0,0.13249999999999995,0.012418796308338642,0.12188237688193719,-0.0004323337731572489,1.3226054988990654e-06,9.060724745305985e-07,70474.48000000001,1.0,68819.8486875,1.98233933883036e-06,1024.5556588183874,2816.0,1.0,,347,,,,,,,,
4.668934575000094,0.0012800012178981746,0.0126953125,0.2618131438891093,0.0,0.003470000000000001,4.0,0.13,0.011476466820264855,0.12113534721235435,-0.0011941383321148653,6.965733803099283e-07,4.364399390037003e-07,70497.97200000001,1.0,68865.15281249999,1.98233933883036e-06,816.399991513713,2816.0,1.0,,348,,,,,,,,
4.701117020998936,0.0022478831209748287,0.026204427083333332,0.27324625477194786,0.0,0.0034224999999999985,4.0,0.12749999999999995,0.015565380803309381,0.12150800010810296,0.002318544934193293,9.110023337181398e-07,5.862463972050591e-07,70446.336,1.0,68813.517375,1.98233933883036e-06,940.1392470305182,2816.0,1.0,,349,,,,,,,,
5.0001482330008,0.001231366791954495,0.012939453125,0.264288326104482,0.0,0.0033749999999999995,4.0,0.125,0.011995965741031492,0.12321397662162781,-0.0008029436382154623,8.058497040034732e-07,5.19634196412729e-07,70484.70000000001,1.0,68874.9711875,1.98233933883036e-06,875.2225938103345,2816.0,1.0,0.43835678696632385,350,,,,,,,,
4.729231756000445,0.0019591237732186073,0.02099609375,0.2848026802142461,0.0,0.0033275000000000006,4.0,0.12250000000000005,0.008763097769891223,0.12301236825684707,-0.005067938395465414,6.144627443897358e-07,3.2868622549623677e-07,70418.42000000001,1.0,68816.65312500001,1.98233933883036e-06,792.3484295496118,2816.0,1.0,,351,,,,,,,,
4.599309332999837,0.001880432424609187,0.017659505208333332,0.29845105484128,0.0,0.0032800000000000017,4.0,0.12,0.0120792030938901,0.12469848524779081,-0.002434639628821363,7.995575851775053e-07,4.4064341035247406e-07,70268.02,1.0,68784.44125,1.98233933883036e-06,872.8895723262699,2816.0,1.0,,352,,,,,,,,
4.64873201500086,0.0011633004852201385,0.013671875,0.2768868952989578,0.0,0.0032325000000000027,4.0,0.11750000000000005,0.013664712363000339,0.12383184892435868,0.0002203832846134901,7.356257635630451e-07,3.9426783023562467e-07,70238.484,1.0,68868.0926875,1.98233933883036e-06,800.6867316046771,2816.0,1.0,,353,,,,,,,,
4.657347091999327,0.0016044760167908123,0.018880208333333332,0.27632757648825645,0.0,0.0031850000000000003,4.0,0.11499999999999999,0.016265672764954314,0.12377357017248869,0.0028432784602046013,6.649959966390876e-07,3.3445906903277017e-07,70420.42800000001,1.0,68857.04725,1.98233933883036e-06,749.3833016126918,2816.0,1.0,,354,,,,,,,,
4.659366042998954,0.0018853295253607645,0.026285807291666668,0.3011337307592233,0.0,0.0031375000000000014,4.0,0.11250000000000004,0.015366616329022994,0.1212512298176686,0.0006900397905459007,7.442601273055516e-07,4.825216564086077e-07,70285.448,1.0,68756.8244375,1.98233933883036e-06,801.631168897866,2816.0,1.0,,355,,,,,,,,
4.630940212999121,0.0020008736040371864,0.0283203125,0.2942689259847005,0.0,0.003089999999999999,4.0,0.10999999999999999,0.011835431854706258,0.12264873366802931,-0.0024992669156442084,6.212961499348543e-07,3.4953026547176097e-07,70418.34000000001,1.0,68849.242875,1.98233933883036e-06,779.057995979269,2816.0,1.0,,356,,,,,,,,
4.6669943560009415,0.0017764283199968034,0.023763020833333332,0.27346935495734215,0.0,0.0030425,4.0,0.10750000000000004,0.012597510882187635,0.1229534475132823,-0.0007021396401493499,6.765219472034308e-07,4.03142700851807e-07,70415.90400000001,1.0,68805.3991875,1.98233933883036e-06,805.3010189653253,2816.0,1.0,,357,,,,,,,,
4.597603046999211,0.0027427622197150705,0.020182291666666668,0.2759015200038751,0.0,0.002995000000000001,4.0,0.10499999999999998,0.018597623081101727,0.12190950817118089,0.005167283350601792,9.041745059334971e-07,5.846327345201038e-07,70497.092,1.0,68754.9643125,1.98233933883036e-06,832.4533462694181,2816.0,1.0,,358,,,,,,,,
4.634286829999837,0.001115665300874961,0.011149088541666666,0.2664600337545077,0.0,0.002947500000000002,4.0,0.10250000000000004,0.011962342861806974,0.12273628978679578,-0.0009991225282040734,5.908783435870646e-07,3.400185732971295e-07,70462.56400000001,1.0,68854.4200625,1.98233933883036e-06,812.721987589388,2816.0,1.0,,359,,,,,,,,
5.029210131999207,0.0008018973486543975,0.007080078125,0.26040367285410565,0.0,0.0029,4.0,0.09999999999999998,0.011303362378384918,0.12573276553303003,-0.001352549996227026,8.283585444246455e-07,5.420650216099906e-07,70373.68400000001,1.0,68808.90987500001,1.98233933883036e-06,864.4675730367123,2816.0,1.0,0.5444096922874451,360,70679.376,70383.03600000001,70125.73600000002,70000042,70118.98466666667,best_of_k,70383.03600000001,413.7183587696148
