elapsed_seconds,optimization_approximate_kl,optimization_clip_fraction,optimization_count_loss,optimization_early_kl_stop,optimization_entropy_coefficient,optimization_epochs_completed,optimization_learning_rate_fraction,optimization_loss,optimization_normalized_entropy,optimization_policy_loss,optimization_q_loss,optimization_value_loss,rollout_best_objective,rollout_feasible_rate,rollout_mean_objective,rollout_reward_scale,rollout_std_objective,rollout_transitions,rollout_vectorized_rollouts,self_imitation_loss,update,validation_archive_best_objective,validation_best_of_k_objective,validation_deterministic_objective,validation_fixed_validation_seed,validation_mean_stochastic_objective,validation_selection_metric,validation_selection_objective,validation_std_stochastic_objective
1.5514015679996191,0.023139819444622844,0.2216796875,0.0,1.0,0.0199525,1.0,0.9975,0.019247946795076132,0.8366165608167648,0.012299655703827739,0.20127664704341441,0.0070264331880025566,10578.026,1.0,8068.24381640625,2.6305898801864956e-05,1288.4546536870641,1920.0,1.0,,1,10578.026,10487.270499999999,0.0,70000042,8111.615924999999,best_of_k,10487.270499999999,1267.74966349025
1.8888524180001696,0.011291976596112363,0.18627929873764515,0.0,0.0,0.019905,4.0,0.995,-0.004758371680509299,0.7858057729899883,-8.32625082693994e-05,0.10568480918300338,0.0007957493889989564,9877.47975,1.0,7701.866351562499,2.6305898801864956e-05,1211.4118389711255,1920.0,1.0,,2,,,,,,,,
1.5499230219998026,0.016946700590779074,0.22591145895421505,0.0,1.0,0.0198575,2.0,0.9925,-0.023345195222645998,0.8165733143687248,-0.010014918982051313,0.025838510133326054,0.0006019521388225257,11214.371500000001,1.0,9145.721308593751,2.6305898801864956e-05,1100.687696704702,1920.0,1.0,,3,,,,,,,,
1.6326891280000382,0.013621160857534656,0.2274848110973835,0.0,1.0,0.01981,3.0,0.99,-0.016814653140803177,0.7736574957768122,-0.0024187524492541948,0.006287295594423388,0.0006030500881024636,12368.198499999999,1.0,9651.32051171875,2.6305898801864956e-05,1410.5312505209006,1920.0,1.0,,4,,,,,,,,
1.755198749000101,0.009098818387428764,0.14986165519803762,0.0,0.0,0.0197625,4.0,0.9875,-0.02336772804846987,0.7557978518307209,-0.008897421648725867,0.0021831484846188687,0.0004956668253726093,12999.66,1.0,10267.3653671875,2.6305898801864956e-05,1256.6071015648715,1920.0,1.0,,5,,,,,,,,
1.758036845999868,0.013609342713607475,0.2461751322261989,0.0,0.0,0.019715,4.0,0.985,-0.02788864547619596,0.6894163377583027,-0.014705105742905289,0.00147819933044957,0.0005209651699260576,13634.53425,1.0,11484.83130859375,2.6305898801864956e-05,1150.558903832936,1920.0,1.0,,6,,,,,,,,
1.7586609370000588,0.009779271931620315,0.16634114680346102,0.0,0.0,0.0196675,4.0,0.9825,-0.020672159851528704,0.6572988033294678,-0.007990202284418046,0.0008975351593107916,0.00031142704665398924,13253.538250000001,1.0,12030.5777890625,2.6305898801864956e-05,806.5441968935422,1920.0,1.0,,7,,,,,,,,
1.8096196370001962,0.008524679775291588,0.13248698168899864,0.0,0.0,0.019620000000000002,4.0,0.98,-0.017729313403833658,0.6205129139125347,-0.005711571022402495,0.000557622013729997,0.00020191642488498474,13698.624749999999,1.0,12571.1991640625,2.6305898801864956e-05,672.8423505623874,1920.0,1.0,,8,,,,,,,,
1.733401633000085,0.007449512268067338,0.08174641989171505,0.0,0.0,0.0195725,4.0,0.9775,-0.014438334619626403,0.6085432693362236,-0.002666710235644132,0.00042278299042664,0.00019362106650078204,14494.08075,1.0,12946.7990078125,2.6305898801864956e-05,609.0785228369383,1920.0,1.0,,9,,,,,,,,
1.7303983709998647,0.009414070347702364,0.11718750093132257,0.0,0.0,0.019525,4.0,0.975,-0.016807834967039526,0.5581320039927959,-0.006003255592077039,0.00029051587989670224,0.00012779363123627263,14550.357,1.0,13361.614359374998,2.6305898801864956e-05,563.470065029126,1920.0,1.0,,10,,,,,,,,
1.72617764000006,0.006089631329814438,0.07222493586596102,0.0,0.0,0.019477500000000002,4.0,0.9725,-0.01506383012747392,0.524127647280693,-0.004924914333969355,0.00019859426265611546,9.984115285988082e-05,14490.280499999999,1.0,13523.2859765625,2.6305898801864956e-05,601.6116928806538,1920.0,1.0,,11,,,,,,,,
1.7451908289999665,0.007940268100355752,0.08740234421566129,0.0,0.0,0.01943,4.0,0.97,-0.013325523003004491,0.4886223338544369,-0.0038822730421088636,0.00012805697542717098,7.575266818093951e-05,14670.955,1.0,13837.8221015625,2.6305898801864956e-05,433.2208234080119,1920.0,1.0,,12,,,,,,,,
1.770071173999895,0.006245759086596081,0.04980468796566129,0.0,0.0,0.0193825,4.0,0.9675,-0.013699320785235614,0.4524873662739992,-0.004976400261512026,9.224331734003499e-05,7.638122178832418e-05,14905.02275,1.0,13909.435535156248,2.6305898801864956e-05,375.6438148122098,1920.0,1.0,,13,,,,,,,,
1.7350244809999822,0.003814354095084127,0.04406738339457661,0.0,0.0,0.019335,4.0,0.965,-0.011299479840090498,0.48206159099936485,-0.0020299373427405953,0.00012029915478706243,7.817786354280543e-05,14818.784500000002,1.0,14091.6179609375,2.6305898801864956e-05,367.1046744029881,1920.0,1.0,,14,,,,,,,,
1.7701811639999505,0.005672873427101877,0.06726074288599193,0.0,0.0,0.0192875,4.0,0.9625,-0.011181802954524755,0.49231935665011406,-0.0017346615786664188,0.00014588521071345895,6.775970996386604e-05,14767.749499999998,1.0,14004.137453124999,2.6305898801864956e-05,404.185540756469,1920.0,1.0,,15,,,,,,,,
1.815284093000173,0.0042444401333341375,0.05196126317605376,0.0,0.0,0.01924,4.0,0.96,-0.011660426738671958,0.4716370441019535,-0.0026347944512963295,0.00013516565195459407,7.029468315522536e-05,15017.755500000001,1.0,14100.62192578125,2.6305898801864956e-05,426.1757288918615,1920.0,1.0,,16,,,,,,,,
1.792722953000066,0.008030674573092256,0.09969075553817675,0.0,0.0,0.0191925,4.0,0.9575,-0.013143464952008799,0.4737582039088011,-0.0040895185666158795,0.00010080926631417242,5.715301426789665e-05,14928.479499999998,1.0,14204.362734375,2.6305898801864956e-05,367.88182739723993,1920.0,1.0,,17,,,,,,,,
1.7739940490000663,0.009059831143531483,0.13085937569849193,0.0,0.0,0.019145,4.0,0.955,-0.008156285446602851,0.4765431825071573,0.0009086855570785701,0.00011471378729766002,9.395471738571359e-05,14844.998999999998,1.0,14241.557761718748,2.6305898801864956e-05,353.600433462362,1920.0,1.0,,18,,,,,,,,
1.7911368400000356,0.005910625550313853,0.07360839890316129,0.0,0.0,0.0190975,4.0,0.9525,-0.011342004378093407,0.4465379286557436,-0.0028636042261496186,0.00012836936048188363,7.304192854462599e-05,15016.28,1.0,14327.3681484375,2.6305898801864956e-05,373.1780757014955,1920.0,1.0,,19,,,,,,,,
1.7374000669997258,0.008859604022291023,0.08581542986212298,0.0,1.0,0.01905,4.0,0.95,-0.007518166123190895,0.41911868937313557,0.00025177354109473526,0.0001862207323028997,0.0003913001351065759,15125.6525,1.0,14435.045515625001,2.6305898801864956e-05,334.3820758917813,1920.0,1.0,,20,15125.6525,15130.73625,13943.93375,70000042,14514.780841666665,best_of_k,15130.73625,396.89856115301757
1.8602497679999033,0.005719635664718226,0.07714843796566129,0.0,0.0,0.019002500000000002,4.0,0.9475,-0.008331001095939428,0.41629886999726295,-0.0027185008220840245,0.0008526603578502545,0.0044259062296987395,15078.105,1.0,14344.8179765625,2.6305898801864956e-05,365.7180367898033,1920.0,1.0,,21,,,,,,,,
1.8094628019998709,0.011712362862454029,0.1466064453125,0.0,0.0,0.018955,4.0,0.945,-0.0046819065464660525,0.41480735689401627,0.0006285483832471073,0.0027901492485398194,0.004546406762528932,15145.51825,1.0,14676.35138671875,2.6305898801864956e-05,253.8005373509418,1920.0,1.0,,22,,,,,,,,
1.8191988250000577,0.0052246149880375015,0.07145182354724966,0.0,0.0,0.0189075,4.0,0.9425,-0.006694015901302919,0.4058664683252573,0.00014815130271017551,0.0020240741832822096,0.0012586898064910201,15083.908,1.0,14603.62651171875,2.6305898801864956e-05,294.9208335913119,1920.0,1.0,,23,,,,,,,,
1.792000009000276,0.00985177329130238,0.11653645965270698,0.0,0.0,0.018860000000000002,4.0,0.94,-0.0016709765186533332,0.3932355009019375,0.005534671421628445,0.0006958641806704691,0.0002823728045768803,15225.9675,1.0,14605.4172109375,2.6305898801864956e-05,316.04902106764206,1920.0,1.0,,24,,,,,,,,
1.7204751899998882,0.005458529318275396,0.06970214925240725,0.0,0.0,0.0188125,4.0,0.9375,-0.005900245363591239,0.37657875195145607,0.0010753549868240952,0.0006278508367358882,9.200541308018728e-05,15069.961749999999,1.0,14709.909433593748,2.6305898801864956e-05,249.4113248162013,1920.0,1.0,,25,,,,,,,,
1.5068302349995975,0.0237367769877892,0.13533528661355376,0.0,1.0,0.018765,2.0,0.935,0.00805684394435957,0.3567437008023262,0.014572746586054564,0.0014389846946869511,6.898990886838874e-05,15209.0845,1.0,14704.759378906252,2.6305898801864956e-05,295.1318479020357,1920.0,1.0,,26,,,,,,,,
1.7789704409997285,0.009914518534060335,0.1139322929084301,0.0,0.0,0.0187175,4.0,0.9325,-0.0073698908381629735,0.3722704239189625,-0.0006056936108507216,0.0016817810274005751,7.119268047972582e-05,15241.8635,1.0,14687.755984375,2.6305898801864956e-05,266.03077300075046,1920.0,1.0,,27,,,,,,,,
1.6275009450000653,0.01802280634001363,0.1512044289459785,0.0,1.0,0.01867,3.0,0.9299999999999999,-0.0003605265325556199,0.36294814199209213,0.006276572744051616,0.0011020424475039665,5.787847627895341e-05,15237.31525,1.0,14716.5324296875,2.6305898801864956e-05,263.44447888151933,1920.0,1.0,,28,,,,,,,,
1.744902923999689,0.008325482609507162,0.09704589913599193,0.0,0.0,0.0186225,4.0,0.9275,-0.005969264238956384,0.3421036023646593,0.0003485783818177879,0.0002945512014775886,4.705381979874801e-05,15163.65125,1.0,14818.65863671875,2.6305898801864956e-05,228.3993994166547,1920.0,1.0,,29,,,,,,,,
1.438711837000028,0.021377223602030426,0.15185546875,0.0,1.0,0.018575,1.0,0.925,0.00019632861949503422,0.32786864042282104,0.00625110138207674,0.0001053532960213488,4.9703643526299857e-05,15285.834,1.0,14813.59557421875,2.6305898801864956e-05,275.45815052271706,1920.0,1.0,,30,,,,,,,,
1.7458186540002316,0.009913859717926243,0.1145426444709301,0.0,0.0,0.018527500000000002,4.0,0.9225,-0.0030969426734372973,0.32756991498172283,0.0029417191981337965,9.441351744499116e-05,4.189736500848085e-05,15164.978000000001,1.0,14771.15484765625,2.6305898801864956e-05,201.72257227928628,1920.0,1.0,,31,,,,,,,,
1.7666347549998136,0.007007300759141799,0.07511393283493817,0.0,0.0,0.01848,4.0,0.92,-0.006268956873100251,0.3083430025726557,-0.0006120265170466155,0.0002041751799879421,4.166185385656718e-05,15324.494999999999,1.0,14822.148519531249,2.6305898801864956e-05,222.84411383390986,1920.0,1.0,,32,,,,,,,,
1.7549590919998082,0.0041858207259792835,0.05310058599570766,0.0,0.0,0.0184325,4.0,0.9175,-0.005851543057360686,0.30932313203811646,-0.00021736614871770144,0.0005084106796857668,3.316331265068584e-05,15146.137999999999,1.0,14865.5376171875,2.6305898801864956e-05,156.5550364140718,1920.0,1.0,,33,,,,,,,,
1.7652975709997918,0.008599315828178078,0.09712727973237634,0.0,0.0,0.018385,4.0,0.915,0.0007173848571255803,0.28505939058959484,0.005817669814859983,0.001253193938282493,3.042506671135925e-05,15264.908749999999,1.0,14906.14157421875,2.6305898801864956e-05,164.70599779234172,1920.0,1.0,,34,,,,,,,,
1.392110386999775,0.022067144367611036,0.1258138045668602,0.0,1.0,0.0183375,1.0,0.9125,0.00036857184022665024,0.3048713579773903,0.005841641221195459,0.0010295512256561778,2.9107560294505674e-05,15257.658999999998,1.0,14893.597890625002,2.6305898801864956e-05,145.29750629064824,1920.0,1.0,,35,,,,,,,,
1.780072924000251,0.012156062410213053,0.09387207077816129,0.0,0.0,0.01829,4.0,0.91,0.0011854618205688894,0.2958338111639023,0.006552277802256867,0.0002591879806459474,3.613091826082382e-05,15294.37825,1.0,14873.0070390625,2.6305898801864956e-05,240.5829447013367,1920.0,1.0,,36,,,,,,,,
1.3825412900000629,0.020283113728510216,0.1184895858168602,0.0,1.0,0.018242500000000002,1.0,0.9075,0.0018129653763026,0.29136401414871216,0.007085541961714625,0.0002463045748299919,3.6001588341605384e-05,15330.75225,1.0,14861.197390624999,2.6305898801864956e-05,245.71131029933744,1920.0,1.0,,37,,,,,,,,
1.834760567000103,0.012040679888741579,0.12215169426053762,0.0,0.0,0.018195,4.0,0.905,0.0015171231934800744,0.28579274378716946,0.006672977586276829,0.000304711028093152,2.7346311526343925e-05,15331.929999999998,1.0,14942.41019140625,2.6305898801864956e-05,157.597506535133,1920.0,1.0,,38,,,,,,,,
1.7622313510000822,0.010540312541706953,0.09883626364171505,0.0,0.0,0.0181475,4.0,0.9025,-0.0025317729159723967,0.3009959477931261,0.0029030051664449275,0.00014037470350558579,2.7016593435291725e-05,15310.60225,1.0,14901.072742187502,2.6305898801864956e-05,183.3163742143287,1920.0,1.0,,39,,,,,,,,
1.7378035259998796,0.012011419890768593,0.09912109468132257,0.0,0.0,0.0181,4.0,0.9,-0.00032137922244146466,0.29505592957139015,0.005000406934414059,6.209763364495302e-05,2.503251641883253e-05,15315.15175,1.0,14887.965214843749,2.6305898801864956e-05,158.74374036222412,1920.0,1.0,,40,15331.929999999998,15084.830499999998,14993.9,70000042,14891.118341666666,best_of_k,15084.830499999998,175.74913005276036
1.926625313000386,0.014296669323812239,0.0984293632209301,0.0,1.0,0.0180525,4.0,0.8975,-0.00033852236811071634,0.2841117214411497,0.00477316346950829,4.4230763933228445e-05,2.5634171834099106e-05,15299.76825,1.0,14906.7230390625,2.6305898801864956e-05,159.40377380363444,1920.0,1.0,,41,,,,,,,,
1.4118431080000846,0.020540943238302134,0.1057942733168602,0.0,1.0,0.018005,1.0,0.895,-0.004063129075802863,0.2878129929304123,0.0010981685481965542,6.517019028251525e-05,2.851676708814921e-05,15061.5795,1.0,14772.5141796875,2.6305898801864956e-05,163.00271102462057,1920.0,1.0,,42,,,,,,,,
1.8206777659997897,0.007439744644216262,0.07299804873764515,0.0,0.0,0.0179575,4.0,0.8925,-0.007601994788274169,0.2764594815671444,-0.0026625473983585835,0.0001253183090739185,2.5082019874389516e-05,15127.490250000003,1.0,14887.648046875,2.6305898801864956e-05,136.56084350285317,1920.0,1.0,,43,,,,,,,,
1.7848801439999988,0.011874584222823614,0.09558105561882257,0.0,0.0,0.017910000000000002,4.0,0.89,-0.001908152611576952,0.25710535421967506,0.0026593479997245595,0.00011662468000395165,5.1188682846259326e-05,15283.3025,1.0,14821.794441406251,2.6305898801864956e-05,322.7404482856172,1920.0,1.0,,44,,,,,,,,
1.7393367710001257,0.01317692116208491,0.11165364738553762,0.0,0.0,0.0178625,4.0,0.8875,5.6810356909409165e-05,0.25544412434101105,0.004593244579154998,9.895557946038025e-05,3.308181351258099e-05,15181.1475,1.0,14882.8618203125,2.6305898801864956e-05,216.70636793736904,1920.0,1.0,,45,,,,,,,,
1.358865661999971,0.02268662587448489,0.1220703125,0.0,1.0,0.017815,1.0,0.885,0.012340772314928472,0.242357287555933,0.016624339623376727,0.00012611460715561407,4.283225007384317e-05,15313.968750000002,1.0,14872.96573046875,2.6305898801864956e-05,289.9661366451214,1920.0,1.0,,46,,,,,,,,
1.7952418700001544,0.013636394214699976,0.10445149801671505,0.0,0.0,0.017767500000000002,4.0,0.8825000000000001,0.002875054837204516,0.2490065935999155,0.007274580886587501,9.63912284532853e-05,3.011773981143051e-05,15269.49675,1.0,14870.289625000001,2.6305898801864956e-05,194.95497995032022,1920.0,1.0,,47,,,,,,,,
1.7300230370001373,0.011805074129370041,0.08406575629487634,0.0,0.0,0.01772,4.0,0.88,0.006828619109001011,0.242486665956676,0.01110614271601662,4.3448841552162776e-05,2.9989974791533314e-05,15169.6895,1.0,14880.30008984375,2.6305898801864956e-05,203.7358950388756,1920.0,1.0,,48,,,,,,,,
1.4032286090000525,0.02059263644332532,0.1124674491584301,0.0,1.0,0.0176725,1.0,0.8775,-0.0018880603602156043,0.25394296646118164,0.002582669723778963,3.6442103009903803e-05,2.686455536604626e-05,15086.08775,1.0,14843.518945312499,2.6305898801864956e-05,173.62476768693088,1920.0,1.0,,49,,,,,,,,
1.80909042400026,0.004943527150317095,0.045857747783884406,0.0,0.0,0.017625000000000002,4.0,0.875,-0.007665767596336082,0.24500127136707306,-0.0033620106405578554,3.589805351111863e-05,2.1600675836452865e-05,15231.14525,1.0,14919.89454296875,2.6305898801864956e-05,138.53328285046632,1920.0,1.0,,50,,,,,,,,
1.7002219930000138,0.009377718262840062,0.06571451877243817,0.0,0.0,0.0175775,4.0,0.8725,0.0008525557350367308,0.24475748091936111,0.005132528953254223,4.248118852956395e-05,3.600649290547153e-05,15264.3185,1.0,14930.42587890625,2.6305898801864956e-05,241.1333705344708,1920.0,1.0,,51,,,,,,,,
1.7352214560000903,0.011863304589496693,0.09423828218132257,0.0,1.0,0.01753,4.0,0.87,-0.00021770302555523813,0.23746777139604092,0.003932144449208863,2.8128880558142555e-05,2.0298860931688978e-05,15178.205749999997,1.0,14983.178324218748,2.6305898801864956e-05,130.3152374735377,1920.0,1.0,,52,,,,,,,,
1.423242207000385,0.04306906700367108,0.15380859375,0.0,1.0,0.0174825,1.0,0.8674999999999999,0.005431825993582606,0.24901746213436127,0.009772310964763165,3.4845067602873314e-05,1.8956815893034218e-05,15376.770499999999,1.0,14990.273749999998,2.6305898801864956e-05,124.0241015828677,1920.0,1.0,,53,,,,,,,,
1.697730540000066,0.013640042634506244,0.08959961018990725,0.0,1.0,0.017435,4.0,0.865,-0.0010540310177020729,0.23885234259068966,0.0030932661902625114,4.669607642426854e-05,2.484592528162466e-05,15395.8195,1.0,14956.523980468748,2.6305898801864956e-05,181.82896834120774,1920.0,1.0,,54,,,,,,,,
1.3839334879999114,0.026250463095493615,0.1212565116584301,0.0,1.0,0.0173875,1.0,0.8625,-0.00879154959693551,0.2305983304977417,-0.004810682963579893,5.802276973554399e-05,4.572019952320261e-05,15318.743749999998,1.0,14838.792875,2.6305898801864956e-05,236.9017688157051,1920.0,1.0,,55,,,,,,,,
1.7519189320000805,0.01127256053587189,0.07312011788599193,0.0,0.0,0.01734,4.0,0.86,-0.008518893417203799,0.22592180501669645,-0.004617884173057973,3.642461729214119e-05,2.5664518489065813e-05,15355.93925,1.0,14946.82448046875,2.6305898801864956e-05,172.9408867690276,1920.0,1.0,,56,,,,,,,,
1.7062864679996892,0.009295395364461001,0.09037272166460752,0.0,0.0,0.017292500000000002,4.0,0.8575,-0.0027035260864067823,0.2210150444880128,0.0011021534446626902,3.0179857617440575e-05,2.641116850554681e-05,15321.45625,1.0,14966.001015625,2.6305898801864956e-05,178.0764975435958,1920.0,1.0,,57,,,,,,,,
1.6290904329998739,0.016306938574416563,0.07714843812088172,0.0,1.0,0.017245,3.0,0.855,0.001102173118852079,0.22135381028056145,0.004904698890944322,3.4808789678208996e-05,2.2479067865788238e-05,15295.522749999998,1.0,14953.79849609375,2.6305898801864956e-05,167.14525921454495,1920.0,1.0,,58,,,,,,,,
1.7713577350000378,0.018691125937039033,0.11946614738553762,0.0,1.0,0.0171975,4.0,0.8525,0.003523216466419399,0.21141176763921976,0.00714705690916162,3.6603250123334874e-05,1.6508872704434907e-05,15362.520999999999,1.0,14994.0563984375,2.6305898801864956e-05,110.49823330672582,1920.0,1.0,,59,,,,,,,,
1.7202932730001521,0.015178338799159974,0.09008789202198386,0.0,0.0,0.017150000000000002,4.0,0.85,0.00414067339443136,0.20005988702178001,0.0075575466034933925,4.688709566380567e-05,1.8929997395389364e-05,15161.065499999999,1.0,14936.943,2.6305898801864956e-05,124.53100086774027,1920.0,1.0,,60,15395.8195,15117.147500000001,15014.495,70000042,14965.576558333332,best_of_k,15117.147500000001,73.58542327454896
1.8135763000000225,0.011944919046072755,0.07434082054533064,0.0,0.0,0.0171025,4.0,0.8475,-0.0011232734977966174,0.2082483321428299,0.0024260282807517797,2.615277219319978e-05,1.929998393279675e-05,15165.820249999997,1.0,14942.50191796875,2.6305898801864956e-05,130.79789533748203,1920.0,1.0,,61,,,,,,,,
1.6221540999999888,0.023362303686250623,0.08154296921566129,0.0,1.0,0.017055,3.0,0.845,-0.0033265671615178385,0.1881031170487404,-0.000128086656332016,2.149214818321828e-05,1.4937158615187704e-05,15176.337,1.0,14981.524003906248,2.6305898801864956e-05,78.71214418101704,1920.0,1.0,,62,,,,,,,,
1.735293189999993,0.006836164553533308,0.07421875046566129,0.0,0.0,0.017007500000000002,4.0,0.8425,-0.0028992695079068653,0.18392892088741064,0.00021848826145287603,2.3820774686100776e-05,1.606033339385249e-05,15172.8255,1.0,14906.0790703125,2.6305898801864956e-05,126.34348145334185,1920.0,1.0,,63,,,,,,,,
1.4704963839999436,0.036978544463636354,0.09407552145421505,0.0,1.0,0.01696,1.0,0.84,0.00891509372740984,0.1880527064204216,0.012094575446099043,2.3999850327527383e-05,1.4983022083470132e-05,15195.84775,1.0,14983.8134140625,2.6305898801864956e-05,105.1445293459032,1920.0,1.0,,64,,,,,,,,
1.819155880999915,0.005650673003401607,0.04325358080677688,0.0,0.0,0.0169125,4.0,0.8375,-0.0008636821003165096,0.18703912384808064,0.002288160554599017,2.442262996282807e-05,1.8026892576017417e-05,15221.547250000001,1.0,14964.62741796875,2.6305898801864956e-05,145.56727682131043,1920.0,1.0,,65,,,,,,,,
1.5928796720004357,0.013709561588863531,0.08496093874176343,0.0,1.0,0.016865,3.0,0.835,-0.005616175942122936,0.18089956293503442,-0.0025784095438818135,3.928478372472455e-05,1.8353790134521358e-05,15346.330999999998,1.0,14991.436453125,2.6305898801864956e-05,166.00430981530454,1920.0,1.0,,66,,,,,,,,
1.3867845280001347,0.034632798488019034,0.1149088554084301,0.0,1.0,0.0168175,1.0,0.8325,0.012787931133061647,0.1816081702709198,0.015826848335564137,8.13696751720272e-05,1.4284366443462204e-05,15314.236750000002,1.0,14991.5966875,2.6305898801864956e-05,108.5152727954685,1920.0,1.0,,67,,,,,,,,
1.385851071000161,0.03154082578839734,0.1136067733168602,0.0,1.0,0.01677,1.0,0.83,0.00112931989133358,0.15931610390543938,0.003780295141041279,7.001769790804246e-05,2.7509714982443256e-05,15345.09275,1.0,14884.1589140625,2.6305898801864956e-05,222.987842420702,1920.0,1.0,,68,,,,,,,,
1.5010505459999877,0.014676102364319377,0.08691406343132257,0.0,1.0,0.0167225,2.0,0.8275,0.000563930458156392,0.1615345198661089,0.003248825203627348,6.437997126340633e-05,1.985585527108924e-05,15357.9065,1.0,14980.324828124998,2.6305898801864956e-05,160.77817774305282,1920.0,1.0,,69,,,,,,,,
1.7113363299999946,0.016021242678107228,0.0734049491584301,0.0,1.0,0.016675000000000002,4.0,0.825,0.003713841753778979,0.15950352977961302,0.0063465984421782196,5.186702469472948e-05,4.3555258116612094e-05,15315.5655,1.0,14756.826976562501,2.6305898801864956e-05,255.66209602753543,1920.0,1.0,,70,,,,,,,,
1.7717075119999208,0.005434716265881434,0.05147298239171505,0.0,0.0,0.0166275,4.0,0.8225,-0.0023893516918178648,0.15554256923496723,0.0001801899452402722,4.109022950160579e-05,2.5265738486268674e-05,15302.75225,1.0,14968.93959375,2.6305898801864956e-05,216.23929797994256,1920.0,1.0,,71,,,,,,,,
1.7473208840001462,0.010146729844564106,0.05794270895421505,0.0,0.0,0.01658,4.0,0.8200000000000001,-0.0036013091157656163,0.15634870436042547,-0.0010317613487131894,5.445127044367837e-05,3.4537571536930045e-05,15313.9725,1.0,14871.21840625,2.6305898801864956e-05,265.6435300239422,1920.0,1.0,,72,,,,,,,,
1.7063375770003404,0.006041710665158462,0.06685384246520698,0.0,0.0,0.016532500000000002,4.0,0.8175,-4.434234870132059e-05,0.15324452333152294,0.002454425732139498,0.00025531586959459673,1.842940719143371e-05,15349.210999999998,1.0,15007.631179687502,2.6305898801864956e-05,151.67661418560053,1920.0,1.0,,73,,,,,,,,
1.760425149999719,0.007548667621449567,0.051839193096384406,0.0,0.0,0.016485,4.0,0.815,-0.004685035833972506,0.14160735812038183,-0.0023923733388073742,0.00029088074268202035,2.5293374392276746e-05,15325.6315,1.0,14932.4329921875,2.6305898801864956e-05,198.83662485922005,1920.0,1.0,,74,,,,,,,,
1.7194516519998615,0.0040970703594211955,0.04272460984066129,0.0,0.0,0.0164375,4.0,0.8125,0.00030308656278066337,0.1516686575487256,0.0025828892248682678,0.00205340841148427,1.5820693818113796e-05,15312.633,1.0,15017.62129296875,2.6305898801864956e-05,121.83779729507543,1920.0,1.0,,75,,,,,,,,
1.719744528999854,0.009205643407767639,0.07747395895421505,0.0,0.0,0.016390000000000002,4.0,0.81,0.0030355253111338243,0.15344632510095835,0.00508162408368662,0.004612379621448781,1.5296024059807678e-05,15277.3675,1.0,14994.0789453125,2.6305898801864956e-05,103.83144341765791,1920.0,1.0,,76,,,,,,,,
1.757305653000003,0.011979820672422647,0.0755615234375,0.0,0.0,0.0163425,4.0,0.8075,0.003730114927748218,0.1444646744057536,0.006035974780388642,0.00048302659138244053,1.3503351112831297e-05,15308.584249999998,1.0,15025.20423046875,2.6305898801864956e-05,118.08645744409422,1920.0,1.0,,77,,,,,,,,
1.7322787470002368,0.0053475917666219175,0.051269531482830644,0.0,0.0,0.016295,4.0,0.8049999999999999,0.0010342217283323407,0.1562998779118061,0.0035355902509763837,0.0003827384036867443,1.452839637750003e-05,15390.73325,1.0,15016.17672265625,2.6305898801864956e-05,128.22930281445633,1920.0,1.0,,78,,,,,,,,
1.7360042640002575,0.003455646314250771,0.050415039382642135,0.0,0.0,0.0162475,4.0,0.8025,-0.00365087365207728,0.1490128319710493,-0.0012848100159317255,0.00047842132835285156,1.4358857470142539e-05,15294.055250000001,1.0,14993.39635546875,2.6305898801864956e-05,125.21583962112385,1920.0,1.0,,79,,,,,,,,
1.5577087729998311,0.023293073420063592,0.08862304780632257,0.0,1.0,0.0162,2.0,0.8,0.013662188488524407,0.149864649400115,0.01603497692849487,0.0004699011333286762,1.6056776985351462e-05,15328.98725,1.0,15008.579269531248,2.6305898801864956e-05,152.0356854363418,1920.0,1.0,,80,15395.8195,15239.361750000002,15064.51175,70000042,14998.566975000002,best_of_k,15239.361750000002,104.94430530118018
1.8576187939997908,0.004542866776318988,0.038045247783884406,0.0,0.0,0.0161525,4.0,0.7975,-0.004007949668448418,0.14315909147262573,-0.001709029485937208,4.826645692901366e-05,1.7259609535358322e-05,15299.7755,1.0,14956.11366015625,2.6305898801864956e-05,160.10485292213193,1920.0,1.0,,81,,,,,,,,
1.6616630579997036,0.01596153699210845,0.11398654679457347,0.0,1.0,0.016105,3.0,0.795,0.0005663791283344229,0.12819879129529,0.002622163544098536,2.1986251946752116e-05,1.331740099885792e-05,15191.897,1.0,14991.9712578125,2.6305898801864956e-05,93.08995807745968,1920.0,1.0,,82,,,,,,,,
1.727438119999988,0.00341778793517733,0.032755534106399864,0.0,0.0,0.016057500000000002,4.0,0.7925,-0.0014938313979655504,0.12225120048969984,0.0004598007653839886,2.9308894909263472e-05,1.297144711998044e-05,15148.05575,1.0,14975.63817578125,2.6305898801864956e-05,106.6969584334646,1920.0,1.0,,83,,,,,,,,
1.4875020019999283,0.012480849793064408,0.04182942770421505,0.0,1.0,0.01601,2.0,0.79,0.0038690906949341297,0.11207799334079027,0.005652677267789841,4.793196194441407e-05,1.1976295695603767e-05,15117.57575,1.0,14973.616152343748,2.6305898801864956e-05,104.15311285404188,1920.0,1.0,,84,,,,,,,,
1.728135790000124,0.008020844361453783,0.051635742420330644,0.0,0.0,0.0159625,4.0,0.7875,-0.0026257878926116973,0.10972594562917948,-0.0008861901587806642,3.7871590734539495e-05,1.6231409404099395e-05,15174.857500000002,1.0,14854.593304687498,2.6305898801864956e-05,149.10525068124767,1920.0,1.0,,85,,,,,,,,
1.3905340040000738,0.061287143907975405,0.0979817733168602,0.0,1.0,0.015915,1.0,0.785,0.011843457468785346,0.11081661656498909,0.013597908895462751,2.3603268800798105e-05,1.367250024486566e-05,15188.4735,1.0,14956.843941406249,2.6305898801864956e-05,128.60649410137245,1920.0,1.0,,86,,,,,,,,
1.781483506999848,0.005464702575409319,0.04968261788599193,0.0,0.0,0.0158675,4.0,0.7825,0.0016891210398171097,0.09870352409780025,0.0032468262943439186,2.807644943914056e-05,1.133111169338008e-05,15283.229,1.0,15050.806089843749,2.6305898801864956e-05,79.06795855726143,1920.0,1.0,,87,,,,,,,,
1.7665725230003773,0.006678498764813412,0.045450846664607525,0.0,0.0,0.01582,4.0,0.78,0.0006313551857601851,0.09555954625830054,0.00213473365874961,2.9432506266857672e-05,1.0859096846616012e-05,15353.09875,1.0,15045.9148046875,2.6305898801864956e-05,89.4820138354833,1920.0,1.0,,88,,,,,,,,
1.7133400829998209,0.008846810975228436,0.06363932322710752,0.0,0.0,0.015772500000000002,4.0,0.7775,-0.0024276484036818147,0.09946998208761215,-0.0008674504933878779,1.9636321212601615e-05,1.3457664692850813e-05,15348.9305,1.0,15052.862804687502,2.6305898801864956e-05,126.29920747754505,1920.0,1.0,,89,,,,,,,,
1.717293774999689,0.008357750302820932,0.061848958721384406,0.0,0.0,0.015725,4.0,0.775,-0.0017549277981743217,0.09567172732204199,-0.0002571623190306127,1.666460718752205e-05,1.0012309417106735e-05,15321.8325,1.0,15045.59705859375,2.6305898801864956e-05,89.51402330998259,1920.0,1.0,,90,,,,,,,,
1.7862488519999715,0.005435806706373114,0.030680338735692203,0.0,0.0,0.0156775,4.0,0.7725,-0.0007494584788219072,0.09685855126008391,0.0007623872952535748,1.7969303257814317e-05,9.715380656416528e-06,15253.26425,1.0,15039.49255078125,2.6305898801864956e-05,93.87084531024581,1920.0,1.0,,91,,,,,,,,
1.6980117539997082,0.008871038418874377,0.04777018283493817,0.0,0.0,0.01563,4.0,0.77,0.0018257211704622023,0.09531300934031606,0.003308759187348187,1.7924940607372264e-05,9.823028392474953e-06,15205.80025,1.0,15018.09374609375,2.6305898801864956e-05,101.42195536753967,1920.0,1.0,,92,,,,,,,,
1.6018039939999653,0.015483627876771303,0.046332465717568994,0.0,1.0,0.015582499999999999,3.0,0.7675,0.0020988386046762266,0.0820601936429739,0.0033709537237882614,2.0808168756047962e-05,9.011908256676785e-06,15198.90825,1.0,15048.144890625,2.6305898801864956e-05,76.72137083863356,1920.0,1.0,,93,,,,,,,,
1.7459246439998424,0.006051462463801727,0.05013020895421505,0.0,0.0,0.015535,4.0,0.765,0.0014098004903644323,0.08313863165676594,0.0026933574699796736,2.8874693725811085e-05,1.0228226301478571e-05,15335.257,1.0,15064.408871093749,2.6305898801864956e-05,80.47550670494702,1920.0,1.0,,94,,,,,,,,
1.7190937840000515,0.004798591951839626,0.04553222702816129,0.0,0.0,0.015487500000000001,4.0,0.7625,-0.0017318554455414414,0.08305979473516345,-0.0004519392387010157,1.5844764220673824e-05,9.776934575711493e-06,15212.435,1.0,15064.23133203125,2.6305898801864956e-05,72.35162696710579,1920.0,1.0,,95,,,,,,,,
1.6106870150001669,0.01348875644422757,0.0717773445843098,0.0,1.0,0.01544,3.0,0.76,0.001714105795448025,0.09324797615408897,0.003147541700551907,1.6403968857048312e-05,9.346327412155611e-06,15308.265,1.0,15073.277402343749,2.6305898801864956e-05,82.16271617372584,1920.0,1.0,,96,,,,,,,,
1.7506512299996757,0.02018790052534314,0.06323242234066129,0.0,1.0,0.0153925,4.0,0.7575000000000001,0.008642264263471588,0.09145052079111338,0.010043507034424692,2.3606225340699893e-05,8.09718540040194e-06,15217.6535,1.0,15061.429648437499,2.6305898801864956e-05,79.45012905807748,1920.0,1.0,,97,,,,,,,,
1.6236304099998051,0.0209865833458025,0.09233941075702508,0.0,1.0,0.015345000000000001,3.0,0.755,-0.003047784285930296,0.09799506887793541,-0.0015524611808359623,3.3187341765975965e-05,1.0186104039651886e-05,15309.097000000002,1.0,15076.838882812499,2.6305898801864956e-05,102.1630182711505,1920.0,1.0,,98,,,,,,,,
1.771219671000381,0.00665410871442873,0.04545084689743817,0.0,0.0,0.0152975,4.0,0.7525,0.0019135857291985303,0.10268343845382333,0.0034760029520839453,3.187035167684371e-05,1.0391301429990563e-05,15335.839,1.0,15105.017714843749,2.6305898801864956e-05,102.79232980132385,1920.0,1.0,,99,,,,,,,,
1.786702559999867,0.00930958265234949,0.05883789109066129,0.0,0.0,0.01525,4.0,0.75,0.0018046061450149864,0.1014528451487422,0.003340493538416922,5.16787873721114e-05,1.2199264460832637e-05,15407.85625,1.0,15104.28313671875,2.6305898801864956e-05,110.88735121424996,1920.0,1.0,,100,15407.85625,15269.9155,15135.68375,70000042,15105.013750000002,best_of_k,15269.9155,91.91888805979985
1.6007179739999629,0.019213631880120374,0.07218424510210752,0.0,1.0,0.0152025,2.0,0.7475,0.005227703484706581,0.11067806649953127,0.006892299512401223,0.0001164030545623973,1.2694117685896344e-05,15371.5475,1.0,15077.848226562499,2.6305898801864956e-05,124.89505527038159,1920.0,1.0,,101,,,,,,,,
1.5051890649997404,0.01609239367826376,0.05086263036355376,0.0,1.0,0.015155,2.0,0.745,0.0012607631215360016,0.11255064141005278,0.0029449835419654846,9.529033059152425e-05,2.391083148722828e-05,15251.1755,1.0,15022.485429687498,2.6305898801864956e-05,187.98047720293312,1920.0,1.0,,102,,,,,,,,
1.5210203999999976,0.015264070592820644,0.06103515671566129,0.0,1.0,0.0151075,2.0,0.7424999999999999,0.001421629058313556,0.11060076858848333,0.0030766488052904606,2.9984338198119076e-05,2.5765298005353543e-05,15313.907500000001,1.0,15067.8347265625,2.6305898801864956e-05,149.81279746837475,1920.0,1.0,,103,,,,,,,,
1.4801498130000255,0.017372560338117182,0.055419922224245965,0.0,1.0,0.01506,2.0,0.74,0.006356270925607532,0.10728010907769203,0.007956523448228836,2.6282825501766638e-05,2.5515074412396643e-05,15237.8395,1.0,15054.47994140625,2.6305898801864956e-05,140.87481290950666,1920.0,1.0,,104,,,,,,,,
1.3381512359997032,0.047259482205845416,0.087890625,0.0,1.0,0.015012500000000002,1.0,0.7375,0.02999709453433752,0.10490555129945278,0.03155998792499304,4.325653935666196e-05,1.535709566269361e-05,15403.11475,1.0,15103.47496875,2.6305898801864956e-05,138.48645283785805,1920.0,1.0,,105,,,,,,,,
1.7566662419999375,0.018211197610071395,0.07840983103960752,0.0,1.0,0.014965,4.0,0.735,0.0001632362836971879,0.109323357231915,0.0017157230176962912,0.0006053703737052274,4.6001247255844646e-05,15346.039999999999,1.0,14723.247253906251,2.6305898801864956e-05,278.97052008497155,1920.0,1.0,,106,,,,,,,,
1.4991259210000862,0.03153516721795313,0.07421875093132257,0.0,1.0,0.0149175,2.0,0.7324999999999999,0.0007372499094344676,0.10566842928528786,0.0021830564946867526,0.0011273737418378005,3.553040914994199e-05,15265.98325,1.0,14710.029746093749,2.6305898801864956e-05,278.9164148436469,1920.0,1.0,,107,,,,,,,,
1.7930128949997197,0.006340674983221106,0.040039062732830644,0.0,0.0,0.014870000000000001,4.0,0.73,-0.0032423550728708506,0.11003268323838711,-0.0016645366849843413,0.0003921539846487576,3.830354148703918e-05,15346.751999999997,1.0,14978.82362890625,2.6305898801864956e-05,283.1041572569157,1920.0,1.0,,108,,,,,,,,
1.6443272630003776,0.010276834926723192,0.0462782122194767,0.0,1.0,0.014822499999999999,3.0,0.7275,-0.003967859520344064,0.10069610364735126,-0.00256160506978631,0.0007441006982844556,2.3806154937725903e-05,15257.2795,1.0,15031.9475078125,2.6305898801864956e-05,202.23633071666492,1920.0,1.0,,109,,,,,,,,
1.7005579990000115,0.007656063124159118,0.07002766989171505,0.0,0.0,0.014775,4.0,0.725,-0.0032615958189126104,0.09869097778573632,-0.001961979432962835,0.0014761268262191152,2.186038625495712e-05,15261.86675,1.0,15014.560421874998,2.6305898801864956e-05,200.68483982747182,1920.0,1.0,,110,,,,,,,,
1.7205712260001746,0.007746389561361866,0.059163411846384406,0.0,0.0,0.014727500000000001,4.0,0.7224999999999999,0.0031389444193337113,0.107420789077878,0.0033315740001853555,0.013805589689127373,1.7703141281799617e-05,15291.025000000001,1.0,15070.083308593748,2.6305898801864956e-05,132.60057673164172,1920.0,1.0,,111,,,,,,,,
1.7692443549999552,0.008411661958234617,0.05456543015316129,0.0,1.0,0.01468,4.0,0.72,0.008599059430707712,0.11246688943356276,0.005287566222250462,0.04932699919299921,5.961537806342676e-05,15315.3065,1.0,14958.62887109375,2.6305898801864956e-05,270.23773072092536,1920.0,1.0,,112,,,,,,,,
1.7124097850000908,0.009316727991972584,0.04866536508779973,0.0,0.0,0.014632500000000001,4.0,0.7175,0.00157745641990914,0.10484845610335469,-0.0009666192745498847,0.04057677631499246,4.118432423183549e-05,15382.361,1.0,15087.544484375,2.6305898801864956e-05,139.08114524560781,1920.0,1.0,,113,,,,,,,,
1.6914098560000639,0.008518297632690519,0.07438151107635349,0.0,0.0,0.014585,4.0,0.7150000000000001,0.005064229480922222,0.10612599551677704,0.005403962743002921,0.011856459634145722,4.493655001169827e-05,15350.03225,1.0,15029.201964843749,2.6305898801864956e-05,188.6614766022981,1920.0,1.0,,114,,,,,,,,
1.3539359490000606,0.020696809180662967,0.06477864645421505,0.0,1.0,0.014537500000000002,1.0,0.7125,0.006900437409058213,0.1022736057639122,0.008240932133048773,0.001169452487374656,5.872272504348075e-05,15304.6295,1.0,14948.1833828125,2.6305898801864956e-05,330.02409693017285,1920.0,1.0,,115,,,,,,,,
1.693999217000055,0.0056871542983572,0.04858398484066129,0.0,0.0,0.014490000000000001,4.0,0.71,0.0017312793352175504,0.0912685189396143,0.0029584410949610174,0.0008344494690391002,2.3749106389914232e-05,15291.621,1.0,15037.28779296875,2.6305898801864956e-05,185.56428088653976,1920.0,1.0,,116,,,,,,,,
1.701486204000048,0.004957560202456079,0.034057617420330644,0.0,0.0,0.0144425,4.0,0.7075,-0.0005304847727529705,0.08631650172173977,0.0006918451981619,0.00012857878164140857,2.2876211687616888e-05,15274.8715,1.0,15016.496875,2.6305898801864956e-05,196.6599503043092,1920.0,1.0,,117,,,,,,,,
1.7601325810001072,0.006703545448544901,0.05932617234066129,0.0,0.0,0.014395000000000002,4.0,0.7050000000000001,0.0011788304836954921,0.08774162735790014,0.0024283630191348493,7.012838568698498e-05,1.2991547123419878e-05,15313.241,1.0,15078.323730468748,2.6305898801864956e-05,115.8664154479228,1920.0,1.0,,118,,,,,,,,
1.4535529740001039,0.013958687173726503,0.056396485306322575,0.0,1.0,0.014347500000000001,2.0,0.7025,-0.004658689722418785,0.08857958670705557,-0.003400011803023517,5.000677629141137e-05,1.4433249248213542e-05,15323.7535,1.0,15087.13798828125,2.6305898801864956e-05,134.2398594914058,1920.0,1.0,,119,,,,,,,,
1.7185520110001562,0.005718742375393049,0.044026693096384406,0.0,0.0,0.0143,4.0,0.7,0.0012920472290716134,0.08575885742902756,0.002504692121874541,4.771941598846752e-05,1.787012786280684e-05,15259.865000000002,1.0,14994.595183593749,2.6305898801864956e-05,179.44591635568892,1920.0,1.0,,120,15407.85625,15270.2195,15135.68375,70000042,15053.20099166667,best_of_k,15270.2195,177.36932834502304
1.5770046850002473,0.018445922520186286,0.036621094681322575,0.0,1.0,0.014252500000000001,2.0,0.6975,0.007345766818616539,0.0724108750000596,0.008366668713279068,3.654986676338012e-05,1.4956658674236678e-05,15318.233,1.0,15050.819328124999,2.6305898801864956e-05,155.30675991678987,1920.0,1.0,,121,,,,,,,,
1.707727239000178,0.005570864348555915,0.03625488327816129,0.0,0.0,0.014205,4.0,0.6950000000000001,-0.0009313652699347585,0.0595036696176976,-9.485616465099156e-05,3.08907904127409e-05,1.1302712096039613e-05,15367.109499999999,1.0,15050.709050781248,2.6305898801864956e-05,123.60852957507942,1920.0,1.0,,122,,,,,,,,
1.694825445999868,0.009827184418099932,0.04610188864171505,0.0,0.0,0.0141575,4.0,0.6925,0.003932909632567316,0.058083518175408244,0.004744790348922834,4.033973800687818e-05,1.2805592177755898e-05,15323.9095,1.0,15134.15052734375,2.6305898801864956e-05,102.49288828364092,1920.0,1.0,,123,,,,,,,,
1.7264786529999583,0.007296469535504002,0.035603841504780576,0.0,0.0,0.014110000000000001,4.0,0.69,0.004462229408090934,0.057022998575121164,0.0052571630221791565,3.693101700719126e-05,1.1935887300751347e-05,15382.361,1.0,15117.03128515625,2.6305898801864956e-05,141.5145525488986,1920.0,1.0,,124,,,,,,,,
1.72991248299968,0.00725494502694346,0.036580403917469084,0.0,0.0,0.0140625,4.0,0.6875,-0.0017278317536693066,0.0481194332242012,-0.0010594725608825684,2.7480839548843505e-05,1.1143964002258144e-05,15313.241,1.0,15056.164425781248,2.6305898801864956e-05,136.34644068568772,1920.0,1.0,,125,,,,,,,,
1.6818288759995994,0.00899677933921339,0.03458658896852285,0.0,0.0,0.014015,4.0,0.685,0.005642754229484126,0.040463533019647,0.006203317432664335,2.3542364829154394e-05,8.357089427590836e-06,15258.3095,1.0,15089.180871093748,2.6305898801864956e-05,94.09389977757112,1920.0,1.0,,126,,,,,,,,
1.6923855489999369,0.0073348941550648306,0.028361002856399864,0.0,0.0,0.0139675,4.0,0.6825,-0.00029470951994881034,0.03574927675072104,0.0001997413346543908,1.83108620603889e-05,6.09132064255391e-06,15256.2895,1.0,15125.152039062501,2.6305898801864956e-05,70.40391817858533,1920.0,1.0,,127,,,,,,,,
1.7255423990000054,0.012253504606633214,0.046590169658884406,0.0,1.0,0.01392,4.0,0.6799999999999999,-0.0036778895737370476,0.049660092452540994,-0.0029915551422163844,1.6725147816032404e-05,6.52234021458753e-06,15298.961,1.0,15124.745058593748,2.6305898801864956e-05,67.05292033532643,1920.0,1.0,,128,,,,,,,,
1.7596572970001034,0.010525449923079577,0.043416341533884406,0.0,0.0,0.0138725,4.0,0.6775,0.004323181270592613,0.05108463135547936,0.00501996447565034,2.420234011424327e-05,1.8934829313366208e-05,15205.954749999999,1.0,15040.54380078125,2.6305898801864956e-05,172.957003083414,1920.0,1.0,,129,,,,,,,,
1.6933947389998139,0.008967243131337455,0.054524739971384406,0.0,0.0,0.013825,4.0,0.675,0.0007622543780598789,0.05781939276494086,0.0014665266498923302,0.0001273601424145454,0.00016468839521621703,15158.73825,1.0,14882.3825546875,2.6305898801864956e-05,319.7160807792973,1920.0,1.0,,130,,,,,,,,
1.5822799849997864,0.013624850548997832,0.028862847636143368,0.0,1.0,0.013777500000000002,3.0,0.6725,0.002951606991700828,0.03900558827444911,0.0029592292848974466,0.0012311278666553942,0.000813327145048485,15174.306249999998,1.0,15049.164144531249,2.6305898801864956e-05,155.83528229292654,1920.0,1.0,,131,,,,,,,,
1.3561145080002461,0.06522606223006733,0.05794270895421505,0.0,1.0,0.01373,1.0,0.6699999999999999,0.008169074892066419,0.03753408323973417,0.008053916972130537,0.0008795100002316758,0.0010851021461348864,15158.73825,1.0,15002.45197265625,2.6305898801864956e-05,132.26976143060227,1920.0,1.0,,132,,,,,,,,
1.7718108729995947,0.00519249301214586,0.03141276058158837,0.0,0.0,0.0136825,4.0,0.6675,0.00119774412814877,0.038361267070285976,0.0011929639549634885,0.0007182362019193533,0.0009156696270338216,15174.306249999998,1.0,15121.405011718749,2.6305898801864956e-05,44.16803184584527,1920.0,1.0,,133,,,,,,,,
1.576223556000059,0.014958180758791665,0.040744357742369175,0.0,1.0,0.013635000000000001,3.0,0.665,0.0004238386560852329,0.051502459992965065,0.0009187816952665647,0.0014733595708094072,0.00011991350205183456,15184.21425,1.0,14995.44184765625,2.6305898801864956e-05,163.83333295902298,1920.0,1.0,,134,,,,,,,,
1.3570799589997478,0.02439671446700231,0.05078125,0.0,1.0,0.013587499999999999,1.0,0.6625,0.00436005275696516,0.0455385921522975,0.004875789396464825,0.0002770995815808419,0.00015061704289109912,15309.097000000002,1.0,15113.695691406248,2.6305898801864956e-05,113.22735805268695,1920.0,1.0,,135,,,,,,,,
1.6016699850001714,0.01081196810991969,0.052463107742369175,0.0,1.0,0.01354,3.0,0.6599999999999999,-0.0007708596919352809,0.05301588556418816,-0.00010040891356766224,0.0002802337755080468,3.8720725266709145e-05,15315.3795,1.0,15113.200921874999,2.6305898801864956e-05,86.60702614182418,1920.0,1.0,,136,,,,,,,,
1.6910339969999768,0.0248815145532717,0.06363932345993817,0.0,1.0,0.013492500000000001,4.0,0.6575,0.011870255722897127,0.054906236473470926,0.012594321189681068,6.0297743743831234e-05,2.1453774536439596e-05,15313.241,1.0,15159.491136718749,2.6305898801864956e-05,116.15263604274136,1920.0,1.0,,137,,,,,,,,
1.7371130370001993,0.02173781782403239,0.07482910249382257,0.0,1.0,0.013445000000000002,4.0,0.655,0.001303810207900824,0.059008365496993065,0.002080596052110195,5.497800566445221e-05,2.2168566601976636e-05,15194.55975,1.0,14827.818921875,2.6305898801864956e-05,195.59507003665587,1920.0,1.0,,138,,,,,,,,
1.62344750200009,0.012446696392241089,0.0386827263670663,0.0,1.0,0.013397500000000001,3.0,0.6525000000000001,-0.0035189765815933547,0.05438589987655481,-0.0028021549805998802,3.0102305421072135e-05,1.7606479711200034e-05,15367.109499999999,1.0,15074.1633046875,2.6305898801864956e-05,162.34489449684057,1920.0,1.0,,139,,,,,,,,
1.6957402929997443,0.003727772294951137,0.022338867420330644,0.0,0.0,0.01335,4.0,0.65,-8.232062100432813e-05,0.04669662029482424,0.000532271689735353,2.17587969473243e-05,1.326371221921363e-05,15315.13525,1.0,15150.5115078125,2.6305898801864956e-05,128.9472628743511,1920.0,1.0,,140,15407.85625,15407.85625,15152.57875,70000042,15191.8669,best_of_k,15407.85625,67.74019796099053
1.7104474120001214,0.016890350244163226,0.060709636037548385,0.0,1.0,0.013302500000000002,3.0,0.6475,-0.002731226743586982,0.0604830232138435,-0.001932914446418484,1.9179622237667598e-05,8.691219439545724e-06,15323.9095,1.0,15181.33108984375,2.6305898801864956e-05,80.208725752018,1920.0,1.0,,141,,,,,,,,
1.5751835459996073,0.023844577071334545,0.0633680559694767,0.0,1.0,0.013255000000000001,3.0,0.645,0.0010412676880757015,0.05011687924464544,0.0016988207741330068,1.9042334315599874e-05,9.68472083210751e-06,15367.109499999999,1.0,15190.49159375,2.6305898801864956e-05,83.93507803008826,1920.0,1.0,,142,,,,,,,,
1.7518298199997844,0.011407600315578748,0.04675293015316129,0.0,0.0,0.0132075,4.0,0.6425000000000001,0.006113448966061696,0.05230384599417448,0.006797917827498168,1.7441724139644066e-05,9.180140352782473e-06,15377.83225,1.0,15206.515640625,2.6305898801864956e-05,96.48089119974522,1920.0,1.0,,143,,,,,,,,
1.7876391049999256,0.01666476203536149,0.06131998775526881,0.0,1.0,0.013160000000000002,4.0,0.64,0.002379782570642419,0.05270307557657361,0.0030681545031256974,1.3306822779668437e-05,7.738982276350725e-06,15350.03225,1.0,15237.10882421875,2.6305898801864956e-05,70.47491670953721,1920.0,1.0,,144,,,,,,,,
1.681755795999834,0.01716518861030636,0.05684407614171505,0.0,1.0,0.013112500000000001,4.0,0.6375,0.004072221607202664,0.054609717801213264,0.004775317502208054,3.000884896664502e-05,1.9945087785799842e-05,15350.03225,1.0,15056.932914062498,2.6305898801864956e-05,156.6602994312009,1920.0,1.0,,145,,,,,,,,
1.6823506430000634,0.00945722591586673,0.039998372667469084,0.0,0.0,0.013065,4.0,0.635,-0.001428585484973155,0.051076480420306325,-0.0007704535964876413,2.3914283133308345e-05,1.3580628547060769e-05,15313.241,1.0,15143.6554765625,2.6305898801864956e-05,147.4074138986193,1920.0,1.0,,146,,,,,,,,
1.6327949049996278,0.020149886661480803,0.08219401103754838,0.0,1.0,0.013017500000000001,3.0,0.6325000000000001,0.010178492152287314,0.07293498888611794,0.011102912190835923,5.233570179067707e-05,3.9555800412927056e-05,15190.161,1.0,14752.7274609375,2.6305898801864956e-05,195.89384155387017,1920.0,1.0,,147,,,,,,,,
1.693921589999718,0.02143349932430283,0.08076985739171505,0.0,1.0,0.01297,4.0,0.63,0.0038376326410798356,0.06848166254349053,0.004703431390225887,4.324621954765462e-05,3.6167789062346856e-05,15299.897,1.0,14821.919070312499,2.6305898801864956e-05,249.07173311127784,1920.0,1.0,,148,,,,,,,,
1.689700195000114,0.007992163070412062,0.05578613339457661,0.0,0.0,0.0129225,4.0,0.6275,0.005069438790087588,0.0733965989202261,0.0059968417044728994,3.785160743063898e-05,3.4560259109639446e-05,15212.6035,1.0,14718.48253515625,2.6305898801864956e-05,263.913320607705,1920.0,1.0,,149,,,,,,,,
1.7124510059998101,0.016397332634369377,0.06681315158493817,0.0,1.0,0.012875000000000001,4.0,0.625,-0.0012812690256396309,0.06803156295791268,-0.0004167192237218842,2.3410429321302217e-05,1.802989277166489e-05,15184.21425,1.0,14840.443124999998,2.6305898801864956e-05,205.32812303174697,1920.0,1.0,,150,,,,,,,,
1.3251540600003864,0.060120422655018046,0.05794270895421505,0.0,1.0,0.0128275,1.0,0.6225,0.012352981022559106,0.06323558930307627,0.013155595632269979,2.1785438093502307e-05,1.2719202004518593e-05,15204.33625,1.0,14967.7821171875,2.6305898801864956e-05,132.81238413830215,1920.0,1.0,,151,,,,,,,,
1.713487410000198,0.006078676660763449,0.03942871105391532,0.0,0.0,0.01278,4.0,0.62,-0.001225761283421889,0.06355166994035244,-0.000424544676207006,2.9084538368806534e-05,1.6130147969306563e-05,15407.85625,1.0,15151.8783046875,2.6305898801864956e-05,138.4575548986714,1920.0,1.0,,152,,,,,,,,
1.371085575000052,0.025224266610166524,0.02718099020421505,0.0,1.0,0.0127325,1.0,0.6174999999999999,0.021977087002596818,0.06223448924720287,0.022758664563298225,2.8230095267645083e-05,1.6002394431779976e-05,15384.67225,1.0,15160.7548203125,2.6305898801864956e-05,146.58392861115124,1920.0,1.0,,153,,,,,,,,
1.7128909160001058,0.004838525668674265,0.02388509118463844,0.0,0.0,0.012685,4.0,0.615,0.0013909065892221406,0.054792995331808925,0.0020791961578652263,1.652964215281827e-05,1.021255491195916e-05,15396.768250000001,1.0,15223.313312499999,2.6305898801864956e-05,89.11182384971323,1920.0,1.0,,154,,,,,,,,
1.6813429320000068,0.007121510567230871,0.036132812732830644,0.0,0.0,0.0126375,4.0,0.6125,0.0025926356902346015,0.049372946145012975,0.0032098309602588415,1.7980439054099406e-05,9.91495568314349e-06,15377.83225,1.0,15215.660796875,2.6305898801864956e-05,110.23653257329444,1920.0,1.0,,155,,,,,,,,
1.5872369159997106,0.008845924215468889,0.047960069651405014,0.0,1.0,0.01259,3.0,0.61,-0.003915398924921949,0.05229992574701706,-0.00326305883936584,1.4492303838172424e-05,9.333278133757025e-06,15407.85625,1.0,15271.5943984375,2.6305898801864956e-05,61.27517546165725,1920.0,1.0,,156,,,,,,,,
1.403693175999706,0.023010512202745304,0.04036458395421505,0.0,1.0,0.012542500000000002,1.0,0.6074999999999999,0.025775971356779337,0.03608921775594354,0.02621616842225194,3.059859864151804e-05,1.8786068494591746e-05,15326.71225,1.0,15053.942531249999,2.6305898801864956e-05,111.21277465159328,1920.0,1.0,,157,,,,,,,,
1.4485649680000279,0.013329833294847049,0.04093424545135349,0.0,1.0,0.012495,2.0,0.605,0.006348092065309174,0.04117572261020541,0.006853142520412803,1.970817459095997e-05,1.4939282664272469e-05,15139.01425,1.0,15023.302457031248,2.6305898801864956e-05,70.90144924912397,1920.0,1.0,,158,,,,,,,,
1.5510306060000403,0.03191490890458226,0.0673828125,0.0,1.0,0.0124475,2.0,0.6025,0.018450666684657335,0.04658862901851535,0.019022754509933293,1.8571198097561137e-05,1.1933292057619838e-05,15228.69175,1.0,15015.70706640625,2.6305898801864956e-05,97.70871543745764,1920.0,1.0,,159,,,,,,,,
1.4090532569998686,0.0396454275760334,0.0694986991584301,0.0,1.0,0.012400000000000001,1.0,0.6,0.001826944760978222,0.05081214103847742,0.002449885942041874,1.8840053598978557e-05,1.0491848343008314e-05,15233.49175,1.0,15001.419624999999,2.6305898801864956e-05,100.10998241218736,1920.0,1.0,,160,15407.85625,15164.71125,15084.789750000002,70000042,15101.07863333333,best_of_k,15164.71125,59.977932100750664
1.789129419999881,0.010859094923944212,0.06323242234066129,0.0,0.0,0.012352499999999999,4.0,0.5974999999999999,0.0011500614909891738,0.049041427206248045,0.0017498140368843451,1.6953294334598468e-05,8.672423348343727e-06,15239.0775,1.0,15068.9534921875,2.6305898801864956e-05,87.75738033452053,1920.0,1.0,,161,,,,,,,,
1.3290659080003024,0.04873331336420961,0.0587565116584301,0.0,1.0,0.012305,1.0,0.595,0.007502067426685244,0.04112592525780201,0.00800263584824279,1.5520457964157686e-05,7.868544457778626e-06,15153.12625,1.0,15094.18677734375,2.6305898801864956e-05,43.34300960917127,1920.0,1.0,,162,,,,,,,,
1.7374987729999702,0.008639334220788442,0.06001790426671505,0.0,0.0,0.012257500000000001,4.0,0.5925,-0.004279041924746707,0.050122349290177226,-0.0036691396962851286,1.051022553610892e-05,6.8425685242345935e-06,15404.431499999999,1.0,15086.4896796875,2.6305898801864956e-05,71.18945876484361,1920.0,1.0,,163,,,,,,,,
1.7007150309996177,0.012135673925513402,0.05529785226099193,0.0,0.0,0.012210000000000002,4.0,0.5900000000000001,-0.0018129726231563836,0.04934397712349892,-0.0012148826499469578,9.640441390956767e-06,6.871706290212387e-06,15169.695249999999,1.0,15094.011417968748,2.6305898801864956e-05,40.380535888575885,1920.0,1.0,,164,,,,,,,,
1.4767556510000759,0.01697422657161951,0.04524739598855376,0.0,1.0,0.012162500000000001,2.0,0.5875,0.006045580645150039,0.049636214040219784,0.006642933789407834,1.4730478255842172e-05,9.748727507030708e-06,15235.411749999997,1.0,15054.270988281249,2.6305898801864956e-05,111.55812348381156,1920.0,1.0,,165,,,,,,,,
1.4648736819999613,0.03658329830795992,0.062744140625,0.0,1.0,0.012115,2.0,0.585,-0.00034642446553334594,0.050365482456982136,0.0002587403869256377,1.2828950275434181e-05,7.460232495759556e-06,15171.088,1.0,15111.488519531249,2.6305898801864956e-05,43.1081324361134,1920.0,1.0,,166,,,,,,,,
1.451707836999958,0.018468885551556014,0.053629557602107525,0.0,1.0,0.0120675,2.0,0.5825,0.005199055187404156,0.043842543847858906,0.005721771740354598,1.810731805562682e-05,9.085507485906419e-06,15000.3075,1.0,14940.167828124999,2.6305898801864956e-05,34.32540761174765,1920.0,1.0,,167,,,,,,,,
1.495422026000142,0.015883834756095894,0.064208984375,0.0,1.0,0.012020000000000001,2.0,0.5800000000000001,0.003325682453578338,0.0645920136012137,0.004092109367775265,2.400972630312026e-05,1.5136615957089816e-05,15112.47925,1.0,14943.756996093749,2.6305898801864956e-05,65.4372979911592,1920.0,1.0,,168,,,,,,,,
1.7188508499998534,0.005816485107061453,0.036092122667469084,0.0,0.0,0.0119725,4.0,0.5775,-0.0010117690835613757,0.07453216705471277,-0.0001375020365230739,2.4708803607609298e-05,3.119657279171406e-05,15166.84725,1.0,14959.543753906251,2.6305898801864956e-05,72.37311439760211,1920.0,1.0,,169,,,,,,,,
1.6837648380001156,0.021383447976404568,0.06754557308158837,0.0,1.0,0.011925000000000002,4.0,0.575,0.0025495918416709173,0.07397940312512219,0.0034227531868964434,1.518124554422684e-05,1.5049737186245693e-05,15129.324,1.0,14942.958460937502,2.6305898801864956e-05,68.08666400545012,1920.0,1.0,,170,,,,,,,,
1.6815103310000268,0.004738701638416387,0.03153483115602285,0.0,0.0,0.011877500000000001,4.0,0.5725,-0.0002948964465758763,0.07584555586799979,0.0005955193191766739,2.264146439756587e-05,1.635100176144988e-05,15233.49175,1.0,15042.244519531248,2.6305898801864956e-05,110.2900934065857,1920.0,1.0,,171,,,,,,,,
1.595028973999888,0.014910675624075035,0.04790581623092294,0.0,1.0,0.01183,3.0,0.5700000000000001,0.005103712435811758,0.06975402341534694,0.0059199940878897905,1.7765178502789542e-05,1.4262473390166027e-05,15240.211749999999,1.0,15056.14272265625,2.6305898801864956e-05,100.736604608402,1920.0,1.0,,172,,,,,,,,
1.7190234700001383,0.013531624943425413,0.08378092618659139,0.0,1.0,0.011782500000000001,4.0,0.5675,-0.004420670680701733,0.08824547985568643,-0.0033857948728837073,1.1933170640077151e-05,7.366462114077876e-06,15169.695249999999,1.0,15091.5597265625,2.6305898801864956e-05,51.19653398895144,1920.0,1.0,,173,,,,,,,,
1.4669369520001965,0.01117986770987045,0.018310547107830644,0.0,1.0,0.011735,2.0,0.565,-0.0036497281689662486,0.12489601224660873,-0.0021904807072132826,1.7403589595232916e-05,9.334600463262177e-06,15235.819749999999,1.0,14987.123128906249,2.6305898801864956e-05,103.65580436846452,1920.0,1.0,,174,,,,,,,,
1.7162431649999235,0.006010643963236362,0.04895019577816129,0.0,0.0,0.0116875,4.0,0.5625,0.0003067117650061846,0.12384014716371894,0.0017373593582306057,3.614947337382546e-05,2.6239334033562045e-05,15239.0775,1.0,15014.3537578125,2.6305898801864956e-05,127.20859858462858,1920.0,1.0,,175,,,,,,,,
1.7105256410000038,0.011485272807476576,0.05008951865602285,0.0,0.0,0.011640000000000001,4.0,0.56,-0.0020951535261701792,0.1103735757060349,-0.0008209227817133069,2.5320123313576914e-05,1.59704984525888e-05,15230.13175,1.0,15051.768359374997,2.6305898801864956e-05,97.38390203137881,1920.0,1.0,,176,,,,,,,,
1.701862180000262,0.002822427577484632,0.019042968866415322,0.0,0.0,0.0115925,4.0,0.5575,0.0004628506285371259,0.11854946706444025,0.0018256574403494596,2.408466514225438e-05,1.814046731851704e-05,15240.211749999999,1.0,15037.1935390625,2.6305898801864956e-05,100.73681686638473,1920.0,1.0,,177,,,,,,,,
1.7551923369996985,0.01115052209206624,0.06144205806776881,0.0,0.0,0.011545,4.0,0.5549999999999999,0.0038127812222228386,0.10734055191278458,0.0050461062346585095,1.7162167182505073e-05,8.411667778318588e-06,15224.29975,1.0,15071.88078125,2.6305898801864956e-05,103.90267769076723,1920.0,1.0,,178,,,,,,,,
1.7992517660004523,0.011114964996522758,0.06604003929533064,0.0,0.0,0.0114975,4.0,0.5525,-0.0029048117394268047,0.10882460465654731,-0.0016590255545452237,1.4996544393852673e-05,7.850011257914957e-06,15235.585,1.0,15035.72849609375,2.6305898801864956e-05,114.68158971815883,1920.0,1.0,,179,,,,,,,,
1.469920928999727,0.01846193526580464,0.0565592460334301,0.0,1.0,0.01145,2.0,0.55,0.006927140639163554,0.10757475439459085,0.008153936185408384,1.3097352166369092e-05,7.250049577578466e-06,15258.925249999998,1.0,15077.86525,2.6305898801864956e-05,92.74051843326853,1920.0,1.0,,180,15407.85625,15190.75475,14988.7875,70000042,15011.028666666663,best_of_k,15190.75475,127.94799613705928
1.8050124080000387,0.011806034424807876,0.04972330771852285,0.0,0.0,0.011402500000000001,4.0,0.5475,0.0019314883538754657,0.11845863703638315,0.0032764480565674603,1.752744918803728e-05,8.024580722576502e-06,15229.0135,1.0,15013.02548046875,2.6305898801864956e-05,107.057820334591,1920.0,1.0,,181,,,,,,,,
1.6024238800000603,0.015725793831128005,0.06293402798473835,0.0,1.0,0.011355,3.0,0.5449999999999999,0.0006294038612395525,0.11820444961388905,0.001965154039983948,1.962940314115258e-05,8.995265109964142e-06,15247.914499999999,1.0,14993.41981640625,2.6305898801864956e-05,128.7549651495982,1920.0,1.0,,182,,,,,,,,
1.7300282989999687,0.020559958582452964,0.06359863327816129,0.0,1.0,0.0113075,4.0,0.5425,0.0041275838811998256,0.11553232371807098,0.005427633514045738,1.8394006247035577e-05,8.984822443380835e-06,15240.211749999999,1.0,14988.16166015625,2.6305898801864956e-05,128.5521129048128,1920.0,1.0,,183,,,,,,,,
1.6796033769996939,0.007332938170293346,0.04305013071279973,0.0,0.0,0.011260000000000001,4.0,0.54,0.00021125896455487236,0.11447510682046413,0.0014950345503166318,1.479737863974151e-05,7.469375304935966e-06,15240.211749999999,1.0,15047.42255078125,2.6305898801864956e-05,108.47175066584848,1920.0,1.0,,184,,,,,,,,
1.431448274000104,0.024839312958647497,0.04890950536355376,0.0,1.0,0.0112125,2.0,0.5375,0.007673180720303208,0.10138834174722433,0.008805263671092689,1.2210754107400135e-05,7.026284947642125e-06,15240.211749999999,1.0,15081.19201171875,2.6305898801864956e-05,89.95540087510284,1920.0,1.0,,185,,,,,,,,
1.6921055139996497,0.015877469326369464,0.06726074288599193,0.0,1.0,0.011165,4.0,0.5349999999999999,-0.007309259002795443,0.10250944131985307,-0.006170248856506078,1.6739902150675334e-05,7.668819051787068e-06,15192.10775,1.0,14948.472113281248,2.6305898801864956e-05,85.99468041193161,1920.0,1.0,,186,,,,,,,,
1.4489945790001002,0.02863802389765624,0.06103515625,0.0,1.0,0.0111175,2.0,0.5325,-0.0017168354243040085,0.11688015796244144,-0.00042325560934841633,1.7980776419790345e-05,8.075049095168652e-06,15169.695249999999,1.0,14999.452531249999,2.6305898801864956e-05,99.58316455332236,1920.0,1.0,,187,,,,,,,,
1.3235343229998762,0.04992762560141273,0.07014974020421505,0.0,1.0,0.011070000000000002,1.0,0.53,0.09651632187888026,0.11088530160486698,0.09773840894922614,1.5011811001386377e-05,7.816066045052139e-06,15217.31025,1.0,15024.549453125,2.6305898801864956e-05,107.38067835265493,1920.0,1.0,,188,,,,,,,,
1.6993523840001217,0.030007825545908418,0.06152343796566129,0.0,1.0,0.011022500000000001,4.0,0.5275000000000001,-0.0025848903169389814,0.12127546546980739,-0.0012556449510157108,1.9045482190449547e-05,1.1217518817829841e-05,15221.49175,1.0,14925.26964453125,2.6305898801864956e-05,124.40658806375802,1920.0,1.0,,189,,,,,,,,
1.6960699329997624,0.004655266209738329,0.03645833348855376,0.0,0.0,0.010975,4.0,0.525,-0.001953951286850497,0.12357603339478374,-0.0006046587368473411,1.7939329723049013e-05,1.031945538443324e-05,15191.075749999998,1.0,15027.55751171875,2.6305898801864956e-05,117.74508959917438,1920.0,1.0,,190,,,,,,,,
1.684775916000035,0.005688329401891679,0.031982422224245965,0.0,0.0,0.010927500000000001,4.0,0.5225,0.002126504899933934,0.10977774998173118,0.003320511197671294,1.4829791723514063e-05,8.214198658151872e-06,15199.436500000002,1.0,15064.6274140625,2.6305898801864956e-05,102.82022619734806,1920.0,1.0,,191,,,,,,,,
1.710366957000133,0.013511762939742766,0.054931640857830644,0.0,0.0,0.01088,4.0,0.52,0.0008859618392307311,0.10330016957595944,0.0020055879722349346,1.210317276445494e-05,6.13816442296411e-06,15217.09975,1.0,15096.593847656251,2.6305898801864956e-05,87.62076474393342,1920.0,1.0,,192,,,,,,,,
1.7022041679997528,0.018493460695026442,0.07344563817605376,0.0,1.0,0.0108325,4.0,0.5175000000000001,-0.0007779760562698357,0.10330018820241094,0.0003369778860360384,1.1276404279669805e-05,5.83542168897111e-06,15221.49175,1.0,15098.6342421875,2.6305898801864956e-05,76.0823391131585,1920.0,1.0,,193,,,,,,,,
1.6982538580000437,0.010324815710191615,0.07767740963026881,0.0,0.0,0.010785000000000001,4.0,0.515,-0.003033626591786742,0.1152880983427167,-0.0017948579043149948,1.18525858852081e-05,6.857925370695739e-06,15243.353,1.0,15038.00439453125,2.6305898801864956e-05,104.42020866666516,1920.0,1.0,,194,,,,,,,,
1.6918263719999231,0.004618667197064497,0.040934245102107525,0.0,0.0,0.0107375,4.0,0.5125,-0.001469100832764525,0.11128979409113526,-0.0002795006148517132,1.4132776186670526e-05,7.921632686702651e-06,15321.548999999999,1.0,15071.362703125,2.6305898801864956e-05,109.93824119947928,1920.0,1.0,,195,,,,,,,,
1.6716447199996765,0.012389228570100386,0.05558268295135349,0.0,0.0,0.010690000000000002,4.0,0.51,0.003876742623106111,0.10948788560926914,0.0050430844275979325,1.0754607274066075e-05,6.016321520974088e-06,15357.304499999998,1.0,15078.690835937497,2.6305898801864956e-05,85.05721689892212,1920.0,1.0,,196,,,,,,,,
1.4900757730001715,0.04560548554582056,0.0912272147834301,0.0,1.0,0.010642500000000001,2.0,0.5075000000000001,-0.0039681438356637955,0.10171136073768139,-0.002889426425099373,1.0136430205420766e-05,5.464206424221629e-06,15192.189250000001,1.0,15101.55609375,2.6305898801864956e-05,76.14184117236834,1920.0,1.0,,197,,,,,,,,
1.3418853400003172,0.04749594905297272,0.0810546875,0.0,1.0,0.010595,1.0,0.505,0.005122453381773084,0.10564019717276096,0.006236319430172443,1.5737689409434097e-05,7.635879228473641e-06,15222.379749999998,1.0,15027.005402343748,2.6305898801864956e-05,97.85661868143056,1920.0,1.0,,198,,,,,,,,
1.7234263410000494,0.00820281758933561,0.03820800851099193,0.0,0.0,0.010547500000000001,4.0,0.5025,0.004712672231107717,0.09982736734673381,0.005761885084211826,9.363143306018173e-06,5.560733569609511e-06,15190.75475,1.0,15087.12058984375,2.6305898801864956e-05,82.92565108936122,1920.0,1.0,,199,,,,,,,,
1.750459297999896,0.011591415204748046,0.06803385470993817,0.0,0.0,0.0105,4.0,0.5,-0.0031249223684426397,0.10355323366820812,-0.0020424972171895206,1.3094954454118124e-05,7.149229816150182e-06,15240.211749999999,1.0,15006.288499999999,2.6305898801864956e-05,103.77436461876917,1920.0,1.0,,200,15407.85625,15233.329,14969.4985,70000042,15084.451375,best_of_k,15233.329,98.47447192195217
1.446452489999956,0.026368628401542082,0.0543619804084301,0.0,1.0,0.010452500000000002,1.0,0.49750000000000005,0.0036308503476902843,0.09984445199370384,0.004670474445447326,9.693452739156783e-06,6.061048566152749e-06,15228.69175,1.0,15101.40290625,2.6305898801864956e-05,82.22026695387106,1920.0,1.0,,201,,,,,,,,
1.4357378140002766,0.022594335474423133,0.0587565116584301,0.0,1.0,0.010405000000000001,2.0,0.495,0.019091780064627528,0.10383436735719442,0.020168775925412774,9.184639566228725e-06,4.9617415811553656e-06,15241.053249999997,1.0,15123.158195312499,2.6305898801864956e-05,57.64771421043874,1920.0,1.0,,202,,,,,,,,
1.6949080559998038,0.003332493521156721,0.038940430036745965,0.0,0.0,0.010357500000000002,4.0,0.49250000000000005,-0.001247006599442102,0.10092221712693572,-0.00020556445088004693,9.600763121397904e-06,5.7989888659903954e-06,15227.847749999999,1.0,15105.171765625,2.6305898801864956e-05,84.04202653185956,1920.0,1.0,,203,,,,,,,,
1.6850967199998195,0.009361323573102709,0.06359863316174597,0.0,0.0,0.01031,4.0,0.49,-0.000578275830775965,0.10253219632431865,0.00047514514881186187,9.861842443115165e-06,5.399032943387283e-06,15210.574,1.0,15099.664355468749,2.6305898801864956e-05,85.12027781653481,1920.0,1.0,,204,,,,,,,,
1.4583044500000142,0.024620972191769397,0.0634765625,0.0,1.0,0.0102625,2.0,0.48750000000000004,0.014238967502024025,0.09889758285135031,0.01525055180536583,8.991299864646862e-06,4.905398668597627e-06,15210.828999999998,1.0,15106.89494140625,2.6305898801864956e-05,66.57688924131463,1920.0,1.0,,205,,,,,,,,
1.6815241549998063,0.01052502253151033,0.06368001364171505,0.0,0.0,0.010215,4.0,0.485,0.0045203746485640295,0.09984340332448483,0.005534867421374656,1.6720870632980223e-05,7.4710583248815965e-06,15193.861249999998,1.0,15006.7491796875,2.6305898801864956e-05,94.99061103898356,1920.0,1.0,,206,,,,,,,,
1.6864544479999495,0.010911139848758467,0.07165527390316129,0.0,0.0,0.010167500000000001,4.0,0.48250000000000004,-0.0027272397419437766,0.09790444187819958,-0.0017364975647069514,1.2281426052140887e-05,6.94638151799154e-06,15225.90225,1.0,15057.232992187499,2.6305898801864956e-05,103.48330368995684,1920.0,1.0,,207,,,,,,,,
1.6349513760001173,0.015380450912440816,0.048828125931322575,0.0,1.0,0.01012,3.0,0.48,0.004958238530283173,0.09461232150594394,0.005911797052249312,1.0342464368780687e-05,5.769356751746575e-06,15225.95025,1.0,15078.858058593749,2.6305898801864956e-05,99.40224397246375,1920.0,1.0,,208,,,,,,,,
1.5610667159999139,0.015843021780407678,0.05175781296566129,0.0,1.0,0.010072500000000002,3.0,0.47750000000000004,0.015713047663060326,0.09250452431539695,0.01664110094619294,1.0688816170537999e-05,5.257093903310306e-06,15246.205249999999,1.0,15152.03529296875,2.6305898801864956e-05,60.66727712137253,1920.0,1.0,,209,,,,,,,,
1.6874991859999682,0.007160565633967053,0.05729166720993817,0.0,0.0,0.010025000000000001,4.0,0.475,0.001524367617093958,0.09354489715769887,0.0024584028869867325,1.0491610169083287e-05,5.406112222772208e-06,15249.149249999999,1.0,15142.799855468747,2.6305898801864956e-05,77.49344853374343,1920.0,1.0,,210,,,,,,,,
1.7144953850001912,0.01095139575045323,0.05716959713026881,0.0,0.0,0.009977500000000002,4.0,0.47250000000000003,0.005189568313653581,0.09554515639320016,0.0061387694149743766,1.2408974782829318e-05,5.719252527569552e-06,15305.48625,1.0,15106.583320312498,2.6305898801864956e-05,91.42501529640673,1920.0,1.0,,211,,,,,,,,
1.7321335569999974,0.008311442456033546,0.05541992234066129,0.0,0.0,0.00993,4.0,0.47,0.001124455564422533,0.09409332182258368,0.0020544834551401436,1.1456387994712713e-05,6.3463930928264745e-06,15355.37675,1.0,15108.82931640625,2.6305898801864956e-05,96.25374075246232,1920.0,1.0,,212,,,,,,,,
1.686950042999797,0.007308127045689616,0.04724121140316129,0.0,0.0,0.0098825,4.0,0.4675,0.004128448883420788,0.0876421402208507,0.004991085268557072,9.349532490432466e-06,5.10435239675644e-06,15302.045,1.0,15126.168816406249,2.6305898801864956e-05,80.85747255361295,1920.0,1.0,,213,,,,,,,,
1.5727942880002956,0.011172606619462991,0.06580946252991755,0.0,1.0,0.009835,3.0,0.46499999999999997,0.0042599278773802025,0.08364962351818879,0.005079356177399556,8.316547223330417e-06,4.8688201559343725e-06,15244.3625,1.0,15144.47793359375,2.6305898801864956e-05,61.110572701878695,1920.0,1.0,,214,,,,,,,,
1.6764715280000928,0.012658974388614297,0.07100423192605376,0.0,0.0,0.009787500000000001,4.0,0.4625,0.006475322792539373,0.08715625246986747,0.007324822014197707,9.350621496651002e-06,5.2147343012620695e-06,15291.029999999999,1.0,15166.306777343749,2.6305898801864956e-05,59.7859625748567,1920.0,1.0,,215,,,,,,,,
1.674634242999673,0.017013644086546265,0.09305826900526881,0.0,1.0,0.00974,4.0,0.45999999999999996,0.006155076844152063,0.0902819843031466,0.007030785316601396,8.515018123489426e-06,5.57276050017208e-06,15314.67175,1.0,15154.9204453125,2.6305898801864956e-05,84.48773410825382,1920.0,1.0,,216,,,,,,,,
1.5320352090002416,0.020477028549066745,0.06673177145421505,0.0,1.0,0.009692500000000001,2.0,0.4575,0.0034475502325221896,0.09996337909251451,0.004412163340020925,9.63029094691592e-06,6.6372566038808145e-06,15244.50425,1.0,15115.354703124998,2.6305898801864956e-05,101.4763213390379,1920.0,1.0,,217,,,,,,,,
1.6113713599997936,0.010577724179408202,0.04871961877991756,0.0,1.0,0.009644999999999999,3.0,0.45499999999999996,-0.002037967885068307,0.09683966698745887,-0.0011093646753579378,1.348609536459359e-05,8.133722985803615e-06,15249.149249999999,1.0,15113.615214843749,2.6305898801864956e-05,120.2175082023517,1920.0,1.0,,218,,,,,,,,
1.4984469760001957,0.011764876326196827,0.04353841149713844,0.0,1.0,0.0095975,2.0,0.4525,0.002346671186387539,0.08357318583875895,0.003144392860122025,8.94661684469611e-06,6.953875868020987e-06,15249.149249999999,1.0,15148.361320312499,2.6305898801864956e-05,95.82684277204966,1920.0,1.0,,219,,,,,,,,
1.7256820329998845,0.010543395110289566,0.041910807602107525,0.0,0.0,0.00955,4.0,0.44999999999999996,0.005452711309771985,0.08203387260437012,0.00623105262639001,1.1326167907554918e-05,7.899310276116012e-06,15259.60825,1.0,15156.996332031249,2.6305898801864956e-05,104.64325379523345,1920.0,1.0,,220,15407.85625,15290.63725,15240.605249999999,70000042,15202.934799999999,best_of_k,15290.63725,68.25807231249901
1.772918301000118,0.0074553940939949825,0.048950195545330644,0.0,0.0,0.0095025,4.0,0.4475,0.0038886367983650416,0.07224023598246276,0.004570280143525451,8.786375104818944e-06,7.882158058691857e-06,15455.578,1.0,15222.4546796875,2.6305898801864956e-05,75.9489283092987,1920.0,1.0,,221,,,,,,,,
1.686121039000227,0.006677907418634277,0.039713541977107525,0.0,0.0,0.009455,4.0,0.44499999999999995,0.005280940793454647,0.0787584101781249,0.0060222550528123975,7.431302833538211e-06,5.206107459798659e-06,15306.750250000001,1.0,15182.866492187499,2.6305898801864956e-05,81.65001567378444,1920.0,1.0,,222,,,,,,,,
1.3263424759998088,0.02203482438926585,0.05257161520421505,0.0,1.0,0.009407500000000001,1.0,0.4425,0.023518270812928677,0.07694915495812893,0.02423905022442341,7.002891379670473e-06,4.8406144514956395e-06,15292.14225,1.0,15199.607570312499,2.6305898801864956e-05,75.68070916462864,1920.0,1.0,,223,,,,,,,,
1.7071501049999824,0.00851237449387554,0.04777018283493817,0.0,0.0,0.00936,4.0,0.43999999999999995,0.004887001043243799,0.07562306569889188,0.005590817600023001,9.086581059136734e-06,6.212984345665973e-06,15306.270249999998,1.0,15111.823011718749,2.6305898801864956e-05,108.87317301653493,1920.0,1.0,,224,,,,,,,,
1.7664073399996596,0.010700448721763678,0.05452474020421505,0.0,0.0,0.009312500000000001,4.0,0.4375,-0.0002676036092452705,0.07563425973057747,0.00043273859773762524,9.971502890948614e-06,6.010365524389272e-06,15304.310249999999,1.0,15148.4025,2.6305898801864956e-05,115.57801775420036,1920.0,1.0,,225,,,,,,,,
1.6997035409999626,0.009466215786233079,0.05489095160737634,0.0,0.0,0.009265000000000002,4.0,0.43500000000000005,0.002813603263348341,0.07673658756539226,0.0035219295823480934,6.593336991045362e-06,3.956387359949076e-06,15374.796749999998,1.0,15171.236828124998,2.6305898801864956e-05,77.24850829784324,1920.0,1.0,,226,,,,,,,,
1.5768259350002154,0.0237946814741008,0.10226779555281003,0.0,1.0,0.0092175,3.0,0.4325,0.002262884770364811,0.07741338325043519,0.002972744172438979,8.030535430710492e-06,5.7902306404381916e-06,15306.270249999998,1.0,15157.718429687498,2.6305898801864956e-05,96.5771610553987,1920.0,1.0,,227,,,,,,,,
1.567416842000057,0.019830790399282705,0.0634765625,0.0,1.0,0.009170000000000001,2.0,0.43000000000000005,-0.003837058087810874,0.08114002738147974,-0.00309938145801425,1.5718625832050748e-05,9.610844131202612e-06,15290.462,1.0,15056.702093749998,2.6305898801864956e-05,142.6032654216892,1920.0,1.0,,228,,,,,,,,
1.580769150999913,0.01953464998708417,0.06287977534035842,0.0,1.0,0.0091225,3.0,0.4275,0.0018491630908101797,0.07114766413966815,0.002493750381593903,1.0848382165325651e-05,6.745157975274196e-06,15239.034499999998,1.0,15074.187222656248,2.6305898801864956e-05,120.78681249636267,1920.0,1.0,,229,,,,,,,,
1.677009101999829,0.007956603447382804,0.055013021221384406,0.0,0.0,0.009075000000000001,4.0,0.42500000000000004,-0.00042963167652487755,0.08179797930642962,0.0003078125882893801,1.1472534964696024e-05,7.4494410569059255e-06,15309.9065,1.0,15161.868628906248,2.6305898801864956e-05,79.2083702155591,1920.0,1.0,,230,,,,,,,,
1.6853073649999715,0.003079021589655895,0.024129232158884406,0.0,0.0,0.0090275,4.0,0.4225,-0.0004911329160677269,0.07956556510180235,0.00022332259686663747,8.806147150153265e-06,5.884421710788956e-06,15308.71025,1.0,15195.43976171875,2.6305898801864956e-05,80.38437502148405,1920.0,1.0,,231,,,,,,,,
1.6807578439997997,0.006141709687653929,0.03942871140316129,0.0,0.0,0.008980000000000002,4.0,0.42000000000000004,0.0019904817672795616,0.07811781950294971,0.0026889482396654785,7.027405331427872e-06,4.658524005662912e-06,15457.785999999998,1.0,15235.618406249998,2.6305898801864956e-05,66.85887994503688,1920.0,1.0,,232,,,,,,,,
1.5705737719999888,0.010693108769676959,0.051323785757025085,0.0,1.0,0.008932500000000001,3.0,0.4175,-0.001198845508042723,0.07000832445919514,-0.0005756567697972059,5.0294124397017486e-06,3.3153218055304023e-06,15435.985750000002,1.0,15224.04922265625,2.6305898801864956e-05,53.59576358559052,1920.0,1.0,,233,,,,,,,,
1.7000781440001447,0.003037547183339484,0.0260009765625,0.0,0.0,0.008885,4.0,0.41500000000000004,0.0027141193859279156,0.07962774578481913,0.0034175983164459467,9.650619233525504e-06,6.09655643302176e-06,15473.538,1.0,15219.75653125,2.6305898801864956e-05,80.2372904644054,1920.0,1.0,,234,,,,,,,,
1.6986403129999417,0.006728540211042855,0.0409342449856922,0.0,0.0,0.0088375,4.0,0.4125,0.0015561734871880617,0.07978044031187892,0.0022569295251742005,9.360514013678767e-06,6.735737741792036e-06,15467.130000000001,1.0,15245.730101562502,2.6305898801864956e-05,112.84287792498907,1920.0,1.0,,235,,,,,,,,
1.7045499040000323,0.01019126675237203,0.05236816417891532,0.0,0.0,0.008790000000000001,4.0,0.41000000000000003,0.00606760265873163,0.08390539744868875,0.0068014151765964925,7.378178025874149e-06,5.955912371291561e-06,15468.874,1.0,15195.51755078125,2.6305898801864956e-05,70.1829907855309,1920.0,1.0,,236,,,,,,,,
1.7337043610000364,0.003168886854837183,0.025756836053915322,0.0,0.0,0.0087425,4.0,0.4075,0.0025272381608374417,0.08664352353662252,0.003280392789747566,1.0062232490781753e-05,6.640410333602631e-06,15463.274,1.0,15247.6348515625,2.6305898801864956e-05,109.06171825075967,1920.0,1.0,,237,,,,,,,,
1.71516094899971,0.008886505922419019,0.05598958395421505,0.0,0.0,0.008695000000000001,4.0,0.405,0.0028339593554846942,0.0945850070565939,0.003652246610727161,9.787669682737032e-06,6.3019717799761565e-06,15479.11575,1.0,15294.225453124998,2.6305898801864956e-05,101.03298575027361,1920.0,1.0,,238,,,,,,,,
1.7040967020002427,0.012795388953236397,0.07889811275526881,0.0,0.0,0.0086475,4.0,0.40249999999999997,0.0023506811376137193,0.09653164725750685,0.0031795550021342933,1.3491781203356368e-05,9.068751751328819e-06,15469.858,1.0,15218.07103125,2.6305898801864956e-05,137.1545306649434,1920.0,1.0,,239,,,,,,,,
1.72259179699995,0.008171276211214717,0.05061848962213844,0.0,0.0,0.008600000000000002,4.0,0.4,0.003698533895658329,0.09962937468662858,0.00455102781415917,9.741775386373774e-06,6.6891143148950505e-06,15461.7835,1.0,15258.068761718749,2.6305898801864956e-05,109.6513556576812,1920.0,1.0,,240,15479.11575,15467.719500000001,15260.647,70000042,15280.224916666666,best_of_k,15467.719500000001,114.9355003527582
1.7651901049998742,0.009220791602274403,0.052124023844953626,0.0,0.0,0.0085525,4.0,0.39749999999999996,-0.0006494237131846603,0.10256153019145131,0.0002233388222521171,9.367410655158892e-06,6.916576751336834e-06,15480.627750000001,1.0,15262.0630546875,2.6305898801864956e-05,104.34394647896734,1920.0,1.0,,241,,,,,,,,
1.5622521069999493,0.013172168439875046,0.061089410136143364,0.0,1.0,0.008505,3.0,0.395,-0.005206855857977644,0.10580966745813687,-0.004312013314726452,1.053123060046346e-05,8.030424889208613e-06,15480.627750000001,1.0,15367.82628125,2.6305898801864956e-05,114.6963847707566,1920.0,1.0,,242,,,,,,,,
1.7216089570001714,0.0038070821901783347,0.025797526468522847,0.0,0.0,0.0084575,4.0,0.39249999999999996,0.0003039445509784855,0.10450282227247953,0.0011800981883425266,1.599095566007236e-05,1.2159514710674557e-05,15480.627750000001,1.0,15358.344542968749,2.6305898801864956e-05,166.66078625271822,1920.0,1.0,,243,,,,,,,,
1.6823335979997864,0.007051685628539417,0.04947916732635349,0.0,0.0,0.00841,4.0,0.39,-0.0015208588738460094,0.09687293972820044,-0.0007136508938856423,1.4465077640579693e-05,1.209353143849512e-05,15476.11575,1.0,15394.258925781249,2.6305898801864956e-05,156.68351336493666,1920.0,1.0,,244,,,,,,,,
1.4283483640001577,0.013298620062414557,0.03336588549427688,0.0,1.0,0.0083625,2.0,0.38749999999999996,0.0001355709318886511,0.09188261721283197,0.0008983331499621272,1.3883448332308035e-05,8.435108497906185e-06,15479.427749999999,1.0,15405.3108203125,2.6305898801864956e-05,126.44995915691761,1920.0,1.0,,245,,,,,,,,
1.4423774070000945,0.0174499201530125,0.08251953264698386,0.0,1.0,0.008315000000000001,2.0,0.385,-0.002858848631149158,0.10466716811060905,-0.001996982260607183,1.4688629676129494e-05,1.3945451087238325e-05,15477.603749999998,1.0,15349.09715234375,2.6305898801864956e-05,143.6737148764303,1920.0,1.0,,246,,,,,,,,
1.431539643999713,0.012644057220313698,0.043701171875,0.0,1.0,0.0082675,2.0,0.38249999999999995,0.003934457374271005,0.0948993880301714,0.004709208675194532,2.0028500557600637e-05,1.5650410318812646e-05,15480.627750000001,1.0,15350.69537890625,2.6305898801864956e-05,176.26378644969606,1920.0,1.0,,247,,,,,,,,
1.7034821479996936,0.008519110881024972,0.030883789295330644,0.0,0.0,0.008220000000000002,4.0,0.38,-0.004101533246284816,0.09182023955509067,-0.003350824408698827,1.1150979275953432e-05,5.877794762909616e-06,15480.627750000001,1.0,15383.510312499999,2.6305898801864956e-05,100.72925603993787,1920.0,1.0,,248,,,,,,,,
1.4895144000001892,0.011716781198629178,0.03304036520421505,0.0,1.0,0.0081725,2.0,0.37749999999999995,-0.0062794017139822245,0.09218720719218254,-0.005529991118237376,8.095399778085266e-06,6.356413052799326e-06,15479.427749999999,1.0,15407.474527343751,2.6305898801864956e-05,101.4261606767368,1920.0,1.0,,249,,,,,,,,
1.6934757129997706,0.017583622757229023,0.06319173239171505,0.0,1.0,0.008125,4.0,0.375,0.0032273352589982096,0.09149790648370981,0.003963956551160663,1.4646264332895953e-05,1.066872800947749e-05,15476.907749999998,1.0,15389.823667968749,2.6305898801864956e-05,158.5554341194671,1920.0,1.0,,250,,,,,,,,
1.6214633829999912,0.012631977083704745,0.053819444961845875,0.0,1.0,0.008077500000000001,3.0,0.37250000000000005,-0.004845254229924952,0.08602329653998216,-0.004163878698212405,2.4496995289761497e-05,2.205646296715713e-05,15481.05025,1.0,15341.7981640625,2.6305898801864956e-05,225.9371443578514,1920.0,1.0,,251,,,,,,,,
1.7302065419999053,0.005461264241603203,0.03267415368463844,0.0,0.0,0.00803,4.0,0.37,-0.00021868280600756407,0.08158433111384511,0.00043369943159632385,6.62795383732373e-06,4.154445662152284e-06,15480.627750000001,1.0,15431.451554687499,2.6305898801864956e-05,68.28119033606463,1920.0,1.0,,252,,,,,,,,
1.6720255609998276,0.007570331981696654,0.0394694012356922,0.0,0.0,0.007982500000000002,4.0,0.36750000000000005,0.0006490778469014913,0.08198071038350463,0.0012996071527595632,9.005607125800452e-06,5.962249218782745e-06,15479.427749999999,1.0,15402.516917968751,2.6305898801864956e-05,107.83169058655277,1920.0,1.0,,253,,,,,,,,
1.692082702999869,0.00571058809873648,0.039876302471384406,0.0,0.0,0.007935000000000001,4.0,0.365,-0.0006776504160370678,0.07722780015319586,-6.790508632548153e-05,6.52646178878058e-06,4.809679353456886e-06,15479.11575,1.0,15419.11737109375,2.6305898801864956e-05,87.08609910682952,1920.0,1.0,,254,,,,,,,,
1.7259145800003353,0.003604629440815188,0.018798828299622983,0.0,0.0,0.007887500000000002,4.0,0.36250000000000004,-0.0028102124197175726,0.07788521097972989,-0.0021995828283252195,7.483409007136288e-06,5.882975329996043e-06,15480.270499999999,1.0,15427.22627734375,2.6305898801864956e-05,103.23748179304346,1920.0,1.0,,255,,,,,,,,
1.7287146100002246,0.004532688959443476,0.0376383465481922,0.0,0.0,0.00784,4.0,0.36,0.0036325867840787396,0.07725901482626796,0.00422446453012526,2.4757047981438518e-05,2.2713180442224257e-05,15480.627750000001,1.0,15379.940878906249,2.6305898801864956e-05,242.18429638688437,1920.0,1.0,,256,,,,,,,,
1.5793957139999293,0.014288682927144691,0.03965928863423566,0.0,1.0,0.007792500000000001,3.0,0.35750000000000004,0.0019606701098382473,0.0754257229467233,0.0025448035448789597,8.654863298337053e-06,5.512270642308674e-06,15479.11575,1.0,15427.85789453125,2.6305898801864956e-05,96.14420140126748,1920.0,1.0,,257,,,,,,,,
1.471101589999762,0.01343330011877697,0.05631510494276881,0.0,1.0,0.007745,2.0,0.355,-0.002685140003450215,0.06681268662214279,-0.0021769264712929726,1.9938076320613618e-05,1.4513771361635008e-05,15485.2545,1.0,15412.779246093749,2.6305898801864956e-05,157.0645604977349,1920.0,1.0,,258,,,,,,,,
1.6944931450002514,0.010893115737417247,0.051554362376919016,0.0,0.0,0.007697500000000001,4.0,0.35250000000000004,-0.0019443138007773086,0.07393536390736699,-0.001411196542903781,5.897810342503362e-05,6.020600289957656e-05,15485.2545,1.0,15279.0496328125,2.6305898801864956e-05,382.6773254375505,1920.0,1.0,,259,,,,,,,,
1.6833143220001148,0.005925295939960051,0.03946940127934795,0.0,0.0,0.0076500000000000005,4.0,0.35,0.0021157190785743296,0.07184029277414083,0.002657236094819382,1.2913317107177136e-05,1.3537911200955932e-05,15483.118499999999,1.0,15445.7782734375,2.6305898801864956e-05,61.13115261958535,1920.0,1.0,,260,15485.2545,15483.118499999999,15478.8465,70000042,15376.349691666668,best_of_k,15483.118499999999,219.45808358639079
1.8206096609997076,0.004579335582093336,0.032470703357830644,0.0,0.0,0.007602500000000002,4.0,0.34750000000000003,-0.0020831605652347207,0.07152449479326606,-0.0015427980688400567,5.59046333137303e-06,5.686363209633782e-06,15497.430499999999,1.0,15452.273226562498,2.6305898801864956e-05,38.20686694426429,1920.0,1.0,,261,,,,,,,,
1.6816153149998172,0.014184720872435719,0.06119791720993817,0.0,1.0,0.007555000000000001,4.0,0.345,0.0024834219220792875,0.06401713425293565,0.00295670994091779,1.5885284767591656e-05,1.7544664729030046e-05,15485.2545,1.0,15377.09393359375,2.6305898801864956e-05,173.409711260184,1920.0,1.0,,262,,,,,,,,
1.684044522000022,0.0036683651778730564,0.016357422035071068,0.0,0.0,0.007507500000000002,4.0,0.3425,-0.0008931405245675705,0.050212528789415956,-0.0005219999002292752,1.0019330233035362e-05,9.656523531020866e-06,15485.2545,1.0,15441.3486328125,2.6305898801864956e-05,142.75242568910323,1920.0,1.0,,263,,,,,,,,
1.5605709060000663,0.014130923629030198,0.02967664962246393,0.0,1.0,0.00746,3.0,0.33999999999999997,-0.0023772433147920915,0.046446626695493855,-0.002041824239616593,1.6809343757510458e-05,1.8784314230894477e-05,15483.118499999999,1.0,15422.73153515625,2.6305898801864956e-05,192.3954316886696,1920.0,1.0,,264,,,,,,,,
1.7216336880001109,0.013636247334943619,0.03206380223855376,0.0,1.0,0.007412500000000001,4.0,0.3375,-0.0006398866535164416,0.04202718357555568,-0.00033382559195160866,9.322988432813872e-06,9.066026905202307e-06,15483.118499999999,1.0,15440.888171875,2.6305898801864956e-05,128.14252150446106,1920.0,1.0,,265,,,,,,,,
1.5161482290000095,0.012298020272282884,0.034912109375,0.0,1.0,0.007365,2.0,0.33499999999999996,-0.005348399397917092,0.05323875276371837,-0.004961988888680935,6.332971565825574e-06,1.0120416050085623e-05,15483.129250000002,1.0,15420.0286484375,2.6305898801864956e-05,66.6158989082409,1920.0,1.0,,266,,,,,,,,
1.7329527730003065,0.013064708778983913,0.033650716533884406,0.0,0.0,0.007317500000000001,4.0,0.3325,0.0013923059741500765,0.044467868050560355,0.0017143904115073383,3.982927523793478e-06,5.822658195597796e-06,15484.641249999999,1.0,15472.611074218748,2.6305898801864956e-05,12.81131944368122,1920.0,1.0,,267,,,,,,,,
1.5823474090002492,0.014656799049892774,0.04340277798473835,0.0,1.0,0.00727,3.0,0.32999999999999996,-0.002912488824222237,0.04613126131395499,-0.002579899310755233,9.636508745340203e-06,3.642173624029965e-06,15483.430499999999,1.0,15423.210917968749,2.6305898801864956e-05,71.66551020342266,1920.0,1.0,,268,,,,,,,,
1.5791641020000498,0.014091722861242792,0.04286024306202307,0.0,1.0,0.0072225000000000015,3.0,0.3275,-0.0018739334385221202,0.043794283643364906,-0.0015594604386327167,5.7918499010156665e-06,2.503791203404641e-06,15483.430499999999,1.0,15475.590980468747,2.6305898801864956e-05,9.311992493648312,1920.0,1.0,,269,,,,,,,,
1.5948385579999922,0.0301079702427766,0.03884548643448701,0.0,1.0,0.007174999999999999,3.0,0.32499999999999996,0.0003236459257702033,0.039164502173662186,0.0005808699255188307,3.938067948183743e-05,3.9686763254091297e-05,15480.270499999999,1.0,15339.220171875,2.6305898801864956e-05,311.5642050274458,1920.0,1.0,,270,,,,,,,,
1.7207007140000314,0.01188222125347238,0.035725911846384406,0.0,1.0,0.0071275,4.0,0.3225,0.0026956101646646857,0.04020643443800509,0.0029791478300467134,8.238796169734997e-06,4.4202108000490625e-06,15481.694499999998,1.0,15417.338726562499,2.6305898801864956e-05,73.74390703676002,1920.0,1.0,,271,,,,,,,,
1.7241471629999978,0.012149900321674068,0.03983561205677688,0.0,0.0,0.0070799999999999995,4.0,0.31999999999999995,-0.00330943611334078,0.04629650409333408,-0.0029866989061702043,9.588529252368971e-06,8.165528669223932e-06,15483.118499999999,1.0,15419.787210937498,2.6305898801864956e-05,130.27973415776228,1920.0,1.0,,272,,,,,,,,
1.4787364179996985,0.0155633186805062,0.051920573227107525,0.0,1.0,0.0070325000000000006,2.0,0.3175,-0.0032351027184631675,0.040930491872131824,-0.0029525745194405317,1.220675903823576e-05,8.1904457829296e-06,15481.694499999998,1.0,15358.875671875,2.6305898801864956e-05,148.02788636158206,1920.0,1.0,,273,,,,,,,,
1.6845209829998566,0.010564617739873938,0.057535807602107525,0.0,1.0,0.006985,4.0,0.31499999999999995,-0.00033475662348791957,0.04680004948750138,-1.1728669051080942e-05,8.289008945894238e-06,6.082229560888663e-06,15483.118499999999,1.0,15422.253378906249,2.6305898801864956e-05,113.06262193092981,1920.0,1.0,,274,,,,,,,,
1.699716035000165,0.0034111768909497187,0.029093424673192203,0.0,0.0,0.006937500000000001,4.0,0.3125,-0.002503906755009666,0.04513851599767804,-0.0021925339242443442,5.21711990586482e-06,2.5068846412068524e-06,15483.118499999999,1.0,15442.134796874998,2.6305898801864956e-05,49.50952737301135,1920.0,1.0,,275,,,,,,,,
1.7155438120003055,0.00629482093063416,0.04357910202816129,0.0,0.0,0.006890000000000002,4.0,0.31000000000000005,-0.0004969161818735301,0.04885892290621996,-0.00016179948579519987,4.184873759527363e-06,2.20465847178275e-06,15483.118499999999,1.0,15450.823957031247,2.6305898801864956e-05,23.65014043358771,1920.0,1.0,,276,,,,,,,,
1.6901656970003387,0.005015567527152598,0.024007161628105678,0.0,0.0,0.006842500000000001,4.0,0.3075,-0.0019495159212965518,0.05211660289205611,-0.0015984713099896908,9.734692895335684e-06,9.180498921068647e-06,15481.694499999998,1.0,15425.901804687499,2.6305898801864956e-05,141.17813930233677,1920.0,1.0,,277,,,,,,,,
1.6497665750002852,0.012537207580559576,0.07210286520421505,0.0,1.0,0.006795000000000002,3.0,0.30500000000000005,0.0019742006358380118,0.054535643508036934,0.00234173983335495,6.802266511840571e-06,4.6999474534459296e-06,15483.118499999999,1.0,15426.240019531248,2.6305898801864956e-05,87.81648875289473,1920.0,1.0,,278,,,,,,,,
1.6977471679997507,0.012430020615283865,0.055786133743822575,0.0,1.0,0.0067475,4.0,0.3025,-0.003064576943870634,0.05588649562560022,-0.0026894754264503717,3.873702368650811e-06,3.2110967111975697e-06,15481.694499999998,1.0,15451.639664062499,2.6305898801864956e-05,58.34203744740243,1920.0,1.0,,279,,,,,,,,
1.697535293999863,0.009423091687494889,0.06368001364171505,0.0,0.0,0.006700000000000001,4.0,0.30000000000000004,-0.001875523419585079,0.06040055048651993,-0.0014803429949097335,1.5765447642479558e-05,1.5854891103117552e-05,15481.694499999998,1.0,15397.77533203125,2.6305898801864956e-05,192.4236388196971,1920.0,1.0,,280,15497.430499999999,15483.430499999999,15446.662499999999,70000042,15439.62465,best_of_k,15483.430499999999,33.34739085112222
1.7804078429999208,0.01170034675305942,0.030517578357830644,0.0,1.0,0.0066525,4.0,0.2975,-0.0011547352332854643,0.06945801083929837,-0.00070048330235295,1.3189955325287883e-05,1.2996994996683497e-05,15483.118499999999,1.0,15410.462210937501,2.6305898801864956e-05,174.52168586663052,1920.0,1.0,,281,,,,,,,,
1.7271036699999058,0.006881753746711183,0.0488688152981922,0.0,0.0,0.0066050000000000015,4.0,0.29500000000000004,0.005770306786871515,0.0672635450027883,0.006211519590578973,6.4099024825736706e-06,4.84390469068785e-06,15485.2545,1.0,15430.854046875,2.6305898801864956e-05,74.29572734799572,1920.0,1.0,,282,,,,,,,,
1.6826259559998107,0.007202613225672394,0.06445312523283064,0.0,0.0,0.006557500000000001,4.0,0.2925,-0.0052836539907730184,0.061323827132582664,-0.004890560150670353,1.4007433549068082e-05,1.5273580515895446e-05,15483.118499999999,1.0,15406.2976484375,2.6305898801864956e-05,190.28912846562815,1920.0,1.0,,283,,,,,,,,
1.728235935000157,0.0029178283439250663,0.023111979360692203,0.0,0.0,0.006510000000000002,4.0,0.29000000000000004,-0.0011443737894296646,0.05632244213484228,-0.0007793683907948434,2.9451252316903265e-06,2.7195249856504233e-06,15481.694499999998,1.0,15451.049085937499,2.6305898801864956e-05,32.75070147451345,1920.0,1.0,,284,,,,,,,,
1.6741248400003315,0.007757428829791024,0.05179850314743817,0.0,0.0,0.0064624999999999995,4.0,0.2875,0.0004143288024351932,0.0625309378374368,0.000813434220617637,8.054941048385444e-06,8.390504234512264e-06,15483.118499999999,1.0,15434.890335937498,2.6305898801864956e-05,135.69186037530676,1920.0,1.0,,285,,,,,,,,
1.7001258099999177,0.007128085184376687,0.044759114854969084,0.0,0.0,0.0064150000000000006,4.0,0.28500000000000003,0.0011668888910207897,0.053976930445060134,0.0015106439823284745,4.280076225882112e-06,4.158588765790228e-06,15498.854500000001,1.0,15440.57444140625,2.6305898801864956e-05,70.3277255114842,1920.0,1.0,,286,,,,,,,,
1.7074319719999949,0.004227641235047486,0.02974446618463844,0.0,0.0,0.0063675,4.0,0.2825,-0.004253814222465735,0.05960223008878529,-0.0038778079324401915,6.556362023957263e-06,5.711071480618557e-06,15483.118499999999,1.0,15438.189968749999,2.6305898801864956e-05,116.6976384514253,1920.0,1.0,,287,,,,,,,,
1.704635466000127,0.0031229991218424402,0.03637695324141532,0.0,0.0,0.006320000000000001,4.0,0.28,-0.0013261408603284508,0.061371578834950924,-0.0009430065692868084,7.177540766178936e-06,8.032096104670927e-06,15483.118499999999,1.0,15448.660226562497,2.6305898801864956e-05,135.5967345254964,1920.0,1.0,,288,,,,,,,,
1.741451115000018,0.0027320372755639255,0.028686523670330644,0.0,0.0,0.0062725,4.0,0.27749999999999997,0.003006254708452616,0.05653637112118304,0.0033588965889066458,3.7163818831231765e-06,3.2221560530842908e-06,15483.118499999999,1.0,15453.918417968747,2.6305898801864956e-05,71.24394206377984,1920.0,1.0,,289,,,,,,,,
1.7858666329998414,0.004309957217628835,0.028076172078726813,0.0,0.0,0.006225000000000001,4.0,0.275,-0.001612023450434208,0.05866107810288668,-0.0012519176816567779,8.056840300696422e-06,8.507337724950048e-06,15483.118499999999,1.0,15439.939445312499,2.6305898801864956e-05,140.3504334206356,1920.0,1.0,,290,,,,,,,,
1.5582355379997352,0.011549200591010353,0.05164930581425627,0.0,1.0,0.006177500000000001,3.0,0.27249999999999996,-0.0045200680203076144,0.055554636754095554,-0.004187324239561955,1.6345980005401845e-05,1.7621328197492403e-05,15485.2545,1.0,15405.035968749999,2.6305898801864956e-05,214.84917942584718,1920.0,1.0,,291,,,,,,,,
1.7093094140000176,0.007493576660635881,0.036905924789607525,0.0,0.0,0.006130000000000002,4.0,0.27,0.0012053996251779608,0.055642842780798674,0.0015405273297801614,9.93906840562886e-06,9.940858774371009e-06,15483.118499999999,1.0,15424.758515624999,2.6305898801864956e-05,105.67526905853336,1920.0,1.0,,292,,,,,,,,
1.6997536159997253,0.008254291642515454,0.03466796875,0.0,1.0,0.006082499999999999,4.0,0.26749999999999996,-0.003409575418118038,0.05688599101267755,-0.0030687489779666066,7.805246724501558e-06,8.805134314116003e-06,15483.118499999999,1.0,15450.47223046875,2.6305898801864956e-05,51.913218276267656,1920.0,1.0,,293,,,,,,,,
1.4242020550000234,0.0129891847318504,0.07893880270421505,0.0,1.0,0.006035,2.0,0.265,-0.007795140409143642,0.06447972962632775,-0.0074181947857141495,2.2516349417855963e-05,1.9874893268934102e-05,15483.430499999999,1.0,15299.321894531251,2.6305898801864956e-05,221.1240078226869,1920.0,1.0,,294,,,,,,,,
1.5937061130002803,0.010706204018788412,0.042588975901405014,0.0,1.0,0.0059875,3.0,0.26249999999999996,-0.0004024962254334241,0.0662675838296612,-1.435385396083196e-05,1.884045089658078e-05,1.3502382974669066e-05,15483.118499999999,1.0,15377.358757812499,2.6305898801864956e-05,196.56708292795722,1920.0,1.0,,295,,,,,,,,
1.719604767000419,0.004689449633588083,0.03755696630105376,0.0,0.0,0.005940000000000001,4.0,0.26,-0.0014273106353357434,0.061537339352071285,-0.0010643189307302237,6.959701977393706e-06,3.6879802820521945e-06,15483.430499999999,1.0,15448.899617187499,2.6305898801864956e-05,77.84237173576545,1920.0,1.0,,296,,,,,,,,
1.6884022260001075,0.0025163066638924647,0.016276041671517305,0.0,0.0,0.0058925,4.0,0.25749999999999995,-0.0004520736292761285,0.05947899678722024,-0.00010294996900483966,2.748589693624126e-06,2.1634083751109756e-06,15483.430499999999,1.0,15460.606953125,2.6305898801864956e-05,37.039272713147454,1920.0,1.0,,297,,,,,,,,
1.7024004009999771,0.00911047964473255,0.0189208984375,0.0,0.0,0.005845000000000001,4.0,0.255,0.0010087683040183038,0.06228883005678654,0.0013653190108016133,1.3364446999730717e-05,1.2383958789996541e-05,15483.430499999999,1.0,15416.92498046875,2.6305898801864956e-05,179.2279529744146,1920.0,1.0,,298,,,,,,,,
1.6958395460001157,0.0033751883020158857,0.0227864584303461,0.0,0.0,0.005797500000000001,4.0,0.25249999999999995,0.003116364125162363,0.05597398872487247,0.0034392100642435253,3.1336065404730107e-06,2.6989590224957283e-06,15483.430499999999,1.0,15460.598078124998,2.6305898801864956e-05,40.19669556636248,1920.0,1.0,,299,,,,,,,,
1.6906811759999982,0.0022722461690136697,0.021809895857586525,0.0,0.0,0.005750000000000002,4.0,0.25,-0.0018928038844023831,0.058563003316521645,-0.0015573213750030845,2.2891054385354437e-06,2.0528005606479383e-06,15485.2545,1.0,15465.4705,2.6305898801864956e-05,24.64119683233907,1920.0,1.0,,300,15498.854500000001,15483.430499999999,15481.294499999998,70000042,15407.3786,best_of_k,15483.430499999999,188.01276629598635
1.8199906710001414,0.0045827115754946135,0.051147461286745965,0.0,0.0,0.005702500000000001,4.0,0.24750000000000005,-0.0005451299948617816,0.059926068875938654,-0.00021020666463300586,1.0562729926277825e-05,1.1498239814500266e-05,15481.294499999998,1.0,15432.27392578125,2.6305898801864956e-05,166.69798155356426,1920.0,1.0,,301,,,,,,,,
1.7148123489996578,0.0075690740122809075,0.06465657614171505,0.0,0.0,0.005655,4.0,0.245,-0.0034864570407080464,0.06083011836744845,-0.0031542491051368415,1.771060533428681e-05,2.0031846190704528e-05,15481.294499999998,1.0,15408.778035156249,2.6305898801864956e-05,227.73783110679727,1920.0,1.0,,302,,,,,,,,
1.750744487999782,0.0039746359616401605,0.03910319057467859,0.0,0.0,0.005607500000000001,4.0,0.24250000000000005,-0.0004549436634988524,0.06126721133477986,-0.00011437549255788326,4.866156189109461e-06,5.002097907436109e-06,15483.118499999999,1.0,15450.829406249999,2.6305898801864956e-05,98.66889374196238,1920.0,1.0,,303,,,,,,,,
1.7222732039999755,0.0031764104569447227,0.034138997725676745,0.0,0.0,0.005560000000000001,4.0,0.24,-0.003156914433930069,0.05725639779120684,-0.002839735010638833,2.0967280391914755e-06,1.915621126613587e-06,15483.118499999999,1.0,15461.268324218749,2.6305898801864956e-05,35.81122876860475,1920.0,1.0,,304,,,,,,,,
1.7002603290002298,0.0039513650990556926,0.031046549906022847,0.0,0.0,0.005512500000000002,4.0,0.23750000000000004,0.0011489208591228817,0.0524246646091342,0.0014369757263921201,1.5837918283523322e-06,1.5565164090958206e-06,15483.430499999999,1.0,15470.459574218748,2.6305898801864956e-05,22.11505205589407,1920.0,1.0,,305,,,,,,,,
1.726324403000035,0.004911038413411006,0.03361002652673051,0.0,0.0,0.005465000000000001,4.0,0.235,0.004740665521239862,0.05252530612051487,0.005026780301705003,1.6435726095664904e-06,1.54227516446781e-06,15485.2545,1.0,15467.4332109375,2.6305898801864956e-05,18.225454466813854,1920.0,1.0,,306,,,,,,,,
1.7868241809997016,0.006562743226822931,0.025390625465661287,0.0,0.0,0.005417500000000002,4.0,0.23250000000000004,-0.0028616355411941186,0.05629054899327457,-0.002560141438152641,7.071394094282368e-06,5.506528481191708e-06,15483.118499999999,1.0,15416.955835937499,2.6305898801864956e-05,116.8428525854494,1920.0,1.0,,307,,,,,,,,
1.688080176999847,0.0031055193903739564,0.034016927471384406,0.0,0.0,0.00537,4.0,0.22999999999999998,0.002123571321135387,0.052508129039779305,0.002404471641057171,1.695111365052071e-06,1.7973267674165072e-06,15483.118499999999,1.0,15466.1844765625,2.6305898801864956e-05,17.35270690269993,1920.0,1.0,,308,,,,,,,,
1.679179189000024,0.012553584921988659,0.0619303387356922,0.0,0.0,0.005322500000000001,4.0,0.22750000000000004,-0.00462674997470458,0.0531949948053807,-0.004355203225713922,1.7102498532040045e-05,1.9746600855796714e-05,15483.118499999999,1.0,15410.694253906247,2.6305898801864956e-05,228.43485591661226,1920.0,1.0,,309,,,,,,,,
1.7217551749999984,0.00423290809703758,0.030558268423192203,0.0,0.0,0.005275,4.0,0.22499999999999998,-0.0011951335036428645,0.05106341256760061,-0.0009316281066276133,8.67231645429456e-06,9.974064084872225e-06,15483.118499999999,1.0,15451.070249999997,2.6305898801864956e-05,137.86524904793376,1920.0,1.0,,310,,,,,,,,
1.7048717709999437,0.005589267777395435,0.03096516930963844,0.0,0.0,0.005227500000000001,4.0,0.22250000000000003,-0.0032947767758741975,0.049036354292184114,-0.0030487876501865685,1.4557964107098087e-05,1.7787527838208916e-05,15483.118499999999,1.0,15423.751644531249,2.6305898801864956e-05,180.68694713348202,1920.0,1.0,,311,,,,,,,,
1.6933171689997835,0.004641379702661652,0.029785156482830644,0.0,0.0,0.005180000000000001,4.0,0.21999999999999997,-0.00012384876390569843,0.04737749951891601,0.00011957995593547821,3.076236005483679e-06,3.3581642711055792e-06,15483.118499999999,1.0,15470.819625,2.6305898801864956e-05,25.75747873968604,1920.0,1.0,,312,,,,,,,,
1.7793696360004105,0.0035683890091604553,0.030314128031022847,0.0,0.0,0.005132500000000002,4.0,0.21750000000000003,-0.000778456567786634,0.044910455122590065,-0.0005487707676365972,1.0066418134613286e-06,1.4337137841380354e-06,15483.118499999999,1.0,15475.037742187498,2.6305898801864956e-05,10.85678391074909,1920.0,1.0,,313,,,,,,,,
1.7045132819998798,0.007515359124226961,0.061482747783884406,0.0,0.0,0.005085000000000001,4.0,0.21499999999999997,0.0030406155055970885,0.05526202474720776,0.003320123185403645,2.6562258028661745e-06,2.4683970991645765e-06,15483.118499999999,1.0,15457.474296875,2.6305898801864956e-05,48.31030289837333,1920.0,1.0,,314,,,,,,,,
1.7419525710001835,0.0016704041918274015,0.022013346548192203,0.0,0.0,0.005037500000000002,4.0,0.21250000000000002,-0.0004685464664362371,0.053648767760023475,-0.0001993830082938075,2.8764181223550622e-06,1.6103488107432895e-06,15483.118499999999,1.0,15460.11890234375,2.6305898801864956e-05,18.181129851120613,1920.0,1.0,,315,,,,,,,,
1.6979256579998037,0.0021402439451776445,0.016886393350432627,0.0,0.0,0.00499,4.0,0.20999999999999996,-0.0013122486270731315,0.05104620079509914,-0.001058863097568974,2.892170684276607e-06,2.0907538385017688e-06,15483.118499999999,1.0,15456.835359374998,2.6305898801864956e-05,45.80898368511812,1920.0,1.0,,316,,,,,,,,
1.745321458000035,0.006128639972303063,0.03495279955677688,0.0,0.0,0.004942500000000001,4.0,0.20750000000000002,-0.0009476635605096817,0.05113098328001797,-0.0006963326595723629,3.4670299271510885e-06,2.0741533290902225e-06,15483.118499999999,1.0,15458.115234375,2.6305898801864956e-05,46.73619540141597,1920.0,1.0,,317,,,,,,,,
1.7211837270001524,0.0047194239814416505,0.04012044321279973,0.0,0.0,0.004895,4.0,0.20499999999999996,0.001996839215280488,0.05125361122190952,0.002246619580546394,3.1447041806131892e-06,1.5820285597101247e-06,15483.118499999999,1.0,15455.9073671875,2.6305898801864956e-05,20.589996377847548,1920.0,1.0,,318,,,,,,,,
1.7512850630000685,0.004034680430777371,0.0369059246731922,0.0,0.0,0.004847500000000001,4.0,0.2025,-0.001330318278633058,0.05104843759909272,-0.0010839636670425534,3.1209779081109446e-06,1.5803202941810923e-06,15483.118499999999,1.0,15457.823160156247,2.6305898801864956e-05,28.00194004894355,1920.0,1.0,,319,,,,,,,,
1.8397774410000238,0.002444906385790091,0.022949219070142135,0.0,0.0,0.0048000000000000004,4.0,0.19999999999999996,-0.0017220237787114456,0.05116830696351826,-0.0014775618619751185,2.7471927808164764e-06,1.743289423927763e-06,15483.118499999999,1.0,15454.026640625,2.6305898801864956e-05,28.807350160662978,1920.0,1.0,,320,15498.854500000001,15478.446499999998,15457.785999999998,70000042,15451.590958333334,best_of_k,15478.446499999998,18.3243207821012
1.805685503999939,0.0022958892441238277,0.023763020988553762,0.0,0.0,0.0047525000000000015,4.0,0.1975,-0.003421790686843451,0.05376774864271283,-0.003167681474224082,3.7290318175564607e-06,2.0982386743639836e-06,15483.118499999999,1.0,15443.2917578125,2.6305898801864956e-05,48.06934377499764,1920.0,1.0,,321,,,,,,,,
1.723443664000115,0.0032958925075945444,0.03808593805297278,0.0,0.0,0.004704999999999999,4.0,0.19499999999999995,-0.00042970795766450465,0.05318198399618268,-0.00018054593238048255,2.554799920062578e-06,1.6080284837016734e-06,15481.294499999998,1.0,15452.105402343748,2.6305898801864956e-05,20.41502674706162,1920.0,1.0,,322,,,,,,,,
1.7241499419997126,0.008482605073368177,0.05566406296566129,0.0,0.0,0.0046575,4.0,0.1925,0.0005882587283849716,0.055139847565442324,0.0008436787757091224,3.703059931581265e-06,2.046047555381847e-06,15481.294499999998,1.0,15436.576207031248,2.6305898801864956e-05,42.21784630177681,1920.0,1.0,,323,,,,,,,,
1.7854512300000351,0.00444066717318492,0.04504394595278427,0.0,0.0,0.0046099999999999995,4.0,0.18999999999999995,0.0049918273580260575,0.05303522362373769,0.005235247954260558,2.3414281429268158e-06,1.6746919868637633e-06,15483.118499999999,1.0,15459.498550781249,2.6305898801864956e-05,33.292289962389425,1920.0,1.0,,324,,,,,,,,
1.7181552109996119,0.0018271070584887639,0.027343750116415322,0.0,0.0,0.004562500000000001,4.0,0.1875,-0.0033182300976477563,0.05106144049204886,-0.003086289478233084,2.4312009259119804e-06,1.5674343885052622e-06,15483.118499999999,1.0,15460.956300781249,2.6305898801864956e-05,18.09364004852055,1920.0,1.0,,325,,,,,,,,
1.721841263999977,0.005175652680918574,0.050537109782453626,0.0,0.0,0.004515000000000002,4.0,0.18500000000000005,-0.0023591015196871012,0.053674448980018497,-0.0021181738702580333,3.4807446525064734e-06,2.1306240256535602e-06,15483.118499999999,1.0,15449.043335937498,2.6305898801864956e-05,53.60761045713792,1920.0,1.0,,326,,,,,,,,
1.6942008400001214,0.002652559858688619,0.044311523670330644,0.0,0.0,0.004467500000000001,4.0,0.1825,-0.00041821811282716226,0.05423849169164896,-0.00017680414021015167,1.7168315906701537e-06,1.450315473050523e-06,15483.118499999999,1.0,15458.813933593749,2.6305898801864956e-05,19.38456059429967,1920.0,1.0,,327,,,,,,,,
1.6998687290001726,0.0033544693360454403,0.03776041674427688,0.0,0.0,0.004420000000000002,4.0,0.18000000000000005,-0.003294075431767851,0.053218443877995014,-0.0030599927704315633,2.4075403217693747e-06,1.8042461960021683e-06,15483.118499999999,1.0,15456.491953124998,2.6305898801864956e-05,29.147762219894265,1920.0,1.0,,328,,,,,,,,
1.6977771060001032,0.003269248853030149,0.03926595067605376,0.0,0.0,0.004372500000000001,4.0,0.1775,0.0003082099719904363,0.050906214863061905,0.0005298444302752614,1.9914007864940686e-06,1.5094433081230818e-06,15483.118499999999,1.0,15460.1713203125,2.6305898801864956e-05,20.894954235014225,1920.0,1.0,,329,,,,,,,,
1.7656510759998127,0.002783029995043762,0.030761718982830644,0.0,0.0,0.0043250000000000025,4.0,0.17500000000000004,-0.0006168581321617239,0.05467972462065518,-0.000381487887352705,2.6263305983320606e-06,1.714527904539409e-06,15481.294499999998,1.0,15452.18641015625,2.6305898801864956e-05,34.59175543463433,1920.0,1.0,,330,,,,,,,,
1.7279856959999051,0.003234439782318077,0.03125000027648639,0.0,0.0,0.0042775,4.0,0.1725,-0.0010989832517225295,0.05741069233044982,-0.0008542147115804255,1.3830593275088177e-06,1.3346480400855398e-06,15483.118499999999,1.0,15465.899609375,2.6305898801864956e-05,16.053396380679935,1920.0,1.0,,331,,,,,,,,
1.7498324480002339,0.0020813075752812438,0.017415364738553762,0.0,0.0,0.004230000000000001,4.0,0.17000000000000004,-0.0012678301718551666,0.05900687840767205,-0.0010191482433583587,1.6962961097988227e-06,1.4949506734751594e-06,15483.118499999999,1.0,15460.32920703125,2.6305898801864956e-05,29.36201046548593,1920.0,1.0,,332,,,,,,,,
1.5869083340003272,0.012382120379091551,0.06439887220039964,0.0,1.0,0.004182500000000002,3.0,0.16749999999999998,-0.005729266578176369,0.05975417513400316,-0.005484000508052607,9.914476322592236e-06,7.328109631998814e-06,15481.294499999998,1.0,15381.6693984375,2.6305898801864956e-05,135.69485546275519,1920.0,1.0,,333,,,,,,,,
1.721723708999889,0.0032294751217705198,0.030192057602107525,0.0,0.0,0.004135,4.0,0.16500000000000004,-0.0032880027720239013,0.05946027347818017,-0.0030473101360257715,9.192363108923018e-06,8.512314082054218e-06,15483.118499999999,1.0,15435.698902343749,2.6305898801864956e-05,142.37810978943392,1920.0,1.0,,334,,,,,,,,
1.7503332850001243,0.0018859790652641095,0.02624511752219405,0.0,0.0,0.004087500000000001,4.0,0.16249999999999998,0.000961199781158939,0.058297495590522885,0.001198683719849214,1.3083773922062392e-06,1.3515316865664317e-06,15483.118499999999,1.0,15466.544417968751,2.6305898801864956e-05,16.048783884640095,1920.0,1.0,,335,,,,,,,,
1.6990566819999913,0.002845013434125576,0.02746582037070766,0.0,0.0,0.004040000000000002,4.0,0.16000000000000003,0.000533188896952197,0.060370261548087,0.0007757818675599992,2.9271379986539614e-06,2.01900192564608e-06,15483.118499999999,1.0,15437.551351562499,2.6305898801864956e-05,48.20289489231393,1920.0,1.0,,336,,,,,,,,
1.6997711940002773,0.0037343197618611157,0.030029297107830644,0.0,0.0,0.0039924999999999995,4.0,0.15749999999999997,0.00036199105670675635,0.056911194464191794,0.0005877609655726701,3.3658435398820075e-06,2.2221718438686366e-06,15483.118499999999,1.0,15429.9903984375,2.6305898801864956e-05,57.71124995720089,1920.0,1.0,,337,,,,,,,,
1.7258511009999893,0.003431788645684719,0.040039062732830644,0.0,0.0,0.003945000000000001,4.0,0.15500000000000003,-0.0008308127071359195,0.05725543946027756,-0.0006058353077378342,1.6114897363195269e-06,1.4662828178302334e-06,15481.294499999998,1.0,15456.83262109375,2.6305898801864956e-05,28.07069324665214,1920.0,1.0,,338,,,,,,,,
1.7370605729997806,0.0032639148048474453,0.04602050827816129,0.0,0.0,0.0038975000000000017,4.0,0.15249999999999997,-0.002782607942208415,0.054496100172400475,-0.0025711588459671475,1.6594287544080544e-06,1.5678165041776992e-06,15483.118499999999,1.0,15457.46291796875,2.6305898801864956e-05,33.704993369169365,1920.0,1.0,,339,,,,,,,,
1.7561558420002257,0.0016352924303646432,0.01708984383731149,0.0,0.0,0.0038500000000000027,4.0,0.15000000000000002,-0.000905480956134852,0.05742236343212426,-0.0006892640667501837,7.473050288808736e-06,8.224290198199924e-06,15483.118499999999,1.0,15445.462292968748,2.6305898801864956e-05,138.50946004786488,1920.0,1.0,,340,15498.854500000001,15481.294499999998,15465.77175,70000042,15449.15968333333,best_of_k,15481.294499999998,27.274581235094125
1.821583412000109,0.0039206151850521564,0.042195638292469084,0.0,0.0,0.0038025000000000003,4.0,0.14749999999999996,0.0010844853532034904,0.05304123507812619,0.0012852524523623288,1.4089997009136823e-06,1.561271396610664e-06,15483.118499999999,1.0,15453.620656250001,2.6305898801864956e-05,22.527416849890443,1920.0,1.0,,341,,,,,,,,
1.7095621990001746,0.002608157788927201,0.034749349288176745,0.0,0.0,0.0037550000000000014,4.0,0.14500000000000002,0.00191963496763492,0.05458720191381872,0.0021239118359517306,9.184686220464755e-07,1.2116198035982961e-06,15485.2545,1.0,15460.929347656249,2.6305898801864956e-05,13.737430408904661,1920.0,1.0,,342,,,,,,,,
1.718537483000091,0.0020944616771885194,0.025390625320142135,0.0,0.0,0.003707499999999999,4.0,0.14249999999999996,-5.259262979961932e-05,0.05815148213878274,0.00016223659622482955,9.97923976342463e-07,1.3351744598821824e-06,15485.2545,1.0,15456.289722656249,2.6305898801864956e-05,22.684247239236154,1920.0,1.0,,343,,,,,,,,
1.7449705889998768,0.005108263016154524,0.032633463852107525,0.0,0.0,0.00366,4.0,0.14,-0.0009401556453667581,0.05452962452545762,-0.0007424405193887651,2.794611930312385e-06,3.1665634878663695e-06,15483.118499999999,1.0,15431.984613281249,2.6305898801864956e-05,54.98196515573649,1920.0,1.0,,344,,,,,,,,
1.738682248999794,0.00351004560070578,0.05204264377243817,0.0,0.0,0.003612500000000001,4.0,0.13749999999999996,-0.004291595803806558,0.06344346818514168,-0.004063343541929498,1.347324776190817e-06,1.6043681725363967e-06,15483.118499999999,1.0,15454.2631171875,2.6305898801864956e-05,19.245827705207468,1920.0,1.0,,345,,,,,,,,
1.7452104660001169,0.0030649652835563757,0.039794922224245965,0.0,0.0,0.003565000000000002,4.0,0.135,-0.0013871420524083078,0.05675310920923948,-0.001185645000077784,1.2359552101770532e-06,1.4074679270947854e-06,15483.118499999999,1.0,15461.243730468748,2.6305898801864956e-05,20.559345292685478,1920.0,1.0,,346,,,,,,,,
1.6966842070000894,0.002160247473511845,0.028401693096384406,0.0,0.0,0.0035175,4.0,0.13249999999999995,-0.0005076912784716114,0.05702575552277267,-0.0003080313326790929,1.6136486138407236e-06,1.532716858321237e-06,15483.118499999999,1.0,15458.84891796875,2.6305898801864956e-05,33.64306683189828,1920.0,1.0,,347,,,,,,,,
1.7056320159999814,0.001295714231673628,0.01338704430963844,0.0,0.0,0.003470000000000001,4.0,0.13,0.0008735764658922562,0.05656605144031346,0.0010690422304833191,1.3767693900490485e-06,1.361045249836934e-06,15481.294499999998,1.0,15460.215082031249,2.6305898801864956e-05,23.33446403462728,1920.0,1.0,,348,,,,,,,,
1.7060156840002492,0.0012338018932496198,0.01688639330677688,0.0,0.0,0.0034224999999999985,4.0,0.12749999999999995,-0.0007210215262603015,0.05809748359024525,-0.0005230617243796587,1.3906224936022227e-06,1.4820640927837303e-06,15483.118499999999,1.0,15461.39583984375,2.6305898801864956e-05,33.139870891979214,1920.0,1.0,,349,,,,,,,,
1.7455041380003422,0.001279670832445845,0.016682942979969084,0.0,0.0,0.0033749999999999995,4.0,0.125,0.0006308968877419829,0.05870019271969795,0.000827948038931936,2.148168910309778e-06,1.6947659418065086e-06,15485.2545,1.0,15451.74465234375,2.6305898801864956e-05,34.36454676753803,1920.0,1.0,,350,,,,,,,,
1.6804048700000749,0.0013903595827287063,0.020222981795086525,0.0,0.0,0.0033275000000000006,4.0,0.12250000000000005,-0.0013013214338570833,0.058997474145144224,-0.0011057692463509738,1.2237563353778569e-06,1.279860363467833e-06,15485.2545,1.0,15461.501164062498,2.6305898801864956e-05,17.31161364931091,1920.0,1.0,,351,,,,,,,,
1.7657063100000414,0.0022023664459993597,0.022542317863553762,0.0,0.0,0.0032800000000000017,4.0,0.12,-0.0009567700908519328,0.05657689622603357,-0.0007722043374087662,2.0035736270074267e-06,1.6126582451647664e-06,15485.2545,1.0,15453.6550703125,2.6305898801864956e-05,33.772975409702255,1920.0,1.0,,352,,,,,,,,
1.7256948920003197,0.000634861509752227,0.007568359433207661,0.0,0.0,0.0032325000000000027,4.0,0.11750000000000005,-0.0010434235009597614,0.060069076251238585,-0.0008500558615196496,1.3930907982739882e-06,1.3329376145065908e-06,15483.118499999999,1.0,15461.221804687499,2.6305898801864956e-05,17.338930723257327,1920.0,1.0,,353,,,,,,,,
1.7583833779999622,0.002770772309304448,0.04064941452816129,0.0,0.0,0.0031850000000000003,4.0,0.11499999999999999,-0.003280726887169294,0.060624558944255114,-0.0030888311157468706,2.312770604362413e-06,1.9238265096532814e-06,15483.118499999999,1.0,15448.4516796875,2.6305898801864956e-05,45.69386305120114,1920.0,1.0,,354,,,,,,,,
1.7058101779998651,0.005162328816368245,0.036865234695142135,0.0,0.0,0.0031375000000000014,4.0,0.11250000000000004,-0.0017794546292861924,0.060078865848481655,-0.0015919999568723142,2.0250675021316056e-06,1.6815957621929556e-06,15483.118499999999,1.0,15446.694972656249,2.6305898801864956e-05,38.601966739006656,1920.0,1.0,,355,,,,,,,,
1.746131491000142,0.0007682519499212503,0.010172526162932627,0.0,0.0,0.003089999999999999,4.0,0.10999999999999999,0.0030831303156446666,0.06190665625035763,0.003273641923442483,1.340909584257588e-06,1.2921889549488697e-06,15483.118499999999,1.0,15457.6444375,2.6305898801864956e-05,16.418195475207103,1920.0,1.0,,356,,,,,,,,
1.7376572959997247,0.0014569229151675245,0.021321614738553762,0.0,0.0,0.0030425,4.0,0.10750000000000004,-0.0017853334575193003,0.06030411645770073,-0.0016027371166273952,1.3413265733674962e-06,1.490609989218683e-06,15483.118499999999,1.0,15452.902824218749,2.6305898801864956e-05,24.60030576381536,1920.0,1.0,,357,,,,,,,,
1.8564008859998467,0.001658238616073504,0.025838216417469084,0.0,0.0,0.002995000000000001,4.0,0.10499999999999998,-0.005315928050549701,0.059762886026874185,-0.00513778132153675,1.3895186299350826e-06,1.4090876661043694e-06,15478.446499999998,1.0,15454.34415234375,2.6305898801864956e-05,20.70633705033865,1920.0,1.0,,358,,,,,,,,
1.7311585319998812,0.0020991557153138274,0.029866536613553762,0.0,0.0,0.002947500000000002,4.0,0.10250000000000004,0.0004049629205837846,0.058662863448262215,0.0005770201678387821,1.48832980073621e-06,1.406371112011584e-06,15485.2545,1.0,15458.860445312499,2.6305898801864956e-05,27.654740744922663,1920.0,1.0,,359,,,,,,,,
1.719953042999805,0.001574883601278998,0.025268554920330644,0.0,0.0,0.0029,4.0,0.09999999999999998,-0.002642290259245783,0.05839928379282355,-0.002474093984346837,2.3675797535815946e-06,1.8498274414469051e-06,15483.118499999999,1.0,15458.134492187499,2.6305898801864956e-05,48.35795054359994,1920.0,1.0,,360,15498.854500000001,15483.430499999999,15470.7825,70000042,15458.453166666668,best_of_k,15483.430499999999,15.744760677938498
1.8006437880003432,0.0023462468843717943,0.02823893264576327,0.0,0.0,0.002852500000000001,4.0,0.09750000000000003,-0.0029993379139341414,0.057574690552428365,-0.0028362052980810404,1.8337216260988498e-06,1.8316408869623046e-06,15483.430499999999,1.0,15455.695945312498,2.6305898801864956e-05,37.90599115179719,1920.0,1.0,,361,,,,,,,,
1.7562719729999117,0.0017216264459420927,0.024658203299622983,0.0,0.0,0.002805000000000002,4.0,0.09499999999999997,0.004673740651924163,0.05831262934952974,0.004836504172999412,1.4349875172570137e-06,1.3199447437273193e-06,15483.118499999999,1.0,15464.3151953125,2.6305898801864956e-05,17.99360769994465,1920.0,1.0,,362,,,,,,,,
1.793305231999966,0.001896493267850019,0.022583008016226813,0.0,0.0,0.002757500000000003,4.0,0.09250000000000003,-0.00029495847411453724,0.05836085323244333,-0.00013477506581693888,1.0900920699441485e-06,1.2731219953820982e-06,15483.118499999999,1.0,15462.00825390625,2.6305898801864956e-05,18.094127911505357,1920.0,1.0,,363,,,,,,,,
1.7282848290001311,0.0028614089023903944,0.024902343866415322,0.0,0.0,0.0027100000000000006,4.0,0.08999999999999997,-0.0012515629641711712,0.05662120319902897,-0.001098944223485887,1.5427813480073382e-06,1.3411202317570314e-06,15485.2545,1.0,15464.377921874999,2.6305898801864956e-05,25.100269039693536,1920.0,1.0,,364,,,,,,,,
1.7055291209999268,0.001463176784454845,0.01847330736927688,0.0,0.0,0.0026625000000000017,4.0,0.08750000000000002,-0.0033086997354985215,0.057120290119200945,-0.0031573213054798543,1.1503588837058487e-06,1.1792809289090656e-06,15483.118499999999,1.0,15467.7750859375,2.6305898801864956e-05,13.875668210698846,1920.0,1.0,,365,,,,,,,,
1.7425559399998747,0.0014516136070596986,0.023193359840661287,0.0,0.0,0.0026149999999999993,4.0,0.08499999999999996,-0.0022980320500209928,0.0561864806804806,-0.0021519347210414708,1.4457039014814654e-06,1.3710775519371055e-06,15483.118499999999,1.0,15463.71298046875,2.6305898801864956e-05,24.379117175653942,1920.0,1.0,,366,,,,,,,,
1.7218326780002826,0.0010995652028213954,0.014811197994276881,0.0,0.0,0.0025675000000000003,4.0,0.08250000000000002,-0.0015164731885306537,0.057062896667048335,-0.0013707755133509636,1.3137025476339659e-06,1.3595352967854524e-06,15483.118499999999,1.0,15463.31929296875,2.6305898801864956e-05,28.701312423394594,1920.0,1.0,,367,,,,,,,,
1.7053112859998691,0.0005922969758103136,0.00679524740553461,0.0,0.0,0.0025200000000000014,4.0,0.07999999999999996,0.0014964539295760915,0.0597867586184293,0.001646329736104235,1.3099099831492822e-06,1.3116619754782732e-06,15483.118499999999,1.0,15463.3789609375,2.6305898801864956e-05,27.083856260075816,1920.0,1.0,,368,,,,,,,,
1.8559053160001895,0.0011925207618332934,0.01615397159184795,0.0,0.0,0.0024725000000000025,4.0,0.07750000000000001,-0.0010480919418114354,0.057595264399424195,-0.0009065700578503311,1.8361538280942113e-06,1.3982227926589985e-06,15483.118499999999,1.0,15460.8324765625,2.6305898801864956e-05,25.381225270384867,1920.0,1.0,,369,,,,,,,,
1.721554427999763,0.0021362053739721887,0.021077474113553762,0.0,0.0,0.002425,4.0,0.07499999999999996,-0.0032634239905746654,0.05381568847224116,-0.0031338592525571585,1.7497482360795402e-06,1.5275794709168622e-06,15483.118499999999,1.0,15456.882726562499,2.6305898801864956e-05,34.90434545231477,1920.0,1.0,,370,,,,,,,,
1.7427442440002778,0.0017448669823352247,0.027018229535315186,0.0,0.0,0.002377500000000001,4.0,0.07250000000000001,-0.0029837938636774197,0.05241239024326205,-0.002860062988474965,1.4981094267341177e-06,1.4588237462476172e-06,15483.118499999999,1.0,15461.037164062498,2.6305898801864956e-05,33.54772196623006,1920.0,1.0,,371,,,,,,,,
1.7415414049996798,0.0011253901739110006,0.01692708337213844,0.0,0.0,0.0023299999999999987,4.0,0.06999999999999995,-0.0015984808560460806,0.05565961264073849,-0.0014694803685415536,1.0682640478876237e-06,1.1581029468743509e-06,15485.2545,1.0,15467.81653515625,2.6305898801864956e-05,12.852869222995094,1920.0,1.0,,372,,,,,,,,
1.7280183699999725,0.0021019173291279003,0.028279622478294186,0.0,0.0,0.0022825,4.0,0.0675,0.0016973853198578581,0.054456757148727775,0.0018207282992079854,1.3312062421277915e-06,1.6423777111640447e-06,15485.2545,1.0,15463.541886718747,2.6305898801864956e-05,28.689377526657236,1920.0,1.0,,373,,,,,,,,
1.7573935069999607,0.001089160184164939,0.01774088543606922,0.0,0.0,0.002235000000000001,4.0,0.06499999999999995,-0.0015144244825933129,0.051068570697680116,-0.0014009868900757283,1.015507148593997e-06,1.1997009607966902e-06,15483.118499999999,1.0,15469.24770703125,2.6305898801864956e-05,13.39703739977344,1920.0,1.0,,374,,,,,,,,
1.7417205310002828,0.0007251203096529935,0.011922200617846102,0.0,0.0,0.002187500000000002,4.0,0.0625,-0.001483459840528667,0.05185386631637812,-0.001370861369650811,1.2459841087775203e-06,1.4149750882097578e-06,15485.2545,1.0,15466.813261718751,2.6305898801864956e-05,29.134559157261176,1920.0,1.0,,375,,,,,,,,
1.7093930120004188,0.0027642799614113756,0.031616211170330644,0.0,0.0,0.002140000000000003,4.0,0.06000000000000005,-0.004892769931757357,0.0521896886639297,-0.0047819083265494555,1.2058337546250186e-06,1.4069935829752467e-06,15485.2545,1.0,15467.60726171875,2.6305898801864956e-05,22.965593374477887,1920.0,1.0,,376,,,,,,,,
1.7159398660000988,0.0013299224410729948,0.017171224113553762,0.0,0.0,0.0020925000000000006,4.0,0.057499999999999996,-0.0017204874893650413,0.049302527913823724,-0.0016182772524189204,1.6337512889208483e-06,1.5856115354040412e-06,15483.118499999999,1.0,15463.302941406248,2.6305898801864956e-05,31.336741316658237,1920.0,1.0,,377,,,,,,,,
1.7171075450000899,0.0016792569440440275,0.025716146104969084,0.0,0.0,0.0020450000000000017,4.0,0.05500000000000005,0.0033370111195836216,0.04975861427374184,0.003438068291870877,1.0530680576437135e-06,1.1854239687636436e-06,15485.2545,1.0,15465.386765625,2.6305898801864956e-05,19.67011409070999,1920.0,1.0,,378,,,,,,,,
1.7108549030003815,0.0026688282137001806,0.039184570545330644,0.0,0.0,0.0019974999999999993,4.0,0.05249999999999999,-0.0045514531375374645,0.049150359351187944,-0.004454346606507897,2.0153919493282046e-06,1.7386286401688267e-06,15483.118499999999,1.0,15461.479863281249,2.6305898801864956e-05,46.19066307984452,1920.0,1.0,,379,,,,,,,,
1.711083097000028,0.0006054539680917514,0.00687662762356922,0.0,0.0,0.0019500000000000003,4.0,0.050000000000000044,0.002523419391764037,0.04982813633978367,0.002619913168018684,1.1025940125364286e-06,1.1208273065221874e-06,15485.2545,1.0,15471.897464843747,2.6305898801864956e-05,8.334848684381368,1920.0,1.0,,380,15498.854500000001,15485.2545,15476.1665,70000042,15467.579933333333,best_of_k,15485.2545,23.198790561501355
1.8055718760001582,0.0015918217795842793,0.028035481926053762,0.0,0.0,0.0019025000000000014,4.0,0.04749999999999999,-0.003466967245003616,0.04964664625003934,-0.003373138800725428,8.851839901069525e-07,1.0705862791837717e-06,15485.2545,1.0,15470.5914453125,2.6305898801864956e-05,8.348897982044177,1920.0,1.0,,381,,,,,,,,
1.6886501359999784,0.0008125104677674244,0.012898763117846102,0.0,0.0,0.0018550000000000025,4.0,0.04500000000000004,-0.0007166835093812551,0.05008994834497571,-0.0006244342075660825,1.030805499624421e-06,1.1287808092674823e-06,15483.118499999999,1.0,15472.05041015625,2.6305898801864956e-05,9.82545760944943,1920.0,1.0,,382,,,,,,,,
1.7417907399999422,0.0022715478917234577,0.03324381564743817,0.0,0.0,0.0018075,4.0,0.04249999999999998,0.0008125077583827078,0.05081130028702319,0.0009035163966473192,1.3618044789609485e-06,1.3927148714287796e-06,15485.2545,1.0,15470.89930078125,2.6305898801864956e-05,27.502885259585096,1920.0,1.0,,383,,,,,,,,
1.736772702000053,0.003185231256793486,0.03401692723855376,0.0,0.0,0.0017600000000000011,4.0,0.040000000000000036,-0.0026704859046731144,0.04898985568434,-0.0025851262762444094,1.6236153044246748e-06,1.4005706887587621e-06,15483.118499999999,1.0,15468.97217578125,2.6305898801864956e-05,32.40104176926638,1920.0,1.0,,384,,,,,,,,
1.8605808019997312,0.0016005455690901726,0.026611328357830644,0.0,0.0,0.0017124999999999987,4.0,0.03749999999999998,-0.006380322098266333,0.05254479660652578,-0.006291009834967554,9.736249495517768e-07,1.148050266408518e-06,15485.2545,1.0,15469.71448828125,2.6305898801864956e-05,13.456460776800155,1920.0,1.0,,385,,,,,,,,
1.7456450069998937,0.0008499192579165538,0.008870442790794186,0.0,0.0,0.0016649999999999998,4.0,0.03500000000000003,6.90619635861367e-05,0.05222136643715203,0.00015514029655605555,1.6297641991513956e-06,1.4139515798206048e-06,15483.118499999999,1.0,15463.94994921875,2.6305898801864956e-05,33.91413296580961,1920.0,1.0,,386,,,,,,,,
1.762309727000229,0.001585919118952006,0.021402994956588373,0.0,0.0,0.0016175000000000009,4.0,0.03249999999999997,-0.0015829034982743906,0.05062580853700638,-0.0015017141122370958,1.3058350347705527e-06,1.1343510664119094e-06,15485.2545,1.0,15472.47682421875,2.6305898801864956e-05,8.131650388955661,1920.0,1.0,,387,,,,,,,,
1.7083973209996657,0.0023928722494019894,0.03417968796566129,0.0,0.0,0.001570000000000002,4.0,0.030000000000000027,-0.0006783035350963473,0.054959101136773825,-0.0005929993349127471,2.068347050965258e-06,1.5502054040439361e-06,15483.118499999999,1.0,15464.434558593748,2.6305898801864956e-05,33.22356897009739,1920.0,1.0,,388,,,,,,,,
1.7354797230000258,0.0009170507705675846,0.013264974055346102,0.0,0.0,0.0015224999999999995,4.0,0.02749999999999997,-0.0011718838850356406,0.05291817104443908,-0.0010926276445388794,3.1497502135380273e-06,1.9924151075656482e-06,15483.118499999999,1.0,15455.625238281249,2.6305898801864956e-05,53.20763728758658,1920.0,1.0,,389,,,,,,,,
1.7009922920001372,0.0015113239278434776,0.017537435021949932,0.0,0.0,0.0014750000000000006,4.0,0.025000000000000022,0.001331325329374522,0.05378960748203099,0.0014099577674642205,1.218157372306905e-06,1.1704615801022555e-06,15485.2545,1.0,15469.052097656251,2.6305898801864956e-05,9.632062058929197,1920.0,1.0,,390,,,,,,,,
1.766437784000118,0.0034839594081859104,0.0360514324856922,0.0,0.0,0.0014275000000000017,4.0,0.022499999999999964,0.0009908343781717122,0.05168215208686888,0.0010632402845658362,2.852247476425873e-06,2.1696579892704904e-06,15483.118499999999,1.0,15453.9724296875,2.6305898801864956e-05,59.08867882612474,1920.0,1.0,,391,,,,,,,,
1.7750109080002403,0.0008837836339807836,0.014648437645519152,0.0,0.0,0.0013800000000000028,4.0,0.020000000000000018,0.00017911780560098123,0.051369679160416126,0.00024911845684982836,1.6942792271379403e-06,1.4405255797100835e-06,15483.118499999999,1.0,15465.10203125,2.6305898801864956e-05,28.711125813549145,1920.0,1.0,,392,,,,,,,,
1.7347108760000083,0.001443277044018032,0.0137939453125,0.0,0.0,0.0013325000000000004,4.0,0.01749999999999996,0.0022199791274033487,0.0489566836040467,0.0022843043552711606,1.6369079673950182e-06,1.4922198161571032e-06,15485.2545,1.0,15464.782390624998,2.6305898801864956e-05,37.89036899449281,1920.0,1.0,,393,,,,,,,,
1.7303599189999659,0.0013350468907447066,0.018391927194898017,0.0,0.0,0.0012850000000000014,4.0,0.015000000000000013,-0.0016424877539975569,0.04998849518597126,-0.0015790440374985337,1.5449406873813132e-06,1.2735191958768155e-06,15485.2545,1.0,15465.726124999997,2.6305898801864956e-05,20.22976978496642,1920.0,1.0,,394,,,,,,,,
1.7170606169997882,0.0017414234074522028,0.024210612173192203,0.0,0.0,0.001237499999999999,4.0,0.012499999999999956,-0.00045737865730188787,0.04886663588695228,-0.00039801420643925667,2.588120622704082e-06,1.6990031355135216e-06,15483.118499999999,1.0,15463.088687499998,2.6305898801864956e-05,42.36633613792829,1920.0,1.0,,395,,,,,,,,
1.7142131519999566,0.000487844088638667,0.005777994796517305,0.0,0.0,0.00119,4.0,0.010000000000000009,-0.0012521262469817884,0.049066274194046855,-0.0011944446159759536,1.3686553614888908e-06,1.1409625173541826e-06,15485.2545,1.0,15469.78409765625,2.6305898801864956e-05,11.97969286802242,1920.0,1.0,,396,,,,,,,,
1.752087317999667,0.0010629114707398912,0.015828450603294186,0.0,0.0,0.0011425000000000012,4.0,0.007499999999999951,-0.0009029812717926688,0.05002534529194236,-0.0008465192513540387,1.105827415415206e-06,1.1631179930304825e-06,15485.2545,1.0,15469.36749609375,2.6305898801864956e-05,14.58581569428875,1920.0,1.0,,397,,,,,,,,
1.7623624170000767,0.0018655015064723557,0.02091471361927688,0.0,0.0,0.0010950000000000022,4.0,0.0050000000000000044,-0.0018840735428966582,0.048410997493192554,-0.0018321845709579065,2.227780115049427e-06,1.7962365745916031e-06,15485.2545,1.0,15461.6319453125,2.6305898801864956e-05,35.33458666637737,1920.0,1.0,,398,,,,,,,,
1.701118198000131,0.0004546020754787605,0.004435221359017305,0.0,0.0,0.0010474999999999998,4.0,0.0024999999999999467,0.0021056821278762072,0.050716395024210215,0.002156010246835649,4.559127461334356e-06,4.683601559918316e-06,15485.2545,1.0,15455.814359375001,2.6305898801864956e-05,103.45438991331244,1920.0,1.0,,399,,,,,,,,
1.7241415039998174,0.0015686751091834594,0.01888020837213844,0.0,0.0,0.0010000000000000009,4.0,0.0,0.0011044440907426178,0.050942476373165846,0.0011545935994945467,1.5052594122266783e-06,1.2845159460539435e-06,15483.118499999999,1.0,15470.09158203125,2.6305898801864956e-05,15.663215514760255,1920.0,1.0,,400,15498.854500000001,15485.2545,15476.1665,70000042,15460.587508333332,best_of_k,15485.2545,51.30326007434796
