elapsed_seconds,optimization_approximate_kl,optimization_clip_fraction,optimization_count_loss,optimization_early_kl_stop,optimization_entropy_coefficient,optimization_epochs_completed,optimization_learning_rate_fraction,optimization_loss,optimization_normalized_entropy,optimization_policy_loss,optimization_q_loss,optimization_value_loss,rollout_best_objective,rollout_feasible_rate,rollout_mean_objective,rollout_reward_scale,rollout_std_objective,rollout_transitions,rollout_vectorized_rollouts,self_imitation_loss,update,validation_archive_best_objective,validation_best_of_k_objective,validation_deterministic_objective,validation_fixed_validation_seed,validation_mean_stochastic_objective,validation_selection_metric,validation_selection_objective,validation_std_stochastic_objective
6.193884133000211,0.004975410731276497,0.07014974028182526,0.0,0.0,0.0199525,4.0,0.9975,-0.021589301177300513,0.7789861982067426,-0.008534482525040707,0.0011865346605191007,0.004738500448183913,48941.536,1.0,35558.952625000005,9.061721286644806e-07,5550.851988604642,2880.0,1.0,,1,48941.536,48033.956,60149.792,70000042,36524.244133333326,best_of_k,48033.956,6239.43755130348
3.79491944900019,0.004075836828026998,0.060725911830862365,0.0,0.0,0.019905,4.0,0.995,-0.022377505044763286,0.7741128777464231,-0.007115599000826478,0.00012456405571962628,0.0002687089425611096,51922.432,1.0,37344.295874999996,9.061721286644806e-07,5990.82899138796,2880.0,1.0,,2,,,,,,,,
5.142572093999661,0.004775304145975194,0.08294270855064194,0.0,0.0,0.0198575,4.0,0.9925,-0.021584091106584918,0.772611677646637,-0.006271172673829521,6.485072556946155e-05,4.546466925603454e-05,60664.588,1.0,40824.29975,9.061721286644806e-07,6780.792660907531,2880.0,1.0,,3,,,,,,,,
4.548387797999567,0.006685529479000252,0.1202473967957,0.0,0.0,0.01981,4.0,0.99,-0.027698843778731923,0.7640562231341997,-0.012585537255896876,6.329466123133898e-05,3.263609369241749e-05,65705.896,1.0,44501.681312500004,9.061721286644806e-07,8657.428407253019,2880.0,1.0,,4,,,,,,,,
3.8148187909991975,0.006733740523486631,0.12236328143626451,0.0,0.0,0.0197625,4.0,0.9875,-0.026702974496098857,0.7513095041116079,-0.011870594108283209,4.665150057311015e-05,2.141656682397297e-05,69073.468,1.0,47144.000375,9.061721286644806e-07,7456.4259941423925,2880.0,1.0,,5,,,,,,,,
4.358764204000181,0.0073653717287622085,0.12892252672463655,0.0,0.0,0.019715,4.0,0.985,-0.027223803529826302,0.736872062087059,-0.012712888380823037,4.846393509675787e-05,2.3341824999079108e-05,73648.932,1.0,51650.1513125,9.061721286644806e-07,8506.092757074472,2880.0,1.0,,6,,,,,,,,
5.2001602999998795,0.007963792127460087,0.15288085987170538,0.0,0.0,0.0196675,4.0,0.9825,-0.024954726997142036,0.7213814482092857,-0.01078181255919238,4.149139749642927e-05,2.1413923150248593e-05,75318.37999999999,1.0,56732.192187500004,9.061721286644806e-07,8168.8719423097355,2880.0,1.0,,7,,,,,,,,
3.735439208000571,0.007756986771710217,0.1722819022834301,0.0,0.0,0.019620000000000002,4.0,0.98,-0.030056038677381974,0.7067547142505646,-0.016201882079864543,3.367693276838205e-05,1.8005678763681015e-05,77872.07600000002,1.0,60583.378312500005,9.061721286644806e-07,8117.721593271657,2880.0,1.0,,8,,,,,,,,
3.7408985749998465,0.008162269815026471,0.148681640625,0.0,0.0,0.0195725,4.0,0.9775,-0.0230074687084804,0.6794086545705795,-0.009723983588628471,3.6359632531457464e-05,2.1210592346202855e-05,82268.712,1.0,64944.051875000005,9.061721286644806e-07,7690.279648049088,2880.0,1.0,,9,,,,,,,,
5.706302159000188,0.005614275158829211,0.1074869791045785,0.0,0.0,0.019525,4.0,0.975,-0.024833595923458535,0.6580407147606214,-0.011996209233378371,3.088539119744382e-05,1.554055389381877e-05,84844.628,1.0,70608.139375,9.061721286644806e-07,6436.8709539647925,2880.0,1.0,,10,,,,,,,,
3.8167496420001044,0.008315179945687609,0.16402994779249033,0.0,0.0,0.019477500000000002,4.0,0.9725,-0.02657434231756876,0.6178619538744291,-0.01455148693639785,2.8908980084452196e-05,1.7319144414310966e-05,86980.92,1.0,74828.595625,9.061721286644806e-07,7153.151052967384,2880.0,1.0,,11,,,,,,,,
3.9315326890000506,0.00734809328908644,0.12626953143626451,0.0,0.0,0.01943,4.0,0.97,-0.021183408175905544,0.5930622691909472,-0.009668618983899554,2.5942672285358032e-05,1.163527319173833e-05,87788.588,1.0,77531.6055,9.061721286644806e-07,5734.53313406024,2880.0,1.0,,12,,,,,,,,
5.694218186000398,0.010860999784199521,0.21687825582921505,0.0,0.0,0.0193825,4.0,0.9675,-0.02685447403928265,0.5485919366280237,-0.016228660009801388,2.1828741485781695e-05,1.0172589744191404e-05,94648.244,1.0,82286.17925000002,9.061721286644806e-07,5551.364938702368,2880.0,1.0,,13,,,,,,,,
3.8708958749994054,0.0067550063952997634,0.11319987041254838,0.0,0.0,0.019335,4.0,0.965,-0.020296002699372668,0.5187487055857977,-0.010273964299509922,2.8311549613135867e-05,1.0273209265202846e-05,93353.39199999999,1.0,84007.9006875,9.061721286644806e-07,5017.860426522072,2880.0,1.0,,14,,,,,,,,
3.79205516500042,0.00732048335824705,0.11735026103754838,0.0,0.0,0.0192875,4.0,0.9625,-0.017024520377162844,0.4851692815621694,-0.007680833475509037,9.557897556078387e-05,8.916038571745352e-06,97073.192,1.0,85712.43762499999,9.061721286644806e-07,4825.6660706269195,2880.0,1.0,,15,,,,,,,,
4.637212323999847,0.003877593931974843,0.05590820343544086,0.0,0.0,0.01924,4.0,0.96,-0.016866231123761583,0.46431396901607513,-0.007938982356184473,2.3260703339171112e-05,7.651571631110224e-06,94210.804,1.0,88073.72425,9.061721286644806e-07,3206.134588307302,2880.0,1.0,,16,,,,,,,,
4.7005171970004085,0.006163452904729638,0.09586588634798925,0.0,0.0,0.0191925,4.0,0.9575,-0.018229811879185338,0.44227251037955284,-0.009746406072129806,1.3234643726415621e-05,7.172698758495244e-06,95665.79999999999,1.0,88777.31506250001,9.061721286644806e-07,3668.011744720001,2880.0,1.0,,17,,,,,,,,
3.752210221000496,0.006364945462943676,0.09109700502206881,0.0,0.0,0.019145,4.0,0.955,-0.019941754445123177,0.4312787428498268,-0.01168985408730805,1.0758946776453135e-05,7.710882717522812e-06,100126.98799999998,1.0,90162.332375,9.061721286644806e-07,3697.3548251955567,2880.0,1.0,,18,,,,,,,,
3.810802051999417,0.005677363505431761,0.07280273494931559,0.0,0.0,0.0190975,4.0,0.9525,-0.015512131057524433,0.4085942779978116,-0.007713774257960419,1.3879432117391843e-05,6.7689310109623575e-06,97169.256,1.0,91733.97962499999,9.061721286644806e-07,3230.1438031761613,2880.0,1.0,,19,,,,,,,,
5.803524487000686,0.004098795031798848,0.040722656374176346,0.0,0.0,0.01905,4.0,0.95,-0.011140088744771978,0.40136340881387395,-0.0035006872300679484,4.183660939816036e-05,4.775811968708392e-06,100669.452,1.0,92876.428,9.061721286644806e-07,2541.052485140654,2880.0,1.0,,20,100669.452,97251.34000000001,89378.34400000001,70000042,92459.17853333332,best_of_k,97251.34000000001,2733.6959951884414
3.7533339779993184,0.002408148377374649,0.01499023447589328,0.0,0.0,0.019002500000000002,4.0,0.9475,-0.011038418393582106,0.39678777505954105,-0.0035016322508454323,8.415376839820965e-06,4.665367631181046e-06,96986.008,1.0,92606.56668749999,9.061721286644806e-07,3026.2430558905903,2880.0,1.0,,21,,,,,,,,
4.570965419999993,0.0033911226576795648,0.03240559917564193,0.0,0.0,0.018955,4.0,0.945,-0.008850055125852426,0.37971213459968567,-0.0016555306695712109,7.574581635102125e-06,4.322992083416466e-06,97857.196,1.0,92935.77262500001,9.061721286644806e-07,2932.146771466874,2880.0,1.0,,22,,,,,,,,
4.842212806999669,0.004431234561100912,0.05745442754899462,0.0,0.0,0.0189075,4.0,0.9425,-0.009821116478027156,0.3752133212983608,-0.002729894438137611,6.8620248422727554e-06,4.876598116728322e-06,98287.20800000001,1.0,93088.1931875,9.061721286644806e-07,2955.3290575185265,2880.0,1.0,,23,,,,,,,,
3.7461516749999646,0.004715310794078202,0.06277669283250968,0.0,0.0,0.018860000000000002,4.0,0.94,-0.010270336429433277,0.3722277482350667,-0.003253392285841983,7.065905322178878e-06,5.128389943820366e-06,97703.32400000001,1.0,93375.94118750001,9.061721286644806e-07,2961.728907429467,2880.0,1.0,,24,,,,,,,,
3.826228492000155,0.00459439051822604,0.05970052117481828,0.0,0.0,0.0188125,4.0,0.9375,-0.008122211593824128,0.37547946100433666,-0.0010610311195099105,6.179161554579575e-06,3.818628584895123e-06,99223.068,1.0,94273.18987500001,9.061721286644806e-07,2569.7118207147228,2880.0,1.0,,25,,,,,,,,
5.666138448000311,0.003204001245649124,0.034716796750823654,0.0,0.0,0.018765,4.0,0.935,-0.011901653158323219,0.3703080465396245,-0.004955678479745984,1.047118111803987e-05,3.6179074622092835e-06,98735.732,1.0,94328.6525625,9.061721286644806e-07,2435.343532679618,2880.0,1.0,,26,,,,,,,,
3.6949527970000418,0.004213115670912278,0.05382486976062258,0.0,0.0,0.0187175,4.0,0.9325,-0.01053296949248761,0.3562920292218526,-0.0038667830473665767,7.3974687779809756e-06,3.939537360035199e-06,101051.576,1.0,94551.41243750001,9.061721286644806e-07,2666.027734242099,2880.0,1.0,,27,,,,,,,,
3.6680019840005116,0.0041695171312312596,0.056412760711585484,0.0,0.0,0.01867,4.0,0.9299999999999999,-0.009924825203294555,0.36049748212099075,-0.003197116816105942,9.888178434872922e-06,3.5818841392180425e-06,99929.932,1.0,95030.4178125,9.061721286644806e-07,2349.2494788790445,2880.0,1.0,,28,,,,,,,,
5.483982085000207,0.004358932358930663,0.0382324222009629,0.0,0.0,0.0186225,4.0,0.9275,-0.010689523381491503,0.36798956741889316,-0.0038391555038591227,7.676926713884313e-06,3.5013828115400734e-06,99445.82800000001,1.0,94867.935375,9.061721286644806e-07,2319.324899714486,2880.0,1.0,,29,,,,,,,,
4.034402751999551,0.001738371223230691,0.009228515749176344,0.0,0.0,0.018575,4.0,0.925,-0.00902873087519159,0.3647845226029555,-0.0022558249960032604,8.248106932266333e-06,4.283217189519443e-06,99074.692,1.0,94850.27475000001,9.061721286644806e-07,2320.811774604726,2880.0,1.0,,30,,,,,,,,
3.6638194990000557,0.0029610187630169094,0.03362630199020108,0.0,0.0,0.018527500000000002,4.0,0.9225,-0.009484439700221023,0.35908406724532443,-0.0028339170191126564,5.781529523574136e-06,3.6587600031149727e-06,101150.776,1.0,94751.459,9.061721286644806e-07,2705.9712102899384,2880.0,1.0,,31,,,,,,,,
4.586042955999801,0.0039028970883615934,0.030175781343132257,0.0,0.0,0.01848,4.0,0.92,-0.008693983885071551,0.3622038885951042,-0.0020027656379776695,6.106463824077461e-06,3.3968789997137114e-06,100022.144,1.0,95219.05868750002,9.061721286644806e-07,2655.151703995466,2880.0,1.0,,32,,,,,,,,
4.953924765999545,0.0030429361201337692,0.031396484623352684,0.0,0.0,0.0184325,4.0,0.9175,-0.008615981166561445,0.34947118411461514,-0.002176569231475393,5.563248104560141e-06,3.3192951984043853e-06,99940.40400000001,1.0,95508.69393750001,9.061721286644806e-07,2371.9913837202253,2880.0,1.0,,33,,,,,,,,
3.774845386999914,0.004594198743385884,0.055826823168899864,0.0,0.0,0.018385,4.0,0.915,-0.011151110287755728,0.35380902762214345,-0.004648580060650905,5.372172135290991e-06,3.4232141672418948e-06,99521.34800000001,1.0,95407.0743125,9.061721286644806e-07,2404.2776456798624,2880.0,1.0,,34,,,,,,,,
3.689966359000209,0.006010021718490559,0.08017578131208818,0.0,0.0,0.0183375,4.0,0.9125,-0.015182584776387861,0.3506103840967019,-0.008755511701262245,5.720297622247017e-06,3.3445115927103566e-06,101393.58800000002,1.0,95915.227375,9.061721286644806e-07,2168.8323890759993,2880.0,1.0,,35,,,,,,,,
6.091882024999904,0.0045859844782777754,0.05335286492481828,0.0,0.0,0.01829,4.0,0.91,-0.010773500155967971,0.35546522215008736,-0.00427491519076284,1.2554863398387775e-05,3.2373859066107493e-06,100786.696,1.0,96242.79125000001,9.061721286644806e-07,1934.6099605274287,2880.0,1.0,,36,,,,,,,,
3.812677103000169,0.004587155010085553,0.06590169272385538,0.0,0.0,0.018242500000000002,4.0,0.9075,-0.01201639159504945,0.3590313270688057,-0.005469187706088026,8.417854265492982e-06,3.1665627394280213e-06,100143.23599999999,1.0,95728.6035,9.061721286644806e-07,2177.257791537958,2880.0,1.0,,37,,,,,,,,
3.748018289999891,0.004620192429380647,0.04949544261520108,0.0,0.0,0.018195,4.0,0.905,-0.013233904047713926,0.36224983260035515,-0.006644834880717099,5.7589787066566105e-06,2.9806235299171626e-06,100325.62800000001,1.0,96583.6898125,9.061721286644806e-07,2557.1736856434804,2880.0,1.0,,38,,,,,,,,
5.8794450100003814,0.003212904554554067,0.0349934894281129,0.0,0.0,0.0181475,4.0,0.9025,-0.010232926055323333,0.3564852128426234,-0.0037656319327652454,5.271942721189286e-06,2.9877956914485062e-06,101827.89200000002,1.0,97296.4525,9.061721286644806e-07,2307.3918330147676,2880.0,1.0,,39,,,,,,,,
3.8523010030003206,0.003939056305777437,0.037060547076786556,0.0,0.0,0.0181,4.0,0.9,-0.008333332293356458,0.34071572745839757,-0.002168409468140453,5.204892412772703e-06,3.022955250268448e-06,101838.4,1.0,97731.0433125,9.061721286644806e-07,2523.086333048034,2880.0,1.0,,40,101838.4,101663.17599999999,100880.552,70000042,97815.85986666667,best_of_k,101663.17599999999,1854.236135776306
3.765114886000447,0.0043834313449527445,0.058268229166666664,0.0,0.0,0.0180525,4.0,0.8975,-0.01118475383069987,0.35165338466564816,-0.004839051320838432,1.1231983573149288e-05,2.79357895275704e-06,101919.57600000002,1.0,98110.79925000001,9.061721286644806e-07,2200.509741466381,2880.0,1.0,,41,,,,,,,,
5.873984772999393,0.004996428518400838,0.05279947957023978,0.0,0.0,0.018005,4.0,0.895,-0.009538840075644353,0.34153664981325466,-0.00339166444609873,1.0147142859295855e-05,2.3547415442711403e-06,103233.45999999999,1.0,98453.46225000001,9.061721286644806e-07,2092.3195693496327,2880.0,1.0,,42,,,,,,,,
3.819390325999848,0.004982016844830166,0.07464192722303171,0.0,0.0,0.0179575,4.0,0.8925,-0.009319924050942063,0.3453845741848151,-0.003119923446017007,8.686992089224077e-06,2.748978204181185e-06,102916.68400000001,1.0,98952.27675000002,9.061721286644806e-07,2209.551208811066,2880.0,1.0,,43,,,,,,,,
3.8385207960000116,0.0023802009421463786,0.024479166808305308,0.0,0.0,0.017910000000000002,4.0,0.89,-0.007368106802459806,0.3364964686334133,-0.0013431970340510209,6.1256756301493924e-06,2.259238314650247e-06,103641.75200000001,1.0,99500.75487500001,9.061721286644806e-07,2045.463791561887,2880.0,1.0,,44,,,,,,,,
5.848319499999889,0.00485066920130824,0.054052734873645626,0.0,0.0,0.0178625,4.0,0.8875,-0.006880789762362838,0.3382617545624574,-0.0008401627225490907,4.850050364287502e-06,2.176274402169535e-06,102823.9,1.0,99978.23525,9.061721286644806e-07,1662.4516306874732,2880.0,1.0,,45,,,,,,,,
4.026009112999418,0.0031682489934610203,0.023014323165019352,0.0,0.0,0.017815,4.0,0.885,-0.011413160449592397,0.3414290150006612,-0.005332073662430048,4.051282123403628e-06,2.1312767965279513e-06,103877.388,1.0,100200.72412500001,9.061721286644806e-07,1817.324260478708,2880.0,1.0,,46,,,,,,,,
3.8245034550000128,0.005196915633860044,0.08235677083333333,0.0,0.0,0.017767500000000002,4.0,0.8825000000000001,-0.011302689206786454,0.3474420780936877,-0.005131526151672006,5.332913502797965e-06,2.9607582282172493e-06,103577.44,1.0,99980.3060625,9.061721286644806e-07,1810.7984442993636,2880.0,1.0,,47,,,,,,,,
5.106504795000546,0.0023048029834171757,0.01892903648937742,0.0,0.0,0.01772,4.0,0.88,-0.00719641816491882,0.341058141241471,-0.001154490125675996,4.548549782157352e-06,2.334854826813171e-06,103647.304,1.0,100201.691375,9.061721286644806e-07,1920.8842810609676,2880.0,1.0,,48,,,,,,,,
4.671433521999461,0.005386917415307835,0.0951660160596172,0.0,0.0,0.0176725,4.0,0.8775,-0.008931537702058753,0.3357740789651871,-0.0029994057646642127,5.828247064224949e-06,2.5060932766033752e-06,103705.728,1.0,100380.41893750001,9.061721286644806e-07,2115.1198772731823,2880.0,1.0,,49,,,,,,,,
3.892206809999152,0.0033850383188109845,0.0437988283423086,0.0,0.0,0.017625000000000002,4.0,0.875,-0.014441998151596636,0.33578138550122577,-0.008525646446893612,5.118137456368761e-06,2.568155139215378e-06,104146.28800000002,1.0,100920.1864375,9.061721286644806e-07,2132.2901780389343,2880.0,1.0,,50,,,,,,,,
4.347931416999927,0.002887736220145598,0.030973307293606922,0.0,0.0,0.0175775,4.0,0.8725,-0.009980419728284081,0.33082465703288716,-0.004166531948915993,3.3714152512705673e-06,1.6902447583788671e-06,105369.26800000001,1.0,101363.34912500001,9.061721286644806e-07,1862.4463608678077,2880.0,1.0,,51,,,,,,,,
5.364499533999151,0.0020940964362428835,0.012613932291666666,0.0,0.0,0.01753,4.0,0.87,-0.006333237203458945,0.33012229080001515,-0.0005471689510159194,2.6703638885313317e-06,1.4160819906313311e-06,105403.46,1.0,101911.98125000001,9.061721286644806e-07,1512.2159829837253,2880.0,1.0,,52,,,,,,,,
3.828494445000615,0.0026949230377795175,0.027832031424622983,0.0,0.0,0.0174825,4.0,0.8674999999999999,-0.007221262436360121,0.3258698284626007,-0.0015256314460809033,3.797681652410271e-06,2.0161147015566407e-06,105277.072,1.0,102170.6929375,9.061721286644806e-07,1765.7555121696141,2880.0,1.0,,53,,,,,,,,
3.740719854999952,0.0032858878087912067,0.04482421876552204,0.0,0.0,0.017435,4.0,0.865,-0.008157399550934011,0.32239702095588046,-0.0025377928589781127,4.611265751464089e-06,1.8490590036890353e-06,104628.70400000001,1.0,101738.8938125,9.061721286644806e-07,1651.379012138479,2880.0,1.0,,54,,,,,,,,
5.786460399999669,0.00438443903355316,0.0791829430187742,0.0,0.0,0.0173875,4.0,0.8625,-0.01189010931799809,0.3164159394800663,-0.006389770365785807,4.040982323279725e-06,1.8779402305805586e-06,105280.552,1.0,102510.8410625,9.061721286644806e-07,1650.3766181463316,2880.0,1.0,,55,,,,,,,,
3.7803242789996148,0.0022209056927143442,0.028125000186264515,0.0,0.0,0.01734,4.0,0.86,-0.00770149154899021,0.3097254087527593,-0.0023322162063171468,3.436198502034434e-06,2.0393065085499984e-06,105273.36800000002,1.0,102500.513,9.061721286644806e-07,1677.1570739885992,2880.0,1.0,,56,,,,,,,,
3.742666201999782,0.002328369542131744,0.028271484343955915,0.0,0.0,0.017292500000000002,4.0,0.8575,-0.006156334653496742,0.2980403204758962,-0.0010035857558250427,3.8517241591762286e-06,1.4552518479149512e-06,105470.012,1.0,102839.3203125,9.061721286644806e-07,1526.0316507746975,2880.0,1.0,,57,,,,,,,,
5.395611218999875,0.0023645548353670165,0.017545573025320966,0.0,0.0,0.017245,4.0,0.855,-0.008593733325445404,0.293808455268542,-0.0035280502634122968,3.013648002555177e-06,1.4847469695193165e-06,106233.436,1.0,103096.00487500001,9.061721286644806e-07,1579.1459195086236,2880.0,1.0,,58,,,,,,,,
3.9082769329997973,0.003178232994590265,0.03194986982271075,0.0,0.0,0.0171975,4.0,0.8525,-0.005528571840841323,0.2914610641698043,-0.0005174388061277568,4.467758410934645e-06,1.6446608318195406e-06,105519.97600000001,1.0,103399.75062500002,9.061721286644806e-07,1152.897960136372,2880.0,1.0,,59,,,,,,,,
3.6843210639999597,0.0032097706522714966,0.04656575511520108,0.0,0.0,0.017150000000000002,4.0,0.85,-0.005234279223562528,0.28471995890140533,-0.0003528304514475167,8.027503251166005e-06,1.3919216096761982e-06,105654.56,1.0,103062.251625,9.061721286644806e-07,1377.0641907089366,2880.0,1.0,,60,106233.436,105140.12800000001,104647.08400000002,70000042,103227.06066666666,best_of_k,105140.12800000001,1223.551141500328
5.764769899000385,0.0032563693263606788,0.033447265625,0.0,0.0,0.0171025,4.0,0.8475,-0.009243064443580806,0.285682396342357,-0.00435844164652129,5.686911957051659e-06,1.3834386389059243e-06,105777.156,1.0,103281.02,9.061721286644806e-07,1502.2464994186212,2880.0,1.0,,61,,,,,,,,
3.813891994000187,0.003122277276512856,0.04178059927653521,0.0,0.0,0.017055,4.0,0.845,-0.006547242461238056,0.28298690045873326,-0.0017219107054794829,3.6833975419388785e-06,1.280842260105904e-06,105913.348,1.0,103455.11674999999,9.061721286644806e-07,1401.87730423919,2880.0,1.0,,62,,,,,,,,
3.8218412959995476,0.004162765680424248,0.06191406290357312,0.0,0.0,0.017007500000000002,4.0,0.8425,-0.009990194240041697,0.28403303027153015,-0.005160243085507925,2.5941303789522863e-06,9.6171255374126e-07,105522.58399999999,1.0,103447.52031250001,9.061721286644806e-07,1272.5769587866405,2880.0,1.0,,63,,,,,,,,
5.17344336899987,0.0024472235915406295,0.028922526088232797,0.0,0.0,0.01696,4.0,0.84,-0.007078245320978264,0.27254074563582736,-0.002456670018242827,2.0621435131336816e-06,1.020082658934977e-06,105811.672,1.0,103445.8590625,9.061721286644806e-07,1249.4517603124461,2880.0,1.0,,64,,,,,,,,
4.336824921000698,0.0025002471569071836,0.023893229255918413,0.0,0.0,0.0169125,4.0,0.8375,-0.008628918304263303,0.2681479975581169,-0.004094862408237532,3.0988240382612275e-06,1.3739978115268059e-06,106323.872,1.0,103803.8924375,9.061721286644806e-07,1200.8252836905795,2880.0,1.0,,65,,,,,,,,
3.839106299999912,0.003486033655159796,0.05947265634313226,0.0,0.0,0.016865,4.0,0.835,-0.009193422505632043,0.27030557704468566,-0.004635765838126342,3.320277793742813e-06,1.4297172346762939e-06,105783.57200000001,1.0,103620.536125,9.061721286644806e-07,1576.22818286011,2880.0,1.0,,66,,,,,,,,
4.328997062999406,0.0031089016022936753,0.03328450536355376,0.0,0.0,0.0168175,4.0,0.8325,-0.009534660920811197,0.2691379164656003,-0.005009244933413963,2.5098190169122367e-06,1.1215499261159796e-06,106658.26000000002,1.0,104038.4621875,9.061721286644806e-07,1159.3862085338374,2880.0,1.0,,67,,,,,,,,
5.067801651000082,0.003128412801743252,0.03295898481155746,0.0,0.0,0.01677,4.0,0.83,-0.007791856362018734,0.2643110541005929,-0.0033599822122217424,1.8370134805915466e-06,8.770496341033626e-07,106061.32,1.0,103900.761375,9.061721286644806e-07,1194.3584288443788,2880.0,1.0,,68,,,,,,,,
3.776515401999859,0.001764745078010795,0.019010416697710752,0.0,0.0,0.0167225,4.0,0.8275,-0.008011495820634687,0.25708531712492305,-0.003712995171857377,2.075959481355009e-06,8.023321692955202e-07,105822.47600000001,1.0,103929.87656250001,9.061721286644806e-07,1171.4025339265052,2880.0,1.0,,69,,,,,,,,
3.875485954999931,0.0026884264710436887,0.03997395847303172,0.0,0.0,0.016675000000000002,4.0,0.825,-0.0067705222754739225,0.24989434455831847,-0.0026043479601867148,2.3305309753141046e-06,1.1605381473600573e-06,105731.09199999999,1.0,104173.9045,9.061721286644806e-07,1170.7414180045246,2880.0,1.0,,70,,,,,,,,
5.819485283000176,0.0037345876577698314,0.06484375028715779,0.0,0.0,0.0166275,4.0,0.8225,-0.009060102718649432,0.24706541374325752,-0.004953174386173487,3.479769551025432e-06,1.6084625163633366e-06,105986.128,1.0,103894.10562500001,9.061721286644806e-07,1559.406201150734,2880.0,1.0,,71,,,,,,,,
3.8227504570004385,0.0029487014398910105,0.03230794296056653,0.0,0.0,0.01658,4.0,0.8200000000000001,-0.0037275915092322975,0.24340116418898106,0.0003070356712366144,5.361521317581719e-06,8.564309249929162e-07,105879.25200000001,1.0,104182.36431250001,9.061721286644806e-07,1055.000911646362,2880.0,1.0,,72,,,,,,,,
3.7620531510001456,0.003452480855533698,0.054915364957802616,0.0,0.0,0.016532500000000002,4.0,0.8175,-0.009999692517643174,0.241522171224157,-0.006007354725928356,3.092059178773828e-06,6.361860774480496e-07,105900.468,1.0,104365.1889375,9.061721286644806e-07,929.049647822371,2880.0,1.0,,73,,,,,,,,
5.578665488999832,0.003230336034903303,0.0390299479283082,0.0,0.0,0.016485,4.0,0.815,-0.007510105827047179,0.2380305758366982,-0.003586807055398822,2.8990871309512536e-06,6.914124336769115e-07,106487.796,1.0,104617.30368750001,9.061721286644806e-07,835.8470775743915,2880.0,1.0,,74,,,,,,,,
3.9039361850000205,0.001780339343288991,0.016259765640522044,0.0,0.0,0.0164375,4.0,0.8125,-0.004502238550533851,0.23450664741297564,-0.0006482044166962927,2.06087634069263e-06,9.25288221746238e-07,106183.90400000002,1.0,104455.95868750001,9.061721286644806e-07,1411.1546956921584,2880.0,1.0,,75,,,,,,,,
3.863069832000292,0.003944961422045405,0.05406901061845323,0.0,0.0,0.016390000000000002,4.0,0.81,-0.007418977979493017,0.22753919288516045,-0.0036900878961508474,1.1901626919552655e-06,7.167749795182014e-07,106214.64000000001,1.0,104579.9990625,9.061721286644806e-07,1055.1714068324986,2880.0,1.0,,76,,,,,,,,
4.799593771999753,0.0017046249043535984,0.017903645833333332,0.0,0.0,0.0163425,4.0,0.8075,-0.005639605350249137,0.22486592891315618,-0.00196522893384099,1.7542695426679227e-06,6.396670026257804e-07,106333.616,1.0,104594.2935,9.061721286644806e-07,846.9034388867789,2880.0,1.0,,77,,,,,,,,
4.814153262000218,0.0012458781605649467,0.0161621094836543,0.0,0.0,0.016295,4.0,0.8049999999999999,-0.002639670274220407,0.21712785524626574,0.0008975163800641894,2.5908135038813875e-06,1.3052423118627605e-06,106217.212,1.0,104516.40718750001,9.061721286644806e-07,974.2793465500981,2880.0,1.0,,78,,,,,,,,
3.8128406700006963,0.0029386042090967144,0.02314453145178656,0.0,0.0,0.0162475,4.0,0.8025,-0.0068491943141755956,0.2169826285292705,-0.003324729623273015,3.273487711415631e-06,1.2672775469013686e-06,106102.37600000002,1.0,104823.94331249999,9.061721286644806e-07,779.011496991076,2880.0,1.0,,79,,,,,,,,
3.9786286879998443,0.00196785387864414,0.02164713564949731,0.0,0.0,0.0162,4.0,0.8,-0.00535514250320072,0.21711929763356844,-0.0018383774246710043,2.1703389781653946e-06,7.018809687527513e-07,106567.80000000002,1.0,104648.5720625,9.061721286644806e-07,1096.0481289301338,2880.0,1.0,,80,106658.26000000002,105997.576,105773.96800000001,70000042,104421.44186666665,best_of_k,105997.576,1081.683205429629
4.018842853000024,0.003226950666430639,0.045996093889698386,0.0,0.0,0.0161525,4.0,0.7975,-0.007757143146591261,0.2134684876849254,-0.004309746902436018,2.4946265000380663e-06,8.073239309662009e-07,105862.788,1.0,104777.217875,9.061721286644806e-07,937.7523298619312,2880.0,1.0,,81,,,,,,,,
3.7307292879995657,0.0026316886445177565,0.03476562525611371,0.0,0.0,0.016105,4.0,0.795,-0.007206017345500489,0.2127358385672172,-0.0037804237799718976,2.3657565435541983e-06,5.615741519212255e-07,106025.092,1.0,104820.6093125,9.061721286644806e-07,916.4396398727124,2880.0,1.0,,82,,,,,,,,
4.869486786999914,0.0027758500315637016,0.03273111993136505,0.0,0.0,0.016057500000000002,4.0,0.7925,-0.001782041508704424,0.21481299524505934,0.001666918785000841,1.5312203013688002e-06,4.919939489885413e-07,106140.184,1.0,104926.64025,9.061721286644806e-07,668.6413974620018,2880.0,1.0,,83,,,,,,,,
4.950250801000038,0.002007781498832628,0.01486002611151586,0.0,0.0,0.01601,4.0,0.79,-0.009117319035188606,0.21414750814437866,-0.005689185170922428,9.766038597073627e-07,5.41217584526521e-07,106282.63200000001,1.0,104671.899875,9.061721286644806e-07,921.2588602227843,2880.0,1.0,,84,,,,,,,,
4.1161753889991815,0.0023277770984956683,0.018684896019597847,0.0,0.0,0.0159625,4.0,0.7875,-0.005082031711935997,0.2079072923709949,-0.0017638176990052064,1.809635494491128e-06,6.502052751026591e-07,106296.00799999999,1.0,104898.21606250001,9.061721286644806e-07,935.8747842143451,2880.0,1.0,,85,,,,,,,,
4.566241825999896,0.0026433053014140264,0.03715820337917345,0.0,0.0,0.015915,4.0,0.785,-0.00688563611280794,0.20864776894450188,-0.003565460443496704,1.1632188237816383e-06,6.751472388562737e-07,106362.492,1.0,104998.86612500002,9.061721286644806e-07,792.0873032724903,2880.0,1.0,,86,,,,,,,,
5.377399404999778,0.0024301807085673013,0.04023437504656613,0.0,0.0,0.0158675,4.0,0.7825,-0.006054677825886756,0.21185965525607267,-0.002693436215243613,1.2563826009189445e-06,6.31032539407291e-07,106471.33200000001,1.0,105050.03412499999,9.061721286644806e-07,877.8382168819528,2880.0,1.0,,87,,,,,,,,
3.9820678650003174,0.003416465420741588,0.042399088483459,0.0,0.0,0.01582,4.0,0.78,-0.005454581192073722,0.21210414295395216,-0.0020998878171667457,3.7745030757226536e-06,8.346187717241568e-07,106266.92,1.0,104892.238125,9.061721286644806e-07,964.741134347959,2880.0,1.0,,88,,,,,,,,
3.880839701999321,0.003730148627558568,0.05615234390522043,0.0,0.0,0.015772500000000002,4.0,0.7775,-0.007593892689328641,0.20924636721611023,-0.004294463045274218,4.316544879164515e-06,9.550371231625832e-07,106699.45999999999,1.0,105035.8924375,9.061721286644806e-07,936.2329146139616,2880.0,1.0,,89,,,,,,,,
5.933893526000247,0.002364024786705462,0.023144531189852085,0.0,0.0,0.015725,4.0,0.775,-0.0050561205425765365,0.20574428513646126,-0.0018216476504070063,2.282936430712349e-06,1.2552896393458468e-06,106259.88400000002,1.0,104826.33912500001,9.061721286644806e-07,1132.1885900512493,2880.0,1.0,,90,,,,,,,,
3.854506030000266,0.0015441734625104193,0.008186848989377419,0.0,0.0,0.0156775,4.0,0.7725,-0.004717383490060456,0.20397328895827135,-0.0015202405047602952,1.1492613154473474e-06,1.0669960121371484e-06,106472.74,1.0,105175.03125,9.061721286644806e-07,712.842006251692,2880.0,1.0,,91,,,,,,,,
3.9020082259994524,0.0018540086287733477,0.017041015904396772,0.0,0.0,0.01563,4.0,0.77,-0.006046518896861623,0.20306847306589285,-0.002873226796509698,2.0281511012854025e-06,9.302728874634644e-07,106437.90000000002,1.0,105088.08812500001,9.061721286644806e-07,1205.4320200179209,2880.0,1.0,,92,,,,,,,,
5.872176387999389,0.0034197918430436403,0.039388020910943546,0.0,0.0,0.015582499999999999,4.0,0.7675,-0.0038815401300477483,0.1980162144949039,-0.0007964343531057239,1.3825665519107133e-06,6.870101489179584e-07,106325.26800000001,1.0,105172.3730625,9.061721286644806e-07,760.9123751599922,2880.0,1.0,,93,,,,,,,,
3.90857908199996,0.0010469555418239906,0.008040364569751546,0.0,0.0,0.015535,4.0,0.765,-0.002727683759682501,0.19523375605543455,0.0003047046290400128,2.3684680977945996e-06,6.625076084768958e-07,106312.016,1.0,105133.42875,9.061721286644806e-07,840.0791107207922,2880.0,1.0,,94,,,,,,,,
3.8527756849998696,0.0021634978426542753,0.027425130334449932,0.0,0.0,0.015487500000000001,4.0,0.7625,-0.004572701135960718,0.1942872628569603,-0.0015641779755242169,2.110787069871852e-06,5.806251787513853e-07,105985.796,1.0,105149.02037500001,9.061721286644806e-07,533.573606254433,2880.0,1.0,,95,,,,,,,,
5.605255722000038,0.001448863762561814,0.012337239614377419,0.0,0.0,0.01544,4.0,0.76,-0.005580698964574064,0.19388923918207487,-0.0025876382909094295,1.5922636412331788e-06,8.591285597011241e-07,106457.41200000001,1.0,105284.09150000001,9.061721286644806e-07,700.323327377613,2880.0,1.0,,96,,,,,,,,
4.079743720000806,0.002201621772352761,0.02859700556534032,0.0,0.0,0.0153925,4.0,0.7575000000000001,-0.008190676608743766,0.1926555565247933,-0.005228435902002578,1.7947655474396622e-06,6.060439324310589e-06,106565.104,1.0,105202.51525,9.061721286644806e-07,786.3626415706289,2880.0,1.0,,97,,,,,,,,
3.890100794999853,0.0019704566002474166,0.01617838554860403,0.0,0.0,0.015345000000000001,4.0,0.755,-0.004396801115944982,0.19519457469383875,-0.001403886863651375,1.3680895136758409e-06,4.419457865149449e-06,106449.144,1.0,105273.93231250001,9.061721286644806e-07,704.2109793855465,2880.0,1.0,,98,,,,,,,,
4.843283590000283,0.0017182507842032162,0.01883138025489946,0.0,0.0,0.0152975,4.0,0.7525,-0.004414021144233023,0.19615450936059156,-0.0014138185894504811,1.3412957287073368e-06,6.743240774653714e-07,106256.98800000001,1.0,105087.86375,9.061721286644806e-07,786.8291457997344,2880.0,1.0,,99,,,,,,,,
4.854470805999881,0.0030711411624603593,0.04710286467646559,0.0,0.0,0.01525,4.0,0.75,-0.007097784662619233,0.19707302128275236,-0.004092984871628384,1.5695773451322264e-06,8.132334912147599e-07,106458.64800000002,1.0,105122.6331875,9.061721286644806e-07,849.1383838929557,2880.0,1.0,,100,106699.45999999999,106014.70800000001,106067.42799999999,70000042,104814.09613333334,best_of_k,106014.70800000001,1046.6399919985138
3.9501645509999435,0.0023818757035769522,0.032731119669430576,0.0,0.0,0.0152025,4.0,0.7475,-0.008291666822818419,0.19540386398633322,-0.005321494827512652,1.4881594860109242e-06,6.131467079247462e-07,106529.27200000003,1.0,105238.8020625,9.061721286644806e-07,777.5520472859042,2880.0,1.0,,101,,,,,,,,
5.954838319999908,0.0019935871047588685,0.018863932355695095,0.0,0.0,0.015155,4.0,0.745,-0.0018404214594435568,0.18945547379553318,0.0010303562642851223,1.1273606143428576e-06,6.136207915119485e-07,106493.54400000001,1.0,105459.26,9.061721286644806e-07,674.4202043659425,2880.0,1.0,,102,,,,,,,,
3.9114616990000286,0.0015915201292955317,0.01140950519281129,0.0,0.0,0.0151075,4.0,0.7424999999999999,-0.0036037491518072784,0.18851512856781483,-0.0007560375379398465,1.1790699119273995e-06,3.2452003987752204e-07,106374.604,1.0,105429.74225000001,9.061721286644806e-07,618.4993305666865,2880.0,1.0,,103,,,,,,,,
3.9850898470003813,0.0018111549919315924,0.017057291697710752,0.0,0.0,0.01506,4.0,0.74,-0.0021517552474203208,0.18900580890476704,0.0006940922467038035,3.4251488401082497e-06,4.7443691405154215e-07,106431.66000000002,1.0,105215.699625,9.061721286644806e-07,794.5840620515625,2880.0,1.0,,104,,,,,,,,
5.216947994999828,0.002779281091837523,0.045312500248352684,0.0,0.0,0.015012500000000002,4.0,0.7375,-0.006214189886425932,0.18325830809772015,-0.0034641811701779566,2.957416237829117e-06,1.7227614049393953e-06,106360.31200000002,1.0,105181.4945,9.061721286644806e-07,807.35853268034,2880.0,1.0,,105,,,,,,,,
4.517181058999995,0.0022402974573196843,0.025569661617434274,0.0,0.0,0.014965,4.0,0.735,-0.002855888116755523,0.1831269854058822,-0.00011610208700100581,2.60703615613996e-06,8.961794044637372e-07,106272.03600000001,1.0,105350.4379375,9.061721286644806e-07,578.5344643026867,2880.0,1.0,,106,,,,,,,,
3.909136127000238,0.0020346001062231758,0.01381835940022332,0.0,0.0,0.0149175,4.0,0.7324999999999999,-0.003433823847444728,0.18447928813596567,-0.0006822001305408776,1.2704152325682116e-06,4.38379990678565e-07,106606.29200000002,1.0,105360.87637499999,9.061721286644806e-07,773.0805469654252,2880.0,1.0,,107,,,,,,,,
4.595049091999499,0.0012353297885662566,0.0066080729496510076,0.0,0.0,0.014870000000000001,4.0,0.73,-0.004566325830334487,0.18094315690298876,-0.0018760027596727014,8.938551279887482e-07,4.245096623852381e-07,106720.82400000001,1.0,105414.361875,9.061721286644806e-07,717.5083613192132,2880.0,1.0,,108,,,,,,,,
5.154962394999529,0.0023506189851711192,0.03450520848855376,0.0,0.0,0.014822499999999999,4.0,0.7275,-0.005847375830247377,0.17988144357999167,-0.003182111424393952,3.4029900083017615e-06,1.37556158345357e-06,106388.79999999999,1.0,105302.84975,9.061721286644806e-07,768.6023576023795,2880.0,1.0,,109,,,,,,,,
3.8503830099998595,0.0023996546005946584,0.022623697858459007,0.0,0.0,0.014775,4.0,0.725,-0.0034050834462201842,0.17429749729732671,-0.0008391369289408127,5.566783291518125e-06,1.7484183118199326e-05,106662.92800000001,1.0,105294.24350000001,9.061721286644806e-07,925.8442263435851,2880.0,1.0,,110,,,,,,,,
3.906672348000029,0.0014127903414191678,0.010807291720993817,0.0,0.0,0.014727500000000001,4.0,0.7224999999999999,-0.004273190230984862,0.17221495447059473,-0.00173852425844719,2.1463380335262627e-06,2.8306165080020187e-06,106360.52000000002,1.0,105416.271625,9.061721286644806e-07,499.9349073368057,2880.0,1.0,,111,,,,,,,,
5.871564856000077,0.0012474107134039514,0.009863281234477958,0.0,0.0,0.01468,4.0,0.72,-0.0021748494279260435,0.17064364440739155,0.0003296578749238203,2.684371608552283e-06,5.456184482000026e-07,106675.18000000002,1.0,105394.2785625,9.061721286644806e-07,686.6513674239542,2880.0,1.0,,112,,,,,,,,
3.854352543999994,0.0020479560068148808,0.0241699220011166,0.0,0.0,0.014632500000000001,4.0,0.7175,-0.0054012253337229294,0.17356107632319132,-0.0028622402266288796,4.369049889874077e-06,4.20813629868159e-07,106529.13200000001,1.0,105403.426,9.061721286644806e-07,693.3950296065003,2880.0,1.0,,113,,,,,,,,
3.950724225000158,0.002409438558970578,0.022998047061264515,0.0,0.0,0.014585,4.0,0.7150000000000001,-0.006200991784377645,0.17243735988934836,-0.003686585482986023,3.4342563092574587e-06,4.987216115637239e-07,106600.66800000002,1.0,105213.4481875,9.061721286644806e-07,941.2532806538934,2880.0,1.0,,114,,,,,,,,
5.822071253000104,0.0011725734868074749,0.012288411613553762,0.0,0.0,0.014537500000000002,4.0,0.7125,-0.002154762342494602,0.17311348331471285,0.00036149991986652214,1.6894438417125457e-06,4.123901634992914e-07,106663.276,1.0,105395.248,9.061721286644806e-07,882.2742235813088,2880.0,1.0,,115,,,,,,,,
3.8715107629996055,0.0026950214378302917,0.046093750201786556,0.0,0.0,0.014490000000000001,4.0,0.71,-0.005810345843201503,0.17934340611100197,-0.0032119368746255836,8.781924236700434e-07,3.777492985079789e-07,106555.172,1.0,105427.67781250001,9.061721286644806e-07,721.0868041168576,2880.0,1.0,,116,,,,,,,,
3.8390235349997965,0.0013598171402312194,0.008365885451591263,0.0,0.0,0.0144425,4.0,0.7075,-0.005974515535247822,0.18079757814606032,-0.0033636579367642603,1.0724753612597244e-06,4.084296788183413e-07,106483.86400000002,1.0,105440.674125,9.061721286644806e-07,669.8542755909573,2880.0,1.0,,117,,,,,,,,
5.510395371000413,0.0023998285020449353,0.02815755216094355,0.0,0.0,0.014395000000000002,4.0,0.7050000000000001,-0.001952961601394539,0.1811960612734159,0.0006548012800825139,2.295013035317576e-06,6.493927931690754e-07,106634.71600000001,1.0,105501.7468125,9.061721286644806e-07,587.5507537203426,2880.0,1.0,,118,,,,,,,,
4.0655214010002965,0.0018538130510326785,0.01645507807067285,0.0,0.0,0.014347500000000001,4.0,0.7025,-0.004676801540578405,0.1788511003057162,-0.002111234236508608,1.836418005514891e-06,6.304482399836312e-07,106560.43200000002,1.0,105465.70075,9.061721286644806e-07,855.6955210508225,2880.0,1.0,,119,,,,,,,,
3.835353993999888,0.002005153932259418,0.020166015562911827,0.0,0.0,0.0143,4.0,0.7,-0.004200349644330951,0.17770230397582054,-0.0016600207503264148,3.1008598947816304e-06,1.0061575205592514e-06,106648.00800000003,1.0,105601.8533125,9.061721286644806e-07,698.7922598172709,2880.0,1.0,,120,106720.82400000001,106383.99600000001,105656.144,70000042,105276.14613333334,best_of_k,106383.99600000001,805.2060287455956
5.849738378000438,0.0015603450059037034,0.016145833496314783,0.0,0.0,0.014252500000000001,4.0,0.6975,-0.0023615885438630357,0.17678330031534037,0.000157632011299332,1.6909812785570466e-06,4.28704404716503e-07,106687.07200000001,1.0,105538.02325,9.061721286644806e-07,674.1830425707374,2880.0,1.0,,121,,,,,,,,
3.8178571139997075,0.0008190548596758163,0.0028645833178112903,0.0,0.0,0.014205,4.0,0.6950000000000001,-0.0037826867337571457,0.17783040180802345,-0.0012569777948859457,1.2114589533022506e-06,5.026105706444165e-07,106870.20800000001,1.0,105515.6530625,9.061721286644806e-07,524.2953416292397,2880.0,1.0,,122,,,,,,,,
3.804891456000405,0.0022311072898446582,0.027604166767559946,0.0,0.0,0.0141575,4.0,0.6925,-0.004288231100266178,0.1796954913685719,-0.0017447300876180332,1.1130774666412435e-06,8.534522718169532e-07,106885.21200000001,1.0,105530.76818750001,9.061721286644806e-07,734.3177415088909,2880.0,1.0,,123,,,,,,,,
5.462814727000477,0.001542713869033226,0.01676432299427688,0.0,0.0,0.014110000000000001,4.0,0.69,-0.003073154657613486,0.17978903961678347,-0.0005368448910303414,1.1331534940003014e-06,8.018844918448546e-07,106745.33200000001,1.0,105566.9351875,9.061721286644806e-07,761.7866996312628,2880.0,1.0,,124,,,,,,,,
4.300136589000431,0.0018102418155952666,0.02268880217646559,0.0,0.0,0.0140625,4.0,0.6875,-0.006005219484601791,0.17934557360907397,-0.0034835105761885643,9.344315093547569e-07,4.882580171283735e-07,106898.16400000002,1.0,105510.5229375,9.061721286644806e-07,749.409898228681,2880.0,1.0,,125,,,,,,,,
3.8459072579998974,0.0024648286950347633,0.03269856761714133,0.0,0.0,0.014015,4.0,0.685,-0.008067455259151757,0.17654813639819622,-0.005593537314174076,1.0472949417324646e-06,5.985881668853684e-07,106646.79600000002,1.0,105571.33387500001,9.061721286644806e-07,678.0148909105791,2880.0,1.0,,126,,,,,,,,
4.689481616000194,0.002803218871122226,0.04111328140910094,0.0,0.0,0.0139675,4.0,0.6825,-0.0027511607040651143,0.17261668543020883,-0.00034095343047132093,1.165126413127382e-06,1.3985980717260797e-06,106736.54800000001,1.0,105463.29575000002,9.061721286644806e-07,918.9541581487828,2880.0,1.0,,127,,,,,,,,
4.941520825000225,0.002082389763018,0.022884114587213844,0.0,0.0,0.01392,4.0,0.6799999999999999,-0.007147819672051507,0.17246992761890093,-0.00477334443712607,1.183540083123565e-06,5.2375272948287e-05,106463.516,1.0,105511.13900000001,9.061721286644806e-07,585.8397422418509,2880.0,1.0,,128,,,,,,,,
3.863468917999853,0.0015135334178921767,0.013509114709449932,0.0,0.0,0.0138725,4.0,0.6775,-0.002975926889727513,0.1700746969630321,-0.0006199009561290344,1.00317674759746e-06,6.469972637053918e-06,106728.56400000001,1.0,105583.6874375,9.061721286644806e-07,542.8490551607629,2880.0,1.0,,129,,,,,,,,
3.92994175000058,0.0013738497752153005,0.008723958366317675,0.0,0.0,0.013825,4.0,0.675,-0.0031577305150373527,0.17254268564283848,-0.0007728461641818285,6.428802663549504e-07,9.083294697139385e-07,106628.64800000002,1.0,105775.56637500001,9.061721286644806e-07,477.3793251727205,2880.0,1.0,,130,,,,,,,,
5.845568307000576,0.0029669694922631606,0.035807291666666664,0.0,0.0,0.013777500000000002,4.0,0.6725,-0.006095076135049264,0.17120746647318205,-0.0037366628530435264,8.669410576089831e-07,6.207554138863239e-07,106364.444,1.0,105442.20443750001,9.061721286644806e-07,605.1592569626262,2880.0,1.0,,131,,,,,,,,
3.8092545889994653,0.004032648166078919,0.06808268288538481,0.0,0.0,0.01373,4.0,0.6699999999999999,-0.005189865973079577,0.1694680160532395,-0.002863385947421193,1.4494872170682054e-06,3.41241766695551e-07,106425.236,1.0,105614.4055625,9.061721286644806e-07,427.997704872127,2880.0,1.0,,132,,,,,,,,
3.841515697000432,0.0030771005694987252,0.04806315107271075,0.0,0.0,0.0136825,4.0,0.6675,-0.0066205119849958765,0.17220579211910567,-0.0042646944445247454,2.358637890627809e-06,3.038196444056969e-07,106240.268,1.0,105657.9133125,9.061721286644806e-07,523.4469439021753,2880.0,1.0,,133,,,,,,,,
5.877229950000583,0.001641636901088835,0.019254557283905644,0.0,0.0,0.013635000000000001,4.0,0.665,-0.0028318677893063673,0.17294789167741934,-0.0004739900662874182,1.120542331515632e-06,3.1003214454964717e-07,106424.58000000002,1.0,105589.30287500001,9.061721286644806e-07,636.9910220189421,2880.0,1.0,,134,,,,,,,,
3.8031253170001946,0.0020348876253895773,0.025276692865494017,0.0,0.0,0.013587499999999999,4.0,0.6625,-0.005195654540633162,0.17364882367352644,-0.0028364996736248336,9.975566991708245e-07,3.978867368914507e-07,106660.888,1.0,105487.38268750001,9.061721286644806e-07,619.6152220818404,2880.0,1.0,,135,,,,,,,,
3.8795796639997207,0.0009814244015918423,0.009440104244276881,0.0,0.0,0.01354,4.0,0.6599999999999999,-0.004105911362178934,0.173402547215422,-0.0017582635240008433,5.919468719639553e-07,3.2665009423264263e-07,106585.47200000001,1.0,105594.847125,9.061721286644806e-07,540.0175313170242,2880.0,1.0,,136,,,,,,,,
5.326601270000538,0.001141570459973688,0.011588541674427688,0.0,0.0,0.013492500000000001,4.0,0.6575,-0.001472445224256565,0.17403905155758062,0.0008755748082573215,6.286573916251351e-07,2.7791328645794994e-07,106477.924,1.0,105571.111875,9.061721286644806e-07,542.4651419151135,2880.0,1.0,,137,,,,,,,,
4.262408438000421,0.003281372584751807,0.049479166977107525,0.0,0.0,0.013445000000000002,4.0,0.655,-0.004407303941358502,0.17301942656437555,-0.0020814770953923776,9.863638107769173e-07,6.411499763695853e-07,106597.14400000001,1.0,105535.0041875,9.061721286644806e-07,712.7727037441292,2880.0,1.0,,138,,,,,,,,
3.817035909999504,0.002248000841063913,0.03063151038562258,0.0,0.0,0.013397500000000001,4.0,0.6525000000000001,-0.0034238182415720075,0.17201840691268444,-0.001119643294562896,1.8831196181660441e-06,5.070099137564436e-07,106516.632,1.0,105677.5685,9.061721286644806e-07,527.2308141163128,2880.0,1.0,,139,,,,,,,,
4.785281649000353,0.0027692830093049756,0.03706054711559167,0.0,0.0,0.01335,4.0,0.65,-0.008986635347052166,0.17081224794189134,-0.006706581683829427,1.2190021128806923e-06,3.357848434859534e-07,106831.496,1.0,105662.2756875,9.061721286644806e-07,635.235329790587,2880.0,1.0,,140,106898.16400000002,106524.164,106067.42799999999,70000042,105669.04306666667,best_of_k,106524.164,541.5988855455633
3.8139443500003836,0.0032487287341306605,0.0431315105718871,0.0,0.0,0.013302500000000002,4.0,0.6475,-0.002456175920087844,0.16468768939375877,-0.00026574364164844155,1.3577130009897094e-06,3.793131817531048e-07,106895.19200000001,1.0,105808.36825,9.061721286644806e-07,544.854733388579,2880.0,1.0,,141,,,,,,,,
3.9197900039998785,0.0022456866912155724,0.026839192879075807,0.0,0.0,0.013255000000000001,4.0,0.645,-0.0001642090161719049,0.16379881526033083,0.002006611282316347,9.911753551250513e-07,4.6797698990038345e-07,106847.95600000002,1.0,105911.65375,9.061721286644806e-07,646.5422118554493,2880.0,1.0,,142,,,,,,,,
5.640285903000404,0.0020342892385087907,0.021777343781044085,0.0,0.0,0.0132075,4.0,0.6425000000000001,-0.0060853632652045535,0.16245449210206667,-0.003939994610846043,8.067575360352445e-07,3.3634017645075193e-07,106958.04,1.0,105937.0506875,9.061721286644806e-07,517.9325422514299,2880.0,1.0,,143,,,,,,,,
4.187912874000176,0.001371018942639542,0.013118489616317675,0.0,0.0,0.013160000000000002,4.0,0.64,-0.0034336925794680915,0.1618692179520925,-0.0013037975877523422,1.248302062606399e-06,3.576594724089925e-07,106778.36800000002,1.0,105652.22075,9.061721286644806e-07,736.0986241115634,2880.0,1.0,,144,,,,,,,,
3.8933914989993355,0.002017771540219352,0.0278320313761166,0.0,0.0,0.013112500000000001,4.0,0.6375,-0.0012361530680209398,0.15904706716537476,0.0008490768377669156,1.0905503439554802e-06,3.305373788009547e-07,106722.33200000002,1.0,105834.2933125,9.061721286644806e-07,715.2938994095562,2880.0,1.0,,145,,,,,,,,
4.79756388000078,0.0013784369918236432,0.010611979135622581,0.0,0.0,0.013065,4.0,0.635,-0.003202011692337692,0.15921894647181034,-0.0011220145970582962,7.354558680579734e-07,2.491734125698031e-07,106899.69600000001,1.0,105913.897875,9.061721286644806e-07,542.2977925789348,2880.0,1.0,,146,,,,,,,,
4.816592346000107,0.0012781838207350422,0.014469401037786156,0.0,0.0,0.013017500000000001,4.0,0.6325000000000001,-0.001967071856294448,0.1576735656708479,8.522955855975549e-05,7.31561375033607e-07,2.8201438340147433e-07,106668.85600000001,1.0,105892.3075625,9.061721286644806e-07,451.28915271592444,2880.0,1.0,,147,,,,,,,,
3.815148403999956,0.0033133570541394874,0.045361328249176346,0.0,0.0,0.01297,4.0,0.63,-0.0066283089690841734,0.16002466653784117,-0.004553039946282904,9.108539676579616e-07,3.2025401589900565e-07,106975.84800000001,1.0,105978.42825000001,9.061721286644806e-07,587.5715080004617,2880.0,1.0,,148,,,,,,,,
4.188189462000082,0.0015139302195166238,0.015283203218132257,0.0,0.0,0.0129225,4.0,0.6275,-0.003268434423565244,0.15907051538427672,-0.0012131119923045237,9.027230589708779e-07,3.520030074829113e-07,106922.992,1.0,105935.875375,9.061721286644806e-07,572.0941658019335,2880.0,1.0,,149,,,,,,,,
5.545717092999439,0.002145828252347807,0.022379557359575603,0.0,0.0,0.012875000000000001,4.0,0.625,-0.006240121088922024,0.16082852395872274,-0.004170130123384297,3.883761931907277e-06,5.771048042409651e-07,106863.524,1.0,105815.4879375,9.061721286644806e-07,519.7621461276733,2880.0,1.0,,150,,,,,,,,
3.836657386999832,0.0013810859818477184,0.010904947984575605,0.0,0.0,0.0128275,4.0,0.6225,-0.004853279194018493,0.16001912020146847,-0.0028036939717518785,8.612000973092412e-06,4.39826008502564e-06,106932.32800000001,1.0,105763.86606249999,9.061721286644806e-07,712.886445118014,2880.0,1.0,,151,,,,,,,,
3.8613483500002985,0.0014847677351402429,0.013151041639503092,0.0,0.0,0.01278,4.0,0.62,-0.0011156201944686472,0.15696152734259763,0.0008894216734915972,4.7514778126848496e-06,9.031036682927152e-07,106903.26400000001,1.0,105835.4551875,9.061721286644806e-07,693.3693701041246,2880.0,1.0,,152,,,,,,,,
5.913293336000606,0.0022794359732264033,0.025748697905025136,0.0,0.0,0.0127325,4.0,0.6174999999999999,-0.004603835249630113,0.1581270396709442,-0.002590985541852812,1.959089054537344e-06,6.129029372914374e-07,106870.10400000002,1.0,105785.03450000001,9.061721286644806e-07,597.0807291059999,2880.0,1.0,,153,,,,,,,,
3.848489703999803,0.0028208869819839797,0.03896484384313226,0.0,0.0,0.012685,4.0,0.615,-0.001550676684322146,0.15971489685277143,0.000474854353039215,2.341655957138755e-06,4.361297053871264e-07,106931.072,1.0,105887.3355625,9.061721286644806e-07,575.605393747366,2880.0,1.0,,154,,,,,,,,
3.853511141999661,0.003284859092673287,0.040494791620100536,0.0,0.0,0.0126375,4.0,0.6125,-0.004542660040897317,0.1590069221953551,-0.002534099699308475,1.9438971179397413e-06,1.3913731891079806e-06,106939.012,1.0,105884.820375,9.061721286644806e-07,625.5691479168086,2880.0,1.0,,155,,,,,,,,
5.797290149000219,0.001269791634210075,0.00896809897191512,0.0,0.0,0.01259,4.0,0.61,-0.0026240575777289146,0.16061592909197012,-0.0006028223433531821,2.30188821367013e-06,1.3784950603223933e-06,106946.79600000002,1.0,106015.292375,9.061721286644806e-07,555.270125674757,2880.0,1.0,,156,,,,,,,,
3.9818301369996334,0.002098855870523645,0.028011067896538105,0.0,0.0,0.012542500000000002,4.0,0.6074999999999999,-0.0035691062366822734,0.1599610298871994,-0.001563363941386342,1.807143291898683e-06,7.756810080176516e-07,106801.648,1.0,105923.141875,9.061721286644806e-07,765.7873886987088,2880.0,1.0,,157,,,,,,,,
3.9648032559998683,0.002151911243951569,0.03066406267074247,0.0,0.0,0.012495,4.0,0.605,-0.004154657285350065,0.1610091874996821,-0.002143445056087027,1.422070549021252e-06,9.10573882369666e-07,106875.536,1.0,106016.8056875,9.061721286644806e-07,501.6608296886467,2880.0,1.0,,158,,,,,,,,
5.212341991999892,0.001348925827187486,0.012597656265522042,0.0,0.0,0.0124475,4.0,0.6025,-0.002237617659072081,0.15858034479121366,-0.0002642234321683645,6.951547568689875e-07,9.289841701824267e-07,106962.26000000001,1.0,106030.80875,9.061721286644806e-07,523.4505019301603,2880.0,1.0,,159,,,,,,,,
4.4764029439993465,0.002238486221661636,0.026871744931365054,0.0,0.0,0.012400000000000001,4.0,0.6,-0.0024780853952203565,0.15562820620834827,-0.0005488450842676684,5.087488167040041e-07,9.965278119731618e-07,106885.056,1.0,106015.60024999999,9.061721286644806e-07,551.190643043256,2880.0,1.0,,160,106975.84800000001,106700.09999999999,106521.796,70000042,105952.09733333335,best_of_k,106700.09999999999,548.4422986326093
3.820736374000262,0.0008718863039878973,0.009358724055346102,0.0,0.0,0.012352499999999999,4.0,0.5974999999999999,-0.003003313031513244,0.15375935224195322,-0.0011042703020696838,4.800033709765709e-07,4.442629837342338e-07,106936.68000000002,1.0,106137.51475,9.061721286644806e-07,493.94154430148893,2880.0,1.0,,161,,,,,,,,
6.0141301140001815,0.0008559930744619729,0.0074381510688302415,0.0,0.0,0.012305,4.0,0.595,-0.0010524564907730867,0.15206464069585005,0.0008182871776322523,4.801883299876408e-07,7.267251097194579e-07,106903.36400000002,1.0,106075.65875,9.061721286644806e-07,524.5685445453597,2880.0,1.0,,162,,,,,,,,
3.895221513999786,0.0024401975606451742,0.042773437686264515,0.0,0.0,0.012257500000000001,4.0,0.5925,-0.006078218992721911,0.15536379689971605,-0.004174107181218763,5.019413282051725e-07,4.2095194293286414e-07,106982.876,1.0,106141.86212500001,9.061721286644806e-07,429.54285925444566,2880.0,1.0,,163,,,,,,,,
3.8511787819998062,0.0014582308394892607,0.015755208344974864,0.0,0.0,0.012210000000000002,4.0,0.5900000000000001,-0.0024530207010684535,0.15168230359752974,-0.0006015755158538619,4.724414578068566e-07,1.0961569512820308e-06,106812.69200000001,1.0,106137.6455625,9.061721286644806e-07,465.1479022636875,2880.0,1.0,,164,,,,,,,,
5.460115390000283,0.0013762414885907976,0.01712239587989946,0.0,0.0,0.012162500000000001,4.0,0.5875,-0.0008316326808805267,0.15353938999275366,0.001035378760813425,1.901420899249236e-06,4.414880502660405e-07,106841.168,1.0,106006.72918750001,9.061721286644806e-07,669.5904271876508,2880.0,1.0,,165,,,,,,,,
4.416855845999635,0.0013000071697509459,0.01611328125,0.0,0.0,0.012115,4.0,0.585,-0.004835550130034487,0.14955274077753225,-0.0030255838840578995,4.164086178093385e-06,2.898114445315514e-06,106946.84,1.0,106035.9420625,9.061721286644806e-07,614.0642831194432,2880.0,1.0,,166,,,,,,,,
3.8935558000002857,0.0013545478626231973,0.0181152344836543,0.0,0.0,0.0120675,4.0,0.5825,-0.0030465802701655775,0.15249213700493178,-0.0012088959338143468,3.4418712573369703e-06,4.340593612539578e-06,106978.04400000001,1.0,106057.99325,9.061721286644806e-07,652.4909029867296,2880.0,1.0,,167,,,,,,,,
4.541613960000177,0.0011913458135192438,0.009277343769402554,0.0,0.0,0.012020000000000001,4.0,0.5800000000000001,-0.0002944925508927554,0.15306399638454118,0.0015438019181601703,1.7740095022607723e-06,2.715237603941508e-06,107013.16400000002,1.0,106217.5296875,9.061721286644806e-07,438.31451613071505,2880.0,1.0,,168,,,,,,,,
5.112771595000595,0.0012264469211610656,0.015641276074651007,0.0,0.0,0.0119725,4.0,0.5775,-0.0070307340162495775,0.15278665659328303,-0.0052018182662626105,1.1398099057184179e-06,4.178044245387961e-07,106847.30000000002,1.0,106122.2294375,9.061721286644806e-07,495.78218779589406,2880.0,1.0,,169,,,,,,,,
3.9177478009996776,0.0015445029645585844,0.018408203303503495,0.0,0.0,0.011925000000000002,4.0,0.575,-0.003645399207016453,0.1543797558794419,-0.001804686233905765,7.469198960071329e-07,3.815851788620724e-07,106942.74,1.0,106068.7216875,9.061721286644806e-07,549.8057157741301,2880.0,1.0,,170,,,,,,,,
3.9791394329995455,0.0018023523977414395,0.019921875064028427,0.0,0.0,0.011877500000000001,4.0,0.5725,-0.0032432549148021885,0.15387663431465626,-0.0014157879049889743,2.8197099174083934e-07,3.4848107569966186e-07,106843.33200000001,1.0,106216.3110625,9.061721286644806e-07,317.71580271819994,2880.0,1.0,,171,,,,,,,,
5.687210717999733,0.0016403226594169003,0.012646484382761022,0.0,0.0,0.01183,4.0,0.5700000000000001,-0.0010453058736554037,0.15047851080695787,0.0007345794583670795,5.128892356746443e-07,4.47217003577786e-07,106974.89600000001,1.0,106076.3646875,9.061721286644806e-07,666.5565938352697,2880.0,1.0,,172,,,,,,,,
3.880745723000473,0.0009144461995068317,0.007519531257761021,0.0,0.0,0.011782500000000001,4.0,0.5675,-0.00280830305806982,0.14877405328055224,-0.0010556399744624894,7.059818614152391e-07,3.9378678806656353e-07,107060.67200000002,1.0,106021.3048125,9.061721286644806e-07,788.8164559367334,2880.0,1.0,,173,,,,,,,,
3.943945752000218,0.0008732103002936734,0.0066406250310440855,0.0,0.0,0.011735,4.0,0.565,-0.0008211438544094563,0.14800192477802435,0.0009150096351125588,4.367942665339797e-07,1.2109141778182675e-06,107031.28,1.0,106261.67981249999,9.061721286644806e-07,410.016248361227,2880.0,1.0,,174,,,,,,,,
5.868213421000291,0.0009973590531444643,0.00983072918218871,0.0,0.0,0.0116875,4.0,0.5625,-0.0027721848455257714,0.14749055542051792,-0.0010490823915461078,4.2425482504881984e-07,1.3005955601386177e-06,107037.38000000002,1.0,106271.1329375,9.061721286644806e-07,414.83750431508844,2880.0,1.0,,175,,,,,,,,
3.778129162999903,0.0018436446310564254,0.017285156218955915,0.0,0.0,0.011640000000000001,4.0,0.56,-0.003398996554703141,0.1455193410317103,-0.0017056293048275013,4.6806182988727113e-07,8.632714217545375e-07,107016.34,1.0,106229.7554375,9.061721286644806e-07,685.2641724170581,2880.0,1.0,,176,,,,,,,,
3.874073139000757,0.001967084851154747,0.0227539063586543,0.0,0.0,0.0115925,4.0,0.5575,-0.001079486115486361,0.1418809841076533,0.0005649861074440802,2.99670694185276e-07,5.062968651733021e-07,106944.91200000001,1.0,106154.6661875,9.061721286644806e-07,503.733686165582,2880.0,1.0,,177,,,,,,,,
5.6678694860002,0.0015317377183237113,0.018619791720993817,0.0,0.0,0.011545,4.0,0.5549999999999999,-0.004761241002900836,0.141633338915805,-0.0031264983117580414,4.5233984261964605e-07,7.362145796700285e-07,106989.28400000001,1.0,106182.02600000001,9.061721286644806e-07,598.3809202614992,2880.0,1.0,,178,,,,,,,,
4.085490944999947,0.0009130726260385321,0.007942708335273588,0.0,0.0,0.0114975,4.0,0.5525,-0.003623712827296307,0.14239883050322533,-0.001986837286191682,6.263775619667437e-07,5.844689254056826e-07,106851.23600000002,1.0,106233.0136875,9.061721286644806e-07,456.5531521547108,2880.0,1.0,,179,,,,,,,,
3.9202253189996554,0.001572176297486294,0.01787109377134281,0.0,0.0,0.01145,4.0,0.55,-0.003978929489676375,0.14145205418268839,-0.0023595238550721356,6.883136395667103e-07,3.03829321997758e-07,106967.06800000001,1.0,106152.656,9.061721286644806e-07,476.2772797326155,2880.0,1.0,,180,107060.67200000002,106755.08400000002,106423.08,70000042,106061.66533333337,best_of_k,106755.08400000002,916.1229105027827
5.906711460000224,0.0013876397012306068,0.015592447918606922,0.0,0.0,0.011402500000000001,4.0,0.5475,-0.003692467105186855,0.13963805759946504,-0.002100465508798758,5.777978747308529e-07,3.2783992409690654e-07,107066.96,1.0,106181.31068750001,9.061721286644806e-07,567.9080173989692,2880.0,1.0,,181,,,,,,,,
3.936265573000128,0.0009288854077264356,0.007031250036864852,0.0,0.0,0.011355,4.0,0.5449999999999999,-0.0018729921769894038,0.1350422374283274,-0.0003398288196573655,9.363300984925141e-07,2.962419181073983e-07,106957.49200000001,1.0,106205.588,9.061721286644806e-07,460.2357623593591,2880.0,1.0,,182,,,,,,,,
3.9291852669994114,0.0017794065388443414,0.022884114664824057,0.0,0.0,0.0113075,4.0,0.5425,-0.0014588995448624094,0.13389228750020266,5.4589821957051754e-05,6.7598188024931e-07,8.598302946675555e-07,106969.244,1.0,106378.31806250001,9.061721286644806e-07,355.52756548543016,2880.0,1.0,,183,,,,,,,,
6.00125645099979,0.0009587568755099104,0.009049479267559946,0.0,0.0,0.011260000000000001,4.0,0.54,-0.001516606488924784,0.1327763069421053,-2.336890126268069e-05,5.635092108491335e-07,3.5334437562539733e-06,106891.128,1.0,106258.3695,9.061721286644806e-07,380.11897210445863,2880.0,1.0,,184,,,,,,,,
3.9184402189994216,0.0010913977354600017,0.010205078190968683,0.0,0.0,0.0112125,4.0,0.5375,0.0008217978077785423,0.1326384386047721,0.002308746815591197,4.401070642738129e-07,4.322724134198097e-07,107048.28400000001,1.0,106247.1023125,9.061721286644806e-07,454.22799514990754,2880.0,1.0,,185,,,,,,,,
3.884890908999296,0.0007451115222162722,0.006542968757761021,0.0,0.0,0.011165,4.0,0.5349999999999999,-0.0017232986574526876,0.13319106306880713,-0.00023639462112138668,6.202833529774429e-07,2.2296244021428416e-07,106923.98400000001,1.0,106256.52425,9.061721286644806e-07,362.2133866948309,2880.0,1.0,,186,,,,,,,,
5.410475317000419,0.0005688442309595606,0.0029947916821887097,0.0,0.0,0.0111175,4.0,0.5325,-0.0015770496878152092,0.13454660897453627,-8.145789615809917e-05,6.584370713843176e-07,3.2923633064285696e-07,106965.98,1.0,106273.59400000001,9.061721286644806e-07,467.88543849162687,2880.0,1.0,,187,,,,,,,,
4.404773414000374,0.0012742097375545807,0.012483723927289248,0.0,0.0,0.011070000000000002,4.0,0.53,-0.0018680948220814269,0.13182524063934883,-0.00041318900184705853,1.519454485787719e-06,8.49524083198124e-06,106899.73200000002,1.0,106184.56525,9.061721286644806e-07,518.5945253668215,2880.0,1.0,,188,,,,,,,,
3.876360436000141,0.001796097174519673,0.021630859439028427,0.0,0.0,0.011022500000000001,4.0,0.5275000000000001,-0.004334896996927758,0.1309708161279559,-0.00289354306490471,9.547883953094545e-07,4.353740720830501e-06,106990.148,1.0,106332.696875,9.061721286644806e-07,361.7831838287046,2880.0,1.0,,189,,,,,,,,
4.7923561229999905,0.0025619671505410224,0.03417968757761022,0.0,0.0,0.010975,4.0,0.525,-0.0034453433860714235,0.13233554301162562,-0.001993341138586402,4.3611906678601525e-07,6.731873517888213e-07,106991.02,1.0,106264.09168750001,9.061721286644806e-07,345.5363574801549,2880.0,1.0,,190,,,,,,,,
4.987677909000013,0.0016951028446783312,0.01668294275683972,0.0,0.0,0.010927500000000001,4.0,0.5225,-0.005304793186951429,0.13114281247059503,-0.003871991066262126,6.323459669962025e-07,3.9397556565271924e-07,106857.32800000001,1.0,106099.966375,9.061721286644806e-07,487.93834634291477,2880.0,1.0,,191,,,,,,,,
3.8225326640003914,0.0010645294763283648,0.0071126303034058464,0.0,0.0,0.01088,4.0,0.52,-0.00011409279250074178,0.12917711834112802,0.0012909537569309275,9.871894460407777e-07,6.023527241438842e-07,106917.27600000001,1.0,106182.8668125,9.061721286644806e-07,692.4455882842649,2880.0,1.0,,192,,,,,,,,
3.894713110000339,0.0012674133152662155,0.007779947967113306,0.0,0.0,0.0108325,4.0,0.5175000000000001,-0.0007941654184833169,0.1292314495270451,0.0006055588989208142,4.6010221765868664e-07,2.601563314404605e-07,106932.32,1.0,106278.735875,9.061721286644806e-07,451.9276830290265,2880.0,1.0,,193,,,,,,,,
5.703944554000373,0.0007544205132035131,0.007682291713232796,0.0,0.0,0.010785000000000001,4.0,0.515,-0.005446848619612865,0.12923410659035048,-0.004053245609005292,6.549736291106001e-07,2.4138220370654534e-07,106800.144,1.0,106293.23762500001,9.061721286644806e-07,332.96495773408213,2880.0,1.0,,194,,,,,,,,
3.863677917000132,0.0007241632471656582,0.0059895833643774194,0.0,0.0,0.0107375,4.0,0.5125,-0.0014344176355128486,0.1321343776459495,-1.6173386635879677e-05,1.5623925762042745e-06,7.852395906837728e-07,106953.65600000002,1.0,106296.6653125,9.061721286644806e-07,378.6622840368797,2880.0,1.0,,195,,,,,,,,
3.726780639000026,0.0014040799651411362,0.01591796882955047,0.0,0.0,0.010690000000000002,4.0,0.51,-0.0014750546082116973,0.13206566218286753,-6.357877282425761e-05,1.3581489142211467e-06,3.410035057290391e-07,106872.77200000001,1.0,106281.270875,9.061721286644806e-07,471.85171715035153,2880.0,1.0,,196,,,,,,,,
5.894435259000602,0.0018057725440788392,0.01868489586437742,0.0,0.0,0.010642500000000001,4.0,0.5075000000000001,-0.0034773986359747746,0.135195084537069,-0.0020388137587967017,8.762647520181114e-07,2.8402373490147664e-07,106997.56000000001,1.0,106301.9973125,9.061721286644806e-07,545.8358836253137,2880.0,1.0,,197,,,,,,,,
3.7359070279999287,0.0011262921022231847,0.005810546892462298,0.0,0.0,0.010595,4.0,0.505,-0.00012632764022176465,0.13188934015731016,0.001269989103699724,7.057653448327983e-07,1.9595656948941573e-06,107005.66800000002,1.0,106405.88225,9.061721286644806e-07,461.8207691014326,2880.0,1.0,,198,,,,,,,,
3.8140734819999125,0.0016983812771892797,0.01170247399325793,0.0,0.0,0.010547500000000001,4.0,0.5025,0.0008838242113900682,0.12825562339276075,0.0022352499654516578,5.046452239791203e-07,2.600650407321344e-06,107057.14,1.0,106378.378625,9.061721286644806e-07,340.67939937661333,2880.0,1.0,,199,,,,,,,,
5.384754685999724,0.0008092813495750306,0.006184895852735887,0.0,0.0,0.0105,4.0,0.5,-0.0014618387698040654,0.12484143270800512,-0.00015137705486267805,7.697196882835063e-07,5.925920412153118e-07,106895.35600000001,1.0,106209.10287500001,9.061721286644806e-07,651.709998320369,2880.0,1.0,,200,107066.96,106878.936,106440.132,70000042,106165.81080000004,best_of_k,106878.936,783.0213487815165
3.8697643170007723,0.0006770810644714705,0.00520833334303461,0.0,0.0,0.010452500000000002,4.0,0.49750000000000005,-0.0025327501352876425,0.12354848192383845,-0.001241626392584294,4.773064645746672e-07,4.371621630620363e-07,106994.34400000001,1.0,106262.63793750001,9.061721286644806e-07,604.5489093555608,2880.0,1.0,,201,,,,,,,,
3.9103920560000915,0.0006385186934494413,0.0037272135668899864,0.0,0.0,0.010405000000000001,4.0,0.495,-0.0009984956802024196,0.1242983586465319,0.0002946369495475665,4.724659217932488e-07,2.8765325765789385e-07,106975.596,1.0,106333.16456250001,9.061721286644806e-07,469.1771170495561,2880.0,1.0,,202,,,,,,,,
5.902765566000198,0.0014787914706175798,0.01731770842646559,0.0,0.0,0.010357500000000002,4.0,0.49250000000000005,-0.004049452642599742,0.1248242212459445,-0.002756910437407593,6.842055502905472e-07,5.131520251685137e-07,106992.03600000002,1.0,106194.6775625,9.061721286644806e-07,573.8611980285903,2880.0,1.0,,203,,,,,,,,
3.831224278999798,0.0011044067141483538,0.01235351565022332,0.0,0.0,0.01031,4.0,0.49,-0.006660085190863659,0.12312367868920167,-0.005391000246163458,1.0340770562796326e-06,4.3425374407490835e-07,106942.14000000001,1.0,106326.65406250002,9.061721286644806e-07,474.59440687338173,2880.0,1.0,,204,,,,,,,,
3.9158060729996578,0.0008091288630870016,0.005061848962213844,0.0,0.0,0.0102625,4.0,0.48750000000000004,-0.002241327524340401,0.12417482770979404,-0.0009672449280818304,9.717498106927753e-07,3.272297911157314e-07,107099.38400000002,1.0,106330.30181250001,9.061721286644806e-07,467.1958973299798,2880.0,1.0,,205,,,,,,,,
5.634468938000282,0.0012071029741491657,0.012630208540940657,0.0,0.0,0.010215,4.0,0.485,-0.0007341765109837676,0.12643046552936235,0.0005570943661344548,3.2959746931737754e-07,3.6717122438763755e-07,106971.10800000001,1.0,106413.99175,9.061721286644806e-07,384.1881245326808,2880.0,1.0,,206,,,,,,,,
4.214833600999555,0.0009367695978047171,0.006347656269402553,0.0,0.0,0.010167500000000001,4.0,0.48250000000000004,-0.0008953430903299401,0.1278049290801088,0.0004036275592322151,2.6124095005760256e-07,9.208662407426497e-07,107010.912,1.0,106443.23643750002,9.061721286644806e-07,318.03135796263683,2880.0,1.0,,207,,,,,,,,
3.9373807889996897,0.0014865999667866465,0.013460286563107124,0.0,0.0,0.01012,4.0,0.48,-0.0018083969965421904,0.13196456960091987,-0.00047304952749982476,2.7892262129588136e-07,2.1157030675548563e-07,107022.34400000001,1.0,106410.8730625,9.061721286644806e-07,388.19578600639375,2880.0,1.0,,208,,,,,,,,
5.167879943999651,0.0010742692217415122,0.009554036524302015,0.0,0.0,0.010072500000000002,4.0,0.47750000000000004,-0.0017933591734617949,0.13440955181916556,-0.00043991662096232176,6.520485698047196e-07,6.649639191872817e-07,107032.52400000002,1.0,106310.10450000002,9.061721286644806e-07,541.2610654016696,2880.0,1.0,,209,,,,,,,,
4.666993399000603,0.0016816719265383047,0.019466145895421505,0.0,0.0,0.010025000000000001,4.0,0.475,-0.002507639854835967,0.13213860771308342,-0.001184390518271054,6.372207117522066e-07,2.753168207784521e-06,107048.87599999999,1.0,106362.8770625,9.061721286644806e-07,457.8916995268884,2880.0,1.0,,210,,,,,,,,
3.797970661999898,0.0007676063220666643,0.006526692760720228,0.0,0.0,0.009977500000000002,4.0,0.47250000000000003,0.0010141289239982143,0.1296467607220014,0.002306330638627211,4.7449416721671395e-07,2.6026795663843436e-06,107032.13600000001,1.0,106318.8173125,9.061721286644806e-07,563.7955013234232,2880.0,1.0,,211,,,,,,,,
4.147232927000005,0.001165139796891405,0.012516276231811693,0.0,0.0,0.00993,4.0,0.47,0.00021421758962484697,0.1262194293861588,0.001465615932829678,3.125565951241545e-07,3.858839042673405e-06,106910.416,1.0,106301.0298125,9.061721286644806e-07,495.7292942912141,2880.0,1.0,,212,,,,,,,,
5.376197436999973,0.001261430038236237,0.009765625116415322,0.0,0.0,0.0098825,4.0,0.4675,-0.004152975452598184,0.12670047612239918,-0.002901982127999266,3.5098865147631386e-07,2.177856127734875e-06,106932.612,1.0,106407.14518749999,9.061721286644806e-07,455.501156883096,2880.0,1.0,,213,,,,,,,,
3.8004303930001697,0.001384933988447301,0.012027994826591263,0.0,0.0,0.009835,4.0,0.46499999999999997,-0.0029013408396470672,0.12579663873960575,-0.001664303767029196,3.7134299960920697e-07,2.7073796182719434e-07,106973.456,1.0,106409.83387500001,9.061721286644806e-07,320.2052618586774,2880.0,1.0,,214,,,,,,,,
3.86275012599981,0.0011702152899791447,0.0064127604515912635,0.0,0.0,0.009787500000000001,4.0,0.4625,-0.004038981530660142,0.12453695324560006,-0.002820229157805443,3.972306146238225e-07,2.282107948540594e-07,107021.95200000002,1.0,106385.42975000001,9.061721286644806e-07,382.8201465478769,2880.0,1.0,,215,,,,,,,,
5.753550096999788,0.0011144303680339362,0.008740234421566129,0.0,0.0,0.00974,4.0,0.45999999999999996,-0.003934752433754814,0.12232370519389708,-0.0027434345489988723,3.1733211140287193e-07,1.66685788135131e-07,106979.36000000002,1.0,106362.781125,9.061721286644806e-07,409.8275921759486,2880.0,1.0,,216,,,,,,,,
3.837116462999802,0.0017945745397203912,0.014990234514698386,0.0,0.0,0.009692500000000001,4.0,0.4575,-0.003286950600643953,0.11986435297876596,-0.002125404658727348,5.399070914791082e-07,3.708648552702698e-07,106954.00400000002,1.0,106345.06300000001,9.061721286644806e-07,434.77028862204884,2880.0,1.0,,217,,,,,,,,
3.882720053000412,0.0009986997541394278,0.008089192754899463,0.0,0.0,0.009644999999999999,4.0,0.45499999999999996,-0.0003226776122270773,0.12175002787262201,0.0008509453230847915,1.0132645726912415e-06,1.1105591391687615e-06,106993.97200000001,1.0,106264.0065,9.061721286644806e-07,607.6719850554653,2880.0,1.0,,218,,,,,,,,
5.718416754999453,0.0014794744129176252,0.011295572893383602,0.0,0.0,0.0095975,4.0,0.4525,-0.0019408475103167195,0.12194782433410485,-0.0007711927561710278,1.0304382615326328e-06,1.2714519191566371e-06,107026.584,1.0,106360.238125,9.061721286644806e-07,601.6261474275237,2880.0,1.0,,219,,,,,,,,
3.8679259969994746,0.0010444776101697546,0.00950520836825793,0.0,0.0,0.00955,4.0,0.44999999999999996,-0.0014421872086434935,0.12176120902101199,-0.0002797578539078434,6.98982484929426e-07,6.407449314830652e-07,107014.54,1.0,106439.66893750001,9.061721286644806e-07,426.01796889259236,2880.0,1.0,,220,107099.38400000002,106867.988,106447.044,70000042,106275.57733333335,best_of_k,106867.988,793.8277516790552
3.902841243999319,0.0023143132081410536,0.018277994900320966,0.0,0.0,0.0095025,4.0,0.4475,-0.0007902678747389776,0.12422534295668204,0.00039003191826244193,3.788131088811042e-07,2.2740094192859792e-07,107060.064,1.0,106444.1499375,9.061721286644806e-07,318.3543522727403,2880.0,1.0,,221,,,,,,,,
5.864574621999964,0.0013409540745972965,0.015315755270421505,0.0,0.0,0.009455,4.0,0.44499999999999995,-0.0004483124454660962,0.1271665059030056,0.0007538867842716476,2.484155784780266e-07,2.7031669584213586e-07,107049.676,1.0,106384.67975000001,9.061721286644806e-07,416.6356979237838,2880.0,1.0,,222,,,,,,,,
3.824307465999482,0.0018302619088596355,0.018082682295547176,0.0,0.0,0.009407500000000001,4.0,0.4425,-0.0013963151723146439,0.12893533427268267,-0.0001835237101962169,3.416024938474038e-07,2.6812964530146627e-07,107023.21600000001,1.0,106288.278875,9.061721286644806e-07,555.0198218349831,2880.0,1.0,,223,,,,,,,,
3.7677994839996245,0.0009881528452145478,0.0038085937849245965,0.0,0.0,0.00936,4.0,0.43999999999999995,-0.0005992900987621397,0.12728166797508797,0.0005919240841952463,3.8883409618032755e-07,2.070270461729251e-07,106945.988,1.0,106331.0945625,9.061721286644806e-07,454.5551616263779,2880.0,1.0,,224,,,,,,,,
5.775844585999948,0.001419772857237452,0.01176757820455047,0.0,0.0,0.009312500000000001,4.0,0.4375,-0.002347428322536871,0.12863037331650654,-0.0011496854325135548,3.560423896450023e-07,1.8343335028703223e-07,106973.26400000001,1.0,106312.073875,9.061721286644806e-07,399.02815080829174,2880.0,1.0,,225,,,,,,,,
3.7975210000004154,0.00212026659452628,0.03009440123181169,0.0,0.0,0.009265000000000002,4.0,0.43500000000000005,-0.004434657666327742,0.12711897057791552,-0.0032570601906627417,4.395718781561679e-07,2.3140830940349133e-07,107008.448,1.0,106408.8208125,9.061721286644806e-07,402.8184447515916,2880.0,1.0,,226,,,,,,,,
3.9039862099998572,0.0012138453894294798,0.00651041668606922,0.0,0.0,0.0092175,4.0,0.4325,0.0006571160580885286,0.12753576723237833,0.001832520783257981,6.256220063486732e-07,1.8763016148189612e-07,106991.104,1.0,106420.9955625,9.061721286644806e-07,427.8732989753616,2880.0,1.0,,227,,,,,,,,
5.796838896999361,0.0015075749227738318,0.01451822926173918,0.0,0.0,0.009170000000000001,4.0,0.43000000000000005,-0.00389651374037688,0.12543718299518028,-0.0027465150730373957,6.097808208001728e-07,3.985472420235207e-07,107054.54000000001,1.0,106375.87350000002,9.061721286644806e-07,540.9771337434252,2880.0,1.0,,228,,,,,,,,
3.9184650419992977,0.0009220500690692764,0.004654947920547177,0.0,0.0,0.0091225,4.0,0.4275,-0.0023459612081448236,0.12340008902053039,-0.0012211929230640333,6.484905625825377e-07,1.7677086194822778e-06,107104.492,1.0,106320.6450625,9.061721286644806e-07,516.1545003306866,2880.0,1.0,,229,,,,,,,,
3.823237175000031,0.0013016676324089833,0.012044270833333334,0.0,0.0,0.009075000000000001,4.0,0.42500000000000004,-0.00132298256115367,0.1220800227796038,-0.00021634342457825065,7.828746385977562e-07,2.3157722246480716e-06,107071.19200000001,1.0,106330.4059375,9.061721286644806e-07,499.2273241114692,2880.0,1.0,,230,,,,,,,,
4.988677168000322,0.001580484540075607,0.013769531331490725,0.0,0.0,0.0090275,4.0,0.4225,-0.0014399208448594436,0.12227073932687442,-0.0003366401845899721,5.494789121485155e-07,9.274067623484447e-07,106996.89600000001,1.0,106452.54712500001,9.061721286644806e-07,355.72895083509013,2880.0,1.0,,231,,,,,,,,
4.647522233000018,0.0007400385075015947,0.0073893229515912635,0.0,0.0,0.008980000000000002,4.0,0.42000000000000004,-0.004564949219153884,0.12047687576462825,-0.0034833132522180676,2.4912278225504753e-07,4.4394474940645523e-07,107064.83200000002,1.0,106471.59806250001,9.061721286644806e-07,396.81033040420795,2880.0,1.0,,232,,,,,,,,
3.800126512999668,0.000701668941474054,0.004947916691889986,0.0,0.0,0.008932500000000001,4.0,0.4175,-0.0016464770039116654,0.1218827444439133,-0.000557931469908605,3.5610171345012986e-07,2.731480440350727e-07,107004.856,1.0,106416.97093750001,9.061721286644806e-07,398.18635312265604,2880.0,1.0,,233,,,,,,,,
4.272622329999649,0.0011649266634776723,0.010791015656044086,0.0,0.0,0.008885,4.0,0.41500000000000004,-0.004657695419155061,0.12181439995765686,-0.003575498310965486,3.649867489722662e-07,1.7342428855945022e-07,106974.09600000002,1.0,106501.5095625,9.061721286644806e-07,286.12075295634986,2880.0,1.0,,234,,,,,,,,
5.231108329000563,0.002024899828635777,0.025797526080471773,0.0,0.0,0.0088375,4.0,0.4125,-0.0023896698839962482,0.12344681316365798,-0.0012988566886633635,3.1339058696270666e-07,2.3289022207014418e-07,107046.916,1.0,106498.31375,9.061721286644806e-07,482.5646035972147,2880.0,1.0,,235,,,,,,,,
3.9026719610001237,0.0009525743644189788,0.006966145835273589,0.0,0.0,0.008790000000000001,4.0,0.41000000000000003,0.0002721475223855426,0.12303769402205944,0.0013534205500036478,2.3025313803752093e-07,4.1025126762406217e-07,107064.95600000002,1.0,106522.918125,9.061721286644806e-07,374.9787308274776,2880.0,1.0,,236,,,,,,,,
4.0306258000000525,0.0006887064267478612,0.00244140625,0.0,0.0,0.0087425,4.0,0.4075,-0.00011854231706820428,0.12056752139081557,0.0009353236140062412,2.6411968375346834e-07,3.3900694044556684e-07,106969.148,1.0,106425.875875,9.061721286644806e-07,471.6651456176127,2880.0,1.0,,237,,,,,,,,
5.739285913000458,0.0008704892813208668,0.009212239606616398,0.0,0.0,0.008695000000000001,4.0,0.405,-0.0014802283452202876,0.12133980914950371,-0.00042541105843459565,3.322210702094708e-07,3.9742444801760257e-07,107141.324,1.0,106547.9149375,9.061721286644806e-07,322.87901682460256,2880.0,1.0,,238,,,,,,,,
3.8222932389999187,0.0013566062286069307,0.010921223962213844,0.0,0.0,0.0086475,4.0,0.40249999999999997,-0.0030327954057914517,0.11872125106553237,-0.002012311558549603,7.862636207297177e-07,1.215850277110538e-05,107091.29600000002,1.0,106382.25706250001,9.061721286644806e-07,514.2505030407104,2880.0,1.0,,239,,,,,,,,
3.8320568089993685,0.001186197780649915,0.007454427085273589,0.0,0.0,0.008600000000000002,4.0,0.4,-0.002290542130746568,0.11764086286226909,-0.0012809674954041839,6.689156499817273e-07,4.139284764429855e-06,107011.924,1.0,106405.147625,9.061721286644806e-07,363.4421408950249,2880.0,1.0,,240,107141.324,106923.776,106462.9,70000042,106338.64293333335,best_of_k,106923.776,740.3789222261321
4.553469233999749,0.0004836340425147985,0.004850260438009475,0.0,0.0,0.0085525,4.0,0.39749999999999996,-0.003401703822116057,0.11654501780867577,-0.0024053257657215,4.93422517067188e-07,6.469732696245956e-07,107019.676,1.0,106426.04106250001,9.061721286644806e-07,463.94274501292034,2880.0,1.0,,241,,,,,,,,
3.8990296410001974,0.0014676085040719045,0.01303710947589328,0.0,0.0,0.008505,4.0,0.395,0.0021683378921200833,0.11647199591000874,0.0031584986815384277,7.141228811254526e-07,7.227287189455941e-07,107066.212,1.0,106461.61962500002,9.061721286644806e-07,413.0980649063378,2880.0,1.0,,242,,,,,,,,
4.489652111000396,0.0013910304793777566,0.01417643231494973,0.0,0.0,0.0084575,4.0,0.39249999999999996,-0.00016373016114812344,0.11910281019906203,0.000843398777457575,7.284288952765413e-07,2.1780166351940503e-07,107036.388,1.0,106417.43400000001,9.061721286644806e-07,338.1546430932167,2880.0,1.0,,243,,,,,,,,
5.222347530000661,0.0006618149830804517,0.0021972656347012767,0.0,0.0,0.00841,4.0,0.39,-0.004440115876301813,0.11669476951162021,-0.0034588474857931337,4.560087187854833e-07,1.7831196016023418e-07,106970.99600000001,1.0,106386.18375000001,9.061721286644806e-07,444.88800271578214,2880.0,1.0,,244,,,,,,,,
3.828698868999709,0.0009973336676315132,0.009537760449651008,0.0,0.0,0.0083625,4.0,0.38749999999999996,-7.957110453086595e-05,0.11764056018243234,0.000904071629823496,3.0355344253033917e-07,1.9239762257446577e-07,107069.72,1.0,106514.2520625,9.061721286644806e-07,303.759384412639,2880.0,1.0,,245,,,,,,,,
3.853139330999511,0.0005297663592500612,0.001822916684128965,0.0,0.0,0.008315000000000001,4.0,0.385,-0.004454616651249428,0.11792400944977999,-0.003474201502588888,2.3036442679350935e-07,2.0001405983312756e-07,106962.46,1.0,106438.720125,9.061721286644806e-07,364.20031754445665,2880.0,1.0,,246,,,,,,,,
5.824539031999848,0.00021026421033335888,0.0,0.0,0.0,0.0082675,4.0,0.38249999999999995,-0.0009414052813857173,0.1205603980148832,5.516666715266183e-05,1.9350928444813084e-07,2.830624866353067e-07,107013.53600000001,1.0,106525.9069375,9.061721286644806e-07,248.71527973994932,2880.0,1.0,,247,,,,,,,,
3.860910476999379,0.00047007955496762105,0.002864583337213844,0.0,0.0,0.008220000000000002,4.0,0.38,-0.000547809429311504,0.11852019497503836,0.0004262898776990672,2.148522610193974e-07,2.3040017597490228e-07,107063.596,1.0,106394.58118749999,9.061721286644806e-07,412.559071252638,2880.0,1.0,,248,,,,,,,,
3.9847416800002975,0.0008891368767460032,0.005387369785845901,0.0,0.0,0.0081725,4.0,0.37749999999999995,-0.0008379764719090114,0.12130788154900074,0.00015327177243307233,4.704144327405402e-07,1.8658729938891838e-07,107029.54000000001,1.0,106472.6990625,9.061721286644806e-07,356.23376560114485,2880.0,1.0,,249,,,,,,,,
5.780706958999872,0.0014028454340101841,0.01023763024325793,0.0,0.0,0.008125,4.0,0.375,0.00041442798101343215,0.12427595940728982,0.0014239492205282052,4.2650528146263394e-07,3.571223589441767e-07,106974.97600000001,1.0,106405.8819375,9.061721286644806e-07,574.4468805072376,2880.0,1.0,,250,,,,,,,,
3.794557223999618,0.0006644569839409087,0.0035807291860692203,0.0,0.0,0.008077500000000001,4.0,0.37250000000000005,-0.0022844783549468652,0.12352131617565949,-0.0012869661441072822,3.3398770445577003e-07,3.969824084274857e-07,107079.328,1.0,106511.92275,9.061721286644806e-07,455.9031853501769,2880.0,1.0,,251,,,,,,,,
3.6827916160000314,0.0002423802470730152,0.000244140625,0.0,0.0,0.00803,4.0,0.37,0.0015503788308706135,0.12176685562978189,0.0025280234403908253,3.5944079179728305e-07,2.1538390567362362e-07,107092.436,1.0,106470.085,9.061721286644806e-07,507.3713979660282,2880.0,1.0,,252,,,,,,,,
5.450548402000095,0.0017786712451197673,0.02097981786937453,0.0,0.0,0.007982500000000002,4.0,0.36750000000000005,-0.0028531846570937582,0.12116227547327678,-0.0018860893712068598,2.1207464584449554e-07,1.2319509827089328e-07,107072.03200000002,1.0,106506.73112499999,9.061721286644806e-07,337.965815829406,2880.0,1.0,,253,,,,,,,,
3.9863625380003214,0.0011528653752369185,0.012581380316987634,0.0,0.0,0.007935000000000001,4.0,0.365,-0.005489026962701852,0.12320618114123742,-0.004511475291413565,1.546210774231819e-07,1.4823226468507755e-07,107092.70000000001,1.0,106557.187125,9.061721286644806e-07,321.1973042434122,2880.0,1.0,,254,,,,,,,,
3.850538587000301,0.0009863105976061586,0.012613932369276881,0.0,0.0,0.007887500000000002,4.0,0.36250000000000004,-0.002649281950046619,0.1205376082410415,-0.0016986339663465817,1.4738457772741262e-07,1.5527680001052127e-07,107056.76000000001,1.0,106513.8085625,9.061721286644806e-07,346.8607246892235,2880.0,1.0,,255,,,,,,,,
4.830890801000351,0.0013270988298851687,0.01570638024713844,0.0,0.0,0.00784,4.0,0.36,-0.0004741039762545067,0.12238308725257714,0.0004852618440054357,3.140545891492745e-07,1.722092720276199e-07,107098.884,1.0,106564.61975,9.061721286644806e-07,410.20699457888105,2880.0,1.0,,256,,,,,,,,
4.627127554999788,0.001872229661482076,0.01969401053308199,0.0,0.0,0.007792500000000001,4.0,0.35750000000000004,-0.002703995026725655,0.12026724188278119,-0.0017669245911141236,2.339789742696515e-07,1.7699077758948079e-07,107034.70800000001,1.0,106577.50468750001,9.061721286644806e-07,272.1083859949507,2880.0,1.0,,257,,,,,,,,
3.783043171999452,0.001018050680916834,0.011637369791666666,0.0,0.0,0.007745,4.0,0.355,-0.0013072062380767118,0.12062965085109074,-0.00037300408196945983,1.4963873458858265e-07,1.1988707478612545e-07,107080.59200000002,1.0,106546.63750000001,9.061721286644806e-07,280.0528477899315,2880.0,1.0,,258,,,,,,,,
3.9828206470001533,0.001428854758463179,0.01129557293218871,0.0,0.0,0.007697500000000001,4.0,0.35250000000000004,-0.004235480310550581,0.12081823498010635,-0.0033056307584047318,2.6759087508783824e-07,2.4348788111675884e-07,107050.86000000002,1.0,106500.28618750001,9.061721286644806e-07,369.96833910345026,2880.0,1.0,,259,,,,,,,,
5.42396537500008,0.00066636546459146,0.002864583337213844,0.0,0.0,0.0076500000000000005,4.0,0.35,-0.0005881113950939228,0.11770839740832646,0.000312246847897768,2.215307392342917e-07,1.7714426577460549e-07,107049.2,1.0,106605.2234375,9.061721286644806e-07,250.35250175788875,2880.0,1.0,,260,107141.324,106881.16000000002,106440.132,70000042,106406.22640000001,best_of_k,106881.16000000002,524.3226947073471
3.9007333580002523,0.0016302175620997634,0.015625000009701278,0.0,0.0,0.007602500000000002,4.0,0.34750000000000003,-0.0035756858997046947,0.11925479552398126,-0.0026692593237385154,5.793215957320778e-07,3.0024577017210657e-07,107063.19600000001,1.0,106419.7226875,9.061721286644806e-07,439.4030262748843,2880.0,1.0,,261,,,,,,,,
5.603027364999434,0.0007454618886792256,0.004166666651144624,0.0,0.0,0.007555000000000001,4.0,0.345,-0.0020708131875532367,0.11985343229025602,-0.00116582455423971,2.682887824789759e-06,4.6904926283749165e-07,106936.872,1.0,106356.3943125,9.061721286644806e-07,563.907590171387,2880.0,1.0,,262,,,,,,,,
4.559955980000268,0.0009295242028504921,0.00986328128298434,0.0,0.0,0.007507500000000002,4.0,0.3425,-0.0021294685817944505,0.11969494974861543,-0.001231090088064472,1.0047225978600711e-06,2.617403402164579e-07,107076.496,1.0,106536.2390625,9.061721286644806e-07,341.1648739610686,2880.0,1.0,,263,,,,,,,,
4.233448425000461,0.0006946286733485371,0.0026041666860692203,0.0,0.0,0.00746,4.0,0.33999999999999997,-0.00048785484492934,0.11840299268563588,0.00039532233495265245,2.7163847763726306e-07,1.6396498647708313e-07,107059.456,1.0,106529.3755625,9.061721286644806e-07,360.9451028384503,2880.0,1.0,,264,,,,,,,,
5.948804018000374,0.0003811548607094058,0.0026855468847012767,0.0,0.0,0.007412500000000001,4.0,0.3375,-0.0003477688806015067,0.11760031618177891,0.0005238213731596867,1.8976488824762328e-07,2.067958554026935e-07,107074.808,1.0,106532.7856875,9.061721286644806e-07,369.3088300594825,2880.0,1.0,,265,,,,,,,,
4.369480888999533,0.0006486609502947734,0.0025716146046761423,0.0,0.0,0.007365,4.0,0.33499999999999996,-0.0040213755443498185,0.11825254932045937,-0.003150555305182934,1.9952899658430093e-07,1.8004632747666469e-07,107111.64800000002,1.0,106561.1264375,9.061721286644806e-07,388.4360792869382,2880.0,1.0,,266,,,,,,,,
4.052178260000801,0.001031975894572194,0.011523437501940256,0.0,0.0,0.007317500000000001,4.0,0.3325,0.0012695768188374739,0.116813608755668,0.002124232705682516,2.3614963555000182e-07,2.0904042645023915e-07,107058.22,1.0,106515.9415,9.061721286644806e-07,487.685167996989,2880.0,1.0,,267,,,,,,,,
5.580095588999939,0.0012664755286095897,0.010709635496217137,0.0,0.0,0.00727,4.0,0.32999999999999996,-0.00406570882963327,0.11556227877736092,-0.0032257167622447014,3.7097231124031776e-07,2.1723102605619715e-07,107084.96,1.0,106521.174625,9.061721286644806e-07,422.4424471944216,2880.0,1.0,,268,,,,,,,,
4.478143600000294,0.0007053076381756304,0.00431315106106922,0.0,0.0,0.0072225000000000015,4.0,0.3275,-0.0010958284644099574,0.11621298361569643,-0.00025661747592190903,2.512668508813931e-07,2.2366953622565688e-07,107009.48400000001,1.0,106545.407875,9.061721286644806e-07,333.24979758956425,2880.0,1.0,,269,,,,,,,,
4.046228213999711,0.0003580585192442716,0.001611328140522043,0.0,0.0,0.007174999999999999,4.0,0.32499999999999996,-0.0024161069304682314,0.11433775971333186,-0.0015958879763881366,1.859374515097064e-07,2.717596068180228e-07,107066.60000000002,1.0,106488.578125,9.061721286644806e-07,428.5672779815125,2880.0,1.0,,270,,,,,,,,
5.413985954000054,0.0010351698292652145,0.009635416645323858,0.0,0.0,0.0071275,4.0,0.3225,0.0006788803778666382,0.11603676807135344,0.0015058415786673625,1.8306540935005464e-07,1.4567284149317553e-07,107016.62800000001,1.0,106541.2464375,9.061721286644806e-07,355.72116038452015,2880.0,1.0,,271,,,,,,,,
4.818212032999327,0.0008194920628739055,0.00861002605718871,0.0,0.0,0.0070799999999999995,4.0,0.31999999999999995,-0.00163385143969208,0.11652357286463182,-0.0008089868351817131,2.387800813371162e-07,1.9656381174589418e-07,107075.33200000001,1.0,106498.64387500001,9.061721286644806e-07,445.3435613270789,2880.0,1.0,,272,,,,,,,,
4.042993965999813,0.0007145071441906717,0.0052246094079843415,0.0,0.0,0.0070325000000000006,4.0,0.3175,-0.002934827483841218,0.11608272045850754,-0.0021185916072378554,2.609247757116388e-07,1.7839936461427897e-07,107043.928,1.0,106582.641625,9.061721286644806e-07,340.0932694208448,2880.0,1.0,,273,,,,,,,,
5.055739066000569,0.0011026738332778525,0.006966145854676142,0.0,0.0,0.006985,4.0,0.31499999999999995,0.0009935733420813146,0.11731510361035664,0.0018128595547750592,2.6673133509310293e-07,2.65784488343949e-07,107135.78400000003,1.0,106533.9625,9.061721286644806e-07,437.31082065762945,2880.0,1.0,,274,,,,,,,,
4.861363159000575,0.0017902610028007377,0.017171224016540993,0.0,0.0,0.006937500000000001,4.0,0.3125,-0.0016948681441135705,0.11712541120747726,-0.0008824013251190385,1.9646305086477392e-07,1.425974523646308e-07,107044.32,1.0,106612.1046875,9.061721286644806e-07,333.0696018383841,2880.0,1.0,,275,,,,,,,,
3.9301912649998485,0.001608955977038325,0.016292317770421505,0.0,0.0,0.006890000000000002,4.0,0.31000000000000005,-0.0017597931024890083,0.11504036498566468,-0.0009673870711897811,9.454830719827593e-07,2.5518283071808884e-07,107079.46399999999,1.0,106492.8395625,9.061721286644806e-07,584.2061283896802,2880.0,1.0,,276,,,,,,,,
4.771584890000668,0.00038892576230864506,0.0029622395910943546,0.0,0.0,0.006842500000000001,4.0,0.3075,0.002106395785328156,0.1133617057154576,0.0028815776264915862,2.4564610375440075e-06,5.011272848539269e-07,107085.47200000001,1.0,106537.76306250002,9.061721286644806e-07,403.56951850130116,2880.0,1.0,,277,,,,,,,,
5.282333498000298,0.0013841421678080224,0.01663411461049691,0.0,0.0,0.006795000000000002,4.0,0.30500000000000005,-0.0029691445136753223,0.11269542916367452,-0.0022036742496614656,8.641931401598413e-07,4.186342149973636e-07,107087.26,1.0,106545.31006250001,9.061721286644806e-07,344.3087694671697,2880.0,1.0,,278,,,,,,,,
3.9734793739999077,0.00040890210220823064,0.001188151043606922,0.0,0.0,0.0067475,4.0,0.3025,-0.0038280935720346556,0.1105484263971448,-0.0030838926516783736,2.363343097518585e-07,3.402203555917064e-06,107047.92000000001,1.0,106572.46881250001,9.061721286644806e-07,267.0092771695216,2880.0,1.0,,279,,,,,,,,
4.781612439000128,0.000454780409806214,0.001513671896342809,0.0,0.0,0.006700000000000001,4.0,0.30000000000000004,-0.0026583400710175433,0.10913979479422171,-0.0019274903849388163,1.5684223549546536e-07,7.442362554381058e-07,107041.528,1.0,106474.0409375,9.061721286644806e-07,429.767701459021,2880.0,1.0,,280,107141.324,107065.98,106595.364,70000042,106479.00013333335,best_of_k,107065.98,483.72819365312523
4.154565554000328,0.0006130885133946625,0.007307942714154099,0.0,0.0,0.0066525,4.0,0.2975,0.0027147331663096943,0.10823538309584062,0.003434643770257632,1.5023258044995677e-07,2.1926691573526114e-07,106951.58000000002,1.0,106574.652625,9.061721286644806e-07,289.31153575187966,2880.0,1.0,,281,,,,,,,,
4.17021648500031,0.0006028918238977591,0.0032714843788805106,0.0,0.0,0.0066050000000000015,4.0,0.29500000000000004,-0.0015116888631988938,0.11024592444300652,-0.0007836139702703804,1.608430316342909e-07,1.663491821328004e-07,107049.42000000001,1.0,106621.47581250001,9.061721286644806e-07,297.7470622184463,2880.0,1.0,,282,,,,,,,,
6.0414278910002395,0.0009028793295631962,0.007991536433110014,0.0,0.0,0.006557500000000001,4.0,0.2925,-0.004550797903599839,0.10979736068596442,-0.0038309350881415107,2.1941699065071893e-07,2.2353105026221934e-07,107063.40400000001,1.0,106579.1594375,9.061721286644806e-07,454.8817890001008,2880.0,1.0,,283,,,,,,,,
4.153817473999879,0.0009219485145877115,0.010400390659924597,0.0,0.0,0.006510000000000002,4.0,0.29000000000000004,-0.003458803150958071,0.10810444597154856,-0.002755133085884154,1.7336942518634638e-07,1.446449102715519e-07,107047.39600000001,1.0,106533.1791875,9.061721286644806e-07,360.3951736935321,2880.0,1.0,,284,,,,,,,,
3.9874815440007296,0.0005056263429044824,0.0041178385727107525,0.0,0.0,0.0064624999999999995,4.0,0.2875,-0.001367458741394027,0.10803449215988319,-0.0006693843024550006,2.0449504667396923e-07,1.556243945562604e-07,107092.1,1.0,106582.8389375,9.061721286644806e-07,393.8284831111424,2880.0,1.0,,285,,,,,,,,
6.0461444960001245,0.0004532843944010286,0.0024902343769402555,0.0,0.0,0.0064150000000000006,4.0,0.28500000000000003,-0.0008400006942489805,0.10934397236754496,-0.0001386410828369359,1.8003892954254752e-07,1.2862225299651678e-07,107105.34000000001,1.0,106605.104375,9.061721286644806e-07,302.6154387252256,2880.0,1.0,,286,,,,,,,,
4.2298140460006834,0.0002630259999326275,0.0010742187538805108,0.0,0.0,0.0063675,4.0,0.2825,-0.00377886435308028,0.10974716674536467,-0.0030801521497778594,4.024224775633911e-07,1.2510384876189087e-07,107155.48000000001,1.0,106601.5588125,9.061721286644806e-07,259.77931107064654,2880.0,1.0,,287,,,,,,,,
4.06199990299956,0.0008680471675385585,0.010302734415745363,0.0,0.0,0.006320000000000001,4.0,0.28,-0.002777493301740227,0.1096608346949021,-0.002084581181406975,2.844832203881727e-07,2.3270686148417022e-07,107066.76000000001,1.0,106549.55356250002,9.061721286644806e-07,348.76523190007197,2880.0,1.0,,288,,,,,,,,
5.89108238100016,0.0012627528485609218,0.012467448027261222,0.0,0.0,0.0062725,4.0,0.27749999999999997,-0.003979356348281726,0.1116209930429856,-0.0032796199278285107,3.416161842295651e-07,7.443979045026102e-07,107089.78800000002,1.0,106627.261,9.061721286644806e-07,462.7863746605981,2880.0,1.0,,289,,,,,,,,
3.996873512000093,0.0014659920683091816,0.018164062455374125,0.0,0.0,0.006225000000000001,4.0,0.275,-0.0018363975686952472,0.11569896433502436,-0.0011163607511358957,5.183522381694653e-07,2.751571832604327e-07,107072.84000000001,1.0,106556.774875,9.061721286644806e-07,324.6487960546508,2880.0,1.0,,290,,,,,,,,
4.00708174600004,0.0003906761994585395,0.0030761718905220428,0.0,0.0,0.006177500000000001,4.0,0.27249999999999996,-0.002210710276510023,0.11466444842517376,-0.00150249326058353,3.968040349633384e-07,1.6595888692923685e-07,107090.77600000001,1.0,106653.89356250002,9.061721286644806e-07,383.42978520103327,2880.0,1.0,,291,,,,,,,,
5.405309273000057,0.0005590284216623331,0.004199218751940255,0.0,0.0,0.006130000000000002,4.0,0.27,-0.0034323302582682422,0.11454548500478268,-0.002730277231118331,1.503464860756291e-07,1.9207381196650886e-07,107060.852,1.0,106555.56425000001,9.061721286644806e-07,385.59916865566316,2880.0,1.0,,292,,,,,,,,
4.553470293000828,0.001062919664036599,0.009667968814028427,0.0,0.0,0.006082499999999999,4.0,0.26749999999999996,-0.003341292991535738,0.11354424990713596,-0.0026507715422970555,2.1778566713000677e-07,1.7890993664337884e-07,107153.56000000001,1.0,106589.67018749999,9.061721286644806e-07,395.91419659815955,2880.0,1.0,,293,,,,,,,,
3.998758708999958,0.0016460651240777224,0.01472981774713844,0.0,0.0,0.006035,4.0,0.265,-0.0011268727054509025,0.11411674010256927,-0.0004382664531779786,2.2128810991025224e-07,1.3169521384526206e-07,107048.74000000002,1.0,106592.9275625,9.061721286644806e-07,316.5065373054072,2880.0,1.0,,294,,,,,,,,
5.005747898999289,0.0009721544853770562,0.012646484421566129,0.0,0.0,0.0059875,4.0,0.26249999999999996,-0.0027819028279433646,0.11409973228971164,-0.0020988553684825697,2.1120280576288528e-07,2.080455363540068e-07,107045.748,1.0,106498.26631250001,9.061721286644806e-07,492.53889038623487,2880.0,1.0,,295,,,,,,,,
4.774964465999801,0.0021340140653289077,0.022623698168899864,0.0,0.0,0.005940000000000001,4.0,0.26,-0.001881903122315028,0.11515553885449965,-0.0011980200458007555,2.0126272145167454e-07,2.3985859994487174e-07,107054.428,1.0,106549.95775,9.061721286644806e-07,476.28894494407234,2880.0,1.0,,296,,,,,,,,
3.970854120000695,0.0010195320058604314,0.00927734372089617,0.0,0.0,0.0058925,4.0,0.25749999999999995,0.001400812742455552,0.11278378653029601,0.002065289629778514,1.2693538250137712e-07,1.77400753642587e-07,107018.42000000001,1.0,106623.53475,9.061721286644806e-07,263.3314983503456,2880.0,1.0,,297,,,,,,,,
4.601308838000477,0.0006224820754141547,0.0035481770949748657,0.0,0.0,0.005845000000000001,4.0,0.255,-0.0006500703263251731,0.11324052978307009,1.1745820908496777e-05,1.0469667000023719e-07,1.2857274415504585e-07,107039.69200000001,1.0,106591.73787499999,9.061721286644806e-07,321.5151897305719,2880.0,1.0,,298,,,,,,,,
5.174753154999962,0.000657138932486608,0.00846354165696539,0.0,0.0,0.005797500000000001,4.0,0.25249999999999995,-0.0010664577397013393,0.11480098931739728,-0.0004009834568326672,1.4717054241941696e-07,1.397701770618672e-07,107043.68000000001,1.0,106602.944625,9.061721286644806e-07,355.30542637442204,2880.0,1.0,,299,,,,,,,,
4.052820953000264,0.0005926427929807687,0.0036783854205471775,0.0,0.0,0.005750000000000002,4.0,0.25,-0.0010181661248983194,0.11381990586717923,-0.0003638026537373662,2.319803063718003e-07,1.5484297577472717e-07,107027.892,1.0,106609.0350625,9.061721286644806e-07,404.9811836985435,2880.0,1.0,,300,107155.48000000001,106927.912,106834.43600000002,70000042,106440.7408,best_of_k,106927.912,479.6621955672855
5.993054173999553,0.0008849820995540844,0.004492187523283064,0.0,0.0,0.005702500000000001,4.0,0.24750000000000005,-0.0023409930096628764,0.11204734227309625,-0.0017021360884731014,2.239393204206408e-07,1.4206455597095177e-07,107041.57200000001,1.0,106604.02493750001,9.061721286644806e-07,346.97413402640296,2880.0,1.0,,301,,,,,,,,
4.094204656999864,0.0015522132962360047,0.01956380222691223,0.0,0.0,0.005655,4.0,0.245,0.00018352091622849306,0.11129743978381157,0.0008126365719363093,4.0201873237795854e-07,4.616379551218112e-07,107058.72400000002,1.0,106514.07218750002,9.061721286644806e-07,503.2804840530933,2880.0,1.0,,302,,,,,,,,
3.966002096000011,0.0009479643692126652,0.006429036477735887,0.0,0.0,0.005607500000000001,4.0,0.24250000000000005,9.120725735556334e-06,0.11206632697333892,0.0006368956140552958,1.7873581784992135e-07,1.2396460427055445e-06,107023.76000000001,1.0,106538.576125,9.061721286644806e-07,363.895946373389,2880.0,1.0,,303,,,,,,,,
5.431816817000254,0.0005166569723466333,0.005257161508779973,0.0,0.0,0.005560000000000001,4.0,0.24,-0.0004721946849410112,0.11050582025200129,0.00014207993323604265,1.478449866236057e-07,2.46661125302694e-07,107075.36,1.0,106555.1015625,9.061721286644806e-07,403.68854372375966,2880.0,1.0,,304,,,,,,,,
4.376427450999472,0.0005552686240359132,0.0059570312829843415,0.0,0.0,0.005512500000000002,4.0,0.23750000000000004,0.0010442185909293282,0.11045451120783885,0.0016529971204969722,1.4123400730407335e-07,1.7515595314894958e-07,106994.64400000001,1.0,106569.95993750003,9.061721286644806e-07,325.60617966532357,2880.0,1.0,,305,,,,,,,,
3.919140144999801,0.0009107667210628279,0.009928385455471775,0.0,0.0,0.005465000000000001,4.0,0.235,-0.002897166933204668,0.10947129285583894,-0.002298999713578572,1.6480685557003957e-07,1.5250160245727784e-07,107084.46800000001,1.0,106529.47343750001,9.061721286644806e-07,418.8772710874679,2880.0,1.0,,306,,,,,,,,
4.861710940000194,0.0006461307542243352,0.0077148438431322575,0.0,0.0,0.005417500000000002,4.0,0.23250000000000004,0.00188290288982292,0.10892751564582188,0.0024728861171752214,1.9892490558485557e-07,2.22661334703389e-07,107026.776,1.0,106585.4924375,9.061721286644806e-07,331.0608609773437,2880.0,1.0,,307,,,,,,,,
4.7595160230002875,0.00046543097172010067,0.0035970052219151207,0.0,0.0,0.00537,4.0,0.22999999999999998,-0.0015933575729529064,0.10995417553931475,-0.0010032026718060176,2.2129058644774582e-07,5.548402442675145e-07,107049.64400000001,1.0,106552.1249375,9.061721286644806e-07,433.9913157966076,2880.0,1.0,,308,,,,,,,,
3.9157430479999675,0.0006114694503291199,0.0022298177160943546,0.0,0.0,0.005322500000000001,4.0,0.22750000000000004,0.0025169024326411695,0.11238674260675907,0.0031149816738131144,1.7149537730650385e-07,1.642074100397887e-07,107114.244,1.0,106641.809625,9.061721286644806e-07,385.0090062938272,2880.0,1.0,,309,,,,,,,,
4.477040721000776,0.00024111001099906085,0.0019368489738553762,0.0,0.0,0.005275,4.0,0.22499999999999998,0.0018366866958482813,0.11257307821263869,0.0024304348432148495,1.210774573934259e-07,1.2484197113119913e-07,107045.872,1.0,106649.1859375,9.061721286644806e-07,314.0758385231125,2880.0,1.0,,310,,,,,,,,
5.118363767999654,0.000513697553590949,0.005371093769402553,0.0,0.0,0.005227500000000001,4.0,0.22250000000000003,-0.0018969677718511473,0.11159949284046888,-0.0013136604684405029,1.556783555400898e-07,1.2729334801046358e-07,107072.84,1.0,106594.2269375,9.061721286644806e-07,315.60286204203237,2880.0,1.0,,311,,,,,,,,
3.9585949570000594,0.0003669177331175888,0.0038248697916666665,0.0,0.0,0.005180000000000001,4.0,0.21999999999999997,0.00027539426082512364,0.11087351168195407,0.0008496201286713282,1.9001233593958963e-07,1.5858359544059417e-07,107067.70400000001,1.0,106651.1124375,9.061721286644806e-07,310.0403203529507,2880.0,1.0,,312,,,,,,,,
4.1873107139999775,0.0006053318563014424,0.005273437505820766,0.0,0.0,0.005132500000000002,4.0,0.21750000000000003,-0.0012083961046300828,0.11050040399034818,-0.0006413435621652752,1.4901502313572715e-07,1.5161678520077734e-07,107083.548,1.0,106606.9046875,9.061721286644806e-07,329.87280459410215,2880.0,1.0,,313,,,,,,,,
5.746916004000013,0.0002938422776423977,0.0008626302102735887,0.0,0.0,0.005085000000000001,4.0,0.21499999999999997,-0.0005589057788408051,0.10953537716219823,-2.02594674192369e-06,9.913430965013958e-08,1.9426580818067882e-07,107067.672,1.0,106648.53525,9.061721286644806e-07,308.24709467396355,2880.0,1.0,,314,,,,,,,,
3.9661865759999273,0.00040366885362648947,0.0027506510474874326,0.0,0.0,0.005037500000000002,4.0,0.21250000000000002,-0.0009840084094321355,0.11117539368569851,-0.0004240425769239664,1.0960548468830211e-07,1.3892838020742224e-07,107084.108,1.0,106600.48300000001,9.061721286644806e-07,437.1680997940032,2880.0,1.0,,315,,,,,,,,
3.9417828670002564,0.00034507231490958173,0.004150390625,0.0,0.0,0.00499,4.0,0.20999999999999996,0.0003816042250643174,0.11053613262871902,0.000933120958507061,9.922538731406878e-08,9.708234749439271e-08,107056.9,1.0,106703.34575000001,9.061721286644806e-07,250.8079314394546,2880.0,1.0,,316,,,,,,,,
6.042287121999834,0.00028931384137346566,8.138020833333333e-05,0.0,0.0,0.004942500000000001,4.0,0.20750000000000002,-0.0010811922984430566,0.11066011463602383,-0.000534417515154928,1.9806869833161045e-07,2.854009112004026e-07,107087.69200000001,1.0,106598.2609375,9.061721286644806e-07,469.4173443982153,2880.0,1.0,,317,,,,,,,,
3.9580221309997796,0.0004455883117771009,0.004996744799427688,0.0,0.0,0.004895,4.0,0.20499999999999996,0.00032485985623983044,0.10976966749876738,0.0008620498992968351,1.6591316261601227e-07,2.3234855017761902e-07,107090.1,1.0,106606.79325000002,9.061721286644806e-07,286.4714600382375,2880.0,1.0,,318,,,,,,,,
3.932057774999521,0.0005618295872409362,0.0015787760494276881,0.0,0.0,0.004847500000000001,4.0,0.2025,-0.0005360273935366422,0.11177494345853727,5.72613983725508e-06,1.3114243409736068e-07,1.25174863067438e-07,107098.276,1.0,106646.56381250001,9.061721286644806e-07,304.28752410379025,2880.0,1.0,,319,,,,,,,,
5.831629872999656,0.00025737445594131714,0.0004069010416666667,0.0,0.0,0.0048000000000000004,4.0,0.19999999999999996,-0.003092817477105806,0.11164065698782603,-0.0025570261059328914,1.239225119557356e-07,1.4333225302938976e-07,107070.668,1.0,106661.0611875,9.061721286644806e-07,317.75697779095015,2880.0,1.0,,320,107155.48000000001,107046.01200000002,106981.48400000001,70000042,106467.96066666668,best_of_k,107046.01200000002,617.1299086509739
3.8641081499999927,0.0007900918002026932,0.007861328156044086,0.0,0.0,0.0047525000000000015,4.0,0.1975,0.000452030496186732,0.11089083055655162,0.0009789352770894766,1.6238933516395568e-07,1.7527918257561245e-07,107049.092,1.0,106542.91506249999,9.061721286644806e-07,382.43372905102416,2880.0,1.0,,321,,,,,,,,
4.177314178000415,0.00046561024282709695,0.0060058594099245965,0.0,0.0,0.004704999999999999,4.0,0.19499999999999995,-0.0018621632286037009,0.10886807491381963,-0.001350025840414067,1.3489412668358605e-07,1.4759888629830206e-07,107058.62000000001,1.0,106608.141375,9.061721286644806e-07,371.5600002168016,2880.0,1.0,,322,,,,,,,,
5.427669417000288,0.0011653538648109436,0.014046224066987634,0.0,0.0,0.0046575,4.0,0.1925,-0.0012752133382794757,0.10927138943225145,-0.0007663729447813239,1.7625996188523155e-07,1.4708484149158116e-07,107058.78,1.0,106573.6535,9.061721286644806e-07,345.7067751697234,2880.0,1.0,,323,,,,,,,,
3.9329497540002194,0.0007167263077766014,0.0034505208507956318,0.0,0.0,0.0046099999999999995,4.0,0.18999999999999995,-0.002577322603125746,0.11059163697063923,-0.0020675619452958927,1.1011829492701963e-07,1.1149308735506717e-07,107084.248,1.0,106687.7940625,9.061721286644806e-07,282.60207134502076,2880.0,1.0,,324,,,,,,,,
3.949808359000599,0.00029772600646538194,0.0012369791705471773,0.0,0.0,0.004562500000000001,4.0,0.1875,0.0016182387771550566,0.11035446046541135,0.0021216635747502246,8.601679250356635e-08,1.1811017675000812e-07,107112.33200000001,1.0,106702.049,9.061721286644806e-07,311.9915973660183,2880.0,1.0,,325,,,,,,,,
5.939151100000345,0.00013234674437020053,0.00016276041666666666,0.0,0.0,0.004515000000000002,4.0,0.18500000000000005,-0.00010509346247999929,0.10933324477324884,0.00038848309001574915,8.913159158889054e-08,1.0839187384685071e-07,107103.05600000001,1.0,106703.67231250001,9.061721286644806e-07,268.0257770535383,2880.0,1.0,,326,,,,,,,,
3.8234547090005435,0.00040727868751370505,0.0033365885610692203,0.0,0.0,0.004467500000000001,4.0,0.1825,-0.003171672336369132,0.10869797971099615,-0.002686140088674923,1.0528814087251703e-07,1.3077131259346211e-07,107105.34000000001,1.0,106624.8313125,9.061721286644806e-07,294.73824025782244,2880.0,1.0,,327,,,,,,,,
3.876619675999791,0.000748781240417884,0.008382161535943547,0.0,0.0,0.004420000000000002,4.0,0.18000000000000005,-0.001155547205902015,0.1080235755071044,-0.0006781414655658106,1.0217374205960066e-07,9.660968380842405e-08,107099.428,1.0,106714.18506250001,9.061721286644806e-07,257.56918357719354,2880.0,1.0,,328,,,,,,,,
5.672127130999797,0.0003568986556577632,0.0009928385455471773,0.0,0.0,0.004372500000000001,4.0,0.1775,-0.0018975702114403248,0.10913700113693874,-0.001420433836756274,1.405181396426277e-07,1.0195536829608424e-07,107104.06000000001,1.0,106615.45743750001,9.061721286644806e-07,350.447671931468,2880.0,1.0,,329,,,,,,,,
3.870941629999834,0.000646412309530812,0.004638671884701277,0.0,0.0,0.0043250000000000025,4.0,0.17500000000000004,0.0011132176829657208,0.11154040694236755,0.0015955697745084763,1.0498756767655475e-07,9.926818389516257e-08,107111.684,1.0,106713.363625,9.061721286644806e-07,301.39962636815017,2880.0,1.0,,330,,,,,,,,
3.797275470999921,0.00024464229484995786,0.0010416666821887095,0.0,0.0,0.0042775,4.0,0.1725,-0.0040712287300266325,0.1120544271543622,-0.003591977331476907,8.804180347728637e-08,1.0693622047123578e-07,107074.94800000002,1.0,106649.769,9.061721286644806e-07,328.5772005807787,2880.0,1.0,,331,,,,,,,,
5.556416332000481,0.0005253071549304877,0.004882812509701277,0.0,0.0,0.004230000000000001,4.0,0.17000000000000004,0.0003211096433612208,0.11261208138118188,0.0007973639682556192,1.4133466515649692e-07,1.6122288866900666e-07,107030.872,1.0,106526.441625,9.061721286644806e-07,428.1687829931794,2880.0,1.0,,332,,,,,,,,
4.117158103999827,0.00036423455772667995,0.00374348959303461,0.0,0.0,0.004182500000000002,4.0,0.16749999999999998,-0.0003164267885343482,0.11176103601853053,0.0001508058630861342,8.764606107547479e-08,3.989045334051866e-07,107085.104,1.0,106689.0094375,9.061721286644806e-07,269.7641853011344,2880.0,1.0,,333,,,,,,,,
4.013604146000034,0.00046696171580151713,0.004492187523283064,0.0,0.0,0.004135,4.0,0.16500000000000004,-0.003429481585044414,0.11052283458411694,-0.002972864507076641,1.7050492602995368e-07,7.546549003478731e-07,107139.47200000001,1.0,106552.9925625,9.061721286644806e-07,525.647806743196,2880.0,1.0,,334,,,,,,,,
5.314569119000225,0.0006601567996161369,0.005745442729676142,0.0,0.0,0.004087500000000001,4.0,0.16249999999999998,0.0001280741998925805,0.11144570478548606,0.0005835139115030566,1.3483158352774657e-07,1.626204960321805e-07,107032.384,1.0,106594.4161875,9.061721286644806e-07,337.7480163594082,2880.0,1.0,,335,,,,,,,,
4.466111308000109,0.00024245715788614083,0.0015950520852735888,0.0,0.0,0.004040000000000002,4.0,0.16000000000000003,0.0014535977534251288,0.11052680294960737,0.0019000314350705594,1.6786903452488863e-07,1.5544035155320066e-07,107079.08000000002,1.0,106607.5491875,9.061721286644806e-07,432.7717164866971,2880.0,1.0,,336,,,,,,,,
4.017510935000246,0.0010600574693550395,0.009814453146342808,0.0,0.0,0.0039924999999999995,4.0,0.15749999999999997,-0.004407710056208695,0.11049696989357471,-0.0039666273320714636,1.3408480015186797e-07,1.2541477397339426e-07,107018.41200000001,1.0,106578.2830625,9.061721286644806e-07,349.74220623106254,2880.0,1.0,,337,,,,,,,,
4.954902389000381,0.0003107802117483516,0.0007812500019402554,0.0,0.0,0.003945000000000001,4.0,0.15500000000000003,-0.0026397128798028766,0.10905687293658654,-0.0022095411841291934,9.893386761679797e-08,9.547823598410332e-08,107070.24399999999,1.0,106682.4763125,9.061721286644806e-07,316.8795840562362,2880.0,1.0,,338,,,,,,,,
4.9205305799996495,0.000978151817738156,0.012255859406044086,0.0,0.0,0.0038975000000000017,4.0,0.15249999999999997,-0.0005101233558283033,0.10936327930539846,-8.395893867903699e-05,1.310170046527522e-07,1.3264361461059101e-07,107099.34800000001,1.0,106631.93631250001,9.061721286644806e-07,415.7969841366743,2880.0,1.0,,339,,,,,,,,
3.953130381999472,0.001029637961134237,0.011344401059128964,0.0,0.0,0.0038500000000000027,4.0,0.15000000000000002,-0.002260348201768162,0.1099771164978544,-0.0018370003284265597,1.0867454551070448e-07,1.0660885359688639e-07,107082.252,1.0,106659.95193750001,9.061721286644806e-07,301.5126319223567,2880.0,1.0,,340,107155.48000000001,107046.01200000002,106981.48400000001,70000042,106547.242,best_of_k,107046.01200000002,455.8807850547496
5.78408089200002,0.0003728787031225996,0.0019205729477107525,0.0,0.0,0.0038025000000000003,4.0,0.14749999999999996,0.0010145276707286637,0.10821185323099296,0.0014259451806234817,7.990609951491479e-08,1.008475685182475e-07,107067.58800000002,1.0,106670.50175000001,9.061721286644806e-07,311.82806368003327,2880.0,1.0,,341,,,,,,,,
3.8312758879992543,0.0006117307824145731,0.006380208350795631,0.0,0.0,0.0037550000000000014,4.0,0.14500000000000002,-0.002084862324409187,0.10967321352412303,-0.0016730987117625773,8.248510511658462e-08,1.0269644394137838e-07,107082.22000000002,1.0,106638.7098125,9.061721286644806e-07,290.5112276220422,2880.0,1.0,,342,,,,,,,,
3.9032602190000034,0.0005792977238646321,0.006624349004899462,0.0,0.0,0.003707499999999999,4.0,0.14249999999999996,-0.0014451095000064622,0.10902192164212465,-0.001040962776945283,6.27689116979487e-08,9.079125747509427e-08,107079.43600000002,1.0,106713.34618750002,9.061721286644806e-07,345.74023991425395,2880.0,1.0,,343,,,,,,,,
5.669752452000466,0.0005699514793680768,0.008512369822710752,0.0,0.0,0.00366,4.0,0.14,-0.0009256834746338427,0.10934001486748457,-0.0005255625195180377,1.0162774503423104e-07,1.0688683123779204e-07,107094.748,1.0,106654.0764375,9.061721286644806e-07,370.2133428451219,2880.0,1.0,,344,,,,,,,,
4.170143829000153,0.0006961052392095249,0.009716796911864852,0.0,0.0,0.003612500000000001,4.0,0.13749999999999996,-0.00043021903062860173,0.11007733922451735,-3.26321217774724e-05,1.0623157553624196e-07,1.1268693208184762e-07,107074.65200000002,1.0,106605.5415,9.061721286644806e-07,306.78025957556434,2880.0,1.0,,345,,,,,,,,
3.8836699150006098,0.0004004615186659066,0.0027018229205471775,0.0,0.0,0.003565000000000002,4.0,0.135,-0.0005470348502664516,0.10824719506005447,-0.00016118853818625212,8.612377803511133e-08,9.241914374532219e-08,107097.86,1.0,106639.79143750001,9.061721286644806e-07,324.0000770893967,2880.0,1.0,,346,,,,,,,,
5.295813671999895,0.0002064966124635248,0.0017415364757956315,0.0,0.0,0.0035175,4.0,0.13249999999999995,-0.0029734864122777558,0.10843198746442795,-0.0025921343282486,1.1672071279870504e-07,9.11060732041354e-08,107068.308,1.0,106688.78006250001,9.061721286644806e-07,296.6848134708728,2880.0,1.0,,347,,,,,,,,
4.565391635999731,0.00046766452267850883,0.005566406296566129,0.0,0.0,0.003470000000000001,4.0,0.13,-0.0005087418054851393,0.1081410391877095,-0.00013364810729399323,2.284923977432148e-07,2.6575546800226374e-07,107066.62000000001,1.0,106576.62800000001,9.061721286644806e-07,604.4641459983382,2880.0,1.0,,348,,,,,,,,
3.7906748630002767,0.001238530784272977,0.015445963654201478,0.0,0.0,0.0034224999999999985,4.0,0.12749999999999995,0.0009216640222196778,0.10682498198002577,0.0012870958986847352,1.2780138784288889e-07,3.269860959775883e-07,107052.28800000002,1.0,106677.04337500001,9.061721286644806e-07,323.79411768762884,2880.0,1.0,,349,,,,,,,,
4.5367578289997255,0.0005359680358196783,0.005582682342113306,0.0,0.0,0.0033749999999999995,4.0,0.125,0.001597039110492915,0.10752617412557204,0.001959855784662068,1.1953470184048834e-07,1.4474492567491856e-07,107168.812,1.0,106699.56506250001,9.061721286644806e-07,328.75508225824234,2880.0,1.0,,350,,,,,,,,
5.21293834700009,0.0005797315667829631,0.005240885424427688,0.0,0.0,0.0033275000000000006,4.0,0.12250000000000005,-0.003133357754753282,0.10564874826620023,-0.002781933251147469,1.967666903487005e-07,2.025599243893339e-07,107057.96,1.0,106698.5631875,9.061721286644806e-07,593.6664873938842,2880.0,1.0,,351,,,,,,,,
3.9970472289996906,0.0002395125317586159,0.0015625000038805108,0.0,0.0,0.0032800000000000017,4.0,0.12,0.00033082951267715544,0.10478634076813857,0.000674455829236346,1.0102987513249673e-07,1.2642314158502663e-07,107108.27600000001,1.0,106666.77612500002,9.061721286644806e-07,365.15907768667904,2880.0,1.0,,352,,,,,,,,
4.049879706999491,0.0004715876590732175,0.0035481770852735886,0.0,0.0,0.0032325000000000027,4.0,0.11750000000000005,-0.0030374300258699805,0.10510291904211044,-0.002697756150155328,9.395851356212385e-08,1.2298353209890442e-07,107109.34800000001,1.0,106691.01150000001,9.061721286644806e-07,353.26170829535226,2880.0,1.0,,353,,,,,,,,
5.539054344999386,0.00012405061988829402,0.0003743489602735887,0.0,0.0,0.0031850000000000003,4.0,0.11499999999999999,0.0004504158059717156,0.10627401216576497,0.000788844112927715,8.823239087500194e-08,9.205772618277781e-08,107057.584,1.0,106698.84862500001,9.061721286644806e-07,263.6998993450898,2880.0,1.0,,354,,,,,,,,
3.7417000160003226,0.0005622011182519296,0.006494140630820766,0.0,0.0,0.0031375000000000014,4.0,0.11250000000000004,0.001753887578767414,0.10614290305723746,0.00208685869195809,7.002940745811277e-08,9.040924157469969e-08,107088.03600000001,1.0,106681.596625,9.061721286644806e-07,275.39461224415953,2880.0,1.0,,355,,,,,,,,
3.776902605000032,0.0003670276588915537,0.0020182291821887097,0.0,0.0,0.003089999999999999,4.0,0.10999999999999999,-0.00017010162506873408,0.10625539192308982,0.00015816135176767906,9.744559825719534e-08,1.1344897821174982e-07,107093.604,1.0,106625.96156250002,9.061721286644806e-07,322.75722649587516,2880.0,1.0,,356,,,,,,,,
5.808186651000142,0.00023403028778072135,0.0008626302102735887,0.0,0.0,0.0030425,4.0,0.10750000000000004,3.4460196426759162e-06,0.10721063800156116,0.00032958074007183313,8.722016027936282e-08,9.124663780113451e-08,107100.708,1.0,106709.04587500001,9.061721286644806e-07,269.934153760662,2880.0,1.0,,357,,,,,,,,
3.981766783999774,0.0005410343674157048,0.005192057307188709,0.0,0.0,0.002995000000000001,4.0,0.10499999999999998,0.0009373692179603191,0.1050097510839502,0.00125180227526774,1.302028467264904e-07,1.158159621539312e-07,107122.62400000001,1.0,106618.79643750002,9.061721286644806e-07,397.05162218918025,2880.0,1.0,,358,,,,,,,,
3.8522059900005843,4.278434554786751e-05,8.138020833333333e-05,0.0,0.0,0.002947500000000002,4.0,0.10250000000000004,-0.0006777440491229451,0.10697565445055564,-0.0003624905055706525,9.018969452749086e-08,9.566013048356581e-08,107177.984,1.0,106682.929,9.061721286644806e-07,277.23694575759674,2880.0,1.0,,359,,,,,,,,
5.845237333000114,0.0021338625932306363,0.022770182384798925,0.0,0.0,0.0029,4.0,0.09999999999999998,-0.0017979118662575881,0.10432739866276582,-0.001495424813280503,9.66653267061209e-08,1.0692213040878566e-07,107107.82,1.0,106656.731,9.061721286644806e-07,307.9288090671283,2880.0,1.0,,360,107177.984,107059.63200000001,106964.97600000001,70000042,106566.13373333334,best_of_k,107059.63200000001,517.8875423921666
