elapsed_seconds,optimization_approximate_kl,optimization_clip_fraction,optimization_count_loss,optimization_early_kl_stop,optimization_entropy_coefficient,optimization_epochs_completed,optimization_learning_rate_fraction,optimization_loss,optimization_normalized_entropy,optimization_policy_loss,optimization_q_loss,optimization_value_loss,rollout_best_objective,rollout_feasible_rate,rollout_mean_objective,rollout_reward_scale,rollout_std_objective,rollout_transitions,rollout_vectorized_rollouts,self_imitation_loss,update,validation_archive_best_objective,validation_best_of_k_objective,validation_deterministic_objective,validation_fixed_validation_seed,validation_mean_stochastic_objective,validation_selection_metric,validation_selection_objective,validation_std_stochastic_objective
1.9279799910000293,0.01046521685202606,0.1304117855615914,0.0,0.0,0.0199525,4.0,0.9975,-0.014613193459808826,0.755636528134346,-0.0056209631147794425,0.046948597231676104,0.0027794948910013773,9067.95275,1.0,6058.7126328125,2.6305898801864956e-05,1426.7327288378451,1920.0,1.0,,1,9067.95275,8665.67325,0.0,70000042,7086.737099999999,best_of_k,8665.67325,990.9506666525032
1.7508654069997647,0.011267466009788526,0.22612847636143366,0.0,1.0,0.019905,3.0,0.995,-0.029813715800022084,0.7892368684212366,-0.01488111245756348,0.005782572310029839,0.00039780043880455196,9009.90325,1.0,6379.05087890625,2.6305898801864956e-05,1215.9455628234005,1920.0,1.0,,2,,,,,,,,
1.7807746359999328,0.010483561538421782,0.2139485701918602,0.0,0.0,0.0198575,4.0,0.9925,-0.028293524926993996,0.807305496186018,-0.012716323646600358,0.0022008829582773615,0.000467559739263379,10957.377750000001,1.0,8145.332984375,2.6305898801864956e-05,1269.4839518642236,1920.0,1.0,,3,,,,,,,,
1.8059099339998284,0.00840267408057116,0.156494140625,0.0,0.0,0.01981,4.0,0.99,-0.026053499605040997,0.8013266883790493,-0.010554442997090518,0.0013432916493911762,0.00048179163604800124,11707.701250000004,1.0,8932.87344140625,2.6305898801864956e-05,1467.9533135403872,1920.0,1.0,,4,,,,,,,,
1.775642643000083,0.010312905392311222,0.20646159071475267,0.0,0.0,0.0197625,4.0,0.9875,-0.027063014917075634,0.8011852093040943,-0.011523262364789844,0.0008508620740030892,0.00041716422128956765,12256.81825,1.0,9221.63956640625,2.6305898801864956e-05,1369.0731048738153,1920.0,1.0,,5,,,,,,,,
1.6246512299999267,0.009852438156182567,0.16796875248352686,0.0,1.0,0.019715,3.0,0.985,-0.024355497444048524,0.7522060771783193,-0.009803372280051311,0.000738300111455222,0.0004075781034771353,13415.820499999998,1.0,10337.880234375,2.6305898801864956e-05,1255.1886030169242,1920.0,1.0,,6,,,,,,,,
1.711434084999837,0.00764043687377125,0.15437825676053762,0.0,0.0,0.0196675,4.0,0.9825,-0.02249383949674666,0.731345035135746,-0.00832558807451278,0.0005648264232149813,0.00031799014686839655,12941.455500000002,1.0,11080.7637578125,2.6305898801864956e-05,978.570192051387,1920.0,1.0,,7,,,,,,,,
1.7183740360001138,0.00984875154972542,0.15563965062028728,0.0,0.0,0.019620000000000002,4.0,0.98,-0.026931001717457548,0.7038905322551727,-0.013301024213433266,0.00044191624328959733,0.000272325338301016,13448.143999999998,1.0,11684.562417968751,2.6305898801864956e-05,1013.6109992006939,1920.0,1.0,,8,,,,,,,,
1.744349671999771,0.007959860944538377,0.14172363467514515,0.0,0.0,0.0195725,4.0,0.9775,-0.023188596358522773,0.6801225058734417,-0.010044337839644868,0.0003581488908821484,0.00026324712598579936,13933.7425,1.0,11925.790535156251,2.6305898801864956e-05,965.1347201445648,1920.0,1.0,,9,,,,,,,,
1.4874937799995678,0.020201983090373687,0.2992350272834301,0.0,1.0,0.019525,2.0,0.975,-0.019897531834430993,0.621818020939827,-0.007949929218739271,0.000292257758701453,0.00032833515433594584,13781.98825,1.0,12568.445265625,2.6305898801864956e-05,817.6803736896188,1920.0,1.0,,10,,,,,,,,
1.7141746259999309,0.0071178012040036265,0.08036295603960752,0.0,0.0,0.019477500000000002,4.0,0.9725,-0.01743996498407796,0.5846869461238384,-0.006221056217327714,0.0003092524566454813,0.00027681366645992966,14357.182,1.0,12836.72584375,2.6305898801864956e-05,913.4131647243064,1920.0,1.0,,11,,,,,,,,
1.7014367010001479,0.006345503234115313,0.0829264335334301,0.0,0.0,0.01943,4.0,0.97,-0.018192070012446493,0.5525910817086697,-0.007535120123066008,0.00015084115739227855,0.000129621425003279,14325.5275,1.0,13311.169796875,2.6305898801864956e-05,438.5536029538894,1920.0,1.0,,12,,,,,,,,
1.7157560319997174,0.006807409019529587,0.08418782660737634,0.0,0.0,0.0193825,4.0,0.9675,-0.01830094790784642,0.5260878335684538,-0.0082042480353266,0.00018629250098456396,0.0001631345603527734,14396.303750000001,1.0,13405.53315234375,2.6305898801864956e-05,582.0684011472218,1920.0,1.0,,13,,,,,,,,
1.7163336449998496,0.007048937486615614,0.09859212348237634,0.0,0.0,0.019335,4.0,0.965,-0.014991556032327935,0.5145802274346352,-0.005107131786644459,0.00012867930718130083,0.00010423417961646919,14603.925749999999,1.0,13638.978621093751,2.6305898801864956e-05,471.2426560310756,1920.0,1.0,,14,,,,,,,,
1.7526973589997397,0.004092701054105419,0.04760742266080342,0.0,0.0,0.0192875,4.0,0.9625,-0.013522793247830123,0.49705016799271107,-0.004013701181975193,0.00015293879550881684,0.0001249377414751507,14831.850749999998,1.0,13622.9045625,2.6305898801864956e-05,614.7164067967769,1920.0,1.0,,15,,,,,,,,
1.7190682969999216,0.007177340639373142,0.07779947994276881,0.0,0.0,0.01924,4.0,0.96,-0.014999716222519055,0.4575397688895464,-0.006257758301217109,0.00010301282600266859,0.0001016110113596369,14775.189000000002,1.0,13971.96292578125,2.6305898801864956e-05,393.75687146324043,1920.0,1.0,,16,,,,,,,,
1.74814960599997,0.005359901431802427,0.07320149817678612,0.0,0.0,0.0191925,4.0,0.9575,-0.009474516817135736,0.4638281110674143,-0.0006216011388460174,9.713920690046507e-05,7.878184510445863e-05,14952.73975,1.0,14124.775273437499,2.6305898801864956e-05,392.9060839609148,1920.0,1.0,,17,,,,,,,,
1.7454458780002824,0.004826882464385562,0.07194010465173051,0.0,0.0,0.019145,4.0,0.955,-0.012009002297418192,0.45452330633997917,-0.0033498098491691053,9.062244635060779e-05,6.718722011100908e-05,14767.7635,1.0,14073.99540234375,2.6305898801864956e-05,352.5575055260644,1920.0,1.0,,18,,,,,,,,
1.7236285560002216,0.005758465077860819,0.06738281328580342,0.0,0.0,0.0190975,4.0,0.9525,-0.01173144148197025,0.4014662355184555,-0.004159752337727696,0.00013644517912325682,0.0001633346228118171,14878.132249999999,1.0,14146.736320312499,2.6305898801864956e-05,365.0666499507915,1920.0,1.0,,19,,,,,,,,
1.7064730769998278,0.0037840531192614435,0.04012044286355376,0.0,0.0,0.01905,4.0,0.95,-0.010670416930224746,0.4176390375941992,-0.002772370891761966,0.00011523771536303684,9.290750267609837e-05,14918.8865,1.0,14199.9092265625,2.6305898801864956e-05,462.2313958650295,1920.0,1.0,,20,14952.73975,15076.315,14465.45225,70000042,14441.369833333336,best_of_k,15076.315,379.77464571753126
1.8628510939997796,0.011307162039202012,0.1370035819709301,0.0,0.0,0.019002500000000002,4.0,0.9475,-0.0056331682135351,0.3881421145051718,0.0017096853262046352,7.029450284790073e-05,5.157542705092055e-05,15033.40225,1.0,14243.40283203125,2.6305898801864956e-05,344.90065603725634,1920.0,1.0,,21,,,,,,,,
1.7323107510001137,0.005568852970554872,0.0714518231106922,0.0,0.0,0.018955,4.0,0.945,-0.0100684481440112,0.3838334456086159,-0.002824836497893557,6.1543812535092e-05,5.1594028491308563e-05,15077.877750000001,1.0,14365.9697109375,2.6305898801864956e-05,331.6385748152565,1920.0,1.0,,22,,,,,,,,
1.7407059199999821,0.005701877366050212,0.0876871757209301,0.0,0.0,0.0189075,4.0,0.9425,-0.010824623430380598,0.37202860601246357,-0.003816214215476066,5.597958215730614e-05,4.024672966806975e-05,15013.652249999997,1.0,14397.05555859375,2.6305898801864956e-05,298.6222891188623,1920.0,1.0,,23,,,,,,,,
1.7711909190002189,0.004384768476143108,0.0679524743463844,0.0,0.0,0.018860000000000002,4.0,0.94,-0.010268067388096824,0.39053785614669323,-0.0029553165659308434,0.00010053086543848622,8.54789591357985e-05,15133.694,1.0,14480.1864296875,2.6305898801864956e-05,312.8163278508195,1920.0,1.0,,24,,,,,,,,
1.7397948190000534,0.00984337004297231,0.12548828264698386,0.0,0.0,0.0188125,4.0,0.9375,-0.003979270899435505,0.3725106958299875,0.0028853601834271103,0.00040423329346594983,0.0002056062301107886,15130.850749999998,1.0,14483.601996093748,2.6305898801864956e-05,374.5455373118594,1920.0,1.0,,25,,,,,,,,
1.7433023260000482,0.0050331989581309244,0.07869466177362483,0.0,0.0,0.018765,4.0,0.935,-0.010404011962236837,0.3495656605809927,-0.00463176888297312,0.001515716862741101,0.0012715699485852383,15141.089999999998,1.0,14590.779480468751,2.6305898801864956e-05,294.1514112008769,1920.0,1.0,,26,,,,,,,,
1.705162033000306,0.010246745746712804,0.09936523501528427,0.0,0.0,0.0187175,4.0,0.9325,-0.005033759487560019,0.32943862862885,0.00017971917986869812,0.0014562498756731657,0.001614327895367751,15104.599999999999,1.0,14530.920246093749,2.6305898801864956e-05,332.0529260291095,1920.0,1.0,,27,,,,,,,,
1.7411318859999483,0.00630378667125342,0.09045410191174597,0.0,0.0,0.01867,4.0,0.9299999999999999,-0.006170037173433229,0.33450300991535187,-0.0008347335824510083,0.006055325888155494,0.0006086695962039812,15108.285,1.0,14598.500828125001,2.6305898801864956e-05,330.5881058294801,1920.0,1.0,,28,,,,,,,,
1.7476356130000568,0.012054402003400355,0.1487223324365914,0.0,0.0,0.0186225,4.0,0.9275,0.0037832914385944605,0.32461575604975224,0.00222312833648175,0.06181501436367398,0.0028476367724579177,15146.76125,1.0,14647.723355468748,2.6305898801864956e-05,329.5123922775683,1920.0,1.0,,29,,,,,,,,
1.6985528000000158,0.0069095063157078584,0.09615071646112483,0.0,0.0,0.018575,4.0,0.925,0.0007533594907727093,0.3163107745349407,0.0017396329203620553,0.027030087299863226,0.004372379096821533,15247.91475,1.0,14643.489648437499,2.6305898801864956e-05,298.83488099960897,1920.0,1.0,,30,,,,,,,,
1.720465828000215,0.008693818060976355,0.10099283931776881,0.0,0.0,0.018527500000000002,4.0,0.9225,-0.004065497516421601,0.3078637197613716,0.0007677809917367995,0.001748833320561971,0.0013915670415372006,15227.3235,1.0,14683.541976562501,2.6305898801864956e-05,260.8553331916464,1920.0,1.0,,31,,,,,,,,
1.89092016099994,0.011198517598074886,0.12304687686264515,0.0,1.0,0.01848,4.0,0.92,-0.0029332166304811835,0.29833909310400486,0.002386133826803416,0.0008448553676316806,0.00021894010387768503,15104.526249999999,1.0,14708.173824218751,2.6305898801864956e-05,238.61934963094316,1920.0,1.0,,32,,,,,,,,
1.7590177209999638,0.009609795686742473,0.11547851632349193,0.0,0.0,0.0184325,4.0,0.9175,-0.007049767824355513,0.2781962361186743,-0.0020347829558886588,0.0006941767815078492,8.689872402101173e-05,15251.84325,1.0,14824.127933593749,2.6305898801864956e-05,240.96277509443925,1920.0,1.0,,33,,,,,,,,
1.749354650999976,0.005393940046417356,0.07784016942605376,0.0,0.0,0.018385,4.0,0.915,-0.0058408936456544325,0.27251832373440266,-0.0009342627163277939,0.0004810037903553166,0.00011103581391580519,15253.3195,1.0,14786.0224609375,2.6305898801864956e-05,281.8445953863414,1920.0,1.0,,34,,,,,,,,
1.7349779329997546,0.01053505146290945,0.11381022166460752,0.0,0.0,0.0183375,4.0,0.9125,0.0007980185619089752,0.2548754597082734,0.005413802340626717,0.00028063052013749257,5.9862114085262874e-05,15359.03125,1.0,14842.787742187498,2.6305898801864956e-05,254.81834924000333,1920.0,1.0,,35,,,,,,,,
1.432115561000046,0.010638662353358086,0.102783203125,0.0,1.0,0.01829,2.0,0.91,-0.004450319509487599,0.24994921870529652,6.640935316681862e-05,0.0002868286392185837,5.232111152508878e-05,15325.62725,1.0,14767.29969921875,2.6305898801864956e-05,297.1301683762047,1920.0,1.0,,36,,,,,,,,
1.7255269500001305,0.009970835513740894,0.09541829524096102,0.0,0.0,0.018242500000000002,4.0,0.9075,-0.01008372157230042,0.23855088092386723,-0.00576553400605917,0.00014133816193862003,3.888693072440219e-05,15345.112249999998,1.0,14834.9405859375,2.6305898801864956e-05,263.7045616435365,1920.0,1.0,,37,,,,,,,,
1.7527008249999199,0.004940536835107423,0.057128906599245965,0.0,0.0,0.018195,4.0,0.905,-0.008290581274195574,0.23280457500368357,-0.004078725905856118,8.731931598049414e-05,3.0583343914258876e-05,15256.281250000002,1.0,14897.3687890625,2.6305898801864956e-05,194.35917080651024,1920.0,1.0,,38,,,,,,,,
1.7127794779999022,0.005464657286694319,0.06852213595993817,0.0,0.0,0.0181475,4.0,0.9025,-0.005121373978909105,0.23717899527400732,-0.0008463471895083785,0.00010356730081184651,3.764424832297664e-05,15350.84025,1.0,14914.10896484375,2.6305898801864956e-05,234.0524534561713,1920.0,1.0,,39,,,,,,,,
1.7144620470003247,0.005387688566315774,0.07120768260210752,0.0,0.0,0.0181,4.0,0.9,-0.0039452757919207215,0.2223993930965662,5.022139521315694e-05,0.00014768665755582333,3.0325370744321845e-05,15277.66075,1.0,14911.812160156249,2.6305898801864956e-05,234.33706839406804,1920.0,1.0,,40,15359.03125,15133.817,15019.17675,70000042,14980.9655,best_of_k,15133.817,103.61932865218327
1.7706657369999448,0.016137348194348533,0.10880533931776881,0.0,1.0,0.0180525,4.0,0.8975,-3.809609916061163e-05,0.20728852786123753,0.0036477605463005602,0.0004326042233060434,2.5917355628735095e-05,15284.823249999998,1.0,14949.514964843751,2.6305898801864956e-05,167.29616144356012,1920.0,1.0,,41,,,,,,,,
1.7276231209998514,0.012477723397751106,0.09895833395421505,0.0,1.0,0.018005,4.0,0.895,0.0033049698249669746,0.20197496470063925,0.006746110462700017,0.0018177744527747564,2.7281723532723845e-05,15273.845,1.0,14914.30496875,2.6305898801864956e-05,181.2037667322834,1920.0,1.0,,42,,,,,,,,
1.7469705599996814,0.004690651267907242,0.062093100510537624,0.0,0.0,0.0179575,4.0,0.8925,-0.004831944970646873,0.1982246609404683,-0.0014039897941984236,0.0012095816919099889,2.1411051875475096e-05,15204.32875,1.0,14969.94103125,2.6305898801864956e-05,127.5275318975854,1920.0,1.0,,43,,,,,,,,
1.3575449449999724,0.04536321325542758,0.1490885466337204,0.0,1.0,0.017910000000000002,1.0,0.89,0.02502905868459493,0.20599302649497986,0.028640094213187695,0.0006480540905613452,2.698691287150723e-05,15367.888749999998,1.0,14963.8184453125,2.6305898801864956e-05,189.85616841889015,1920.0,1.0,,44,,,,,,,,
1.6057382210001379,0.01675309395155485,0.10438368221124013,0.0,1.0,0.0178625,3.0,0.8875,-0.0006236929330043495,0.20281839991609255,0.002952457250406345,0.00030791874693629023,3.180334366940466e-05,15288.9335,1.0,14858.4227578125,2.6305898801864956e-05,221.9704363620562,1920.0,1.0,,45,,,,,,,,
1.7198234739998952,0.016669863189406442,0.10705566534306854,0.0,1.0,0.017815,4.0,0.885,-0.0019818227156065404,0.19617734011262655,0.0014865777629893273,9.304779564445198e-05,3.438836824898317e-05,15248.0225,1.0,14749.863691406252,2.6305898801864956e-05,241.09374598461088,1920.0,1.0,,46,,,,,,,,
1.7048718430000918,0.016135461437585263,0.09289550851099193,0.0,1.0,0.017767500000000002,4.0,0.8825000000000001,0.006082428328227252,0.18256411142647266,0.0093056246987544,4.9662824494589586e-05,3.1089983963283885e-05,15328.619250000002,1.0,14949.5679609375,2.6305898801864956e-05,209.36652282902378,1920.0,1.0,,47,,,,,,,,
1.383623288000308,0.026909319728474657,0.1144205741584301,0.0,1.0,0.01772,1.0,0.88,-0.004359816666692495,0.18228120356798172,-0.0011469232849776745,4.3919683776039165e-05,2.54765523095557e-05,15306.3795,1.0,14971.223246093752,2.6305898801864956e-05,180.70755405916447,1920.0,1.0,,48,,,,,,,,
1.7263370860000578,0.005035742172907476,0.06001790415029973,0.0,0.0,0.0176725,4.0,0.8775,-0.0023829394194763154,0.19169769156724215,0.0009874721290543675,4.8253679210574774e-05,2.5081930516535067e-05,15352.093499999999,1.0,14975.48487890625,2.6305898801864956e-05,216.70746332706744,1920.0,1.0,,49,,,,,,,,
1.7528614430002563,0.007704911350117527,0.0815836600959301,0.0,0.0,0.017625000000000002,4.0,0.875,-0.004558379732770845,0.18421415146440268,-0.0013237022794783115,2.6271171577718633e-05,1.8939440678877872e-05,15350.76325,1.0,15004.550171874998,2.6305898801864956e-05,128.31607093616867,1920.0,1.0,,50,,,,,,,,
1.7704225969996514,0.013781171682069271,0.1039225272834301,0.0,0.0,0.0175775,4.0,0.8725,0.0008871438330970705,0.18487169221043587,0.004122198966797441,3.393470638002327e-05,2.226589242582122e-05,15338.383,1.0,14972.8841015625,2.6305898801864956e-05,204.01035046314018,1920.0,1.0,,51,,,,,,,,
1.7413506779998897,0.010990754539676573,0.07853190251626074,0.0,0.0,0.01753,4.0,0.87,-0.0015080897865118459,0.17592142429202795,0.001555057053337805,4.52060905899998e-05,3.2470518362970324e-05,15326.5735,1.0,14951.947671875001,2.6305898801864956e-05,259.6709072462181,1920.0,1.0,,52,,,,,,,,
1.7120030749997568,0.0073817573442340745,0.06559244869276881,0.0,0.0,0.0174825,4.0,0.8674999999999999,-0.0003227546258131042,0.17335237562656403,0.002693006710615009,3.060061180804041e-05,2.3623756874258106e-05,15291.916749999999,1.0,14996.9210078125,2.6305898801864956e-05,185.01308435013445,1920.0,1.0,,53,,,,,,,,
1.7274475329995767,0.008364527465090532,0.06998697994276881,0.0,0.0,0.017435,4.0,0.865,-0.0005334369634510949,0.18578024674206972,0.002690996043384075,3.0810141879555886e-05,2.312815558980219e-05,15250.1515,1.0,14971.119597656249,2.6305898801864956e-05,177.53842806119118,1920.0,1.0,,54,,,,,,,,
1.7422510990004412,0.008580151905107414,0.08113606786355376,0.0,0.0,0.0173875,4.0,0.8625,-0.0003442423476371914,0.16827507317066193,0.002568807452917099,2.74860622084816e-05,2.016961650497251e-05,15327.089249999999,1.0,14977.82248828125,2.6305898801864956e-05,174.98859142687368,1920.0,1.0,,55,,,,,,,,
1.7463207380001222,0.012566312985313743,0.09151204489171505,0.0,0.0,0.01734,4.0,0.86,0.0010919857013504952,0.1616521468386054,0.0038812050115666352,2.834474605606374e-05,2.1989894662510778e-05,15275.162,1.0,15004.133925781249,2.6305898801864956e-05,179.67759040184893,1920.0,1.0,,56,,,,,,,,
1.7158795989998907,0.014027493470791796,0.09326171944849193,0.0,1.0,0.017292500000000002,4.0,0.8575,0.006634026649408042,0.164737269282341,0.009472434700001031,2.251569992495206e-05,1.61199748731633e-05,15326.982999999998,1.0,15028.681300781249,2.6305898801864956e-05,120.92969191441767,1920.0,1.0,,57,,,,,,,,
1.73078169099972,0.020700417788134473,0.09334309911355376,0.0,1.0,0.017245,4.0,0.855,0.004552329934085719,0.16733598709106445,0.007428749813698232,2.0590578856172215e-05,1.4461440457580466e-05,15319.932499999999,1.0,15021.297511718749,2.6305898801864956e-05,101.58138810760568,1920.0,1.0,,58,,,,,,,,
1.7260977379996802,0.009909338952553526,0.07141113327816129,0.0,0.0,0.0171975,4.0,0.8525,0.002082705177599564,0.16733941435813904,0.004950131318764761,2.4259959218397853e-05,1.5936098066049453e-05,15355.939499999999,1.0,14989.35706640625,2.6305898801864956e-05,174.83836301281377,1920.0,1.0,,59,,,,,,,,
1.7274822129998029,0.0040002261668803385,0.0442301434231922,0.0,0.0,0.017150000000000002,4.0,0.85,-0.004693197304732166,0.16342237126082182,-0.0019071782735409215,3.860996298499231e-05,2.5626803449085855e-05,15208.610999999999,1.0,14940.915078125,2.6305898801864956e-05,226.77332579531344,1920.0,1.0,,60,15367.888749999998,15170.8825,15096.331499999998,70000042,15047.889866666665,best_of_k,15170.8825,64.1633231742678
1.8156469800001105,0.015339995086918634,0.10172526119276881,0.0,1.0,0.0171025,4.0,0.8475,-0.0020485614222707227,0.15663770865648985,0.0006173025467433035,3.638526391114283e-05,1.8786434679896047e-05,15241.552749999999,1.0,14977.14026953125,2.6305898801864956e-05,189.81569109621213,1920.0,1.0,,61,,,,,,,,
1.6111562040000535,0.019020947866465576,0.09130859437088172,0.0,1.0,0.017055,3.0,0.845,0.01105958060361445,0.14744694655140242,0.01355708809569478,6.671732959754688e-05,2.1056949966199074e-05,15349.20825,1.0,14990.85102734375,2.6305898801864956e-05,222.28298578601894,1920.0,1.0,,62,,,,,,,,
1.6838803020000341,0.00811713458178076,0.06852213619276881,0.0,0.0,0.017007500000000002,4.0,0.8425,-0.001334896936896257,0.15091367159038782,0.001220894162543118,4.426857253747585e-05,1.2892300276234891e-05,15402.77325,1.0,15044.051425781248,2.6305898801864956e-05,87.60338673837106,1920.0,1.0,,63,,,,,,,,
1.573277552000036,0.014763282021609333,0.08685980985562007,0.0,1.0,0.01696,3.0,0.84,0.0013487801770679653,0.1581829177836577,0.004019343294203281,3.209927126590628e-05,1.8018243584568456e-05,15354.898500000001,1.0,15040.1857265625,2.6305898801864956e-05,157.25716952010833,1920.0,1.0,,64,,,,,,,,
1.6996596389999468,0.009611723770518665,0.06937662791460752,0.0,0.0,0.0169125,4.0,0.8375,-0.0013555082987295464,0.15797733515501022,0.0013002192717976868,5.853162247149157e-05,2.0423184309947828e-05,15265.1255,1.0,15010.520046874999,2.6305898801864956e-05,170.003925000972,1920.0,1.0,,65,,,,,,,,
1.680014877999838,0.010908683916696305,0.07047526095993817,0.0,0.0,0.016865,4.0,0.835,0.0013537617051042616,0.14580380730330944,0.00380139792105183,3.5731336083699716e-05,1.5542800213097507e-05,15335.1405,1.0,15024.056316406251,2.6305898801864956e-05,129.66714758934705,1920.0,1.0,,66,,,,,,,,
1.3323865040001692,0.02631355685798553,0.07307942770421505,0.0,1.0,0.0168175,1.0,0.8325,0.011015120893716812,0.12725558504462242,0.013140905881300569,3.606216523621697e-05,2.1460452899191296e-05,15343.192249999998,1.0,15034.78387109375,2.6305898801864956e-05,191.44393634383988,1920.0,1.0,,67,,,,,,,,
1.7737472059998254,0.01150089767797624,0.10302734444849193,0.0,0.0,0.01677,4.0,0.83,-0.00048707031237427145,0.12446573143824935,0.0015835005324333906,6.388626957232191e-05,2.0661512735387078e-05,15267.215500000002,1.0,15016.949160156251,2.6305898801864956e-05,154.78730703944123,1920.0,1.0,,68,,,,,,,,
1.7315302390002216,0.012302481556744738,0.11291504045948386,0.0,1.0,0.0167225,4.0,0.8275,0.002329534341697581,0.14126550685614347,0.004679671779740602,3.8688798554176174e-05,1.6611350815765036e-05,15350.93625,1.0,15030.1209453125,2.6305898801864956e-05,139.25628185793073,1920.0,1.0,,69,,,,,,,,
1.6992508779999298,0.00772018541907471,0.0727132165338844,0.0,0.0,0.016675000000000002,4.0,0.825,0.005020762968342751,0.15310506243258715,0.007564742176327854,2.3153036522671755e-05,1.3464985102018545e-05,15314.969,1.0,15020.81287890625,2.6305898801864956e-05,125.83505206012593,1920.0,1.0,,70,,,,,,,,
1.6803776850001668,0.006359872845678183,0.052368164411745965,0.0,0.0,0.0166275,4.0,0.8225,-0.0027197153394808993,0.15207555051892996,-0.0002003866247832775,2.3719798150523275e-05,1.3871523719899415e-05,15275.8855,1.0,15042.654546875,2.6305898801864956e-05,122.33179965207339,1920.0,1.0,,71,,,,,,,,
1.6747648629998366,0.0052052877522328345,0.05603027390316129,0.0,0.0,0.01658,4.0,0.8200000000000001,0.0016137791681103408,0.15724148135632277,0.004212452389765531,2.4594307092229428e-05,1.1861682423841557e-05,15418.416250000002,1.0,15042.705925781249,2.6305898801864956e-05,104.44676972989254,1920.0,1.0,,72,,,,,,,,
1.7906344030002401,0.01067471159001343,0.07718912861309946,0.0,0.0,0.016532500000000002,4.0,0.8175,0.0006381104467436671,0.14848546497523785,0.003085176460444927,2.0953616740371217e-05,1.1348884470407938e-05,15379.50425,1.0,15022.208375,2.6305898801864956e-05,131.0349303991084,1920.0,1.0,,73,,,,,,,,
1.7198120379998727,0.006474544991746711,0.046264648786745965,0.0,0.0,0.016485,4.0,0.815,-0.0019906182133127004,0.13741813506931067,0.0002669476089067757,1.843994573391683e-05,1.1855582044972834e-05,15313.5255,1.0,15045.9380078125,2.6305898801864956e-05,117.74288989626905,1920.0,1.0,,74,,,,,,,,
1.7257069040001625,0.007584588851671015,0.07230631622951478,0.0,0.0,0.0164375,4.0,0.8125,0.001126305629441049,0.15054518170654774,0.0035878962225979194,3.1086744570529845e-05,1.977393276320072e-05,15277.519500000002,1.0,14998.85090625,2.6305898801864956e-05,192.8689466781963,1920.0,1.0,,75,,,,,,,,
1.693447623999873,0.0063651895481342535,0.04915364598855376,0.0,0.0,0.016390000000000002,4.0,0.81,-0.0009152188722509891,0.1466500712558627,0.001479349215514958,2.3466978859687515e-05,1.335818859615756e-05,15222.640750000002,1.0,14996.82493359375,2.6305898801864956e-05,172.80332673144233,1920.0,1.0,,76,,,,,,,,
1.334593132000009,0.03750545211659073,0.0865885429084301,0.0,1.0,0.0163425,1.0,0.8075,0.003886778256855905,0.1315764430910349,0.006029472220689058,1.766351215337636e-05,1.165598723673611e-05,15426.236499999999,1.0,15051.533,2.6305898801864956e-05,104.342961236106,1920.0,1.0,,77,,,,,,,,
1.7330972590002602,0.011269176036222461,0.08813476655632257,0.0,0.0,0.016295,4.0,0.8049999999999999,-0.0019956302567152306,0.12903298065066338,9.77627350948751e-05,2.4092337071124348e-05,1.3579055519130634e-05,15175.633500000002,1.0,15048.12016796875,2.6305898801864956e-05,138.6595783255737,1920.0,1.0,,78,,,,,,,,
1.7166689629998473,0.011412731420620048,0.0538736981106922,0.0,1.0,0.0162475,4.0,0.8025,-0.004408930079080164,0.14069709554314613,-0.002133408561348915,2.525518118545733e-05,1.585770695555766e-05,15186.49575,1.0,14969.36159375,2.6305898801864956e-05,169.38175381767226,1920.0,1.0,,79,,,,,,,,
1.700927775999844,0.006291257746596557,0.04960123775526881,0.0,0.0,0.0162,4.0,0.8,0.001782574865501374,0.1423055911436677,0.004077556659467518,2.987446953284234e-05,1.4763844546905602e-05,15161.19975,1.0,15023.395296875,2.6305898801864956e-05,149.85862822048898,1920.0,1.0,,80,15426.236499999999,15176.983499999998,15153.09575,70000042,15072.240941666667,best_of_k,15176.983499999998,63.63947387456923
1.786337112000183,0.011715405752369179,0.07926432369276881,0.0,1.0,0.0161525,4.0,0.7975,0.0003292835899628699,0.1435334961861372,0.0026407218538224697,1.8841651581169572e-05,1.0204996726770332e-05,15176.415749999998,1.0,15059.921828125,2.6305898801864956e-05,99.74760149955375,1920.0,1.0,,81,,,,,,,,
1.3528297579996433,0.024011359087239725,0.08984375,0.0,1.0,0.016105,1.0,0.795,0.003178264363668859,0.16297946870326996,0.0057912105694413185,2.4329184270754922e-05,1.8809585526469164e-05,15169.567749999998,1.0,15001.4038515625,2.6305898801864956e-05,182.5221690089718,1920.0,1.0,,82,,,,,,,,
1.728240987999925,0.0053950459529801265,0.04675293015316129,0.0,0.0,0.016057500000000002,4.0,0.7925,-0.0027793383778771386,0.17028592992573977,-5.539297126233578e-05,2.7318476895743515e-05,1.5378599528048653e-05,15183.927749999999,1.0,14974.451765625,2.6305898801864956e-05,155.3022433543078,1920.0,1.0,,83,,,,,,,,
1.748213749000115,0.01069329784647266,0.0673421224928461,0.0,0.0,0.01601,4.0,0.79,-0.0003071483806706965,0.16425185464322567,0.002307789196493104,6.189657460708986e-05,1.7089144364490494e-05,15176.415749999998,1.0,14971.4597421875,2.6305898801864956e-05,184.8453566551581,1920.0,1.0,,84,,,,,,,,
1.6878285670004516,0.006337345176078202,0.051066080981399864,0.0,0.0,0.0159625,4.0,0.7875,-0.00508929428178817,0.14596228953450918,-0.0027706549735739827,2.8541716687868757e-05,1.6858660330854036e-05,15246.796,1.0,15051.460253906249,2.6305898801864956e-05,117.13041142572139,1920.0,1.0,,85,,,,,,,,
1.7399457569999868,0.011267083325861904,0.07051595102529973,0.0,0.0,0.015915,4.0,0.785,0.0018866961981984787,0.14169696252793074,0.004133006685151486,3.2320394666385255e-05,1.1129755705496791e-05,15196.439749999998,1.0,15080.325644531249,2.6305898801864956e-05,145.2461715772747,1920.0,1.0,,86,,,,,,,,
1.7067106530003002,0.00896556907446211,0.06982421921566129,0.0,0.0,0.0158675,4.0,0.7825,-0.00016455026343464851,0.15005456004291773,0.0022075067390687764,3.180566579885635e-05,1.1506902183100465e-05,15191.255749999998,1.0,15035.75572265625,2.6305898801864956e-05,137.2593770565401,1920.0,1.0,,87,,,,,,,,
1.6783819729998868,0.006038847437963568,0.05859375046566129,0.0,0.0,0.01582,4.0,0.78,-0.002192539512179792,0.15558029990643263,0.0002570969518274069,5.1596161029010545e-05,1.2969250860805914e-05,15209.213749999999,1.0,15027.454820312501,2.6305898801864956e-05,125.60013685331423,1920.0,1.0,,88,,,,,,,,
1.6793729200003327,0.013636442488952127,0.08256022213026881,0.0,0.0,0.015772500000000002,4.0,0.7775,0.0037272503541316837,0.14897526148706675,0.0060651335516013205,5.177509444820316e-05,1.3303094988259545e-05,15201.92775,1.0,15046.904679687497,2.6305898801864956e-05,142.98288767108673,1920.0,1.0,,89,,,,,,,,
1.7286956629995984,0.011693385897615372,0.0732014982495457,0.0,0.0,0.015725,4.0,0.775,-0.004649956608773209,0.14888414181768894,-0.002318450431630481,3.5204465575588983e-05,1.2353059219094575e-05,15192.543749999999,1.0,14997.7394140625,2.6305898801864956e-05,146.66758979799462,1920.0,1.0,,90,,,,,,,,
1.7765637709999282,0.009597733174409484,0.07930501364171505,0.0,0.0,0.0156775,4.0,0.7725,-0.0013398428636719473,0.15055182483047247,0.001012011693092063,3.4367074590591074e-05,9.970259952751803e-06,15219.987000000001,1.0,15039.788339843752,2.6305898801864956e-05,115.09746031540139,1920.0,1.0,,91,,,,,,,,
1.7385624970002027,0.010459064676815899,0.07572428416460752,0.0,0.0,0.01563,4.0,0.77,-0.003374912921572104,0.15062817931175232,-0.0010275456588715315,2.3588937438034918e-05,9.18354402301702e-06,15211.903749999998,1.0,15071.83585546875,2.6305898801864956e-05,98.13283210469498,1920.0,1.0,,92,,,,,,,,
1.689883941000062,0.012520607663226713,0.09102376364171505,0.0,0.0,0.015582499999999999,4.0,0.7675,-0.001191037823446095,0.15789452008903027,0.001261544839508133,2.3969932499312563e-05,1.082152078879517e-05,15204.033499999998,1.0,15044.2617890625,2.6305898801864956e-05,127.17366148694663,1920.0,1.0,,93,,,,,,,,
1.3316809969996939,0.08798921575072427,0.1220703125,0.0,1.0,0.015535,1.0,0.765,0.04042182443663478,0.1535685881972313,0.04280024208128452,2.3584915197716327e-05,9.825179859035416e-06,15225.247749999999,1.0,15051.390417968749,2.6305898801864956e-05,119.58485275904455,1920.0,1.0,,94,,,,,,,,
1.7244082860001981,0.013091803664394774,0.08829752681776881,0.0,0.0,0.015487500000000001,4.0,0.7625,-0.0013722249423153698,0.16236634831875563,0.0011304010404273868,3.79631622990928e-05,1.6453721457310166e-05,15203.017499999998,1.0,14845.03806640625,2.6305898801864956e-05,139.60398679358164,1920.0,1.0,,95,,,,,,,,
1.7602838420002627,0.00802219078026667,0.04992675797257107,0.0,0.0,0.01544,4.0,0.76,-0.0046734286297578365,0.16181886568665504,-0.002185271878261119,3.545665572346479e-05,1.3561680646034802e-05,15186.765749999999,1.0,14909.787687499998,2.6305898801864956e-05,138.94395239593646,1920.0,1.0,,96,,,,,,,,
1.3302223360001335,0.02136911306953948,0.06331380270421505,0.0,1.0,0.0153925,1.0,0.7575000000000001,0.0036737999180331826,0.16122833639383316,0.006101367063820362,0.0002721446435316466,5.385271924751578e-05,15155.057499999999,1.0,14900.441874999999,2.6305898801864956e-05,128.57761573928485,1920.0,1.0,,97,,,,,,,,
1.5855021059996943,0.016942721428904406,0.06087239598855376,0.0,1.0,0.015345000000000001,2.0,0.755,0.004644047352485359,0.1636392716318369,0.007107446086592972,0.0002397162711531564,4.7346600126729754e-05,15213.8405,1.0,14971.622382812498,2.6305898801864956e-05,120.54824058127168,1920.0,1.0,,98,,,,,,,,
1.8067041050003354,0.01241038640922909,0.08353678463026881,0.0,0.0,0.0152975,4.0,0.7525,0.0004999816519557498,0.1536261048167944,0.002774223277810961,0.0004049702367865393,7.071320817431115e-05,15206.1445,1.0,14917.3016640625,2.6305898801864956e-05,94.62031089213711,1920.0,1.0,,99,,,,,,,,
1.5739748789997066,0.035131317434576204,0.0995008684694767,0.0,1.0,0.01525,3.0,0.75,0.0014086130055754136,0.1562547298769156,0.0037771378022929034,5.6226994274766184e-05,1.7476972061558627e-05,15206.2095,1.0,14997.05744921875,2.6305898801864956e-05,178.78798886693275,1920.0,1.0,,100,15426.236499999999,15200.5295,15183.8735,70000042,15067.40985,best_of_k,15200.5295,77.82128559182921
1.692693318000238,0.009284030145115215,0.049153645833333336,0.0,1.0,0.0152025,3.0,0.7475,-0.0018583351920824498,0.15484411145250002,0.00048820371739566326,2.73602769690721e-05,9.485500906218173e-06,15205.121500000001,1.0,15043.470808593751,2.6305898801864956e-05,173.23448646170843,1920.0,1.0,,101,,,,,,,,
1.710832563999702,0.013645953633542263,0.08618164202198386,0.0,1.0,0.015155,4.0,0.745,0.0023550436890218407,0.15520108211785555,0.004700470977695659,2.8052429684066738e-05,7.678685989276346e-06,15224.4735,1.0,15090.67684765625,2.6305898801864956e-05,80.128374472753,1920.0,1.0,,102,,,,,,,,
1.60089505499991,0.014063653897769276,0.08577474082509677,0.0,1.0,0.0151075,3.0,0.7424999999999999,-0.00544853531755507,0.15403073777755102,-0.0031285589696684233,2.238817175263345e-05,9.609531010331315e-06,15203.4015,1.0,15013.89319921875,2.6305898801864956e-05,130.58763119076036,1920.0,1.0,,103,,,,,,,,
1.533413623999877,0.025872427783340868,0.10009765718132257,0.0,1.0,0.01506,2.0,0.74,0.0053040230413898826,0.16128302738070488,0.007723435104708187,2.9388167604338378e-05,1.3142996408532781e-05,15230.53575,1.0,15038.27975,2.6305898801864956e-05,164.47375450907813,1920.0,1.0,,104,,,,,,,,
1.5169803150001826,0.02271961019052071,0.095458984375,0.0,1.0,0.015012500000000002,2.0,0.7375,0.004800316732143983,0.15884988382458687,0.007173611782491207,3.84240911444067e-05,1.5193583408290579e-05,15183.8735,1.0,14991.321957031249,2.6305898801864956e-05,175.9914798452976,1920.0,1.0,,105,,,,,,,,
1.7009468019996348,0.015403923683791731,0.08300781319849193,0.0,1.0,0.014965,4.0,0.735,0.008261143550043926,0.1590343052521348,0.01062906047445722,5.407338130680728e-05,1.324822238757406e-05,15205.121500000001,1.0,15062.063648437499,2.6305898801864956e-05,161.6118835462135,1920.0,1.0,,106,,,,,,,,
1.4826410470004703,0.031230026406120714,0.1278483085334301,0.0,1.0,0.0149175,2.0,0.7324999999999999,0.013777029002085328,0.1478250864893198,0.01597606623545289,2.145282633136958e-05,7.997459533726214e-06,15207.161499999998,1.0,15081.84734375,2.6305898801864956e-05,95.44702627500331,1920.0,1.0,,107,,,,,,,,
1.7383509159999448,0.014265675312834958,0.09387207101099193,0.0,0.0,0.014870000000000001,4.0,0.73,0.004967162589309737,0.14120186492800713,0.0070596192381344736,3.052162821859383e-05,8.326711707695722e-06,15219.8975,1.0,15101.65381640625,2.6305898801864956e-05,88.85615707731971,1920.0,1.0,,108,,,,,,,,
1.687210340999627,0.008834595685662805,0.07332356832921505,0.0,1.0,0.014822499999999999,4.0,0.7275,0.0002116024843417108,0.14506904408335686,0.002351658302359283,5.249981688848493e-05,9.96063678826431e-06,15225.1615,1.0,15098.28373828125,2.6305898801864956e-05,76.93929188433509,1920.0,1.0,,109,,,,,,,,
1.7131669880000118,0.012295600678889684,0.09338378999382257,0.0,0.0,0.014775,4.0,0.725,-0.001789545436622575,0.15263814758509398,0.0004500015056692064,9.180001040931529e-05,1.3003057773630644e-05,15335.84625,1.0,15084.638144531249,2.6305898801864956e-05,105.2666395596683,1920.0,1.0,,110,,,,,,,,
1.7614090839997516,0.011412097066539673,0.0775146484375,0.0,0.0,0.014727500000000001,4.0,0.7224999999999999,0.0007485059177270159,0.15216145757585764,0.00291313452180475,0.0005490138658501564,4.2856482764364046e-05,15287.91825,1.0,15071.98426953125,2.6305898801864956e-05,71.843806573329,1920.0,1.0,,111,,,,,,,,
1.341993781000383,0.024777091310909327,0.0694986991584301,0.0,1.0,0.01468,1.0,0.72,0.0001694324892014265,0.15341435745358467,0.002370760776102543,0.00035588719947554637,3.041180389118381e-05,15301.678750000001,1.0,15073.151386718748,2.6305898801864956e-05,131.40795978606704,1920.0,1.0,,112,,,,,,,,
1.5742571440005122,0.02012445640325211,0.076904296875,0.0,1.0,0.014632500000000001,2.0,0.7175,-0.000997734779957682,0.16037910617887974,0.001322252443060279,0.00017685009152046405,1.8150253026760765e-05,15234.1775,1.0,15029.759394531251,2.6305898801864956e-05,107.77795118019826,1920.0,1.0,,113,,,,,,,,
1.6314013829996838,0.01900082568576522,0.09038628513614337,0.0,1.0,0.014585,3.0,0.7150000000000001,-0.0014718155919884641,0.15145692229270935,0.0007250493702789148,6.040894656204424e-05,1.2187460242785164e-05,15206.925749999999,1.0,14968.768386718748,2.6305898801864956e-05,114.19676144832212,1920.0,1.0,,114,,,,,,,,
1.6992120999993858,0.009380079096992233,0.08105468814028427,0.0,0.0,0.014537500000000002,4.0,0.7125,-0.004706641790107824,0.15763493534177542,-0.0024240429629571736,4.6223650315369014e-05,8.793675050355887e-06,15214.017499999998,1.0,14988.10991015625,2.6305898801864956e-05,86.90453531088174,1920.0,1.0,,115,,,,,,,,
1.7134983669993744,0.015676703184674068,0.10587565321475267,0.0,0.0,0.014490000000000001,4.0,0.71,0.0060001758829457685,0.16788411885499954,0.008424492902122438,4.0228572402156715e-05,8.60278655068214e-06,15194.3295,1.0,15020.861023437501,2.6305898801864956e-05,101.26677585140811,1920.0,1.0,,116,,,,,,,,
1.3777577380005823,0.02104967184772022,0.0926106795668602,0.0,1.0,0.0144425,1.0,0.7075,0.0004076267359778285,0.1637960635125637,0.002762999967671931,4.658478292185464e-05,1.1184656614204869e-05,15210.924,1.0,15001.79358984375,2.6305898801864956e-05,125.52200598755341,1920.0,1.0,,117,,,,,,,,
1.695898080999541,0.0035020202117905797,0.034912109607830644,0.0,0.0,0.014395000000000002,4.0,0.7050000000000001,-0.00028666952857747674,0.16048409044742584,0.002006065857131034,7.708782084137056e-05,1.9449339390575915e-05,15219.6015,1.0,15055.92255859375,2.6305898801864956e-05,180.4949459057105,1920.0,1.0,,118,,,,,,,,
1.700592195000354,0.009528007258147397,0.06656901072710752,0.0,0.0,0.014347500000000001,4.0,0.7025,0.007931133921374567,0.15312273614108562,0.010114686330780387,7.922315717223682e-05,1.0907312031349647e-05,15213.9215,1.0,15098.68521484375,2.6305898801864956e-05,89.59058308346951,1920.0,1.0,,119,,,,,,,,
1.735300350000216,0.010164089438418955,0.06628418008040171,0.0,0.0,0.0143,4.0,0.7,0.0014735138393007219,0.1379989585839212,0.0034389889042358845,3.636991385747024e-05,8.548223206616967e-06,15221.409499999998,1.0,15095.638238281252,2.6305898801864956e-05,103.24245031989281,1920.0,1.0,,120,15426.236499999999,15232.6175,15169.74375,70000042,15134.269199999999,best_of_k,15232.6175,48.54564530699414
1.3925132900003518,0.022686240321348805,0.0524088554084301,0.0,1.0,0.014252500000000001,1.0,0.6975,0.036223786300979555,0.14144178852438927,0.0382341998629272,2.2341519525070908e-05,6.499839059870283e-06,15226.3695,1.0,15132.41148828125,2.6305898801864956e-05,65.60508121253372,1920.0,1.0,,121,,,,,,,,
1.7205411820004883,0.01052607397886618,0.0681966149713844,0.0,0.0,0.014205,4.0,0.6950000000000001,-0.0023829332931200042,0.14451232831925154,-0.0003384119045222178,2.885065759983263e-05,1.0782690253563487e-05,15208.6495,1.0,15053.472289062502,2.6305898801864956e-05,141.43811651529765,1920.0,1.0,,122,,,,,,,,
1.7437015929999689,0.01201588290302169,0.0722249352838844,0.0,0.0,0.0141575,4.0,0.6925,0.0006559458852279931,0.1304910141043365,0.002497182722436264,2.6330192326895485e-05,7.113395611213491e-06,15214.3215,1.0,15101.76385546875,2.6305898801864956e-05,95.92477196497693,1920.0,1.0,,123,,,,,,,,
1.4401793300003192,0.019033141254503505,0.09309895988553762,0.0,1.0,0.014110000000000001,2.0,0.69,-0.0012837699614465237,0.12962070293724537,0.0005413200706243515,1.2205600455672538e-05,5.272180544579896e-06,15393.62775,1.0,15133.88699609375,2.6305898801864956e-05,57.269214491705945,1920.0,1.0,,124,,,,,,,,
1.679075082000054,0.006184304930233253,0.04931640683207661,0.0,0.0,0.0140625,4.0,0.6875,0.0012898700369987637,0.13502655224874616,0.0031828072387725115,1.9008836716238875e-05,7.944934026227202e-06,15206.2095,1.0,15071.2116328125,2.6305898801864956e-05,96.68251599159355,1920.0,1.0,,125,,,,,,,,
1.720269129999906,0.01231274758635692,0.07609049556776881,0.0,0.0,0.014015,4.0,0.685,0.0022553734088432975,0.12978089647367597,0.004068400652613491,2.0667209128077957e-05,7.570476697082995e-06,15232.0415,1.0,15064.1427109375,2.6305898801864956e-05,158.1935843661485,1920.0,1.0,,126,,,,,,,,
1.5734086510001362,0.014112454651756442,0.06667751787851255,0.0,1.0,0.0139675,3.0,0.6825,-0.0008600070044243088,0.12765861675143242,0.0009172104376678666,1.742439061066155e-05,8.224648695431824e-06,15206.2095,1.0,15014.03388671875,2.6305898801864956e-05,120.04752284175349,1920.0,1.0,,127,,,,,,,,
1.583732702000816,0.02522303144650569,0.07476128560180466,0.0,1.0,0.01392,3.0,0.6799999999999999,0.007785678841173649,0.1316080242395401,0.009613700521488985,1.0573543553012618e-05,5.8094630048799445e-06,15186.0975,1.0,15005.517035156248,2.6305898801864956e-05,68.91294431342382,1920.0,1.0,,128,,,,,,,,
1.4803372939995825,0.025640425453318016,0.07299804734066129,0.0,1.0,0.0138725,2.0,0.6775,0.0034759556292556226,0.13399921171367168,0.0053305645124055445,1.221826050823438e-05,6.145730594653287e-06,15202.857499999998,1.0,15001.606999999998,2.6305898801864956e-05,80.80135361245773,1920.0,1.0,,129,,,,,,,,
1.484203320999768,0.02338152001406968,0.05411783861927688,0.0,1.0,0.013825,2.0,0.675,0.0017964320722967386,0.13839827571064234,0.003705332870595157,1.1387589324840519e-05,6.633391137711442e-06,15209.9295,1.0,15038.235609374999,2.6305898801864956e-05,95.30226855026042,1920.0,1.0,,130,,,,,,,,
1.715875861999848,0.006159935276883743,0.05725097702816129,0.0,0.0,0.013777500000000002,4.0,0.6725,-0.0006984991123317741,0.14321520365774632,0.0012695563491433859,1.4829138649474771e-05,7.2180545771516336e-06,15210.801499999998,1.0,15031.72567578125,2.6305898801864956e-05,100.90553532752182,1920.0,1.0,,131,,,,,,,,
1.75132264199965,0.006670237969643722,0.05452474043704569,0.0,0.0,0.01373,4.0,0.6699999999999999,-0.0006010718934703618,0.14230892527848482,0.0013476336607709527,1.6223559555328393e-05,7.147113990413345e-06,15196.549500000001,1.0,15043.57758984375,2.6305898801864956e-05,103.50957617169006,1920.0,1.0,,132,,,,,,,,
1.7163427169998613,0.010656659097747934,0.09513346524909139,0.0,0.0,0.0136825,4.0,0.6675,0.0035536775103537366,0.13606739742681384,0.00540951894436148,2.2907676395789167e-05,7.218916124429597e-06,15210.801499999998,1.0,15093.778445312499,2.6305898801864956e-05,104.06437920508037,1920.0,1.0,,133,,,,,,,,
1.7240039460002663,0.0335950635119211,0.09228515764698386,0.0,1.0,0.013635000000000001,4.0,0.665,0.02813949108531233,0.11780727980658412,0.029741073318291456,1.4288926024619286e-05,6.581881422107472e-06,15229.217499999999,1.0,15130.03240234375,2.6305898801864956e-05,91.17528400806007,1920.0,1.0,,134,,,,,,,,
1.7174246780004978,0.011677958185437376,0.0752766930963844,0.0,0.0,0.013587499999999999,4.0,0.6625,-0.0012850972125306726,0.12638215022161603,0.0004230682970955968,3.667529819040283e-05,1.0769007786848306e-05,15225.0815,1.0,14972.822632812498,2.6305898801864956e-05,92.92762132141858,1920.0,1.0,,135,,,,,,,,
1.7043382490001022,0.0068406372919476155,0.05558268292224966,0.0,0.0,0.01354,4.0,0.6599999999999999,-0.0011594595707720146,0.12523609306663275,0.0005273259012028575,4.18371544128604e-05,9.45627215287459e-06,15163.664250000002,1.0,14969.359789062499,2.6305898801864956e-05,107.41073899347072,1920.0,1.0,,136,,,,,,,,
1.7425803620008082,0.01258876578468815,0.06884765671566129,0.0,0.0,0.013492500000000001,4.0,0.6575,0.0037769040282000788,0.1327821956947446,0.005559299548622221,3.986634260400024e-05,1.036497434370176e-05,15196.122249999999,1.0,15005.055601562499,2.6305898801864956e-05,85.26082174631489,1920.0,1.0,,137,,,,,,,,
1.394943957000578,0.05523798906159527,0.1344401054084301,0.0,1.0,0.013445000000000002,1.0,0.655,0.008291687816381454,0.14318087697029114,0.010185645893216133,0.0001766786458574643,2.6884398721449543e-05,15225.809500000001,1.0,15057.397093749998,2.6305898801864956e-05,116.15784230871972,1920.0,1.0,,138,,,,,,,,
1.6971504519997325,0.008707747103304797,0.07108561228960752,0.0,0.0,0.013397500000000001,4.0,0.6525000000000001,-0.005820947117172182,0.13096480863168836,-0.004118723765714094,0.0003126013525616145,4.223608044640059e-05,15232.0415,1.0,15099.36231640625,2.6305898801864956e-05,160.59528577678444,1920.0,1.0,,139,,,,,,,,
1.729806400000598,0.007252342269534751,0.06750488327816129,0.0,0.0,0.01335,4.0,0.65,-0.001971893238078337,0.12950030667707324,-0.00030234466976253316,0.0004138258200327982,3.5796592726455856e-05,15350.500499999998,1.0,15139.8774375,2.6305898801864956e-05,75.5445212826852,1920.0,1.0,,140,15426.236499999999,15229.121500000001,15224.825499999999,70000042,15144.300883333332,best_of_k,15229.121500000001,61.36441125093509
1.6844219420008812,0.014666540127871977,0.07948133784035842,0.0,1.0,0.013302500000000002,3.0,0.6475,0.001165315741673112,0.11452807982762654,0.002667968782285849,0.00012938392531699114,1.5837941949333374e-05,15236.0335,1.0,15138.3802578125,2.6305898801864956e-05,137.39444498732442,1920.0,1.0,,141,,,,,,,,
1.7022589189991777,0.007702538479811949,0.06734212301671505,0.0,0.0,0.013255000000000001,4.0,0.645,0.004275474151654635,0.10686162114143372,0.005683240597136319,4.453119078107193e-05,8.461942798021482e-06,15235.465499999998,1.0,15161.582218749998,2.6305898801864956e-05,87.1827709692458,1920.0,1.0,,142,,,,,,,,
1.761072981000325,0.014868002845311423,0.10384114645421505,0.0,1.0,0.0132075,4.0,0.6425000000000001,0.004063100102939643,0.11891219019889832,0.005626267840852961,2.1308064390268555e-05,1.0468541745467519e-05,15238.289499999999,1.0,15143.98119921875,2.6305898801864956e-05,154.13202285106254,1920.0,1.0,,143,,,,,,,,
1.6028229410003405,0.009336829460607987,0.06635199766606092,0.0,1.0,0.013160000000000002,3.0,0.64,0.0028081407848124704,0.10729707963764668,0.004215689841657877,2.0471369718203885e-05,4.867570737587812e-06,15234.001499999998,1.0,15167.46446484375,2.6305898801864956e-05,55.55979867636951,1920.0,1.0,,144,,,,,,,,
1.421724216000257,0.031217706386648558,0.1219075545668602,0.0,1.0,0.013112500000000001,2.0,0.6375,0.004089195193955675,0.10813550930470228,0.005501525185536593,2.231482403658447e-05,6.7323057351131865e-06,15238.7775,1.0,15172.8861328125,2.6305898801864956e-05,83.89607584339055,1920.0,1.0,,145,,,,,,,,
1.6785507810000126,0.012997381484513681,0.08284505270421505,0.0,0.0,0.013065,4.0,0.635,0.0005201877647778019,0.1239008023403585,0.0021261685960780596,4.2235555838487926e-05,1.711937483150905e-05,15207.0645,1.0,14920.42686328125,2.6305898801864956e-05,138.4905440302083,1920.0,1.0,,146,,,,,,,,
1.726516452999931,0.01465574633797928,0.07539876410737634,0.0,1.0,0.013017500000000001,4.0,0.6325000000000001,-0.0037302529090084136,0.13176515838131309,-0.0020237740827724338,2.935198392606253e-05,1.1679011379328585e-05,15229.7855,1.0,15004.22169921875,2.6305898801864956e-05,149.19971665473733,1920.0,1.0,,147,,,,,,,,
1.5761177390004377,0.012303643600001616,0.06271701492369175,0.0,1.0,0.01297,3.0,0.63,0.0007973273653381815,0.13808724284172058,0.0025801981100812554,3.260240600866382e-05,9.721429099348219e-06,15228.8015,1.0,15032.447609375,2.6305898801864956e-05,130.2718340101683,1920.0,1.0,,148,,,,,,,,
1.7239740989998609,0.007843658605992232,0.0681966154370457,0.0,0.0,0.0129225,4.0,0.6275,0.0034068648237735033,0.13844034168869257,0.005190718628000468,2.023207929369164e-05,6.236976645368486e-06,15209.057499999999,1.0,15094.872414062498,2.6305898801864956e-05,114.31473763755503,1920.0,1.0,,149,,,,,,,,
1.7231376170002477,0.00742303483237805,0.05904134118463844,0.0,0.0,0.012875000000000001,4.0,0.625,-0.001131699071265757,0.1360399997793138,0.00061513960827142,1.972945614170385e-05,5.4080081213214726e-06,15246.5225,1.0,15141.261640625,2.6305898801864956e-05,127.54294527546723,1920.0,1.0,,150,,,,,,,,
1.6015354679993834,0.011262944885425933,0.07031250108654301,0.0,1.0,0.0128275,3.0,0.6225,0.0022430780809372663,0.1290422510355711,0.003893769928254187,1.9149177281481872e-05,5.36454160737776e-06,15232.0495,1.0,15133.766265625,2.6305898801864956e-05,76.5939328458507,1920.0,1.0,,151,,,,,,,,
1.7316221350001797,0.007098333679973479,0.06445312593132257,0.0,0.0,0.01278,4.0,0.62,0.0012455456017050892,0.12407547561451793,0.0028276228113099933,1.3077683576057098e-05,4.597840188580449e-06,15237.0095,1.0,15174.06684765625,2.6305898801864956e-05,54.01823253274873,1920.0,1.0,,152,,,,,,,,
1.8108780259999548,0.0085697678024097,0.0656331388745457,0.0,0.0,0.0127325,4.0,0.6174999999999999,-0.0017941900077858008,0.12285102810710669,-0.00023302179761230946,9.137908534739836e-06,4.238499116127059e-06,15236.0335,1.0,15171.573808593748,2.6305898801864956e-05,46.78412662869382,1920.0,1.0,,153,,,,,,,,
1.6912329329998101,0.00646140063802747,0.05961100262356922,0.0,0.0,0.012685,4.0,0.615,-0.00036615150020224974,0.1399226118810475,0.001404581475071609,1.2821409598018363e-05,5.8070686463906895e-06,15235.465499999998,1.0,15124.56490625,2.6305898801864956e-05,85.37391741589784,1920.0,1.0,,154,,,,,,,,
1.7856794369999989,0.009784082144545181,0.0837809257209301,0.0,0.0,0.0126375,4.0,0.6125,0.004829725898161996,0.13250169157981873,0.006500364281237125,1.2047784764490643e-05,5.29465691556652e-06,15237.0095,1.0,15147.321898437498,2.6305898801864956e-05,67.84213498320602,1920.0,1.0,,155,,,,,,,,
1.7281761410004037,0.006053254351105153,0.04988606786355376,0.0,0.0,0.01259,4.0,0.61,0.0003915803390555084,0.12988072354346514,0.002023270644713193,1.109228480800084e-05,4.79709785849991e-06,15240.7295,1.0,15153.54241015625,2.6305898801864956e-05,69.75563451707426,1920.0,1.0,,156,,,,,,,,
1.59316615500029,0.012535294693085083,0.07166883752991755,0.0,1.0,0.012542500000000002,3.0,0.6074999999999999,-0.0004229558592972656,0.11644095182418823,0.0010336063181360562,1.2016026933755105e-05,5.392582162736896e-06,15238.7775,1.0,15139.526328125,2.6305898801864956e-05,81.37835491187967,1920.0,1.0,,157,,,,,,,,
1.487165909000396,0.018850515100083953,0.04736328125,0.0,1.0,0.012495,2.0,0.605,0.020272937283152714,0.11564383655786514,0.021714755042921752,9.162227797787637e-06,4.473031935958716e-06,15236.433500000001,1.0,15174.58737890625,2.6305898801864956e-05,56.537226645629545,1920.0,1.0,,158,,,,,,,,
1.7031233309999152,0.011061650438414006,0.07588704489171505,0.0,0.0,0.0124475,4.0,0.6025,0.0027161867183167487,0.10795772215351462,0.004056921054143459,7.940163584407856e-06,4.551697486476769e-06,15232.0415,1.0,15168.3407734375,2.6305898801864956e-05,57.74776738309312,1920.0,1.0,,159,,,,,,,,
1.6013057179998214,0.018917835064399924,0.05023871579517921,0.0,1.0,0.012400000000000001,3.0,0.6,0.007712442583094041,0.1022067666053772,0.008973401272669435,1.5816947173637647e-05,9.645650114483336e-06,15230.0895,1.0,15038.0886328125,2.6305898801864956e-05,123.00151727973584,1920.0,1.0,,160,15426.236499999999,15234.001499999998,15224.825499999999,70000042,15151.568650000001,best_of_k,15234.001499999998,47.264473576293696
1.7762722380002742,0.0199272865285612,0.07139757050511737,0.0,1.0,0.012352499999999999,3.0,0.5974999999999999,0.02127317970735021,0.10482297465205193,0.02256001365215828,2.5716189611557638e-05,1.0839656511052453e-05,15234.001499999998,1.0,15112.17180859375,2.6305898801864956e-05,80.33277623428245,1920.0,1.0,,161,,,,,,,,
1.7041147729996737,0.01153212394315517,0.06262207071995363,0.0,1.0,0.012305,4.0,0.595,0.0022900064795976505,0.1082548932172358,0.00360386866304907,8.16540380128572e-05,2.0097800472740346e-05,15231.073499999999,1.0,15131.047515625,2.6305898801864956e-05,176.24581752584453,1920.0,1.0,,162,,,,,,,,
1.6929757379994044,0.0043762478782696235,0.035359700908884406,0.0,0.0,0.012257500000000001,4.0,0.5925,-0.00090877125330735,0.09584035305306315,0.00013582661631517112,0.0008963116483755584,8.106801874419034e-05,15240.7295,1.0,15157.891332031248,2.6305898801864956e-05,65.38056900583994,1920.0,1.0,,163,,,,,,,,
1.7598175070006619,0.005689330029095885,0.04455566423712298,0.0,0.0,0.012210000000000002,4.0,0.5900000000000001,-0.0012158457830082625,0.09784086141735315,-3.7752906791865826e-05,0.0001259417750816283,7.900900953927703e-06,15235.057499999999,1.0,15166.74544921875,2.6305898801864956e-05,45.57761495365474,1920.0,1.0,,164,,,,,,,,
1.7749779409996336,0.011722257383780743,0.07413737026217859,0.0,1.0,0.012162500000000001,4.0,0.5875,-0.0025112935472861864,0.09772108541801572,-0.0013381433091126382,9.192835790372555e-05,1.2379284470398488e-05,15232.529499999999,1.0,15164.7879765625,2.6305898801864956e-05,74.84562704450413,1920.0,1.0,,165,,,,,,,,
1.8548706049996326,0.015262343975077641,0.08723958348855376,0.0,1.0,0.012115,4.0,0.585,0.0007757115236017853,0.10724586388096213,0.0020699313608929515,2.2012463205101085e-05,5.724630653958229e-06,15234.4815,1.0,15150.808464843749,2.6305898801864956e-05,84.07838645427034,1920.0,1.0,,166,,,,,,,,
1.810392354999749,0.007035074974744759,0.054280599346384406,0.0,0.0,0.0120675,4.0,0.5825,-0.004741392491268925,0.11052043968811631,-0.00341302395099774,1.5072035694174701e-05,7.661003365910801e-06,15234.4815,1.0,15125.849906250001,2.6305898801864956e-05,107.28666818539595,1920.0,1.0,,167,,,,,,,,
1.8620047070007786,0.0046059995561194,0.0349527996731922,0.0,0.0,0.012020000000000001,4.0,0.5800000000000001,-0.0012598976609297097,0.10731109511107206,2.661242615431547e-05,9.87672075325463e-06,4.762516994105681e-06,15232.529499999999,1.0,15138.1094609375,2.6305898801864956e-05,79.41821504449653,1920.0,1.0,,168,,,,,,,,
1.7242544730006557,0.015761696784537094,0.08322482742369175,0.0,1.0,0.0119725,3.0,0.5775,0.004227596296307941,0.10510661825537682,0.005482630028078954,9.67288838182867e-06,4.774990353932178e-06,15234.4815,1.0,15160.767625,2.6305898801864956e-05,55.52467615911138,1920.0,1.0,,169,,,,,,,,
1.5386671430005663,0.013595669631087048,0.0775553397834301,0.0,1.0,0.011925000000000002,2.0,0.575,0.008767048420850188,0.09432800207287073,0.009886995714623481,1.2830345667680376e-05,7.2637659513929975e-06,15232.0415,1.0,15119.48459375,2.6305898801864956e-05,111.79494719534155,1920.0,1.0,,170,,,,,,,,
1.802788302999943,0.011540223693017992,0.06197102926671505,0.0,0.0,0.011877500000000001,4.0,0.5725,-0.001491645656642504,0.08538262499496341,-0.00048082199646160007,7.769247872602136e-06,5.0635466095627635e-06,15236.433500000001,1.0,15163.59408203125,2.6305898801864956e-05,71.6352077235202,1920.0,1.0,,171,,,,,,,,
1.8610411259996908,0.008194976876975346,0.052408854477107525,0.0,0.0,0.01183,4.0,0.5700000000000001,-0.0008659528975840658,0.08837811043485999,0.00017634281539358199,9.013461408358125e-06,4.631088955875384e-06,15232.529499999999,1.0,15165.17925,2.6305898801864956e-05,65.30547530820421,1920.0,1.0,,172,,,,,,,,
1.7924351319998095,0.014567882288385903,0.04683431040029973,0.0,0.0,0.011782500000000001,4.0,0.5675,0.01061174931237474,0.08734052488580346,0.011637137999059632,1.1218490442388429e-05,5.160458556474623e-06,15234.4815,1.0,15159.482117187497,2.6305898801864956e-05,82.88392512973819,1920.0,1.0,,173,,,,,,,,
1.6439945070005706,0.015600257120619668,0.0490451391475896,0.0,1.0,0.011735,3.0,0.565,0.0007152269536163658,0.08346375015874703,0.0016903245414141566,1.2210329259687569e-05,6.25624056738161e-06,15234.4815,1.0,15128.280675781249,2.6305898801864956e-05,109.76281121686817,1920.0,1.0,,174,,,,,,,,
1.515810400999726,0.02628004341834611,0.08219401072710752,0.0,1.0,0.0116875,2.0,0.5625,0.004231528844684362,0.08698136452585459,0.0052451882511377335,8.42726132077587e-06,4.187727540738706e-06,15234.4815,1.0,15181.044312499998,2.6305898801864956e-05,42.4622397391382,1920.0,1.0,,175,,,,,,,,
1.6322524220004198,0.024999354431936165,0.07796224082509677,0.0,1.0,0.011640000000000001,3.0,0.56,0.004297499156867464,0.08710076535741489,0.005305078423892458,1.527858027354038e-05,9.491287983109942e-06,15210.6015,1.0,15022.0607265625,2.6305898801864956e-05,123.70746400794438,1920.0,1.0,,176,,,,,,,,
1.5118217790004564,0.026179675216006615,0.0697428397834301,0.0,1.0,0.0115925,2.0,0.5575,0.000920852820854634,0.09748833440244198,0.0020465744892135262,1.2862631592724938e-05,6.25051228553275e-06,15225.801499999998,1.0,15087.594558593748,2.6305898801864956e-05,101.3455773682359,1920.0,1.0,,177,,,,,,,,
1.442289038999661,0.02111109982763537,0.05647786520421505,0.0,1.0,0.011545,1.0,0.5549999999999999,0.025163137004710734,0.10147042758762836,0.02632932784035802,1.441373819943692e-05,7.690788947911642e-06,15236.433500000001,1.0,15134.1503125,2.6305898801864956e-05,107.82217269547782,1920.0,1.0,,178,,,,,,,,
1.8202747599998474,0.01561411940474855,0.0915934257209301,0.0,0.0,0.0114975,4.0,0.5525,0.004276470725017134,0.09017893020063639,0.005309138718075701,1.1908949261396629e-05,5.945960111830573e-06,15234.4815,1.0,15129.790390625,2.6305898801864956e-05,89.02830010357253,1920.0,1.0,,179,,,,,,,,
1.659330735000367,0.013547109032340169,0.06803385463232796,0.0,1.0,0.01145,3.0,0.55,0.006628491139660279,0.09174617566168308,0.0076746754348278046,1.399194494903592e-05,5.821650309674927e-06,15234.4815,1.0,15155.446875,2.6305898801864956e-05,70.8761366110361,1920.0,1.0,,180,15426.236499999999,15234.4815,15227.753499999999,70000042,15160.211258333331,best_of_k,15234.4815,69.66169931217833
1.7039108959997975,0.03930185282696167,0.07481553840140502,0.0,1.0,0.011402500000000001,3.0,0.5475,0.052978389755783915,0.07479212991893291,0.05382717687947055,1.292474538180007e-05,5.482638850177561e-06,15234.4815,1.0,15156.3153203125,2.6305898801864956e-05,92.14129839683615,1920.0,1.0,,181,,,,,,,,
1.641025890000492,0.01913632648362314,0.0627712681889534,0.0,1.0,0.011355,3.0,0.5449999999999999,-0.0022784494212828577,0.0793961634238561,-0.0013819329130152862,1.7465779365011258e-05,6.559274728109206e-06,15234.4815,1.0,15120.727175781249,2.6305898801864956e-05,113.42783593901463,1920.0,1.0,,182,,,,,,,,
1.6314179230002992,0.019231585980961086,0.0598415806889534,0.0,1.0,0.0113075,3.0,0.5425,-0.003233540046494454,0.07506479012469451,-0.002388186131914457,1.0177010760041108e-05,4.847059661490978e-06,15240.7295,1.0,15180.78034765625,2.6305898801864956e-05,65.7994382437612,1920.0,1.0,,183,,,,,,,,
1.3968879280000692,0.05823321671392989,0.0730794295668602,0.0,1.0,0.011260000000000001,1.0,0.54,0.01218405447434634,0.08115719631314278,0.013095645001158118,6.04005742843583e-06,3.26951902707151e-06,15234.4815,1.0,15206.1958828125,2.6305898801864956e-05,26.99606302669605,1920.0,1.0,,184,,,,,,,,
1.7686386819996187,0.014607925147309686,0.06518554780632257,0.0,1.0,0.0112125,4.0,0.5375,0.014757140899746446,0.0967748467810452,0.015834819001611322,1.865826550329075e-05,1.1085971891588997e-05,15062.56725,1.0,14972.536250000001,2.6305898801864956e-05,133.53054967369903,1920.0,1.0,,185,,,,,,,,
1.4244240690004517,0.07692925331819822,0.123046875,0.0,1.0,0.011165,1.0,0.5349999999999999,0.0039018086390569806,0.09211288392543793,0.0049239336512982845,2.0211671881043003e-05,8.587307320340187e-06,15058.841,1.0,14990.035316406249,2.6305898801864956e-05,126.61553790315159,1920.0,1.0,,186,,,,,,,,
1.788026311000067,0.006570848267450913,0.049560547107830644,0.0,0.0,0.0111175,4.0,0.5325,-0.00435012906382326,0.0764650609344244,-0.00350728741614148,3.733591574928141e-05,7.049048946328185e-06,15238.289499999999,1.0,15185.015746093752,2.6305898801864956e-05,58.089826168781705,1920.0,1.0,,187,,,,,,,,
1.75097798600018,0.008160161460651238,0.05643717502243817,0.0,1.0,0.011070000000000002,4.0,0.53,-0.00044232684012968093,0.08539265673607588,0.0004928066991851665,6.778859619771538e-05,6.768877000240536e-06,15234.4815,1.0,15170.324226562498,2.6305898801864956e-05,69.57635738517546,1920.0,1.0,,188,,,,,,,,
1.793310523999935,0.011850930179178931,0.06848144554533064,0.0,0.0,0.011022500000000001,4.0,0.5275000000000001,-0.0028441628091968596,0.09125486062839627,-0.0018524864281062037,9.109138343887935e-05,1.0142488548581241e-05,15238.4735,1.0,15191.2256484375,2.6305898801864956e-05,51.419962773293385,1920.0,1.0,,189,,,,,,,,
1.7886726570004612,0.007189436968427998,0.039388021221384406,0.0,0.0,0.010975,4.0,0.525,0.006088412865210557,0.0829222034662962,0.006989297457039356,5.429288961522616e-05,7.514565922406291e-06,15240.7295,1.0,15180.0807421875,2.6305898801864956e-05,64.17259047729284,1920.0,1.0,,190,,,,,,,,
1.5089279049998368,0.011620429221167683,0.061279296875,0.0,1.0,0.010927500000000001,2.0,0.5225,0.005990665522404015,0.0815006522461772,0.00682683358900249,0.00042160166071880667,2.4541763025354157e-05,15240.7295,1.0,15098.024984374999,2.6305898801864956e-05,100.75086274228225,1920.0,1.0,,191,,,,,,,,
1.7512873280002168,0.01329457013618196,0.05716959698474966,0.0,1.0,0.01088,4.0,0.52,0.011042824844480492,0.08530437480658293,0.01190508424770087,0.0005020698336011264,3.1291413819189984e-05,15234.001499999998,1.0,15117.19637890625,2.6305898801864956e-05,104.73748136588505,1920.0,1.0,,192,,,,,,,,
1.5116296390006028,0.033566988096751516,0.0709635429084301,0.0,1.0,0.0108325,1.0,0.5175000000000001,-0.002343125350307673,0.08503988571465015,-0.0014902001712471247,0.000529929023286968,3.055357456105412e-05,15234.1775,1.0,15059.794648437499,2.6305898801864956e-05,141.59756885097028,1920.0,1.0,,193,,,,,,,,
1.777410764000706,0.005034900614184323,0.04007975262356922,0.0,0.0,0.010785000000000001,4.0,0.515,0.0003062378382310271,0.07677620090544224,0.0010538538917899132,0.0005976457021006354,4.130053869744188e-05,15240.7295,1.0,15195.730121093751,2.6305898801864956e-05,55.7918414053907,1920.0,1.0,,194,,,,,,,,
1.7436692330002188,0.004424445896855644,0.04927571630105376,0.0,0.0,0.0107375,4.0,0.5125,0.0030670334708702285,0.08322869753465056,0.003941968511412597,0.0001137991483233236,1.4707276136505243e-05,15235.465499999998,1.0,15142.607746093749,2.6305898801864956e-05,99.64733841190711,1920.0,1.0,,195,,,,,,,,
1.8003183999999237,0.008785643120738484,0.0439046228711959,0.0,0.0,0.010690000000000002,4.0,0.51,0.002807552125887014,0.08165244851261377,0.0036607975198421627,0.00014000705533590008,1.1236988498808387e-05,15238.289499999999,1.0,15183.27731640625,2.6305898801864956e-05,63.542474400482654,1920.0,1.0,,196,,,,,,,,
1.3764211469997463,0.023310165895367163,0.05843099020421505,0.0,1.0,0.010642500000000001,1.0,0.5075000000000001,0.03017606062348932,0.09184052981436253,0.031132136471569538,0.00015661914767406415,1.1351273656146077e-05,15240.7295,1.0,15185.256628906249,2.6305898801864956e-05,58.771201044598286,1920.0,1.0,,197,,,,,,,,
1.8252812439995978,0.008200378477482673,0.05114746140316129,0.0,0.0,0.010595,4.0,0.505,0.003879392723320052,0.09048463776707649,0.004766166093759239,0.0005125347960870386,4.131475512281213e-05,15234.4815,1.0,15075.37412109375,2.6305898801864956e-05,104.25407112324898,1920.0,1.0,,198,,,,,,,,
1.7398870209999586,0.007235799201097848,0.03889973973855376,0.0,0.0,0.010547500000000001,4.0,0.5025,0.004334834928158671,0.08166057290509343,0.00487413044902496,0.0024174234985139265,0.0001605532849566771,15240.7295,1.0,15172.10480078125,2.6305898801864956e-05,76.44105523553311,1920.0,1.0,,199,,,,,,,,
1.6611869739999747,0.01252115939756493,0.052354601211845875,0.0,1.0,0.0105,3.0,0.5,0.004516265199830134,0.08968883131941159,0.004875736272272964,0.0044671804692673804,0.00027108707748387434,15237.279749999998,1.0,15097.81525390625,2.6305898801864956e-05,155.54134537340664,1920.0,1.0,,200,15426.236499999999,15234.001499999998,15029.250499999998,70000042,15122.740516666667,best_of_k,15234.001499999998,99.7216070056189
1.8804940119998719,0.0037162185719807894,0.04431152355391532,0.0,0.0,0.010452500000000002,4.0,0.49750000000000005,0.001614114942640299,0.09568520728498697,0.0016783041064627469,0.007003014963629539,0.00047131816791079473,15234.4815,1.0,15084.7161796875,2.6305898801864956e-05,162.48146984454772,1920.0,1.0,,201,,,,,,,,
1.7195368220000091,0.00798509439349715,0.055704753613099456,0.0,0.0,0.010405000000000001,4.0,0.495,-0.001210425398312509,0.0981822507455945,-0.0005537091055884957,0.002618547027850582,0.00020603204188773816,15234.001499999998,1.0,15085.82998828125,2.6305898801864956e-05,100.93422565550608,1920.0,1.0,,202,,,,,,,,
1.850479257999723,0.003892933165843715,0.049560547107830644,0.0,0.0,0.010357500000000002,4.0,0.49250000000000005,-0.005302802848746069,0.09757169103249907,-0.00436123093822971,0.0003704627117713244,6.395879734100163e-05,15230.7615,1.0,15040.988796874999,2.6305898801864956e-05,77.31548153056092,1920.0,1.0,,203,,,,,,,,
1.5084796740002275,0.014522923091242035,0.058105469681322575,0.0,1.0,0.01031,2.0,0.49,-0.002453635912388563,0.0962486770004034,-0.0014866876299493015,0.00018890930550696794,1.2969707086085691e-05,15229.7855,1.0,15027.47287890625,2.6305898801864956e-05,121.21448845800852,1920.0,1.0,,204,,,,,,,,
1.7704057589999138,0.007973953849568005,0.057210286729969084,0.0,0.0,0.0102625,4.0,0.48750000000000004,-0.0030704516102559865,0.08860328141599894,-0.00218159711221233,0.000106572216850509,1.9558661449536885e-05,15230.7615,1.0,14996.07416796875,2.6305898801864956e-05,186.6441731594719,1920.0,1.0,,205,,,,,,,,
1.387375133000205,0.024012153436657968,0.0660807304084301,0.0,1.0,0.010215,1.0,0.485,0.005270199617370963,0.09560269489884377,0.0062337396666407585,7.22479658179509e-05,1.1635819760158483e-05,15229.609499999999,1.0,15045.579222656248,2.6305898801864956e-05,100.63345539002705,1920.0,1.0,,206,,,,,,,,
1.7192981999996846,0.01874603855241948,0.06255425388614337,0.0,1.0,0.010167500000000001,3.0,0.48250000000000004,0.008050331030972302,0.0939866987367471,0.008995177922770381,5.1179031136901663e-05,1.1289867416053312e-05,15238.289499999999,1.0,15150.44612890625,2.6305898801864956e-05,127.9306728830749,1920.0,1.0,,207,,,,,,,,
1.6001880280000478,0.018231151769645255,0.0721571184694767,0.0,1.0,0.01012,3.0,0.48,0.005199062405154109,0.09911091377337773,0.006193815420071284,3.537598771193492e-05,9.42363002801964e-06,15415.2345,1.0,15165.9091015625,2.6305898801864956e-05,84.82244928196103,1920.0,1.0,,208,,,,,,,,
1.72578763599995,0.006755341425417782,0.04508463584352285,0.0,0.0,0.010072500000000002,4.0,0.47750000000000004,-0.0004265618190402165,0.09704813780263066,0.0005429400916909799,3.943721571886272e-05,8.144100291929135e-06,15240.7295,1.0,15163.45438671875,2.6305898801864956e-05,81.91367460572121,1920.0,1.0,,209,,,,,,,,
1.501898911000353,0.028773714646590065,0.07014974020421505,0.0,1.0,0.010025000000000001,2.0,0.475,0.03851499001029879,0.10405279230326414,0.03955278894864023,2.29376105380652e-05,6.069204061986966e-06,15237.279749999998,1.0,15180.056324218749,2.6305898801864956e-05,52.40481973634683,1920.0,1.0,,210,,,,,,,,
1.6708385299998554,0.012981761759746746,0.06401909763614337,0.0,1.0,0.009977500000000002,3.0,0.47250000000000003,-0.0037120781683673463,0.1074371300637722,-0.0026454823867728314,1.9892510484472343e-05,6.735329937631225e-06,15225.247749999999,1.0,15075.0453828125,2.6305898801864956e-05,98.06733251514824,1920.0,1.0,,211,,,,,,,,
1.7788580100004765,0.006445566497205846,0.05721028731204569,0.0,0.0,0.00993,4.0,0.47,-0.0021546015050262213,0.10165815288200974,-0.0011502933921292424,1.586788658869409e-05,7.140193275745332e-06,15234.4815,1.0,15108.426074218749,2.6305898801864956e-05,102.22094432675749,1920.0,1.0,,212,,,,,,,,
1.6878794499998548,0.011678860557414813,0.07080078156044085,0.0,1.0,0.0098825,3.0,0.4675,0.004202540731057525,0.09893047002454598,0.005174836376681924,1.692539672148996e-05,7.385297521977918e-06,15234.4815,1.0,15109.22640234375,2.6305898801864956e-05,136.30376516456306,1920.0,1.0,,213,,,,,,,,
1.6374248479996822,0.02343467337892946,0.10167100839316845,0.0,1.0,0.009835,3.0,0.46499999999999997,0.009952366856547693,0.09314845440288384,0.010863587415466705,1.631401907313072e-05,6.525747987022139e-06,15230.0895,1.0,15143.5133515625,2.6305898801864956e-05,89.17789686568183,1920.0,1.0,,214,,,,,,,,
1.3886760209998101,0.027108164103950116,0.0582682304084301,0.0,1.0,0.009787500000000001,1.0,0.4625,-0.001449256669729948,0.10108711384236813,-0.00046700751408934593,1.9580178104661172e-05,1.0365736670792103e-05,15234.4815,1.0,15050.5729140625,2.6305898801864956e-05,130.3091209639559,1920.0,1.0,,215,,,,,,,,
1.814818331999959,0.00733664578694615,0.05305989598855376,0.0,0.0,0.00974,4.0,0.45999999999999996,0.00123339903075248,0.10033970884978771,0.0022057179012335837,1.748866549178274e-05,6.48293422500501e-06,15232.0415,1.0,15143.67899609375,2.6305898801864956e-05,72.3425094308923,1920.0,1.0,,216,,,,,,,,
1.7372610960001111,0.00874756175544178,0.041300456039607525,0.0,0.0,0.009692500000000001,4.0,0.4575,0.005568428707192652,0.09008782124146819,0.006437519448809326,1.4937202536202676e-05,5.183832115562836e-06,15236.0335,1.0,15179.860121093749,2.6305898801864956e-05,55.85653020109161,1920.0,1.0,,217,,,,,,,,
1.7328832419998434,0.003828951968536387,0.029541015741415322,0.0,0.0,0.009644999999999999,4.0,0.45499999999999996,0.002415322669548914,0.08775738021358848,0.0032583977153990418,1.0545751933932479e-05,4.5809214270775556e-06,15237.0095,1.0,15193.913257812499,2.6305898801864956e-05,47.39023583049844,1920.0,1.0,,218,,,,,,,,
1.5697291490005227,0.019533532690665822,0.06689453125,0.0,1.0,0.0095975,2.0,0.4525,0.02494054543785751,0.09727278910577297,0.025870807468891144,1.0176887030866055e-05,4.592048810536653e-06,15237.0095,1.0,15189.632765625,2.6305898801864956e-05,48.23428399199535,1920.0,1.0,,219,,,,,,,,
1.498233225000149,0.016947173097271673,0.07218424510210752,0.0,1.0,0.00955,2.0,0.44999999999999996,0.004629407776519656,0.09290108643472195,0.005505588138476014,2.6878225753534934e-05,1.667608137267962e-05,15238.7775,1.0,15122.973984375,2.6305898801864956e-05,201.8959020393554,1920.0,1.0,,220,15426.236499999999,15237.0095,15202.8095,70000042,15160.543966666666,best_of_k,15237.0095,82.17997468084737
1.6092647589994158,0.013526013842160012,0.061523438431322575,0.0,1.0,0.0095025,2.0,0.4475,-0.0027896685642190278,0.10274074040353298,-0.0018182031926698983,1.5121184674171673e-05,6.633641248754429e-06,15240.7295,1.0,15139.56229296875,2.6305898801864956e-05,96.00931399165171,1920.0,1.0,,221,,,,,,,,
1.796455316999527,0.012811903233915345,0.05391438864171505,0.0,0.0,0.009455,4.0,0.44499999999999995,0.006419895129511133,0.09882621699944139,0.00734990049386397,1.1917753283796628e-05,6.409723795286482e-06,15236.3375,1.0,15082.938824218749,2.6305898801864956e-05,98.8148452268407,1920.0,1.0,,222,,,,,,,,
1.76203070199972,0.008163640204847056,0.047688802471384406,0.0,0.0,0.009407500000000001,4.0,0.4425,-0.0005892895715078339,0.09771566325798631,0.00032249451032839715,1.8724103654221835e-05,1.1207103455035394e-05,15238.289499999999,1.0,15116.62753515625,2.6305898801864956e-05,163.37433677588018,1920.0,1.0,,223,,,,,,,,
1.753103031000137,0.01061730193237942,0.06888834689743817,0.0,0.0,0.00936,4.0,0.43999999999999995,0.004010920587461442,0.09653193317353725,0.004910157760605216,1.1816880032711197e-05,6.2399398643719906e-06,15238.7775,1.0,15165.828539062499,2.6305898801864956e-05,95.86131682580104,1920.0,1.0,,224,,,,,,,,
1.7476884090001477,0.0033532033163687913,0.030314127798192203,0.0,0.0,0.009312500000000001,4.0,0.4375,-0.0028331100766081363,0.09200481977313757,-0.0019807062344625592,1.2470103399664367e-05,6.288673972676406e-06,15238.4735,1.0,15149.19001171875,2.6305898801864956e-05,145.91324568265682,1920.0,1.0,,225,,,,,,,,
1.7588682010000412,0.011119369808564983,0.07385253929533064,0.0,0.0,0.009265000000000002,4.0,0.43500000000000005,-0.002279464915773133,0.09968122839927673,-0.001359554811642738,1.0180121535086073e-05,5.236924209839344e-06,15238.7775,1.0,15183.7509140625,2.6305898801864956e-05,84.35114574135505,1920.0,1.0,,226,,,,,,,,
1.7316844309998487,0.013033574749817589,0.09252929780632257,0.0,1.0,0.0092175,4.0,0.4325,0.0038016512808098923,0.08353026583790779,0.00456739842047682,1.1121397278657241e-05,6.162802094422659e-06,15240.7295,1.0,15143.311234375,2.6305898801864956e-05,110.77227986849162,1920.0,1.0,,227,,,,,,,,
1.7510276430002705,0.005207631147044367,0.0504557293606922,0.0,0.0,0.009170000000000001,4.0,0.43000000000000005,0.000965978717431426,0.08538655331358314,0.0017444889526814222,1.1848449503304437e-05,6.5985547053060145e-06,15234.4815,1.0,15154.05694921875,2.6305898801864956e-05,112.7093203588254,1920.0,1.0,,228,,,,,,,,
1.714477385000464,0.007940584061810085,0.042643229564419016,0.0,0.0,0.0091225,4.0,0.4275,0.009170217250357382,0.08999499306082726,0.00998792058089748,8.54978134157136e-06,4.842106108071675e-06,15238.289499999999,1.0,15178.217300781249,2.6305898801864956e-05,75.57796304927848,1920.0,1.0,,229,,,,,,,,
1.7778864360006992,0.019426152800122054,0.05273437569849193,0.0,1.0,0.009075000000000001,4.0,0.42500000000000004,0.013000224800634896,0.08156825648620725,0.01373733693617396,6.649704573646886e-06,4.910973956384623e-06,15240.7295,1.0,15183.010515624997,2.6305898801864956e-05,61.411013151364685,1920.0,1.0,,230,,,,,,,,
1.7392407570005162,0.00821826030163919,0.040649414295330644,0.0,0.0,0.0090275,4.0,0.4225,-0.0032708041835576296,0.09097416559234262,-0.002454087371006608,1.2323909231781727e-05,6.639647381234681e-06,15238.7775,1.0,15079.84934765625,2.6305898801864956e-05,113.30683742724834,1920.0,1.0,,231,,,,,,,,
1.7789637810001295,0.008281681646788996,0.03987630223855376,0.0,0.0,0.008980000000000002,4.0,0.42000000000000004,0.0002988801716128364,0.08498171018436551,0.001058290188666433,9.820726972975535e-06,5.486794151465801e-06,15238.7775,1.0,15112.80819140625,2.6305898801864956e-05,107.25415777893468,1920.0,1.0,,232,,,,,,,,
1.7290177059994676,0.001884847843035331,0.0163167318678461,0.0,0.0,0.008932500000000001,4.0,0.4175,-0.0020303743658587337,0.07583602517843246,-0.0013569208094850183,1.0224922476709253e-05,5.85746511205798e-06,15240.7295,1.0,15158.408972656249,2.6305898801864956e-05,105.70584431419104,1920.0,1.0,,233,,,,,,,,
1.7557632109992483,0.006323790866471057,0.037394206039607525,0.0,0.0,0.008885,4.0,0.41500000000000004,0.00032568960523349233,0.06785194156691432,0.0009254935430362821,8.283674361564408e-06,4.464942861659438e-06,15240.7295,1.0,15193.49143359375,2.6305898801864956e-05,55.900975715053335,1920.0,1.0,,234,,,,,,,,
1.7507356329997492,0.020794110326935566,0.053222656875732355,0.0,1.0,0.0088375,4.0,0.4125,0.022459733649156988,0.08044695621356368,0.023165718070231378,1.2091841313122131e-05,7.513309526530065e-06,15236.433500000001,1.0,15153.07108203125,2.6305898801864956e-05,86.96065781785079,1920.0,1.0,,235,,,,,,,,
1.812573078999776,0.007211048141545717,0.03873697965173051,0.0,0.0,0.008790000000000001,4.0,0.41000000000000003,0.0010146554850507528,0.07813984388485551,0.0016946869436651468,1.196618171661612e-05,1.1240184335292724e-05,15240.7295,1.0,15030.982191406249,2.6305898801864956e-05,102.78271735405276,1920.0,1.0,,236,,,,,,,,
1.7644104199998765,0.0046178498854612116,0.02827962271112483,0.0,0.0,0.0087425,4.0,0.4075,0.00033430481562390924,0.0751103418879211,0.000987155712209642,8.781565725257678e-06,5.846148667387752e-06,15234.4815,1.0,15097.951578125,2.6305898801864956e-05,103.72840406030622,1920.0,1.0,,237,,,,,,,,
1.7814280369993867,0.003527432391489782,0.027099609607830644,0.0,0.0,0.008695000000000001,4.0,0.405,-0.0005821005106554367,0.06592765962705016,-1.1859905498567969e-05,7.308299473152147e-06,4.540083040183163e-06,15236.433500000001,1.0,15167.753566406249,2.6305898801864956e-05,77.42419101072048,1920.0,1.0,,238,,,,,,,,
1.7871547710001323,0.00530947091378664,0.029378255363553762,0.0,0.0,0.0086475,4.0,0.40249999999999997,0.002390482826740481,0.05819214810617268,0.002891080512199551,6.615253113295694e-06,3.915178552915677e-06,15236.433500000001,1.0,15185.7551015625,2.6305898801864956e-05,58.94927228693849,1920.0,1.0,,239,,,,,,,,
1.7591438119998202,0.010473343890639697,0.022949219099245965,0.0,1.0,0.008600000000000002,4.0,0.4,0.017424950041458942,0.05181985395029187,0.017867563816253096,6.637018969968267e-06,4.749841508555619e-06,15240.7295,1.0,15185.597984375,2.6305898801864956e-05,86.36550830665065,1920.0,1.0,,240,15426.236499999999,15234.4815,15042.90825,70000042,15055.606225,best_of_k,15234.4815,79.41019861013741
1.6695011120000345,0.020150849559691153,0.032796224346384406,0.0,1.0,0.0085525,2.0,0.39749999999999996,-0.0015765899297548458,0.06052573258057237,-0.00106456084176898,1.8930108183212724e-05,7.448039298196818e-06,15234.4815,1.0,15049.5694453125,2.6305898801864956e-05,64.58228826743678,1920.0,1.0,,241,,,,,,,,
1.5812862129996574,0.011170488205110018,0.03157552114377419,0.0,1.0,0.008505,3.0,0.395,0.019889160020587344,0.056685325068732105,0.02036509709432721,3.090625784807344e-05,6.162778731777507e-06,15240.7295,1.0,15198.356101562498,2.6305898801864956e-05,67.5498233921162,1920.0,1.0,,242,,,,,,,,
1.6379839410001296,0.015138501583734865,0.04150390656044086,0.0,1.0,0.0084575,3.0,0.39249999999999996,0.0008758228893081347,0.06714385251204173,0.0014365804381668568,3.6907478261127835e-05,6.841105763063145e-06,15234.001499999998,1.0,15047.292921875,2.6305898801864956e-05,92.5107372301242,1920.0,1.0,,243,,,,,,,,
1.73861051699987,0.004986890387465692,0.03812662768177688,0.0,0.0,0.00841,4.0,0.39,0.0007927090919110924,0.0585127102676779,0.0012806973318220116,1.581920270155024e-05,5.043106028779221e-06,15236.433500000001,1.0,15160.244699218749,2.6305898801864956e-05,82.34378875249516,1920.0,1.0,,244,,,,,,,,
1.9243313470005887,0.00470597492782332,0.029174804920330644,0.0,0.0,0.0083625,4.0,0.38749999999999996,0.006386696215486154,0.05533867795020342,0.0068466850207187235,9.11516730184303e-06,3.737984215490542e-06,15240.7295,1.0,15199.423195312498,2.6305898801864956e-05,56.426550007898484,1920.0,1.0,,245,,,,,,,,
1.750727968999854,0.0033142624702691137,0.022989909106399864,0.0,0.0,0.008315000000000001,4.0,0.385,0.00018476654076948762,0.04198040533810854,0.000531937024788931,4.0487294086233305e-06,2.9837037942570532e-06,15238.7775,1.0,15211.87415234375,2.6305898801864956e-05,41.208627196630566,1920.0,1.0,,246,,,,,,,,
1.55667924699992,0.020070007024393988,0.037027995102107525,0.0,1.0,0.0082675,2.0,0.38249999999999995,-0.005661377101205289,0.047456927597522736,-0.0052728240843862295,7.845793959404546e-06,6.026006673209849e-06,15240.7295,1.0,15207.863171874997,2.6305898801864956e-05,103.53291962196823,1920.0,1.0,,247,,,,,,,,
1.8380188729997826,0.009280672301791526,0.04305013036355376,0.0,0.0,0.008220000000000002,4.0,0.38,-0.002211050668847747,0.054542590864002705,-0.0017666106286924332,9.196232724661968e-06,5.9606668116884975e-06,15234.001499999998,1.0,15085.39051953125,2.6305898801864956e-05,96.79678987228161,1920.0,1.0,,248,,,,,,,,
1.7299963579998803,0.016998820479809496,0.06827799510210752,0.0,1.0,0.0081725,4.0,0.37749999999999995,0.005694539286196232,0.05574597558006644,0.006147218344267458,7.211003918428105e-06,4.367412344663535e-06,15240.7295,1.0,15115.67983984375,2.6305898801864956e-05,95.5217549029892,1920.0,1.0,,249,,,,,,,,
1.7443321509999805,0.011329311143331466,0.04817708348855376,0.0,1.0,0.008125,4.0,0.375,0.005335607740562409,0.049925861647352576,0.0057390731235500425,4.481701111558323e-06,3.4683107230648602e-06,15240.7295,1.0,15208.536273437498,2.6305898801864956e-05,48.571455134836576,1920.0,1.0,,250,,,,,,,,
1.73528316500051,0.008534291622353862,0.042154948227107525,0.0,0.0,0.008077500000000001,4.0,0.37250000000000005,0.0031938803749653744,0.059972310438752174,0.003674472449347377,9.697120560758776e-06,5.7309461851673404e-06,15237.0095,1.0,15152.4531484375,2.6305898801864956e-05,98.64307428968196,1920.0,1.0,,251,,,,,,,,
1.7211982620001436,0.017856474661382293,0.056762695661745965,0.0,1.0,0.00803,4.0,0.37,0.01678879017708823,0.06076085544191301,0.0172736004460603,8.385672998656446e-06,4.520768015936483e-06,15237.0095,1.0,15171.845621093751,2.6305898801864956e-05,84.66353297088011,1920.0,1.0,,252,,,,,,,,
1.6324360329999763,0.016621304802517518,0.052842882461845875,0.0,1.0,0.007982500000000002,3.0,0.36750000000000005,0.013108247231381634,0.05214521444092194,0.013521741920461258,7.160493889083834e-06,4.077926727556284e-06,15248.71975,1.0,15187.488996093749,2.6305898801864956e-05,76.60383969633388,1920.0,1.0,,253,,,,,,,,
1.7102776129995618,0.013558928206874654,0.050170898670330644,0.0,0.0,0.007935000000000001,4.0,0.365,0.0048968172959575895,0.058307294035330415,0.005356163484975696,7.370816490492871e-06,5.168793620669021e-06,15240.7295,1.0,15130.80668359375,2.6305898801864956e-05,105.51195674622112,1920.0,1.0,,254,,,,,,,,
1.7178479929998502,0.0038724920852288847,0.025553385668899864,0.0,0.0,0.007887500000000002,4.0,0.36250000000000004,-0.002423512763925828,0.05936459475196898,-0.00195854197954759,8.33901265195891e-06,4.867090893867498e-06,15240.7295,1.0,15087.96775390625,2.6305898801864956e-05,101.79843476519433,1920.0,1.0,,255,,,,,,,,
1.7312026979998336,0.0026649386140782383,0.017496744985692203,0.0,0.0,0.00784,4.0,0.36,-0.0006845401076134294,0.05762500734999776,-0.0002367692068219185,9.224366294802167e-06,6.174343724296705e-06,15240.7295,1.0,15132.638796875,2.6305898801864956e-05,119.2221277042963,1920.0,1.0,,256,,,,,,,,
1.79327244399974,0.004925834154022368,0.03059895837213844,0.0,0.0,0.007792500000000001,4.0,0.35750000000000004,0.00165166753140511,0.04980029445141554,0.002037359488895163,4.5176856247053365e-06,3.849632960850613e-06,15240.7295,1.0,15199.450249999998,2.6305898801864956e-05,69.60221352219646,1920.0,1.0,,257,,,,,,,,
1.7135066979999465,0.00412101397814979,0.02058919271803461,0.0,0.0,0.007745,4.0,0.355,-0.0015797300366102718,0.04413398425094783,-0.0012398446560837328,3.789027573475323e-06,3.1069073571643457e-06,15240.7295,1.0,15204.89915234375,2.6305898801864956e-05,53.98648345691875,1920.0,1.0,,258,,,,,,,,
1.7361300789998495,0.004900188995184962,0.043334961344953626,0.0,0.0,0.007697500000000001,4.0,0.35250000000000004,-0.0012752708862535655,0.05770433717407286,-0.0008328007534146309,3.3454426784373936e-06,2.7502869670570362e-06,15240.7295,1.0,15218.575273437498,2.6305898801864956e-05,37.3093645895191,1920.0,1.0,,259,,,,,,,,
1.5962421570002334,0.012963260167687451,0.03238932338232795,0.0,1.0,0.0076500000000000005,3.0,0.35,0.02543696582627793,0.0574159383152922,0.02587407159929474,6.011731746487688e-06,3.0523362776572562e-06,15238.4735,1.0,15202.8997265625,2.6305898801864956e-05,52.482070834742466,1920.0,1.0,,260,15426.236499999999,15237.0095,15234.001499999998,70000042,15167.717025,best_of_k,15237.0095,99.80036711537656
1.7006459659996835,0.01286376732132292,0.05658637173473835,0.0,1.0,0.007602500000000002,3.0,0.34750000000000003,0.013808882193795094,0.05696674808859825,0.014239261858165264,6.69111242738533e-06,4.082265509926704e-06,15234.4815,1.0,15170.57405859375,2.6305898801864956e-05,90.50051592315295,1920.0,1.0,,261,,,,,,,,
1.7407194229999732,0.006923354716466434,0.04248046933207661,0.0,0.0,0.007555000000000001,4.0,0.345,0.007539150305092335,0.0500926966778934,0.007915484777186066,5.891027470283916e-06,3.055300567211816e-06,15237.0095,1.0,15203.611941406249,2.6305898801864956e-05,49.21397508000406,1920.0,1.0,,262,,,,,,,,
1.6280035800000405,0.010008685259146924,0.03146701445803046,0.0,1.0,0.007507500000000002,3.0,0.3425,-0.0031099962046331107,0.047257883163789906,-0.0027570457508166633,6.201903905396951e-06,2.4354688434868876e-06,15234.001499999998,1.0,15211.392769531249,2.6305898801864956e-05,18.265987281763774,1920.0,1.0,,263,,,,,,,,
1.779869112000597,0.015774091013398106,0.05598958348855376,0.0,1.0,0.00746,4.0,0.33999999999999997,0.00836971600074321,0.06732211168855429,0.008867331314831972,1.3321233495844353e-05,6.5501553763169795e-06,15217.8015,1.0,15008.8450625,2.6305898801864956e-05,76.15760564978785,1920.0,1.0,,264,,,,,,,,
1.770377357000143,0.007452671462951699,0.06583658885210752,0.0,0.0,0.007412500000000001,4.0,0.3375,-0.0055394459050148726,0.06453482736833394,-0.005066070036264136,1.4192256571732287e-05,7.138926378047472e-06,15237.0095,1.0,15104.6311015625,2.6305898801864956e-05,129.9940787370741,1920.0,1.0,,265,,,,,,,,
1.7180372619995978,0.009816999754963973,0.05053710984066129,0.0,0.0,0.007365,4.0,0.33499999999999996,0.0014357214677147567,0.05212261318229139,0.0018157886806875467,1.1175563940923894e-05,5.396437217086714e-06,15234.001499999998,1.0,15157.175105468752,2.6305898801864956e-05,100.59482840938895,1920.0,1.0,,266,,,,,,,,
1.721880510000119,0.00479265167559717,0.047444662006455474,0.0,0.0,0.007317500000000001,4.0,0.3325,-0.0006435456161852926,0.0473873692099005,-0.00029938301304355264,8.506961108878386e-06,3.487756544018339e-06,15234.001499999998,1.0,15181.3793828125,2.6305898801864956e-05,65.12906392757341,1920.0,1.0,,267,,,,,,,,
1.7087628400004178,0.014064206265658186,0.045491536729969084,0.0,1.0,0.00727,4.0,0.32999999999999996,0.014737832301761955,0.05207138299010694,0.015114656300283968,5.3068320653437695e-06,2.409847496664952e-06,15234.001499999998,1.0,15204.8208046875,2.6305898801864956e-05,24.11958648792653,1920.0,1.0,,268,,,,,,,,
1.731873059999998,0.008602889197085517,0.05305989633779973,0.0,1.0,0.0072225000000000015,4.0,0.3275,-0.0008418115467065945,0.08467991836369038,-0.00024225124798249453,2.8146227577963145e-05,1.8451521782480995e-05,15211.553499999998,1.0,14915.5724140625,2.6305898801864956e-05,194.22950937886665,1920.0,1.0,,269,,,,,,,,
1.5289115979994676,0.021400799386004365,0.058512370102107525,0.0,1.0,0.007174999999999999,2.0,0.32499999999999996,-0.004273118422133848,0.08267709147185087,-0.0036870651529170573,2.2552429527422646e-05,9.79771778020222e-06,15210.6015,1.0,15003.54059375,2.6305898801864956e-05,145.77470021157484,1920.0,1.0,,270,,,,,,,,
1.697932342999593,0.0081341483201669,0.05090332077816129,0.0,0.0,0.0071275,4.0,0.3225,0.0006148479515104555,0.0676124538294971,0.0010913873557001352,1.7738589974669594e-05,7.189318353084673e-06,15217.8015,1.0,15134.959242187499,2.6305898801864956e-05,96.047068892282,1920.0,1.0,,271,,,,,,,,
1.7099984480000785,0.005425233043666822,0.02941894558898639,0.0,0.0,0.0070799999999999995,4.0,0.31999999999999995,-0.004633901175111532,0.06209060410037637,-0.0041990651516243815,1.5797632954672736e-05,6.369892417978917e-06,15227.385499999999,1.0,15145.547999999999,2.6305898801864956e-05,106.434840554626,1920.0,1.0,,272,,,,,,,,
1.7712082380003267,0.0029344562149518083,0.016723632972571068,0.0,0.0,0.0070325000000000006,4.0,0.3175,-0.001158638253400568,0.05792735912837088,-0.0007547824643552303,1.1555213745850779e-05,4.726154188006149e-06,15234.4815,1.0,15164.901132812498,2.6305898801864956e-05,68.72551713042009,1920.0,1.0,,273,,,,,,,,
1.7444341110003734,0.0028265589425178206,0.020955403801053762,0.0,0.0,0.006985,4.0,0.31499999999999995,0.002544482733355835,0.05826198938302696,0.00294784689322114,1.0715129633354081e-05,5.048515362204853e-06,15240.7295,1.0,15162.045242187498,2.6305898801864956e-05,89.8730303043348,1920.0,1.0,,274,,,,,,,,
1.7629346739995526,0.005162459674208364,0.03173828142462298,0.0,0.0,0.006937500000000001,4.0,0.3125,0.002899709868870559,0.06301337969489396,0.003333231376018375,1.5232001146614493e-05,4.220311836888868e-06,15238.7775,1.0,15144.101921874999,2.6305898801864956e-05,88.80699127655156,1920.0,1.0,,275,,,,,,,,
1.7325165470001593,0.0028082910647704296,0.022989909164607525,0.0,0.0,0.006890000000000002,4.0,0.31000000000000005,-0.0019483986106934026,0.055219559697434306,-0.0015705296536907554,8.27523555813059e-06,3.5326386438327972e-06,15237.0095,1.0,15174.1438828125,2.6305898801864956e-05,65.82503096637711,1920.0,1.0,,276,,,,,,,,
1.7187398330006545,0.008993246537901456,0.04508463595993817,0.0,1.0,0.006842500000000001,4.0,0.3075,0.015509960052440874,0.058375481981784105,0.015906900051049888,6.60407366126492e-06,3.66775859106383e-06,15237.0095,1.0,15188.084503906248,2.6305898801864956e-05,68.07641419639236,1920.0,1.0,,277,,,,,,,,
1.7414156129998446,0.011053016844011054,0.06665039132349193,0.0,0.0,0.006795000000000002,4.0,0.30500000000000005,0.0025655747267592233,0.06558448192663491,0.003002945421030745,1.6729034882700944e-05,1.3206590921299721e-05,15234.4815,1.0,15069.46209375,2.6305898801864956e-05,130.49745688099517,1920.0,1.0,,278,,,,,,,,
1.7546526610003639,0.003794839814698747,0.036743164411745965,0.0,0.0,0.0067475,4.0,0.3025,-0.0012308390796533786,0.06257963902316988,-0.0008338179322890937,5.3456393061424023e-05,3.9779113450322257e-05,15234.4815,1.0,15074.33824609375,2.6305898801864956e-05,99.62675140047598,1920.0,1.0,,279,,,,,,,,
1.7377119909997418,0.0065620650089641686,0.040242513292469084,0.0,0.0,0.006700000000000001,4.0,0.30000000000000004,-0.002600264473585412,0.056980221066623926,-0.0022303472214844078,3.607565361107845e-05,1.6486788013025944e-05,15240.7295,1.0,15160.661804687497,2.6305898801864956e-05,87.4535391328907,1920.0,1.0,,280,15426.236499999999,15240.7295,15234.001499999998,70000042,15195.923275000001,best_of_k,15240.7295,77.68589310441489
1.9270171870002741,0.004415033619746822,0.019490560051053762,0.0,0.0,0.0066525,4.0,0.2975,0.0008226856261899229,0.05137981497682631,0.0011548121110536158,2.742887897966284e-05,1.3870177326680277e-05,15238.7775,1.0,15163.79007421875,2.6305898801864956e-05,140.36683988342364,1920.0,1.0,,281,,,,,,,,
1.7662327309999455,0.025839100983581886,0.043741862231399864,0.0,1.0,0.0066050000000000015,4.0,0.29500000000000004,0.046493440022459254,0.04800771758891642,0.046805527177639306,2.2043046840281022e-05,5.606476022990137e-06,15240.7295,1.0,15205.389242187499,2.6305898801864956e-05,49.601823053772215,1920.0,1.0,,282,,,,,,,,
1.6465007460001289,0.018950513333263547,0.026150173973292112,0.0,1.0,0.006557500000000001,3.0,0.2925,0.04476760451992353,0.06523254451652367,0.04518659389577806,6.087771415271467e-05,5.373158766512158e-06,15234.001499999998,1.0,15020.723917968753,2.6305898801864956e-05,63.46845259768551,1920.0,1.0,,283,,,,,,,,
1.7568856389998473,0.005863014951266621,0.037109375232830644,0.0,0.0,0.006510000000000002,4.0,0.29000000000000004,0.001412742814864032,0.06180234346538782,0.0018033171363640577,6.940229394558628e-05,9.637390292027703e-06,15240.7295,1.0,15162.007007812499,2.6305898801864956e-05,99.61348354054248,1920.0,1.0,,284,,,,,,,,
1.7512912760003019,0.005957298526267252,0.032958984695142135,0.0,0.0,0.0064624999999999995,4.0,0.2875,-0.001988737423744169,0.05522660072892904,-0.0016392807774536777,2.4904772544687148e-05,9.910136270718795e-06,15240.7295,1.0,15191.775066406248,2.6305898801864956e-05,112.50597560711645,1920.0,1.0,,285,,,,,,,,
1.7314411269999255,0.010801895585931476,0.048543294513365254,0.0,1.0,0.0064150000000000006,4.0,0.28500000000000003,0.006834636777057312,0.06334699876606464,0.007232856645714492,2.7136661572058074e-05,1.087582776904128e-05,15240.7295,1.0,15196.06753515625,2.6305898801864956e-05,65.85351114445206,1920.0,1.0,,286,,,,,,,,
1.7179236640004092,0.004532262021086808,0.03214518236927688,0.0,0.0,0.0063675,4.0,0.2825,0.005311739485478029,0.06297603016719222,0.005708356300601736,1.4632054273988615e-05,5.839947704089354e-06,15240.7295,1.0,15164.26773046875,2.6305898801864956e-05,136.21567404099997,1920.0,1.0,,287,,,,,,,,
1.7285279010002341,0.005432627931787337,0.04423014377243817,0.0,0.0,0.006320000000000001,4.0,0.28,-0.005840469955728622,0.0712706211488694,-0.00539393606595695,8.306871535523896e-06,6.131741372428223e-06,15237.0095,1.0,15053.977140624998,2.6305898801864956e-05,82.53958538535112,1920.0,1.0,,288,,,,,,,,
1.7610742429997117,0.002996800984421455,0.027262369956588373,0.0,0.0,0.0062725,4.0,0.27749999999999997,0.001060028065694496,0.0641467273235321,0.0014590495848096907,7.641580964445893e-06,5.1494561716936005e-06,15238.7775,1.0,15125.599867187499,2.6305898801864956e-05,109.43318029042409,1920.0,1.0,,289,,,,,,,,
1.504549663999569,0.020946903942917316,0.06184895895421505,0.0,1.0,0.006225000000000001,2.0,0.275,-0.007070802967064083,0.06541159236803651,-0.006666892790235579,8.628975933788752e-06,4.828673695556063e-06,15314.985499999999,1.0,15109.647832031249,2.6305898801864956e-05,123.13294629415857,1920.0,1.0,,290,,,,,,,,
1.7375330869999743,0.003346693379256749,0.03385416668606922,0.0,0.0,0.006177500000000001,4.0,0.27249999999999996,-0.0005086780583951622,0.06002396997064352,-0.00014099206600803882,6.747366313675229e-06,4.874228579865303e-06,15240.7295,1.0,15138.96118359375,2.6305898801864956e-05,105.20742081791865,1920.0,1.0,,291,,,,,,,,
1.79032085200015,0.004018793986483971,0.042195638408884406,0.0,0.0,0.006130000000000002,4.0,0.27,-0.0035124799178447574,0.057946663815528154,-0.003160815656883642,8.117436919974352e-06,5.473882424666954e-06,15240.7295,1.0,15094.59464453125,2.6305898801864956e-05,114.1498364579233,1920.0,1.0,,292,,,,,,,,
1.7186532730002,0.00197295502934125,0.024210612376919016,0.0,0.0,0.006082499999999999,4.0,0.26749999999999996,-0.0019298424012959003,0.054611245868727565,-0.0016002480988390744,6.1563417830257094e-06,3.9256787118802094e-06,15238.7775,1.0,15150.2059765625,2.6305898801864956e-05,94.26749828945984,1920.0,1.0,,293,,,,,,,,
1.7418120439997438,0.003371414684664842,0.026855468953726813,0.0,0.0,0.006035,4.0,0.265,-0.000663673403323628,0.059241183334961534,-0.00030915142269805074,6.772423631673519e-06,4.642854889880255e-06,15240.7295,1.0,15113.4176796875,2.6305898801864956e-05,102.84563303801059,1920.0,1.0,,294,,,,,,,,
1.7485194959999717,0.001992038023859166,0.027832031482830644,0.0,0.0,0.0059875,4.0,0.26249999999999996,-0.003826633037533611,0.059869791846722364,-0.003472491051070392,9.235486061243137e-06,6.811167992282208e-06,15240.7295,1.0,15098.254539062498,2.6305898801864956e-05,136.77024692518813,1920.0,1.0,,295,,,,,,,,
1.7305914290000146,0.0021176635550261835,0.022460937820142135,0.0,0.0,0.005940000000000001,4.0,0.26,-0.00012395932571962476,0.05617258092388511,0.00020669610239565372,6.9617499320884235e-06,4.626706470389763e-06,15248.457499999997,1.0,15149.777992187499,2.6305898801864956e-05,103.12155560991162,1920.0,1.0,,296,,,,,,,,
1.7215163729997585,0.0056158110016273355,0.035644531599245965,0.0,0.0,0.0058925,4.0,0.25749999999999995,0.007009778375504538,0.049167439341545105,0.007296596304513514,6.2107165490488114e-06,4.560283201726634e-06,15240.7295,1.0,15157.5421875,2.6305898801864956e-05,104.16381766248485,1920.0,1.0,,297,,,,,,,,
1.739923252999688,0.0012893568580629733,0.013834635537932627,0.0,0.0,0.005845000000000001,4.0,0.255,-0.005201413550821599,0.04435658943839371,-0.004944270040141419,4.367188410014933e-06,3.368207273979351e-06,15240.7295,1.0,15185.68258984375,2.6305898801864956e-05,79.44067742358608,1920.0,1.0,,298,,,,,,,,
1.6876741899995977,0.009764639535630337,0.04333496140316129,0.0,0.0,0.005797500000000001,4.0,0.25249999999999995,0.00638054778391961,0.04259659582749009,0.006625227746553719,5.095975637914307e-06,3.5283304242739177e-06,15240.7295,1.0,15197.123359374998,2.6305898801864956e-05,76.06597302994216,1920.0,1.0,,299,,,,,,,,
1.5963344869996945,0.011638736925258778,0.034179688043271504,0.0,1.0,0.005750000000000002,3.0,0.25,0.03808474726974964,0.04095842347790798,0.038318546333660684,3.536082128145305e-06,2.7202683554605755e-06,15234.001499999998,1.0,15212.620664062499,2.6305898801864956e-05,50.09444643422228,1920.0,1.0,,300,15426.236499999999,15234.4815,15234.001499999998,70000042,15203.592500000002,best_of_k,15234.4815,69.58801194458673
1.8632563690007373,0.004443413875193869,0.02534993493463844,0.0,0.0,0.005702500000000001,4.0,0.24750000000000005,-0.0005658328736899421,0.04115792829543352,-0.00033817862276919186,1.3544985392854869e-05,1.1388882398932765e-05,15234.001499999998,1.0,15172.951507812499,2.6305898801864956e-05,167.0573874559088,1920.0,1.0,,301,,,,,,,,
1.7233327260000806,0.0035609246637271497,0.021036784106399864,0.0,0.0,0.005655,4.0,0.245,-0.001806856133043766,0.04588132235221565,-0.0015498439606744796,5.0591070817063155e-06,3.880157436242371e-06,15237.0095,1.0,15182.5711171875,2.6305898801864956e-05,82.15778065759753,1920.0,1.0,,302,,,,,,,,
1.7081724920008128,0.009187709417950884,0.047037760727107525,0.0,0.0,0.005607500000000001,4.0,0.24250000000000005,0.008137786979204975,0.047460616333410144,0.008400954291573726,7.064906867526588e-06,4.522201876966392e-06,15237.0095,1.0,15178.03240625,2.6305898801864956e-05,82.56671097954329,1920.0,1.0,,303,,,,,,,,
1.6150329530000818,0.010135646620890762,0.037706163711845875,0.0,1.0,0.005560000000000001,3.0,0.24,0.018605725180047255,0.046991585132976375,0.018864956529190142,4.8477872193567846e-06,3.11547703783314e-06,15234.001499999998,1.0,15197.38035546875,2.6305898801864956e-05,42.99698136740041,1920.0,1.0,,304,,,,,,,,
1.778874063999865,0.004397526106419747,0.042399088823003694,0.0,0.0,0.005512500000000002,4.0,0.23750000000000004,0.0005236436218183371,0.053344612242653966,0.0008134354138746858,1.215483416672214e-05,6.110288353511351e-06,15234.001499999998,1.0,15108.21946875,2.6305898801864956e-05,94.65662473421061,1920.0,1.0,,305,,,,,,,,
1.7574500500004433,0.003343672157573252,0.029785156541038305,0.0,0.0,0.005465000000000001,4.0,0.235,-0.002619932929519564,0.05280704493634403,-0.002334229531697929,8.785733228933168e-06,4.016053125610597e-06,15234.001499999998,1.0,15136.350578124999,2.6305898801864956e-05,95.69059291489415,1920.0,1.0,,306,,,,,,,,
1.7493963750002877,0.012101094619241692,0.04756673192605376,0.0,1.0,0.005417500000000002,4.0,0.23250000000000004,-0.00228918456377869,0.04893014393746853,-0.0020287108491174877,1.3620672831393676e-05,6.486015990958549e-06,15242.2095,1.0,15142.442128906248,2.6305898801864956e-05,134.11102502957868,1920.0,1.0,,307,,,,,,,,
1.7550148849995821,0.004512642059122385,0.022989909135503694,0.0,0.0,0.00537,4.0,0.22999999999999998,0.009228447830537334,0.044173210160806775,0.0094613311230205,2.2697613786704096e-05,4.1142127713555965e-06,15234.4815,1.0,15179.95717578125,2.6305898801864956e-05,80.11672848535792,1920.0,1.0,,308,,,,,,,,
1.7767465360002461,0.0011707362317885384,0.021850586286745965,0.0,0.0,0.005322500000000001,4.0,0.22750000000000004,0.0018957776483148336,0.049193258630111814,0.0021515710977837443,3.08698659523543e-05,5.90168426128912e-06,15237.0095,1.0,15137.1882734375,2.6305898801864956e-05,119.82287574210844,1920.0,1.0,,309,,,,,,,,
1.8351405109997359,0.004006539545162724,0.029418945661745965,0.0,0.0,0.005275,4.0,0.22499999999999998,-0.003320603609608952,0.048496647272259,-0.0030720429349457845,2.8559547786244366e-05,8.805934243127922e-06,15240.7295,1.0,15141.377519531248,2.6305898801864956e-05,158.8167431261141,1920.0,1.0,,310,,,,,,,,
1.7147593659992708,0.002984880937633605,0.01432291671517305,0.0,0.0,0.005227500000000001,4.0,0.22250000000000003,0.002552505233325064,0.04189052782021463,0.002766701451037079,4.9722625306003465e-06,8.578277842730131e-06,15240.7295,1.0,15199.238714843748,2.6305898801864956e-05,80.00830295832532,1920.0,1.0,,311,,,,,,,,
1.7396667369994248,0.00973878334219691,0.03788248746423051,0.0,1.0,0.005180000000000001,4.0,0.21999999999999997,0.018582936463644728,0.044245840748772025,0.01880992518272251,3.672559017786625e-06,3.676030885912951e-06,15234.001499999998,1.0,15214.1975625,2.6305898801864956e-05,41.61799924602526,1920.0,1.0,,312,,,,,,,,
1.7427139260007607,0.002541499462997976,0.026611328270519152,0.0,0.0,0.005132500000000002,4.0,0.21750000000000003,-0.00019873062228725757,0.05184957920573652,6.367615424096584e-05,6.767172209265482e-06,6.0691545797908475e-06,15237.0095,1.0,15129.657203125,2.6305898801864956e-05,109.3644292283243,1920.0,1.0,,313,,,,,,,,
1.7459887800005163,0.0021427988705715606,0.02189127611927688,0.0,0.0,0.005085000000000001,4.0,0.21499999999999997,-0.005816094460897148,0.05045807408168912,-0.005562321573961526,6.44881049538526e-06,4.323212479562244e-06,15240.7295,1.0,15121.915890625,2.6305898801864956e-05,96.41625855714328,1920.0,1.0,,314,,,,,,,,
1.8107874279994576,0.0025568077006115075,0.02189127611927688,0.0,0.0,0.005037500000000002,4.0,0.21250000000000002,-0.0029256938578328118,0.047048239735886455,-0.002690879933652468,4.343807475493122e-06,3.5150788306737013e-06,15237.0095,1.0,15160.372,2.6305898801864956e-05,91.42681407491246,1920.0,1.0,,315,,,,,,,,
1.7749583759996312,0.001915915566762294,0.010864257928915322,0.0,0.0,0.00499,4.0,0.20999999999999996,-0.001397750704200007,0.04308297880925238,-0.001190270035294816,1.438009348930791e-05,1.2130572144997132e-05,15238.7775,1.0,15151.256609375,2.6305898801864956e-05,177.47841035003302,1920.0,1.0,,316,,,,,,,,
1.7318629860001238,0.0039723124204851246,0.029581706039607525,0.0,0.0,0.004942500000000001,4.0,0.20750000000000002,0.0019634903874248266,0.044294582679867744,0.002176394802518189,2.0588216045780428e-05,7.925813036990803e-06,15238.7775,1.0,15183.911769531249,2.6305898801864956e-05,63.99819315704006,1920.0,1.0,,317,,,,,,,,
1.7233894189994317,0.006966433695382079,0.036092122783884406,0.0,0.0,0.004895,4.0,0.20499999999999996,0.004467034901608713,0.04332864470779896,0.004665412736358121,4.294474209132204e-05,1.884147658870461e-05,15237.0095,1.0,15198.149859374998,2.6305898801864956e-05,29.870106397222372,1920.0,1.0,,318,,,,,,,,
1.7209250169998995,0.006109472616111944,0.02933756564743817,0.0,0.0,0.004847500000000001,4.0,0.2025,-0.0010514201130717993,0.04854607000015676,-0.0008534271619282663,0.00012066725673776091,5.053409498145811e-05,15230.7615,1.0,15079.96844140625,2.6305898801864956e-05,99.2480706181396,1920.0,1.0,,319,,,,,,,,
1.7768958400001793,0.003856358386883585,0.0343831381178461,0.0,0.0,0.0048000000000000004,4.0,0.19999999999999996,-0.004495879416936077,0.046822987496852875,-0.004279555520042777,1.8289942147475813e-05,1.3194951691275492e-05,15237.0095,1.0,15107.609351562498,2.6305898801864956e-05,96.65754775115572,1920.0,1.0,,320,15426.236499999999,15237.0095,15227.753499999999,70000042,15166.382608333333,best_of_k,15237.0095,100.24981199520326
1.7993665750000218,0.002410866061568484,0.024047851678915322,0.0,0.0,0.0047525000000000015,4.0,0.1975,-6.071637471904978e-06,0.04363134270533919,0.00019817004795186222,8.445169015658394e-06,4.543346818763894e-06,15234.4815,1.0,15158.7874375,2.6305898801864956e-05,91.18619834936693,1920.0,1.0,,321,,,,,,,,
1.731854753999869,0.0015167388747734378,0.02046712271112483,0.0,0.0,0.004704999999999999,4.0,0.19499999999999995,-0.003544586827047169,0.044655456906184554,-0.003337585978442803,8.784103755488104e-06,4.4493183111171675e-06,15240.7295,1.0,15125.877773437498,2.6305898801864956e-05,105.26590761096159,1920.0,1.0,,322,,,,,,,,
1.7721636630003559,0.004008557024601345,0.03572591161355376,0.0,0.0,0.0046575,4.0,0.1925,-0.0014708286034874618,0.04054503748193383,-0.0012846612953580916,8.309079760238092e-06,3.6807444701025815e-06,15234.4815,1.0,15156.320128906249,2.6305898801864956e-05,90.78920980806109,1920.0,1.0,,323,,,,,,,,
1.7487998100004916,0.003867979212390793,0.029418945545330644,0.0,0.0,0.0046099999999999995,4.0,0.18999999999999995,0.00036132021341472864,0.04070460423827171,0.0005457437946461141,7.776160657613218e-06,4.893362529401202e-06,15237.0095,1.0,15150.479625,2.6305898801864956e-05,110.48419968868626,1920.0,1.0,,324,,,,,,,,
1.7572429959991496,0.0018273117356581992,0.012532552107586525,0.0,0.0,0.004562500000000001,4.0,0.1875,0.0016524231323273852,0.030431406805291772,0.0017890677554532886,4.794632758375883e-06,3.4391160426139322e-06,15240.7295,1.0,15197.78873046875,2.6305898801864956e-05,77.901463026684,1920.0,1.0,,325,,,,,,,,
1.7508168480007953,0.0020935230654792747,0.012451171976863407,0.0,0.0,0.004515000000000002,4.0,0.18500000000000005,0.002587961178505793,0.028279934427700937,0.0027136340213473886,3.591040680817059e-06,3.3043446734382087e-06,15237.0095,1.0,15206.597199218748,2.6305898801864956e-05,74.48796702683794,1920.0,1.0,,326,,,,,,,,
1.7436837539999033,0.005893109167001143,0.039876302471384406,0.0,0.0,0.004467500000000001,4.0,0.1825,0.0007523969397880137,0.03174053458496928,0.0008912517223507166,5.361561790095948e-06,4.820999834009854e-06,15237.0095,1.0,15211.95114453125,2.6305898801864956e-05,99.20292988741629,1920.0,1.0,,327,,,,,,,,
1.7673558280002908,0.002837361107458136,0.029541016090661287,0.0,0.0,0.004420000000000002,4.0,0.18000000000000005,-0.0025155526236630976,0.035368823911994696,-0.002362148545216769,6.347535219219935e-06,4.583190900575573e-06,15237.0095,1.0,15132.845089843748,2.6305898801864956e-05,103.50884807978194,1920.0,1.0,,328,,,,,,,,
1.7570185560007303,0.005546345336686187,0.019734700676053762,0.0,0.0,0.004372500000000001,4.0,0.1775,-0.003791387745877728,0.03656420251354575,-0.0036347710993140936,7.7894154628666e-06,4.961954061855067e-06,15234.001499999998,1.0,15060.440558593751,2.6305898801864956e-05,97.64568698229125,1920.0,1.0,,329,,,,,,,,
1.7447324719996686,0.0032782339180119635,0.03304036489862483,0.0,0.0,0.0043250000000000025,4.0,0.17500000000000004,-0.005374091143494297,0.03256020322442055,-0.005235398362856358,4.315480239824865e-06,3.396606132355373e-06,15237.0095,1.0,15096.221125,2.6305898801864956e-05,87.22706705401502,1920.0,1.0,,330,,,,,,,,
1.7799618210001427,0.002584033667392127,0.02209472683898639,0.0,0.0,0.0042775,4.0,0.1725,-0.005775579193141311,0.03258352109696716,-0.005638279719278216,4.240787291109882e-06,3.306302147620954e-06,15234.4815,1.0,15101.11345703125,2.6305898801864956e-05,87.18311664307846,1920.0,1.0,,331,,,,,,,,
1.7444834119996813,0.001757951269073743,0.025634765799622983,0.0,0.0,0.004230000000000001,4.0,0.17000000000000004,-0.006096172524848953,0.03295574220828712,-0.005959027272183448,4.565605109974058e-06,3.602002692559836e-06,15234.001499999998,1.0,15137.193593749998,2.6305898801864956e-05,96.91277308035252,1920.0,1.0,,332,,,,,,,,
1.7453188340005,0.0014602818111271176,0.01399739584303461,0.0,0.0,0.004182500000000002,4.0,0.16749999999999998,-0.0003961133770644665,0.031244097161106765,-0.00026775075821205974,4.6805562874396855e-06,3.695871569675546e-06,15234.001499999998,1.0,15155.98281640625,2.6305898801864956e-05,96.86641568857576,1920.0,1.0,,333,,,,,,,,
1.7525402440005564,0.0015236817227926025,0.018595377914607525,0.0,0.0,0.004135,4.0,0.16500000000000004,-0.0015997463196981698,0.03327423857990652,-0.0014668457442894578,9.327107790113587e-06,7.512820559441025e-06,15234.001499999998,1.0,15133.64866015625,2.6305898801864956e-05,140.66091535657623,1920.0,1.0,,334,,,,,,,,
1.7406960280004569,0.0022260966602747345,0.017781575545086525,0.0,0.0,0.004087500000000001,4.0,0.16249999999999998,-0.0004971421876689419,0.03385005448944867,-0.0003609446284826845,4.642986553449191e-06,3.4006001925490636e-06,15234.001499999998,1.0,15166.904351562498,2.6305898801864956e-05,88.7279175253323,1920.0,1.0,,335,,,,,,,,
1.7234262530000706,0.0025001714012837795,0.017089843982830644,0.0,0.0,0.004040000000000002,4.0,0.16000000000000003,-0.001938526394951623,0.03246887295972556,-0.0018092174432240427,3.4994747153405115e-06,3.030865215691847e-06,15237.0095,1.0,15168.128410156249,2.6305898801864956e-05,87.04553542242812,1920.0,1.0,,336,,,,,,,,
1.8088162539997938,0.0028273362942083935,0.024902343982830644,0.0,0.0,0.0039924999999999995,4.0,0.15749999999999997,-0.0024782858818070963,0.03467631235253066,-0.0023425460094586015,5.852113105220269e-06,4.240911977149153e-06,15234.001499999998,1.0,15131.44306640625,2.6305898801864956e-05,99.76938945150333,1920.0,1.0,,337,,,,,,,,
1.725203765000515,0.001006676117542682,0.017903646032209508,0.0,0.0,0.003945000000000001,4.0,0.15500000000000003,-0.0031799896614757017,0.03255397791508585,-0.003053951309993863,5.3300869353734015e-06,3.7092501514734977e-06,15234.001499999998,1.0,15170.97158984375,2.6305898801864956e-05,86.92295098788367,1920.0,1.0,,338,,,,,,,,
1.7028735579997374,0.0010592420840058736,0.016520182485692203,0.0,0.0,0.0038975000000000017,4.0,0.15249999999999997,-0.001185378547233995,0.034484086791053414,-0.0010532373562455177,5.237798916368774e-06,3.4733133844611075e-06,15234.001499999998,1.0,15155.427906249999,2.6305898801864956e-05,85.78141456522758,1920.0,1.0,,339,,,,,,,,
1.7005485980007506,0.003963492076234587,0.029093424876919016,0.0,0.0,0.0038500000000000027,4.0,0.15000000000000002,0.000881637170095928,0.031032634200528264,0.0009989599930122495,5.212038871604818e-06,3.2634567617151333e-06,15234.001499999998,1.0,15174.097242187498,2.6305898801864956e-05,79.45603324683488,1920.0,1.0,,340,15426.236499999999,15234.001499999998,15227.753499999999,70000042,15190.041375,best_of_k,15234.001499999998,72.21610103674188
1.8026041749999422,0.00044391251991982017,0.006022135465173051,0.0,0.0,0.0038025000000000003,4.0,0.14749999999999996,-0.0018903612799476832,0.030803526984527707,-0.0017750493716448545,3.6375216154738155e-06,2.9105076748692227e-06,15234.001499999998,1.0,15178.7723359375,2.6305898801864956e-05,78.27232348579909,1920.0,1.0,,341,,,,,,,,
1.7738274820003426,0.0015465305041111321,0.013102213735692203,0.0,0.0,0.0037550000000000014,4.0,0.14500000000000002,-0.00047974311746656895,0.029178548837080598,-0.00037210824666544795,3.72514155344561e-06,3.1169062708613637e-06,15234.001499999998,1.0,15185.53062890625,2.6305898801864956e-05,79.90825869388097,1920.0,1.0,,342,,,,,,,,
1.7262358699999822,0.004737004585201987,0.03312174486927688,0.0,0.0,0.003707499999999999,4.0,0.14249999999999996,-0.0012517473369371146,0.03027207392733544,-0.0011413618340156972,3.5805563953772435e-06,2.980189293566582e-06,15234.001499999998,1.0,15190.196320312498,2.6305898801864956e-05,76.60825783559095,1920.0,1.0,,343,,,,,,,,
1.7209139809992848,0.00054529529901437,0.00748697918606922,0.0,0.0,0.00366,4.0,0.14,-0.0009915768532664515,0.029491291265003383,-0.0008854871048242785,3.2363504516297326e-06,3.0499127205985133e-06,15237.0095,1.0,15168.521140624998,2.6305898801864956e-05,86.98630446760738,1920.0,1.0,,344,,,,,,,,
1.7342679880002834,0.003055569363731081,0.01863606774713844,0.0,0.0,0.003612500000000001,4.0,0.13749999999999996,-0.0001345306955045089,0.027559602516703308,-3.69467306882143e-05,3.481485606471324e-06,3.252619933391543e-06,15234.001499999998,1.0,15157.467738281248,2.6305898801864956e-05,92.24590954356883,1920.0,1.0,,345,,,,,,,,
1.7308362620005937,0.0009395107608973774,0.006225585995707661,0.0,0.0,0.003565000000000002,4.0,0.135,0.00020515872165560722,0.02736561105120927,0.00030106064514257014,2.656947941659382e-06,2.7811088472162737e-06,15234.4815,1.0,15188.332589843749,2.6305898801864956e-05,77.09012165969447,1920.0,1.0,,346,,,,,,,,
1.8136512820001371,0.0003694909245073319,0.003662109375,0.0,0.0,0.0035175,4.0,0.13249999999999995,-0.0010627120500430465,0.023895595804788172,-0.0009802858403418213,2.944887086187009e-06,2.6645531931990263e-06,15237.0095,1.0,15203.59073046875,2.6305898801864956e-05,63.378918663261935,1920.0,1.0,,347,,,,,,,,
1.8041166870007146,0.0034009224436459817,0.028157552238553762,0.0,0.0,0.003470000000000001,4.0,0.13,0.004202809039270505,0.027245023637078702,0.004291659104637802,1.1060908605031727e-05,9.168194623043746e-06,15234.001499999998,1.0,15198.977105468748,2.6305898801864956e-05,144.395987087462,1920.0,1.0,,348,,,,,,,,
1.742259532999924,0.00110163242223571,0.010131836024811491,0.0,0.0,0.0034224999999999985,4.0,0.12749999999999995,-0.0018273882451467216,0.033940289984457195,-0.0017134181689471006,4.755086848717838e-06,3.429978875146844e-06,15240.7295,1.0,15167.842359375,2.6305898801864956e-05,85.07109495545224,1920.0,1.0,,349,,,,,,,,
1.7323771690007561,0.0016636458897316686,0.010457356838742271,0.0,0.0,0.0033749999999999995,4.0,0.125,-0.005650289385812357,0.02970386843662709,-0.005553161317948252,6.210461947375734e-06,5.004597085189744e-06,15237.0095,1.0,15161.03446875,2.6305898801864956e-05,112.08234242816513,1920.0,1.0,,350,,,,,,,,
1.7205243630005498,0.0007781789222676139,0.00679524740553461,0.0,0.0,0.0033275000000000006,4.0,0.12250000000000005,0.0026898328360402957,0.025611203047446907,0.0027736397460103035,2.4416271173777204e-06,2.339482861657416e-06,15237.0095,1.0,15215.871683593748,2.6305898801864956e-05,45.62639452066667,1920.0,1.0,,351,,,,,,,,
1.7188558960006048,0.0012364528166664002,0.014404296991415322,0.0,0.0,0.0032800000000000017,4.0,0.12,-0.0013878712416044436,0.028021595207974315,-0.0012975798454135656,3.150006108398884e-06,2.6089323057476577e-06,15234.001499999998,1.0,15200.534203125,2.6305898801864956e-05,64.09851788252212,1920.0,1.0,,352,,,,,,,,
1.7245692739998049,0.00044853276240885975,0.005126953168655746,0.0,0.0,0.0032325000000000027,4.0,0.11750000000000005,-0.0023231898085214198,0.027128849062137306,-0.0022371768136508763,3.3366150233860026e-06,2.695042880418441e-06,15234.001499999998,1.0,15203.325515624998,2.6305898801864956e-05,65.32184371500716,1920.0,1.0,,353,,,,,,,,
1.720176437000191,0.0010282194673685296,0.005859375087311491,0.0,0.0,0.0031850000000000003,4.0,0.11499999999999999,0.0008043557172641158,0.026038215262815356,0.0008859446534188464,2.385631432844093e-06,2.209545129971957e-06,15234.001499999998,1.0,15208.343988281249,2.6305898801864956e-05,50.013292397153194,1920.0,1.0,,354,,,,,,,,
1.7460452580007768,0.0011933014691258848,0.010986328285071068,0.0,0.0,0.0031375000000000014,4.0,0.11250000000000004,-0.0010471858840901405,0.028699031565338373,-0.0009586289525032043,3.1535807352156553e-06,2.343624743161854e-06,15234.001499999998,1.0,15201.082457031247,2.6305898801864956e-05,52.73306046218136,1920.0,1.0,,355,,,,,,,,
1.7291313470004752,0.0011433845584782887,0.010986328168655746,0.0,0.0,0.003089999999999999,4.0,0.10999999999999999,-0.00025126183754764497,0.026959152310155332,-0.00016951659927144647,3.028163689577923e-06,2.5104428544864277e-06,15234.001499999998,1.0,15192.14353125,2.6305898801864956e-05,67.19007008989126,1920.0,1.0,,356,,,,,,,,
1.747726488999433,0.00047774148934642824,0.005655924556776881,0.0,0.0,0.0030425,4.0,0.10750000000000004,-0.002449520427035168,0.027652991004288197,-0.002367303124628961,3.537498272976336e-06,3.12647115663367e-06,15234.001499999998,1.0,15171.365492187499,2.6305898801864956e-05,90.47861514945453,1920.0,1.0,,357,,,,,,,,
1.7970182310000382,0.0012114831641838464,0.008870442776242271,0.0,0.0,0.002995000000000001,4.0,0.10499999999999998,0.0026411002127133543,0.023036980885080993,0.0027081399166490883,3.4532848758317414e-06,3.2198711892306164e-06,15234.001499999998,1.0,15200.735656249999,2.6305898801864956e-05,78.89933792675448,1920.0,1.0,,358,,,,,,,,
1.7612534919999234,0.00031424364737375754,0.0028483073256211355,0.0,0.0,0.002947500000000002,4.0,0.10250000000000004,-3.468342765700072e-05,0.019497361383400857,2.144399331882596e-05,2.4633902881987524e-06,2.1899913349443523e-06,15234.001499999998,1.0,15215.874871093749,2.6305898801864956e-05,48.84115328290117,1920.0,1.0,,359,,,,,,,,
1.7031973679995644,0.011567340413039418,0.025838216533884406,0.0,1.0,0.0029,4.0,0.09999999999999998,-0.005402409064117819,0.02577377564739436,-0.005328641156665981,1.2708047876230921e-06,1.6979908394887389e-06,15234.001499999998,1.0,15231.1312109375,2.6305898801864956e-05,8.713593696509115,1920.0,1.0,,360,15426.236499999999,15234.001499999998,15049.15625,70000042,15100.952566666669,best_of_k,15234.001499999998,97.44202439741412
1.8302217279997421,0.006363947160975769,0.03743489633779973,0.0,0.0,0.002852500000000001,4.0,0.09750000000000003,-0.00449676945572719,0.03238554217386991,-0.004407817672472447,6.296084876566965e-06,5.5970777452785114e-06,15234.001499999998,1.0,15076.1561875,2.6305898801864956e-05,90.97488339190018,1920.0,1.0,,361,,,,,,,,
1.7298769460003314,0.001941397907117448,0.020955403801053762,0.0,0.0,0.002805000000000002,4.0,0.09499999999999997,-0.0017479498928878456,0.026789918541908264,-0.0016754347016103566,4.44975601965325e-06,4.3696251452729484e-06,15234.001499999998,1.0,15098.788011718749,2.6305898801864956e-05,95.41366993715167,1920.0,1.0,,362,,,,,,,,
1.6900114479994954,0.0008594974706905845,0.011311849055346102,0.0,0.0,0.002757500000000003,4.0,0.09250000000000003,-0.0002738997500273399,0.026781465276144445,-0.00020320838666521013,7.437854065983629e-06,4.830801685784536e-06,15237.0095,1.0,15160.831140625,2.6305898801864956e-05,101.78707868608329,1920.0,1.0,,363,,,,,,,,
1.716521203999946,0.00025524469965176877,0.0033772786700865254,0.0,0.0,0.0027100000000000006,4.0,0.08999999999999997,-0.002930219152403879,0.023939744802191854,-0.002867439601686783,3.913763748641941e-06,3.4133265529590062e-06,15240.7295,1.0,15172.68967578125,2.6305898801864956e-05,93.57374688799972,1920.0,1.0,,364,,,,,,,,
1.7928606830000717,0.0006160941185457958,0.0039062500291038305,0.0,0.0,0.0026625000000000017,4.0,0.08750000000000002,-0.0015032106020953506,0.022672422928735614,-0.0014444963308051229,3.1524561734386225e-06,2.671489482963807e-06,15234.001499999998,1.0,15195.325734375,2.6305898801864956e-05,71.322241072619,1920.0,1.0,,365,,,,,,,,
1.7129181829996014,0.000611512047621332,0.007568359491415322,0.0,0.0,0.0026149999999999993,4.0,0.08499999999999996,2.076581586152315e-05,0.021762250806204975,7.575869676657021e-05,3.357165695661024e-06,3.1593803697660405e-06,15234.001499999998,1.0,15189.128695312498,2.6305898801864956e-05,82.83549567888193,1920.0,1.0,,366,,,,,,,,
1.709063000000242,0.0003549718059492335,0.003702799484017305,0.0,0.0,0.0025675000000000003,4.0,0.08250000000000002,-0.0015877484838711098,0.018242047633975744,-0.0015423804288730025,2.3704611606945036e-06,2.462968609506788e-06,15237.0095,1.0,15197.399757812498,2.6305898801864956e-05,73.9451179191435,1920.0,1.0,,367,,,,,,,,
1.7160000909998416,0.0003675121069228737,0.006347656351863407,0.0,0.0,0.0025200000000000014,4.0,0.07999999999999996,-0.0027114027470815927,0.02038817515131086,-0.0026622124132700264,3.524717996583604e-06,3.6728135910379933e-06,15234.001499999998,1.0,15174.618812499999,2.6305898801864956e-05,93.41409156250012,1920.0,1.0,,368,,,,,,,,
1.7039884549994895,0.000346850006856414,0.00276692709303461,0.0,0.0,0.0024725000000000025,4.0,0.07750000000000001,-0.0007272837683558464,0.01575408922508359,-0.0006905287154950202,3.6708477040292564e-06,3.659302862502045e-06,15234.001499999998,1.0,15196.38003515625,2.6305898801864956e-05,88.94312467822913,1920.0,1.0,,369,,,,,,,,
1.7024832600000082,0.00017239907620414385,0.0021158854360692203,0.0,0.0,0.002425,4.0,0.07499999999999996,-0.0033238844480365515,0.0175203166436404,-0.0032826782553456724,1.8483803359004014e-06,2.190681087199664e-06,15240.7295,1.0,15211.189632812499,2.6305898801864956e-05,58.9746146578085,1920.0,1.0,,370,,,,,,,,
1.7294276430002355,0.0004183003014350817,0.003987630247138441,0.0,0.0,0.002377500000000001,4.0,0.07250000000000001,-0.0011948988285439555,0.01999021170195192,-0.0011490131146274507,2.7033851850433166e-06,2.7416890731046806e-06,15237.0095,1.0,15207.285062499997,2.6305898801864956e-05,74.02266562848197,1920.0,1.0,,371,,,,,,,,
1.808833414000219,0.0002577635794498434,0.0031738281395519152,0.0,0.0,0.0023299999999999987,4.0,0.06999999999999995,-0.0022427973308367655,0.019558625645004213,-0.0021989489905536175,2.8550500843493865e-06,2.8756392111972673e-06,15234.001499999998,1.0,15201.016984374999,2.6305898801864956e-05,78.15492778285851,1920.0,1.0,,372,,,,,,,,
1.7258705470003406,9.67973379140119e-05,0.0009765625,0.0,0.0,0.0022825,4.0,0.0675,-0.0025974576064982102,0.018083527858834714,-0.0025574992469046265,2.138152716213426e-06,2.2072058811772877e-06,15237.0095,1.0,15214.56789453125,2.6305898801864956e-05,60.57198356278279,1920.0,1.0,,373,,,,,,,,
1.6959605929996542,0.00044176595918088424,0.006388346417224966,0.0,0.0,0.002235000000000001,4.0,0.06499999999999995,-0.0024263886698463466,0.021003961795940995,-0.002380723522946937,2.286548152596879e-06,2.1028404546541424e-06,15234.001499999998,1.0,15212.814398437498,2.6305898801864956e-05,45.30486313775877,1920.0,1.0,,374,,,,,,,,
1.701514970000062,0.0005627070251197352,0.0054931640916038305,0.0,0.0,0.002187500000000002,4.0,0.0625,-0.0023753194473101757,0.017627591616474092,-0.0023383893130812794,3.0020729440138894e-06,2.6591721677959868e-06,15234.001499999998,1.0,15203.501613281249,2.6305898801864956e-05,72.22784067495166,1920.0,1.0,,375,,,,,,,,
1.7651743149999675,0.0006519987015494166,0.005859375043655746,0.0,0.0,0.002140000000000003,4.0,0.06000000000000005,0.003356631670612842,0.017468509846366942,0.0033903300063684583,6.155314252964672e-06,6.136315022331473e-06,15237.0095,1.0,15194.619019531248,2.6305898801864956e-05,123.31039621246354,1920.0,1.0,,376,,,,,,,,
1.6936357469994618,0.0020778916730588293,0.01713053393177688,0.0,0.0,0.0020925000000000006,4.0,0.057499999999999996,0.0010170085697609466,0.022580199409276247,0.0010631582699716091,1.653506480181477e-06,1.8672352837256767e-06,15360.79225,1.0,15230.810179687498,2.6305898801864956e-05,28.56045340467482,1920.0,1.0,,377,,,,,,,,
1.7053351000004113,0.0006732261478870072,0.005167643306776881,0.0,0.0,0.0020450000000000017,4.0,0.05500000000000005,-0.00043640745570883155,0.027123158215545118,-0.000382708094548434,3.2224804442648747e-06,2.890406449296279e-06,15234.001499999998,1.0,15185.232933593748,2.6305898801864956e-05,77.32489696248047,1920.0,1.0,,378,,,,,,,,
1.6931398219994662,0.0004297352628910289,0.005371093808207661,0.0,0.0,0.0019974999999999993,4.0,0.05249999999999999,-0.0015510598168475553,0.02536236261948943,-0.0015019556158222258,3.2548369830465163e-06,2.4627029233670328e-06,15234.001499999998,1.0,15188.55127734375,2.6305898801864956e-05,66.44667146111898,1920.0,1.0,,379,,,,,,,,
1.6838824169999498,0.0005727497615648502,0.005940755232586525,0.0,0.0,0.0019500000000000003,4.0,0.050000000000000044,0.0007309850188903511,0.021543513401411474,0.0007717011612839997,2.389924418366718e-06,2.1083309178493437e-06,15234.001499999998,1.0,15210.704324218748,2.6305898801864956e-05,50.19989934997259,1920.0,1.0,,380,15426.236499999999,15234.001499999998,15234.001499999998,70000042,15223.128166666667,best_of_k,15234.001499999998,17.03755210377609
1.8139575870000044,0.0006000415018148075,0.005167643277673051,0.0,0.0,0.0019025000000000014,4.0,0.04749999999999999,0.00035439534985926,0.02040254615712911,0.00039153092075139284,3.045784367827764e-06,2.7525374974857186e-06,15234.001499999998,1.0,15202.545343749998,2.6305898801864956e-05,71.74344640953434,1920.0,1.0,,381,,,,,,,,
1.7308073260001038,0.0011159477959168385,0.004842122449190356,0.0,0.0,0.0018550000000000025,4.0,0.04500000000000004,0.0028735877967847046,0.018179088830947876,0.00290593970566988,2.20565493691538e-06,2.300212329942042e-06,15234.001499999998,1.0,15214.538140624998,2.6305898801864956e-05,53.336723092406444,1920.0,1.0,,382,,,,,,,,
1.706462403999467,0.0004520596642141328,0.003824869796517305,0.0,0.0,0.0018075,4.0,0.04249999999999998,8.605357015767368e-05,0.018685043673031032,0.0001171967014670372,4.7293436722384286e-06,4.31504587083964e-06,15234.001499999998,1.0,15181.300941406249,2.6305898801864956e-05,101.6153518639144,1920.0,1.0,,383,,,,,,,,
1.7372449150007014,9.226980554899455e-05,0.0013427734520519152,0.0,0.0,0.0017600000000000011,4.0,0.040000000000000036,-0.0005870402965229005,0.015444028074853122,-0.0005611505475826561,1.9624846743226954e-06,2.1913585541710745e-06,15234.001499999998,1.0,15219.422773437498,2.6305898801864956e-05,45.53768987152685,1920.0,1.0,,384,,,,,,,,
1.7341938300005495,0.001413112099886149,0.015991211097571068,0.0,0.0,0.0017124999999999987,4.0,0.03749999999999998,-0.0011177696360391565,0.017888601345475763,-0.0010920148924924433,8.297640903265346e-06,8.099139535033828e-06,15234.001499999998,1.0,15210.048460937498,2.6305898801864956e-05,137.80352593650017,1920.0,1.0,,385,,,,,,,,
1.6984653409999737,0.0005326373514371596,0.008463541671517305,0.0,0.0,0.0016649999999999998,4.0,0.03500000000000003,-0.00276294733339455,0.022614424931816757,-0.002730822248850018,9.610868062281952e-06,9.132434627190378e-06,15234.001499999998,1.0,15149.14893359375,2.6305898801864956e-05,157.60476717991233,1920.0,1.0,,386,,,,,,,,
1.7088708809997115,0.00029323208370080067,0.0028076171875,0.0,0.0,0.0016175000000000009,4.0,0.03249999999999997,-0.00038516666973009706,0.022397332824766636,-0.0003505100030452013,2.767434438055716e-06,2.5893677104704693e-06,15234.001499999998,1.0,15186.6606171875,2.6305898801864956e-05,77.15450610068396,1920.0,1.0,,387,,,,,,,,
1.7021712259993365,0.0005794292911591725,0.0064290365553461015,0.0,0.0,0.001570000000000002,4.0,0.030000000000000027,-0.0013781710295006633,0.021625265711918473,-0.001345915487036109,2.7395292363507906e-06,2.8433037329023136e-06,15237.0095,1.0,15167.601734374999,2.6305898801864956e-05,88.22739518984997,1920.0,1.0,,388,,,,,,,,
1.7250989609992757,0.00031708858065737644,0.00362141928053461,0.0,0.0,0.0015224999999999995,4.0,0.02749999999999997,0.0011636640410870314,0.01908504031598568,0.0011911744586541317,2.5777234924362347e-06,2.5772319105499264e-06,15234.001499999998,1.0,15187.261296874998,2.6305898801864956e-05,78.65475617040735,1920.0,1.0,,389,,,,,,,,
1.7003294460000689,0.0004005496697878641,0.0025634765770519152,0.0,0.0,0.0014750000000000006,4.0,0.025000000000000022,-0.001940899899636861,0.016169416194316,-0.0019183749100193381,2.1224708746103715e-06,2.2253708209518663e-06,15234.001499999998,1.0,15203.781097656249,2.6305898801864956e-05,65.26246814494745,1920.0,1.0,,390,,,,,,,,
1.696551123000063,0.00014577297156570523,0.0024820963735692203,0.0,0.0,0.0014275000000000017,4.0,0.022499999999999964,-0.0018068768531520618,0.016110213880892843,-0.0017850283766165376,1.6970441834018857e-06,1.959320300670697e-06,15313.521499999999,1.0,15218.297164062498,2.6305898801864956e-05,51.577751886510185,1920.0,1.0,,391,,,,,,,,
1.7402329700007613,0.000642725394951249,0.0023193359375,0.0,0.0,0.0013800000000000028,4.0,0.020000000000000018,0.004685643390985206,0.017386125575285405,0.004708543419837952,1.5284921133229545e-06,1.8813344411228172e-06,15234.001499999998,1.0,15217.140339843747,2.6305898801864956e-05,50.19940842369123,1920.0,1.0,,392,,,,,,,,
1.7522648849999314,0.00015553453032701725,0.00215657553053461,0.0,0.0,0.0013325000000000004,4.0,0.01749999999999996,-0.0023791312009961985,0.019637908088043332,-0.0023543788702227175,2.2592659831843775e-06,2.3787169851630097e-06,15248.457499999997,1.0,15197.210929687499,2.6305898801864956e-05,73.64204713330047,1920.0,1.0,,393,,,,,,,,
1.703848336000192,0.00021790819117484261,0.0026041666860692203,0.0,0.0,0.0012850000000000014,4.0,0.015000000000000013,-0.0025358038546983153,0.01732060976792127,-0.002514811756554991,1.8700826132089787e-06,2.157094883159516e-06,15234.001499999998,1.0,15206.65915234375,2.6305898801864956e-05,65.22891859579555,1920.0,1.0,,394,,,,,,,,
1.6873403190002136,0.0001377276246614656,0.0023600260610692203,0.0,0.0,0.001237499999999999,4.0,0.012499999999999956,-0.0011333192087477073,0.017937585012987256,-0.0011126387398689985,2.436454565213353e-06,2.5477726524059108e-06,15234.001499999998,1.0,15205.093453124999,2.6305898801864956e-05,72.58602439585326,1920.0,1.0,,395,,,,,,,,
1.71988311000041,9.704857416004131e-05,0.0015869140770519152,0.0,0.0,0.00119,4.0,0.010000000000000009,-0.0013261243875604123,0.01667818147689104,-0.0013074861926725134,1.7408431531862334e-06,2.069493376666287e-06,15234.001499999998,1.0,15209.241234375,2.6305898801864956e-05,62.184622907061666,1920.0,1.0,,396,,,,,,,,
1.7025546860004397,0.0003576725083345167,0.004028320370707661,0.0,0.0,0.0011425000000000012,4.0,0.007499999999999951,-0.003830166158877546,0.016992701217532158,-0.003812117618508637,2.1515054413612233e-06,2.3000293793984383e-06,15234.001499999998,1.0,15203.619179687497,2.6305898801864956e-05,67.71642924829636,1920.0,1.0,,397,,,,,,,,
1.673425386999952,0.0021672459760981866,0.010009765712311491,0.0,0.0,0.0010950000000000022,4.0,0.0050000000000000044,0.012172680086223409,0.018643820425495505,0.012192036490887403,1.4580031333366605e-06,1.8250806235187156e-06,15234.001499999998,1.0,15219.81296875,2.6305898801864956e-05,46.052247543243226,1920.0,1.0,,398,,,,,,,,
1.9086111919996256,0.000585502354639722,0.0033772786700865254,0.0,0.0,0.0010474999999999998,4.0,0.0024999999999999467,-0.00037850820081075653,0.01826543704373762,-0.00036073417868465185,2.0599802894594177e-06,2.306542683072621e-06,15237.0095,1.0,15199.562902343749,2.6305898801864956e-05,70.51122985644437,1920.0,1.0,,399,,,,,,,,
1.684131277999768,0.0004811752058433427,0.004191080806776881,0.0,0.0,0.0010000000000000009,4.0,0.0,-0.0013559751532739028,0.01719228143338114,-0.0013404219062067568,2.594655427401449e-06,2.759942191232767e-06,15234.001499999998,1.0,15196.190578124999,2.6305898801864956e-05,79.77884595471953,1920.0,1.0,,400,15426.236499999999,15234.001499999998,15234.001499999998,70000042,15215.704975,best_of_k,15234.001499999998,67.10263235411408
