elapsed_seconds,optimization_approximate_kl,optimization_clip_fraction,optimization_count_loss,optimization_early_kl_stop,optimization_entropy_coefficient,optimization_epochs_completed,optimization_learning_rate_fraction,optimization_loss,optimization_normalized_entropy,optimization_policy_loss,optimization_q_loss,optimization_value_loss,rollout_best_objective,rollout_feasible_rate,rollout_mean_objective,rollout_reward_scale,rollout_std_objective,rollout_transitions,rollout_vectorized_rollouts,self_imitation_loss,update,validation_archive_best_objective,validation_best_of_k_objective,validation_deterministic_objective,validation_fixed_validation_seed,validation_mean_stochastic_objective,validation_selection_metric,validation_selection_objective,validation_std_stochastic_objective
3.063087816999996,0.005536771706829313,0.0870361328125,1.5494805201888084,0.0,0.0199525,4.0,0.9975,0.06793231330811977,0.6815019026398659,-0.0040112247806973755,0.04431905614910647,0.007270542671903968,10892.137999999999,1.0,6978.915484375,6.756605532055237e-06,1679.148389229516,1856.0,1.0,,1,10892.137999999999,11022.42625,0.0,70000042,7277.133416666666,best_of_k,11022.42625,1701.5085235252218
2.846081855000193,0.01864273997489363,0.2621093761796753,1.064843436082204,1.0,0.019905,3.0,0.995,0.02315510328238209,0.7303415487209955,-0.016518188485254843,0.0034491016073540473,0.0012473156633253286,12850.004250000002,1.0,7630.38537890625,6.756605532055237e-06,1892.0449626264817,1856.0,1.0,,2,,,,,,,,
2.781791260999853,0.015836212774350617,0.18655599157015482,1.076624870300293,1.0,0.0198575,3.0,0.9925,0.02339386862392227,0.7208801110585531,-0.016381836341073115,0.001951901764793244,0.00012829423970591355,16958.81525,1.0,10252.580816406251,6.756605532055237e-06,1982.9238206163916,1856.0,1.0,,3,,,,,,,,
2.770885542999622,0.013402597260816643,0.18684895833333334,1.1242482761542003,1.0,0.01981,3.0,0.99,0.025748488105212648,0.7284391770760218,-0.016150110634043813,0.0003840661241459505,0.00015631679616490146,16765.8825,1.0,12718.51955078125,6.756605532055237e-06,1920.0625979312326,1856.0,1.0,,4,,,,,,,,
3.004826296000374,0.010142198712856043,0.16506347712129354,1.13699721544981,0.0,0.0197625,4.0,0.9875,0.028427342069335282,0.6750559099018574,-0.015136494377657073,0.0001840840254772047,7.27177255157585e-05,18551.006750000004,1.0,14259.306023437499,6.756605532055237e-06,1679.3419892217885,1856.0,1.0,,5,,,,,,,,
2.897774359000323,0.011378026247257367,0.2135009770281613,1.1376670151948929,0.0,0.019715,4.0,0.985,0.028997326851822436,0.662941999733448,-0.014861127216136083,0.00014941816698410548,6.012296921653615e-05,18562.108249999997,1.0,15497.277265625002,6.756605532055237e-06,1668.8177381745516,1856.0,1.0,,6,,,,,,,,
2.895897517999856,0.00915020378306508,0.157080078846775,1.1181923151016235,0.0,0.0196675,4.0,0.9825,0.024957219429779798,0.6186038739979267,-0.01883195640948543,0.0001399834663970978,6.390796852429048e-05,20358.0235,1.0,16100.1630859375,6.756605532055237e-06,1876.6954705656628,1856.0,1.0,,7,,,,,,,,
2.8994006319999244,0.01245454895979492,0.23771972674876451,1.085844710469246,0.0,0.019620000000000002,4.0,0.98,0.024794800556264818,0.5831077881157398,-0.018090512021444738,0.00011293414127067081,4.4716185357174254e-05,19352.154,1.0,17135.960988281247,6.756605532055237e-06,1393.2759748792382,1856.0,1.0,,8,,,,,,,,
2.960167059000014,0.00920939227216877,0.14392089971806854,1.0535772442817688,0.0,0.0195725,4.0,0.9775,0.030977342219557613,0.543463746085763,-0.011085834354162216,7.697738647038932e-05,2.712093441914476e-05,20337.481499999998,1.0,17785.1452578125,6.756605532055237e-06,1065.117194729515,1856.0,1.0,,9,,,,,,,,
3.154990378999628,0.007327784172957763,0.11225586000364274,1.0132420249283314,0.0,0.019525,4.0,0.975,0.02866086340509355,0.5125536862760782,-0.012015866523142904,6.622487740060023e-05,3.123253839021345e-05,19933.9305,1.0,18187.51727734375,6.756605532055237e-06,917.5362184659253,1856.0,1.0,1.959321141242981,10,,,,,,,,
2.927651260999937,0.00631613136465603,0.09597167931497097,0.9635281637310982,0.0,0.019477500000000002,4.0,0.9725,0.03092892561107874,0.48630346544086933,-0.00779283297015354,5.278792150420486e-05,2.4093975525829592e-05,20414.587,1.0,18753.59760546875,6.756605532055237e-06,976.2161473486482,1856.0,1.0,,11,,,,,,,,
2.960173997000311,0.004823595440939243,0.05927734379656613,0.9122585356235504,0.0,0.01943,4.0,0.97,0.02481042663566768,0.45669406466186047,-0.011942204146180302,3.954880833134666e-05,1.8629439637152245e-05,21004.727750000002,1.0,18916.78640625,6.756605532055237e-06,854.2432531475222,1856.0,1.0,,12,,,,,,,,
2.8912572300000647,0.004449968670087401,0.04899902374017984,0.8681857995688915,0.0,0.0193825,4.0,0.9675,0.030110215477179736,0.42647968977689743,-0.005044492310844362,2.7453390202936134e-05,1.782677747996786e-05,20966.660000000003,1.0,19297.59144921875,6.756605532055237e-06,729.1966472575814,1856.0,1.0,,13,,,,,,,,
2.898734649000289,0.006360195073739305,0.06997070313082077,0.7990313582122326,0.0,0.019335,4.0,0.965,0.02644221333321184,0.398421423509717,-0.005817682831548154,2.5221314672307926e-05,1.856459493865259e-05,21134.750499999995,1.0,19509.30073828125,6.756605532055237e-06,843.0521446878217,1856.0,1.0,,14,,,,,,,,
2.9409200340001007,0.006899071498082776,0.08798828162252903,0.7378478050231934,0.0,0.0192875,4.0,0.9625,0.026050104497699067,0.3988152164965868,-0.003162700741086155,3.250375220886781e-05,1.862720148437802e-05,21575.175500000005,1.0,19731.390523437498,6.756605532055237e-06,804.2768063257324,1856.0,1.0,,15,,,,,,,,
2.9540063819999887,0.004148318520947214,0.0494628909509629,0.6884781047701836,0.0,0.01924,4.0,0.96,0.02443920189398341,0.36909316293895245,-0.0028942053904756904,3.227557567697659e-05,1.5251814204475522e-05,22219.17925,1.0,19905.675499999998,6.756605532055237e-06,786.8787554127631,1856.0,1.0,,16,,,,,,,,
3.0498030200001267,0.005331013209797675,0.0745849609375,0.6579461023211479,0.0,0.0191925,4.0,0.9575,0.021441394870635122,0.36965416744351387,-0.004375964985229075,6.468139304161014e-05,1.6345940366591094e-05,21572.845999999998,1.0,20100.80705859375,6.756605532055237e-06,811.6064132042409,1856.0,1.0,,17,,,,,,,,
2.92115398299984,0.004234271000768786,0.055273438105359674,0.6246018670499325,0.0,0.019145,4.0,0.955,0.021044698311015964,0.35086867958307266,-0.003481173247564584,4.883489748408465e-05,1.6548679013794754e-05,21775.566250000003,1.0,20123.021999999997,6.756605532055237e-06,823.7482340868235,1856.0,1.0,,18,,,,,,,,
2.985802564000096,0.006745709426013491,0.09985351609066129,0.5856823101639748,0.0,0.0190975,4.0,0.9525,0.02321214269613847,0.33577617444097996,0.00032366724917665124,8.561227832615259e-05,1.6569242006880813e-05,22206.9715,1.0,20405.39573046875,6.756605532055237e-06,766.7963827455404,1856.0,1.0,,19,,,,,,,,
3.1860499119998167,0.008022491191468362,0.11391601571813226,0.5449072159826756,0.0,0.01905,4.0,0.95,0.014783203165279701,0.33166742138564587,-0.006158104817586718,6.189377108967165e-05,1.604227469442776e-05,21920.583,1.0,20195.18914453125,6.756605532055237e-06,744.9642386437858,1856.0,1.0,1.2905727624893188,20,22219.17925,22478.211499999998,21146.811250000002,70000042,21230.088508333338,best_of_k,22478.211499999998,533.4327386985462
2.8948534420001124,0.0053936611500375875,0.0720214846660383,0.5404766425490379,0.0,0.019002500000000002,4.0,0.9475,0.02088034909684211,0.30821146443486214,-0.00029325407376745716,1.614985427522697e-05,9.88837444992896e-06,21670.95,1.0,20217.5771484375,6.756605532055237e-06,665.1949717142421,1856.0,1.0,,21,,,,,,,,
2.9332036559999324,0.00602288619279534,0.09372558584436774,0.5125451423227787,0.0,0.018955,4.0,0.945,0.018746202753391117,0.3025246076285839,-0.0011542752181412652,1.801690933689315e-05,1.1545341806140641e-05,21868.17,1.0,20347.98623828125,6.756605532055237e-06,640.8080359737543,1856.0,1.0,,22,,,,,,,,
2.912289842000064,0.005935972714382842,0.07814941485412419,0.5031752195209265,0.0,0.0189075,4.0,0.9425,0.018534115981310606,0.29609287343919277,-0.0010339507716707885,1.7006341010983306e-05,1.1960424842527573e-05,22296.35425,1.0,20601.0775,6.756605532055237e-06,550.9497913215079,1856.0,1.0,,23,,,,,,,,
2.7233683439999368,0.017139503945145407,0.16386718799670538,0.4881485626101494,1.0,0.018860000000000002,3.0,0.94,0.026894426283737023,0.3104073877135913,0.008332695035884777,2.6799714002360513e-05,1.1813137083057276e-05,22173.020249999998,1.0,20462.074421875,6.756605532055237e-06,675.9676352116876,1856.0,1.0,,24,,,,,,,,
3.012945343999945,0.00971799108367577,0.1256347654853016,0.4739634655416012,0.0,0.0188125,4.0,0.9375,0.01886246181675233,0.3072571326047182,0.0009203540976159275,6.113321865086618e-05,3.619109628516526e-05,21920.411249999997,1.0,20712.71462890625,6.756605532055237e-06,547.7421852621541,1856.0,1.0,,25,,,,,,,,
2.9385201549998783,0.004557640864163659,0.0574218756519258,0.4640102032572031,0.0,0.018765,4.0,0.935,0.01888762498856522,0.3044414445757866,0.001371501581161283,0.00011316772366853911,3.4280387183116545e-05,21763.193000000003,1.0,20622.28260546875,6.756605532055237e-06,609.5897155752793,1856.0,1.0,,26,,,,,,,,
2.325799701000051,0.02280935295038944,0.22294922173023224,0.44402218610048294,1.0,0.0187175,1.0,0.9325,0.02637537010014057,0.2872835844755173,0.009398857597261667,0.0013528280487662414,3.469754847174045e-05,22092.897249999998,1.0,20589.48641796875,6.756605532055237e-06,649.9769706081677,1856.0,1.0,,27,,,,,,,,
2.9180165849998048,0.00678286130619199,0.08842773537617177,0.444223003461957,0.0,0.01867,4.0,0.9299999999999999,0.02059754155925475,0.2692415378987789,0.0018793860217556357,0.01159823327589038,0.0007478394064719396,21963.928499999998,1.0,20685.888480468748,6.756605532055237e-06,538.9221479702572,1856.0,1.0,,28,,,,,,,,
2.945882201999666,0.011044498889532406,0.1536865250673145,0.42547454312443733,0.0,0.0186225,4.0,0.9275,0.019744825083762407,0.26825721003115177,-0.0005351375148165971,0.03247026851749979,0.0015096561564860167,21768.4735,1.0,20557.741796875,6.756605532055237e-06,534.553820381199,1856.0,1.0,,29,,,,,,,,
3.1473046299997804,0.00529582664762529,0.055175781482830644,0.41952147893607616,0.0,0.018575,4.0,0.925,0.013353853690205142,0.24306413531303406,-0.006301209738012403,0.027118486104882322,0.0009641144906709087,22449.475249999996,1.0,20682.4927734375,6.756605532055237e-06,626.5830218337063,1856.0,1.0,1.3254601955413818,30,,,,,,,,
2.8995261559998653,0.007066518622366402,0.10041503957472742,0.40450343675911427,0.0,0.018527500000000002,4.0,0.9225,0.01565775234485045,0.25131643284112215,-0.0004624993889592588,0.005278177028230857,4.7056648668331036e-05,22005.00625,1.0,20706.0927109375,6.756605532055237e-06,658.5451827314351,1856.0,1.0,,31,,,,,,,,
2.969890765999935,0.009516102760812828,0.12893066555261612,0.3936897497624159,0.0,0.01848,4.0,0.92,0.012711987714283168,0.24807677697390318,-0.0025139794452115893,0.0009665897841841797,5.855879476257542e-05,22382.446249999997,1.0,20814.899164062503,6.756605532055237e-06,669.7108043938503,1856.0,1.0,,32,,,,,,,,
2.930282557999817,0.00654377745132706,0.08181152335600927,0.38929714635014534,0.0,0.0184325,4.0,0.9175,0.014877988200169057,0.23847268987447023,-0.0002716151066124439,0.0006976556273912138,2.1254708371998277e-05,22595.72625,1.0,20797.89302734375,6.756605532055237e-06,617.6468388411764,1856.0,1.0,,33,,,,,,,,
2.9234837560002234,0.0067092323311612745,0.09489746124017984,0.3811251875013113,0.0,0.018385,4.0,0.915,0.01608338614460081,0.2431853348389268,0.0014431466697715223,0.00045916308681626106,1.805133348398158e-05,22385.815250000003,1.0,20914.296902343747,6.756605532055237e-06,594.5767750377347,1856.0,1.0,,34,,,,,,,,
2.9574292249999417,0.013206128769695624,0.17768554668873549,0.3906270544975996,1.0,0.0183375,4.0,0.9125,0.014614959334721789,0.22996862418949604,-0.0007260000566020608,0.0001769091538790235,1.7929117461790156e-05,22284.088249999997,1.0,20852.994328125,6.756605532055237e-06,616.9179251310612,1856.0,1.0,,35,,,,,,,,
2.9278297490000114,0.004393298153956948,0.0609130859375,0.3922657575458288,0.0,0.01829,4.0,0.91,0.016255762107903138,0.23475774191319942,0.0009236757759936154,7.786766866502148e-05,9.460748856326973e-06,22003.163,1.0,20762.633445312502,6.756605532055237e-06,590.8543021366879,1856.0,1.0,,36,,,,,,,,
2.9202996829999393,0.008097636221407356,0.10810546902939677,0.37514842115342617,0.0,0.018242500000000002,4.0,0.9075,0.012290336861042306,0.21942894160747528,-0.0024709790013730526,2.782706570769733e-05,8.092888464261705e-06,22122.35825,1.0,20806.39250390625,6.756605532055237e-06,477.4692318716551,1856.0,1.0,,37,,,,,,,,
2.9221925029996783,0.00827861994957857,0.11235351697541773,0.3713499791920185,0.0,0.018195,4.0,0.905,0.01856277816114016,0.21283496171236038,0.0038615550729446113,2.0659961592173204e-05,8.380258805118501e-06,21902.310500000003,1.0,20859.843957031248,6.756605532055237e-06,548.028213293223,1856.0,1.0,,38,,,,,,,,
2.9520946269999513,0.006804358716635761,0.08393554703798145,0.3722581975162029,0.0,0.0181475,4.0,0.9025,0.011414216802222654,0.20669124089181423,-0.0034534205333329737,1.6771419836913992e-05,7.958507751482102e-06,21940.108500000002,1.0,20829.23838671875,6.756605532055237e-06,554.956092574568,1856.0,1.0,,39,,,,,,,,
3.175259444999938,0.007322313119402679,0.08181152353063226,0.37725519202649593,0.0,0.0181,4.0,0.9,0.013521003042114899,0.19847992900758982,-0.0017549297772347927,1.5590890654948453e-05,8.201893052728337e-06,22201.68725,1.0,20893.251925781253,6.756605532055237e-06,529.8252303966457,1856.0,1.0,1.2533246278762817,40,22595.72625,22499.42725,22045.994249999996,70000042,21840.525425,best_of_k,22499.42725,393.73350339504236
2.9171405869997216,0.007367218958336252,0.09343261737376451,0.3585974182933569,0.0,0.0180525,4.0,0.8975,0.016065584466559812,0.19390320032835007,0.0016306501893268432,1.450253222401443e-05,8.101450276853939e-06,22105.45525,1.0,21047.37581640625,6.756605532055237e-06,490.90344432182354,1856.0,1.0,,41,,,,,,,,
2.9404614280001624,0.008777897625947162,0.10083007859066129,0.35158824548125267,0.0,0.018005,4.0,0.895,0.017193813211633824,0.1834663785994053,0.0029132661293260753,1.302195784091964e-05,6.28895671184182e-06,22122.810250000002,1.0,20862.706300781247,6.756605532055237e-06,529.4113405379507,1856.0,1.0,,42,,,,,,,,
2.897437838999849,0.007549396490105664,0.07666015625,0.35547591373324394,0.0,0.0179575,4.0,0.8925,0.016243968973867595,0.19180444162338972,0.001908341349917464,1.4428858605697314e-05,9.434904654881393e-06,22663.123249999997,1.0,21087.945984375,6.756605532055237e-06,581.2634682124692,1856.0,1.0,,43,,,,,,,,
2.930022273999839,0.0182099215111009,0.1748291035182774,0.3557700775563717,1.0,0.017910000000000002,4.0,0.89,0.015317195386160165,0.17683486081659794,0.0006855205574538559,1.7151379154256574e-05,1.713462665975385e-05,22201.3725,1.0,21215.5907890625,6.756605532055237e-06,472.8998650355128,1856.0,1.0,,44,,,,,,,,
2.558109639000122,0.020722251385450363,0.18408203125,0.3396481052041054,1.0,0.0178625,2.0,0.8875,0.03843943646643311,0.17505567148327827,0.02456465968862176,2.703015104543738e-05,3.3201734368049074e-05,22276.82825,1.0,21181.806523437503,6.756605532055237e-06,493.6266089478181,1856.0,1.0,,45,,,,,,,,
2.9276951910001117,0.007389112011338739,0.10236816434189677,0.3726948257535696,0.0,0.017815,4.0,0.885,0.015964416801580228,0.1942809782922268,0.0007805181085132062,1.985821739936e-05,1.6574229164234566e-05,22262.62625,1.0,20965.21335546875,6.756605532055237e-06,605.2780818266779,1856.0,1.0,,46,,,,,,,,
2.950246598999911,0.006721096055088083,0.09296875004656613,0.36210255324840546,0.0,0.017767500000000002,4.0,0.8825000000000001,0.014478189827059396,0.18441672064363956,-0.00035609136102721095,1.635299867075446e-05,8.283123349883681e-06,22507.2975,1.0,21157.696316406254,6.756605532055237e-06,643.8414876778015,1856.0,1.0,,47,,,,,,,,
2.9481358819998604,0.006648818006596002,0.0900634762365371,0.34821909479796886,0.0,0.01772,4.0,0.88,0.012049228884279728,0.18865777552127838,-0.0020244112238287926,1.611283249758344e-05,8.17888690107793e-06,22249.6485,1.0,21176.218195312496,6.756605532055237e-06,603.0602860268034,1856.0,1.0,,48,,,,,,,,
2.964894073999858,0.011356763836857908,0.11816406296566129,0.3392137475311756,0.0,0.0176725,4.0,0.8775,0.010256337962346151,0.17733723018318415,-0.0035752165276790038,1.2791669632861158e-05,7.1594745634229184e-06,22872.95525,1.0,21259.33321875,6.756605532055237e-06,585.1822868641115,1856.0,1.0,,49,,,,,,,,
3.195573084999978,0.008457313655185317,0.09753417992033064,0.3360268101096153,0.0,0.017625000000000002,4.0,0.875,0.01702488720184192,0.17035993747413158,0.0032216367835644633,1.1434243702979074e-05,6.717876459561012e-06,22533.9925,1.0,21320.96446875,6.756605532055237e-06,568.5715254127718,1856.0,1.0,0.8906553387641907,50,,,,,,,,
2.949736278999808,0.006566766360350584,0.08830566378310323,0.3339467793703079,0.0,0.0175775,4.0,0.8725,0.010820911440532655,0.17016714718192816,-0.0028902187186758965,1.290354435923291e-05,7.226113098113274e-06,22722.50725,1.0,21390.0852265625,6.756605532055237e-06,623.7998595240042,1856.0,1.0,,51,,,,,,,,
2.953271138999753,0.005331747968256195,0.0704345703125,0.3305856827646494,0.0,0.01753,4.0,0.87,0.01728538727911655,0.15891461912542582,0.0035381055204197764,1.0634581229851392e-05,5.413958490407822e-06,22608.352499999997,1.0,21379.65216015625,6.756605532055237e-06,531.1459561041094,1856.0,1.0,,52,,,,,,,,
2.3047638739999456,0.02879732852397865,0.162109375,0.32006826251745224,1.0,0.0174825,1.0,0.8674999999999999,0.036420810443814844,0.15749911591410637,0.02316656755283475,1.068562949058105e-05,6.479459784713981e-06,22386.810250000002,1.0,21418.696789062502,6.756605532055237e-06,493.10609515218243,1856.0,1.0,,53,,,,,,,,
2.9167246520000845,0.00777866519152326,0.09785156312864274,0.33323104679584503,0.0,0.017435,4.0,0.865,0.01405467362201307,0.16900534462183714,0.00033444369910284877,1.3705720448342618e-05,7.829872373577018e-06,22318.636500000004,1.0,21165.33137109375,6.756605532055237e-06,661.3538177527595,1856.0,1.0,,54,,,,,,,,
2.9341933539999445,0.017964998042117486,0.14252929715439677,0.33099433220922947,0.0,0.0173875,4.0,0.8625,0.025092359399423003,0.15489439107477665,0.01123098365496844,1.1428896272036582e-05,7.482797457214474e-06,22404.54675,1.0,21382.8027734375,6.756605532055237e-06,604.1535544830967,1856.0,1.0,,55,,,,,,,,
2.9540347629999815,0.010951975995197927,0.12050781352445483,0.3198904488235712,0.0,0.01734,4.0,0.86,0.018520875717513263,0.16065599862486124,0.005307759623974562,1.1144366624193935e-05,6.50674957114461e-06,22579.1685,1.0,21380.3766328125,6.756605532055237e-06,609.6058632927432,1856.0,1.0,,56,,,,,,,,
2.9053548960000626,0.005806509054508524,0.07707519584801048,0.3236572314053774,0.0,0.017292500000000002,4.0,0.8575,0.01633702802064363,0.15097298007458448,0.00276049661624711,1.110667039938562e-05,6.518007467093412e-06,22553.948249999998,1.0,21376.0674375,6.756605532055237e-06,551.3147544651946,1856.0,1.0,,57,,,,,,,,
2.9297675570001047,0.0046416501182022785,0.0558105472009629,0.3257430363446474,0.0,0.017245,4.0,0.855,0.014945505012292415,0.14546362031251192,0.0011633139802142978,1.0588387453935866e-05,4.997657043759318e-06,22563.7855,1.0,21500.32666015625,6.756605532055237e-06,530.1660711554327,1856.0,1.0,,58,,,,,,,,
2.9498486110001068,0.008588698717630905,0.0877197275403887,0.3315113130956888,0.0,0.0171975,4.0,0.8525,0.012128070986364037,0.14400425273925066,-0.0019745826139114797,9.45712042721425e-06,5.310006798708855e-06,22795.33925,1.0,21490.9559453125,6.756605532055237e-06,544.1819994709654,1856.0,1.0,,59,,,,,,,,
3.238532011999723,0.013953500155452048,0.11601562623400241,0.3304650355130434,1.0,0.017150000000000002,4.0,0.85,0.021594189922325313,0.1494699101895094,0.007630869746208191,9.448432081171632e-06,5.063899976676112e-06,22768.25825,1.0,21519.3346328125,6.756605532055237e-06,524.7729955309621,1856.0,1.0,0.6774573922157288,60,22872.95525,23075.73825,22185.835249999996,70000042,22286.08995833333,best_of_k,23075.73825,387.55410967152955
2.315182427000309,0.021362023334972946,0.16923828423023224,0.3216851279139519,1.0,0.0171025,1.0,0.8475,0.024846785701811314,0.1507231742143631,0.01133622438646853,1.05688985740926e-05,5.981584990877309e-06,22891.01825,1.0,21472.027890625002,6.756605532055237e-06,468.6484878830322,1856.0,1.0,,61,,,,,,,,
2.927047610000045,0.0051129722559579704,0.05998535209801048,0.33137665130198,0.0,0.017055,4.0,0.845,0.011411559986299835,0.15344467293471098,-0.0025435701245442033,9.450860318338528e-06,4.703049683030258e-06,22662.67525,1.0,21569.4781171875,6.756605532055237e-06,518.6717078972615,1856.0,1.0,,62,,,,,,,,
2.939809164000053,0.005711743567758276,0.07658691401593387,0.3447724413126707,0.0,0.017007500000000002,4.0,0.8425,0.01592761545907706,0.15505005046725273,0.001321553863817826,1.1323508147143002e-05,6.638062529873423e-06,22473.12725,1.0,21349.7637578125,6.756605532055237e-06,537.7104459511593,1856.0,1.0,,63,,,,,,,,
2.8822072409998327,0.010945376873792156,0.1147949225269258,0.3377428874373436,0.0,0.01696,4.0,0.84,0.017312279087491333,0.15807836782187223,0.003102142654825002,1.0337006244753866e-05,5.935167422421728e-06,22497.794249999995,1.0,21485.049816406252,6.756605532055237e-06,572.1007882875792,1856.0,1.0,,64,,,,,,,,
2.9318152960004227,0.009609003530158589,0.10053710988722742,0.3279154095798731,0.0,0.0169125,4.0,0.8375,0.008464815357001498,0.15395759511739016,-0.005330615094862878,9.837372402898836e-06,4.968897201251821e-06,22731.1935,1.0,21592.825167968753,6.756605532055237e-06,576.4376684490089,1856.0,1.0,,65,,,,,,,,
2.8983381689999987,0.009782570291804404,0.10954589885659516,0.33204311691224575,0.0,0.016865,4.0,0.835,0.016914090811042115,0.15379174891859293,0.002901278785429895,1.1881534589974763e-05,6.330073773597178e-06,22544.99175,1.0,21340.2098125,6.756605532055237e-06,607.9430490864805,1856.0,1.0,,66,,,,,,,,
2.9327725919997647,0.011327414694306981,0.10388183617033064,0.32221806421875954,0.0,0.0168175,4.0,0.8325,0.01607447661808692,0.14870965015143156,0.0024604013306088746,1.0114394314086894e-05,6.170222775381262e-06,22725.755250000002,1.0,21568.278691406253,6.756605532055237e-06,595.4119628981892,1856.0,1.0,,67,,,,,,,,
2.9016893929997423,0.008651689566079312,0.10141601576469839,0.32430218160152435,0.0,0.01677,4.0,0.83,0.014179324891301803,0.13691772148013115,0.00025547819677740335,1.2108450334835652e-05,7.275087654079471e-06,22772.37125,1.0,21377.4419609375,6.756605532055237e-06,655.7389590873252,1856.0,1.0,,68,,,,,,,,
2.7572255889999724,0.015287708917639975,0.12714843824505806,0.3255165368318558,1.0,0.0167225,3.0,0.8275,0.020817069647212822,0.14490843936800957,0.006958267418667674,1.3872264995976972e-05,9.639824459857968e-06,22592.44225,1.0,21427.5717265625,6.756605532055237e-06,658.9923261039226,1856.0,1.0,,69,,,,,,,,
3.271574535000127,0.0061919891753206,0.07346191466785967,0.30804083682596684,0.0,0.016675000000000002,4.0,0.825,0.01624804805032909,0.1255172877572477,0.0029330222168937325,1.3630918829221628e-05,9.241010303639996e-06,22402.07425,1.0,21288.96958984375,6.756605532055237e-06,637.7435946389293,1856.0,1.0,0.5052644610404968,70,,,,,,,,
2.72269981799991,0.014938023910929132,0.11904296899835269,0.3085531120498975,1.0,0.0166275,3.0,0.8225,0.0158012430377615,0.12007034569978714,0.002365375868976116,1.1379644699142469e-05,7.086266956927527e-06,22468.978250000004,1.0,21394.806203125,6.756605532055237e-06,604.734831662215,1856.0,1.0,,71,,,,,,,,
2.2623629469999287,0.025330690707278336,0.15146484598517418,0.31557968258857727,1.0,0.01658,1.0,0.8200000000000001,0.014227068750187755,0.12714770063757896,0.0005506716552190483,1.3162520417608903e-05,8.410655937041156e-06,22303.594250000002,1.0,21266.74438671875,6.756605532055237e-06,672.7743731367934,1856.0,1.0,,72,,,,,,,,
2.716513852999924,0.01402971253493964,0.10664062574505806,0.32624902079502743,1.0,0.016532500000000002,3.0,0.8175,0.02066016084669779,0.14031614859898886,0.006662717865159114,1.1994455083671104e-05,7.1363048164130305e-06,22721.386250000003,1.0,21592.433812500003,6.756605532055237e-06,560.5821543465406,1856.0,1.0,,73,,,,,,,,
2.2724623480003174,0.025019893636567758,0.16777344048023224,0.3239900693297386,1.0,0.016485,1.0,0.815,0.02477646991610527,0.1297819558531046,0.010712026618421078,1.3145112461643293e-05,6.159181680231995e-06,22582.8925,1.0,21573.54830078125,6.756605532055237e-06,561.3795181826415,1856.0,1.0,,74,,,,,,,,
2.9062683619999916,0.012108289961972218,0.1000732434913516,0.30416600964963436,0.0,0.0164375,4.0,0.8125,0.011411393294110894,0.1174341132864356,-0.00187103875214234,1.1858808761644468e-05,6.538921212495552e-06,22752.17825,1.0,21406.58883984375,6.756605532055237e-06,627.5423880723217,1856.0,1.0,,75,,,,,,,,
2.9422357209996335,0.01130247731231293,0.0855712890625,0.3123733885586262,0.0,0.016390000000000002,4.0,0.81,0.011493003337818664,0.11741279996931553,-0.002205166092608124,9.830815486111533e-06,5.823612497124486e-06,22645.36225,1.0,21544.854398437503,6.756605532055237e-06,458.62444233718844,1856.0,1.0,,76,,,,,,,,
2.9210517569999865,0.010927439214043488,0.10654296958819032,0.3178229443728924,0.0,0.0163425,4.0,0.8075,0.018816171432263218,0.1276287636719644,0.005006481660529971,1.1827603827896382e-05,6.2683865280632745e-06,22632.250249999997,1.0,21513.81851171875,6.756605532055237e-06,630.4944757423183,1856.0,1.0,,77,,,,,,,,
2.493035102000249,0.015254310960784778,0.11040039081126451,0.3045457974076271,1.0,0.016295,2.0,0.8049999999999999,0.023973608331289142,0.12635834701359272,0.010800598887726665,1.2309008752708905e-05,6.994771865720395e-06,22930.591249999998,1.0,21521.645230468752,6.756605532055237e-06,632.9732116472167,1856.0,1.0,,78,,,,,,,,
2.954068756000197,0.004232173166769826,0.045288086170330644,0.31638926081359386,0.0,0.0162475,4.0,0.8025,0.013966473285108805,0.11777198826894164,5.633209366351366e-05,1.0643517242669986e-05,6.2272606839997025e-06,22776.70725,1.0,21609.4296171875,6.756605532055237e-06,582.4294903433237,1856.0,1.0,,79,,,,,,,,
3.2293234429998847,0.0076479112875347255,0.07763671875,0.3021988421678543,0.0,0.0162,4.0,0.8,0.02217628457583487,0.11397059401497245,0.008908528165193275,1.0566074934104108e-05,6.161367451795741e-06,22852.59125,1.0,21634.854238281252,6.756605532055237e-06,611.2424819905912,1856.0,1.0,0.4266408383846283,80,22930.591249999998,22920.13825,22835.98625,70000042,22585.92975,best_of_k,22920.13825,343.5957299380341
2.936957569000242,0.01169192531557428,0.09223632840439677,0.29379762150347233,0.0,0.0161525,4.0,0.7975,0.018518424141802825,0.10754456790164113,0.005561282072449103,1.081242083955658e-05,6.585068689446416e-06,22462.05025,1.0,21698.0184609375,6.756605532055237e-06,553.7493673935002,1856.0,1.0,,81,,,,,,,,
2.9341856869996263,0.007450443817276664,0.07280273456126451,0.3035372942686081,0.0,0.016105,4.0,0.795,0.01554317309637554,0.11068761488422751,0.0021457626135088503,8.857395812356117e-06,4.567813078892868e-06,22799.115250000003,1.0,21693.60226171875,6.756605532055237e-06,525.4132726597477,1856.0,1.0,,82,,,,,,,,
2.943008261999694,0.005607417834738726,0.059741211822256446,0.3028519209474325,0.0,0.016057500000000002,4.0,0.7925,0.018672299571335316,0.10783393075689673,0.005258562770904973,8.403003619150695e-06,3.68768361624916e-06,22731.2595,1.0,21673.675988281248,6.756605532055237e-06,490.1948307378667,1856.0,1.0,,83,,,,,,,,
2.8755729129998144,0.005702893838360978,0.0626220703125,0.3010756876319647,0.0,0.01601,4.0,0.79,0.015927576132526156,0.10666990140452981,0.0025776196853257716,1.0514195736277543e-05,5.812040001273999e-06,22891.01825,1.0,21712.5513203125,6.756605532055237e-06,572.9053734230896,1856.0,1.0,,84,,,,,,,,
2.907140878000064,0.004866874057611881,0.047607422107830644,0.29193095304071903,0.0,0.0159625,4.0,0.7875,0.013636353389301803,0.10243139276280999,0.0006722763646394014,7.784596675719513e-06,3.6256300148806986e-06,22810.354250000004,1.0,21739.14580859375,6.756605532055237e-06,465.4760855823737,1856.0,1.0,,85,,,,,,,,
2.9496370480001133,0.00894327310254539,0.06157226604409516,0.29958276450634,0.0,0.015915,4.0,0.785,0.016956749888777267,0.10006340080872178,0.00356651988113299,1.0191137505444203e-05,5.1646197789523285e-06,22773.41825,1.0,21685.706558593753,6.756605532055237e-06,596.5412969923117,1856.0,1.0,,86,,,,,,,,
2.89197461699996,0.00862840535124576,0.06542968831490725,0.2852748930454254,0.0,0.0158675,4.0,0.7825,0.013942100515123457,0.09565922385081649,0.001192739960970357,9.600062014669675e-06,5.0562469766646245e-06,22796.54225,1.0,21719.28494921875,6.756605532055237e-06,573.887867772783,1856.0,1.0,,87,,,,,,,,
2.9242780250001488,0.010124413659156062,0.09221191401593387,0.31270467676222324,0.0,0.01582,4.0,0.78,0.015524088201345876,0.10347148170694709,0.0015217518666759133,1.085045110471583e-05,5.86954894288283e-06,22804.954250000003,1.0,21582.4083984375,6.756605532055237e-06,526.4433106282146,1856.0,1.0,,88,,,,,,,,
2.6974388620001264,0.019326710423778575,0.12483724082509677,0.28930439054965973,1.0,0.015772500000000002,3.0,0.7775,0.02139685970420639,0.09665817891558011,0.008452715293969959,8.771178727329243e-06,5.177884190743498e-06,22835.98625,1.0,21669.72620703125,6.756605532055237e-06,509.76168548785387,1856.0,1.0,,89,,,,,,,,
3.188813217000188,0.010991400449952948,0.08828125055879354,0.29281057603657246,0.0,0.015725,4.0,0.775,0.015494930528802797,0.08468824857845902,0.0021813734201714396,1.1156237064824381e-05,7.269030732004467e-06,22570.91425,1.0,21528.0103828125,6.756605532055237e-06,517.8461091094506,1856.0,1.0,0.39019280672073364,90,,,,,,,,
2.707031471999926,0.014704026349155205,0.0818033857891957,0.31037933627764386,1.0,0.0156775,3.0,0.7725,0.018423486151732504,0.09889697407682736,0.004452157624958393,7.745981974949245e-06,4.09119993112957e-06,22705.8275,1.0,21758.718855468753,6.756605532055237e-06,451.7116747953449,1856.0,1.0,,91,,,,,,,,
2.7282555880001382,0.012758081856674153,0.08069661539047956,0.3087039863069852,1.0,0.01563,3.0,0.77,0.010189053253270686,0.0958687545110782,-0.0037499675139163933,6.589594363504148e-06,3.1832167716553763e-06,22724.894250000005,1.0,21749.33755859375,6.756605532055237e-06,408.5885251115599,1856.0,1.0,,92,,,,,,,,
3.0189312090001295,0.01067558054918294,0.09519042959436774,0.2869588825851679,0.0,0.015582499999999999,4.0,0.7675,0.015885789624007884,0.10014893673360348,0.003094857500400394,8.551269559120556e-06,5.407041868465967e-06,22775.25025,1.0,21714.4558125,6.756605532055237e-06,502.11057284480773,1856.0,1.0,,93,,,,,,,,
2.8996887499997683,0.006211631048365973,0.059619140811264515,0.2811283599585295,0.0,0.015535,4.0,0.765,0.01428509950346779,0.09340453566983342,0.0016773539828136563,6.872086402154309e-06,3.360534421403827e-06,22915.22625,1.0,21858.08658203125,6.756605532055237e-06,458.60533512200374,1856.0,1.0,,94,,,,,,,,
2.722837414999958,0.013553509020795218,0.0691080732891957,0.28606286893288296,1.0,0.015487500000000001,3.0,0.7625,0.022479756036773324,0.09578264753023784,0.00965761843447884,7.597274930049025e-06,3.3374165203288917e-06,22715.5795,1.0,21833.5247265625,6.756605532055237e-06,453.6351556800947,1856.0,1.0,,95,,,,,,,,
2.917341163999936,0.012589553427858391,0.07917480496689677,0.28664494305849075,1.0,0.01544,4.0,0.76,0.0166482163767796,0.1039747423492372,0.0039162441389635205,1.1384515801182715e-05,7.912478025673408e-06,22732.01525,1.0,21661.11544140625,6.756605532055237e-06,590.7967185943826,1856.0,1.0,,96,,,,,,,,
2.914383844999975,0.008017131662427346,0.07172851590439677,0.2910149786621332,0.0,0.0153925,4.0,0.7575000000000001,0.015542954257398378,0.10102446703240275,0.002543603186495602,9.064936676850266e-06,5.428639866522644e-06,22853.08225,1.0,21795.286386718748,6.756605532055237e-06,570.2667569742476,1856.0,1.0,,97,,,,,,,,
2.46752823099996,0.012481565742845646,0.0685058597009629,0.3045566752552986,1.0,0.015345000000000001,2.0,0.755,0.013895325595512986,0.10651329346001148,0.00029908749274909496,8.345567835021939e-06,4.0332991488867265e-06,22969.60225,1.0,21749.990175781248,6.756605532055237e-06,600.1671224896995,1856.0,1.0,,98,,,,,,,,
2.5024713610000617,0.022141553672071268,0.11992187611758709,0.3024360164999962,1.0,0.0152975,2.0,0.7525,0.02945107690175064,0.111989532597363,0.0160366406198591,1.1560435837054683e-05,9.277503750126925e-06,22831.258250000003,1.0,21464.335343749997,6.756605532055237e-06,559.2697025130572,1856.0,1.0,,99,,,,,,,,
3.202786893999928,0.008724500472084173,0.06542968796566129,0.2834716718643904,0.0,0.01525,4.0,0.75,0.013780333567410707,0.09889735840260983,0.0011075105867348611,1.4638833022218023e-05,1.1920187546365923e-05,22904.05025,1.0,21800.7680859375,6.756605532055237e-06,510.5753323168953,1856.0,1.0,0.3717811703681946,100,22969.60225,22952.282250000004,22807.09025,70000042,22724.37185833334,best_of_k,22952.282250000004,202.7848752946573
2.8796158019999893,0.011612300259976394,0.0785400397144258,0.294669434428215,0.0,0.0152025,4.0,0.7475,0.0148472531727748,0.10579708265140653,0.0017192753730341792,8.906433720312634e-06,3.990568387735038e-06,22864.882250000002,1.0,21882.787402343747,6.756605532055237e-06,525.8506185741923,1856.0,1.0,,101,,,,,,,,
2.90810089300021,0.006826910462805813,0.05192871089093387,0.2960060741752386,0.0,0.015155,4.0,0.745,0.02046227370738052,0.10282328305765986,0.007216150232125074,9.904170781283028e-06,6.230999332501597e-06,22958.471249999995,1.0,21791.179003906247,6.756605532055237e-06,550.6724001146474,1856.0,1.0,,102,,,,,,,,
2.336649363000106,0.02007151855821121,0.08476562425494194,0.2901696562767029,1.0,0.0151075,1.0,0.7424999999999999,0.021387423388659954,0.09960438869893551,0.00837853376287967,1.1748485803764197e-05,8.01157489149773e-06,22647.26625,1.0,21660.281011718747,6.756605532055237e-06,612.2496853220135,1856.0,1.0,,103,,,,,,,,
2.4917832839996663,0.03204556513885848,0.111328125,0.30885522440075874,1.0,0.01506,2.0,0.74,0.02512392878998071,0.10483757965266705,0.011255528079345822,1.1152269394187897e-05,6.756264383511734e-06,22641.44325,1.0,21846.2246484375,6.756605532055237e-06,525.3964224548124,1856.0,1.0,,104,,,,,,,,
2.9043464410001434,0.009219381793435844,0.07268066448159516,0.2923902925103903,0.0,0.015012500000000002,4.0,0.7375,0.02018013593624346,0.10268114414066076,0.007099651615135372,7.394156114060024e-06,3.4610970516268935e-06,22769.19425,1.0,21883.22419921875,6.756605532055237e-06,385.83444401696096,1856.0,1.0,,105,,,,,,,,
2.9389028760001565,0.008195831723398328,0.06740722680115141,0.2854288760572672,0.0,0.014965,4.0,0.735,0.018343728181207553,0.10981350252404809,0.005713183942134492,7.097116167642525e-06,3.498619236097511e-06,22798.04625,1.0,21875.346472656252,6.756605532055237e-06,490.6978982508517,1856.0,1.0,,106,,,,,,,,
2.952925583999786,0.005139920012304344,0.0546142584644258,0.2943579964339733,0.0,0.0149175,4.0,0.7324999999999999,0.012740590813336894,0.10435059433802962,-0.00042286538518965244,7.032844536070115e-06,3.0045535197587014e-06,22952.282250000004,1.0,21900.09778515625,6.756605532055237e-06,526.6547750413596,1856.0,1.0,,107,,,,,,,,
2.9020513529999334,0.00488425467450071,0.05039062537252903,0.29755703546106815,0.0,0.014870000000000001,4.0,0.73,0.012997734025702812,0.10363928182050586,-0.00034161035728175193,7.987012423882334e-06,3.6204035609443963e-06,22966.698249999998,1.0,21826.80485546875,6.756605532055237e-06,527.8246872712472,1856.0,1.0,,108,,,,,,,,
2.6755479329999616,0.012794212094168719,0.061686198537548385,0.2931225871046384,1.0,0.014822499999999999,3.0,0.7275,0.019207138878603775,0.09739238644639651,0.005992315709590912,7.001759702992179e-06,3.182081059094344e-06,22775.93125,1.0,21877.69233203125,6.756605532055237e-06,464.4396178585499,1856.0,1.0,,109,,,,,,,,
3.1839828669999406,0.0047654022001779595,0.052294922061264515,0.28183245472609997,0.0,0.014775,4.0,0.725,0.011997903231531382,0.09615736920386553,-0.0006758374511264265,8.247779987868853e-06,4.037154511138397e-06,22939.69025,1.0,21828.40380859375,6.756605532055237e-06,522.1715977664043,1856.0,1.0,0.32922619581222534,110,,,,,,,,
2.9297618149998925,0.010558945714059575,0.07861328148283064,0.27697116509079933,0.0,0.014727500000000001,4.0,0.7224999999999999,0.02114591897407081,0.10509766777977347,0.008841904520522803,9.023840249255954e-06,4.757621809403645e-06,22860.130250000002,1.0,21790.538468749997,6.756605532055237e-06,529.8963129786788,1856.0,1.0,,111,,,,,,,,
2.907617880000089,0.006592519845284528,0.0545898440759629,0.2724916283041239,0.0,0.01468,4.0,0.72,0.016856360707606655,0.09623671835288405,0.004642015788704157,7.600476067182171e-06,3.517509867378976e-06,23041.08225,1.0,21935.280617187498,6.756605532055237e-06,479.3435345668517,1856.0,1.0,,112,,,,,,,,
2.911067202999675,0.010261555853816162,0.07639160170219839,0.26827679574489594,0.0,0.014632500000000001,4.0,0.7175,0.018729288451140746,0.09879778558388352,0.006758278177585453,7.805154865536679e-06,4.096782632245777e-06,22956.06625,1.0,21932.140039062502,6.756605532055237e-06,470.48383139753514,1856.0,1.0,,113,,,,,,,,
2.9393455519998497,0.00874123678519112,0.06176757882349193,0.29113774560391903,0.0,0.014585,4.0,0.7150000000000001,0.02284399360360112,0.09762404998764396,0.009709063393529505,5.929320025188645e-06,2.5931578164772873e-06,22754.26325,1.0,21922.979203125004,6.756605532055237e-06,424.8865165764093,1856.0,1.0,,114,,,,,,,,
2.520255523999822,0.015129567514819087,0.06352539034560323,0.2720780670642853,1.0,0.014537500000000002,2.0,0.7125,0.020236410055076703,0.09299128223210573,0.007981959963217378,6.861662313895067e-06,3.4431558333380963e-06,22635.64225,1.0,21901.10245703125,6.756605532055237e-06,443.77345584126346,1856.0,1.0,,115,,,,,,,,
3.0400661560001936,0.009731889420699247,0.0613525400403887,0.2796732783317566,0.0,0.014490000000000001,4.0,0.71,0.018504714185837656,0.08555540814995766,0.0057577978586778045,7.381418726026823e-06,4.4235500240574765e-06,22666.21925,1.0,21800.641542968748,6.756605532055237e-06,419.4256773310991,1856.0,1.0,,116,,,,,,,,
2.9960436749997825,0.008735459366604914,0.05444335984066129,0.2847314830869436,1.0,0.0144425,4.0,0.7075,0.00930031775351381,0.08452592883259058,-0.0037175719626247883,6.022301604957647e-06,2.9577309277328823e-06,22646.60325,1.0,21817.542230468753,6.756605532055237e-06,422.3285030881094,1856.0,1.0,,117,,,,,,,,
2.9020549470001242,0.009092646827241424,0.0659423831384629,0.27828978933393955,0.0,0.014395000000000002,4.0,0.7050000000000001,0.014912801852915436,0.08790445607155561,0.002261837769765407,5.430844467468887e-06,2.6310623866265814e-06,22786.059250000002,1.0,21870.066343749997,6.756605532055237e-06,360.88710523938096,1856.0,1.0,,118,,,,,,,,
2.933819728999879,0.009431752634839086,0.06271972670219839,0.2735791467130184,0.0,0.014347500000000001,4.0,0.7025,0.021741915224993136,0.10038966685533524,0.009501656284555793,5.461877080392696e-06,2.1935253613492023e-06,22844.93825,1.0,21872.777007812503,6.756605532055237e-06,391.5160696363185,1856.0,1.0,,119,,,,,,,,
3.2023066579999977,0.012103998127336979,0.07783203141298145,0.27435072511434555,0.0,0.0143,4.0,0.7,0.014403594221221283,0.0990125248208642,0.0020998666004743427,6.491944162689833e-06,2.843205123781445e-06,22830.3455,1.0,21763.290421874997,6.756605532055237e-06,448.6354074137468,1856.0,1.0,0.3254689574241638,120,23041.08225,22903.986249999998,22117.3125,70000042,22430.246858333332,best_of_k,22903.986249999998,360.223168717548
2.9528135720001956,0.004837597688748474,0.05207519547548145,0.2849765382707119,0.0,0.014252500000000001,4.0,0.6975,0.009437441141926683,0.09835211047902703,-0.003412125603063032,7.18063026283744e-06,3.570515829665055e-06,22740.29675,1.0,21741.06077734375,6.756605532055237e-06,476.9740726428556,1856.0,1.0,,121,,,,,,,,
2.7140745470001093,0.018854907361600226,0.09134114595750968,0.28023163974285126,1.0,0.014205,3.0,0.6950000000000001,0.019772834338558216,0.0966886014988025,0.007133077209194501,5.4142441285875975e-06,2.1913652119565086e-06,22792.72325,1.0,21813.4244921875,6.756605532055237e-06,456.172970349522,1856.0,1.0,,122,,,,,,,,
2.9237373529999786,0.011638500710112964,0.08117675804533064,0.27478308230638504,1.0,0.0141575,4.0,0.6925,0.013097017188556492,0.09334688959643245,0.0006777767557650805,5.2144961841804616e-06,2.2465358568979354e-06,22797.646249999998,1.0,21939.6778125,6.756605532055237e-06,419.9567871611311,1856.0,1.0,,123,,,,,,,,
2.978850103000241,0.007756453257464102,0.07177734398283064,0.27947292663156986,0.0,0.014110000000000001,4.0,0.69,0.012887903896626085,0.09659764263778925,0.00027492164008435793,7.367468668917354e-06,3.183522494509816e-06,22853.09825,1.0,21850.498242187496,6.756605532055237e-06,473.33752842886054,1856.0,1.0,,124,,,,,,,,
2.920868467999753,0.0033178835002232177,0.032519531436264515,0.27116103656589985,0.0,0.0140625,4.0,0.6875,0.013814520498272032,0.09219623636454344,0.0015508172218687832,6.1256519074959215e-06,3.0967316604346706e-06,22821.08625,1.0,21911.53141015625,6.756605532055237e-06,392.1609869699071,1856.0,1.0,,125,,,,,,,,
2.920965373999934,0.008647996832458205,0.060034179827198386,0.267846068367362,0.0,0.014015,4.0,0.685,0.013438570516882464,0.09336845017969608,0.0013531371369026601,5.4613461060171176e-06,2.2857721546643006e-06,22665.73025,1.0,21931.858191406252,6.756605532055237e-06,376.19367742411663,1856.0,1.0,,126,,,,,,,,
2.9651292640000975,0.007312026055053877,0.054785156389698386,0.2628044858574867,0.0,0.0139675,4.0,0.6825,0.016098175328806974,0.09133180836215615,0.004231578786857426,5.939047639458295e-06,2.9087202477739993e-06,22688.54725,1.0,21937.807207031252,6.756605532055237e-06,408.4465707361161,1856.0,1.0,,127,,,,,,,,
2.910930464000103,0.006336823924698365,0.05900878948159516,0.2541583776473999,0.0,0.01392,4.0,0.6799999999999999,0.01586095710081281,0.09474774403497577,0.00447018031263724,5.723815519331765e-06,2.3462771991944464e-06,22897.410249999997,1.0,21954.72089453125,6.756605532055237e-06,406.58551358560686,1856.0,1.0,,128,,,,,,,,
2.9117789030001404,0.004884108239227913,0.04948730510659516,0.25789216719567776,0.0,0.0138725,4.0,0.6775,0.014611153630539775,0.09368435572832823,0.003013555375218857,6.8613765336067445e-06,3.8782512916668566e-06,22645.21825,1.0,21892.539921875003,6.756605532055237e-06,447.058616433452,1856.0,1.0,,129,,,,,,,,
3.1586975049999637,0.007711587017233512,0.0515380862634629,0.25796230509877205,0.0,0.013825,4.0,0.675,0.012463050923543051,0.09714764030650258,0.000906320918147685,5.364623874015706e-06,2.2876435821217456e-06,22808.386249999996,1.0,21965.63237890625,6.756605532055237e-06,385.5758663975875,1856.0,1.0,0.3974142372608185,130,,,,,,,,
2.934078719000354,0.006833616363358885,0.05114746140316129,0.2528546378016472,0.0,0.013777500000000002,4.0,0.6725,0.007729689416009933,0.09449898870661855,-0.0036127278581261635,5.444348118999187e-06,2.2001799493409635e-06,22963.746250000004,1.0,22021.2837265625,6.756605532055237e-06,370.56334999159264,1856.0,1.0,,131,,,,,,,,
2.6824232109997865,0.014621982219528226,0.08626302145421505,0.25434504449367523,1.0,0.01373,3.0,0.6699999999999999,0.023946009197970852,0.09187230219443639,0.01248757028952241,7.720812504885544e-06,3.645262078559123e-06,22921.19425,1.0,21904.64910546875,6.756605532055237e-06,481.05598838424925,1856.0,1.0,,132,,,,,,,,
2.934698977000153,0.011012464258492116,0.07004394591785967,0.2677158769220114,0.0,0.0136825,4.0,0.6675,0.014853164779196959,0.0943891741335392,0.0027558239235077053,8.59698889144056e-06,4.335665011012679e-06,22681.38725,1.0,21874.659832031248,6.756605532055237e-06,526.7238491421251,1856.0,1.0,,133,,,,,,,,
2.9675943829997777,0.009259666132102495,0.059008789248764515,0.2701536398380995,0.0,0.013635000000000001,4.0,0.665,0.018744402201264165,0.09852166334167123,0.006577417487278581,7.968540614911035e-06,3.6966952592365487e-06,22917.92225,1.0,21948.40615625,6.756605532055237e-06,531.9134832967829,1856.0,1.0,,134,,,,,,,,
2.8962580860002163,0.010780561213223905,0.06809082068502903,0.27076567709445953,0.0,0.013587499999999999,4.0,0.6625,0.0180549158831127,0.09673571772873402,0.005827378307003528,1.0021769185186713e-05,5.296557759493226e-06,22653.290250000002,1.0,21892.07931640625,6.756605532055237e-06,473.2930822980411,1856.0,1.0,,135,,,,,,,,
2.925834288999795,0.006768864474921088,0.051806640811264515,0.2709072921425104,0.0,0.01354,4.0,0.6599999999999999,0.005404808034654707,0.09570746310055256,-0.00684713177906815,6.546961998310508e-06,3.5964892362017054e-06,22616.951250000002,1.0,21962.11563671875,6.756605532055237e-06,392.5525620260714,1856.0,1.0,,136,,,,,,,,
2.9647285200003353,0.005471998256208366,0.05173339881002903,0.2799585349857807,0.0,0.013492500000000001,4.0,0.6575,0.011725660122465342,0.08997972728684545,-0.0010603002738207579,6.2671685157056345e-06,2.9164732495701173e-06,22898.23425,1.0,21927.775308593747,6.756605532055237e-06,438.695635765421,1856.0,1.0,,137,,,,,,,,
2.9275294489998487,0.00842254245846874,0.06110839848406613,0.2614393066614866,0.0,0.013445000000000002,4.0,0.655,0.014281714844400994,0.09215709706768394,0.002446001337375492,6.919109068803664e-06,4.216917716348689e-06,22646.794250000003,1.0,21934.32940234375,6.756605532055237e-06,457.1985913524444,1856.0,1.0,,138,,,,,,,,
2.912843472000077,0.010650006999668449,0.06040039099752903,0.26338822953402996,0.0,0.013397500000000001,4.0,0.6525000000000001,0.01322694489499554,0.09158162726089358,0.0012814911606255919,7.224702869734756e-06,4.569874576532129e-06,22730.535249999997,1.0,21909.81965625,6.756605532055237e-06,539.0187270063918,1856.0,1.0,,139,,,,,,,,
3.2113351989996772,0.010945599198802114,0.05561523500364274,0.2726955246180296,1.0,0.01335,4.0,0.65,0.01027713916846551,0.08964341087266803,-0.0021626168745569885,5.333985413358278e-06,2.3716344799140643e-06,22948.06625,1.0,21995.552125000002,6.756605532055237e-06,420.6217109945035,1856.0,1.0,0.42337146401405334,140,23041.08225,23001.26625,22850.290250000002,70000042,22573.442816666666,best_of_k,23001.26625,347.6460765604988
2.9465393410000615,0.007797542089644338,0.05705566436517984,0.2611281853169203,0.0,0.013302500000000002,4.0,0.6475,0.011956319125602022,0.0946276462636888,0.00015657488256692886,6.70914789679955e-06,2.8977487147585634e-06,22906.058250000002,1.0,21936.02148046875,6.756605532055237e-06,479.6470442597881,1856.0,1.0,,141,,,,,,,,
2.9017605720000574,0.006798072367828922,0.04436035151593387,0.25490879639983177,0.0,0.013255000000000001,4.0,0.645,0.01587124215438962,0.09787104371935129,0.004421412479132414,5.429187353911402e-06,2.255025435715652e-06,22970.13825,1.0,21995.528792968747,6.756605532055237e-06,479.52326006609235,1856.0,1.0,,142,,,,,,,,
2.898992082999939,0.013342016181969285,0.08847656287252903,0.24915917962789536,0.0,0.0132075,4.0,0.6425000000000001,0.021213974359852728,0.09820154681801796,0.01005169544077944,4.448743212037698e-06,1.7429766501209087e-06,22949.46625,1.0,22034.09396484375,6.756605532055237e-06,376.78375610024074,1856.0,1.0,,143,,,,,,,,
2.928776594000283,0.011297101530889364,0.07529296912252903,0.24946848955005407,0.0,0.013160000000000002,4.0,0.64,0.01873463747324422,0.10550001356750727,0.007647755672223866,4.854160152945042e-06,2.704151015109346e-06,22650.21025,1.0,22006.0616640625,6.756605532055237e-06,363.7890754939549,1856.0,1.0,,144,,,,,,,,
2.91324486800022,0.015597054894996631,0.0682617190759629,0.2508878009393811,1.0,0.013112500000000001,4.0,0.6375,0.023767598322592676,0.10402673669159412,0.012585576536366716,5.237193107632265e-06,2.3185138502412883e-06,22863.7325,1.0,21979.8311015625,6.756605532055237e-06,390.12368036533775,1856.0,1.0,,145,,,,,,,,
2.497828172000027,0.02715448823028055,0.07304687518626451,0.2432923149317503,1.0,0.013065,2.0,0.635,0.007230873103253543,0.10236659739166498,-0.003597852075472474,5.34545409891507e-06,1.989475933328322e-06,22920.08225,1.0,21998.11337109375,6.756605532055237e-06,420.38214561512564,1856.0,1.0,,146,,,,,,,,
2.986917503999848,0.006892592462619973,0.05322265625,0.24864710588008165,0.0,0.013017500000000001,4.0,0.6325000000000001,0.012410408380674198,0.09411690244451165,0.0012007995683234185,6.140377763586002e-06,3.6112700598778247e-06,22646.058250000002,1.0,21947.85437890625,6.756605532055237e-06,406.4048581651675,1856.0,1.0,,147,,,,,,,,
2.6968294859998423,0.017532662923457565,0.09420572904249032,0.25715946902831394,1.0,0.01297,3.0,0.63,0.02084749851686259,0.09911857793728511,0.009273245193374654,5.48475007159747e-06,2.59906202397057e-06,23080.5885,1.0,22031.9629296875,6.756605532055237e-06,418.3276044533786,1856.0,1.0,,148,,,,,,,,
2.5224779119998857,0.025585220783142404,0.0967773450538516,0.2552194967865944,1.0,0.0129225,2.0,0.6275,0.02064666732621845,0.0961577259004116,0.009126319957431406,6.594963906536577e-06,2.6243734509989736e-06,22964.11425,1.0,21886.28810546875,6.756605532055237e-06,510.6155560802666,1856.0,1.0,,149,,,,,,,,
2.9627583930000583,0.015600057606074339,0.061653646330038704,0.2506924805541833,1.0,0.012875000000000001,3.0,0.625,0.006794505907843511,0.09456935587028663,-0.004524444850782554,5.768086073961361e-06,2.659538741530317e-06,23078.45825,1.0,21967.02655859375,6.756605532055237e-06,455.5823237128085,1856.0,1.0,0.3933892250061035,150,,,,,,,,
2.953228606000266,0.006390420529154284,0.04814453166909516,0.24918042868375778,0.0,0.0128275,4.0,0.6225,0.010100955842062831,0.09408739348873496,-0.0011530434130690992,5.013788936025776e-06,2.7632766972374156e-06,22882.99425,1.0,21992.516140624997,6.756605532055237e-06,412.9762819348688,1856.0,1.0,,151,,,,,,,,
2.5043395180000516,0.018311309886207994,0.05698242178186774,0.24729296378791332,1.0,0.01278,2.0,0.62,0.02160192164592445,0.09987381845712662,0.010510185034945607,7.591148801111558e-06,5.430844026932391e-06,23012.15425,1.0,21949.79731640625,6.756605532055237e-06,434.62074331833145,1856.0,1.0,,152,,,,,,,,
2.8958796879996953,0.009880947719047128,0.07209472684189677,0.2450743056833744,0.0,0.0127325,4.0,0.6174999999999999,0.008629045012639835,0.09926079027354717,-0.002366054803133011,9.554295900215948e-06,8.53182531557195e-06,23003.602249999996,1.0,22026.744554687502,6.756605532055237e-06,412.5171154202758,1856.0,1.0,,153,,,,,,,,
2.9798835710003004,0.011959175271890388,0.062377929920330644,0.24302966054528952,1.0,0.012685,4.0,0.615,0.0055050144146662205,0.10901061678305268,-0.005267125088721514,7.879474594574276e-06,5.334242317189819e-06,22943.94625,1.0,22042.84975,6.756605532055237e-06,385.30957243404004,1856.0,1.0,,154,,,,,,,,
2.9144930329998715,0.004940573187123931,0.05021972698159516,0.26227734237909317,0.0,0.0126375,4.0,0.6125,0.010004416515585035,0.10053889127448201,-0.0018416721432004124,7.3943318454894325e-06,4.082462226051575e-06,22770.73825,1.0,21947.754609375,6.756605532055237e-06,433.7267345328605,1856.0,1.0,,155,,,,,,,,
2.9040530760003094,0.006332787702255871,0.0642333987634629,0.27061415649950504,0.0,0.01259,4.0,0.61,0.010963285800244194,0.10651842597872019,-0.0012286762648727745,6.7793198468280025e-06,3.28560092555108e-06,23013.562249999995,1.0,21944.413203125,6.756605532055237e-06,504.2403591000034,1856.0,1.0,,156,,,,,,,,
2.9180784169998333,0.00899695566342018,0.06450195354409516,0.2605846654623747,0.0,0.012542500000000002,4.0,0.6074999999999999,0.011512041790410876,0.0994730987586081,-0.00027186627266928554,6.2904013304887485e-06,3.373831546582551e-06,22951.282249999997,1.0,21921.338664062496,6.756605532055237e-06,438.7311556246559,1856.0,1.0,,157,,,,,,,,
2.935623926000062,0.007438213644938685,0.053051758208312094,0.2658894658088684,0.0,0.012495,4.0,0.605,0.013185848409193568,0.09664457896724343,0.001096638137823902,6.180119839882536e-06,3.3878462062375547e-06,23008.818249999997,1.0,21978.6098203125,6.756605532055237e-06,456.02135058990643,1856.0,1.0,,158,,,,,,,,
2.9265334910001,0.008305286959675584,0.06562500004656613,0.2367779277265072,0.0,0.0124475,4.0,0.6025,0.014754480391275138,0.09663262218236923,0.00411636198987253,5.194053585455549e-06,3.0757565809835796e-06,22704.802249999997,1.0,22034.78444140625,6.756605532055237e-06,387.2870044099912,1856.0,1.0,,159,,,,,,,,
3.1557712040003025,0.008470841870753532,0.06779785198159516,0.27080454118549824,0.0,0.012400000000000001,4.0,0.6,0.013706270190596115,0.0995660861954093,0.0013979187133372761,7.4692920861707535e-06,3.9929249169290415e-06,22917.77825,1.0,21864.34840625,6.756605532055237e-06,520.7801532151202,1856.0,1.0,0.3676845133304596,160,23080.5885,23100.951250000002,22951.282249999997,70000042,22702.206733333336,best_of_k,23100.951250000002,369.9442703731587
2.9441039680004906,0.012435093702578115,0.08007812546566129,0.26026360131800175,1.0,0.012352499999999999,4.0,0.5974999999999999,0.016565254190936685,0.10720567591488361,0.0048736619064584374,7.006325432712401e-06,3.939079334713824e-06,22961.402249999996,1.0,21899.24980078125,6.756605532055237e-06,522.8891434807863,1856.0,1.0,,161,,,,,,,,
2.8861517449995517,0.011807728176080445,0.07622070354409516,0.2599214045330882,0.0,0.012305,4.0,0.595,0.019262186106061563,0.10486031975597143,0.0075540934631135315,6.538009813539247e-06,3.3509388117636263e-06,22902.37825,1.0,22025.73028125,6.756605532055237e-06,436.05969744170125,1856.0,1.0,,162,,,,,,,,
2.917182741999568,0.015045524948682498,0.08457031240686774,0.2650249917060137,1.0,0.012257500000000001,4.0,0.5925,0.009977900830563158,0.10346784489229321,-0.002007618546485901,7.129320550802731e-06,3.6282480095906067e-06,22818.11925,1.0,21941.64201171875,6.756605532055237e-06,468.025433997831,1856.0,1.0,,163,,,,,,,,
2.9655979869994553,0.010119409447202798,0.07280273432843387,0.25008366256952286,0.0,0.012210000000000002,4.0,0.5900000000000001,0.015142797856242396,0.10604958608746529,0.003930967708583921,5.979784020837542e-06,3.828849756359887e-06,22672.22625,1.0,21972.511835937497,6.756605532055237e-06,408.6332759202737,1856.0,1.0,,164,,,,,,,,
2.9016635199996017,0.011668733894378391,0.06667480536270887,0.23780227545648813,1.0,0.012162500000000001,4.0,0.5875,0.018057055116514675,0.10650040628388524,0.007459962827851996,5.798017838287706e-06,3.4203282410771862e-06,22680.36225,1.0,22006.1208984375,6.756605532055237e-06,411.95386045902416,1856.0,1.0,,165,,,,,,,,
2.891901432999475,0.010284293223751462,0.056958008208312094,0.24635899905115366,0.0,0.012115,4.0,0.585,0.011175252504472155,0.10487872362136841,0.00012550843530334532,6.145116003608564e-06,3.5695451998662975e-06,22706.50625,1.0,21887.997316406254,6.756605532055237e-06,471.6238138247475,1856.0,1.0,,166,,,,,,,,
2.9210174709996863,0.0038624698155302895,0.0434814456384629,0.23208484333008528,0.0,0.0120675,4.0,0.5825,0.006140805096947588,0.10714928293600678,-0.004171956941718236,4.859148916125378e-06,2.114661590724154e-06,22940.49825,1.0,21983.29395703125,6.756605532055237e-06,422.5922135710685,1856.0,1.0,,167,,,,,,,,
2.903031717999511,0.002808002054415226,0.0355468753259629,0.23980509117245674,0.0,0.012020000000000001,4.0,0.5800000000000001,0.013180890993680805,0.10830992739647627,0.002490597660653293,5.894411970075453e-06,2.6713774872177964e-06,22898.826250000002,1.0,21955.528109375,6.756605532055237e-06,473.97758642216576,1856.0,1.0,,168,,,,,,,,
2.900614117999794,0.005327218215281704,0.04272460949141532,0.23449904564768076,0.0,0.0119725,4.0,0.5775,0.011996548404567875,0.10884633520618081,0.0015733494656160474,4.809513598047488e-06,1.856924164655993e-06,22700.15425,1.0,21989.4562109375,6.756605532055237e-06,350.79654736133455,1856.0,1.0,,169,,,,,,,,
3.1462335250007527,0.007826643681745793,0.07580566429533064,0.21723676938563585,0.0,0.011925000000000002,4.0,0.575,0.011841441097203642,0.10858424380421638,0.0022724384762113914,5.137543411137813e-06,3.032415946790934e-06,22617.69675,1.0,21929.81587109375,6.756605532055237e-06,446.9224438162982,1856.0,1.0,0.5471949577331543,170,,,,,,,,
2.9543025940001826,0.008484183516777932,0.06914062518626451,0.21610695030540228,0.0,0.011877500000000001,4.0,0.5725,0.012080840548151173,0.1100510023534298,0.00258123115690978,4.082517094161631e-06,1.9685905243704838e-06,22626.20225,1.0,21987.6672734375,6.756605532055237e-06,339.63435955391924,1856.0,1.0,,171,,,,,,,,
2.9235184170001958,0.009776530513018855,0.05207519594114274,0.2270622570067644,0.0,0.01183,4.0,0.5700000000000001,0.013093214598484337,0.10784397227689624,0.003014308080310002,4.4677642563328845e-06,2.2816973768158277e-06,22745.47525,1.0,21974.040804687498,6.756605532055237e-06,412.622310034027,1856.0,1.0,,172,,,,,,,,
2.4774301120005475,0.013799740157168117,0.09160156268626451,0.21620207652449608,1.0,0.011782500000000001,2.0,0.5675,0.010456432064529508,0.11326060071587563,0.0009790609474293888,4.525589133663743e-06,2.614619262431006e-06,22647.76225,1.0,22032.195210937498,6.756605532055237e-06,389.48135744612273,1856.0,1.0,,173,,,,,,,,
2.9607413200001247,0.00789239719128787,0.054150391020812094,0.23718227725476027,0.0,0.011735,4.0,0.565,0.01415350183378905,0.10689065372571349,0.0035468210699036717,5.180674776283922e-06,2.8221421928265045e-06,22695.93025,1.0,21985.0661328125,6.756605532055237e-06,431.19243547098824,1856.0,1.0,,174,,,,,,,,
2.9232104419997995,0.007217742041024877,0.049291992327198386,0.21074529737234116,0.0,0.0116875,4.0,0.5625,0.007090305967722088,0.11189732560887933,-0.002140935743227601,4.847238557204037e-06,2.5823820664072628e-06,22830.28625,1.0,22013.065238281248,6.756605532055237e-06,402.88453290329477,1856.0,1.0,,175,,,,,,,,
2.8996439739994457,0.004540606256050239,0.0439697268884629,0.2230795882642269,0.0,0.011640000000000001,4.0,0.56,0.013636555639095604,0.1072267945855856,0.0037286868900991976,5.559636747420882e-06,2.9056646440039913e-06,22993.59425,1.0,21989.878425781248,6.756605532055237e-06,476.60268333000056,1856.0,1.0,,176,,,,,,,,
2.922302380000474,0.0035871065773420696,0.03710937546566129,0.26145611703395844,0.0,0.0115925,4.0,0.5575,0.00874952816957375,0.10011992789804935,-0.00316478840977652,6.103774239818449e-06,3.0817806759841915e-06,22683.474250000003,1.0,21855.203367187496,6.756605532055237e-06,503.38097498899106,1856.0,1.0,,177,,,,,,,,
2.956808498999635,0.005011641858725824,0.05187988292891532,0.23045410308986902,0.0,0.011545,4.0,0.5549999999999999,0.006556682201335207,0.10397669626399875,-0.0037680876557715237,5.80282679152333e-06,3.7906845733459704e-06,22986.73825,1.0,21971.6806796875,6.756605532055237e-06,512.3823979232737,1856.0,1.0,,178,,,,,,,,
2.923271670999384,0.005141031412623676,0.04968261730391532,0.23718332313001156,0.0,0.0114975,4.0,0.5525,0.010468748994753696,0.10061814170330763,-0.00023539540416095406,5.704238247972171e-06,2.5292975891488823e-06,22788.67425,1.0,21973.495265625003,6.756605532055237e-06,456.4272234838237,1856.0,1.0,,179,,,,,,,,
3.156215580999742,0.006395537470147872,0.05603027390316129,0.24300222657620907,0.0,0.01145,4.0,0.55,0.01312216283986345,0.11072737025097013,0.002238261455204338,5.140478208431887e-06,2.208667282843635e-06,22923.354250000004,1.0,21961.2935078125,6.756605532055237e-06,473.5943074783529,1856.0,1.0,0.41396453976631165,180,23080.5885,23126.83425,22981.11425,70000042,22619.979874999997,best_of_k,23126.83425,317.0170277365946
3.0280213409996577,0.00715094756505863,0.04968261776957661,0.2527840659022331,0.0,0.011402500000000001,4.0,0.5475,0.015354604671301786,0.10838831914588809,0.003949002246372402,6.10976593407031e-06,3.3722669456892618e-06,22649.13825,1.0,21827.3205546875,6.756605532055237e-06,508.67291521889393,1856.0,1.0,,181,,,,,,,,
2.9247319429996423,0.004539343637418369,0.047338867327198386,0.2511515812948346,0.0,0.011355,4.0,0.5449999999999999,0.009090600680792704,0.10564501443877816,-0.0022698264801874757,6.877921094883277e-06,3.5170909171711173e-06,22955.92225,1.0,21848.32749609375,6.756605532055237e-06,510.90014747888307,1856.0,1.0,,182,,,,,,,,
2.9138072400000965,0.004565182746862462,0.043212890857830644,0.23687458131462336,0.0,0.0113075,4.0,0.5425,0.011609262379352003,0.10477607371285558,0.0009481559973210096,5.699740626141647e-06,3.125036442952478e-06,22801.98625,1.0,21882.36088671875,6.756605532055237e-06,495.460657368448,1856.0,1.0,,183,,,,,,,,
2.9461602429992126,0.007199877754207051,0.05166015634313226,0.22764870524406433,0.0,0.011260000000000001,4.0,0.54,0.008411379647441208,0.09548885095864534,-0.0018983311019837856,6.355643819233592e-06,3.6860720342701825e-06,23034.53025,1.0,21971.23521484375,6.756605532055237e-06,504.2977148215716,1856.0,1.0,,184,,,,,,,,
2.9538341519992173,0.008401571941607955,0.058691406855359674,0.22128899674862623,0.0,0.0112125,4.0,0.5375,0.009328950836788863,0.0982269998639822,-0.0006361285923048854,5.440246667376414e-06,2.91196757018497e-06,22992.258250000003,1.0,21982.4018203125,6.756605532055237e-06,475.29363469971196,1856.0,1.0,,185,,,,,,,,
2.685071068999605,0.012637086247560584,0.06051432310293118,0.2152163734038671,1.0,0.011165,3.0,0.5349999999999999,0.0086036752036307,0.09145606184999149,-0.0011390875248859327,6.563907656224425e-06,4.7862421297395485e-06,22747.78625,1.0,21965.62888671875,6.756605532055237e-06,538.8122748960461,1856.0,1.0,,186,,,,,,,,
2.944026292999297,0.012711128461294408,0.09802246140316129,0.21939824987202883,1.0,0.0111175,4.0,0.5325,0.01097368269256549,0.09922754112631083,0.001105703820940107,3.7839910049797254e-06,1.6989643754072858e-06,22993.59425,1.0,22083.96156640625,6.756605532055237e-06,394.78212879283655,1856.0,1.0,,187,,,,,,,,
2.8776830010001504,0.007522670994109859,0.06140136765316129,0.22285044007003307,0.0,0.011070000000000002,4.0,0.53,0.010431421054818202,0.0985615598037839,0.00037771539064124227,5.9694104947993765e-06,3.3256792164593207e-06,23008.839249999997,1.0,21977.3999609375,6.756605532055237e-06,531.5027979854733,1856.0,1.0,,188,,,,,,,,
2.931299771999875,0.01024354206041167,0.06791992206126451,0.22842058632522821,0.0,0.011022500000000001,4.0,0.5275000000000001,0.010723774088546634,0.10837251180782914,0.0004949001158820465,6.036540526110912e-06,3.5536577343009412e-06,23012.65025,1.0,21924.419507812498,6.756605532055237e-06,437.4106268261411,1856.0,1.0,,189,,,,,,,,
3.1557509439999194,0.0054447393232592844,0.05222167994361371,0.22386825270950794,0.0,0.010975,4.0,0.525,0.00636487939482322,0.10639382293447852,-0.003662981034722179,6.154494670340682e-06,3.0096570782234267e-06,22905.98625,1.0,22012.641496093747,6.756605532055237e-06,508.95050597562243,1856.0,1.0,0.4218504726886749,190,,,,,,,,
2.949182972000017,0.006066170144755745,0.04304199219041038,0.22237538173794746,0.0,0.010927500000000001,4.0,0.5225,0.008541356161003932,0.1047112294472754,-0.0014343856164487079,4.191769889416719e-06,1.5710195100382407e-06,23029.607249999997,1.0,22067.4874296875,6.756605532055237e-06,440.3129885919342,1856.0,1.0,,191,,,,,,,,
2.89041614999951,0.0037641873566798267,0.02863769547548145,0.23248870950192213,0.0,0.01088,4.0,0.52,0.006991002592258155,0.10434012208133936,-0.0034997236216440797,5.065363353651264e-06,2.0088691172759354e-06,23012.01025,1.0,22044.6271171875,6.756605532055237e-06,516.9725249537473,1856.0,1.0,,192,,,,,,,,
2.901273685000888,0.00805828278412335,0.05593261786270887,0.21988436579704285,0.0,0.0108325,4.0,0.5175000000000001,0.011491641984321177,0.10157411871477962,0.0015964017948135734,4.562251220363578e-06,1.7344299081401005e-06,23008.69825,1.0,22109.2831484375,6.756605532055237e-06,413.92503459198497,1856.0,1.0,,193,,,,,,,,
2.953098425999997,0.005455382125088448,0.044067382768844254,0.21859417390078306,0.0,0.010785000000000001,4.0,0.515,0.007180462416727096,0.10195786273106933,-0.002651434449944645,6.541354196087923e-06,2.296274729474135e-06,23071.27425,1.0,22071.94415625,6.756605532055237e-06,494.0829717720205,1856.0,1.0,,194,,,,,,,,
2.9050994859999264,0.010749247202788581,0.06342773488722742,0.22229578997939825,0.0,0.0107375,4.0,0.5125,0.008062354638241231,0.10266731539741158,-0.0019522090442478657,6.291028114446817e-06,3.0690308392422594e-06,23109.89825,1.0,21963.74471875,6.756605532055237e-06,531.2781904314762,1856.0,1.0,,195,,,,,,,,
2.948773170000095,0.006147185685112078,0.05629882821813226,0.1974884895607829,0.0,0.010690000000000002,4.0,0.51,0.005599098949460313,0.10107569675892591,-0.0031967583345249295,4.841109500830498e-06,2.894556317301067e-06,23056.46625,1.0,22038.6083203125,6.756605532055237e-06,491.0887581009271,1856.0,1.0,,196,,,,,,,,
2.9103546769993045,0.0055043754327464,0.04091796895954758,0.210836467333138,0.0,0.010642500000000001,4.0,0.5075000000000001,0.012963864079210907,0.09975343011319637,0.0034817661507986486,4.756444653253311e-06,2.8475050015686065e-06,23024.84725,1.0,22093.7166953125,6.756605532055237e-06,414.91993819353394,1856.0,1.0,,197,,,,,,,,
2.934009827999944,0.004987748754629706,0.03571777360048145,0.2082041446119547,0.0,0.010595,4.0,0.505,0.011190915975021198,0.09614258911460638,0.0017910922761075199,1.3477148570473219e-05,1.3799296155525553e-05,22948.63925,1.0,22083.860414062503,6.756605532055237e-06,453.06985895019477,1856.0,1.0,,198,,,,,,,,
2.9014059480005017,0.0025092011897491773,0.023657226702198386,0.20971626415848732,0.0,0.010547500000000001,4.0,0.5025,0.011504654015880078,0.09846438094973564,0.0020549100590869784,5.832008369566211e-06,3.800902305783893e-06,23094.404249999996,1.0,22055.37717578125,6.756605532055237e-06,515.2012558127365,1856.0,1.0,,199,,,,,,,,
3.172488314000475,0.015457367293258528,0.06721191434189677,0.19822989590466022,1.0,0.0105,4.0,0.5,0.004054848017403856,0.0909807039424777,-0.004903140419628471,5.259280470681915e-06,2.529820889662915e-06,23110.31425,1.0,22066.2686484375,6.756605532055237e-06,516.9975532861079,1856.0,1.0,0.3448665142059326,200,23110.31425,23110.31425,23110.378249999998,70000042,22667.806033333338,best_of_k,23110.31425,270.5821200670629
2.9698270829994726,0.004196444198614202,0.03933105489704758,0.20674144849181175,0.0,0.010452500000000002,4.0,0.49750000000000005,0.0057307749666506425,0.09202952031046152,-0.003645783057436347,4.2967833735474414e-06,1.9891765745683188e-06,23020.49825,1.0,22039.79227734375,6.756605532055237e-06,378.43544142491606,1856.0,1.0,,201,,,,,,,,
2.897538849000739,0.00829231051723589,0.050048828357830644,0.2052913922816515,0.0,0.010405000000000001,4.0,0.495,0.01046413357835263,0.09321468137204647,0.0011680341995088384,4.921710072380847e-06,1.8709630964508506e-06,23112.21825,1.0,22071.13942578125,6.756605532055237e-06,435.4849959972315,1856.0,1.0,,202,,,,,,,,
2.9218874990001495,0.002787383575833857,0.027026367315556854,0.204695712774992,0.0,0.010357500000000002,4.0,0.49250000000000005,0.012738957637338899,0.08950229128822684,0.0034296466037631035,4.474263363363207e-06,2.1968998780153015e-06,22864.44225,1.0,22055.7988125,6.756605532055237e-06,400.40476413255243,1856.0,1.0,,203,,,,,,,,
2.9396751230005975,0.008315068693036665,0.05261230515316129,0.1966433934867382,0.0,0.01031,4.0,0.49,0.0059522086012293585,0.08906304137781262,-0.0029634067323058844,4.545334306271798e-06,2.4603333201866917e-06,22739.24225,1.0,22013.53138671875,6.756605532055237e-06,371.9892305635886,1856.0,1.0,,204,,,,,,,,
2.9199345890001496,0.006590312701376888,0.047558594262227416,0.19365950394421816,0.0,0.0102625,4.0,0.48750000000000004,0.012661535656661727,0.08639737451449037,0.003863960300805047,3.1516572676082433e-06,1.8757729378648946e-06,23056.970250000002,1.0,22123.868093750003,6.756605532055237e-06,385.15356586199766,1856.0,1.0,,205,,,,,,,,
2.9132785229994624,0.004620438363623691,0.040136718889698386,0.19449469726532698,0.0,0.010215,4.0,0.485,0.008590537716372637,0.08714984636753798,-0.00024517657584510744,3.73490135530119e-06,1.6808862923767265e-06,23113.585499999997,1.0,22126.675925781252,6.756605532055237e-06,457.994295732234,1856.0,1.0,,206,,,,,,,,
2.932458313999632,0.0036973158591049327,0.03554687520954758,0.20562823954969645,0.0,0.010167500000000001,4.0,0.48250000000000004,0.008522247488144785,0.08523991843685508,-0.0008940250900195679,3.834795521129308e-06,2.3078481348193236e-06,23100.73025,1.0,22079.083625,6.756605532055237e-06,403.23457169801884,1856.0,1.0,,207,,,,,,,,
2.8907818439993207,0.006354813704344764,0.04975585965439677,0.19859960954636335,0.0,0.01012,4.0,0.48,0.010364445282903034,0.0847607315517962,0.0012912151287309825,3.0153098435903303e-06,1.4540154396058824e-06,23111.738250000002,1.0,22145.979960937504,6.756605532055237e-06,352.7883396775551,1856.0,1.0,,208,,,,,,,,
2.9166438709999056,0.00330513367849683,0.0313232422049623,0.1858883099630475,0.0,0.010072500000000002,4.0,0.47750000000000004,0.0073116584098897874,0.08334005856886506,-0.0011452851176727563,4.627440773674607e-06,3.0171365921205506e-06,23107.46625,1.0,22125.59753125,6.756605532055237e-06,411.8484261893631,1856.0,1.0,,209,,,,,,,,
3.1817784779996146,0.006992554488228109,0.06806640687864274,0.18670517392456532,0.0,0.010025000000000001,4.0,0.475,0.006872518104501069,0.08552201418206096,-0.0016068386321421713,3.815945078144978e-06,2.1491269635021126e-06,23110.31425,1.0,22125.268812500002,6.756605532055237e-06,396.9643913441881,1856.0,1.0,0.3012098968029022,210,,,,,,,,
2.9508616949997304,0.013138579706888365,0.05715332052204758,0.20337502844631672,1.0,0.009977500000000002,4.0,0.47250000000000003,0.012452346956706606,0.09102489752694964,0.003190293558873236,3.952289077346904e-06,2.212350551644704e-06,23009.79425,1.0,22132.89460546875,6.756605532055237e-06,416.0343076846808,1856.0,1.0,,211,,,,,,,,
2.898210108999592,0.005123904043138339,0.044897461077198386,0.19102786388248205,0.0,0.00993,4.0,0.47,0.011627774572843919,0.08793390681967139,0.0029482831596396863,3.755629450097331e-06,1.8112992705709985e-06,23072.87425,1.0,22092.371890625,6.756605532055237e-06,395.6781140441323,1856.0,1.0,,212,,,,,,,,
2.9526081419999173,0.006240595156141282,0.05290527385659516,0.2009025476872921,0.0,0.0098825,4.0,0.4675,0.008941814943682402,0.09522454021498561,-0.0001633668434806168,3.1965067961436944e-06,1.582292533441887e-06,23066.61825,1.0,22120.027671875003,6.756605532055237e-06,384.44705211990004,1856.0,1.0,,213,,,,,,,,
2.924392247000469,0.011221677515781181,0.05769042973406613,0.19297431502491236,0.0,0.009835,4.0,0.46499999999999997,0.009376910631544888,0.09368715109303594,0.0006481271120719612,3.7625873829938428e-06,2.207585382052457e-06,23051.634250000003,1.0,22073.7733515625,6.756605532055237e-06,398.45866218412186,1856.0,1.0,,214,,,,,,,,
2.9180495230002634,0.003805154472829031,0.030981445452198386,0.18404632434248924,0.0,0.009787500000000001,4.0,0.4625,0.011547266149136703,0.09157593362033367,0.0032399132032878697,3.733351817913899e-06,1.9238172939139986e-06,23110.31425,1.0,22114.52720703125,6.756605532055237e-06,395.9656904449942,1856.0,1.0,,215,,,,,,,,
2.892460222000409,0.005493950259779723,0.04301757854409516,0.18603233434259892,0.0,0.00974,4.0,0.45999999999999996,0.008208164741517976,0.08793193008750677,-0.00023833877639845014,3.5268413256517306e-06,1.9821074204173783e-06,22821.21025,1.0,22117.22217578125,6.756605532055237e-06,410.01198000902536,1856.0,1.0,,216,,,,,,,,
2.9342861120003363,0.0037964953495759346,0.041235351702198386,0.19042476546019316,0.0,0.009692500000000001,4.0,0.4575,0.010473706643097103,0.08858307311311364,0.0018095807317877188,3.5624943137690934e-06,2.245674835421596e-06,22783.154250000003,1.0,22102.75270703125,6.756605532055237e-06,343.30519356169805,1856.0,1.0,,217,,,,,,,,
2.886793957000009,0.006381836858034617,0.06489257840439677,0.1875169277191162,0.0,0.009644999999999999,4.0,0.45499999999999996,0.010359307823819108,0.09135811077430844,0.0018629658661666326,3.168757530147559e-06,2.6551645788686074e-06,23112.65825,1.0,22169.91854296875,6.756605532055237e-06,325.35810096557447,1856.0,1.0,,218,,,,,,,,
2.903512085999864,0.0067304241228320905,0.04440918006002903,0.1879489654675126,0.0,0.0095975,4.0,0.4525,0.009729906683787704,0.09360645059496164,0.001227063243277371,5.451910908504942e-06,6.476148428191664e-06,23116.33825,1.0,22087.4524140625,6.756605532055237e-06,467.7625022170377,1856.0,1.0,,219,,,,,,,,
3.1523116710004615,0.006525958375458885,0.054003906436264515,0.18671238236129284,0.0,0.00955,4.0,0.44999999999999996,0.009814531193114817,0.09398240223526955,0.001371094971545972,6.172475224275331e-06,9.46371615384578e-06,22829.170250000003,1.0,22074.369023437503,6.756605532055237e-06,458.3657104794958,1856.0,1.0,0.31125250458717346,220,23116.33825,23126.93825,22339.010250000003,70000042,22607.864174999995,best_of_k,23126.93825,414.48927623320395
2.9186543610003355,0.009913977980483324,0.06657714891480282,0.20142425410449505,1.0,0.0095025,4.0,0.4475,0.00810891078072018,0.09899416891857982,-0.0010280783171765506,5.978382830562623e-06,1.1741112501795214e-05,22778.370250000004,1.0,22029.9628046875,6.756605532055237e-06,460.17388122120406,1856.0,1.0,,221,,,,,,,,
2.461030173999461,0.014304545535964053,0.060009765438735485,0.18249709531664848,1.0,0.009455,2.0,0.44499999999999995,-0.001058405003277585,0.09305740892887115,-0.009306754101999104,6.583956349004438e-06,5.384175011613479e-06,22736.96225,1.0,21946.29528125,6.756605532055237e-06,429.1738130710634,1856.0,1.0,,222,,,,,,,,
2.4975361329998123,0.0167334162799051,0.04663086007349193,0.1851133368909359,1.0,0.009407500000000001,2.0,0.4425,0.012266392150195315,0.09458304569125175,0.0038975003408268094,4.842902285417949e-06,5.061858075805503e-06,23062.938250000003,1.0,22077.294414062504,6.756605532055237e-06,413.2544693176453,1856.0,1.0,,223,,,,,,,,
2.930252250000194,0.005655020760112706,0.045141601702198386,0.17791325133293867,0.0,0.00936,4.0,0.43999999999999995,0.0044528478174470365,0.09802429238334298,-0.003527553337335121,5.3943886086926796e-06,3.4127116492754794e-06,23098.95425,1.0,22108.437453125,6.756605532055237e-06,397.37123559178247,1856.0,1.0,,224,,,,,,,,
2.9479336800004603,0.004553830832913164,0.046582031762227416,0.18302987609058619,0.0,0.009312500000000001,4.0,0.4375,0.0076596812323259655,0.09536168770864606,-0.0006049885414540768,4.892137553724751e-06,1.4855631960131177e-06,23098.986249999998,1.0,22168.02214453125,6.756605532055237e-06,427.5062593014009,1856.0,1.0,,225,,,,,,,,
2.8827320230002442,0.008481695852736948,0.055932617746293545,0.180106395855546,0.0,0.009265000000000002,4.0,0.43500000000000005,0.0072296258877031505,0.09704785607755184,-0.0008778991759754717,3.6535693226369403e-06,1.977424979315856e-06,23072.87425,1.0,22168.2066796875,6.756605532055237e-06,384.708785477665,1856.0,1.0,,226,,,,,,,,
2.91037241200047,0.009844941787441996,0.07019043003674597,0.17946640867739916,0.0,0.0092175,4.0,0.4325,0.004983009537681937,0.09893401619046926,-0.0030799196465522982,4.067851307354431e-06,2.2530118357622086e-06,22965.08075,1.0,22098.420515625,6.756605532055237e-06,403.87202323841325,1856.0,1.0,,227,,,,,,,,
2.9145616010000595,0.005464025532226913,0.057861328357830644,0.1746461344882846,0.0,0.009170000000000001,4.0,0.43000000000000005,0.008047452123719268,0.10099698416888714,0.000239035754930228,5.3982588497092365e-06,3.424582899924644e-06,22894.43025,1.0,22027.1792421875,6.756605532055237e-06,465.0462454735618,1856.0,1.0,,228,,,,,,,,
2.8975935580001533,0.004141921126409542,0.03723144542891532,0.17182617355138063,0.0,0.0091225,4.0,0.4275,0.011216625149245374,0.0951388836838305,0.0034916909062303603,4.187987968862217e-06,2.22410272954221e-06,23072.87425,1.0,22107.091859375003,6.756605532055237e-06,488.22984534957396,1856.0,1.0,,229,,,,,,,,
3.1514225139999326,0.0025862124316429203,0.028857421944849193,0.17876031156629324,0.0,0.009075000000000001,4.0,0.42500000000000004,0.010647569317370653,0.10075689479708672,0.002620127721456811,7.3196519281282235e-06,6.1252505787479095e-06,23071.02625,1.0,22116.06600390625,6.756605532055237e-06,412.79582728872333,1856.0,1.0,0.28473663330078125,230,,,,,,,,
2.968213811000169,0.0037242618945718675,0.04582519573159516,0.16378232091665268,0.0,0.0090275,4.0,0.4225,0.006518137262901291,0.09195188991725445,-0.0008425996056757867,4.541385081324734e-06,2.525979219569763e-06,23186.22625,1.0,22160.89798046875,6.756605532055237e-06,428.6057178981074,1856.0,1.0,,231,,,,,,,,
2.9462710249999873,0.005984748108756932,0.0448486334644258,0.1764912512153387,0.0,0.008980000000000002,4.0,0.42000000000000004,0.009819293089094572,0.08770836144685745,0.0017789114790502936,9.889487046166323e-06,4.902255099636932e-06,23117.25825,1.0,22091.5837265625,6.756605532055237e-06,514.6895189384578,1856.0,1.0,,232,,,,,,,,
2.9233928060002654,0.005666492663650047,0.04833984386641532,0.16435895301401615,0.0,0.008932500000000001,4.0,0.4175,0.011388165825337637,0.09159438498318195,0.003983933391282335,1.3030801397917458e-05,6.297244610209418e-06,23121.05825,1.0,22198.0712890625,6.756605532055237e-06,396.4892244925205,1856.0,1.0,,233,,,,,,,,
3.101305913000033,0.003935079478736725,0.04042968759313226,0.17194520495831966,0.0,0.008885,4.0,0.41500000000000004,0.0008120829297695309,0.08852315321564674,-0.007002176251262426,1.0080403569645568e-05,5.037621619408128e-06,23086.965750000003,1.0,22172.53169140625,6.756605532055237e-06,439.91926261953387,1856.0,1.0,,234,,,,,,,,
2.9114062159997047,0.003758605814480731,0.036376953125,0.18731857743114233,0.0,0.0088375,4.0,0.4125,0.011619716809946112,0.09406322333961725,0.003077064495300874,1.976154803173813e-05,1.2062027863635194e-05,23123.194249999997,1.0,22056.0543828125,6.756605532055237e-06,536.3276239704816,1856.0,1.0,,235,,,,,,,,
2.9303571279997414,0.006954038449526578,0.04155273479409516,0.1915664840489626,0.0,0.008790000000000001,4.0,0.41000000000000003,0.010430852129502455,0.08540282305330038,0.0015987504157237709,1.5866764101701847e-05,5.763026678096139e-06,23105.77825,1.0,22054.788824218747,6.756605532055237e-06,541.0181350759566,1856.0,1.0,,236,,,,,,,,
2.9411506660007944,0.00444733093500993,0.041235351585783064,0.18250447139143944,0.0,0.0087425,4.0,0.4075,0.010666647518519312,0.08329082885757089,0.002265396644361317,1.2652461180095997e-05,5.863714790166341e-06,23126.93825,1.0,22065.49375390625,6.756605532055237e-06,554.2696024301348,1856.0,1.0,,237,,,,,,,,
2.922436875999665,0.006785031682763787,0.053613281226716936,0.18469296768307686,0.0,0.008695000000000001,4.0,0.405,0.007494817014958244,0.08680153219029307,-0.000987158709904179,7.014121223392067e-06,2.7305012793021888e-06,23132.578250000002,1.0,22043.960234375,6.756605532055237e-06,513.1418542225751,1856.0,1.0,,238,,,,,,,,
2.917988845000764,0.008705340987829047,0.05656738276593387,0.18481006659567356,0.0,0.0086475,4.0,0.40249999999999997,0.0011724309224518947,0.08030417282134295,-0.0073759693768806756,1.0398147679779868e-05,2.576149839228492e-06,23186.22625,1.0,22108.61831640625,6.756605532055237e-06,422.61271136067774,1856.0,1.0,,239,,,,,,,,
3.1681575759994303,0.004996612764342601,0.041137695545330644,0.17430845834314823,0.0,0.008600000000000002,4.0,0.4,0.009034051050548442,0.08099746610969305,0.0010132986935786903,9.10887941074634e-06,1.9952439487269658e-06,23138.78625,1.0,22158.0251796875,6.756605532055237e-06,461.75330872206666,1856.0,1.0,0.2007492482662201,240,23186.22625,23186.22625,23134.00225,70000042,22935.683275000003,best_of_k,23186.22625,223.2799971655759
2.955360895999547,0.005386978261862296,0.03796386730391532,0.1705355839803815,0.0,0.0085525,4.0,0.39749999999999996,0.00766790182387922,0.08074838249012828,-0.00016978636995190755,7.177405649372304e-06,1.583584065656396e-06,23191.74625,1.0,22157.7411328125,6.756605532055237e-06,457.7608541497431,1856.0,1.0,,241,,,,,,,,
2.884660048999649,0.007346422180253498,0.05041503952816129,0.19094652216881514,0.0,0.008505,4.0,0.395,0.008375295728910714,0.08464570669457316,-0.00045421031427395064,8.350376788257563e-06,2.5143946231764858e-06,23133.378249999998,1.0,22019.694609375,6.756605532055237e-06,541.5049044742113,1856.0,1.0,,242,,,,,,,,
2.9279756710002403,0.005002462574454469,0.03818359400611371,0.17941412050276995,0.0,0.0084575,4.0,0.39249999999999996,0.008829105296172202,0.0821534963324666,0.0005519507394637913,4.291963733749071e-06,1.665190147548401e-06,23126.93825,1.0,22089.459304687498,6.756605532055237e-06,519.841342246745,1856.0,1.0,,243,,,,,,,,
2.934348441000111,0.005554805389722972,0.03713378915563226,0.16795063577592373,0.0,0.00841,4.0,0.39,0.008045363880228251,0.08536313287913799,0.00036373164039105177,9.817239742915262e-06,2.045127253325063e-06,23034.298250000003,1.0,22096.00939453125,6.756605532055237e-06,447.44734436613663,1856.0,1.0,,244,,,,,,,,
2.917769622000378,0.008516207517635266,0.039575195289216936,0.16447387915104628,0.0,0.0083625,4.0,0.38749999999999996,0.007816516619641334,0.08470696024596691,0.00029893405735492706,7.484533995238962e-06,3.003835701065327e-06,23133.378249999998,1.0,22082.751734375,6.756605532055237e-06,396.89308831001296,1856.0,1.0,,245,,,,,,,,
2.9039536829995996,0.006423267571443958,0.04614257859066129,0.1551085850223899,0.0,0.008315000000000001,4.0,0.385,0.009252527452190407,0.08029926661401987,0.002162677265005186,1.078530578979553e-05,2.0601021617494553e-06,23036.026250000003,1.0,22116.175894531254,6.756605532055237e-06,448.4217838677779,1856.0,1.0,,246,,,,,,,,
2.946823943999334,0.004559596514194908,0.03808593761641532,0.16020153276622295,0.0,0.0082675,4.0,0.38249999999999995,0.003468413258815417,0.08184000104665756,-0.003866593586280942,7.56511964539186e-06,1.571069745409659e-06,23051.77825,1.0,22100.135640625,6.756605532055237e-06,400.6858153000843,1856.0,1.0,,247,,,,,,,,
2.9386766329998864,0.012604561730023889,0.05644531245343387,0.16847754921764135,0.0,0.008220000000000002,4.0,0.38,0.004172698441834655,0.08018445689231157,-0.0035943237598985434,1.3768529868229962e-05,1.766794532898075e-06,22974.97375,1.0,22120.00570703125,6.756605532055237e-06,384.7905622525558,1856.0,1.0,,248,,,,,,,,
2.888135311000042,0.0031929489226278918,0.039794922107830644,0.16588502004742622,0.0,0.0081725,4.0,0.37749999999999995,0.007230489558423869,0.08378706965595484,-0.00038122566184028983,8.285326771328982e-06,2.7722792168560773e-06,22692.757750000004,1.0,22061.4983828125,6.756605532055237e-06,352.22972971806877,1856.0,1.0,,249,,,,,,,,
3.2077283879998504,0.006096359556973852,0.03806152369361371,0.1645415984094143,0.0,0.008125,4.0,0.375,0.006973963449127041,0.08365378715097904,-0.0005753184959758073,1.1485163781799201e-05,1.4807280166451164e-06,23086.562250000003,1.0,22095.18831640625,6.756605532055237e-06,358.9862063763766,1856.0,1.0,0.2885293662548065,250,,,,,,,,
2.9530415440003708,0.0055488171509825435,0.05100097740069032,0.15773645881563425,0.0,0.008077500000000001,4.0,0.37250000000000005,0.011859585905767744,0.08680567191913724,0.004672901413869113,5.182747216281314e-06,1.031252352845513e-06,23085.01825,1.0,22117.23369140625,6.756605532055237e-06,408.64815031694195,1856.0,1.0,,251,,,,,,,,
2.9034758859997964,0.010663345867216734,0.06845703173894435,0.15169320348650217,0.0,0.00803,4.0,0.37,0.009924175923515577,0.0822546468116343,0.0029990075854584575,4.270323714195001e-06,1.1722096431299178e-06,22990.906250000004,1.0,22147.171078125,6.756605532055237e-06,365.55217202951474,1856.0,1.0,,252,,,,,,,,
2.9399487370001225,0.004987943807062578,0.03613281261641532,0.16443791147321463,0.0,0.007982500000000002,4.0,0.36750000000000005,0.0037052849584142677,0.08441132586449385,-0.00384422062052181,3.952467480416999e-06,2.0576697323804183e-06,22749.882250000002,1.0,22102.7758359375,6.756605532055237e-06,351.75552314509395,1856.0,1.0,,253,,,,,,,,
2.988371702999757,0.010139930446895207,0.04353027360048145,0.15789978858083487,0.0,0.007935000000000001,4.0,0.365,0.014383932866621763,0.0859247692860663,0.00716914696386084,3.7901532152773143e-06,2.461250055318942e-06,22815.65825,1.0,22082.2746875,6.756605532055237e-06,389.72042924758716,1856.0,1.0,,254,,,,,,,,
2.91093928600003,0.004383351464747776,0.03725585952633992,0.15451162960380316,0.0,0.007887500000000002,4.0,0.36250000000000004,0.01015233427460771,0.0858547119423747,0.0031023314222693443,3.5459424339023826e-06,2.4912857057302062e-06,22889.43425,1.0,22098.52671875,6.756605532055237e-06,413.7299459366709,1856.0,1.0,,255,,,,,,,,
2.901110470000276,0.005184048030370647,0.053369140485301614,0.1607849206775427,0.0,0.00784,4.0,0.36,0.005683985145878978,0.07872569467872381,-0.0017393901071045548,3.1657645109817167e-06,2.046451925252768e-06,22943.47275,1.0,22123.352683593752,6.756605532055237e-06,381.7788379403733,1856.0,1.0,,256,,,,,,,,
2.8851864139996906,0.00452380315411105,0.04250488290563226,0.158615049906075,0.0,0.007792500000000001,4.0,0.35750000000000004,0.00730987532006111,0.07871789205819368,-9.994953870773315e-06,3.3270026875698022e-06,4.387938282945925e-06,23182.18625,1.0,22152.59191015625,6.756605532055237e-06,407.4952019527904,1856.0,1.0,,257,,,,,,,,
2.877280785000039,0.004197150242124081,0.04953613306861371,0.16250599268823862,0.0,0.007745,4.0,0.355,0.006752966975909658,0.08310160413384438,-0.0007298770360648632,2.7177407844192203e-06,1.7896420487772957e-06,23129.81825,1.0,22144.622195312502,6.756605532055237e-06,426.5485874361956,1856.0,1.0,,258,,,,,,,,
2.907312248999915,0.004417697166422485,0.041748047253349796,0.15062966477125883,0.0,0.007697500000000001,4.0,0.35250000000000004,0.0019837849140458275,0.07977097202092409,-0.004934558062814176,2.5962780370036853e-06,1.2724521951668066e-06,23136.13825,1.0,22141.50569140625,6.756605532055237e-06,432.4618285904301,1856.0,1.0,,259,,,,,,,,
3.1591067979998115,0.005661089607233549,0.04655761714093387,0.17123510874807835,0.0,0.0076500000000000005,4.0,0.35,0.010687200090615079,0.07997542154043913,0.0027362078544683754,3.3594964463645738e-06,1.4255422229325632e-06,23054.66625,1.0,22139.6544296875,6.756605532055237e-06,482.555844862869,1856.0,1.0,0.313630610704422,260,23191.74625,23131.538249999998,22353.434250000002,70000042,22694.56244166667,best_of_k,23131.538249999998,321.19462785221583
2.9249796880003487,0.004248893497635464,0.036865234724245965,0.15102857910096645,0.0,0.007602500000000002,4.0,0.34750000000000003,0.0068711793719558045,0.08053757017478347,-6.878114072605968e-05,2.396549220406996e-06,1.1585196659780195e-06,23066.19425,1.0,22187.20990625,6.756605532055237e-06,362.44277994135336,1856.0,1.0,,261,,,,,,,,
2.8810845479993077,0.004218600017885876,0.04274902364704758,0.17852793354541063,0.0,0.007555000000000001,4.0,0.345,0.007481569555238821,0.07703481474891305,-0.0008644680492579937,3.998098705437769e-06,2.4780502769772284e-06,22819.786249999997,1.0,22141.284789062498,6.756605532055237e-06,345.16156821066113,1856.0,1.0,,262,,,,,,,,
2.905882899000062,0.004394516741102805,0.02895507833454758,0.16668855212628841,0.0,0.007507500000000002,4.0,0.3425,0.010648393425071845,0.07567084697075188,0.0028806658228859305,3.3060747028912374e-06,2.1368681615285823e-06,22826.41025,1.0,22125.199296875,6.756605532055237e-06,376.7563963970432,1856.0,1.0,,263,,,,,,,,
2.8993899619999866,0.0027511748297612826,0.03486328132566996,0.17826084047555923,0.0,0.00746,4.0,0.33999999999999997,0.006327587878331542,0.07360113365575671,-0.0020375371095724404,2.7720083011217866e-06,1.7396010463244238e-06,22733.95425,1.0,22154.31960546875,6.756605532055237e-06,327.7051649943596,1856.0,1.0,,264,,,,,,,,
2.90321042100004,0.006427080157836329,0.06247558631002903,0.15997566282749176,0.0,0.007412500000000001,4.0,0.3375,0.006410632355255075,0.07411872036755085,-0.0010400940373074263,3.0930361134551276e-06,2.0773488387249017e-06,22829.170250000003,1.0,22132.01974609375,6.756605532055237e-06,357.27038882613203,1856.0,1.0,,265,,,,,,,,
2.8918087539996122,0.004849766146410417,0.04213867231737822,0.16289417166262865,0.0,0.007365,4.0,0.33499999999999996,0.003923514421330765,0.07495591789484024,-0.0036706609243992716,3.82106200902399e-06,2.2710602181064132e-06,23131.24225,1.0,22184.9977109375,6.756605532055237e-06,393.13284387800275,1856.0,1.0,,266,,,,,,,,
2.958642591000171,0.0075211020087255775,0.04738769546383992,0.15527615137398243,0.0,0.007317500000000001,4.0,0.3325,0.007656521105673164,0.07413938222452998,0.00043409503996372223,3.900251712707359e-06,1.4868646758259274e-06,23134.00225,1.0,22200.827929687504,6.756605532055237e-06,409.4991248246466,1856.0,1.0,,267,,,,,,,,
2.8859296070004348,0.004888875334662757,0.047924805083312094,0.15201289765536785,0.0,0.00727,4.0,0.32999999999999996,0.010762627993244678,0.07230310654267669,0.0036866978043690324,3.440195754933484e-06,1.1704354250241522e-06,23139.842249999998,1.0,22225.376894531248,6.756605532055237e-06,422.1840100390212,1856.0,1.0,,268,,,,,,,,
2.9426226400000814,0.0024519845568597987,0.02749023452633992,0.15902435034513474,0.0,0.0072225000000000015,4.0,0.3275,0.013159330308553763,0.0745711992494762,0.005744525056798011,8.405213421269764e-06,2.6764049465555217e-06,23085.01825,1.0,22183.3092109375,6.756605532055237e-06,417.60747719404355,1856.0,1.0,,269,,,,,,,,
3.1961704649993408,0.00221249162305881,0.02785644552204758,0.1570815835148096,0.0,0.007174999999999999,4.0,0.32499999999999996,0.0015326903012464754,0.07732666656374931,-0.005768538190750405,1.2456868461185877e-05,1.445470424243922e-06,23132.682249999998,1.0,22217.585484375,6.756605532055237e-06,407.6172915303288,1856.0,1.0,0.26850461959838867,270,,,,,,,,
2.9032600630007437,0.006991463153415367,0.029858398367650807,0.16860835812985897,0.0,0.0071275,4.0,0.3225,0.00740723279886879,0.071163569111377,-0.0005175137412152253,7.508094547858946e-06,1.5915344491190808e-06,23134.00225,1.0,22192.317078125,6.756605532055237e-06,424.0072614218289,1856.0,1.0,,271,,,,,,,,
2.935553859999345,0.004281764324247206,0.04030761728063226,0.16377437580376863,0.0,0.0070799999999999995,4.0,0.31999999999999995,0.0070120193413458765,0.06975772208534181,-0.0006917327846167609,5.418095133791212e-05,7.000207475016396e-06,23133.378249999998,1.0,22186.088624999997,6.756605532055237e-06,447.2205092954968,1856.0,1.0,,272,,,,,,,,
2.9084211139997933,0.004376684090463101,0.03828125027939677,0.15984010975807905,0.0,0.0070325000000000006,4.0,0.3175,0.005083383337478153,0.0707846712321043,-0.002444058714900166,0.0002970291864414776,7.055423807855732e-06,23131.24225,1.0,22152.8216953125,6.756605532055237e-06,431.34540135846004,1856.0,1.0,,273,,,,,,,,
2.9625117400000818,0.0023699798691065865,0.02075195315410383,0.15374483540654182,0.0,0.006985,4.0,0.31499999999999995,0.007104899967089295,0.07293811487033963,-9.393968139193021e-05,0.0001899621863685752,4.148948065108016e-06,23134.00225,1.0,22212.27755859375,6.756605532055237e-06,407.7501031889187,1856.0,1.0,,274,,,,,,,,
2.9219278430000486,0.005822055398825299,0.057055664248764515,0.16302470955997705,0.0,0.006937500000000001,4.0,0.3125,0.006016423962137196,0.0765964756719768,-0.0016249841428361833,0.00016445358113514885,1.0226850463368464e-05,23007.00225,1.0,22145.721703125004,6.756605532055237e-06,373.17854298749205,1856.0,1.0,,275,,,,,,,,
2.9003050609999264,0.004051869646630735,0.03793945338111371,0.16460144985467196,0.0,0.006890000000000002,4.0,0.31000000000000005,0.006358213140629232,0.0775593351572752,-0.00134288368280977,3.19473167706974e-05,4.424323165608257e-06,23128.48225,1.0,22161.562468750002,6.756605532055237e-06,415.33366801165863,1856.0,1.0,,276,,,,,,,,
2.98667315900002,0.005625923625776963,0.04189453134313226,0.16223303135484457,0.0,0.006842500000000001,4.0,0.3075,0.003998483698524069,0.07342326221987605,-0.003613002976635471,7.2047549650733345e-06,3.026490347224353e-06,23126.75425,1.0,22185.96302734375,6.756605532055237e-06,412.4840717681712,1856.0,1.0,,277,,,,,,,,
2.9086022749997937,0.007393218265400847,0.05610351567156613,0.17539023142307997,0.0,0.006795000000000002,4.0,0.30500000000000005,0.011667219834635034,0.07452089479193091,0.0034028190129902214,4.0023746805673e-06,1.7167110186733225e-06,23112.569499999998,1.0,22106.2965390625,6.756605532055237e-06,397.1703768139803,1856.0,1.0,,278,,,,,,,,
2.9158904040004927,0.002765653020037284,0.026562500279396772,0.16395155247300863,0.0,0.0067475,4.0,0.3025,0.007258840931172017,0.07267669681459665,-0.0004495238827075809,4.34881683020194e-06,1.4764474514095127e-06,22977.18625,1.0,22147.05009375,6.756605532055237e-06,322.6254061182446,1856.0,1.0,,279,,,,,,,,
3.1350490149998222,0.004664122992171116,0.04162597650429234,0.1589113911613822,0.0,0.006700000000000001,4.0,0.30000000000000004,0.004768616403453052,0.07078466773964465,-0.0027041972061851993,5.424426674949245e-06,1.9157237218792034e-06,22827.746250000004,1.0,22130.577492187498,6.756605532055237e-06,343.04215899800096,1856.0,1.0,0.37926024198532104,280,23191.74625,23131.538249999998,22353.434250000002,70000042,22576.097424999996,best_of_k,23131.538249999998,314.35073303402635
2.915749250999397,0.008854841804918578,0.04575195338111371,0.17012792732566595,0.0,0.0066525,4.0,0.2975,0.0070300834195222706,0.06591743533499539,-0.001039227849105373,6.243567767683089e-06,1.6127607409543998e-06,22814.07125,1.0,22173.843359375,6.756605532055237e-06,297.5729139739225,1856.0,1.0,,281,,,,,,,,
2.8740654679995714,0.002010820723498341,0.02810058614704758,0.17321652732789516,0.0,0.0066050000000000015,4.0,0.29500000000000004,0.00755874821334146,0.06827847892418504,-0.0006521354080177844,3.8395816019942686e-06,1.3046728142285247e-06,23131.24225,1.0,22170.88058984375,6.756605532055237e-06,370.32656311157336,1856.0,1.0,,282,,,,,,,,
2.907721233999837,0.004956689357098476,0.050732422270812094,0.16641202569007874,0.0,0.006557500000000001,4.0,0.2925,0.006860525900265202,0.06522102700546384,-0.0010336579289287329,3.7020923429054164e-06,1.7973025947526367e-06,23012.666250000002,1.0,22173.772753906254,6.756605532055237e-06,351.4242025110374,1856.0,1.0,,283,,,,,,,,
2.9118654699996114,0.004376848177328085,0.03979492175858468,0.16221584845334291,0.0,0.006510000000000002,4.0,0.29000000000000004,0.008646337781101465,0.0739788617938757,0.0010156085154449102,3.4457667794640656e-06,2.388931456209775e-06,22829.170250000003,1.0,22156.380570312504,6.756605532055237e-06,353.9472289602253,1856.0,1.0,,284,,,,,,,,
2.9110453220000636,0.004063038513162809,0.032470703503349796,0.1686553517356515,0.0,0.0064624999999999995,4.0,0.2875,0.006403448060154915,0.07563489163294435,-0.0015416777459904552,3.084392702135119e-06,1.6800748099399243e-06,23109.89825,1.0,22182.0124765625,6.756605532055237e-06,394.15909752851275,1856.0,1.0,,285,,,,,,,,
2.9134677599995484,0.004988786344168439,0.04494628944667056,0.1685759536921978,0.0,0.0064150000000000006,4.0,0.28500000000000003,0.0058486209163675085,0.07606682647019625,-0.002093126648105681,2.1464120578684742e-06,1.4075359899834439e-06,23121.97825,1.0,22148.3251015625,6.756605532055237e-06,348.04186682613346,1856.0,1.0,,286,,,,,,,,
2.9544842599998447,0.0037334503382391304,0.03200683620525524,0.15847480483353138,0.0,0.0063675,4.0,0.2825,0.004963474319083616,0.07075124653056264,-0.0025103919324465096,1.696907922621449e-06,9.31740046894447e-07,23127.674249999996,1.0,22229.897093749998,6.756605532055237e-06,394.0831038165412,1856.0,1.0,,287,,,,,,,,
2.8931781830006003,0.003050394786741961,0.039257812895812094,0.15185552928596735,0.0,0.006320000000000001,4.0,0.28,0.014833756737061776,0.06841330765746534,0.00767267809715122,1.7639509763966998e-06,9.941389080836416e-07,23126.93825,1.0,22214.2028359375,6.756605532055237e-06,375.68673457319187,1856.0,1.0,,288,,,,,,,,
2.9326207450003494,0.003427743053520338,0.02490234375,0.15641954075545073,0.0,0.0062725,4.0,0.27749999999999997,0.007235510041937232,0.07040562853217125,-0.00014467442088061944,2.3580285599678064e-06,1.1815040892315665e-06,23129.81825,1.0,22196.99933203125,6.756605532055237e-06,410.9227123244513,1856.0,1.0,,289,,,,,,,,
3.1423382699995273,0.0033933022782992595,0.024414062761934474,0.15529468283057213,0.0,0.006225000000000001,4.0,0.275,0.008003405178897083,0.06877507595345378,0.0006660358048975468,1.8758741262558942e-06,1.1448654575474393e-06,23119.394249999998,1.0,22213.1627265625,6.756605532055237e-06,376.11936830148636,1856.0,1.0,0.28879934549331665,290,,,,,,,,
2.9246930419994897,0.0029515745567181284,0.029541015625,0.14598724618554115,0.0,0.006177500000000001,4.0,0.27249999999999996,0.012511047461885028,0.06875132909044623,0.005635872483253479,1.653217871933066e-06,7.169043847454759e-07,23125.538249999998,1.0,22251.634320312503,6.756605532055237e-06,399.51233900584947,1856.0,1.0,,291,,,,,,,,
2.915260533000037,0.007665479579224588,0.041796875186264515,0.16252517979592085,0.0,0.006130000000000002,4.0,0.27,0.009785386864678003,0.07043824018910527,0.002090001944452524,2.167235628292019e-06,1.3911172658254145e-06,23129.81825,1.0,22221.2142421875,6.756605532055237e-06,361.04704714059005,1856.0,1.0,,292,,,,,,,,
2.903152253999906,0.0047062717366257445,0.026123046991415322,0.15342966467142105,0.0,0.006082499999999999,4.0,0.26749999999999996,0.00969539773541328,0.07084169005975127,0.002453874592902139,2.239420744842846e-06,1.4213911327942697e-06,23131.24225,1.0,22208.3390234375,6.756605532055237e-06,439.94762970834137,1856.0,1.0,,293,,,,,,,,
2.950064561000545,0.008808774479540205,0.05520019540563226,0.15824432484805584,0.0,0.006035,4.0,0.265,0.013733750558458269,0.06590770441107452,0.006218278489541262,2.2930760010808626e-06,1.5601867460190988e-06,23129.40225,1.0,22249.744074218746,6.756605532055237e-06,421.41805664149155,1856.0,1.0,,294,,,,,,,,
2.8836784269997224,0.002715622415126795,0.027563476818613708,0.17882703710347414,0.0,0.0059875,4.0,0.26249999999999996,0.013516655813873513,0.06761967996135354,0.004979049263056368,3.015532257677478e-06,1.6508159390582477e-06,23126.93825,1.0,22182.47430859375,6.756605532055237e-06,444.1351276892981,1856.0,1.0,,295,,,,,,,,
2.918736865000028,0.006046612557938147,0.039477539248764515,0.19035354536026716,0.0,0.005940000000000001,4.0,0.26,0.007686629076488316,0.07020937791094184,-0.0014150406932458282,3.5504002227071396e-06,1.3627652393211065e-06,23136.13825,1.0,22162.57275,6.756605532055237e-06,464.88849216162663,1856.0,1.0,,296,,,,,,,,
2.9280348330003108,0.002917503221231854,0.028125000069849193,0.1601027026772499,0.0,0.0058925,4.0,0.25749999999999995,0.003961873386288062,0.06465595215559006,-0.003663117066025734,2.3266820505796204e-06,1.21449049572675e-06,23128.48225,1.0,22242.078628906253,6.756605532055237e-06,394.2120495127751,1856.0,1.0,,297,,,,,,,,
2.9281093319996216,0.002684555760446017,0.02504882839275524,0.15547633357346058,0.0,0.005845000000000001,4.0,0.255,0.003310242804218433,0.06732037360779941,-0.0040709609456826,2.4294808866898165e-06,1.2609944306518628e-06,23136.13825,1.0,22226.6682109375,6.756605532055237e-06,406.4257414332526,1856.0,1.0,,298,,,,,,,,
2.8949325470002805,0.004789451193033756,0.04753417983010877,0.15115881152451038,0.0,0.005797500000000001,4.0,0.25249999999999995,0.005260876263491809,0.06635942333377898,-0.0019129254505969584,1.7777792393758318e-06,8.026409972217152e-07,23088.69825,1.0,22247.602820312502,6.756605532055237e-06,392.8747860635169,1856.0,1.0,,299,,,,,,,,
3.2752084559997456,0.002729721007873387,0.034643554710783064,0.18464935570955276,0.0,0.005750000000000002,4.0,0.25,0.012944609339683666,0.06880880892276764,0.004106972774025053,2.626815444273234e-06,1.111138828946423e-06,23107.970250000002,1.0,22209.80472265625,6.756605532055237e-06,398.9605195849782,1856.0,1.0,0.3091931939125061,300,23191.74625,23136.13825,23126.93825,70000042,23010.52335,best_of_k,23136.13825,143.09170451262193
2.924462801000118,0.006680203253550232,0.04104003915563226,0.17176936753094196,0.0,0.005702500000000001,4.0,0.24750000000000005,0.009671025443822145,0.06808330351486802,0.0014700252504553646,2.245535526412823e-06,1.1045608587778588e-06,23118.778249999996,1.0,22206.779636718755,6.756605532055237e-06,406.16017947058026,1856.0,1.0,,301,,,,,,,,
2.923741560000053,0.0020828258360499063,0.018164062523283064,0.19329817220568657,0.0,0.005655,4.0,0.245,0.0060781346692238,0.07442803285084665,-0.0031668714655097574,3.4611374815085583e-06,1.2832507465532217e-06,23126.93825,1.0,22177.66023046875,6.756605532055237e-06,431.6197348463151,1856.0,1.0,,302,,,,,,,,
2.885948439999993,0.0032241442511757867,0.03464355494361371,0.1896698186174035,0.0,0.005607500000000001,4.0,0.24250000000000005,0.008465471561066806,0.0683557353913784,-0.0006354961806209758,2.9841832400734347e-06,9.667913332123135e-07,23133.378249999998,1.0,22243.812515624995,6.756605532055237e-06,418.4182649773504,1856.0,1.0,,303,,,,,,,,
2.9164644860002227,0.0037669380593747803,0.029785156395519152,0.22916287183761597,0.0,0.005560000000000001,4.0,0.24,0.010940721782390028,0.07311180559918284,-0.00011201918823644519,3.7647686781383527e-06,1.4445139413510333e-06,23008.570750000003,1.0,22134.80140625,6.756605532055237e-06,433.3033937753785,1856.0,1.0,,304,,,,,,,,
2.901125198000045,0.0035347250143598075,0.03520507854409516,0.20495671778917313,0.0,0.005512500000000002,4.0,0.23750000000000004,0.007114935593563132,0.07149442937225103,-0.002739783696597442,3.709972915544313e-06,1.2514948508624002e-06,23074.807249999998,1.0,22163.4398984375,6.756605532055237e-06,422.1535318743452,1856.0,1.0,,305,,,,,,,,
2.9181053330003124,0.004281782596518013,0.03374023444484919,0.1941615603864193,0.0,0.005465000000000001,4.0,0.235,0.011795111931860447,0.0738488920032978,0.0024897233524825424,3.5427188862513503e-06,1.0817891364922616e-06,23136.13825,1.0,22185.609171875,6.756605532055237e-06,443.545949834096,1856.0,1.0,,306,,,,,,,,
2.9412229899999147,0.0017067199000777578,0.019335937657160684,0.18354627676308155,0.0,0.005417500000000002,4.0,0.23250000000000004,0.011796240827607107,0.0722956801764667,0.0030097446287982166,3.5417737507259517e-06,9.80686905904804e-07,23116.33825,1.0,22219.568796875,6.756605532055237e-06,437.46697269125417,1856.0,1.0,,307,,,,,,,,
2.8998741759996847,0.0038895913150174266,0.035131835960783064,0.17299819737672806,0.0,0.00537,4.0,0.22999999999999998,0.008733423608646262,0.07263529254123569,0.00047274783719331026,3.3952858728980573e-06,9.547538226684082e-07,23128.48225,1.0,22211.5961171875,6.756605532055237e-06,460.27404313941514,1856.0,1.0,,308,,,,,,,,
2.880200758000683,0.003143378847870082,0.03352050809189677,0.16989518515765667,0.0,0.005322500000000001,4.0,0.22750000000000004,0.007977349945576862,0.07220816751942039,-0.00013399182353168726,3.437016900420531e-06,1.1336144289941785e-06,23126.93825,1.0,22236.158179687503,6.756605532055237e-06,410.2337620736981,1856.0,1.0,,309,,,,,,,,
3.1723549119997188,0.002588831079190612,0.021899414248764515,0.17118288297206163,0.0,0.005275,4.0,0.22499999999999998,0.00838609780112165,0.07463845191523433,0.0002196342102251947,3.6759363410965307e-06,1.3388566557637205e-06,23126.93825,1.0,22192.510941406254,6.756605532055237e-06,405.48600858538066,1856.0,1.0,0.32383933663368225,310,,,,,,,,
2.9521763109996755,0.004755904469155858,0.027270507882349193,0.16685976460576057,0.0,0.005227500000000001,4.0,0.22250000000000003,0.003680650581372902,0.0710089928470552,-0.0042922770080622286,3.95706705091925e-06,1.484749972746613e-06,23136.13825,1.0,22190.750031249998,6.756605532055237e-06,453.6733650518292,1856.0,1.0,,311,,,,,,,,
2.8920810849995178,0.003088887627567871,0.026831054710783064,0.16683479957282543,0.0,0.005180000000000001,4.0,0.21999999999999997,0.012071573524735868,0.07417477946728468,0.004113282077014446,3.507202833930023e-06,8.498445218663164e-07,23119.394249999998,1.0,22224.1920078125,6.756605532055237e-06,414.632643594055,1856.0,1.0,,312,,,,,,,,
2.9288498750001963,0.0027168117625793187,0.02583007817156613,0.1678025322034955,0.0,0.005132500000000002,4.0,0.21750000000000003,0.008711036178283393,0.07808667235076427,0.0007206937516457401,3.4033364499919116e-06,1.310652628205844e-06,23113.87425,1.0,22204.677460937502,6.756605532055237e-06,392.7790153380578,1856.0,1.0,,313,,,,,,,,
2.936404345000483,0.0022962887175737023,0.022583008045330644,0.1688080569729209,0.0,0.005085000000000001,4.0,0.21499999999999997,0.0076817977242171764,0.07603779807686806,-0.00037260731915012,3.137443925993466e-06,6.795188554065135e-07,23129.81825,1.0,22239.17444921875,6.756605532055237e-06,428.0844910003353,1856.0,1.0,,314,,,,,,,,
2.907102385000144,0.0032266259544275755,0.03181152360048145,0.1723752710968256,0.0,0.005037500000000002,4.0,0.21250000000000002,0.007027148825727636,0.07608781289309263,-0.0012090886011719704,2.8477669786752813e-06,9.632691657657233e-07,23118.151249999995,1.0,22220.03576171875,6.756605532055237e-06,440.45346230126586,1856.0,1.0,,315,,,,,,,,
2.8792508770002314,0.0029790751913623126,0.0338134765625,0.17494923807680607,0.0,0.00499,4.0,0.20999999999999996,0.007699789683101699,0.07323449058458209,-0.0006841315189376473,4.848484138619824e-06,2.8280344110953592e-06,23124.922249999996,1.0,22158.11740234375,6.756605532055237e-06,516.4719111417687,1856.0,1.0,,316,,,,,,,,
2.9522901700001967,0.00295098308075481,0.024414062732830644,0.17575612757354975,0.0,0.004942500000000001,4.0,0.20750000000000002,0.008071677293628454,0.07214279426261783,-0.0003608957922551781,3.566953580502741e-06,1.951319184456679e-06,23129.21025,1.0,22172.61953515625,6.756605532055237e-06,402.6622611693228,1856.0,1.0,,317,,,,,,,,
2.9045623009997144,0.0029906584450811735,0.02128906264260877,0.16557748895138502,0.0,0.004895,4.0,0.20499999999999996,0.009122695308178663,0.07138748094439507,0.0011921396471734624,2.97595454412658e-06,1.6487131233589025e-06,23151.56225,1.0,22241.103972656252,6.756605532055237e-06,394.89854706965775,1856.0,1.0,,318,,,,,,,,
2.918657999000061,0.004014070602817554,0.028491211181972176,0.16444696206599474,0.0,0.004847500000000001,4.0,0.2025,0.010061802866403013,0.07053401437588036,0.002180079434765503,2.9226028175344254e-06,1.994110448322317e-06,23132.578250000002,1.0,22206.32851171875,6.756605532055237e-06,418.10470265776,1856.0,1.0,,319,,,,,,,,
3.155055545000323,0.0032674127684746423,0.02102050805115141,0.1766137843951583,0.0,0.0048000000000000004,4.0,0.19999999999999996,0.008400427439482883,0.07544550253078341,-6.919511361047626e-05,3.2249671164663596e-06,1.4983214668973233e-06,23126.93825,1.0,22197.0496953125,6.756605532055237e-06,480.73822197625367,1856.0,1.0,0.2842260003089905,320,23191.74625,23196.75425,23130.61825,70000042,23036.522183333334,best_of_k,23196.75425,160.76067813891262
2.924685094999404,0.002853115978089349,0.022143555019283667,0.15968455094844103,0.0,0.0047525000000000015,4.0,0.1975,0.008384298133023549,0.07283362187445164,0.0007452035788446665,3.340170579235746e-06,1.3502416180699583e-06,23126.93825,1.0,22196.960210937497,6.756605532055237e-06,482.15510609951446,1856.0,1.0,,321,,,,,,,,
2.9025796259993513,0.000810438663987334,0.008447265674476512,0.15916997753083706,0.0,0.004704999999999999,4.0,0.19499999999999995,0.006352333906761487,0.07089792191982269,-0.0012736069329548627,2.882184986674474e-06,1.4588888390676402e-06,23130.61825,1.0,22224.055453125,6.756605532055237e-06,478.5715053521706,1856.0,1.0,,322,,,,,,,,
2.921218475000387,0.003375210978446397,0.010571289123618044,0.1606860039755702,0.0,0.0046575,4.0,0.1925,0.008524174423655495,0.06954176118597388,0.0008129370689857751,2.468046922388112e-06,1.1625475409005048e-06,23127.05825,1.0,22234.23390625,6.756605532055237e-06,470.13196994203753,1856.0,1.0,,323,,,,,,,,
2.9035843609999574,0.0013233204065894455,0.01599121096660383,0.15770270116627216,0.0,0.0046099999999999995,4.0,0.18999999999999995,0.00839707546401769,0.06754626566544175,0.0008220987656386569,3.144702390045495e-06,1.8316539751594973e-06,23128.48225,1.0,22215.710234375,6.756605532055237e-06,460.9838680323637,1856.0,1.0,,324,,,,,,,,
2.9094166519998907,0.0033675517779494513,0.03583984398574103,0.15714072715491056,0.0,0.004562500000000001,4.0,0.1875,0.007776455269777216,0.06432863068766892,0.00021210976410657167,2.4954894399797922e-06,1.1183986110552269e-06,23130.61825,1.0,22242.63441015625,6.756605532055237e-06,394.0999894792286,1856.0,1.0,,325,,,,,,,,
2.930215889000465,0.0032161732406752463,0.02395019552204758,0.15794863924384117,0.0,0.004515000000000002,4.0,0.18500000000000005,0.008353404060471803,0.0664371894672513,0.0007549050437773985,2.6763613902858197e-06,1.525248947586988e-06,23126.93825,1.0,22224.905515625,6.756605532055237e-06,436.12007802967645,1856.0,1.0,,326,,,,,,,,
2.9270889359995635,0.0030672743098385524,0.015136718866415322,0.15758846141397953,0.0,0.004467500000000001,4.0,0.1825,0.009872580048977397,0.06823841878212988,0.002295543672516942,3.173661099253877e-06,4.302627999663855e-06,23130.61825,1.0,22197.884671875,6.756605532055237e-06,466.12832216995406,1856.0,1.0,,327,,,,,,,,
2.8735846270001275,0.0017688166133229544,0.021606445501674898,0.157682660035789,0.0,0.004420000000000002,4.0,0.18000000000000005,0.008030275159399025,0.06815317017026246,0.0004454684676602483,3.209570920148508e-06,3.1787213394807168e-06,23133.378249999998,1.0,22215.159695312497,6.756605532055237e-06,478.3389068104516,1856.0,1.0,,328,,,,,,,,
2.899529182000151,0.002042213239534796,0.01716308598406613,0.15536594670265913,0.0,0.004372500000000001,4.0,0.1775,0.004588307774611167,0.06971580069512129,-0.0028762042056769133,3.0753286495155407e-06,1.4788906668172785e-06,23128.48225,1.0,22212.3972890625,6.756605532055237e-06,457.7876861850149,1856.0,1.0,,329,,,,,,,,
3.209712879000108,0.004903233300940002,0.02175292989704758,0.16774998232722282,0.0,0.0043250000000000025,4.0,0.17500000000000004,0.0073373098857700825,0.07110624015331268,-0.0007435365696437657,3.326912391798942e-06,1.0982334153197826e-06,23130.61825,1.0,22188.26684375,6.756605532055237e-06,494.9197398696042,1856.0,1.0,0.3153311610221863,330,,,,,,,,
2.8978373749996535,0.0035086767573959676,0.01838378910906613,0.1647477801889181,0.0,0.0042775,4.0,0.1725,0.004577271101879887,0.06804035580717027,-0.003369777778061689,2.8199241342008463e-06,8.404867024580653e-07,23128.48225,1.0,22220.6274765625,6.756605532055237e-06,435.71134409967317,1856.0,1.0,,331,,,,,,,,
2.9079218080005376,0.0024201189420942626,0.01862792985048145,0.15291920956224203,0.0,0.004230000000000001,4.0,0.17000000000000004,0.007842319482733728,0.06811776524409652,0.000483834242913872,2.5247358905744477e-06,8.206306496560956e-07,23136.13825,1.0,22250.204890625,6.756605532055237e-06,434.36577316518003,1856.0,1.0,,332,,,,,,,,
2.9093571160001375,0.00377265348272271,0.032592773670330644,0.15105720795691013,0.0,0.004182500000000002,4.0,0.16749999999999998,0.0029853676969651133,0.06627411674708128,-0.004291377728804946,2.9046705023461072e-06,1.5714297703084412e-06,23134.00225,1.0,22225.312515625003,6.756605532055237e-06,394.5415691451923,1856.0,1.0,,333,,,,,,,,
2.8999984989995937,0.0025545761625851426,0.027075195524957962,0.15886612236499786,0.0,0.004135,4.0,0.16500000000000004,0.0047813324054004624,0.06503405189141631,-0.00289381411857903,3.257112751953173e-06,8.617110900388525e-07,23130.55425,1.0,22246.6126875,6.756605532055237e-06,420.7550087295548,1856.0,1.0,,334,,,,,,,,
2.9208683679999012,0.0020970568509754983,0.02441406241268851,0.1578934621065855,0.0,0.004087500000000001,4.0,0.16249999999999998,0.006389763206243515,0.065338219050318,-0.0012385075096972287,2.46216803390098e-06,8.432330815821842e-07,23121.05825,1.0,22256.1155234375,6.756605532055237e-06,391.5509644538396,1856.0,1.0,,335,,,,,,,,
2.9326730200000384,0.003036054176008385,0.03325195319484919,0.17399145103991032,0.0,0.004040000000000002,4.0,0.16000000000000003,0.0017069351306417957,0.07157115777954459,-0.0067042465907434234,2.582185913979629e-06,9.967630631990687e-07,23128.48225,1.0,22243.0868671875,6.756605532055237e-06,433.25149906906256,1856.0,1.0,,336,,,,,,,,
2.9941859090004073,0.0013528406543645843,0.015771484380820766,0.1534181833267212,0.0,0.0039924999999999995,4.0,0.15749999999999997,0.00838630066573387,0.06745391385629773,0.0009839812119025737,2.8351227143730284e-06,8.731326595068367e-07,23134.00225,1.0,22240.56073828125,6.756605532055237e-06,453.6493800134063,1856.0,1.0,,337,,,,,,,,
2.946693779999805,0.0024836394206149137,0.02443847677204758,0.15480708796530962,0.0,0.003945000000000001,4.0,0.15500000000000003,0.00707104081811849,0.06907120812684298,-0.0003975816071033478,3.1254510162170845e-06,8.815784866555987e-07,23134.00225,1.0,22226.9790859375,6.756605532055237e-06,452.9131688576802,1856.0,1.0,,338,,,,,,,,
2.913222750999921,0.0021601841988410087,0.020922851748764515,0.15653608553111553,0.0,0.0038975000000000017,4.0,0.15249999999999997,0.004937368619721383,0.06861629919148982,-0.0026228282367810607,2.7786085539105443e-06,1.0918867729969861e-06,23126.93825,1.0,22251.1117109375,6.756605532055237e-06,402.16410306084856,1856.0,1.0,,339,,,,,,,,
3.199703790000058,0.0033130502628901937,0.024609375002910383,0.1633465038612485,0.0,0.0038500000000000027,4.0,0.15000000000000002,0.007797739031957462,0.06981670414097607,-0.00010169041343033314,3.20288921784595e-06,1.157751920999317e-06,23114.978249999996,1.0,22235.59903125,6.756605532055237e-06,416.1197517675303,1856.0,1.0,0.3601802885532379,340,23191.74625,23186.22625,23126.93825,70000042,23080.198941666666,best_of_k,23186.22625,104.73779303864929
2.9185206860001927,0.0014946841474827721,0.014160156424622983,0.1629498740658164,0.0,0.0038025000000000003,4.0,0.14749999999999996,0.005475503538036719,0.06956995744258165,-0.002408138185273856,2.71086236125484e-06,8.317476059005458e-07,23129.81825,1.0,22230.38015234375,6.756605532055237e-06,449.1995712840829,1856.0,1.0,,341,,,,,,,,
2.8716215639997245,0.001283870811668919,0.01459960947977379,0.1546043511480093,0.0,0.0037550000000000014,4.0,0.14500000000000002,0.010104879787832033,0.07021190063096583,0.0026376438909210265,2.7344109128080163e-06,7.788794000873622e-07,23130.61825,1.0,22264.722398437498,6.756605532055237e-06,431.2601880483786,1856.0,1.0,,342,,,,,,,,
2.9573342339999726,0.0024989671020367865,0.019409179833019152,0.16689649876207113,0.0,0.003707499999999999,4.0,0.14249999999999996,0.002436469469103031,0.068535570288077,-0.005654858483467251,2.1361596722613285e-06,7.708761202707137e-07,23134.00225,1.0,22256.870148437498,6.756605532055237e-06,419.9378283616736,1856.0,1.0,,343,,,,,,,,
2.917927845000122,0.002043435469011534,0.023071289266226813,0.17338054347783327,0.0,0.00366,4.0,0.14,0.005357979156542569,0.07051816396415234,-0.003053621912840754,2.633078281633061e-06,8.132694553353303e-07,23128.48225,1.0,22224.35277734375,6.756605532055237e-06,440.1107405634257,1856.0,1.0,,344,,,,,,,,
2.8916231899993363,0.001550551316074511,0.01779785165854264,0.16203404683619738,0.0,0.003612500000000001,4.0,0.13749999999999996,0.008730081317480654,0.07112369174137712,0.0008844652038533241,2.8625966166373473e-06,1.123583523110483e-06,23124.61825,1.0,22244.431765625,6.756605532055237e-06,411.24384029340706,1856.0,1.0,,345,,,,,,,,
2.8914087699995434,0.0018036959630158833,0.01994628901593387,0.16074954811483622,0.0,0.003565000000000002,4.0,0.135,0.006920520092535298,0.06970804184675217,-0.0008693721028976142,2.898890642200058e-06,1.267030135920777e-06,23130.61825,1.0,22270.36026171875,6.756605532055237e-06,397.3856162824203,1856.0,1.0,,346,,,,,,,,
2.929030762000366,0.0013412134038528478,0.016088867210783064,0.16880849841982126,0.0,0.0035175,4.0,0.13249999999999995,0.00880551343652769,0.0702373725362122,0.0006114329025876941,2.5616216134949354e-06,9.189577205859223e-07,23109.81025,1.0,22226.84155078125,6.756605532055237e-06,441.9809201490391,1856.0,1.0,,347,,,,,,,,
2.8722177139998166,0.0011413941203830547,0.012500000069849193,0.1740285363048315,0.0,0.003470000000000001,4.0,0.13,0.013960187206976116,0.07037710072472692,0.005502208834514022,2.8806292959870916e-06,9.435727470474831e-07,23116.634250000003,1.0,22218.48121875,6.756605532055237e-06,455.03684584510444,1856.0,1.0,,348,,,,,,,,
2.894921351999983,0.001428152658703219,0.019091796944849193,0.157323794439435,0.0,0.0034224999999999985,4.0,0.12749999999999995,0.007269925714354031,0.07458515837788582,-0.0003416272229515016,2.8355903083365774e-06,6.932345897325831e-07,23127.674249999996,1.0,22273.65710546875,6.756605532055237e-06,415.1569206353955,1856.0,1.0,,349,,,,,,,,
3.3345112490005704,0.0019967562860214727,0.025634765857830644,0.16123910248279572,0.0,0.0033749999999999995,4.0,0.125,0.010475082308403216,0.07277637301012874,0.002657923992956057,2.7025558608784195e-06,1.1082981892229782e-06,23125.538249999998,1.0,22241.236800781247,6.756605532055237e-06,463.93374578200144,1856.0,1.0,0.32061833143234253,350,,,,,,,,
2.9154523290008,0.0030812745267381203,0.034985351987415925,0.15911859460175037,0.0,0.0033275000000000006,4.0,0.12250000000000005,0.005458225384245452,0.06492772162891924,-0.0022822044556960464,2.2679204150222176e-06,6.408579800165626e-07,23136.13825,1.0,22271.60762109375,6.756605532055237e-06,427.67595019359953,1856.0,1.0,,351,,,,,,,,
2.8728867250001713,0.004430114887962411,0.027026367199141532,0.15635235235095024,0.0,0.0032800000000000017,4.0,0.12,0.00935664647113299,0.06403450737707317,0.001748498936649412,2.3002772380209535e-06,6.651100221688466e-07,23124.61825,1.0,22270.087386718747,6.756605532055237e-06,408.17285575086936,1856.0,1.0,,352,,,,,,,,
2.9340734330007763,0.001072575145587784,0.010815429734066129,0.15863935463130474,0.0,0.0032325000000000027,4.0,0.11750000000000005,0.009220031148288399,0.06532615120522678,0.0014986427268013358,2.351245868226215e-06,7.051771646615634e-07,23124.61825,1.0,22273.7759453125,6.756605532055237e-06,416.005766448985,1856.0,1.0,,353,,,,,,,,
2.8849906019995615,0.0012370208761165458,0.014550781299476512,0.15784823335707188,0.0,0.0031850000000000003,4.0,0.11499999999999999,-0.0007604387355968356,0.0648455189075321,-0.008446874504443258,2.4818577699647904e-06,6.198300184223626e-07,23129.40225,1.0,22280.236765625,6.756605532055237e-06,420.6523648794473,1856.0,1.0,,354,,,,,,,,
2.8967390620000515,0.0021988591063930585,0.027636718936264515,0.1485452950000763,0.0,0.0031375000000000014,4.0,0.11250000000000004,0.007270229849382304,0.0672503225505352,5.3303505410440266e-05,2.6657862477463823e-06,7.849192016351481e-07,23130.61825,1.0,22275.655328124998,6.756605532055237e-06,426.8594962056177,1856.0,1.0,,355,,,,,,,,
2.8952556710000863,0.0012417625152885137,0.013940429722424597,0.14526576828211546,0.0,0.003089999999999999,4.0,0.10999999999999999,0.004952191578922793,0.06641768524423242,-0.002107007458107546,3.3611233334340795e-06,1.6101665636369944e-06,23130.61825,1.0,22220.611046875,6.756605532055237e-06,466.96993983855145,1856.0,1.0,,356,,,,,,,,
2.981392694000533,0.001391271973606223,0.010253906366415322,0.1612193724140525,0.0,0.0030425,4.0,0.10750000000000004,0.009731218902743421,0.06837404007092118,0.00187727709999308,3.0249771185708596e-06,1.3967162857397852e-06,23124.61825,1.0,22222.46862109375,6.756605532055237e-06,395.327050024301,1856.0,1.0,,357,,,,,,,,
2.906615459999557,0.00277815159496253,0.017431640764698386,0.14560353104025126,0.0,0.002995000000000001,4.0,0.10499999999999998,0.004955373238772154,0.06781765585765243,-0.002122877398505807,3.4819316709899795e-06,1.6808696230441456e-06,23130.61825,1.0,22228.503789062503,6.756605532055237e-06,464.31185547009085,1856.0,1.0,,358,,,,,,,,
2.905634654000096,0.0007241104315731661,0.006982421924476512,0.1505960961803794,0.0,0.002947500000000002,4.0,0.10250000000000004,0.004784524684509961,0.06338731152936816,-0.0025593062746338546,2.9165720292212427e-06,1.1370583656855615e-06,23130.61825,1.0,22229.743203125,6.756605532055237e-06,421.55078625001454,1856.0,1.0,,359,,,,,,,,
3.216045742999995,0.0012516613737609816,0.015136718851863407,0.15598523523658514,0.0,0.0029,4.0,0.09999999999999998,0.004443089188498561,0.06624253070913255,-0.003165058878948912,3.1297211506853273e-06,1.3536226362020898e-06,23126.75425,1.0,22233.0370625,6.756605532055237e-06,427.40048293687244,1856.0,1.0,0.3227801024913788,360,23191.74625,23186.22625,23114.79425,70000042,23079.458558333332,best_of_k,23186.22625,81.69338516708062
2.9292573579996315,0.0013806341765905117,0.014501953177386895,0.16401584446430206,0.0,0.002852500000000001,4.0,0.09750000000000003,0.007303927744942484,0.06535186292603612,-0.0007111639133654535,2.6272521154169226e-06,9.056612135793785e-07,23130.61825,1.0,22212.55447265625,6.756605532055237e-06,452.024526890139,1856.0,1.0,,361,,,,,,,,
2.8923064549999253,0.001069303313218306,0.012353515674476512,0.16288435645401478,0.0,0.002805000000000002,4.0,0.09499999999999997,0.006165654514916241,0.0657457010820508,-0.0017948791210073978,2.6029225352885987e-06,9.440990993425658e-07,23181.209000000003,1.0,22239.68309765625,6.756605532055237e-06,428.1947204096823,1856.0,1.0,,362,,,,,,,,
2.9482624209995265,0.0035499658864113215,0.02131347663816996,0.1614213390275836,0.0,0.002757500000000003,4.0,0.09250000000000003,0.007961384748341516,0.06477360776625574,6.797607056796551e-05,2.567345632087381e-06,1.3955498019413426e-06,23110.378249999998,1.0,22249.93157421875,6.756605532055237e-06,386.7639571418774,1856.0,1.0,,363,,,,,,,,
2.8938741040001332,0.0020873054484287223,0.018408203264698386,0.1592600243166089,0.0,0.0027100000000000006,4.0,0.08999999999999997,0.007613109213707503,0.06880906387232244,-0.00016427331138402224,2.915463085173542e-06,1.1231983592097095e-06,23114.978249999996,1.0,22210.288796875,6.756605532055237e-06,453.8447838098958,1856.0,1.0,,364,,,,,,,,
2.926340328999686,0.0016346334932944018,0.016259765659924597,0.15929386299103498,0.0,0.0026625000000000017,4.0,0.08750000000000002,0.008409709844272584,0.06808037869632244,0.0006253674800973386,2.9341757965539728e-06,1.2397965463151195e-06,23085.01825,1.0,22217.6559296875,6.756605532055237e-06,407.3204287566592,1856.0,1.0,,365,,,,,,,,
2.9159523130001617,0.000720173782515765,0.009301757861976512,0.1521942177787423,0.0,0.0026149999999999993,4.0,0.08499999999999996,0.010463481208716985,0.06816947180777788,0.0030311830923892558,2.8663934017458814e-06,1.1293838468873219e-06,23123.25825,1.0,22222.0645,6.756605532055237e-06,438.771286191969,1856.0,1.0,,366,,,,,,,,
2.9060576020001463,0.0015133810512946155,0.015844726585783064,0.15197361260652542,0.0,0.0025675000000000003,4.0,0.08250000000000002,0.00834517194016371,0.06674272869713604,0.0009169795957859606,2.9053286567659597e-06,1.1669494242028122e-06,23126.75425,1.0,22219.60383203125,6.756605532055237e-06,461.0657618468036,1856.0,1.0,,367,,,,,,,,
2.894689994000146,0.00040511659478070783,0.0042968750349245965,0.14868338033556938,0.0,0.0025200000000000014,4.0,0.07999999999999996,0.0072993464209503145,0.06707984604872763,3.327993908897042e-05,3.1773339372875853e-06,1.2413525851684426e-06,23130.61825,1.0,22242.09738671875,6.756605532055237e-06,470.6735719203607,1856.0,1.0,,368,,,,,,,,
2.8977299409998523,0.0013385892453730008,0.015771484439028427,0.15826798789203167,0.0,0.0024725000000000025,4.0,0.07750000000000001,0.0085245335358195,0.06402305187657475,0.0007687300094403327,2.5270795731557882e-06,8.973628418118551e-07,23132.578250000002,1.0,22253.039437499996,6.756605532055237e-06,429.75287660939836,1856.0,1.0,,369,,,,,,,,
3.1849111470000935,0.0017913203820114632,0.019335937598953024,0.15178264025598764,0.0,0.002425,4.0,0.07499999999999996,0.004348093527369201,0.06832252675667405,-0.003076146909734234,3.0174318368381137e-06,9.7789580877361e-07,23130.61825,1.0,22245.87428125,6.756605532055237e-06,435.45793285564264,1856.0,1.0,0.39706289768218994,370,,,,,,,,
2.9117016319996765,0.0013459367605257455,0.018798828241415322,0.1525320690125227,0.0,0.002377500000000001,4.0,0.07250000000000001,0.007224693050375208,0.0648506828583777,-0.0002484004362486303,2.692741404075605e-06,8.056161249214711e-07,23126.75425,1.0,22238.20281640625,6.756605532055237e-06,466.94872593148966,1856.0,1.0,,371,,,,,,,,
2.940406517000156,0.0010322575125458755,0.009765624985448085,0.14365861471742392,0.0,0.0023299999999999987,4.0,0.06999999999999995,0.00571192114148289,0.06431815424002707,-0.0013216952211223543,2.496300254506423e-06,5.937426230673282e-07,23130.61825,1.0,22280.96583984375,6.756605532055237e-06,407.63272421458305,1856.0,1.0,,372,,,,,,,,
2.9367766249997658,0.0014971261876670638,0.013085937607684173,0.15220242645591497,0.0,0.0022825,4.0,0.0675,0.0073436464299447834,0.06893070181831717,-0.00010977336205542088,2.6923334530692955e-06,7.294136672442164e-07,23126.75425,1.0,22234.2378359375,6.756605532055237e-06,440.40068295201786,1856.0,1.0,,373,,,,,,,,
2.922938948000592,0.0008489895586683005,0.005664062511641532,0.14085313584655523,0.0,0.002235000000000001,4.0,0.06499999999999995,0.0003966287476941943,0.06683300202712417,-0.006497257738374174,2.5038392692522393e-06,7.010025555587163e-07,23128.48225,1.0,22280.350621093752,6.756605532055237e-06,388.31922780036587,1856.0,1.0,,374,,,,,,,,
2.9417081790006705,0.0011136358555869919,0.012792968773283064,0.13686882611364126,0.0,0.002187500000000002,4.0,0.0625,0.0016278588882414624,0.06318758009001613,-0.0050780431483872235,2.7260359587444327e-06,8.199916692319675e-07,23211.84825,1.0,22240.02335546875,6.756605532055237e-06,435.7159527715958,1856.0,1.0,,375,,,,,,,,
2.928762751999784,0.0005774582246695914,0.010351562581490725,0.1493361797183752,0.0,0.002140000000000003,4.0,0.06000000000000005,0.00890620902646333,0.06705773575231433,0.0015822096029296517,2.7179455059922475e-06,8.434892748709899e-07,23126.93825,1.0,22245.49253125,6.756605532055237e-06,412.7831459834017,1856.0,1.0,,376,,,,,,,,
2.940170545000001,0.00044768877177325805,0.004516601577051915,0.14533465169370174,0.0,0.0020925000000000006,4.0,0.057499999999999996,0.008070494659477845,0.06364505994133651,0.000936193740926683,2.784017794965621e-06,9.355567485158645e-07,23124.11425,1.0,22241.07853515625,6.756605532055237e-06,421.52872498429605,1856.0,1.0,,377,,,,,,,,
2.964106267999341,0.0007543144169508409,0.007836914155632257,0.14638211578130722,0.0,0.0020450000000000017,4.0,0.05500000000000005,0.003982562085184327,0.062341212294995785,-0.0032096438662847504,2.5543453290310936e-06,6.641651992822517e-07,23130.61825,1.0,22271.932160156248,6.756605532055237e-06,426.8392787799148,1856.0,1.0,,378,,,,,,,,
2.939184343999841,0.0005075879900946489,0.007031250075669959,0.14948717132210732,0.0,0.0019974999999999993,4.0,0.05249999999999999,0.004429502572747879,0.06332656694576144,-0.0029190787827246822,2.580668351015447e-06,9.189883094506968e-07,23126.93825,1.0,22237.93448046875,6.756605532055237e-06,462.0140687987553,1856.0,1.0,,379,,,,,,,,
3.2045923530004075,0.002405099611046957,0.028173828148283064,0.15483935456722975,0.0,0.0019500000000000003,4.0,0.050000000000000044,0.0017855791084002703,0.06562131829559803,-0.005829115863889456,2.5759573674122294e-06,8.605897079405622e-07,23126.75425,1.0,22224.648285156254,6.756605532055237e-06,435.73845248225103,1856.0,1.0,0.41088229417800903,380,23211.84825,23158.45625,23134.00225,70000042,23062.033433333334,best_of_k,23158.45625,170.89169145033935
2.9414660839993303,0.0006662775325478876,0.006713867172948085,0.14173246175050735,0.0,0.0019025000000000014,4.0,0.04749999999999999,0.005300606062519364,0.06769628543406725,-0.0016582277021370828,3.1255788428552478e-06,1.3809361405492382e-06,23130.61825,1.0,22236.99318359375,6.756605532055237e-06,434.11222201634115,1856.0,1.0,,381,,,,,,,,
2.8959710829994947,0.0007892689232305017,0.010546875069849193,0.15031405072659254,0.0,0.0018550000000000025,4.0,0.04500000000000004,0.00432127871317789,0.06371198291890323,-0.0030769197328481823,2.534973447154698e-06,8.547660570457083e-07,23126.93825,1.0,22263.22813671875,6.756605532055237e-06,400.4205529970612,1856.0,1.0,,382,,,,,,,,
2.9948757739994107,0.0008567341770211456,0.012988281319849193,0.1414362322539091,0.0,0.0018075,4.0,0.04249999999999998,0.004827568176551722,0.06320097879506648,-0.0021305762347765267,2.543773220509138e-06,6.283577285159936e-07,23136.13825,1.0,22265.910738281247,6.756605532055237e-06,415.98930337585114,1856.0,1.0,,383,,,,,,,,
2.898897078000118,0.0013530830560970486,0.01103515639260877,0.1469552218914032,0.0,0.0017600000000000011,4.0,0.040000000000000036,0.009222056221915409,0.0642339838668704,0.001986828341614455,2.2206307903616107e-06,5.934804647722558e-07,23131.154250000003,1.0,22262.934183593752,6.756605532055237e-06,432.34166568444175,1856.0,1.0,,384,,,,,,,,
2.9180156239999633,0.00047582823378800043,0.0019287109462311491,0.14943774417042732,0.0,0.0017124999999999987,4.0,0.03749999999999998,0.007804949389537796,0.0603828658349812,0.0004359381855465472,1.9166722822205884e-06,6.768592548667129e-07,23136.13825,1.0,22272.811457031246,6.756605532055237e-06,408.95019716726597,1856.0,1.0,,385,,,,,,,,
2.9180157520004286,0.00032209061010934903,0.001782226565410383,0.14688840880990028,0.0,0.0016649999999999998,4.0,0.03500000000000003,0.006016923347488046,0.06070777750574052,-0.0012269614671822637,2.0386621528700744e-06,6.776376757500202e-07,23136.13825,1.0,22272.76919140625,6.756605532055237e-06,418.90646007065266,1856.0,1.0,,386,,,,,,,,
2.90401690499948,0.0004109124763091998,0.003662109447759576,0.14971529971808195,0.0,0.0016175000000000009,4.0,0.03249999999999997,0.010519545860006474,0.06404955498874187,0.0031367354677058756,2.2648584945272887e-06,8.385929604060038e-07,23126.93825,1.0,22225.6299453125,6.756605532055237e-06,433.3481683469687,1856.0,1.0,,387,,,,,,,,
2.888767624999673,0.0016332826426070923,0.018945312476716936,0.1487182890996337,0.0,0.001570000000000002,4.0,0.030000000000000027,0.009604874830984045,0.0626739973668009,0.0022668183082714677,1.9911416160312e-06,6.838993051871967e-07,23188.873,1.0,22280.559847656248,6.756605532055237e-06,414.9075444692602,1856.0,1.0,,388,,,,,,,,
2.9292642029995477,0.0016487656285502084,0.020288085972424597,0.14844926726073027,0.0,0.0015224999999999995,4.0,0.02749999999999997,0.005392944844061276,0.06818779371678829,-0.0019265225855633616,2.793737877482272e-06,1.0807314936300827e-06,23134.00225,1.0,22225.401828125003,6.756605532055237e-06,477.8979718622385,1856.0,1.0,,389,,,,,,,,
3.2137568010002724,0.0008485967821432183,0.007080078139551915,0.15632522571831942,0.0,0.0014750000000000006,4.0,0.025000000000000022,0.007281522233824944,0.0672064155805856,-0.00043636345071718097,2.746392993913105e-06,9.597113468373664e-07,23136.13825,1.0,22228.148675781253,6.756605532055237e-06,438.0270537471978,1856.0,1.0,0.41908976435661316,390,,,,,,,,
2.9156678480003393,0.001840209742248966,0.008227539161453024,0.15548534411936998,0.0,0.0014275000000000017,4.0,0.022499999999999964,0.005834581941599026,0.06760979257524014,-0.001843819161877036,2.244766868386705e-06,8.443132486490867e-07,23128.48225,1.0,22243.906421875,6.756605532055237e-06,419.185484069582,1856.0,1.0,,391,,,,,,,,
2.8967587340002865,0.001962229156305284,0.022070312756113708,0.1507130851969123,0.0,0.0013800000000000028,4.0,0.020000000000000018,0.0024702689406694844,0.06947802286595106,-0.004970488254912198,2.9677739377120815e-06,1.3715723952145709e-06,23136.13825,1.0,22196.81732421875,6.756605532055237e-06,407.97115155713504,1856.0,1.0,,392,,,,,,,,
2.943793820000792,0.0009985716753879714,0.01313476578798145,0.15752453170716763,0.0,0.0013325000000000004,4.0,0.01749999999999996,0.007344454046688043,0.06331738992594182,-0.00044871761929243803,3.216134089711886e-06,1.9861770610418716e-06,23130.61825,1.0,22206.05151171875,6.756605532055237e-06,419.24873776787877,1856.0,1.0,,393,,,,,,,,
2.905248309999479,0.0012264243135406971,0.010009765639551915,0.15236006304621696,0.0,0.0012850000000000014,4.0,0.015000000000000013,0.006637740816586302,0.06285001570358872,-0.0009004762687254697,2.7490798828466723e-06,1.4030364070549695e-06,23130.61825,1.0,22236.33667578125,6.756605532055237e-06,423.3828950108251,1856.0,1.0,,394,,,,,,,,
2.915859355000066,0.0009232673703625238,0.012036132829962298,0.15234393626451492,0.0,0.001237499999999999,4.0,0.012499999999999956,0.0028646173886954784,0.0646746710408479,-0.004673336166888475,2.957904328582117e-06,9.912763374586575e-07,23130.61825,1.0,22231.067734375,6.756605532055237e-06,432.66837934143405,1856.0,1.0,,395,,,,,,,,
3.0452742299994497,0.0011457208027376709,0.007861328194849193,0.14615600742399693,0.0,0.00119,4.0,0.010000000000000009,0.007476906961528584,0.06349552585743368,0.0002440122771076858,2.4315362310289856e-06,8.204449244431089e-07,23130.61825,1.0,22268.6387890625,6.756605532055237e-06,416.92826353130675,1856.0,1.0,,396,,,,,,,,
2.882123620999664,0.001421211650557197,0.012963867280632257,0.15752457827329636,0.0,0.0011425000000000012,4.0,0.007499999999999951,0.006884908233587339,0.06179366377182305,-0.0009213549783453345,2.190236763510711e-06,8.281300978296713e-07,23126.93825,1.0,22252.78551171875,6.756605532055237e-06,428.52388114820104,1856.0,1.0,,397,,,,,,,,
2.9213660519999394,0.0009768079728402768,0.00681152347533498,0.14786610566079617,0.0,0.0010950000000000022,4.0,0.0050000000000000044,0.011591707487241365,0.06311621726490557,0.00426677247742191,2.599207981290874e-06,9.636518782940584e-07,23130.61825,1.0,22266.5393984375,6.756605532055237e-06,414.0189002304795,1856.0,1.0,,398,,,,,,,,
2.8906429510007,0.0005129218904054156,0.006616210986976512,0.1477660983800888,0.0,0.0010474999999999998,4.0,0.0024999999999999467,0.004320145962992683,0.059713744558393955,-0.003006505168741569,2.8308142105970546e-06,1.2247630252204544e-06,23206.51225,1.0,22263.25009375,6.756605532055237e-06,411.7291863596646,1856.0,1.0,,399,,,,,,,,
3.216529215999799,0.0020936672296416603,0.018701172157307155,0.15287566278129816,0.0,0.0010000000000000009,4.0,0.0,0.00428063579602167,0.06095522572286427,-0.0033028512843884528,2.6490983771054744e-06,7.895868954221896e-07,23136.13825,1.0,22258.561851562503,6.756605532055237e-06,415.7273533833964,1856.0,1.0,0.39711692929267883,400,23211.84825,23136.13825,23126.93825,70000042,23072.080641666664,best_of_k,23136.13825,178.7332448205477
